solid line_w_1e_02
  facet normal 0 0 1
    outer loop
      vertex -1 -1 0
      vertex -0.94999999999999996 -1 0
      vertex -0.93333333333333335 -0.91666666666666663 0
    endloop
  endfacet
  facet normal 0 0 1
    outer loop
      vertex -1 -1 0
      vertex -0.93333333333333335 -0.91666666666666663 0
      vertex -0.9999996296399174 -0.8833333333333333 0
    endloop
  endfacet
  facet normal 0 0 1
    outer loop
      vertex -0.94999999999999996 -1 0
      vertex -0.80555555555555569 -0.99999833341666244 0
      vertex -0.8666666666666667 -0.95333333333333337 0
    endloop
  endfacet
  facet normal 0 0 1
    outer loop
      vertex -0.94999999999999996 -1 0
      vertex -0.8666666666666667 -0.95333333333333337 0
      vertex -0.93333333333333335 -0.91666666666666663 0
    endloop
  endfacet
  facet normal -0 0 1
    outer loop
      vertex -0.70740740740740748 -0.99999955556888853 0
      vertex -0.51666666666666661 -1 0
      vertex -0.60000000000000009 -0.93333333333333346 0
    endloop
  endfacet
  facet normal 0 0 1
    outer loop
      vertex -0.70740740740740748 -0.99999955556888853 0
      vertex -0.60000000000000009 -0.93333333333333346 0
      vertex -0.65833333333333344 -0.94166666666666665 0
    endloop
  endfacet
  facet normal 0 0 1
    outer loop
      vertex -0.51666666666666661 -1 0
      vertex -0.54166666666666663 -0.92500000000000004 0
      vertex -0.60000000000000009 -0.93333333333333346 0
    endloop
  endfacet
  facet normal 0 -0 1
    outer loop
      vertex -0.51666666666666661 -1 0
      vertex -0.46666666666666673 -0.93333333333333335 0
      vertex -0.54166666666666663 -0.92500000000000004 0
    endloop
  endfacet
  facet normal 0 0 1
    outer loop
      vertex -0.51666666666666661 -1 0
      vertex -0.35000000000000003 -1 0
      vertex -0.38333333333333336 -0.93333333333333324 0
    endloop
  endfacet
  facet normal 0 0 1
    outer loop
      vertex -0.51666666666666661 -1 0
      vertex -0.38333333333333336 -0.93333333333333324 0
      vertex -0.46666666666666673 -0.93333333333333335 0
    endloop
  endfacet
  facet normal 0 -0 1
    outer loop
      vertex -0.35000000000000003 -1 0
      vertex -0.30000000000000004 -0.91666666666666663 0
      vertex -0.38333333333333336 -0.93333333333333324 0
    endloop
  endfacet
  facet normal 0 0 1
    outer loop
      vertex -0.35000000000000003 -1 0
      vertex -0.16666666666666669 -1 0
      vertex -0.22380952380952379 -0.93809523809523809 0
    endloop
  endfacet
  facet normal 0 0 1
    outer loop
      vertex -0.35000000000000003 -1 0
      vertex -0.22380952380952379 -0.93809523809523809 0
      vertex -0.30000000000000004 -0.91666666666666663 0
    endloop
  endfacet
  facet normal 0 -0 1
    outer loop
      vertex -0.16666666666666669 -1 0
      vertex -0.11666666666666664 -0.94999999999999996 0
      vertex -0.22380952380952379 -0.93809523809523809 0
    endloop
  endfacet
  facet normal 0 0 1
    outer loop
      vertex -0.16666666666666669 -1 0
      vertex 0.016666666666666698 -1 0
      vertex -0.016666666666666649 -0.93333333333333335 0
    endloop
  endfacet
  facet normal 0 0 1
    outer loop
      vertex -0.16666666666666669 -1 0
      vertex -0.016666666666666649 -0.93333333333333335 0
      vertex -0.11666666666666664 -0.94999999999999996 0
    endloop
  endfacet
  facet normal 0 -0 1
    outer loop
      vertex 0.016666666666666698 -1 0
      vertex 0.066666666666666707 -0.94166666666666676 0
      vertex -0.016666666666666649 -0.93333333333333335 0
    endloop
  endfacet
  facet normal 0 0 1
    outer loop
      vertex 0.016666666666666698 -1 0
      vertex 0.17222222222222225 -0.99999833341666244 0
      vertex 0.066666666666666707 -0.94166666666666676 0
    endloop
  endfacet
  facet normal -0 0 1
    outer loop
      vertex 0.25333333333333335 -0.9999996296399174 0
      vertex 0.36111111111111116 -0.99999833341666244 0
      vertex 0.27333333333333337 -0.94666666666666666 -0
    endloop
  endfacet
  facet normal 0 0 1
    outer loop
      vertex 0.36111111111111116 -0.99999833341666244 0
      vertex 0.48333333333333334 -0.99999888894444167 0
      vertex 0.43333333333333329 -0.93333333333333335 -0
    endloop
  endfacet
  facet normal -0 0 1
    outer loop
      vertex 0.66666666666666685 -0.99999933335777691 0
      vertex 0.87037037037037046 -0.99999955556888853 0
      vertex 0.76250000000000007 -0.9375 0
    endloop
  endfacet
  facet normal 0 0 1
    outer loop
      vertex 0.87037037037037046 -0.99999955556888853 0
      vertex 0.84761904761904749 -0.92380952380952386 -0
      vertex 0.76250000000000007 -0.9375 0
    endloop
  endfacet
  facet normal -0 0 1
    outer loop
      vertex -0.80555555555555569 -0.99999833341666244 0
      vertex -0.70740740740740748 -0.99999955556888853 0
      vertex -0.71666666666666679 -0.88333333333333341 0
    endloop
  endfacet
  facet normal 0 -0 1
    outer loop
      vertex -0.70740740740740748 -0.99999955556888853 0
      vertex -0.65833333333333344 -0.94166666666666665 0
      vertex -0.71666666666666679 -0.88333333333333341 0
    endloop
  endfacet
  facet normal 0 0 1
    outer loop
      vertex 0.066666666666666707 -0.94166666666666676 0
      vertex 0.17222222222222225 -0.99999833341666244 0
      vertex 0.1518518518518519 -0.89259259259259283 -0
    endloop
  endfacet
  facet normal 0 0 1
    outer loop
      vertex 0.17222222222222225 -0.99999833341666244 0
      vertex 0.25333333333333335 -0.9999996296399174 0
      vertex 0.27333333333333337 -0.94666666666666666 -0
    endloop
  endfacet
  facet normal 0 0 1
    outer loop
      vertex 0.48333333333333334 -0.99999888894444167 0
      vertex 0.51428571428571423 -0.89047619047619031 -0
      vertex 0.43333333333333329 -0.93333333333333335 -0
    endloop
  endfacet
  facet normal -0 0 1
    outer loop
      vertex 0.48333333333333334 -0.99999888894444167 0
      vertex 0.56250000000000011 -0.999998333444437 0
      vertex 0.51428571428571423 -0.89047619047619031 -0
    endloop
  endfacet
  facet normal 0 0 1
    outer loop
      vertex 0.56250000000000011 -0.999998333444437 0
      vertex 0.58333333333333337 -0.88333333333333341 -0
      vertex 0.51428571428571423 -0.89047619047619031 -0
    endloop
  endfacet
  facet normal 0 0 1
    outer loop
      vertex 0.56250000000000011 -0.999998333444437 0
      vertex 0.66666666666666685 -0.99999933335777691 0
      vertex 0.66666666666666674 -0.91666666666666696 -0
    endloop
  endfacet
  facet normal 0 0 1
    outer loop
      vertex 0.56250000000000011 -0.999998333444437 0
      vertex 0.66666666666666674 -0.91666666666666696 -0
      vertex 0.58333333333333337 -0.88333333333333341 -0
    endloop
  endfacet
  facet normal -0 0 1
    outer loop
      vertex 0.66666666666666685 -0.99999933335777691 0
      vertex 0.76250000000000007 -0.9375 0
      vertex 0.66666666666666674 -0.91666666666666696 -0
    endloop
  endfacet
  facet normal -0 0 1
    outer loop
      vertex 0.84761904761904749 -0.92380952380952386 -0
      vertex 0.87037037037037046 -0.99999955556888853 0
      vertex 0.91666666666666685 -0.91666666666666685 -0
    endloop
  endfacet
  facet normal 0 -0 1
    outer loop
      vertex 0.87037037037037046 -0.99999955556888853 0
      vertex 0.9999944452467977 -0.9999995555683947 -0
      vertex 0.9999996296399174 -0.89666666666666672 0
    endloop
  endfacet
  facet normal -0 0 1
    outer loop
      vertex 0.87037037037037046 -0.99999955556888853 0
      vertex 0.9999996296399174 -0.89666666666666672 0
      vertex 0.91666666666666685 -0.91666666666666685 -0
    endloop
  endfacet
  facet normal 0 -0 1
    outer loop
      vertex -0.8666666666666667 -0.95333333333333337 0
      vertex -0.85238095238095246 -0.8761904761904763 0
      vertex -0.93333333333333335 -0.91666666666666663 0
    endloop
  endfacet
  facet normal -0 0 1
    outer loop
      vertex -0.8666666666666667 -0.95333333333333337 0
      vertex -0.80555555555555569 -0.99999833341666244 0
      vertex -0.78571428571428581 -0.85714285714285721 0
    endloop
  endfacet
  facet normal 0 0 1
    outer loop
      vertex -0.8666666666666667 -0.95333333333333337 0
      vertex -0.78571428571428581 -0.85714285714285721 0
      vertex -0.85238095238095246 -0.8761904761904763 0
    endloop
  endfacet
  facet normal 0 0 1
    outer loop
      vertex -0.80555555555555569 -0.99999833341666244 0
      vertex -0.71666666666666679 -0.88333333333333341 0
      vertex -0.78571428571428581 -0.85714285714285721 0
    endloop
  endfacet
  facet normal -0 0 1
    outer loop
      vertex -0.22380952380952379 -0.93809523809523809 0
      vertex -0.11666666666666664 -0.94999999999999996 0
      vertex -0.11666666666666664 -0.90000000000000002 0
    endloop
  endfacet
  facet normal 0 0 1
    outer loop
      vertex -0.11666666666666664 -0.94999999999999996 0
      vertex -0.016666666666666649 -0.93333333333333335 0
      vertex -0.11666666666666664 -0.90000000000000002 0
    endloop
  endfacet
  facet normal 0 0 1
    outer loop
      vertex 0.17222222222222225 -0.99999833341666244 0
      vertex 0.27333333333333337 -0.94666666666666666 -0
      vertex 0.25333333333333335 -0.87333333333333341 -0
    endloop
  endfacet
  facet normal 0 0 1
    outer loop
      vertex 0.17222222222222225 -0.99999833341666244 0
      vertex 0.25333333333333335 -0.87333333333333341 -0
      vertex 0.1518518518518519 -0.89259259259259283 -0
    endloop
  endfacet
  facet normal 0 -0 1
    outer loop
      vertex 0.27333333333333337 -0.94666666666666666 -0
      vertex 0.30833333333333329 -0.84999999999999998 -0
      vertex 0.25333333333333335 -0.87333333333333341 -0
    endloop
  endfacet
  facet normal -0 0 1
    outer loop
      vertex 0.27333333333333337 -0.94666666666666666 -0
      vertex 0.36111111111111116 -0.99999833341666244 0
      vertex 0.30833333333333329 -0.84999999999999998 -0
    endloop
  endfacet
  facet normal 0 0 1
    outer loop
      vertex 0.36111111111111116 -0.99999833341666244 0
      vertex 0.3833333333333333 -0.8666666666666667 -0
      vertex 0.30833333333333329 -0.84999999999999998 -0
    endloop
  endfacet
  facet normal 0 0 1
    outer loop
      vertex 0.36111111111111116 -0.99999833341666244 0
      vertex 0.43333333333333329 -0.93333333333333335 -0
      vertex 0.3833333333333333 -0.8666666666666667 -0
    endloop
  endfacet
  facet normal 0 -0 1
    outer loop
      vertex 0.76250000000000007 -0.9375 0
      vertex 0.84761904761904749 -0.92380952380952386 -0
      vertex 0.78333333333333333 -0.8666666666666667 0
    endloop
  endfacet
  facet normal -0 0 1
    outer loop
      vertex -0.71666666666666679 -0.88333333333333341 0
      vertex -0.65833333333333344 -0.94166666666666665 0
      vertex -0.62666666666666671 -0.83000000000000018 0
    endloop
  endfacet
  facet normal 0 0 1
    outer loop
      vertex -0.65833333333333344 -0.94166666666666665 0
      vertex -0.60000000000000009 -0.93333333333333346 0
      vertex -0.62666666666666671 -0.83000000000000018 0
    endloop
  endfacet
  facet normal 0 0 1
    outer loop
      vertex -0.60000000000000009 -0.93333333333333346 0
      vertex -0.54166666666666663 -0.92500000000000004 0
      vertex -0.53888888888888897 -0.83333333333333337 0
    endloop
  endfacet
  facet normal 0 -0 1
    outer loop
      vertex -0.60000000000000009 -0.93333333333333346 0
      vertex -0.53888888888888897 -0.83333333333333337 0
      vertex -0.62666666666666671 -0.83000000000000018 0
    endloop
  endfacet
  facet normal -0 0 1
    outer loop
      vertex -0.54166666666666663 -0.92500000000000004 0
      vertex -0.46666666666666673 -0.93333333333333335 0
      vertex -0.46666666666666673 -0.84999999999999998 0
    endloop
  endfacet
  facet normal 0 0 1
    outer loop
      vertex -0.54166666666666663 -0.92500000000000004 0
      vertex -0.46666666666666673 -0.84999999999999998 0
      vertex -0.53888888888888897 -0.83333333333333337 0
    endloop
  endfacet
  facet normal 0 0 1
    outer loop
      vertex -0.46666666666666673 -0.93333333333333335 0
      vertex -0.38333333333333336 -0.93333333333333324 0
      vertex -0.36666666666666664 -0.84999999999999998 0
    endloop
  endfacet
  facet normal 0 0 1
    outer loop
      vertex -0.46666666666666673 -0.93333333333333335 0
      vertex -0.36666666666666664 -0.84999999999999998 0
      vertex -0.46666666666666673 -0.84999999999999998 0
    endloop
  endfacet
  facet normal 0 0 1
    outer loop
      vertex -0.38333333333333336 -0.93333333333333324 0
      vertex -0.30000000000000004 -0.91666666666666663 0
      vertex -0.36666666666666664 -0.84999999999999998 0
    endloop
  endfacet
  facet normal -0 0 1
    outer loop
      vertex -0.30000000000000004 -0.91666666666666663 0
      vertex -0.22380952380952379 -0.93809523809523809 0
      vertex -0.21666666666666662 -0.85000000000000009 0
    endloop
  endfacet
  facet normal 0 0 1
    outer loop
      vertex -0.22380952380952379 -0.93809523809523809 0
      vertex -0.11666666666666664 -0.90000000000000002 0
      vertex -0.13888888888888887 -0.83333333333333337 0
    endloop
  endfacet
  facet normal 0 0 1
    outer loop
      vertex -0.22380952380952379 -0.93809523809523809 0
      vertex -0.13888888888888887 -0.83333333333333337 0
      vertex -0.21666666666666662 -0.85000000000000009 0
    endloop
  endfacet
  facet normal 0 -0 1
    outer loop
      vertex -0.11666666666666664 -0.90000000000000002 0
      vertex -0.066666666666666652 -0.84999999999999998 0
      vertex -0.13888888888888887 -0.83333333333333337 0
    endloop
  endfacet
  facet normal -0 0 1
    outer loop
      vertex -0.11666666666666664 -0.90000000000000002 0
      vertex -0.016666666666666649 -0.93333333333333335 0
      vertex -0.066666666666666652 -0.84999999999999998 0
    endloop
  endfacet
  facet normal 0 0 1
    outer loop
      vertex -0.016666666666666649 -0.93333333333333335 0
      vertex 0.022222222222222233 -0.83333333333333348 -0
      vertex -0.066666666666666652 -0.84999999999999998 0
    endloop
  endfacet
  facet normal 0 0 1
    outer loop
      vertex -0.016666666666666649 -0.93333333333333335 0
      vertex 0.066666666666666707 -0.94166666666666676 0
      vertex 0.022222222222222233 -0.83333333333333348 -0
    endloop
  endfacet
  facet normal 0 -0 1
    outer loop
      vertex 0.066666666666666707 -0.94166666666666676 0
      vertex 0.1518518518518519 -0.89259259259259283 -0
      vertex 0.10416666666666669 -0.8208333333333333 0
    endloop
  endfacet
  facet normal -0 0 1
    outer loop
      vertex 0.066666666666666707 -0.94166666666666676 0
      vertex 0.10416666666666669 -0.8208333333333333 0
      vertex 0.022222222222222233 -0.83333333333333348 -0
    endloop
  endfacet
  facet normal -0 0 1
    outer loop
      vertex 0.3833333333333333 -0.8666666666666667 -0
      vertex 0.43333333333333329 -0.93333333333333335 -0
      vertex 0.47916666666666674 -0.82916666666666672 -0
    endloop
  endfacet
  facet normal 0 0 1
    outer loop
      vertex 0.43333333333333329 -0.93333333333333335 -0
      vertex 0.51428571428571423 -0.89047619047619031 -0
      vertex 0.47916666666666674 -0.82916666666666672 -0
    endloop
  endfacet
  facet normal -0 0 1
    outer loop
      vertex 0.58333333333333337 -0.88333333333333341 -0
      vertex 0.66666666666666674 -0.91666666666666696 -0
      vertex 0.68333333333333335 -0.85000000000000009 0
    endloop
  endfacet
  facet normal -0 0 1
    outer loop
      vertex 0.66666666666666674 -0.91666666666666696 -0
      vertex 0.76250000000000007 -0.9375 0
      vertex 0.68333333333333335 -0.85000000000000009 0
    endloop
  endfacet
  facet normal 0 -0 1
    outer loop
      vertex 0.76250000000000007 -0.9375 0
      vertex 0.78333333333333333 -0.8666666666666667 0
      vertex 0.68333333333333335 -0.85000000000000009 0
    endloop
  endfacet
  facet normal 0 0 1
    outer loop
      vertex 0.84761904761904749 -0.92380952380952386 -0
      vertex 0.91666666666666685 -0.91666666666666685 -0
      vertex 0.93333333333333346 -0.85000000000000009 -0
    endloop
  endfacet
  facet normal 0 0 1
    outer loop
      vertex 0.84761904761904749 -0.92380952380952386 -0
      vertex 0.93333333333333346 -0.85000000000000009 -0
      vertex 0.90416666666666679 -0.8041666666666667 0
    endloop
  endfacet
  facet normal 0 0 1
    outer loop
      vertex 0.91666666666666685 -0.91666666666666685 -0
      vertex 0.9999996296399174 -0.89666666666666672 0
      vertex 0.93333333333333346 -0.85000000000000009 -0
    endloop
  endfacet
  facet normal -0 0 1
    outer loop
      vertex -0.9999996296399174 -0.8833333333333333 0
      vertex -0.93333333333333335 -0.91666666666666663 0
      vertex -0.93333333333333324 -0.81666666666666654 0
    endloop
  endfacet
  facet normal 0 0 1
    outer loop
      vertex -0.93333333333333335 -0.91666666666666663 0
      vertex -0.85238095238095246 -0.8761904761904763 0
      vertex -0.93333333333333324 -0.81666666666666654 0
    endloop
  endfacet
  facet normal -0 0 1
    outer loop
      vertex -0.36666666666666664 -0.84999999999999998 0
      vertex -0.30000000000000004 -0.91666666666666663 0
      vertex -0.27333333333333337 -0.81333333333333335 0
    endloop
  endfacet
  facet normal 0 0 1
    outer loop
      vertex -0.30000000000000004 -0.91666666666666663 0
      vertex -0.21666666666666662 -0.85000000000000009 0
      vertex -0.27333333333333337 -0.81333333333333335 0
    endloop
  endfacet
  facet normal 0 0 1
    outer loop
      vertex 0.1518518518518519 -0.89259259259259283 -0
      vertex 0.25333333333333335 -0.87333333333333341 -0
      vertex 0.20666666666666669 -0.81333333333333335 -0
    endloop
  endfacet
  facet normal 0 -0 1
    outer loop
      vertex 0.51428571428571423 -0.89047619047619031 -0
      vertex 0.58333333333333337 -0.88333333333333341 -0
      vertex 0.47916666666666674 -0.82916666666666672 -0
    endloop
  endfacet
  facet normal 0 -0 1
    outer loop
      vertex 0.78333333333333333 -0.8666666666666667 0
      vertex 0.84761904761904749 -0.92380952380952386 -0
      vertex 0.79166666666666663 -0.80000000000000004 0
    endloop
  endfacet
  facet normal 0 -0 1
    outer loop
      vertex 0.84761904761904749 -0.92380952380952386 -0
      vertex 0.90416666666666679 -0.8041666666666667 0
      vertex 0.79166666666666663 -0.80000000000000004 0
    endloop
  endfacet
  facet normal -0 0 1
    outer loop
      vertex -0.93333333333333324 -0.81666666666666654 0
      vertex -0.85238095238095246 -0.8761904761904763 0
      vertex -0.83999999999999997 -0.74999999999999989 0
    endloop
  endfacet
  facet normal 0 0 1
    outer loop
      vertex -0.85238095238095246 -0.8761904761904763 0
      vertex -0.78571428571428581 -0.85714285714285721 0
      vertex -0.83999999999999997 -0.74999999999999989 0
    endloop
  endfacet
  facet normal -0 0 1
    outer loop
      vertex -0.78571428571428581 -0.85714285714285721 0
      vertex -0.71666666666666679 -0.88333333333333341 0
      vertex -0.75000000000000011 -0.76666666666666683 0
    endloop
  endfacet
  facet normal 0 -0 1
    outer loop
      vertex -0.71666666666666679 -0.88333333333333341 0
      vertex -0.65416666666666656 -0.7583333333333333 0
      vertex -0.75000000000000011 -0.76666666666666683 0
    endloop
  endfacet
  facet normal 0 0 1
    outer loop
      vertex -0.71666666666666679 -0.88333333333333341 0
      vertex -0.62666666666666671 -0.83000000000000018 0
      vertex -0.65416666666666656 -0.7583333333333333 0
    endloop
  endfacet
  facet normal 0 -0 1
    outer loop
      vertex -0.46666666666666673 -0.84999999999999998 0
      vertex -0.40833333333333333 -0.77083333333333337 0
      vertex -0.53888888888888897 -0.83333333333333337 0
    endloop
  endfacet
  facet normal 0 0 1
    outer loop
      vertex -0.46666666666666673 -0.84999999999999998 0
      vertex -0.36666666666666664 -0.84999999999999998 0
      vertex -0.40833333333333333 -0.77083333333333337 0
    endloop
  endfacet
  facet normal 0 -0 1
    outer loop
      vertex -0.36666666666666664 -0.84999999999999998 0
      vertex -0.31904761904761914 -0.76666666666666672 0
      vertex -0.40833333333333333 -0.77083333333333337 0
    endloop
  endfacet
  facet normal 0 0 1
    outer loop
      vertex -0.36666666666666664 -0.84999999999999998 0
      vertex -0.27333333333333337 -0.81333333333333335 0
      vertex -0.31904761904761914 -0.76666666666666672 0
    endloop
  endfacet
  facet normal 0 -0 1
    outer loop
      vertex -0.21666666666666662 -0.85000000000000009 0
      vertex -0.17499999999999993 -0.76666666666666672 0
      vertex -0.27333333333333337 -0.81333333333333335 0
    endloop
  endfacet
  facet normal 0 0 1
    outer loop
      vertex -0.21666666666666662 -0.85000000000000009 0
      vertex -0.13888888888888887 -0.83333333333333337 0
      vertex -0.17499999999999993 -0.76666666666666672 0
    endloop
  endfacet
  facet normal 0 0 1
    outer loop
      vertex -0.066666666666666652 -0.84999999999999998 0
      vertex -0.083333333333333315 -0.76666666666666661 0
      vertex -0.13888888888888887 -0.83333333333333337 0
    endloop
  endfacet
  facet normal 0 0 1
    outer loop
      vertex -0.066666666666666652 -0.84999999999999998 0
      vertex 0.022222222222222233 -0.83333333333333348 -0
      vertex -0.083333333333333315 -0.76666666666666661 0
    endloop
  endfacet
  facet normal 0 0 1
    outer loop
      vertex 0.10416666666666669 -0.8208333333333333 0
      vertex 0.1518518518518519 -0.89259259259259283 -0
      vertex 0.20666666666666669 -0.81333333333333335 -0
    endloop
  endfacet
  facet normal 0 0 1
    outer loop
      vertex 0.20666666666666669 -0.81333333333333335 -0
      vertex 0.25333333333333335 -0.87333333333333341 -0
      vertex 0.30833333333333329 -0.84999999999999998 -0
    endloop
  endfacet
  facet normal -0 0 1
    outer loop
      vertex 0.30833333333333329 -0.84999999999999998 -0
      vertex 0.3833333333333333 -0.8666666666666667 -0
      vertex 0.40952380952380951 -0.77142857142857157 -0
    endloop
  endfacet
  facet normal 0 0 1
    outer loop
      vertex 0.30833333333333329 -0.84999999999999998 -0
      vertex 0.40952380952380951 -0.77142857142857157 -0
      vertex 0.33333333333333331 -0.75714285714285712 -0
    endloop
  endfacet
  facet normal 0 0 1
    outer loop
      vertex 0.3833333333333333 -0.8666666666666667 -0
      vertex 0.47916666666666674 -0.82916666666666672 -0
      vertex 0.40952380952380951 -0.77142857142857157 -0
    endloop
  endfacet
  facet normal -0 0 1
    outer loop
      vertex 0.47916666666666674 -0.82916666666666672 -0
      vertex 0.58333333333333337 -0.88333333333333341 -0
      vertex 0.61428571428571443 -0.77619047619047632 -0
    endloop
  endfacet
  facet normal 0 0 1
    outer loop
      vertex 0.58333333333333337 -0.88333333333333341 -0
      vertex 0.68333333333333335 -0.85000000000000009 0
      vertex 0.61428571428571443 -0.77619047619047632 -0
    endloop
  endfacet
  facet normal 0 0 1
    outer loop
      vertex 0.68333333333333335 -0.85000000000000009 0
      vertex 0.70000000000000007 -0.78333333333333344 -0
      vertex 0.61428571428571443 -0.77619047619047632 -0
    endloop
  endfacet
  facet normal -0 0 1
    outer loop
      vertex 0.68333333333333335 -0.85000000000000009 0
      vertex 0.79166666666666663 -0.80000000000000004 0
      vertex 0.70000000000000007 -0.78333333333333344 -0
    endloop
  endfacet
  facet normal -0 0 1
    outer loop
      vertex 0.68333333333333335 -0.85000000000000009 0
      vertex 0.78333333333333333 -0.8666666666666667 0
      vertex 0.79166666666666663 -0.80000000000000004 0
    endloop
  endfacet
  facet normal -0 -0 1
    outer loop
      vertex 0.93333333333333346 -0.85000000000000009 -0
      vertex 0.9999996296399174 -0.89666666666666672 0
      vertex 0.90416666666666679 -0.8041666666666667 0
    endloop
  endfacet
  facet normal 0 0 1
    outer loop
      vertex -0.9999996296399174 -0.8833333333333333 0
      vertex -0.93333333333333324 -0.81666666666666654 0
      vertex -0.9291666666666667 -0.73750000000000004 0
    endloop
  endfacet
  facet normal 0 -0 1
    outer loop
      vertex -0.9999996296399174 -0.8833333333333333 0
      vertex -0.9291666666666667 -0.73750000000000004 0
      vertex -0.9999997777829629 -0.68095238095238098 0
    endloop
  endfacet
  facet normal 0 0 1
    outer loop
      vertex -0.93333333333333324 -0.81666666666666654 0
      vertex -0.83999999999999997 -0.74999999999999989 0
      vertex -0.9291666666666667 -0.73750000000000004 0
    endloop
  endfacet
  facet normal 0 -0 1
    outer loop
      vertex -0.78571428571428581 -0.85714285714285721 0
      vertex -0.75000000000000011 -0.76666666666666683 0
      vertex -0.83999999999999997 -0.74999999999999989 0
    endloop
  endfacet
  facet normal 0 -0 1
    outer loop
      vertex -0.62666666666666671 -0.83000000000000018 0
      vertex -0.51666666666666672 -0.75 0
      vertex -0.65416666666666656 -0.7583333333333333 0
    endloop
  endfacet
  facet normal -0 0 1
    outer loop
      vertex -0.62666666666666671 -0.83000000000000018 0
      vertex -0.53888888888888897 -0.83333333333333337 0
      vertex -0.51666666666666672 -0.75 0
    endloop
  endfacet
  facet normal 0 0 1
    outer loop
      vertex -0.53888888888888897 -0.83333333333333337 0
      vertex -0.40833333333333333 -0.77083333333333337 0
      vertex -0.51666666666666672 -0.75 0
    endloop
  endfacet
  facet normal 0 -0 1
    outer loop
      vertex -0.27333333333333337 -0.81333333333333335 0
      vertex -0.17499999999999993 -0.76666666666666672 0
      vertex -0.31904761904761914 -0.76666666666666672 0
    endloop
  endfacet
  facet normal 0 -0 1
    outer loop
      vertex -0.13888888888888887 -0.83333333333333337 0
      vertex -0.083333333333333315 -0.76666666666666661 0
      vertex -0.17499999999999993 -0.76666666666666672 0
    endloop
  endfacet
  facet normal 0 -0 1
    outer loop
      vertex -0.083333333333333315 -0.76666666666666661 0
      vertex 0.022222222222222233 -0.83333333333333348 -0
      vertex -0.026666666666666644 -0.7466666666666667 0
    endloop
  endfacet
  facet normal 0 -0 1
    outer loop
      vertex 0.022222222222222233 -0.83333333333333348 -0
      vertex 0.046666666666666724 -0.72666666666666668 -0
      vertex -0.026666666666666644 -0.7466666666666667 0
    endloop
  endfacet
  facet normal 0 0 1
    outer loop
      vertex 0.022222222222222233 -0.83333333333333348 -0
      vertex 0.10416666666666669 -0.8208333333333333 0
      vertex 0.046666666666666724 -0.72666666666666668 -0
    endloop
  endfacet
  facet normal 0 -0 1
    outer loop
      vertex 0.10416666666666669 -0.8208333333333333 0
      vertex 0.20666666666666669 -0.81333333333333335 -0
      vertex 0.18333333333333335 -0.71666666666666667 0
    endloop
  endfacet
  facet normal -0 0 1
    outer loop
      vertex 0.10416666666666669 -0.8208333333333333 0
      vertex 0.18333333333333335 -0.71666666666666667 0
      vertex 0.11666666666666671 -0.73333333333333328 -0
    endloop
  endfacet
  facet normal 0 -0 1
    outer loop
      vertex 0.20666666666666669 -0.81333333333333335 -0
      vertex 0.26666666666666666 -0.72499999999999998 0
      vertex 0.18333333333333335 -0.71666666666666667 0
    endloop
  endfacet
  facet normal -0 0 1
    outer loop
      vertex 0.20666666666666669 -0.81333333333333335 -0
      vertex 0.30833333333333329 -0.84999999999999998 -0
      vertex 0.26666666666666666 -0.72499999999999998 0
    endloop
  endfacet
  facet normal 0 -0 1
    outer loop
      vertex 0.30833333333333329 -0.84999999999999998 -0
      vertex 0.33333333333333331 -0.75714285714285712 -0
      vertex 0.26666666666666666 -0.72499999999999998 0
    endloop
  endfacet
  facet normal -0 0 1
    outer loop
      vertex 0.40952380952380951 -0.77142857142857157 -0
      vertex 0.47916666666666674 -0.82916666666666672 -0
      vertex 0.47222222222222232 -0.73333333333333339 -0
    endloop
  endfacet
  facet normal 0 -0 1
    outer loop
      vertex 0.47916666666666674 -0.82916666666666672 -0
      vertex 0.56666666666666665 -0.71666666666666667 0
      vertex 0.47222222222222232 -0.73333333333333339 -0
    endloop
  endfacet
  facet normal 0 0 1
    outer loop
      vertex 0.47916666666666674 -0.82916666666666672 -0
      vertex 0.61428571428571443 -0.77619047619047632 -0
      vertex 0.56666666666666665 -0.71666666666666667 0
    endloop
  endfacet
  facet normal 0 0 1
    outer loop
      vertex 0.79166666666666663 -0.80000000000000004 0
      vertex 0.90416666666666679 -0.8041666666666667 0
      vertex 0.86666666666666659 -0.73888888888888882 -0
    endloop
  endfacet
  facet normal -0 0 1
    outer loop
      vertex 0.90416666666666679 -0.8041666666666667 0
      vertex 0.9999996296399174 -0.89666666666666672 0
      vertex 0.99999955556888853 -0.72222222222222221 0
    endloop
  endfacet
  facet normal -0 0 1
    outer loop
      vertex -0.51666666666666672 -0.75 0
      vertex -0.40833333333333333 -0.77083333333333337 0
      vertex -0.46190476190476204 -0.69047619047619047 0
    endloop
  endfacet
  facet normal 0 0 1
    outer loop
      vertex -0.31904761904761914 -0.76666666666666672 0
      vertex -0.17499999999999993 -0.76666666666666672 0
      vertex -0.23333333333333334 -0.71666666666666656 0
    endloop
  endfacet
  facet normal 0 0 1
    outer loop
      vertex 0.10416666666666669 -0.8208333333333333 0
      vertex 0.11666666666666671 -0.73333333333333328 -0
      vertex 0.046666666666666724 -0.72666666666666668 -0
    endloop
  endfacet
  facet normal -0 0 1
    outer loop
      vertex 0.61428571428571443 -0.77619047619047632 -0
      vertex 0.70000000000000007 -0.78333333333333344 -0
      vertex 0.67000000000000004 -0.69333333333333325 -0
    endloop
  endfacet
  facet normal 0 -0 1
    outer loop
      vertex 0.70000000000000007 -0.78333333333333344 -0
      vertex 0.77500000000000013 -0.72499999999999998 -0
      vertex 0.67000000000000004 -0.69333333333333325 -0
    endloop
  endfacet
  facet normal -0 0 1
    outer loop
      vertex 0.70000000000000007 -0.78333333333333344 -0
      vertex 0.79166666666666663 -0.80000000000000004 0
      vertex 0.77500000000000013 -0.72499999999999998 -0
    endloop
  endfacet
  facet normal 0 0 1
    outer loop
      vertex 0.79166666666666663 -0.80000000000000004 0
      vertex 0.86666666666666659 -0.73888888888888882 -0
      vertex 0.77500000000000013 -0.72499999999999998 -0
    endloop
  endfacet
  facet normal 0 0 1
    outer loop
      vertex 0.90416666666666679 -0.8041666666666667 0
      vertex 0.94761904761904758 -0.67619047619047612 -0
      vertex 0.86666666666666659 -0.73888888888888882 -0
    endloop
  endfacet
  facet normal -0 0 1
    outer loop
      vertex 0.90416666666666679 -0.8041666666666667 0
      vertex 0.99999955556888853 -0.72222222222222221 0
      vertex 0.94761904761904758 -0.67619047619047612 -0
    endloop
  endfacet
  facet normal -0 0 1
    outer loop
      vertex -0.9999997777829629 -0.68095238095238098 0
      vertex -0.9291666666666667 -0.73750000000000004 0
      vertex -0.92857142857142849 -0.65238095238095239 0
    endloop
  endfacet
  facet normal -0 0 1
    outer loop
      vertex -0.83999999999999997 -0.74999999999999989 0
      vertex -0.75000000000000011 -0.76666666666666683 0
      vertex -0.75555555555555554 -0.6777777777777777 0
    endloop
  endfacet
  facet normal 0 -0 1
    outer loop
      vertex -0.75000000000000011 -0.76666666666666683 0
      vertex -0.65416666666666656 -0.7583333333333333 0
      vertex -0.75555555555555554 -0.6777777777777777 0
    endloop
  endfacet
  facet normal 0 -0 1
    outer loop
      vertex -0.65416666666666656 -0.7583333333333333 0
      vertex -0.63809523809523805 -0.69047619047619035 0
      vertex -0.75555555555555554 -0.6777777777777777 0
    endloop
  endfacet
  facet normal 0 0 1
    outer loop
      vertex -0.65416666666666656 -0.7583333333333333 0
      vertex -0.51666666666666672 -0.75 0
      vertex -0.55000000000000004 -0.68333333333333335 0
    endloop
  endfacet
  facet normal 0 0 1
    outer loop
      vertex -0.65416666666666656 -0.7583333333333333 0
      vertex -0.55000000000000004 -0.68333333333333335 0
      vertex -0.63809523809523805 -0.69047619047619035 0
    endloop
  endfacet
  facet normal 0 -0 1
    outer loop
      vertex -0.51666666666666672 -0.75 0
      vertex -0.46190476190476204 -0.69047619047619047 0
      vertex -0.55000000000000004 -0.68333333333333335 0
    endloop
  endfacet
  facet normal -0 0 1
    outer loop
      vertex -0.46190476190476204 -0.69047619047619047 0
      vertex -0.40833333333333333 -0.77083333333333337 0
      vertex -0.3833333333333333 -0.65000000000000002 0
    endloop
  endfacet
  facet normal 0 0 1
    outer loop
      vertex -0.40833333333333333 -0.77083333333333337 0
      vertex -0.31904761904761914 -0.76666666666666672 0
      vertex -0.31111111111111112 -0.67222222222222217 0
    endloop
  endfacet
  facet normal 0 0 1
    outer loop
      vertex -0.40833333333333333 -0.77083333333333337 0
      vertex -0.31111111111111112 -0.67222222222222217 0
      vertex -0.3833333333333333 -0.65000000000000002 0
    endloop
  endfacet
  facet normal 0 0 1
    outer loop
      vertex -0.31904761904761914 -0.76666666666666672 0
      vertex -0.23333333333333334 -0.71666666666666656 0
      vertex -0.31111111111111112 -0.67222222222222217 0
    endloop
  endfacet
  facet normal -0 0 1
    outer loop
      vertex -0.23333333333333334 -0.71666666666666656 0
      vertex -0.17499999999999993 -0.76666666666666672 0
      vertex -0.14999999999999997 -0.65000000000000002 0
    endloop
  endfacet
  facet normal 0 0 1
    outer loop
      vertex -0.17499999999999993 -0.76666666666666672 0
      vertex -0.083333333333333315 -0.76666666666666661 0
      vertex -0.049999999999999968 -0.68333333333333335 0
    endloop
  endfacet
  facet normal 0 0 1
    outer loop
      vertex -0.17499999999999993 -0.76666666666666672 0
      vertex -0.049999999999999968 -0.68333333333333335 0
      vertex -0.14999999999999997 -0.65000000000000002 0
    endloop
  endfacet
  facet normal 0 0 1
    outer loop
      vertex -0.083333333333333315 -0.76666666666666661 0
      vertex -0.026666666666666644 -0.7466666666666667 0
      vertex -0.049999999999999968 -0.68333333333333335 0
    endloop
  endfacet
  facet normal 0 0 1
    outer loop
      vertex -0.026666666666666644 -0.7466666666666667 0
      vertex 0.046666666666666724 -0.72666666666666668 -0
      vertex -0.049999999999999968 -0.68333333333333335 0
    endloop
  endfacet
  facet normal 0 -0 1
    outer loop
      vertex 0.33333333333333331 -0.75714285714285712 -0
      vertex 0.375 -0.67499999999999993 -0
      vertex 0.26666666666666666 -0.72499999999999998 0
    endloop
  endfacet
  facet normal -0 0 1
    outer loop
      vertex 0.33333333333333331 -0.75714285714285712 -0
      vertex 0.40952380952380951 -0.77142857142857157 -0
      vertex 0.375 -0.67499999999999993 -0
    endloop
  endfacet
  facet normal 0 -0 1
    outer loop
      vertex 0.40952380952380951 -0.77142857142857157 -0
      vertex 0.47222222222222232 -0.73333333333333339 -0
      vertex 0.375 -0.67499999999999993 -0
    endloop
  endfacet
  facet normal 0 0 1
    outer loop
      vertex 0.47222222222222232 -0.73333333333333339 -0
      vertex 0.56666666666666665 -0.71666666666666667 0
      vertex 0.50476190476190474 -0.66666666666666663 -0
    endloop
  endfacet
  facet normal 0 -0 1
    outer loop
      vertex 0.61428571428571443 -0.77619047619047632 -0
      vertex 0.67000000000000004 -0.69333333333333325 -0
      vertex 0.56666666666666665 -0.71666666666666667 0
    endloop
  endfacet
  facet normal -0 0 1
    outer loop
      vertex 0.67000000000000004 -0.69333333333333325 -0
      vertex 0.77500000000000013 -0.72499999999999998 -0
      vertex 0.75714285714285723 -0.66666666666666663 -0
    endloop
  endfacet
  facet normal -0 0 1
    outer loop
      vertex 0.77500000000000013 -0.72499999999999998 -0
      vertex 0.86666666666666659 -0.73888888888888882 -0
      vertex 0.86250000000000004 -0.66249999999999998 0
    endloop
  endfacet
  facet normal -0 0 1
    outer loop
      vertex -0.9291666666666667 -0.73750000000000004 0
      vertex -0.83999999999999997 -0.74999999999999989 0
      vertex -0.85000000000000009 -0.63333333333333341 0
    endloop
  endfacet
  facet normal 0 0 1
    outer loop
      vertex -0.9291666666666667 -0.73750000000000004 0
      vertex -0.85000000000000009 -0.63333333333333341 0
      vertex -0.92857142857142849 -0.65238095238095239 0
    endloop
  endfacet
  facet normal 0 -0 1
    outer loop
      vertex -0.83999999999999997 -0.74999999999999989 0
      vertex -0.75555555555555554 -0.6777777777777777 0
      vertex -0.85000000000000009 -0.63333333333333341 0
    endloop
  endfacet
  facet normal 0 0 1
    outer loop
      vertex -0.23333333333333334 -0.71666666666666656 0
      vertex -0.23703703703703705 -0.62962962962962965 0
      vertex -0.31111111111111112 -0.67222222222222217 0
    endloop
  endfacet
  facet normal 0 -0 1
    outer loop
      vertex -0.23333333333333334 -0.71666666666666656 0
      vertex -0.14999999999999997 -0.65000000000000002 0
      vertex -0.23703703703703705 -0.62962962962962965 0
    endloop
  endfacet
  facet normal 0 0 1
    outer loop
      vertex -0.049999999999999968 -0.68333333333333335 0
      vertex 0.046666666666666724 -0.72666666666666668 -0
      vertex 0.033333333333333368 -0.63888888888888884 -0
    endloop
  endfacet
  facet normal -0 0 1
    outer loop
      vertex 0.046666666666666724 -0.72666666666666668 -0
      vertex 0.11666666666666671 -0.73333333333333328 -0
      vertex 0.1166666666666667 -0.65000000000000002 0
    endloop
  endfacet
  facet normal 0 -0 1
    outer loop
      vertex 0.046666666666666724 -0.72666666666666668 -0
      vertex 0.1166666666666667 -0.65000000000000002 0
      vertex 0.033333333333333368 -0.63888888888888884 -0
    endloop
  endfacet
  facet normal 0 -0 1
    outer loop
      vertex 0.11666666666666671 -0.73333333333333328 -0
      vertex 0.18333333333333335 -0.71666666666666667 0
      vertex 0.1166666666666667 -0.65000000000000002 0
    endloop
  endfacet
  facet normal -0 0 1
    outer loop
      vertex 0.18333333333333335 -0.71666666666666667 0
      vertex 0.26666666666666666 -0.72499999999999998 0
      vertex 0.28333333333333333 -0.65000000000000002 0
    endloop
  endfacet
  facet normal 0 -0 1
    outer loop
      vertex 0.26666666666666666 -0.72499999999999998 0
      vertex 0.375 -0.67499999999999993 -0
      vertex 0.28333333333333333 -0.65000000000000002 0
    endloop
  endfacet
  facet normal -0 0 1
    outer loop
      vertex 0.375 -0.67499999999999993 -0
      vertex 0.47222222222222232 -0.73333333333333339 -0
      vertex 0.40555555555555556 -0.63333333333333341 -0
    endloop
  endfacet
  facet normal 0 -0 1
    outer loop
      vertex 0.47222222222222232 -0.73333333333333339 -0
      vertex 0.50476190476190474 -0.66666666666666663 -0
      vertex 0.40555555555555556 -0.63333333333333341 -0
    endloop
  endfacet
  facet normal 0 -0 1
    outer loop
      vertex 0.77500000000000013 -0.72499999999999998 -0
      vertex 0.86250000000000004 -0.66249999999999998 0
      vertex 0.75714285714285723 -0.66666666666666663 -0
    endloop
  endfacet
  facet normal 0 -0 1
    outer loop
      vertex 0.86666666666666659 -0.73888888888888882 -0
      vertex 0.94761904761904758 -0.67619047619047612 -0
      vertex 0.86250000000000004 -0.66249999999999998 0
    endloop
  endfacet
  facet normal 0 -0 1
    outer loop
      vertex -0.75555555555555554 -0.6777777777777777 0
      vertex -0.70000000000000007 -0.58333333333333337 0
      vertex -0.76666666666666672 -0.60000000000000009 0
    endloop
  endfacet
  facet normal -0 0 1
    outer loop
      vertex -0.75555555555555554 -0.6777777777777777 0
      vertex -0.63809523809523805 -0.69047619047619035 0
      vertex -0.70000000000000007 -0.58333333333333337 0
    endloop
  endfacet
  facet normal 0 -0 1
    outer loop
      vertex -0.63809523809523805 -0.69047619047619035 0
      vertex -0.59333333333333338 -0.62 0
      vertex -0.70000000000000007 -0.58333333333333337 0
    endloop
  endfacet
  facet normal 0 0 1
    outer loop
      vertex -0.63809523809523805 -0.69047619047619035 0
      vertex -0.55000000000000004 -0.68333333333333335 0
      vertex -0.59333333333333338 -0.62 0
    endloop
  endfacet
  facet normal 0 -0 1
    outer loop
      vertex -0.55000000000000004 -0.68333333333333335 0
      vertex -0.48333333333333328 -0.6166666666666667 0
      vertex -0.59333333333333338 -0.62 0
    endloop
  endfacet
  facet normal -0 0 1
    outer loop
      vertex -0.55000000000000004 -0.68333333333333335 0
      vertex -0.46190476190476204 -0.69047619047619047 0
      vertex -0.48333333333333328 -0.6166666666666667 0
    endloop
  endfacet
  facet normal 0 -0 1
    outer loop
      vertex -0.46190476190476204 -0.69047619047619047 0
      vertex -0.3833333333333333 -0.65000000000000002 0
      vertex -0.48333333333333328 -0.6166666666666667 0
    endloop
  endfacet
  facet normal -0 0 1
    outer loop
      vertex -0.14999999999999997 -0.65000000000000002 0
      vertex -0.049999999999999968 -0.68333333333333335 0
      vertex -0.083333333333333315 -0.58333333333333337 0
    endloop
  endfacet
  facet normal 0 -0 1
    outer loop
      vertex -0.049999999999999968 -0.68333333333333335 0
      vertex 2.0816681711721685e-17 -0.58333333333333337 0
      vertex -0.083333333333333315 -0.58333333333333337 0
    endloop
  endfacet
  facet normal 0 -0 1
    outer loop
      vertex -0.049999999999999968 -0.68333333333333335 0
      vertex 0.033333333333333368 -0.63888888888888884 -0
      vertex 2.0816681711721685e-17 -0.58333333333333337 0
    endloop
  endfacet
  facet normal 0 0 1
    outer loop
      vertex 0.1166666666666667 -0.65000000000000002 0
      vertex 0.18333333333333335 -0.71666666666666667 0
      vertex 0.17333333333333334 -0.6133333333333334 -0
    endloop
  endfacet
  facet normal -0 0 1
    outer loop
      vertex 0.18333333333333335 -0.71666666666666667 0
      vertex 0.28333333333333333 -0.65000000000000002 0
      vertex 0.17333333333333334 -0.6133333333333334 -0
    endloop
  endfacet
  facet normal -0 0 1
    outer loop
      vertex 0.50476190476190474 -0.66666666666666663 -0
      vertex 0.56666666666666665 -0.71666666666666667 0
      vertex 0.58333333333333337 -0.58333333333333337 0
    endloop
  endfacet
  facet normal 0 0 1
    outer loop
      vertex 0.56666666666666665 -0.71666666666666667 0
      vertex 0.67000000000000004 -0.69333333333333325 -0
      vertex 0.65000000000000013 -0.59999999999999998 -0
    endloop
  endfacet
  facet normal 0 -0 1
    outer loop
      vertex 0.56666666666666665 -0.71666666666666667 0
      vertex 0.65000000000000013 -0.59999999999999998 -0
      vertex 0.58333333333333337 -0.58333333333333337 0
    endloop
  endfacet
  facet normal 0 0 1
    outer loop
      vertex 0.75714285714285723 -0.66666666666666663 -0
      vertex 0.86250000000000004 -0.66249999999999998 0
      vertex 0.79166666666666674 -0.60000000000000009 0
    endloop
  endfacet
  facet normal 0 -0 1
    outer loop
      vertex -0.9999997777829629 -0.68095238095238098 0
      vertex -0.9375 -0.5625 0
      vertex -1 -0.51666666666666661 0
    endloop
  endfacet
  facet normal 0 0 1
    outer loop
      vertex -0.9999997777829629 -0.68095238095238098 0
      vertex -0.92857142857142849 -0.65238095238095239 0
      vertex -0.9375 -0.5625 0
    endloop
  endfacet
  facet normal -0 0 1
    outer loop
      vertex -0.85000000000000009 -0.63333333333333341 0
      vertex -0.75555555555555554 -0.6777777777777777 0
      vertex -0.76666666666666672 -0.60000000000000009 0
    endloop
  endfacet
  facet normal -0 0 1
    outer loop
      vertex -0.70000000000000007 -0.58333333333333337 0
      vertex -0.59333333333333338 -0.62 0
      vertex -0.63333333333333341 -0.55714285714285716 0
    endloop
  endfacet
  facet normal -0 0 1
    outer loop
      vertex -0.3833333333333333 -0.65000000000000002 0
      vertex -0.31111111111111112 -0.67222222222222217 0
      vertex -0.30416666666666664 -0.5625 0
    endloop
  endfacet
  facet normal 0 0 1
    outer loop
      vertex -0.31111111111111112 -0.67222222222222217 0
      vertex -0.23703703703703705 -0.62962962962962965 0
      vertex -0.30416666666666664 -0.5625 0
    endloop
  endfacet
  facet normal -0 0 1
    outer loop
      vertex 0.033333333333333368 -0.63888888888888884 -0
      vertex 0.1166666666666667 -0.65000000000000002 0
      vertex 0.086666666666666725 -0.56000000000000005 -0
    endloop
  endfacet
  facet normal 0 -0 1
    outer loop
      vertex 0.033333333333333368 -0.63888888888888884 -0
      vertex 0.086666666666666725 -0.56000000000000005 -0
      vertex 2.0816681711721685e-17 -0.58333333333333337 0
    endloop
  endfacet
  facet normal 0 0 1
    outer loop
      vertex 0.1166666666666667 -0.65000000000000002 0
      vertex 0.17333333333333334 -0.6133333333333334 -0
      vertex 0.086666666666666725 -0.56000000000000005 -0
    endloop
  endfacet
  facet normal -0 0 1
    outer loop
      vertex 0.17333333333333334 -0.6133333333333334 -0
      vertex 0.28333333333333333 -0.65000000000000002 0
      vertex 0.23750000000000002 -0.5625 0
    endloop
  endfacet
  facet normal 0 0 1
    outer loop
      vertex 0.28333333333333333 -0.65000000000000002 0
      vertex 0.33333333333333331 -0.56666666666666665 -0
      vertex 0.23750000000000002 -0.5625 0
    endloop
  endfacet
  facet normal 0 0 1
    outer loop
      vertex 0.28333333333333333 -0.65000000000000002 0
      vertex 0.375 -0.67499999999999993 -0
      vertex 0.40555555555555556 -0.63333333333333341 -0
    endloop
  endfacet
  facet normal 0 0 1
    outer loop
      vertex 0.28333333333333333 -0.65000000000000002 0
      vertex 0.40555555555555556 -0.63333333333333341 -0
      vertex 0.33333333333333331 -0.56666666666666665 -0
    endloop
  endfacet
  facet normal -0 0 1
    outer loop
      vertex 0.40555555555555556 -0.63333333333333341 -0
      vertex 0.50476190476190474 -0.66666666666666663 -0
      vertex 0.45238095238095249 -0.57142857142857151 -0
    endloop
  endfacet
  facet normal 0 -0 1
    outer loop
      vertex 0.50476190476190474 -0.66666666666666663 -0
      vertex 0.51666666666666672 -0.59999999999999998 0
      vertex 0.45238095238095249 -0.57142857142857151 -0
    endloop
  endfacet
  facet normal 0 0 1
    outer loop
      vertex 0.50476190476190474 -0.66666666666666663 -0
      vertex 0.58333333333333337 -0.58333333333333337 0
      vertex 0.51666666666666672 -0.59999999999999998 0
    endloop
  endfacet
  facet normal -0 0 1
    outer loop
      vertex 0.65000000000000013 -0.59999999999999998 -0
      vertex 0.67000000000000004 -0.69333333333333325 -0
      vertex 0.72916666666666674 -0.5625 -0
    endloop
  endfacet
  facet normal 0 0 1
    outer loop
      vertex 0.67000000000000004 -0.69333333333333325 -0
      vertex 0.75714285714285723 -0.66666666666666663 -0
      vertex 0.72916666666666674 -0.5625 -0
    endloop
  endfacet
  facet normal 0 -0 1
    outer loop
      vertex 0.75714285714285723 -0.66666666666666663 -0
      vertex 0.79166666666666674 -0.60000000000000009 0
      vertex 0.72916666666666674 -0.5625 -0
    endloop
  endfacet
  facet normal 0 0 1
    outer loop
      vertex 0.79166666666666674 -0.60000000000000009 0
      vertex 0.86250000000000004 -0.66249999999999998 0
      vertex 0.85238095238095235 -0.55714285714285705 -0
    endloop
  endfacet
  facet normal 0 0 1
    outer loop
      vertex 0.86250000000000004 -0.66249999999999998 0
      vertex 0.91666666666666685 -0.58333333333333337 -0
      vertex 0.85238095238095235 -0.55714285714285705 -0
    endloop
  endfacet
  facet normal 0 0 1
    outer loop
      vertex 0.86250000000000004 -0.66249999999999998 0
      vertex 0.94761904761904758 -0.67619047619047612 -0
      vertex 0.91666666666666685 -0.58333333333333337 -0
    endloop
  endfacet
  facet normal 0 -0 1
    outer loop
      vertex 0.94761904761904758 -0.67619047619047612 -0
      vertex 0.99999955556888853 -0.55555555555555547 0
      vertex 0.91666666666666685 -0.58333333333333337 -0
    endloop
  endfacet
  facet normal -0 0 1
    outer loop
      vertex 0.94761904761904758 -0.67619047619047612 -0
      vertex 0.99999955556888853 -0.72222222222222221 0
      vertex 0.99999955556888853 -0.55555555555555547 0
    endloop
  endfacet
  facet normal 0 0 1
    outer loop
      vertex -0.92857142857142849 -0.65238095238095239 0
      vertex -0.85000000000000009 -0.63333333333333341 0
      vertex -0.81666666666666676 -0.53333333333333333 0
    endloop
  endfacet
  facet normal 0 -0 1
    outer loop
      vertex -0.92857142857142849 -0.65238095238095239 0
      vertex -0.81666666666666676 -0.53333333333333333 0
      vertex -0.9375 -0.5625 0
    endloop
  endfacet
  facet normal 0 0 1
    outer loop
      vertex -0.85000000000000009 -0.63333333333333341 0
      vertex -0.76666666666666672 -0.60000000000000009 0
      vertex -0.81666666666666676 -0.53333333333333333 0
    endloop
  endfacet
  facet normal 0 -0 1
    outer loop
      vertex -0.59333333333333338 -0.62 0
      vertex -0.55000000000000004 -0.55000000000000004 0
      vertex -0.63333333333333341 -0.55714285714285716 0
    endloop
  endfacet
  facet normal 0 0 1
    outer loop
      vertex -0.59333333333333338 -0.62 0
      vertex -0.48333333333333328 -0.6166666666666667 0
      vertex -0.55000000000000004 -0.55000000000000004 0
    endloop
  endfacet
  facet normal 0 -0 1
    outer loop
      vertex -0.48333333333333328 -0.6166666666666667 0
      vertex -0.46666666666666673 -0.54999999999999993 0
      vertex -0.55000000000000004 -0.55000000000000004 0
    endloop
  endfacet
  facet normal -0 0 1
    outer loop
      vertex -0.48333333333333328 -0.6166666666666667 0
      vertex -0.3833333333333333 -0.65000000000000002 0
      vertex -0.40000000000000008 -0.51666666666666672 0
    endloop
  endfacet
  facet normal 0 0 1
    outer loop
      vertex -0.48333333333333328 -0.6166666666666667 0
      vertex -0.40000000000000008 -0.51666666666666672 0
      vertex -0.46666666666666673 -0.54999999999999993 0
    endloop
  endfacet
  facet normal 0 -0 1
    outer loop
      vertex -0.3833333333333333 -0.65000000000000002 0
      vertex -0.30416666666666664 -0.5625 0
      vertex -0.40000000000000008 -0.51666666666666672 0
    endloop
  endfacet
  facet normal 0 -0 1
    outer loop
      vertex -0.23703703703703705 -0.62962962962962965 0
      vertex -0.18333333333333329 -0.54999999999999993 0
      vertex -0.30416666666666664 -0.5625 0
    endloop
  endfacet
  facet normal -0 0 1
    outer loop
      vertex -0.23703703703703705 -0.62962962962962965 0
      vertex -0.14999999999999997 -0.65000000000000002 0
      vertex -0.18333333333333329 -0.54999999999999993 0
    endloop
  endfacet
  facet normal 0 -0 1
    outer loop
      vertex -0.14999999999999997 -0.65000000000000002 0
      vertex -0.083333333333333315 -0.58333333333333337 0
      vertex -0.18333333333333329 -0.54999999999999993 0
    endloop
  endfacet
  facet normal -0 0 1
    outer loop
      vertex 0.086666666666666725 -0.56000000000000005 -0
      vertex 0.17333333333333334 -0.6133333333333334 -0
      vertex 0.13333333333333336 -0.51666666666666672 0
    endloop
  endfacet
  facet normal 0 -0 1
    outer loop
      vertex 0.17333333333333334 -0.6133333333333334 -0
      vertex 0.23750000000000002 -0.5625 0
      vertex 0.13333333333333336 -0.51666666666666672 0
    endloop
  endfacet
  facet normal 0 -0 1
    outer loop
      vertex 0.40555555555555556 -0.63333333333333341 -0
      vertex 0.45238095238095249 -0.57142857142857151 -0
      vertex 0.33333333333333331 -0.56666666666666665 -0
    endloop
  endfacet
  facet normal 0 -0 1
    outer loop
      vertex -0.76666666666666672 -0.60000000000000009 0
      vertex -0.70000000000000007 -0.58333333333333337 0
      vertex -0.81666666666666676 -0.53333333333333333 0
    endloop
  endfacet
  facet normal 0 0 1
    outer loop
      vertex 2.0816681711721685e-17 -0.58333333333333337 0
      vertex 0.086666666666666725 -0.56000000000000005 -0
      vertex 0.033333333333333368 -0.49166666666666675 -0
    endloop
  endfacet
  facet normal 0 0 1
    outer loop
      vertex 0.23750000000000002 -0.5625 0
      vertex 0.33333333333333331 -0.56666666666666665 -0
      vertex 0.28518518518518526 -0.48148148148148157 -0
    endloop
  endfacet
  facet normal -0 0 1
    outer loop
      vertex 0.33333333333333331 -0.56666666666666665 -0
      vertex 0.45238095238095249 -0.57142857142857151 -0
      vertex 0.40666666666666668 -0.51333333333333331 -0
    endloop
  endfacet
  facet normal -0 0 1
    outer loop
      vertex 0.45238095238095249 -0.57142857142857151 -0
      vertex 0.51666666666666672 -0.59999999999999998 0
      vertex 0.5 -0.50555555555555565 -0
    endloop
  endfacet
  facet normal -0 0 1
    outer loop
      vertex 0.51666666666666672 -0.59999999999999998 0
      vertex 0.58333333333333337 -0.58333333333333337 0
      vertex 0.5 -0.50555555555555565 -0
    endloop
  endfacet
  facet normal 0 0 1
    outer loop
      vertex 0.58333333333333337 -0.58333333333333337 0
      vertex 0.65000000000000013 -0.59999999999999998 -0
      vertex 0.65000000000000013 -0.51666666666666672 -0
    endloop
  endfacet
  facet normal 0 0 1
    outer loop
      vertex 0.65000000000000013 -0.59999999999999998 -0
      vertex 0.72916666666666674 -0.5625 -0
      vertex 0.65000000000000013 -0.51666666666666672 -0
    endloop
  endfacet
  facet normal -0 0 1
    outer loop
      vertex 0.72916666666666674 -0.5625 -0
      vertex 0.79166666666666674 -0.60000000000000009 0
      vertex 0.75000000000000011 -0.49166666666666675 0
    endloop
  endfacet
  facet normal 0 0 1
    outer loop
      vertex 0.79166666666666674 -0.60000000000000009 0
      vertex 0.85238095238095235 -0.55714285714285705 -0
      vertex 0.75000000000000011 -0.49166666666666675 0
    endloop
  endfacet
  facet normal -0 0 1
    outer loop
      vertex 0.85238095238095235 -0.55714285714285705 -0
      vertex 0.91666666666666685 -0.58333333333333337 -0
      vertex 0.93333333333333346 -0.51666666666666672 -0
    endloop
  endfacet
  facet normal 0 0 1
    outer loop
      vertex 0.91666666666666685 -0.58333333333333337 -0
      vertex 0.99999955556888853 -0.55555555555555547 0
      vertex 0.93333333333333346 -0.51666666666666672 -0
    endloop
  endfacet
  facet normal -0 0 1
    outer loop
      vertex -1 -0.51666666666666661 0
      vertex -0.9375 -0.5625 0
      vertex -0.93333333333333335 -0.46666666666666673 0
    endloop
  endfacet
  facet normal 0 0 1
    outer loop
      vertex -0.9375 -0.5625 0
      vertex -0.81666666666666676 -0.53333333333333333 0
      vertex -0.84999999999999998 -0.46666666666666673 0
    endloop
  endfacet
  facet normal 0 0 1
    outer loop
      vertex -0.9375 -0.5625 0
      vertex -0.84999999999999998 -0.46666666666666673 0
      vertex -0.93333333333333335 -0.46666666666666673 0
    endloop
  endfacet
  facet normal -0 0 1
    outer loop
      vertex -0.81666666666666676 -0.53333333333333333 0
      vertex -0.70000000000000007 -0.58333333333333337 0
      vertex -0.70952380952380956 -0.46190476190476193 0
    endloop
  endfacet
  facet normal 0 0 1
    outer loop
      vertex -0.70000000000000007 -0.58333333333333337 0
      vertex -0.63333333333333341 -0.55714285714285716 0
      vertex -0.63888888888888884 -0.46666666666666667 0
    endloop
  endfacet
  facet normal 0 -0 1
    outer loop
      vertex -0.70000000000000007 -0.58333333333333337 0
      vertex -0.63888888888888884 -0.46666666666666667 0
      vertex -0.70952380952380956 -0.46190476190476193 0
    endloop
  endfacet
  facet normal 0 -0 1
    outer loop
      vertex -0.63333333333333341 -0.55714285714285716 0
      vertex -0.56666666666666654 -0.48333333333333328 0
      vertex -0.63888888888888884 -0.46666666666666667 0
    endloop
  endfacet
  facet normal 0 0 1
    outer loop
      vertex -0.63333333333333341 -0.55714285714285716 0
      vertex -0.55000000000000004 -0.55000000000000004 0
      vertex -0.56666666666666654 -0.48333333333333328 0
    endloop
  endfacet
  facet normal 0 0 1
    outer loop
      vertex -0.55000000000000004 -0.55000000000000004 0
      vertex -0.46666666666666673 -0.54999999999999993 0
      vertex -0.48333333333333328 -0.46666666666666673 0
    endloop
  endfacet
  facet normal 0 -0 1
    outer loop
      vertex -0.55000000000000004 -0.55000000000000004 0
      vertex -0.48333333333333328 -0.46666666666666673 0
      vertex -0.56666666666666654 -0.48333333333333328 0
    endloop
  endfacet
  facet normal 0 -0 1
    outer loop
      vertex -0.46666666666666673 -0.54999999999999993 0
      vertex -0.40000000000000008 -0.51666666666666672 0
      vertex -0.48333333333333328 -0.46666666666666673 0
    endloop
  endfacet
  facet normal -0 0 1
    outer loop
      vertex -0.40000000000000008 -0.51666666666666672 0
      vertex -0.30416666666666664 -0.5625 0
      vertex -0.33750000000000002 -0.47083333333333338 0
    endloop
  endfacet
  facet normal 0 -0 1
    outer loop
      vertex -0.30416666666666664 -0.5625 0
      vertex -0.27142857142857146 -0.44761904761904758 0
      vertex -0.33750000000000002 -0.47083333333333338 0
    endloop
  endfacet
  facet normal 0 0 1
    outer loop
      vertex -0.30416666666666664 -0.5625 0
      vertex -0.18333333333333329 -0.54999999999999993 0
      vertex -0.27142857142857146 -0.44761904761904758 0
    endloop
  endfacet
  facet normal 0 0 1
    outer loop
      vertex -0.18333333333333329 -0.54999999999999993 0
      vertex -0.18888888888888888 -0.45925925925925926 0
      vertex -0.27142857142857146 -0.44761904761904758 0
    endloop
  endfacet
  facet normal 0 -0 1
    outer loop
      vertex -0.18333333333333329 -0.54999999999999993 0
      vertex -0.10555555555555553 -0.46666666666666673 0
      vertex -0.18888888888888888 -0.45925925925925926 0
    endloop
  endfacet
  facet normal -0 0 1
    outer loop
      vertex -0.18333333333333329 -0.54999999999999993 0
      vertex -0.083333333333333315 -0.58333333333333337 0
      vertex -0.10555555555555553 -0.46666666666666673 0
    endloop
  endfacet
  facet normal 0 -0 1
    outer loop
      vertex -0.083333333333333315 -0.58333333333333337 0
      vertex -0.038888888888888869 -0.47222222222222221 0
      vertex -0.10555555555555553 -0.46666666666666673 0
    endloop
  endfacet
  facet normal 0 0 1
    outer loop
      vertex -0.083333333333333315 -0.58333333333333337 0
      vertex 2.0816681711721685e-17 -0.58333333333333337 0
      vertex -0.038888888888888869 -0.47222222222222221 0
    endloop
  endfacet
  facet normal 0 0 1
    outer loop
      vertex 2.0816681711721685e-17 -0.58333333333333337 0
      vertex 0.033333333333333368 -0.49166666666666675 -0
      vertex -0.038888888888888869 -0.47222222222222221 0
    endloop
  endfacet
  facet normal 0 -0 1
    outer loop
      vertex 0.086666666666666725 -0.56000000000000005 -0
      vertex 0.13333333333333336 -0.51666666666666672 0
      vertex 0.033333333333333368 -0.49166666666666675 -0
    endloop
  endfacet
  facet normal 0 0 1
    outer loop
      vertex 0.13333333333333336 -0.51666666666666672 0
      vertex 0.23750000000000002 -0.5625 0
      vertex 0.20000000000000001 -0.46666666666666667 -0
    endloop
  endfacet
  facet normal 0 0 1
    outer loop
      vertex 0.23750000000000002 -0.5625 0
      vertex 0.28518518518518526 -0.48148148148148157 -0
      vertex 0.20000000000000001 -0.46666666666666667 -0
    endloop
  endfacet
  facet normal 0 -0 1
    outer loop
      vertex 0.33333333333333331 -0.56666666666666665 -0
      vertex 0.40666666666666668 -0.51333333333333331 -0
      vertex 0.28518518518518526 -0.48148148148148157 -0
    endloop
  endfacet
  facet normal -0 0 1
    outer loop
      vertex 0.40666666666666668 -0.51333333333333331 -0
      vertex 0.45238095238095249 -0.57142857142857151 -0
      vertex 0.5 -0.50555555555555565 -0
    endloop
  endfacet
  facet normal -0 0 1
    outer loop
      vertex 0.5 -0.50555555555555565 -0
      vertex 0.58333333333333337 -0.58333333333333337 0
      vertex 0.55000000000000004 -0.46666666666666667 0
    endloop
  endfacet
  facet normal 0 0 1
    outer loop
      vertex 0.58333333333333337 -0.58333333333333337 0
      vertex 0.65000000000000013 -0.51666666666666672 -0
      vertex 0.55000000000000004 -0.46666666666666667 0
    endloop
  endfacet
  facet normal -0 0 1
    outer loop
      vertex 0.65000000000000013 -0.51666666666666672 -0
      vertex 0.72916666666666674 -0.5625 -0
      vertex 0.75000000000000011 -0.49166666666666675 0
    endloop
  endfacet
  facet normal 0 0 1
    outer loop
      vertex 0.75000000000000011 -0.49166666666666675 0
      vertex 0.85238095238095235 -0.55714285714285705 -0
      vertex 0.82777777777777772 -0.4555555555555556 -0
    endloop
  endfacet
  facet normal -0 0 1
    outer loop
      vertex -0.84999999999999998 -0.46666666666666673 0
      vertex -0.81666666666666676 -0.53333333333333333 0
      vertex -0.78333333333333333 -0.4333333333333334 0
    endloop
  endfacet
  facet normal 0 0 1
    outer loop
      vertex -0.81666666666666676 -0.53333333333333333 0
      vertex -0.70952380952380956 -0.46190476190476193 0
      vertex -0.78333333333333333 -0.4333333333333334 0
    endloop
  endfacet
  facet normal -0 0 1
    outer loop
      vertex 0.28518518518518526 -0.48148148148148157 -0
      vertex 0.40666666666666668 -0.51333333333333331 -0
      vertex 0.37619047619047613 -0.45238095238095249 -0
    endloop
  endfacet
  facet normal 0 -0 1
    outer loop
      vertex 0.40666666666666668 -0.51333333333333331 -0
      vertex 0.5 -0.50555555555555565 -0
      vertex 0.37619047619047613 -0.45238095238095249 -0
    endloop
  endfacet
  facet normal 0 -0 1
    outer loop
      vertex 0.55000000000000004 -0.46666666666666667 0
      vertex 0.65000000000000013 -0.51666666666666672 -0
      vertex 0.65000000000000013 -0.41666666666666674 0
    endloop
  endfacet
  facet normal 0 0 1
    outer loop
      vertex 0.65000000000000013 -0.51666666666666672 -0
      vertex 0.75000000000000011 -0.49166666666666675 0
      vertex 0.65000000000000013 -0.41666666666666674 0
    endloop
  endfacet
  facet normal -0 0 1
    outer loop
      vertex 0.82777777777777772 -0.4555555555555556 -0
      vertex 0.85238095238095235 -0.55714285714285705 -0
      vertex 0.92380952380952386 -0.45238095238095249 -0
    endloop
  endfacet
  facet normal 0 0 1
    outer loop
      vertex 0.85238095238095235 -0.55714285714285705 -0
      vertex 0.93333333333333346 -0.51666666666666672 -0
      vertex 0.92380952380952386 -0.45238095238095249 -0
    endloop
  endfacet
  facet normal -0 -0 1
    outer loop
      vertex 0.93333333333333346 -0.51666666666666672 -0
      vertex 0.99999955556888853 -0.55555555555555547 0
      vertex 0.92380952380952386 -0.45238095238095249 -0
    endloop
  endfacet
  facet normal 0 -0 1
    outer loop
      vertex -0.56666666666666654 -0.48333333333333328 0
      vertex -0.5625 -0.39583333333333337 0
      vertex -0.63888888888888884 -0.46666666666666667 0
    endloop
  endfacet
  facet normal 0 0 1
    outer loop
      vertex -0.56666666666666654 -0.48333333333333328 0
      vertex -0.48333333333333328 -0.46666666666666673 0
      vertex -0.5625 -0.39583333333333337 0
    endloop
  endfacet
  facet normal -0 0 1
    outer loop
      vertex -0.48333333333333328 -0.46666666666666673 0
      vertex -0.40000000000000008 -0.51666666666666672 0
      vertex -0.40000000000000002 -0.40000000000000002 0
    endloop
  endfacet
  facet normal 0 0 1
    outer loop
      vertex -0.40000000000000008 -0.51666666666666672 0
      vertex -0.33750000000000002 -0.47083333333333338 0
      vertex -0.40000000000000002 -0.40000000000000002 0
    endloop
  endfacet
  facet normal 0 0 1
    outer loop
      vertex -0.038888888888888869 -0.47222222222222221 0
      vertex 0.033333333333333368 -0.49166666666666675 -0
      vertex 2.994866492077704e-17 -0.39047619047619053 -0
    endloop
  endfacet
  facet normal -0 0 1
    outer loop
      vertex 0.033333333333333368 -0.49166666666666675 -0
      vertex 0.13333333333333336 -0.51666666666666672 0
      vertex 0.075000000000000025 -0.40833333333333338 -0
    endloop
  endfacet
  facet normal 0 0 1
    outer loop
      vertex 0.13333333333333336 -0.51666666666666672 0
      vertex 0.13750000000000007 -0.39583333333333343 -0
      vertex 0.075000000000000025 -0.40833333333333338 -0
    endloop
  endfacet
  facet normal 0 0 1
    outer loop
      vertex 0.13333333333333336 -0.51666666666666672 0
      vertex 0.20000000000000001 -0.46666666666666667 -0
      vertex 0.13750000000000007 -0.39583333333333343 -0
    endloop
  endfacet
  facet normal -0 0 1
    outer loop
      vertex 0.37619047619047613 -0.45238095238095249 -0
      vertex 0.5 -0.50555555555555565 -0
      vertex 0.45714285714285718 -0.40000000000000002 -0
    endloop
  endfacet
  facet normal 0 -0 1
    outer loop
      vertex 0.5 -0.50555555555555565 -0
      vertex 0.55000000000000004 -0.46666666666666667 0
      vertex 0.45714285714285718 -0.40000000000000002 -0
    endloop
  endfacet
  facet normal -0 0 1
    outer loop
      vertex 0.55000000000000004 -0.46666666666666667 0
      vertex 0.65000000000000013 -0.41666666666666674 0
      vertex 0.58571428571428574 -0.39047619047619048 -0
    endloop
  endfacet
  facet normal -0 0 1
    outer loop
      vertex 0.65000000000000013 -0.41666666666666674 0
      vertex 0.75000000000000011 -0.49166666666666675 0
      vertex 0.72916666666666674 -0.40416666666666673 0
    endloop
  endfacet
  facet normal 0 0 1
    outer loop
      vertex 0.75000000000000011 -0.49166666666666675 0
      vertex 0.82777777777777772 -0.4555555555555556 -0
      vertex 0.72916666666666674 -0.40416666666666673 0
    endloop
  endfacet
  facet normal -0 0 1
    outer loop
      vertex 0.92380952380952386 -0.45238095238095249 -0
      vertex 0.99999955556888853 -0.55555555555555547 0
      vertex 0.99999925928806477 -0.35000000000000003 0
    endloop
  endfacet
  facet normal 0 0 1
    outer loop
      vertex -1 -0.51666666666666661 0
      vertex -0.93333333333333335 -0.46666666666666673 0
      vertex -0.93333333333333324 -0.38333333333333336 0
    endloop
  endfacet
  facet normal 0 0 1
    outer loop
      vertex -1 -0.51666666666666661 0
      vertex -0.93333333333333324 -0.38333333333333336 0
      vertex -0.99999833341666244 -0.32777777777777778 0
    endloop
  endfacet
  facet normal 0 0 1
    outer loop
      vertex -0.93333333333333335 -0.46666666666666673 0
      vertex -0.84999999999999998 -0.46666666666666673 0
      vertex -0.81666666666666676 -0.36666666666666664 0
    endloop
  endfacet
  facet normal 0 0 1
    outer loop
      vertex -0.93333333333333335 -0.46666666666666673 0
      vertex -0.81666666666666676 -0.36666666666666664 0
      vertex -0.93333333333333324 -0.38333333333333336 0
    endloop
  endfacet
  facet normal 0 0 1
    outer loop
      vertex -0.84999999999999998 -0.46666666666666673 0
      vertex -0.78333333333333333 -0.4333333333333334 0
      vertex -0.81666666666666676 -0.36666666666666664 0
    endloop
  endfacet
  facet normal -0 0 1
    outer loop
      vertex -0.78333333333333333 -0.4333333333333334 0
      vertex -0.70952380952380956 -0.46190476190476193 0
      vertex -0.71666666666666679 -0.35000000000000009 0
    endloop
  endfacet
  facet normal 0 -0 1
    outer loop
      vertex -0.70952380952380956 -0.46190476190476193 0
      vertex -0.64999999999999991 -0.36666666666666664 0
      vertex -0.71666666666666679 -0.35000000000000009 0
    endloop
  endfacet
  facet normal -0 0 1
    outer loop
      vertex -0.70952380952380956 -0.46190476190476193 0
      vertex -0.63888888888888884 -0.46666666666666667 0
      vertex -0.64999999999999991 -0.36666666666666664 0
    endloop
  endfacet
  facet normal 0 -0 1
    outer loop
      vertex -0.63888888888888884 -0.46666666666666667 0
      vertex -0.5625 -0.39583333333333337 0
      vertex -0.64999999999999991 -0.36666666666666664 0
    endloop
  endfacet
  facet normal -0 0 1
    outer loop
      vertex -0.5625 -0.39583333333333337 0
      vertex -0.48333333333333328 -0.46666666666666673 0
      vertex -0.46666666666666673 -0.37222222222222223 0
    endloop
  endfacet
  facet normal 0 0 1
    outer loop
      vertex -0.48333333333333328 -0.46666666666666673 0
      vertex -0.40000000000000002 -0.40000000000000002 0
      vertex -0.46666666666666673 -0.37222222222222223 0
    endloop
  endfacet
  facet normal 0 -0 1
    outer loop
      vertex -0.33750000000000002 -0.47083333333333338 0
      vertex -0.32000000000000006 -0.35999999999999999 0
      vertex -0.40000000000000002 -0.40000000000000002 0
    endloop
  endfacet
  facet normal 0 0 1
    outer loop
      vertex -0.33750000000000002 -0.47083333333333338 0
      vertex -0.27142857142857146 -0.44761904761904758 0
      vertex -0.32000000000000006 -0.35999999999999999 0
    endloop
  endfacet
  facet normal -0 0 1
    outer loop
      vertex -0.27142857142857146 -0.44761904761904758 0
      vertex -0.18888888888888888 -0.45925925925925926 0
      vertex -0.23333333333333334 -0.35833333333333334 0
    endloop
  endfacet
  facet normal 0 -0 1
    outer loop
      vertex -0.18888888888888888 -0.45925925925925926 0
      vertex -0.13333777639549174 -0.33334666251980871 0
      vertex -0.23333333333333334 -0.35833333333333334 0
    endloop
  endfacet
  facet normal -0 0 1
    outer loop
      vertex -0.18888888888888888 -0.45925925925925926 0
      vertex -0.10555555555555553 -0.46666666666666673 0
      vertex -0.083333333333333315 -0.38333333333333336 0
    endloop
  endfacet
  facet normal 0 0 1
    outer loop
      vertex -0.18888888888888888 -0.45925925925925926 0
      vertex -0.083333333333333315 -0.38333333333333336 0
      vertex -0.13333777639549174 -0.33334666251980871 0
    endloop
  endfacet
  facet normal 0 0 1
    outer loop
      vertex -0.10555555555555553 -0.46666666666666673 0
      vertex -0.038888888888888869 -0.47222222222222221 0
      vertex 2.994866492077704e-17 -0.39047619047619053 -0
    endloop
  endfacet
  facet normal 0 -0 1
    outer loop
      vertex -0.10555555555555553 -0.46666666666666673 0
      vertex 2.994866492077704e-17 -0.39047619047619053 -0
      vertex -0.083333333333333315 -0.38333333333333336 0
    endloop
  endfacet
  facet normal 0 -0 1
    outer loop
      vertex 0.033333333333333368 -0.49166666666666675 -0
      vertex 0.075000000000000025 -0.40833333333333338 -0
      vertex 2.994866492077704e-17 -0.39047619047619053 -0
    endloop
  endfacet
  facet normal -0 0 1
    outer loop
      vertex 0.13750000000000007 -0.39583333333333343 -0
      vertex 0.20000000000000001 -0.46666666666666667 -0
      vertex 0.23333333333333336 -0.38333333333333341 -0
    endloop
  endfacet
  facet normal -0 0 1
    outer loop
      vertex 0.20000000000000001 -0.46666666666666667 -0
      vertex 0.28518518518518526 -0.48148148148148157 -0
      vertex 0.23333333333333336 -0.38333333333333341 -0
    endloop
  endfacet
  facet normal 0 -0 1
    outer loop
      vertex 0.28518518518518526 -0.48148148148148157 -0
      vertex 0.31666666666666665 -0.35000000000000009 0
      vertex 0.23333333333333336 -0.38333333333333341 -0
    endloop
  endfacet
  facet normal 0 0 1
    outer loop
      vertex 0.28518518518518526 -0.48148148148148157 -0
      vertex 0.37619047619047613 -0.45238095238095249 -0
      vertex 0.31666666666666665 -0.35000000000000009 0
    endloop
  endfacet
  facet normal 0 -0 1
    outer loop
      vertex 0.37619047619047613 -0.45238095238095249 -0
      vertex 0.3833333333333333 -0.36666666666666675 -0
      vertex 0.31666666666666665 -0.35000000000000009 0
    endloop
  endfacet
  facet normal 0 0 1
    outer loop
      vertex 0.37619047619047613 -0.45238095238095249 -0
      vertex 0.45714285714285718 -0.40000000000000002 -0
      vertex 0.3833333333333333 -0.36666666666666675 -0
    endloop
  endfacet
  facet normal -0 -0 1
    outer loop
      vertex 0.55000000000000004 -0.46666666666666667 0
      vertex 0.51666666666666672 -0.3666666666666667 0
      vertex 0.45714285714285718 -0.40000000000000002 -0
    endloop
  endfacet
  facet normal 0 0 1
    outer loop
      vertex 0.55000000000000004 -0.46666666666666667 0
      vertex 0.58571428571428574 -0.39047619047619048 -0
      vertex 0.51666666666666672 -0.3666666666666667 0
    endloop
  endfacet
  facet normal 0 -0 1
    outer loop
      vertex 0.72916666666666674 -0.40416666666666673 0
      vertex 0.82777777777777772 -0.4555555555555556 -0
      vertex 0.81666666666666665 -0.375 0
    endloop
  endfacet
  facet normal 0 0 1
    outer loop
      vertex 0.82777777777777772 -0.4555555555555556 -0
      vertex 0.92380952380952386 -0.45238095238095249 -0
      vertex 0.91666666666666685 -0.35000000000000009 -0
    endloop
  endfacet
  facet normal 0 -0 1
    outer loop
      vertex 0.82777777777777772 -0.4555555555555556 -0
      vertex 0.91666666666666685 -0.35000000000000009 -0
      vertex 0.81666666666666665 -0.375 0
    endloop
  endfacet
  facet normal 0 -0 1
    outer loop
      vertex 0.92380952380952386 -0.45238095238095249 -0
      vertex 0.99999925928806477 -0.35000000000000003 0
      vertex 0.91666666666666685 -0.35000000000000009 -0
    endloop
  endfacet
  facet normal 0 -0 1
    outer loop
      vertex -0.78333333333333333 -0.4333333333333334 0
      vertex -0.71666666666666679 -0.35000000000000009 0
      vertex -0.81666666666666676 -0.36666666666666664 0
    endloop
  endfacet
  facet normal 0 -0 1
    outer loop
      vertex -0.27142857142857146 -0.44761904761904758 0
      vertex -0.23333333333333334 -0.35833333333333334 0
      vertex -0.32000000000000006 -0.35999999999999999 0
    endloop
  endfacet
  facet normal 0 -0 1
    outer loop
      vertex -0.93333333333333324 -0.38333333333333336 0
      vertex -0.86249999999999993 -0.30416666666666664 0
      vertex -0.99999833341666244 -0.32777777777777778 0
    endloop
  endfacet
  facet normal 0 0 1
    outer loop
      vertex -0.93333333333333324 -0.38333333333333336 0
      vertex -0.81666666666666676 -0.36666666666666664 0
      vertex -0.86249999999999993 -0.30416666666666664 0
    endloop
  endfacet
  facet normal -0 0 1
    outer loop
      vertex -0.64999999999999991 -0.36666666666666664 0
      vertex -0.5625 -0.39583333333333337 0
      vertex -0.5708333333333333 -0.30416666666666664 0
    endloop
  endfacet
  facet normal 0 0 1
    outer loop
      vertex -0.5625 -0.39583333333333337 0
      vertex -0.46666666666666673 -0.37222222222222223 0
      vertex -0.48333333333333339 -0.30000000000000004 0
    endloop
  endfacet
  facet normal 0 -0 1
    outer loop
      vertex -0.5625 -0.39583333333333337 0
      vertex -0.48333333333333339 -0.30000000000000004 0
      vertex -0.5708333333333333 -0.30416666666666664 0
    endloop
  endfacet
  facet normal -0 0 1
    outer loop
      vertex -0.46666666666666673 -0.37222222222222223 0
      vertex -0.40000000000000002 -0.40000000000000002 0
      vertex -0.40000000000000002 -0.30555555555555558 0
    endloop
  endfacet
  facet normal 0 0 1
    outer loop
      vertex -0.40000000000000002 -0.40000000000000002 0
      vertex -0.32000000000000006 -0.35999999999999999 0
      vertex -0.40000000000000002 -0.30555555555555558 0
    endloop
  endfacet
  facet normal 0 0 1
    outer loop
      vertex -0.23333333333333334 -0.35833333333333334 0
      vertex -0.13333777639549174 -0.33334666251980871 0
      vertex -0.19999777817276926 -0.30000444365446149 0
    endloop
  endfacet
  facet normal -0 0 1
    outer loop
      vertex -0.13333777639549174 -0.33334666251980871 0
      vertex -0.083333333333333315 -0.38333333333333336 0
      vertex -0.033333333333333284 -0.33333333333333337 0
    endloop
  endfacet
  facet normal 0 -0 1
    outer loop
      vertex -0.083333333333333315 -0.38333333333333336 0
      vertex 2.994866492077704e-17 -0.39047619047619053 -0
      vertex -0.033333333333333284 -0.33333333333333337 0
    endloop
  endfacet
  facet normal -0 0 1
    outer loop
      vertex 2.994866492077704e-17 -0.39047619047619053 -0
      vertex 0.075000000000000025 -0.40833333333333338 -0
      vertex 0.1333300004073576 -0.33333333333333343 -0
    endloop
  endfacet
  facet normal 0 -0 1
    outer loop
      vertex 2.994866492077704e-17 -0.39047619047619053 -0
      vertex 0.1333300004073576 -0.33333333333333343 -0
      vertex -0.033333333333333284 -0.33333333333333337 0
    endloop
  endfacet
  facet normal 0 0 1
    outer loop
      vertex 0.075000000000000025 -0.40833333333333338 -0
      vertex 0.13750000000000007 -0.39583333333333343 -0
      vertex 0.1333300004073576 -0.33333333333333343 -0
    endloop
  endfacet
  facet normal 0 -0 1
    outer loop
      vertex 0.13750000000000007 -0.39583333333333343 -0
      vertex 0.19999666740724276 -0.30000148137175026 -0
      vertex 0.1333300004073576 -0.33333333333333343 -0
    endloop
  endfacet
  facet normal 0 0 1
    outer loop
      vertex 0.13750000000000007 -0.39583333333333343 -0
      vertex 0.23333333333333336 -0.38333333333333341 -0
      vertex 0.19999666740724276 -0.30000148137175026 -0
    endloop
  endfacet
  facet normal 0 -0 1
    outer loop
      vertex 0.23333333333333336 -0.38333333333333341 -0
      vertex 0.23333777634614039 -0.26667999570508766 -0
      vertex 0.19999666740724276 -0.30000148137175026 -0
    endloop
  endfacet
  facet normal 0 0 1
    outer loop
      vertex 0.23333333333333336 -0.38333333333333341 -0
      vertex 0.31666666666666665 -0.35000000000000009 0
      vertex 0.23333777634614039 -0.26667999570508766 -0
    endloop
  endfacet
  facet normal -0 0 1
    outer loop
      vertex 0.3833333333333333 -0.36666666666666675 -0
      vertex 0.45714285714285718 -0.40000000000000002 -0
      vertex 0.47142857142857153 -0.29523809523809524 -0
    endloop
  endfacet
  facet normal 0 0 1
    outer loop
      vertex 0.45714285714285718 -0.40000000000000002 -0
      vertex 0.51666666666666672 -0.3666666666666667 0
      vertex 0.47142857142857153 -0.29523809523809524 -0
    endloop
  endfacet
  facet normal 0 -0 1
    outer loop
      vertex 0.51666666666666672 -0.3666666666666667 0
      vertex 0.58571428571428574 -0.39047619047619048 -0
      vertex 0.5625 -0.29583333333333339 0
    endloop
  endfacet
  facet normal -0 0 1
    outer loop
      vertex 0.58571428571428574 -0.39047619047619048 -0
      vertex 0.65000000000000013 -0.41666666666666674 0
      vertex 0.65000000000000013 -0.28333333333333338 0
    endloop
  endfacet
  facet normal -0 0 1
    outer loop
      vertex 0.65000000000000013 -0.41666666666666674 0
      vertex 0.72916666666666674 -0.40416666666666673 0
      vertex 0.71666666666666679 -0.31666666666666676 -0
    endloop
  endfacet
  facet normal 0 -0 1
    outer loop
      vertex 0.65000000000000013 -0.41666666666666674 0
      vertex 0.71666666666666679 -0.31666666666666676 -0
      vertex 0.65000000000000013 -0.28333333333333338 0
    endloop
  endfacet
  facet normal -0 0 1
    outer loop
      vertex 0.72916666666666674 -0.40416666666666673 0
      vertex 0.81666666666666665 -0.375 0
      vertex 0.71666666666666679 -0.31666666666666676 -0
    endloop
  endfacet
  facet normal 0 0 1
    outer loop
      vertex 0.81666666666666665 -0.375 0
      vertex 0.91666666666666685 -0.35000000000000009 -0
      vertex 0.81333333333333335 -0.32000000000000012 -0
    endloop
  endfacet
  facet normal -0 0 1
    outer loop
      vertex -0.86249999999999993 -0.30416666666666664 0
      vertex -0.81666666666666676 -0.36666666666666664 0
      vertex -0.82083333333333341 -0.24583333333333329 0
    endloop
  endfacet
  facet normal 0 -0 1
    outer loop
      vertex -0.81666666666666676 -0.36666666666666664 0
      vertex -0.71666666666666679 -0.35000000000000009 0
      vertex -0.82083333333333341 -0.24583333333333329 0
    endloop
  endfacet
  facet normal -0 0 1
    outer loop
      vertex -0.71666666666666679 -0.35000000000000009 0
      vertex -0.64999999999999991 -0.36666666666666664 0
      vertex -0.66250000000000009 -0.26250000000000001 0
    endloop
  endfacet
  facet normal 0 -0 1
    outer loop
      vertex -0.64999999999999991 -0.36666666666666664 0
      vertex -0.5708333333333333 -0.30416666666666664 0
      vertex -0.66250000000000009 -0.26250000000000001 0
    endloop
  endfacet
  facet normal 0 0 1
    outer loop
      vertex -0.48333333333333339 -0.30000000000000004 0
      vertex -0.46666666666666673 -0.37222222222222223 0
      vertex -0.40000000000000002 -0.30555555555555558 0
    endloop
  endfacet
  facet normal -0 0 1
    outer loop
      vertex -0.40000000000000002 -0.30555555555555558 0
      vertex -0.32000000000000006 -0.35999999999999999 0
      vertex -0.3041666666666667 -0.27083333333333331 0
    endloop
  endfacet
  facet normal 0 0 1
    outer loop
      vertex -0.32000000000000006 -0.35999999999999999 0
      vertex -0.23333333333333334 -0.35833333333333334 0
      vertex -0.3041666666666667 -0.27083333333333331 0
    endloop
  endfacet
  facet normal -0 0 1
    outer loop
      vertex -0.19999777817276926 -0.30000444365446149 0
      vertex -0.13333777639549174 -0.33334666251980871 0
      vertex -0.13333444438271944 -0.30000000000000004 0
    endloop
  endfacet
  facet normal 0 0 1
    outer loop
      vertex 0.1333300004073576 -0.33333333333333343 -0
      vertex 0.19999666740724276 -0.30000148137175026 -0
      vertex 0.1333333333333333 -0.30000000000000004 0
    endloop
  endfacet
  facet normal 0 -0 1
    outer loop
      vertex 0.31666666666666665 -0.35000000000000009 0
      vertex 0.3833333333333333 -0.36666666666666675 -0
      vertex 0.3833333333333333 -0.28333333333333338 0
    endloop
  endfacet
  facet normal 0 0 1
    outer loop
      vertex 0.3833333333333333 -0.36666666666666675 -0
      vertex 0.47142857142857153 -0.29523809523809524 -0
      vertex 0.3833333333333333 -0.28333333333333338 0
    endloop
  endfacet
  facet normal -0 0 1
    outer loop
      vertex 0.51666666666666672 -0.3666666666666667 0
      vertex 0.5625 -0.29583333333333339 0
      vertex 0.47142857142857153 -0.29523809523809524 -0
    endloop
  endfacet
  facet normal 0 -0 1
    outer loop
      vertex 0.58571428571428574 -0.39047619047619048 -0
      vertex 0.65000000000000013 -0.28333333333333338 0
      vertex 0.5625 -0.29583333333333339 0
    endloop
  endfacet
  facet normal 0 0 1
    outer loop
      vertex 0.71666666666666679 -0.31666666666666676 -0
      vertex 0.81666666666666665 -0.375 0
      vertex 0.81333333333333335 -0.32000000000000012 -0
    endloop
  endfacet
  facet normal -0 0 1
    outer loop
      vertex 0.81333333333333335 -0.32000000000000012 -0
      vertex 0.91666666666666685 -0.35000000000000009 -0
      vertex 0.85238095238095246 -0.25714285714285717 -0
    endloop
  endfacet
  facet normal 0 -0 1
    outer loop
      vertex -0.99999833341666244 -0.32777777777777778 0
      vertex -0.9291666666666667 -0.23749999999999999 0
      vertex -0.9999998412732426 -0.17407407407407408 0
    endloop
  endfacet
  facet normal 0 0 1
    outer loop
      vertex -0.99999833341666244 -0.32777777777777778 0
      vertex -0.86249999999999993 -0.30416666666666664 0
      vertex -0.9291666666666667 -0.23749999999999999 0
    endloop
  endfacet
  facet normal -0 0 1
    outer loop
      vertex -0.82083333333333341 -0.24583333333333329 0
      vertex -0.71666666666666679 -0.35000000000000009 0
      vertex -0.76111111111111118 -0.23333333333333334 0
    endloop
  endfacet
  facet normal 0 -0 1
    outer loop
      vertex -0.71666666666666679 -0.35000000000000009 0
      vertex -0.66250000000000009 -0.26250000000000001 0
      vertex -0.76111111111111118 -0.23333333333333334 0
    endloop
  endfacet
  facet normal 0 0 1
    outer loop
      vertex -0.5708333333333333 -0.30416666666666664 0
      vertex -0.48333333333333339 -0.30000000000000004 0
      vertex -0.56190476190476191 -0.22380952380952379 0
    endloop
  endfacet
  facet normal 0 0 1
    outer loop
      vertex -0.40000000000000002 -0.30555555555555558 0
      vertex -0.3041666666666667 -0.27083333333333331 0
      vertex -0.39583333333333337 -0.22916666666666663 0
    endloop
  endfacet
  facet normal -0 0 1
    outer loop
      vertex -0.3041666666666667 -0.27083333333333331 0
      vertex -0.23333333333333334 -0.35833333333333334 0
      vertex -0.23333333333333328 -0.26666666666666672 0
    endloop
  endfacet
  facet normal 0 0 1
    outer loop
      vertex -0.23333333333333334 -0.35833333333333334 0
      vertex -0.19999777817276926 -0.30000444365446149 0
      vertex -0.19999999999999996 -0.26666666666666672 0
    endloop
  endfacet
  facet normal 0 0 1
    outer loop
      vertex -0.23333333333333334 -0.35833333333333334 0
      vertex -0.19999999999999996 -0.26666666666666672 0
      vertex -0.23333333333333328 -0.26666666666666672 0
    endloop
  endfacet
  facet normal 0 0 1
    outer loop
      vertex 0.19999666740724276 -0.30000148137175026 -0
      vertex 0.23333777634614039 -0.26667999570508766 -0
      vertex 0.19999999999999996 -0.26666666666666672 0
    endloop
  endfacet
  facet normal -0 0 1
    outer loop
      vertex 0.23333777634614039 -0.26667999570508766 -0
      vertex 0.31666666666666665 -0.35000000000000009 0
      vertex 0.30000444301280699 -0.2000133290384209 -0
    endloop
  endfacet
  facet normal 0 0 1
    outer loop
      vertex 0.23333777634614039 -0.26667999570508766 -0
      vertex 0.30000444301280699 -0.2000133290384209 -0
      vertex 0.26666666666666661 -0.23333555528398378 -0
    endloop
  endfacet
  facet normal -0 0 1
    outer loop
      vertex 0.31666666666666665 -0.35000000000000009 0
      vertex 0.3833333333333333 -0.28333333333333338 0
      vertex 0.30000444301280699 -0.2000133290384209 -0
    endloop
  endfacet
  facet normal 0 0 1
    outer loop
      vertex 0.3833333333333333 -0.28333333333333338 0
      vertex 0.47142857142857153 -0.29523809523809524 -0
      vertex 0.46111111111111114 -0.23333333333333334 -0
    endloop
  endfacet
  facet normal 0 0 1
    outer loop
      vertex 0.65000000000000013 -0.28333333333333338 0
      vertex 0.71666666666666679 -0.31666666666666676 -0
      vertex 0.72380952380952379 -0.22857142857142856 -0
    endloop
  endfacet
  facet normal -0 0 1
    outer loop
      vertex 0.71666666666666679 -0.31666666666666676 -0
      vertex 0.81333333333333335 -0.32000000000000012 -0
      vertex 0.78666666666666674 -0.23999999999999999 -0
    endloop
  endfacet
  facet normal 0 0 1
    outer loop
      vertex 0.71666666666666679 -0.31666666666666676 -0
      vertex 0.78666666666666674 -0.23999999999999999 -0
      vertex 0.72380952380952379 -0.22857142857142856 -0
    endloop
  endfacet
  facet normal 0 -0 1
    outer loop
      vertex 0.81333333333333335 -0.32000000000000012 -0
      vertex 0.85238095238095246 -0.25714285714285717 -0
      vertex 0.78666666666666674 -0.23999999999999999 -0
    endloop
  endfacet
  facet normal -0 0 1
    outer loop
      vertex 0.85238095238095246 -0.25714285714285717 -0
      vertex 0.91666666666666685 -0.35000000000000009 -0
      vertex 0.92666666666666664 -0.25333333333333335 -0
    endloop
  endfacet
  facet normal 0 0 1
    outer loop
      vertex 0.91666666666666685 -0.35000000000000009 -0
      vertex 0.99999925928806477 -0.35000000000000003 0
      vertex 0.92666666666666664 -0.25333333333333335 -0
    endloop
  endfacet
  facet normal 0 0 1
    outer loop
      vertex -0.9291666666666667 -0.23749999999999999 0
      vertex -0.86249999999999993 -0.30416666666666664 0
      vertex -0.82083333333333341 -0.24583333333333329 0
    endloop
  endfacet
  facet normal -0 0 1
    outer loop
      vertex -0.66250000000000009 -0.26250000000000001 0
      vertex -0.5708333333333333 -0.30416666666666664 0
      vertex -0.56190476190476191 -0.22380952380952379 0
    endloop
  endfacet
  facet normal -0 0 1
    outer loop
      vertex -0.56190476190476191 -0.22380952380952379 0
      vertex -0.48333333333333339 -0.30000000000000004 0
      vertex -0.50476190476190474 -0.19523809523809518 0
    endloop
  endfacet
  facet normal -0 0 1
    outer loop
      vertex -0.48333333333333339 -0.30000000000000004 0
      vertex -0.40000000000000002 -0.30555555555555558 0
      vertex -0.39583333333333337 -0.22916666666666663 0
    endloop
  endfacet
  facet normal 0 -0 1
    outer loop
      vertex -0.48333333333333339 -0.30000000000000004 0
      vertex -0.39583333333333337 -0.22916666666666663 0
      vertex -0.50476190476190474 -0.19523809523809518 0
    endloop
  endfacet
  facet normal 0 0 1
    outer loop
      vertex -0.3041666666666667 -0.27083333333333331 0
      vertex -0.23333333333333328 -0.26666666666666672 0
      vertex -0.23333333333333328 -0.23333333333333328 0
    endloop
  endfacet
  facet normal 0 0 1
    outer loop
      vertex -0.3041666666666667 -0.27083333333333331 0
      vertex -0.23333333333333328 -0.23333333333333328 0
      vertex -0.26666666666666672 -0.23333333333333328 0
    endloop
  endfacet
  facet normal 0 -0 1
    outer loop
      vertex 0.23333777634614039 -0.26667999570508766 -0
      vertex 0.26666666666666661 -0.23333555528398378 -0
      vertex 0.23333333333333339 -0.23333333333333328 0
    endloop
  endfacet
  facet normal 0 0 1
    outer loop
      vertex 0.30000444301280699 -0.2000133290384209 -0
      vertex 0.3833333333333333 -0.28333333333333338 0
      vertex 0.38333333333333336 -0.21111111111111108 -0
    endloop
  endfacet
  facet normal 0 0 1
    outer loop
      vertex 0.3833333333333333 -0.28333333333333338 0
      vertex 0.46111111111111114 -0.23333333333333334 -0
      vertex 0.38333333333333336 -0.21111111111111108 -0
    endloop
  endfacet
  facet normal -0 0 1
    outer loop
      vertex 0.47142857142857153 -0.29523809523809524 -0
      vertex 0.5625 -0.29583333333333339 0
      vertex 0.55833333333333346 -0.22499999999999995 -0
    endloop
  endfacet
  facet normal -0 0 1
    outer loop
      vertex 0.5625 -0.29583333333333339 0
      vertex 0.65000000000000013 -0.28333333333333338 0
      vertex 0.55833333333333346 -0.22499999999999995 -0
    endloop
  endfacet
  facet normal -0 0 1
    outer loop
      vertex 0.92666666666666664 -0.25333333333333335 -0
      vertex 0.99999925928806477 -0.35000000000000003 0
      vertex 1 -0.18333333333333329 0
    endloop
  endfacet
  facet normal 0 0 1
    outer loop
      vertex 0.92666666666666664 -0.25333333333333335 -0
      vertex 1 -0.18333333333333329 0
      vertex 0.94583333333333341 -0.17916666666666664 -0
    endloop
  endfacet
  facet normal -0 0 1
    outer loop
      vertex -0.76111111111111118 -0.23333333333333334 0
      vertex -0.66250000000000009 -0.26250000000000001 0
      vertex -0.71666666666666679 -0.14999999999999997 0
    endloop
  endfacet
  facet normal 0 -0 1
    outer loop
      vertex -0.66250000000000009 -0.26250000000000001 0
      vertex -0.65000000000000002 -0.18333333333333326 0
      vertex -0.71666666666666679 -0.14999999999999997 0
    endloop
  endfacet
  facet normal 0 0 1
    outer loop
      vertex -0.66250000000000009 -0.26250000000000001 0
      vertex -0.56190476190476191 -0.22380952380952379 0
      vertex -0.65000000000000002 -0.18333333333333326 0
    endloop
  endfacet
  facet normal -0 0 1
    outer loop
      vertex -0.39583333333333337 -0.22916666666666663 0
      vertex -0.3041666666666667 -0.27083333333333331 0
      vertex -0.30000444365446149 -0.19999777817276926 0
    endloop
  endfacet
  facet normal 0 0 1
    outer loop
      vertex -0.3041666666666667 -0.27083333333333331 0
      vertex -0.26666666666666672 -0.23333333333333328 0
      vertex -0.26666666666666672 -0.19999999999999996 0
    endloop
  endfacet
  facet normal 0 0 1
    outer loop
      vertex -0.3041666666666667 -0.27083333333333331 0
      vertex -0.26666666666666672 -0.19999999999999996 0
      vertex -0.30000444365446149 -0.19999777817276926 0
    endloop
  endfacet
  facet normal 0 0 1
    outer loop
      vertex 0.26666666666666661 -0.23333555528398378 -0
      vertex 0.30000444301280699 -0.2000133290384209 -0
      vertex 0.26666666666666661 -0.19999999999999996 0
    endloop
  endfacet
  facet normal 0 -0 1
    outer loop
      vertex 0.47142857142857153 -0.29523809523809524 -0
      vertex 0.55833333333333346 -0.22499999999999995 -0
      vertex 0.46111111111111114 -0.23333333333333334 -0
    endloop
  endfacet
  facet normal -0 0 1
    outer loop
      vertex 0.55833333333333346 -0.22499999999999995 -0
      vertex 0.65000000000000013 -0.28333333333333338 0
      vertex 0.68333333333333346 -0.16666666666666663 -0
    endloop
  endfacet
  facet normal 0 0 1
    outer loop
      vertex 0.55833333333333346 -0.22499999999999995 -0
      vertex 0.68333333333333346 -0.16666666666666663 -0
      vertex 0.57333333333333336 -0.17999999999999997 -0
    endloop
  endfacet
  facet normal 0 0 1
    outer loop
      vertex 0.65000000000000013 -0.28333333333333338 0
      vertex 0.72380952380952379 -0.22857142857142856 -0
      vertex 0.68333333333333346 -0.16666666666666663 -0
    endloop
  endfacet
  facet normal -0 0 1
    outer loop
      vertex 0.78666666666666674 -0.23999999999999999 -0
      vertex 0.85238095238095246 -0.25714285714285717 -0
      vertex 0.80476190476190479 -0.15714285714285711 -0
    endloop
  endfacet
  facet normal 0 0 1
    outer loop
      vertex 0.85238095238095246 -0.25714285714285717 -0
      vertex 0.92666666666666664 -0.25333333333333335 -0
      vertex 0.94583333333333341 -0.17916666666666664 -0
    endloop
  endfacet
  facet normal -0 0 1
    outer loop
      vertex -0.9999998412732426 -0.17407407407407408 0
      vertex -0.9291666666666667 -0.23749999999999999 0
      vertex -0.93333333333333324 -0.14999999999999997 0
    endloop
  endfacet
  facet normal -0 0 1
    outer loop
      vertex -0.9291666666666667 -0.23749999999999999 0
      vertex -0.82083333333333341 -0.24583333333333329 0
      vertex -0.81666666666666665 -0.14999999999999997 0
    endloop
  endfacet
  facet normal 0 -0 1
    outer loop
      vertex -0.9291666666666667 -0.23749999999999999 0
      vertex -0.81666666666666665 -0.14999999999999997 0
      vertex -0.93333333333333324 -0.14999999999999997 0
    endloop
  endfacet
  facet normal 0 0 1
    outer loop
      vertex -0.82083333333333341 -0.24583333333333329 0
      vertex -0.76111111111111118 -0.23333333333333334 0
      vertex -0.81666666666666665 -0.14999999999999997 0
    endloop
  endfacet
  facet normal 0 -0 1
    outer loop
      vertex -0.76111111111111118 -0.23333333333333334 0
      vertex -0.71666666666666679 -0.14999999999999997 0
      vertex -0.81666666666666665 -0.14999999999999997 0
    endloop
  endfacet
  facet normal -0 0 1
    outer loop
      vertex -0.65000000000000002 -0.18333333333333326 0
      vertex -0.56190476190476191 -0.22380952380952379 0
      vertex -0.57000000000000017 -0.10666666666666665 0
    endloop
  endfacet
  facet normal 0 -0 1
    outer loop
      vertex -0.56190476190476191 -0.22380952380952379 0
      vertex -0.50476190476190474 -0.19523809523809518 0
      vertex -0.57000000000000017 -0.10666666666666665 0
    endloop
  endfacet
  facet normal -0 0 1
    outer loop
      vertex -0.50476190476190474 -0.19523809523809518 0
      vertex -0.39583333333333337 -0.22916666666666663 0
      vertex -0.46000000000000008 -0.14666666666666664 0
    endloop
  endfacet
  facet normal 0 -0 1
    outer loop
      vertex -0.39583333333333337 -0.22916666666666663 0
      vertex -0.33334666251980871 -0.13333777639549174 0
      vertex -0.46000000000000008 -0.14666666666666664 0
    endloop
  endfacet
  facet normal 0 0 1
    outer loop
      vertex -0.39583333333333337 -0.22916666666666663 0
      vertex -0.30000444365446149 -0.19999777817276926 0
      vertex -0.33334666251980871 -0.13333777639549174 0
    endloop
  endfacet
  facet normal -0 0 1
    outer loop
      vertex 0.30000444301280699 -0.2000133290384209 -0
      vertex 0.38333333333333336 -0.21111111111111108 -0
      vertex 0.33333333333333331 -0.1333355552839838 -0
    endloop
  endfacet
  facet normal 0 -0 1
    outer loop
      vertex 0.30000444301280699 -0.2000133290384209 -0
      vertex 0.33333333333333331 -0.1333355552839838 -0
      vertex 0.30000000000000004 -0.13333444439506389 -0
    endloop
  endfacet
  facet normal 0 0 1
    outer loop
      vertex 0.38333333333333336 -0.21111111111111108 -0
      vertex 0.38 -0.13333333333333333 -0
      vertex 0.33333333333333331 -0.1333355552839838 -0
    endloop
  endfacet
  facet normal 0 -0 1
    outer loop
      vertex 0.38333333333333336 -0.21111111111111108 -0
      vertex 0.44285714285714284 -0.1333333333333333 -0
      vertex 0.38 -0.13333333333333333 -0
    endloop
  endfacet
  facet normal -0 0 1
    outer loop
      vertex 0.38333333333333336 -0.21111111111111108 -0
      vertex 0.46111111111111114 -0.23333333333333334 -0
      vertex 0.44285714285714284 -0.1333333333333333 -0
    endloop
  endfacet
  facet normal 0 -0 1
    outer loop
      vertex 0.46111111111111114 -0.23333333333333334 -0
      vertex 0.52500000000000002 -0.10416666666666663 0
      vertex 0.44285714285714284 -0.1333333333333333 -0
    endloop
  endfacet
  facet normal 0 0 1
    outer loop
      vertex 0.46111111111111114 -0.23333333333333334 -0
      vertex 0.55833333333333346 -0.22499999999999995 -0
      vertex 0.57333333333333336 -0.17999999999999997 -0
    endloop
  endfacet
  facet normal 0 0 1
    outer loop
      vertex 0.46111111111111114 -0.23333333333333334 -0
      vertex 0.57333333333333336 -0.17999999999999997 -0
      vertex 0.52500000000000002 -0.10416666666666663 0
    endloop
  endfacet
  facet normal 0 -0 1
    outer loop
      vertex 0.72380952380952379 -0.22857142857142856 -0
      vertex 0.80476190476190479 -0.15714285714285711 -0
      vertex 0.68333333333333346 -0.16666666666666663 -0
    endloop
  endfacet
  facet normal -0 0 1
    outer loop
      vertex 0.72380952380952379 -0.22857142857142856 -0
      vertex 0.78666666666666674 -0.23999999999999999 -0
      vertex 0.80476190476190479 -0.15714285714285711 -0
    endloop
  endfacet
  facet normal -0 0 1
    outer loop
      vertex 0.80476190476190479 -0.15714285714285711 -0
      vertex 0.85238095238095246 -0.25714285714285717 -0
      vertex 0.86250000000000004 -0.12083333333333331 0
    endloop
  endfacet
  facet normal 0 0 1
    outer loop
      vertex 0.85238095238095246 -0.25714285714285717 -0
      vertex 0.94583333333333341 -0.17916666666666664 -0
      vertex 0.86250000000000004 -0.12083333333333331 0
    endloop
  endfacet
  facet normal -0 0 1
    outer loop
      vertex -0.71666666666666679 -0.14999999999999997 0
      vertex -0.65000000000000002 -0.18333333333333326 0
      vertex -0.65333333333333321 -0.10666666666666665 0
    endloop
  endfacet
  facet normal 0 -0 1
    outer loop
      vertex -0.65000000000000002 -0.18333333333333326 0
      vertex -0.57000000000000017 -0.10666666666666665 0
      vertex -0.65333333333333321 -0.10666666666666665 0
    endloop
  endfacet
  facet normal 0 -0 1
    outer loop
      vertex -0.50476190476190474 -0.19523809523809518 0
      vertex -0.46000000000000008 -0.14666666666666664 0
      vertex -0.57000000000000017 -0.10666666666666665 0
    endloop
  endfacet
  facet normal 0 -0 1
    outer loop
      vertex -0.30000444365446149 -0.19999777817276926 0
      vertex -0.30000000000000004 -0.13333444438271944 0
      vertex -0.33334666251980871 -0.13333777639549174 0
    endloop
  endfacet
  facet normal 0 -0 1
    outer loop
      vertex 0.57333333333333336 -0.17999999999999997 -0
      vertex 0.62380952380952381 -0.11904761904761901 -0
      vertex 0.52500000000000002 -0.10416666666666663 0
    endloop
  endfacet
  facet normal 0 0 1
    outer loop
      vertex 0.57333333333333336 -0.17999999999999997 -0
      vertex 0.68333333333333346 -0.16666666666666663 -0
      vertex 0.62380952380952381 -0.11904761904761901 -0
    endloop
  endfacet
  facet normal 0 0 1
    outer loop
      vertex -0.9999998412732426 -0.17407407407407408 0
      vertex -0.93333333333333324 -0.14999999999999997 0
      vertex -0.9285714285714286 -0.076190476190476183 0
    endloop
  endfacet
  facet normal 0 0 1
    outer loop
      vertex -0.93333333333333324 -0.14999999999999997 0
      vertex -0.81666666666666665 -0.14999999999999997 0
      vertex -0.82333333333333336 -0.073333333333333306 0
    endloop
  endfacet
  facet normal 0 0 1
    outer loop
      vertex -0.93333333333333324 -0.14999999999999997 0
      vertex -0.82333333333333336 -0.073333333333333306 0
      vertex -0.9285714285714286 -0.076190476190476183 0
    endloop
  endfacet
  facet normal 0 -0 1
    outer loop
      vertex -0.81666666666666665 -0.14999999999999997 0
      vertex -0.71666666666666679 -0.14999999999999997 0
      vertex -0.82333333333333336 -0.073333333333333306 0
    endloop
  endfacet
  facet normal -0 0 1
    outer loop
      vertex -0.57000000000000017 -0.10666666666666665 0
      vertex -0.46000000000000008 -0.14666666666666664 0
      vertex -0.46190476190476204 -0.076190476190476183 0
    endloop
  endfacet
  facet normal 0 0 1
    outer loop
      vertex -0.46000000000000008 -0.14666666666666664 0
      vertex -0.33334666251980871 -0.13333777639549174 0
      vertex -0.33333555541976145 -0.078787878787878768 0
    endloop
  endfacet
  facet normal 0 -0 1
    outer loop
      vertex -0.46000000000000008 -0.14666666666666664 0
      vertex -0.33333555541976145 -0.078787878787878768 0
      vertex -0.46190476190476204 -0.076190476190476183 0
    endloop
  endfacet
  facet normal 0 0 1
    outer loop
      vertex 0.33333333333333331 -0.1333355552839838 -0
      vertex 0.38 -0.13333333333333333 -0
      vertex 0.33333370369341581 -0.029999999999999943 0
    endloop
  endfacet
  facet normal -0 0 1
    outer loop
      vertex 0.62380952380952381 -0.11904761904761901 -0
      vertex 0.68333333333333346 -0.16666666666666663 -0
      vertex 0.67500000000000004 -0.074999999999999983 0
    endloop
  endfacet
  facet normal 0 -0 1
    outer loop
      vertex 0.68333333333333346 -0.16666666666666663 -0
      vertex 0.75000000000000011 -0.066666666666666666 -0
      vertex 0.67500000000000004 -0.074999999999999983 0
    endloop
  endfacet
  facet normal 0 0 1
    outer loop
      vertex 0.68333333333333346 -0.16666666666666663 -0
      vertex 0.80476190476190479 -0.15714285714285711 -0
      vertex 0.75000000000000011 -0.066666666666666666 -0
    endloop
  endfacet
  facet normal 0 -0 1
    outer loop
      vertex 0.80476190476190479 -0.15714285714285711 -0
      vertex 0.86250000000000004 -0.12083333333333331 0
      vertex 0.75000000000000011 -0.066666666666666666 -0
    endloop
  endfacet
  facet normal 0 0 1
    outer loop
      vertex 0.86250000000000004 -0.12083333333333331 0
      vertex 0.94583333333333341 -0.17916666666666664 -0
      vertex 0.93333333333333346 -0.083333333333333329 -0
    endloop
  endfacet
  facet normal -0 0 1
    outer loop
      vertex 0.94583333333333341 -0.17916666666666664 -0
      vertex 1 -0.18333333333333329 0
      vertex 1 4.3561694430221012e-17 -0
    endloop
  endfacet
  facet normal 0 -0 1
    outer loop
      vertex 0.94583333333333341 -0.17916666666666664 -0
      vertex 1 4.3561694430221012e-17 -0
      vertex 0.93333333333333346 -0.083333333333333329 -0
    endloop
  endfacet
  facet normal -0 0 1
    outer loop
      vertex -0.82333333333333336 -0.073333333333333306 0
      vertex -0.71666666666666679 -0.14999999999999997 0
      vertex -0.70000000000000007 -0.024999999999999974 0
    endloop
  endfacet
  facet normal 0 0 1
    outer loop
      vertex -0.71666666666666679 -0.14999999999999997 0
      vertex -0.65333333333333321 -0.10666666666666665 0
      vertex -0.70000000000000007 -0.024999999999999974 0
    endloop
  endfacet
  facet normal 0 0 1
    outer loop
      vertex -0.65333333333333321 -0.10666666666666665 0
      vertex -0.57000000000000017 -0.10666666666666665 0
      vertex -0.61904761904761907 -0.0095238095238094917 0
    endloop
  endfacet
  facet normal 0 -0 1
    outer loop
      vertex 0.38 -0.13333333333333333 -0
      vertex 0.45000000000000001 -0.049999999999999989 -0
      vertex 0.33333370369341581 -0.029999999999999943 0
    endloop
  endfacet
  facet normal 0 0 1
    outer loop
      vertex 0.38 -0.13333333333333333 -0
      vertex 0.44285714285714284 -0.1333333333333333 -0
      vertex 0.45000000000000001 -0.049999999999999989 -0
    endloop
  endfacet
  facet normal 0 0 1
    outer loop
      vertex 0.44285714285714284 -0.1333333333333333 -0
      vertex 0.52500000000000002 -0.10416666666666663 0
      vertex 0.45000000000000001 -0.049999999999999989 -0
    endloop
  endfacet
  facet normal 0 0 1
    outer loop
      vertex 0.52500000000000002 -0.10416666666666663 0
      vertex 0.62380952380952381 -0.11904761904761901 -0
      vertex 0.58333333333333348 -0.033333333333333312 -0
    endloop
  endfacet
  facet normal 0 -0 1
    outer loop
      vertex 0.62380952380952381 -0.11904761904761901 -0
      vertex 0.67500000000000004 -0.074999999999999983 0
      vertex 0.58333333333333348 -0.033333333333333312 -0
    endloop
  endfacet
  facet normal -0 0 1
    outer loop
      vertex 0.75000000000000011 -0.066666666666666666 -0
      vertex 0.86250000000000004 -0.12083333333333331 0
      vertex 0.84166666666666656 -0.033333333333333312 -0
    endloop
  endfacet
  facet normal -0 0 1
    outer loop
      vertex -0.9999998412732426 -0.17407407407407408 0
      vertex -0.9285714285714286 -0.076190476190476183 0
      vertex -0.94285714285714284 3.1309967871721449e-17 -0
    endloop
  endfacet
  facet normal 0 0 1
    outer loop
      vertex -0.9999998412732426 -0.17407407407407408 0
      vertex -0.94285714285714284 3.1309967871721449e-17 -0
      vertex -1 0.016666666666666698 0
    endloop
  endfacet
  facet normal -0 0 1
    outer loop
      vertex -0.82333333333333336 -0.073333333333333306 0
      vertex -0.70000000000000007 -0.024999999999999974 0
      vertex -0.77333333333333332 0.016666666666666691 -0
    endloop
  endfacet
  facet normal 0 -0 1
    outer loop
      vertex -0.65333333333333321 -0.10666666666666665 0
      vertex -0.61904761904761907 -0.0095238095238094917 0
      vertex -0.70000000000000007 -0.024999999999999974 0
    endloop
  endfacet
  facet normal 0 -0 1
    outer loop
      vertex -0.57000000000000017 -0.10666666666666665 0
      vertex -0.52380952380952384 -0.019047619047619032 0
      vertex -0.61904761904761907 -0.0095238095238094917 0
    endloop
  endfacet
  facet normal 0 0 1
    outer loop
      vertex -0.57000000000000017 -0.10666666666666665 0
      vertex -0.46190476190476204 -0.076190476190476183 0
      vertex -0.52380952380952384 -0.019047619047619032 0
    endloop
  endfacet
  facet normal 0 0 1
    outer loop
      vertex -0.46190476190476204 -0.076190476190476183 0
      vertex -0.33333555541976145 -0.078787878787878768 0
      vertex -0.38333333333333341 3.6528295850341702e-17 -0
    endloop
  endfacet
  facet normal -0 0 1
    outer loop
      vertex 0.58333333333333348 -0.033333333333333312 -0
      vertex 0.67500000000000004 -0.074999999999999983 0
      vertex 0.65238095238095251 0.009523809523809549 -0
    endloop
  endfacet
  facet normal 0 0 1
    outer loop
      vertex 0.67500000000000004 -0.074999999999999983 0
      vertex 0.7142857142857143 0.023809523809523829 -0
      vertex 0.65238095238095251 0.009523809523809549 -0
    endloop
  endfacet
  facet normal 0 0 1
    outer loop
      vertex 0.67500000000000004 -0.074999999999999983 0
      vertex 0.75000000000000011 -0.066666666666666666 -0
      vertex 0.7142857142857143 0.023809523809523829 -0
    endloop
  endfacet
  facet normal 0 0 1
    outer loop
      vertex 0.86250000000000004 -0.12083333333333331 0
      vertex 0.93333333333333346 -0.083333333333333329 -0
      vertex 0.84166666666666656 -0.033333333333333312 -0
    endloop
  endfacet
  facet normal 0 -0 1
    outer loop
      vertex 0.93333333333333346 -0.083333333333333329 -0
      vertex 0.94285714285714284 3.2671270822665865e-17 -0
      vertex 0.84166666666666656 -0.033333333333333312 -0
    endloop
  endfacet
  facet normal 0 0 1
    outer loop
      vertex 0.93333333333333346 -0.083333333333333329 -0
      vertex 1 4.3561694430221012e-17 -0
      vertex 0.94285714285714284 3.2671270822665865e-17 -0
    endloop
  endfacet
  facet normal 0 0 1
    outer loop
      vertex -0.9285714285714286 -0.076190476190476183 0
      vertex -0.82333333333333336 -0.073333333333333306 0
      vertex -0.86250000000000004 0.037500000000000033 0
    endloop
  endfacet
  facet normal -0 0 1
    outer loop
      vertex -0.9285714285714286 -0.076190476190476183 0
      vertex -0.86250000000000004 0.037500000000000033 0
      vertex -0.94285714285714284 3.1309967871721449e-17 -0
    endloop
  endfacet
  facet normal 0 0 1
    outer loop
      vertex -0.82333333333333336 -0.073333333333333306 0
      vertex -0.77333333333333332 0.016666666666666691 -0
      vertex -0.86250000000000004 0.037500000000000033 0
    endloop
  endfacet
  facet normal 0 0 1
    outer loop
      vertex -0.52380952380952384 -0.019047619047619032 0
      vertex -0.46190476190476204 -0.076190476190476183 0
      vertex -0.45999999999999996 0.020000000000000049 -0
    endloop
  endfacet
  facet normal 0 0 1
    outer loop
      vertex -0.46190476190476204 -0.076190476190476183 0
      vertex -0.38333333333333341 3.6528295850341702e-17 -0
      vertex -0.45999999999999996 0.020000000000000049 -0
    endloop
  endfacet
  facet normal -0 0 1
    outer loop
      vertex -0.38333333333333341 3.6528295850341702e-17 -0
      vertex -0.33333555541976145 -0.078787878787878768 0
      vertex -0.33333499991667087 0.072222222222222257 0
    endloop
  endfacet
  facet normal 0 0 1
    outer loop
      vertex 0.33333370369341581 -0.029999999999999943 0
      vertex 0.45000000000000001 -0.049999999999999989 -0
      vertex 0.38333333333333341 0.033333333333333347 -0
    endloop
  endfacet
  facet normal 0 -0 1
    outer loop
      vertex 0.45000000000000001 -0.049999999999999989 -0
      vertex 0.45714285714285713 0.038095238095238113 -0
      vertex 0.38333333333333341 0.033333333333333347 -0
    endloop
  endfacet
  facet normal 0 0 1
    outer loop
      vertex 0.45000000000000001 -0.049999999999999989 -0
      vertex 0.51666666666666672 0.016666666666666705 -0
      vertex 0.45714285714285713 0.038095238095238113 -0
    endloop
  endfacet
  facet normal -0 0 1
    outer loop
      vertex 0.45000000000000001 -0.049999999999999989 -0
      vertex 0.52500000000000002 -0.10416666666666663 0
      vertex 0.51666666666666672 0.016666666666666705 -0
    endloop
  endfacet
  facet normal 0 0 1
    outer loop
      vertex 0.52500000000000002 -0.10416666666666663 0
      vertex 0.58333333333333348 -0.033333333333333312 -0
      vertex 0.51666666666666672 0.016666666666666705 -0
    endloop
  endfacet
  facet normal 0 -0 1
    outer loop
      vertex 0.75000000000000011 -0.066666666666666666 -0
      vertex 0.78333333333333344 0.033333333333333347 -0
      vertex 0.7142857142857143 0.023809523809523829 -0
    endloop
  endfacet
  facet normal 0 0 1
    outer loop
      vertex 0.75000000000000011 -0.066666666666666666 -0
      vertex 0.84166666666666656 -0.033333333333333312 -0
      vertex 0.78333333333333344 0.033333333333333347 -0
    endloop
  endfacet
  facet normal 0 0 1
    outer loop
      vertex -0.70000000000000007 -0.024999999999999974 0
      vertex -0.61904761904761907 -0.0095238095238094917 0
      vertex -0.6875 0.087500000000000022 0
    endloop
  endfacet
  facet normal -0 0 1
    outer loop
      vertex -0.61904761904761907 -0.0095238095238094917 0
      vertex -0.52380952380952384 -0.019047619047619032 0
      vertex -0.58333333333333337 0.066666666666666707 0
    endloop
  endfacet
  facet normal 0 0 1
    outer loop
      vertex -0.52380952380952384 -0.019047619047619032 0
      vertex -0.45999999999999996 0.020000000000000049 -0
      vertex -0.58333333333333337 0.066666666666666707 0
    endloop
  endfacet
  facet normal -0 0 1
    outer loop
      vertex 0.51666666666666672 0.016666666666666705 -0
      vertex 0.58333333333333348 -0.033333333333333312 -0
      vertex 0.60000000000000009 0.075000000000000039 0
    endloop
  endfacet
  facet normal 0 0 1
    outer loop
      vertex 0.58333333333333348 -0.033333333333333312 -0
      vertex 0.65238095238095251 0.009523809523809549 -0
      vertex 0.60000000000000009 0.075000000000000039 0
    endloop
  endfacet
  facet normal -0 0 1
    outer loop
      vertex 0.78333333333333344 0.033333333333333347 -0
      vertex 0.84166666666666656 -0.033333333333333312 -0
      vertex 0.86666666666666659 0.050000000000000044 -0
    endloop
  endfacet
  facet normal 0 0 1
    outer loop
      vertex 0.84166666666666656 -0.033333333333333312 -0
      vertex 0.94285714285714284 3.2671270822665865e-17 -0
      vertex 0.86666666666666659 0.050000000000000044 -0
    endloop
  endfacet
  facet normal 0 0 1
    outer loop
      vertex -1 0.016666666666666698 0
      vertex -0.94285714285714284 3.1309967871721449e-17 -0
      vertex -0.93333333333333324 0.094444444444444484 -0
    endloop
  endfacet
  facet normal 0 0 1
    outer loop
      vertex -0.94285714285714284 3.1309967871721449e-17 -0
      vertex -0.86250000000000004 0.037500000000000033 0
      vertex -0.93333333333333324 0.094444444444444484 -0
    endloop
  endfacet
  facet normal -0 0 1
    outer loop
      vertex -0.77333333333333332 0.016666666666666691 -0
      vertex -0.70000000000000007 -0.024999999999999974 0
      vertex -0.6875 0.087500000000000022 0
    endloop
  endfacet
  facet normal 0 0 1
    outer loop
      vertex -0.6875 0.087500000000000022 0
      vertex -0.61904761904761907 -0.0095238095238094917 0
      vertex -0.58333333333333337 0.066666666666666707 0
    endloop
  endfacet
  facet normal 0 0 1
    outer loop
      vertex -0.58333333333333337 0.066666666666666707 0
      vertex -0.45999999999999996 0.020000000000000049 -0
      vertex -0.46666666666666673 0.08333333333333337 -0
    endloop
  endfacet
  facet normal -0 0 1
    outer loop
      vertex -0.45999999999999996 0.020000000000000049 -0
      vertex -0.38333333333333341 3.6528295850341702e-17 -0
      vertex -0.33333499991667087 0.072222222222222257 0
    endloop
  endfacet
  facet normal 0 -0 1
    outer loop
      vertex -0.45999999999999996 0.020000000000000049 -0
      vertex -0.33333499991667087 0.072222222222222257 0
      vertex -0.46666666666666673 0.08333333333333337 -0
    endloop
  endfacet
  facet normal 0 -0 1
    outer loop
      vertex 0.51666666666666672 0.016666666666666705 -0
      vertex 0.53333333333333333 0.10952380952380955 -0
      vertex 0.45714285714285713 0.038095238095238113 -0
    endloop
  endfacet
  facet normal 0 0 1
    outer loop
      vertex 0.51666666666666672 0.016666666666666705 -0
      vertex 0.60000000000000009 0.075000000000000039 0
      vertex 0.53333333333333333 0.10952380952380955 -0
    endloop
  endfacet
  facet normal -0 0 1
    outer loop
      vertex 0.86666666666666659 0.050000000000000044 -0
      vertex 0.94285714285714284 3.2671270822665865e-17 -0
      vertex 0.95000000000000007 0.10000000000000001 -0
    endloop
  endfacet
  facet normal 0 0 1
    outer loop
      vertex 0.94285714285714284 3.2671270822665865e-17 -0
      vertex 1 4.3561694430221012e-17 -0
      vertex 0.95000000000000007 0.10000000000000001 -0
    endloop
  endfacet
  facet normal 0 -0 1
    outer loop
      vertex -1 0.016666666666666698 0
      vertex -0.93333333333333324 0.094444444444444484 -0
      vertex -0.99999888893518329 0.1466666666666667 0
    endloop
  endfacet
  facet normal -0 0 1
    outer loop
      vertex -0.86250000000000004 0.037500000000000033 0
      vertex -0.85000000000000009 0.15000000000000002 0
      vertex -0.93333333333333324 0.094444444444444484 -0
    endloop
  endfacet
  facet normal 0 -0 1
    outer loop
      vertex -0.86250000000000004 0.037500000000000033 0
      vertex -0.77333333333333332 0.016666666666666691 -0
      vertex -0.80000000000000004 0.15000000000000002 0
    endloop
  endfacet
  facet normal 0 0 1
    outer loop
      vertex -0.86250000000000004 0.037500000000000033 0
      vertex -0.80000000000000004 0.15000000000000002 0
      vertex -0.85000000000000009 0.15000000000000002 0
    endloop
  endfacet
  facet normal 0 -0 1
    outer loop
      vertex -0.77333333333333332 0.016666666666666691 -0
      vertex -0.75 0.15000000000000002 0
      vertex -0.80000000000000004 0.15000000000000002 0
    endloop
  endfacet
  facet normal 0 0 1
    outer loop
      vertex -0.77333333333333332 0.016666666666666691 -0
      vertex -0.6875 0.087500000000000022 0
      vertex -0.75 0.15000000000000002 0
    endloop
  endfacet
  facet normal 0 0 1
    outer loop
      vertex -0.58333333333333337 0.066666666666666707 0
      vertex -0.46666666666666673 0.08333333333333337 -0
      vertex -0.54999999999999993 0.13333333333333336 -0
    endloop
  endfacet
  facet normal 0 -0 1
    outer loop
      vertex 0.33333370369341581 -0.029999999999999943 0
      vertex 0.38333333333333341 0.033333333333333347 -0
      vertex 0.41666666666666663 0.1166666666666667 0
    endloop
  endfacet
  facet normal -0 0 1
    outer loop
      vertex 0.33333370369341581 -0.029999999999999943 0
      vertex 0.41666666666666663 0.1166666666666667 0
      vertex 0.33333333333333326 0.13333222230863523 -0
    endloop
  endfacet
  facet normal 0 0 1
    outer loop
      vertex 0.38333333333333341 0.033333333333333347 -0
      vertex 0.45714285714285713 0.038095238095238113 -0
      vertex 0.41666666666666663 0.1166666666666667 0
    endloop
  endfacet
  facet normal 0 -0 1
    outer loop
      vertex 0.45714285714285713 0.038095238095238113 -0
      vertex 0.53333333333333333 0.10952380952380955 -0
      vertex 0.41666666666666663 0.1166666666666667 0
    endloop
  endfacet
  facet normal 0 -0 1
    outer loop
      vertex 0.60000000000000009 0.075000000000000039 0
      vertex 0.65238095238095251 0.009523809523809549 -0
      vertex 0.71666666666666667 0.1166666666666667 0
    endloop
  endfacet
  facet normal 0 0 1
    outer loop
      vertex 0.65238095238095251 0.009523809523809549 -0
      vertex 0.7142857142857143 0.023809523809523829 -0
      vertex 0.71666666666666667 0.1166666666666667 0
    endloop
  endfacet
  facet normal 0 0 1
    outer loop
      vertex 0.7142857142857143 0.023809523809523829 -0
      vertex 0.78333333333333344 0.033333333333333347 -0
      vertex 0.71666666666666667 0.1166666666666667 0
    endloop
  endfacet
  facet normal 0 -0 1
    outer loop
      vertex 0.78333333333333344 0.033333333333333347 -0
      vertex 0.84999999999999987 0.1166666666666667 0
      vertex 0.71666666666666667 0.1166666666666667 0
    endloop
  endfacet
  facet normal 0 0 1
    outer loop
      vertex 0.78333333333333344 0.033333333333333347 -0
      vertex 0.86666666666666659 0.050000000000000044 -0
      vertex 0.84999999999999987 0.1166666666666667 0
    endloop
  endfacet
  facet normal 0 -0 1
    outer loop
      vertex 0.86666666666666659 0.050000000000000044 -0
      vertex 0.95000000000000007 0.10000000000000001 -0
      vertex 0.84999999999999987 0.1166666666666667 0
    endloop
  endfacet
  facet normal 0 0 1
    outer loop
      vertex -0.6875 0.087500000000000022 0
      vertex -0.58333333333333337 0.066666666666666707 0
      vertex -0.64333333333333342 0.17333333333333337 -0
    endloop
  endfacet
  facet normal 0 0 1
    outer loop
      vertex -0.58333333333333337 0.066666666666666707 0
      vertex -0.54999999999999993 0.13333333333333336 -0
      vertex -0.64333333333333342 0.17333333333333337 -0
    endloop
  endfacet
  facet normal -0 0 1
    outer loop
      vertex -0.54999999999999993 0.13333333333333336 -0
      vertex -0.46666666666666673 0.08333333333333337 -0
      vertex -0.47083333333333338 0.16250000000000001 0
    endloop
  endfacet
  facet normal -0 0 1
    outer loop
      vertex -0.46666666666666673 0.08333333333333337 -0
      vertex -0.33333499991667087 0.072222222222222257 0
      vertex -0.38333333333333336 0.18333333333333335 0
    endloop
  endfacet
  facet normal 0 -0 1
    outer loop
      vertex -0.46666666666666673 0.08333333333333337 -0
      vertex -0.38333333333333336 0.18333333333333335 0
      vertex -0.47083333333333338 0.16250000000000001 0
    endloop
  endfacet
  facet normal 0 0 1
    outer loop
      vertex -0.33333499991667087 0.072222222222222257 0
      vertex -0.33333333333333343 0.1333355552839838 -0
      vertex -0.38333333333333336 0.18333333333333335 0
    endloop
  endfacet
  facet normal -0 0 1
    outer loop
      vertex 0.60000000000000009 0.075000000000000039 0
      vertex 0.71666666666666667 0.1166666666666667 0
      vertex 0.62777777777777777 0.17222222222222222 -0
    endloop
  endfacet
  facet normal -0 0 1
    outer loop
      vertex 0.95000000000000007 0.10000000000000001 -0
      vertex 1 4.3561694430221012e-17 -0
      vertex 1 0.21666666666666673 -0
    endloop
  endfacet
  facet normal 0 0 1
    outer loop
      vertex -0.99999888893518329 0.1466666666666667 0
      vertex -0.93333333333333324 0.094444444444444484 -0
      vertex -0.92222222222222205 0.19444444444444442 -0
    endloop
  endfacet
  facet normal 0 0 1
    outer loop
      vertex -0.93333333333333324 0.094444444444444484 -0
      vertex -0.85000000000000009 0.15000000000000002 0
      vertex -0.92222222222222205 0.19444444444444442 -0
    endloop
  endfacet
  facet normal 0 0 1
    outer loop
      vertex -0.75 0.15000000000000002 0
      vertex -0.6875 0.087500000000000022 0
      vertex -0.64333333333333342 0.17333333333333337 -0
    endloop
  endfacet
  facet normal -0 0 1
    outer loop
      vertex -0.33333333333333343 0.1333355552839838 -0
      vertex -0.30000000000000004 0.1333333333333333 0
      vertex -0.30000148137175026 0.20000111086425229 -0
    endloop
  endfacet
  facet normal -0 0 1
    outer loop
      vertex 0.30000000000000004 0.13333444438271944 -0
      vertex 0.33333333333333326 0.13333222230863523 -0
      vertex 0.36666666666666659 0.18333333333333332 -0
    endloop
  endfacet
  facet normal -0 0 1
    outer loop
      vertex 0.33333333333333326 0.13333222230863523 -0
      vertex 0.41666666666666663 0.1166666666666667 0
      vertex 0.36666666666666659 0.18333333333333332 -0
    endloop
  endfacet
  facet normal 0 0 1
    outer loop
      vertex 0.41666666666666663 0.1166666666666667 0
      vertex 0.44999999999999996 0.20000000000000001 -0
      vertex 0.36666666666666659 0.18333333333333332 -0
    endloop
  endfacet
  facet normal 0 0 1
    outer loop
      vertex 0.41666666666666663 0.1166666666666667 0
      vertex 0.53333333333333333 0.10952380952380955 -0
      vertex 0.53333333333333333 0.18333333333333335 -0
    endloop
  endfacet
  facet normal 0 0 1
    outer loop
      vertex 0.41666666666666663 0.1166666666666667 0
      vertex 0.53333333333333333 0.18333333333333335 -0
      vertex 0.44999999999999996 0.20000000000000001 -0
    endloop
  endfacet
  facet normal -0 0 1
    outer loop
      vertex 0.53333333333333333 0.10952380952380955 -0
      vertex 0.60000000000000009 0.075000000000000039 0
      vertex 0.62777777777777777 0.17222222222222222 -0
    endloop
  endfacet
  facet normal 0 0 1
    outer loop
      vertex 0.53333333333333333 0.10952380952380955 -0
      vertex 0.62777777777777777 0.17222222222222222 -0
      vertex 0.53333333333333333 0.18333333333333335 -0
    endloop
  endfacet
  facet normal -0 -0 1
    outer loop
      vertex 0.71666666666666667 0.1166666666666667 0
      vertex 0.69999999999999996 0.18333333333333335 0
      vertex 0.62777777777777777 0.17222222222222222 -0
    endloop
  endfacet
  facet normal 0 0 1
    outer loop
      vertex 0.71666666666666667 0.1166666666666667 0
      vertex 0.77777777777777779 0.19444444444444442 -0
      vertex 0.69999999999999996 0.18333333333333335 0
    endloop
  endfacet
  facet normal -0 0 1
    outer loop
      vertex 0.71666666666666667 0.1166666666666667 0
      vertex 0.84999999999999987 0.1166666666666667 0
      vertex 0.77777777777777779 0.19444444444444442 -0
    endloop
  endfacet
  facet normal 0 0 1
    outer loop
      vertex 0.84999999999999987 0.1166666666666667 0
      vertex 0.86190476190476184 0.19047619047619049 -0
      vertex 0.77777777777777779 0.19444444444444442 -0
    endloop
  endfacet
  facet normal 0 0 1
    outer loop
      vertex 0.84999999999999987 0.1166666666666667 0
      vertex 0.95000000000000007 0.10000000000000001 -0
      vertex 0.95000000000000007 0.20000000000000001 -0
    endloop
  endfacet
  facet normal 0 0 1
    outer loop
      vertex 0.84999999999999987 0.1166666666666667 0
      vertex 0.95000000000000007 0.20000000000000001 -0
      vertex 0.86190476190476184 0.19047619047619049 -0
    endloop
  endfacet
  facet normal 0 0 1
    outer loop
      vertex 0.95000000000000007 0.10000000000000001 -0
      vertex 1 0.21666666666666673 -0
      vertex 0.95000000000000007 0.20000000000000001 -0
    endloop
  endfacet
  facet normal -0 0 1
    outer loop
      vertex -0.64333333333333342 0.17333333333333337 -0
      vertex -0.54999999999999993 0.13333333333333336 -0
      vertex -0.55000000000000004 0.25 0
    endloop
  endfacet
  facet normal 0 -0 1
    outer loop
      vertex -0.54999999999999993 0.13333333333333336 -0
      vertex -0.47083333333333338 0.16250000000000001 0
      vertex -0.55000000000000004 0.25 0
    endloop
  endfacet
  facet normal -0 0 1
    outer loop
      vertex -0.47083333333333338 0.16250000000000001 0
      vertex -0.38333333333333336 0.18333333333333335 0
      vertex -0.46190476190476204 0.24285714285714285 -0
    endloop
  endfacet
  facet normal 0 0 1
    outer loop
      vertex -0.38333333333333336 0.18333333333333335 0
      vertex -0.33333333333333343 0.1333355552839838 -0
      vertex -0.30000148137175026 0.20000111086425229 -0
    endloop
  endfacet
  facet normal 0 0 1
    outer loop
      vertex 0.30000000000000004 0.13333444438271944 -0
      vertex 0.36666666666666659 0.18333333333333332 -0
      vertex 0.30000000000000004 0.19999999999999996 0
    endloop
  endfacet
  facet normal 0 -0 1
    outer loop
      vertex -0.99999888893518329 0.1466666666666667 0
      vertex -0.92222222222222205 0.19444444444444442 -0
      vertex -0.94999999999999996 0.28333333333333333 0
    endloop
  endfacet
  facet normal 0 -0 1
    outer loop
      vertex -0.99999888893518329 0.1466666666666667 0
      vertex -0.94999999999999996 0.28333333333333333 0
      vertex -1 0.28333333333333333 0
    endloop
  endfacet
  facet normal -0 0 1
    outer loop
      vertex -0.92222222222222205 0.19444444444444442 -0
      vertex -0.85000000000000009 0.15000000000000002 0
      vertex -0.84166666666666667 0.2583333333333333 0
    endloop
  endfacet
  facet normal 0 0 1
    outer loop
      vertex -0.85000000000000009 0.15000000000000002 0
      vertex -0.80000000000000004 0.15000000000000002 0
      vertex -0.84166666666666667 0.2583333333333333 0
    endloop
  endfacet
  facet normal 0 0 1
    outer loop
      vertex -0.80000000000000004 0.15000000000000002 0
      vertex -0.75 0.15000000000000002 0
      vertex -0.76666666666666661 0.28333333333333333 0
    endloop
  endfacet
  facet normal 0 -0 1
    outer loop
      vertex -0.80000000000000004 0.15000000000000002 0
      vertex -0.76666666666666661 0.28333333333333333 0
      vertex -0.84166666666666667 0.2583333333333333 0
    endloop
  endfacet
  facet normal 0 -0 1
    outer loop
      vertex -0.75 0.15000000000000002 0
      vertex -0.64333333333333342 0.17333333333333337 -0
      vertex -0.65000000000000002 0.25 0
    endloop
  endfacet
  facet normal 0 -0 1
    outer loop
      vertex -0.75 0.15000000000000002 0
      vertex -0.65000000000000002 0.25 0
      vertex -0.76666666666666661 0.28333333333333333 0
    endloop
  endfacet
  facet normal 0 -0 1
    outer loop
      vertex -0.64333333333333342 0.17333333333333337 -0
      vertex -0.55000000000000004 0.25 0
      vertex -0.65000000000000002 0.25 0
    endloop
  endfacet
  facet normal 0 0 1
    outer loop
      vertex -0.55000000000000004 0.25 0
      vertex -0.47083333333333338 0.16250000000000001 0
      vertex -0.46190476190476204 0.24285714285714285 -0
    endloop
  endfacet
  facet normal -0 0 1
    outer loop
      vertex -0.30000148137175026 0.20000111086425229 -0
      vertex -0.26666666666666672 0.19999999999999996 0
      vertex -0.26667111027176355 0.23333555513588181 -0
    endloop
  endfacet
  facet normal -0 0 1
    outer loop
      vertex 0.26666666666666661 0.19999999999999996 0
      vertex 0.30000000000000004 0.19999999999999996 0
      vertex 0.26667999585314189 0.2333377763954918 -0
    endloop
  endfacet
  facet normal 0 0 1
    outer loop
      vertex 0.30000000000000004 0.19999999999999996 0
      vertex 0.36666666666666659 0.18333333333333332 -0
      vertex 0.26667999585314189 0.2333377763954918 -0
    endloop
  endfacet
  facet normal 0 -0 1
    outer loop
      vertex 0.36666666666666659 0.18333333333333332 -0
      vertex 0.41666666666666663 0.26666666666666666 0
      vertex 0.26667999585314189 0.2333377763954918 -0
    endloop
  endfacet
  facet normal 0 0 1
    outer loop
      vertex 0.36666666666666659 0.18333333333333332 -0
      vertex 0.44999999999999996 0.20000000000000001 -0
      vertex 0.41666666666666663 0.26666666666666666 0
    endloop
  endfacet
  facet normal -0 0 1
    outer loop
      vertex 0.44999999999999996 0.20000000000000001 -0
      vertex 0.53333333333333333 0.18333333333333335 -0
      vertex 0.53333333333333333 0.25714285714285717 -0
    endloop
  endfacet
  facet normal -0 0 1
    outer loop
      vertex 0.53333333333333333 0.18333333333333335 -0
      vertex 0.62777777777777777 0.17222222222222222 -0
      vertex 0.6166666666666667 0.25 0
    endloop
  endfacet
  facet normal 0 0 1
    outer loop
      vertex 0.53333333333333333 0.18333333333333335 -0
      vertex 0.6166666666666667 0.25 0
      vertex 0.53333333333333333 0.25714285714285717 -0
    endloop
  endfacet
  facet normal 0 0 1
    outer loop
      vertex 0.62777777777777777 0.17222222222222222 -0
      vertex 0.69999999999999996 0.18333333333333335 0
      vertex 0.68095238095238098 0.27619047619047621 -0
    endloop
  endfacet
  facet normal 0 -0 1
    outer loop
      vertex 0.62777777777777777 0.17222222222222222 -0
      vertex 0.68095238095238098 0.27619047619047621 -0
      vertex 0.6166666666666667 0.25 0
    endloop
  endfacet
  facet normal 0 0 1
    outer loop
      vertex 0.69999999999999996 0.18333333333333335 0
      vertex 0.77777777777777779 0.19444444444444442 -0
      vertex 0.75238095238095248 0.27619047619047621 -0
    endloop
  endfacet
  facet normal 0 0 1
    outer loop
      vertex 0.69999999999999996 0.18333333333333335 0
      vertex 0.75238095238095248 0.27619047619047621 -0
      vertex 0.68095238095238098 0.27619047619047621 -0
    endloop
  endfacet
  facet normal 0 0 1
    outer loop
      vertex 0.86190476190476184 0.19047619047619049 -0
      vertex 0.95000000000000007 0.20000000000000001 -0
      vertex 0.87083333333333335 0.27083333333333337 0
    endloop
  endfacet
  facet normal -0 -0 1
    outer loop
      vertex -0.94999999999999996 0.28333333333333333 0
      vertex -0.92222222222222205 0.19444444444444442 -0
      vertex -0.84166666666666667 0.2583333333333333 0
    endloop
  endfacet
  facet normal -0 0 1
    outer loop
      vertex -0.46190476190476204 0.24285714285714285 -0
      vertex -0.38333333333333336 0.18333333333333335 0
      vertex -0.35999999999999999 0.27999999999999997 -0
    endloop
  endfacet
  facet normal 0 0 1
    outer loop
      vertex -0.38333333333333336 0.18333333333333335 0
      vertex -0.30000148137175026 0.20000111086425229 -0
      vertex -0.35999999999999999 0.27999999999999997 -0
    endloop
  endfacet
  facet normal 0 -0 1
    outer loop
      vertex -0.30000148137175026 0.20000111086425229 -0
      vertex -0.26667111027176355 0.23333555513588181 -0
      vertex -0.35999999999999999 0.27999999999999997 -0
    endloop
  endfacet
  facet normal -0 0 1
    outer loop
      vertex -0.26667111027176355 0.23333555513588181 -0
      vertex -0.23333333333333328 0.23333333333333339 0
      vertex -0.23333777664226546 0.26667110997559879 -0
    endloop
  endfacet
  facet normal 0 0 1
    outer loop
      vertex 0.23333333333333339 0.23333333333333339 0
      vertex 0.26667999585314189 0.2333377763954918 -0
      vertex 0.23333555530866945 0.26666666666666661 -0
    endloop
  endfacet
  facet normal 0 -0 1
    outer loop
      vertex 0.44999999999999996 0.20000000000000001 -0
      vertex 0.53333333333333333 0.25714285714285717 -0
      vertex 0.41666666666666663 0.26666666666666666 0
    endloop
  endfacet
  facet normal -0 0 1
    outer loop
      vertex 0.75238095238095248 0.27619047619047621 -0
      vertex 0.77777777777777779 0.19444444444444442 -0
      vertex 0.80000000000000004 0.31666666666666665 0
    endloop
  endfacet
  facet normal -0 0 1
    outer loop
      vertex 0.77777777777777779 0.19444444444444442 -0
      vertex 0.86190476190476184 0.19047619047619049 -0
      vertex 0.87083333333333335 0.27083333333333337 0
    endloop
  endfacet
  facet normal 0 0 1
    outer loop
      vertex 0.77777777777777779 0.19444444444444442 -0
      vertex 0.87083333333333335 0.27083333333333337 0
      vertex 0.80000000000000004 0.31666666666666665 0
    endloop
  endfacet
  facet normal 0 0 1
    outer loop
      vertex 0.87083333333333335 0.27083333333333337 0
      vertex 0.95000000000000007 0.20000000000000001 -0
      vertex 0.95000000000000007 0.29999999999999999 -0
    endloop
  endfacet
  facet normal 0 0 1
    outer loop
      vertex 0.95000000000000007 0.20000000000000001 -0
      vertex 1 0.21666666666666673 -0
      vertex 0.95000000000000007 0.29999999999999999 -0
    endloop
  endfacet
  facet normal 0 0 1
    outer loop
      vertex -0.94999999999999996 0.28333333333333333 0
      vertex -0.84166666666666667 0.2583333333333333 0
      vertex -0.88095238095238093 0.33809523809523806 -0
    endloop
  endfacet
  facet normal 0 0 1
    outer loop
      vertex -0.76666666666666661 0.28333333333333333 0
      vertex -0.65000000000000002 0.25 0
      vertex -0.69999999999999996 0.31666666666666665 -0
    endloop
  endfacet
  facet normal 0 0 1
    outer loop
      vertex -0.65000000000000002 0.25 0
      vertex -0.62777777777777788 0.33333333333333331 -0
      vertex -0.69999999999999996 0.31666666666666665 -0
    endloop
  endfacet
  facet normal -0 0 1
    outer loop
      vertex -0.65000000000000002 0.25 0
      vertex -0.55000000000000004 0.25 0
      vertex -0.62777777777777788 0.33333333333333331 -0
    endloop
  endfacet
  facet normal 0 0 1
    outer loop
      vertex -0.55000000000000004 0.25 0
      vertex -0.46190476190476204 0.24285714285714285 -0
      vertex -0.48333333333333328 0.33333333333333331 -0
    endloop
  endfacet
  facet normal 0 -0 1
    outer loop
      vertex -0.46190476190476204 0.24285714285714285 -0
      vertex -0.40000000000000002 0.33333333333333337 -0
      vertex -0.48333333333333328 0.33333333333333331 -0
    endloop
  endfacet
  facet normal 0 0 1
    outer loop
      vertex -0.46190476190476204 0.24285714285714285 -0
      vertex -0.35999999999999999 0.27999999999999997 -0
      vertex -0.40000000000000002 0.33333333333333337 -0
    endloop
  endfacet
  facet normal -0 0 1
    outer loop
      vertex -0.35999999999999999 0.27999999999999997 -0
      vertex -0.26667111027176355 0.23333555513588181 -0
      vertex -0.30833333333333335 0.35416666666666663 0
    endloop
  endfacet
  facet normal 0 -0 1
    outer loop
      vertex -0.26667111027176355 0.23333555513588181 -0
      vertex -0.23333777664226546 0.26667110997559879 -0
      vertex -0.30833333333333335 0.35416666666666663 0
    endloop
  endfacet
  facet normal -0 0 1
    outer loop
      vertex -0.23333777664226546 0.26667110997559879 -0
      vertex -0.19999999999999996 0.26666666666666661 0
      vertex -0.19999999999999996 0.30000000000000004 0
    endloop
  endfacet
  facet normal 0 0 1
    outer loop
      vertex 0.19999999999999996 0.26666666666666661 0
      vertex 0.23333555530866945 0.26666666666666661 -0
      vertex 0.2000133291864753 0.30000444306215851 -0
    endloop
  endfacet
  facet normal -0 0 1
    outer loop
      vertex 0.23333555530866945 0.26666666666666661 -0
      vertex 0.26667999585314189 0.2333377763954918 -0
      vertex 0.33333333333333331 0.34999999999999998 0
    endloop
  endfacet
  facet normal 0 -0 1
    outer loop
      vertex 0.23333555530866945 0.26666666666666661 -0
      vertex 0.33333333333333331 0.34999999999999998 0
      vertex 0.2000133291864753 0.30000444306215851 -0
    endloop
  endfacet
  facet normal 0 0 1
    outer loop
      vertex 0.26667999585314189 0.2333377763954918 -0
      vertex 0.41666666666666663 0.26666666666666666 0
      vertex 0.3866666666666666 0.32666666666666666 -0
    endloop
  endfacet
  facet normal 0 0 1
    outer loop
      vertex 0.26667999585314189 0.2333377763954918 -0
      vertex 0.3866666666666666 0.32666666666666666 -0
      vertex 0.33333333333333331 0.34999999999999998 0
    endloop
  endfacet
  facet normal 0 0 1
    outer loop
      vertex 0.41666666666666663 0.26666666666666666 0
      vertex 0.53333333333333333 0.25714285714285717 -0
      vertex 0.48888888888888893 0.33333333333333331 -0
    endloop
  endfacet
  facet normal -0 0 1
    outer loop
      vertex 0.53333333333333333 0.25714285714285717 -0
      vertex 0.6166666666666667 0.25 0
      vertex 0.59999999999999998 0.31666666666666665 -0
    endloop
  endfacet
  facet normal 0 0 1
    outer loop
      vertex 0.6166666666666667 0.25 0
      vertex 0.68095238095238098 0.27619047619047621 -0
      vertex 0.59999999999999998 0.31666666666666665 -0
    endloop
  endfacet
  facet normal -0 0 1
    outer loop
      vertex -0.84166666666666667 0.2583333333333333 0
      vertex -0.76666666666666661 0.28333333333333333 0
      vertex -0.88095238095238093 0.33809523809523806 -0
    endloop
  endfacet
  facet normal -0 0 1
    outer loop
      vertex -0.62777777777777788 0.33333333333333331 -0
      vertex -0.55000000000000004 0.25 0
      vertex -0.5625 0.37083333333333329 0
    endloop
  endfacet
  facet normal 0 0 1
    outer loop
      vertex -0.55000000000000004 0.25 0
      vertex -0.48333333333333328 0.33333333333333331 -0
      vertex -0.5625 0.37083333333333329 0
    endloop
  endfacet
  facet normal 0 -0 1
    outer loop
      vertex -0.35999999999999999 0.27999999999999997 -0
      vertex -0.30833333333333335 0.35416666666666663 0
      vertex -0.40000000000000002 0.33333333333333337 -0
    endloop
  endfacet
  facet normal 0 -0 1
    outer loop
      vertex -0.23333777664226546 0.26667110997559879 -0
      vertex -0.20833333333333331 0.35833333333333334 0
      vertex -0.30833333333333335 0.35416666666666663 0
    endloop
  endfacet
  facet normal 0 0 1
    outer loop
      vertex -0.23333777664226546 0.26667110997559879 -0
      vertex -0.19999999999999996 0.30000000000000004 0
      vertex -0.20833333333333331 0.35833333333333334 0
    endloop
  endfacet
  facet normal 0 0 1
    outer loop
      vertex -0.19999999999999996 0.30000000000000004 0
      vertex -0.13333444439506389 0.30000000000000004 -0
      vertex -0.20833333333333331 0.35833333333333334 0
    endloop
  endfacet
  facet normal 0 -0 1
    outer loop
      vertex -0.13333444439506389 0.30000000000000004 -0
      vertex -0.1333300006295107 0.33333377776098821 -0
      vertex -0.20833333333333331 0.35833333333333334 0
    endloop
  endfacet
  facet normal 0 -0 1
    outer loop
      vertex 0.13333444438271944 0.30000000000000004 -0
      vertex 0.18333333333333332 0.36666666666666659 -0
      vertex 0.13333222230863523 0.33333333333333326 -0
    endloop
  endfacet
  facet normal 0 0 1
    outer loop
      vertex 0.13333444438271944 0.30000000000000004 -0
      vertex 0.2000133291864753 0.30000444306215851 -0
      vertex 0.18333333333333332 0.36666666666666659 -0
    endloop
  endfacet
  facet normal -0 0 1
    outer loop
      vertex 0.3866666666666666 0.32666666666666666 -0
      vertex 0.41666666666666663 0.26666666666666666 0
      vertex 0.48888888888888893 0.33333333333333331 -0
    endloop
  endfacet
  facet normal 0 -0 1
    outer loop
      vertex 0.53333333333333333 0.25714285714285717 -0
      vertex 0.59999999999999998 0.31666666666666665 -0
      vertex 0.48888888888888893 0.33333333333333331 -0
    endloop
  endfacet
  facet normal 0 0 1
    outer loop
      vertex 0.68095238095238098 0.27619047619047621 -0
      vertex 0.75238095238095248 0.27619047619047621 -0
      vertex 0.70833333333333326 0.35833333333333328 0
    endloop
  endfacet
  facet normal 0 0 1
    outer loop
      vertex 0.80000000000000004 0.31666666666666665 0
      vertex 0.87083333333333335 0.27083333333333337 0
      vertex 0.86666666666666681 0.35714285714285715 -0
    endloop
  endfacet
  facet normal 0 0 1
    outer loop
      vertex 0.87083333333333335 0.27083333333333337 0
      vertex 0.95000000000000007 0.29999999999999999 -0
      vertex 0.86666666666666681 0.35714285714285715 -0
    endloop
  endfacet
  facet normal -0 0 1
    outer loop
      vertex 0.95000000000000007 0.29999999999999999 -0
      vertex 1 0.21666666666666673 -0
      vertex 1 0.4333333333333334 -0
    endloop
  endfacet
  facet normal 0 0 1
    outer loop
      vertex -1 0.28333333333333333 0
      vertex -0.94999999999999996 0.28333333333333333 0
      vertex -0.99999777791357192 0.38787878787878782 0
    endloop
  endfacet
  facet normal 0 0 1
    outer loop
      vertex -0.94999999999999996 0.28333333333333333 0
      vertex -0.88095238095238093 0.33809523809523806 -0
      vertex -0.99999777791357192 0.38787878787878782 0
    endloop
  endfacet
  facet normal -0 0 1
    outer loop
      vertex -0.88095238095238093 0.33809523809523806 -0
      vertex -0.76666666666666661 0.28333333333333333 0
      vertex -0.82666666666666677 0.38 -0
    endloop
  endfacet
  facet normal 0 0 1
    outer loop
      vertex -0.76666666666666661 0.28333333333333333 0
      vertex -0.72333333333333338 0.39999999999999997 -0
      vertex -0.82666666666666677 0.38 -0
    endloop
  endfacet
  facet normal 0 0 1
    outer loop
      vertex -0.76666666666666661 0.28333333333333333 0
      vertex -0.69999999999999996 0.31666666666666665 -0
      vertex -0.72333333333333338 0.39999999999999997 -0
    endloop
  endfacet
  facet normal 0 -0 1
    outer loop
      vertex -0.69999999999999996 0.31666666666666665 -0
      vertex -0.62777777777777788 0.33333333333333331 -0
      vertex -0.72333333333333338 0.39999999999999997 -0
    endloop
  endfacet
  facet normal 0 0 1
    outer loop
      vertex -0.48333333333333328 0.33333333333333331 -0
      vertex -0.40000000000000002 0.33333333333333337 -0
      vertex -0.40833333333333333 0.39166666666666661 0
    endloop
  endfacet
  facet normal -0 0 1
    outer loop
      vertex -0.1333300006295107 0.33333377776098821 -0
      vertex 0.016666666666666698 0.33333333333333326 0
      vertex -0.049999999999999982 0.3833333333333333 0
    endloop
  endfacet
  facet normal 0 0 1
    outer loop
      vertex 0.016666666666666698 0.33333333333333326 0
      vertex 0.050000000000000044 0.39999999999999997 -0
      vertex -0.049999999999999982 0.3833333333333333 0
    endloop
  endfacet
  facet normal 0 -0 1
    outer loop
      vertex 0.016666666666666698 0.33333333333333326 0
      vertex 0.13333222230863523 0.33333333333333326 -0
      vertex 0.1166666666666667 0.41666666666666663 0
    endloop
  endfacet
  facet normal -0 0 1
    outer loop
      vertex 0.016666666666666698 0.33333333333333326 0
      vertex 0.1166666666666667 0.41666666666666663 0
      vertex 0.050000000000000044 0.39999999999999997 -0
    endloop
  endfacet
  facet normal 0 -0 1
    outer loop
      vertex 0.13333222230863523 0.33333333333333326 -0
      vertex 0.18333333333333332 0.36666666666666659 -0
      vertex 0.1166666666666667 0.41666666666666663 0
    endloop
  endfacet
  facet normal -0 0 1
    outer loop
      vertex 0.18333333333333332 0.36666666666666659 -0
      vertex 0.2000133291864753 0.30000444306215851 -0
      vertex 0.27333333333333337 0.40999999999999998 -0
    endloop
  endfacet
  facet normal 0 0 1
    outer loop
      vertex 0.2000133291864753 0.30000444306215851 -0
      vertex 0.33333333333333331 0.34999999999999998 0
      vertex 0.27333333333333337 0.40999999999999998 -0
    endloop
  endfacet
  facet normal 0 0 1
    outer loop
      vertex 0.3866666666666666 0.32666666666666666 -0
      vertex 0.48888888888888893 0.33333333333333331 -0
      vertex 0.437037037037037 0.41851851851851846 -0
    endloop
  endfacet
  facet normal -0 0 1
    outer loop
      vertex 0.48888888888888893 0.33333333333333331 -0
      vertex 0.59999999999999998 0.31666666666666665 -0
      vertex 0.60952380952380958 0.38095238095238093 -0
    endloop
  endfacet
  facet normal 0 0 1
    outer loop
      vertex 0.48888888888888893 0.33333333333333331 -0
      vertex 0.60952380952380958 0.38095238095238093 -0
      vertex 0.5095238095238096 0.41428571428571437 -0
    endloop
  endfacet
  facet normal -0 0 1
    outer loop
      vertex 0.59999999999999998 0.31666666666666665 -0
      vertex 0.68095238095238098 0.27619047619047621 -0
      vertex 0.60952380952380958 0.38095238095238093 -0
    endloop
  endfacet
  facet normal 0 -0 1
    outer loop
      vertex 0.68095238095238098 0.27619047619047621 -0
      vertex 0.70833333333333326 0.35833333333333328 0
      vertex 0.60952380952380958 0.38095238095238093 -0
    endloop
  endfacet
  facet normal 0 0 1
    outer loop
      vertex 0.70833333333333326 0.35833333333333328 0
      vertex 0.75238095238095248 0.27619047619047621 -0
      vertex 0.75 0.39999999999999997 -0
    endloop
  endfacet
  facet normal 0 -0 1
    outer loop
      vertex 0.75238095238095248 0.27619047619047621 -0
      vertex 0.80000000000000004 0.31666666666666665 0
      vertex 0.75 0.39999999999999997 -0
    endloop
  endfacet
  facet normal -0 0 1
    outer loop
      vertex 0.86666666666666681 0.35714285714285715 -0
      vertex 0.95000000000000007 0.29999999999999999 -0
      vertex 0.93333333333333324 0.39444444444444438 -0
    endloop
  endfacet
  facet normal 0 -0 1
    outer loop
      vertex 0.95000000000000007 0.29999999999999999 -0
      vertex 1 0.4333333333333334 -0
      vertex 0.93333333333333324 0.39444444444444438 -0
    endloop
  endfacet
  facet normal 0 0 1
    outer loop
      vertex -0.88095238095238093 0.33809523809523806 -0
      vertex -0.82666666666666677 0.38 -0
      vertex -0.85833333333333339 0.44166666666666665 0
    endloop
  endfacet
  facet normal 0 -0 1
    outer loop
      vertex -0.62777777777777788 0.33333333333333331 -0
      vertex -0.61999999999999988 0.43999999999999989 -0
      vertex -0.72333333333333338 0.39999999999999997 -0
    endloop
  endfacet
  facet normal 0 0 1
    outer loop
      vertex -0.62777777777777788 0.33333333333333331 -0
      vertex -0.5625 0.37083333333333329 0
      vertex -0.61999999999999988 0.43999999999999989 -0
    endloop
  endfacet
  facet normal 0 -0 1
    outer loop
      vertex -0.5625 0.37083333333333329 0
      vertex -0.48333333333333328 0.33333333333333331 -0
      vertex -0.51666666666666672 0.43333333333333335 0
    endloop
  endfacet
  facet normal 0 -0 1
    outer loop
      vertex -0.48333333333333328 0.33333333333333331 -0
      vertex -0.40833333333333333 0.39166666666666661 0
      vertex -0.51666666666666672 0.43333333333333335 0
    endloop
  endfacet
  facet normal 0 -0 1
    outer loop
      vertex -0.40000000000000002 0.33333333333333337 -0
      vertex -0.30833333333333335 0.35416666666666663 0
      vertex -0.40833333333333333 0.39166666666666661 0
    endloop
  endfacet
  facet normal -0 0 1
    outer loop
      vertex -0.30833333333333335 0.35416666666666663 0
      vertex -0.20833333333333331 0.35833333333333334 0
      vertex -0.24285714285714285 0.43333333333333324 -0
    endloop
  endfacet
  facet normal 0 -0 1
    outer loop
      vertex -0.20833333333333331 0.35833333333333334 0
      vertex -0.1333300006295107 0.33333377776098821 -0
      vertex -0.13749999999999996 0.4375 0
    endloop
  endfacet
  facet normal 0 -0 1
    outer loop
      vertex -0.1333300006295107 0.33333377776098821 -0
      vertex -0.049999999999999982 0.3833333333333333 0
      vertex -0.13749999999999996 0.4375 0
    endloop
  endfacet
  facet normal 0 0 1
    outer loop
      vertex 0.33333333333333331 0.34999999999999998 0
      vertex 0.3866666666666666 0.32666666666666666 -0
      vertex 0.437037037037037 0.41851851851851846 -0
    endloop
  endfacet
  facet normal 0 0 1
    outer loop
      vertex 0.437037037037037 0.41851851851851846 -0
      vertex 0.48888888888888893 0.33333333333333331 -0
      vertex 0.5095238095238096 0.41428571428571437 -0
    endloop
  endfacet
  facet normal -0 0 1
    outer loop
      vertex 0.60952380952380958 0.38095238095238093 -0
      vertex 0.70833333333333326 0.35833333333333328 0
      vertex 0.66666666666666674 0.44999999999999996 0
    endloop
  endfacet
  facet normal -0 0 1
    outer loop
      vertex 0.75 0.39999999999999997 -0
      vertex 0.80000000000000004 0.31666666666666665 0
      vertex 0.84999999999999998 0.4416666666666666 -0
    endloop
  endfacet
  facet normal 0 0 1
    outer loop
      vertex 0.80000000000000004 0.31666666666666665 0
      vertex 0.86666666666666681 0.35714285714285715 -0
      vertex 0.84999999999999998 0.4416666666666666 -0
    endloop
  endfacet
  facet normal 0 -0 1
    outer loop
      vertex -0.99999777791357192 0.38787878787878782 0
      vertex -0.88095238095238093 0.33809523809523806 -0
      vertex -0.85833333333333339 0.44166666666666665 0
    endloop
  endfacet
  facet normal -0 0 1
    outer loop
      vertex -0.99999777791357192 0.38787878787878782 0
      vertex -0.85833333333333339 0.44166666666666665 0
      vertex -0.94999999999999996 0.46666666666666673 -0
    endloop
  endfacet
  facet normal 0 -0 1
    outer loop
      vertex -0.82666666666666677 0.38 -0
      vertex -0.72333333333333338 0.39999999999999997 -0
      vertex -0.85833333333333339 0.44166666666666665 0
    endloop
  endfacet
  facet normal -0 0 1
    outer loop
      vertex -0.5625 0.37083333333333329 0
      vertex -0.51666666666666672 0.43333333333333335 0
      vertex -0.61999999999999988 0.43999999999999989 -0
    endloop
  endfacet
  facet normal 0 0 1
    outer loop
      vertex -0.51666666666666672 0.43333333333333335 0
      vertex -0.40833333333333333 0.39166666666666661 0
      vertex -0.39999999999999997 0.45714285714285718 -0
    endloop
  endfacet
  facet normal 0 0 1
    outer loop
      vertex -0.40833333333333333 0.39166666666666661 0
      vertex -0.30833333333333335 0.35416666666666663 0
      vertex -0.31666666666666671 0.45000000000000001 -0
    endloop
  endfacet
  facet normal 0 0 1
    outer loop
      vertex -0.40833333333333333 0.39166666666666661 0
      vertex -0.31666666666666671 0.45000000000000001 -0
      vertex -0.39999999999999997 0.45714285714285718 -0
    endloop
  endfacet
  facet normal 0 0 1
    outer loop
      vertex -0.30833333333333335 0.35416666666666663 0
      vertex -0.24285714285714285 0.43333333333333324 -0
      vertex -0.31666666666666671 0.45000000000000001 -0
    endloop
  endfacet
  facet normal -0 0 1
    outer loop
      vertex -0.20833333333333331 0.35833333333333334 0
      vertex -0.13749999999999996 0.4375 0
      vertex -0.24285714285714285 0.43333333333333324 -0
    endloop
  endfacet
  facet normal 0 0 1
    outer loop
      vertex -0.049999999999999982 0.3833333333333333 0
      vertex -0.037499999999999978 0.46250000000000002 -0
      vertex -0.13749999999999996 0.4375 0
    endloop
  endfacet
  facet normal 0 0 1
    outer loop
      vertex -0.049999999999999982 0.3833333333333333 0
      vertex 0.050000000000000044 0.39999999999999997 -0
      vertex -0.037499999999999978 0.46250000000000002 -0
    endloop
  endfacet
  facet normal 0 0 1
    outer loop
      vertex 0.1166666666666667 0.41666666666666663 0
      vertex 0.18333333333333332 0.36666666666666659 -0
      vertex 0.20000000000000001 0.44999999999999996 -0
    endloop
  endfacet
  facet normal 0 0 1
    outer loop
      vertex 0.18333333333333332 0.36666666666666659 -0
      vertex 0.27333333333333337 0.40999999999999998 -0
      vertex 0.20000000000000001 0.44999999999999996 -0
    endloop
  endfacet
  facet normal -0 0 1
    outer loop
      vertex 0.27333333333333337 0.40999999999999998 -0
      vertex 0.33333333333333331 0.34999999999999998 0
      vertex 0.33809523809523806 0.47619047619047616 -0
    endloop
  endfacet
  facet normal 0 0 1
    outer loop
      vertex 0.33333333333333331 0.34999999999999998 0
      vertex 0.437037037037037 0.41851851851851846 -0
      vertex 0.33809523809523806 0.47619047619047616 -0
    endloop
  endfacet
  facet normal -0 0 1
    outer loop
      vertex 0.5095238095238096 0.41428571428571437 -0
      vertex 0.60952380952380958 0.38095238095238093 -0
      vertex 0.60833333333333339 0.48333333333333339 0
    endloop
  endfacet
  facet normal 0 -0 1
    outer loop
      vertex 0.60952380952380958 0.38095238095238093 -0
      vertex 0.66666666666666674 0.44999999999999996 0
      vertex 0.60833333333333339 0.48333333333333339 0
    endloop
  endfacet
  facet normal 0 0 1
    outer loop
      vertex 0.70833333333333326 0.35833333333333328 0
      vertex 0.75 0.39999999999999997 -0
      vertex 0.66666666666666674 0.44999999999999996 0
    endloop
  endfacet
  facet normal 0 -0 1
    outer loop
      vertex 0.86666666666666681 0.35714285714285715 -0
      vertex 0.93333333333333324 0.39444444444444438 -0
      vertex 0.84999999999999998 0.4416666666666666 -0
    endloop
  endfacet
  facet normal 0 0 1
    outer loop
      vertex 0.93333333333333324 0.39444444444444438 -0
      vertex 1 0.4333333333333334 -0
      vertex 0.94999999999999996 0.46666666666666673 -0
    endloop
  endfacet
  facet normal 0 0 1
    outer loop
      vertex -0.99999777791357192 0.38787878787878782 0
      vertex -0.94999999999999996 0.46666666666666673 -0
      vertex -0.9999996296399174 0.57666666666666666 0
    endloop
  endfacet
  facet normal 0 -0 1
    outer loop
      vertex -0.85833333333333339 0.44166666666666665 0
      vertex -0.72333333333333338 0.39999999999999997 -0
      vertex -0.75 0.51666666666666661 0
    endloop
  endfacet
  facet normal 0 0 1
    outer loop
      vertex -0.85833333333333339 0.44166666666666665 0
      vertex -0.75 0.51666666666666661 0
      vertex -0.82499999999999996 0.51666666666666661 0
    endloop
  endfacet
  facet normal 0 -0 1
    outer loop
      vertex -0.72333333333333338 0.39999999999999997 -0
      vertex -0.68571428571428572 0.49047619047619045 -0
      vertex -0.75 0.51666666666666661 0
    endloop
  endfacet
  facet normal 0 0 1
    outer loop
      vertex -0.72333333333333338 0.39999999999999997 -0
      vertex -0.61999999999999988 0.43999999999999989 -0
      vertex -0.68571428571428572 0.49047619047619045 -0
    endloop
  endfacet
  facet normal 0 0 1
    outer loop
      vertex -0.51666666666666672 0.43333333333333335 0
      vertex -0.39999999999999997 0.45714285714285718 -0
      vertex -0.46000000000000002 0.49333333333333335 -0
    endloop
  endfacet
  facet normal 0 0 1
    outer loop
      vertex -0.24285714285714285 0.43333333333333324 -0
      vertex -0.13749999999999996 0.4375 0
      vertex -0.20555555555555549 0.50555555555555565 -0
    endloop
  endfacet
  facet normal -0 0 1
    outer loop
      vertex -0.037499999999999978 0.46250000000000002 -0
      vertex 0.050000000000000044 0.39999999999999997 -0
      vertex 0.033333333333333347 0.5 -0
    endloop
  endfacet
  facet normal 0 -0 1
    outer loop
      vertex 0.050000000000000044 0.39999999999999997 -0
      vertex 0.1166666666666667 0.41666666666666663 0
      vertex 0.033333333333333347 0.5 -0
    endloop
  endfacet
  facet normal -0 0 1
    outer loop
      vertex 0.33809523809523806 0.47619047619047616 -0
      vertex 0.437037037037037 0.41851851851851846 -0
      vertex 0.40666666666666662 0.5 -0
    endloop
  endfacet
  facet normal 0 0 1
    outer loop
      vertex 0.5095238095238096 0.41428571428571437 -0
      vertex 0.60833333333333339 0.48333333333333339 0
      vertex 0.56000000000000005 0.50666666666666671 -0
    endloop
  endfacet
  facet normal 0 0 1
    outer loop
      vertex 0.66666666666666674 0.44999999999999996 0
      vertex 0.75 0.39999999999999997 -0
      vertex 0.73333333333333339 0.50000000000000011 -0
    endloop
  endfacet
  facet normal 0 0 1
    outer loop
      vertex 0.75 0.39999999999999997 -0
      vertex 0.84999999999999998 0.4416666666666666 -0
      vertex 0.82666666666666666 0.48666666666666669 -0
    endloop
  endfacet
  facet normal 0 -0 1
    outer loop
      vertex 0.75 0.39999999999999997 -0
      vertex 0.82666666666666666 0.48666666666666669 -0
      vertex 0.73333333333333339 0.50000000000000011 -0
    endloop
  endfacet
  facet normal 0 -0 1
    outer loop
      vertex 0.93333333333333324 0.39444444444444438 -0
      vertex 0.94999999999999996 0.46666666666666673 -0
      vertex 0.84999999999999998 0.4416666666666666 -0
    endloop
  endfacet
  facet normal -0 0 1
    outer loop
      vertex -0.94999999999999996 0.46666666666666673 -0
      vertex -0.85833333333333339 0.44166666666666665 0
      vertex -0.92857142857142849 0.54285714285714293 -0
    endloop
  endfacet
  facet normal -0 0 1
    outer loop
      vertex -0.85833333333333339 0.44166666666666665 0
      vertex -0.82499999999999996 0.51666666666666661 0
      vertex -0.92857142857142849 0.54285714285714293 -0
    endloop
  endfacet
  facet normal -0 0 1
    outer loop
      vertex -0.68571428571428572 0.49047619047619045 -0
      vertex -0.61999999999999988 0.43999999999999989 -0
      vertex -0.60666666666666669 0.51333333333333342 -0
    endloop
  endfacet
  facet normal -0 0 1
    outer loop
      vertex -0.61999999999999988 0.43999999999999989 -0
      vertex -0.51666666666666672 0.43333333333333335 0
      vertex -0.60666666666666669 0.51333333333333342 -0
    endloop
  endfacet
  facet normal 0 0 1
    outer loop
      vertex -0.51666666666666672 0.43333333333333335 0
      vertex -0.51666666666666683 0.52222222222222237 -0
      vertex -0.60666666666666669 0.51333333333333342 -0
    endloop
  endfacet
  facet normal 0 0 1
    outer loop
      vertex -0.51666666666666672 0.43333333333333335 0
      vertex -0.46000000000000002 0.49333333333333335 -0
      vertex -0.51666666666666683 0.52222222222222237 -0
    endloop
  endfacet
  facet normal -0 0 1
    outer loop
      vertex -0.39999999999999997 0.45714285714285718 -0
      vertex -0.31666666666666671 0.45000000000000001 -0
      vertex -0.36666666666666664 0.54999999999999993 -0
    endloop
  endfacet
  facet normal 0 -0 1
    outer loop
      vertex -0.31666666666666671 0.45000000000000001 -0
      vertex -0.29166666666666669 0.55000000000000004 0
      vertex -0.36666666666666664 0.54999999999999993 -0
    endloop
  endfacet
  facet normal -0 0 1
    outer loop
      vertex -0.31666666666666671 0.45000000000000001 -0
      vertex -0.24285714285714285 0.43333333333333324 -0
      vertex -0.29166666666666669 0.55000000000000004 0
    endloop
  endfacet
  facet normal 0 -0 1
    outer loop
      vertex -0.24285714285714285 0.43333333333333324 -0
      vertex -0.20555555555555549 0.50555555555555565 -0
      vertex -0.29166666666666669 0.55000000000000004 0
    endloop
  endfacet
  facet normal 0 0 1
    outer loop
      vertex -0.13749999999999996 0.4375 0
      vertex -0.12380952380952376 0.53333333333333333 -0
      vertex -0.20555555555555549 0.50555555555555565 -0
    endloop
  endfacet
  facet normal 0 0 1
    outer loop
      vertex -0.13749999999999996 0.4375 0
      vertex -0.037499999999999978 0.46250000000000002 -0
      vertex -0.12380952380952376 0.53333333333333333 -0
    endloop
  endfacet
  facet normal -0 0 1
    outer loop
      vertex 0.033333333333333347 0.5 -0
      vertex 0.1166666666666667 0.41666666666666663 0
      vertex 0.15714285714285714 0.51428571428571423 -0
    endloop
  endfacet
  facet normal 0 0 1
    outer loop
      vertex 0.1166666666666667 0.41666666666666663 0
      vertex 0.20000000000000001 0.44999999999999996 -0
      vertex 0.15714285714285714 0.51428571428571423 -0
    endloop
  endfacet
  facet normal 0 -0 1
    outer loop
      vertex 0.20000000000000001 0.44999999999999996 -0
      vertex 0.25714285714285717 0.53333333333333333 -0
      vertex 0.15714285714285714 0.51428571428571423 -0
    endloop
  endfacet
  facet normal -0 0 1
    outer loop
      vertex 0.20000000000000001 0.44999999999999996 -0
      vertex 0.27333333333333337 0.40999999999999998 -0
      vertex 0.25714285714285717 0.53333333333333333 -0
    endloop
  endfacet
  facet normal 0 -0 1
    outer loop
      vertex 0.27333333333333337 0.40999999999999998 -0
      vertex 0.33809523809523806 0.47619047619047616 -0
      vertex 0.25714285714285717 0.53333333333333333 -0
    endloop
  endfacet
  facet normal 0 -0 1
    outer loop
      vertex 0.437037037037037 0.41851851851851846 -0
      vertex 0.49999999999999994 0.54166666666666663 -0
      vertex 0.40666666666666662 0.5 -0
    endloop
  endfacet
  facet normal -0 0 1
    outer loop
      vertex 0.437037037037037 0.41851851851851846 -0
      vertex 0.5095238095238096 0.41428571428571437 -0
      vertex 0.49999999999999994 0.54166666666666663 -0
    endloop
  endfacet
  facet normal 0 -0 1
    outer loop
      vertex 0.5095238095238096 0.41428571428571437 -0
      vertex 0.56000000000000005 0.50666666666666671 -0
      vertex 0.49999999999999994 0.54166666666666663 -0
    endloop
  endfacet
  facet normal 0 0 1
    outer loop
      vertex -0.9999996296399174 0.57666666666666666 0
      vertex -0.94999999999999996 0.46666666666666673 -0
      vertex -0.92857142857142849 0.54285714285714293 -0
    endloop
  endfacet
  facet normal -0 0 1
    outer loop
      vertex -0.46000000000000002 0.49333333333333335 -0
      vertex -0.39999999999999997 0.45714285714285718 -0
      vertex -0.36666666666666664 0.54999999999999993 -0
    endloop
  endfacet
  facet normal -0 0 1
    outer loop
      vertex -0.12380952380952376 0.53333333333333333 -0
      vertex -0.037499999999999978 0.46250000000000002 -0
      vertex -0.033333333333333305 0.56666666666666676 -0
    endloop
  endfacet
  facet normal 0 0 1
    outer loop
      vertex -0.037499999999999978 0.46250000000000002 -0
      vertex 0.033333333333333347 0.5 -0
      vertex -0.033333333333333305 0.56666666666666676 -0
    endloop
  endfacet
  facet normal 0 0 1
    outer loop
      vertex 0.033333333333333347 0.5 -0
      vertex 0.15714285714285714 0.51428571428571423 -0
      vertex 0.066666666666666707 0.55000000000000004 0
    endloop
  endfacet
  facet normal 0 0 1
    outer loop
      vertex 0.33809523809523806 0.47619047619047616 -0
      vertex 0.40666666666666662 0.5 -0
      vertex 0.38333333333333325 0.56666666666666665 -0
    endloop
  endfacet
  facet normal 0 0 1
    outer loop
      vertex 0.66666666666666674 0.44999999999999996 0
      vertex 0.73333333333333339 0.50000000000000011 -0
      vertex 0.60833333333333339 0.48333333333333339 0
    endloop
  endfacet
  facet normal -0 0 1
    outer loop
      vertex 0.73333333333333339 0.50000000000000011 -0
      vertex 0.82666666666666666 0.48666666666666669 -0
      vertex 0.79047619047619044 0.55238095238095242 -0
    endloop
  endfacet
  facet normal 0 -0 1
    outer loop
      vertex 0.82666666666666666 0.48666666666666669 -0
      vertex 0.91481481481481486 0.55555555555555558 -0
      vertex 0.79047619047619044 0.55238095238095242 -0
    endloop
  endfacet
  facet normal -0 0 1
    outer loop
      vertex 0.82666666666666666 0.48666666666666669 -0
      vertex 0.84999999999999998 0.4416666666666666 -0
      vertex 0.91481481481481486 0.55555555555555558 -0
    endloop
  endfacet
  facet normal 0 0 1
    outer loop
      vertex 0.84999999999999998 0.4416666666666666 -0
      vertex 0.94999999999999996 0.46666666666666673 -0
      vertex 0.91481481481481486 0.55555555555555558 -0
    endloop
  endfacet
  facet normal -0 -0 1
    outer loop
      vertex 0.94999999999999996 0.46666666666666673 -0
      vertex 1 0.4333333333333334 -0
      vertex 0.91481481481481486 0.55555555555555558 -0
    endloop
  endfacet
  facet normal -0 0 1
    outer loop
      vertex -0.92857142857142849 0.54285714285714293 -0
      vertex -0.82499999999999996 0.51666666666666661 0
      vertex -0.83333333333333337 0.59444444444444444 -0
    endloop
  endfacet
  facet normal 0 0 1
    outer loop
      vertex -0.75 0.51666666666666661 0
      vertex -0.68571428571428572 0.49047619047619045 -0
      vertex -0.72857142857142865 0.60952380952380958 -0
    endloop
  endfacet
  facet normal 0 -0 1
    outer loop
      vertex -0.68571428571428572 0.49047619047619045 -0
      vertex -0.64583333333333337 0.61250000000000004 0
      vertex -0.72857142857142865 0.60952380952380958 -0
    endloop
  endfacet
  facet normal 0 0 1
    outer loop
      vertex -0.68571428571428572 0.49047619047619045 -0
      vertex -0.60666666666666669 0.51333333333333342 -0
      vertex -0.64583333333333337 0.61250000000000004 0
    endloop
  endfacet
  facet normal 0 -0 1
    outer loop
      vertex -0.60666666666666669 0.51333333333333342 -0
      vertex -0.56666666666666665 0.60000000000000009 -0
      vertex -0.64583333333333337 0.61250000000000004 0
    endloop
  endfacet
  facet normal 0 0 1
    outer loop
      vertex -0.60666666666666669 0.51333333333333342 -0
      vertex -0.51666666666666683 0.52222222222222237 -0
      vertex -0.56666666666666665 0.60000000000000009 -0
    endloop
  endfacet
  facet normal 0 -0 1
    outer loop
      vertex -0.51666666666666683 0.52222222222222237 -0
      vertex -0.47619047619047622 0.580952380952381 -0
      vertex -0.56666666666666665 0.60000000000000009 -0
    endloop
  endfacet
  facet normal -0 0 1
    outer loop
      vertex -0.51666666666666683 0.52222222222222237 -0
      vertex -0.46000000000000002 0.49333333333333335 -0
      vertex -0.47619047619047622 0.580952380952381 -0
    endloop
  endfacet
  facet normal 0 -0 1
    outer loop
      vertex -0.46000000000000002 0.49333333333333335 -0
      vertex -0.36666666666666664 0.54999999999999993 -0
      vertex -0.47619047619047622 0.580952380952381 -0
    endloop
  endfacet
  facet normal 0 0 1
    outer loop
      vertex -0.29166666666666669 0.55000000000000004 0
      vertex -0.20555555555555549 0.50555555555555565 -0
      vertex -0.24761904761904757 0.62380952380952392 -0
    endloop
  endfacet
  facet normal 0 -0 1
    outer loop
      vertex -0.20555555555555549 0.50555555555555565 -0
      vertex -0.16666666666666663 0.59444444444444444 -0
      vertex -0.24761904761904757 0.62380952380952392 -0
    endloop
  endfacet
  facet normal 0 0 1
    outer loop
      vertex -0.20555555555555549 0.50555555555555565 -0
      vertex -0.12380952380952376 0.53333333333333333 -0
      vertex -0.16666666666666663 0.59444444444444444 -0
    endloop
  endfacet
  facet normal 0 -0 1
    outer loop
      vertex 0.033333333333333347 0.5 -0
      vertex 0.066666666666666707 0.55000000000000004 0
      vertex -0.033333333333333305 0.56666666666666676 -0
    endloop
  endfacet
  facet normal 0 0 1
    outer loop
      vertex 0.066666666666666707 0.55000000000000004 0
      vertex 0.15714285714285714 0.51428571428571423 -0
      vertex 0.1277777777777778 0.59999999999999998 -0
    endloop
  endfacet
  facet normal 0 -0 1
    outer loop
      vertex 0.15714285714285714 0.51428571428571423 -0
      vertex 0.21666666666666665 0.60000000000000009 -0
      vertex 0.1277777777777778 0.59999999999999998 -0
    endloop
  endfacet
  facet normal 0 0 1
    outer loop
      vertex 0.15714285714285714 0.51428571428571423 -0
      vertex 0.25714285714285717 0.53333333333333333 -0
      vertex 0.21666666666666665 0.60000000000000009 -0
    endloop
  endfacet
  facet normal -0 0 1
    outer loop
      vertex 0.25714285714285717 0.53333333333333333 -0
      vertex 0.33809523809523806 0.47619047619047616 -0
      vertex 0.31666666666666665 0.59999999999999998 -0
    endloop
  endfacet
  facet normal 0 -0 1
    outer loop
      vertex 0.33809523809523806 0.47619047619047616 -0
      vertex 0.38333333333333325 0.56666666666666665 -0
      vertex 0.31666666666666665 0.59999999999999998 -0
    endloop
  endfacet
  facet normal -0 0 1
    outer loop
      vertex 0.38333333333333325 0.56666666666666665 -0
      vertex 0.40666666666666662 0.5 -0
      vertex 0.44999999999999996 0.59999999999999998 -0
    endloop
  endfacet
  facet normal 0 0 1
    outer loop
      vertex 0.40666666666666662 0.5 -0
      vertex 0.49999999999999994 0.54166666666666663 -0
      vertex 0.44999999999999996 0.59999999999999998 -0
    endloop
  endfacet
  facet normal -0 0 1
    outer loop
      vertex 0.49999999999999994 0.54166666666666663 -0
      vertex 0.56000000000000005 0.50666666666666671 -0
      vertex 0.55000000000000004 0.60833333333333339 0
    endloop
  endfacet
  facet normal -0 0 1
    outer loop
      vertex 0.56000000000000005 0.50666666666666671 -0
      vertex 0.60833333333333339 0.48333333333333339 0
      vertex 0.661904761904762 0.5904761904761906 -0
    endloop
  endfacet
  facet normal 0 -0 1
    outer loop
      vertex 0.56000000000000005 0.50666666666666671 -0
      vertex 0.661904761904762 0.5904761904761906 -0
      vertex 0.55000000000000004 0.60833333333333339 0
    endloop
  endfacet
  facet normal 0 0 1
    outer loop
      vertex 0.60833333333333339 0.48333333333333339 0
      vertex 0.73333333333333339 0.50000000000000011 -0
      vertex 0.661904761904762 0.5904761904761906 -0
    endloop
  endfacet
  facet normal 0 -0 1
    outer loop
      vertex 0.73333333333333339 0.50000000000000011 -0
      vertex 0.79047619047619044 0.55238095238095242 -0
      vertex 0.661904761904762 0.5904761904761906 -0
    endloop
  endfacet
  facet normal -0 0 1
    outer loop
      vertex 0.91481481481481486 0.55555555555555558 -0
      vertex 1 0.4333333333333334 -0
      vertex 1 0.6166666666666667 0
    endloop
  endfacet
  facet normal 0 -0 1
    outer loop
      vertex -0.92857142857142849 0.54285714285714293 -0
      vertex -0.91666666666666674 0.6166666666666667 0
      vertex -0.9999996296399174 0.57666666666666666 0
    endloop
  endfacet
  facet normal 0 0 1
    outer loop
      vertex -0.92857142857142849 0.54285714285714293 -0
      vertex -0.83333333333333337 0.59444444444444444 -0
      vertex -0.91666666666666674 0.6166666666666667 0
    endloop
  endfacet
  facet normal -0 0 1
    outer loop
      vertex -0.82499999999999996 0.51666666666666661 0
      vertex -0.75 0.51666666666666661 0
      vertex -0.72857142857142865 0.60952380952380958 -0
    endloop
  endfacet
  facet normal 0 0 1
    outer loop
      vertex -0.82499999999999996 0.51666666666666661 0
      vertex -0.72857142857142865 0.60952380952380958 -0
      vertex -0.83333333333333337 0.59444444444444444 -0
    endloop
  endfacet
  facet normal 0 -0 1
    outer loop
      vertex -0.12380952380952376 0.53333333333333333 -0
      vertex -0.083333333333333315 0.6333333333333333 -0
      vertex -0.16666666666666663 0.59444444444444444 -0
    endloop
  endfacet
  facet normal 0 0 1
    outer loop
      vertex -0.12380952380952376 0.53333333333333333 -0
      vertex -0.033333333333333305 0.56666666666666676 -0
      vertex -0.083333333333333315 0.6333333333333333 -0
    endloop
  endfacet
  facet normal -0 0 1
    outer loop
      vertex -0.033333333333333305 0.56666666666666676 -0
      vertex 0.066666666666666707 0.55000000000000004 0
      vertex 0.055555555555555601 0.64814814814814814 -0
    endloop
  endfacet
  facet normal 0 0 1
    outer loop
      vertex 0.066666666666666707 0.55000000000000004 0
      vertex 0.1277777777777778 0.59999999999999998 -0
      vertex 0.055555555555555601 0.64814814814814814 -0
    endloop
  endfacet
  facet normal 0 -0 1
    outer loop
      vertex 0.25714285714285717 0.53333333333333333 -0
      vertex 0.31666666666666665 0.59999999999999998 -0
      vertex 0.21666666666666665 0.60000000000000009 -0
    endloop
  endfacet
  facet normal -0 0 1
    outer loop
      vertex 0.661904761904762 0.5904761904761906 -0
      vertex 0.79047619047619044 0.55238095238095242 -0
      vertex 0.76666666666666672 0.6166666666666667 -0
    endloop
  endfacet
  facet normal 0 -0 1
    outer loop
      vertex 0.79047619047619044 0.55238095238095242 -0
      vertex 0.86666666666666681 0.63333333333333341 -0
      vertex 0.76666666666666672 0.6166666666666667 -0
    endloop
  endfacet
  facet normal 0 0 1
    outer loop
      vertex 0.79047619047619044 0.55238095238095242 -0
      vertex 0.91481481481481486 0.55555555555555558 -0
      vertex 0.86666666666666681 0.63333333333333341 -0
    endloop
  endfacet
  facet normal 0 0 1
    outer loop
      vertex 0.91481481481481486 0.55555555555555558 -0
      vertex 1 0.6166666666666667 0
      vertex 0.95000000000000007 0.6333333333333333 -0
    endloop
  endfacet
  facet normal 0 -0 1
    outer loop
      vertex -0.91666666666666674 0.6166666666666667 0
      vertex -0.83333333333333337 0.59444444444444444 -0
      vertex -0.85000000000000009 0.68333333333333335 0
    endloop
  endfacet
  facet normal -0 0 1
    outer loop
      vertex -0.56666666666666665 0.60000000000000009 -0
      vertex -0.47619047619047622 0.580952380952381 -0
      vertex -0.46666666666666673 0.65000000000000002 -0
    endloop
  endfacet
  facet normal -0 0 1
    outer loop
      vertex -0.47619047619047622 0.580952380952381 -0
      vertex -0.36666666666666664 0.54999999999999993 -0
      vertex -0.35000000000000003 0.65000000000000002 0
    endloop
  endfacet
  facet normal 0 0 1
    outer loop
      vertex -0.47619047619047622 0.580952380952381 -0
      vertex -0.35000000000000003 0.65000000000000002 0
      vertex -0.46666666666666673 0.65000000000000002 -0
    endloop
  endfacet
  facet normal 0 0 1
    outer loop
      vertex -0.36666666666666664 0.54999999999999993 -0
      vertex -0.29166666666666669 0.55000000000000004 0
      vertex -0.35000000000000003 0.65000000000000002 0
    endloop
  endfacet
  facet normal 0 0 1
    outer loop
      vertex -0.29166666666666669 0.55000000000000004 0
      vertex -0.24761904761904757 0.62380952380952392 -0
      vertex -0.35000000000000003 0.65000000000000002 0
    endloop
  endfacet
  facet normal -0 0 1
    outer loop
      vertex -0.24761904761904757 0.62380952380952392 -0
      vertex -0.16666666666666663 0.59444444444444444 -0
      vertex -0.16666666666666663 0.6611111111111112 -0
    endloop
  endfacet
  facet normal -0 0 1
    outer loop
      vertex -0.083333333333333315 0.6333333333333333 -0
      vertex -0.033333333333333305 0.56666666666666676 -0
      vertex -0.016666666666666649 0.68333333333333335 -0
    endloop
  endfacet
  facet normal 0 0 1
    outer loop
      vertex -0.033333333333333305 0.56666666666666676 -0
      vertex 0.055555555555555601 0.64814814814814814 -0
      vertex -0.016666666666666649 0.68333333333333335 -0
    endloop
  endfacet
  facet normal 0 0 1
    outer loop
      vertex 0.21666666666666665 0.60000000000000009 -0
      vertex 0.19166666666666665 0.66666666666666674 0
      vertex 0.1277777777777778 0.59999999999999998 -0
    endloop
  endfacet
  facet normal -0 0 1
    outer loop
      vertex 0.31666666666666665 0.59999999999999998 -0
      vertex 0.38333333333333325 0.56666666666666665 -0
      vertex 0.41428571428571431 0.661904761904762 -0
    endloop
  endfacet
  facet normal 0 0 1
    outer loop
      vertex 0.38333333333333325 0.56666666666666665 -0
      vertex 0.44999999999999996 0.59999999999999998 -0
      vertex 0.41428571428571431 0.661904761904762 -0
    endloop
  endfacet
  facet normal -0 0 1
    outer loop
      vertex 0.44999999999999996 0.59999999999999998 -0
      vertex 0.49999999999999994 0.54166666666666663 -0
      vertex 0.55000000000000004 0.60833333333333339 0
    endloop
  endfacet
  facet normal 0 -0 1
    outer loop
      vertex 0.55000000000000004 0.60833333333333339 0
      vertex 0.661904761904762 0.5904761904761906 -0
      vertex 0.58333333333333337 0.67083333333333339 0
    endloop
  endfacet
  facet normal 0 0 1
    outer loop
      vertex 0.661904761904762 0.5904761904761906 -0
      vertex 0.76666666666666672 0.6166666666666667 -0
      vertex 0.68333333333333335 0.65555555555555556 -0
    endloop
  endfacet
  facet normal 0 -0 1
    outer loop
      vertex 0.91481481481481486 0.55555555555555558 -0
      vertex 0.95000000000000007 0.6333333333333333 -0
      vertex 0.86666666666666681 0.63333333333333341 -0
    endloop
  endfacet
  facet normal 0 -0 1
    outer loop
      vertex -0.9999996296399174 0.57666666666666666 0
      vertex -0.9291666666666667 0.69583333333333341 -0
      vertex -0.99999925928806477 0.72857142857142854 0
    endloop
  endfacet
  facet normal -0 0 1
    outer loop
      vertex -0.9999996296399174 0.57666666666666666 0
      vertex -0.91666666666666674 0.6166666666666667 0
      vertex -0.9291666666666667 0.69583333333333341 -0
    endloop
  endfacet
  facet normal -0 0 1
    outer loop
      vertex -0.91666666666666674 0.6166666666666667 0
      vertex -0.85000000000000009 0.68333333333333335 0
      vertex -0.9291666666666667 0.69583333333333341 -0
    endloop
  endfacet
  facet normal 0 0 1
    outer loop
      vertex -0.85000000000000009 0.68333333333333335 0
      vertex -0.83333333333333337 0.59444444444444444 -0
      vertex -0.75666666666666671 0.69333333333333336 -0
    endloop
  endfacet
  facet normal 0 0 1
    outer loop
      vertex -0.83333333333333337 0.59444444444444444 -0
      vertex -0.72857142857142865 0.60952380952380958 -0
      vertex -0.75666666666666671 0.69333333333333336 -0
    endloop
  endfacet
  facet normal 0 -0 1
    outer loop
      vertex -0.72857142857142865 0.60952380952380958 -0
      vertex -0.64583333333333337 0.61250000000000004 0
      vertex -0.75666666666666671 0.69333333333333336 -0
    endloop
  endfacet
  facet normal 0 0 1
    outer loop
      vertex -0.64583333333333337 0.61250000000000004 0
      vertex -0.56666666666666665 0.60000000000000009 -0
      vertex -0.52777777777777779 0.68888888888888877 -0
    endloop
  endfacet
  facet normal 0 0 1
    outer loop
      vertex -0.64583333333333337 0.61250000000000004 0
      vertex -0.52777777777777779 0.68888888888888877 -0
      vertex -0.62666666666666682 0.71666666666666667 -0
    endloop
  endfacet
  facet normal 0 0 1
    outer loop
      vertex -0.56666666666666665 0.60000000000000009 -0
      vertex -0.46666666666666673 0.65000000000000002 -0
      vertex -0.52777777777777779 0.68888888888888877 -0
    endloop
  endfacet
  facet normal 0 0 1
    outer loop
      vertex -0.16666666666666663 0.59444444444444444 -0
      vertex -0.083333333333333315 0.6333333333333333 -0
      vertex -0.16666666666666663 0.6611111111111112 -0
    endloop
  endfacet
  facet normal -0 0 1
    outer loop
      vertex 0.055555555555555601 0.64814814814814814 -0
      vertex 0.1277777777777778 0.59999999999999998 -0
      vertex 0.13333333333333336 0.69444444444444431 -0
    endloop
  endfacet
  facet normal 0 0 1
    outer loop
      vertex 0.1277777777777778 0.59999999999999998 -0
      vertex 0.19166666666666665 0.66666666666666674 0
      vertex 0.13333333333333336 0.69444444444444431 -0
    endloop
  endfacet
  facet normal 0 0 1
    outer loop
      vertex 0.19166666666666665 0.66666666666666674 0
      vertex 0.21666666666666665 0.60000000000000009 -0
      vertex 0.27619047619047621 0.68095238095238098 -0
    endloop
  endfacet
  facet normal -0 0 1
    outer loop
      vertex 0.21666666666666665 0.60000000000000009 -0
      vertex 0.31666666666666665 0.59999999999999998 -0
      vertex 0.27619047619047621 0.68095238095238098 -0
    endloop
  endfacet
  facet normal 0 -0 1
    outer loop
      vertex 0.31666666666666665 0.59999999999999998 -0
      vertex 0.41428571428571431 0.661904761904762 -0
      vertex 0.27619047619047621 0.68095238095238098 -0
    endloop
  endfacet
  facet normal 0 -0 1
    outer loop
      vertex 0.44999999999999996 0.59999999999999998 -0
      vertex 0.55000000000000004 0.60833333333333339 0
      vertex 0.41428571428571431 0.661904761904762 -0
    endloop
  endfacet
  facet normal 0 0 1
    outer loop
      vertex 0.58333333333333337 0.67083333333333339 0
      vertex 0.661904761904762 0.5904761904761906 -0
      vertex 0.68333333333333335 0.65555555555555556 -0
    endloop
  endfacet
  facet normal 0 -0 1
    outer loop
      vertex 0.76666666666666672 0.6166666666666667 -0
      vertex 0.77500000000000013 0.71666666666666667 -0
      vertex 0.68333333333333335 0.65555555555555556 -0
    endloop
  endfacet
  facet normal 0 0 1
    outer loop
      vertex 0.76666666666666672 0.6166666666666667 -0
      vertex 0.86666666666666681 0.63333333333333341 -0
      vertex 0.85416666666666663 0.70833333333333326 0
    endloop
  endfacet
  facet normal 0 0 1
    outer loop
      vertex 0.76666666666666672 0.6166666666666667 -0
      vertex 0.85416666666666663 0.70833333333333326 0
      vertex 0.77500000000000013 0.71666666666666667 -0
    endloop
  endfacet
  facet normal -0 0 1
    outer loop
      vertex -0.75666666666666671 0.69333333333333336 -0
      vertex -0.64583333333333337 0.61250000000000004 0
      vertex -0.62666666666666682 0.71666666666666667 -0
    endloop
  endfacet
  facet normal 0 -0 1
    outer loop
      vertex -0.46666666666666673 0.65000000000000002 -0
      vertex -0.40000000000000008 0.7238095238095239 -0
      vertex -0.52777777777777779 0.68888888888888877 -0
    endloop
  endfacet
  facet normal 0 0 1
    outer loop
      vertex -0.46666666666666673 0.65000000000000002 -0
      vertex -0.35000000000000003 0.65000000000000002 0
      vertex -0.40000000000000008 0.7238095238095239 -0
    endloop
  endfacet
  facet normal -0 0 1
    outer loop
      vertex -0.35000000000000003 0.65000000000000002 0
      vertex -0.28333333333333333 0.71666666666666656 0
      vertex -0.40000000000000008 0.7238095238095239 -0
    endloop
  endfacet
  facet normal 0 -0 1
    outer loop
      vertex -0.35000000000000003 0.65000000000000002 0
      vertex -0.24761904761904757 0.62380952380952392 -0
      vertex -0.28333333333333333 0.71666666666666656 0
    endloop
  endfacet
  facet normal 0 0 1
    outer loop
      vertex -0.24761904761904757 0.62380952380952392 -0
      vertex -0.16666666666666663 0.6611111111111112 -0
      vertex -0.16666666666666663 0.7416666666666667 0
    endloop
  endfacet
  facet normal 0 -0 1
    outer loop
      vertex -0.24761904761904757 0.62380952380952392 -0
      vertex -0.16666666666666663 0.7416666666666667 0
      vertex -0.28333333333333333 0.71666666666666656 0
    endloop
  endfacet
  facet normal -0 0 1
    outer loop
      vertex -0.16666666666666663 0.6611111111111112 -0
      vertex -0.083333333333333315 0.6333333333333333 -0
      vertex -0.083333333333333315 0.71666666666666667 0
    endloop
  endfacet
  facet normal 0 0 1
    outer loop
      vertex -0.083333333333333315 0.6333333333333333 -0
      vertex -0.016666666666666649 0.68333333333333335 -0
      vertex -0.083333333333333315 0.71666666666666667 0
    endloop
  endfacet
  facet normal -0 0 1
    outer loop
      vertex 0.27619047619047621 0.68095238095238098 -0
      vertex 0.41428571428571431 0.661904761904762 -0
      vertex 0.39166666666666661 0.72499999999999998 0
    endloop
  endfacet
  facet normal -0 0 1
    outer loop
      vertex 0.41428571428571431 0.661904761904762 -0
      vertex 0.55000000000000004 0.60833333333333339 0
      vertex 0.50000000000000011 0.73333333333333339 -0
    endloop
  endfacet
  facet normal -0 0 1
    outer loop
      vertex 0.55000000000000004 0.60833333333333339 0
      vertex 0.58333333333333337 0.67083333333333339 0
      vertex 0.50000000000000011 0.73333333333333339 -0
    endloop
  endfacet
  facet normal 0 -0 1
    outer loop
      vertex 0.68333333333333335 0.65555555555555556 -0
      vertex 0.69999999999999996 0.73333333333333339 -0
      vertex 0.58333333333333337 0.67083333333333339 0
    endloop
  endfacet
  facet normal 0 0 1
    outer loop
      vertex 0.68333333333333335 0.65555555555555556 -0
      vertex 0.77500000000000013 0.71666666666666667 -0
      vertex 0.69999999999999996 0.73333333333333339 -0
    endloop
  endfacet
  facet normal -0 0 1
    outer loop
      vertex 0.86666666666666681 0.63333333333333341 -0
      vertex 0.95000000000000007 0.6333333333333333 -0
      vertex 0.94999999999999996 0.73333333333333328 -0
    endloop
  endfacet
  facet normal 0 -0 1
    outer loop
      vertex 0.86666666666666681 0.63333333333333341 -0
      vertex 0.94999999999999996 0.73333333333333328 -0
      vertex 0.85416666666666663 0.70833333333333326 0
    endloop
  endfacet
  facet normal -0 0 1
    outer loop
      vertex 0.95000000000000007 0.6333333333333333 -0
      vertex 1 0.6166666666666667 0
      vertex 0.99999833341666244 0.79444444444444429 -0
    endloop
  endfacet
  facet normal 0 -0 1
    outer loop
      vertex 0.95000000000000007 0.6333333333333333 -0
      vertex 0.99999833341666244 0.79444444444444429 -0
      vertex 0.94999999999999996 0.73333333333333328 -0
    endloop
  endfacet
  facet normal 0 0 1
    outer loop
      vertex -0.75666666666666671 0.69333333333333336 -0
      vertex -0.62666666666666682 0.71666666666666667 -0
      vertex -0.7238095238095239 0.76190476190476197 -0
    endloop
  endfacet
  facet normal -0 0 1
    outer loop
      vertex -0.62666666666666682 0.71666666666666667 -0
      vertex -0.52777777777777779 0.68888888888888877 -0
      vertex -0.5444444444444444 0.77222222222222214 -0
    endloop
  endfacet
  facet normal 0 -0 1
    outer loop
      vertex -0.52777777777777779 0.68888888888888877 -0
      vertex -0.48333333333333339 0.75 0
      vertex -0.5444444444444444 0.77222222222222214 -0
    endloop
  endfacet
  facet normal 0 0 1
    outer loop
      vertex -0.52777777777777779 0.68888888888888877 -0
      vertex -0.40000000000000008 0.7238095238095239 -0
      vertex -0.48333333333333339 0.75 0
    endloop
  endfacet
  facet normal 0 0 1
    outer loop
      vertex -0.16666666666666663 0.6611111111111112 -0
      vertex -0.083333333333333315 0.71666666666666667 0
      vertex -0.16666666666666663 0.7416666666666667 0
    endloop
  endfacet
  facet normal -0 0 1
    outer loop
      vertex -0.016666666666666649 0.68333333333333335 -0
      vertex 0.055555555555555601 0.64814814814814814 -0
      vertex 0.023333333333333352 0.77333333333333332 -0
    endloop
  endfacet
  facet normal 0 0 1
    outer loop
      vertex 0.055555555555555601 0.64814814814814814 -0
      vertex 0.13333333333333336 0.69444444444444431 -0
      vertex 0.11666666666666671 0.78333333333333333 -0
    endloop
  endfacet
  facet normal 0 -0 1
    outer loop
      vertex 0.055555555555555601 0.64814814814814814 -0
      vertex 0.11666666666666671 0.78333333333333333 -0
      vertex 0.023333333333333352 0.77333333333333332 -0
    endloop
  endfacet
  facet normal -0 0 1
    outer loop
      vertex 0.13333333333333336 0.69444444444444431 -0
      vertex 0.19166666666666665 0.66666666666666674 0
      vertex 0.21666666666666667 0.76666666666666672 -0
    endloop
  endfacet
  facet normal 0 0 1
    outer loop
      vertex 0.19166666666666665 0.66666666666666674 0
      vertex 0.27619047619047621 0.68095238095238098 -0
      vertex 0.21666666666666667 0.76666666666666672 -0
    endloop
  endfacet
  facet normal 0 -0 1
    outer loop
      vertex 0.27619047619047621 0.68095238095238098 -0
      vertex 0.30000000000000004 0.77333333333333343 -0
      vertex 0.21666666666666667 0.76666666666666672 -0
    endloop
  endfacet
  facet normal 0 0 1
    outer loop
      vertex 0.27619047619047621 0.68095238095238098 -0
      vertex 0.39166666666666661 0.72499999999999998 0
      vertex 0.30000000000000004 0.77333333333333343 -0
    endloop
  endfacet
  facet normal 0 0 1
    outer loop
      vertex 0.39166666666666661 0.72499999999999998 0
      vertex 0.41428571428571431 0.661904761904762 -0
      vertex 0.50000000000000011 0.73333333333333339 -0
    endloop
  endfacet
  facet normal -0 0 1
    outer loop
      vertex 0.50000000000000011 0.73333333333333339 -0
      vertex 0.58333333333333337 0.67083333333333339 0
      vertex 0.56666666666666676 0.76666666666666672 -0
    endloop
  endfacet
  facet normal 0 0 1
    outer loop
      vertex 0.58333333333333337 0.67083333333333339 0
      vertex 0.66000000000000003 0.77333333333333343 -0
      vertex 0.56666666666666676 0.76666666666666672 -0
    endloop
  endfacet
  facet normal 0 0 1
    outer loop
      vertex 0.58333333333333337 0.67083333333333339 0
      vertex 0.69999999999999996 0.73333333333333339 -0
      vertex 0.66000000000000003 0.77333333333333343 -0
    endloop
  endfacet
  facet normal 0 -0 1
    outer loop
      vertex -0.99999925928806477 0.72857142857142854 0
      vertex -0.9291666666666667 0.69583333333333341 -0
      vertex -0.90833333333333333 0.79166666666666652 0
    endloop
  endfacet
  facet normal -0 0 1
    outer loop
      vertex -0.9291666666666667 0.69583333333333341 -0
      vertex -0.85000000000000009 0.68333333333333335 0
      vertex -0.90833333333333333 0.79166666666666652 0
    endloop
  endfacet
  facet normal 0 0 1
    outer loop
      vertex -0.85000000000000009 0.68333333333333335 0
      vertex -0.81666666666666665 0.80833333333333313 -0
      vertex -0.90833333333333333 0.79166666666666652 0
    endloop
  endfacet
  facet normal 0 0 1
    outer loop
      vertex -0.85000000000000009 0.68333333333333335 0
      vertex -0.75666666666666671 0.69333333333333336 -0
      vertex -0.81666666666666665 0.80833333333333313 -0
    endloop
  endfacet
  facet normal 0 -0 1
    outer loop
      vertex -0.75666666666666671 0.69333333333333336 -0
      vertex -0.7238095238095239 0.76190476190476197 -0
      vertex -0.81666666666666665 0.80833333333333313 -0
    endloop
  endfacet
  facet normal 0 0 1
    outer loop
      vertex -0.48333333333333339 0.75 0
      vertex -0.40000000000000008 0.7238095238095239 -0
      vertex -0.45416666666666666 0.80833333333333313 -0
    endloop
  endfacet
  facet normal -0 0 1
    outer loop
      vertex -0.40000000000000008 0.7238095238095239 -0
      vertex -0.28333333333333333 0.71666666666666656 0
      vertex -0.32380952380952377 0.78095238095238095 -0
    endloop
  endfacet
  facet normal 0 0 1
    outer loop
      vertex -0.28333333333333333 0.71666666666666656 0
      vertex -0.22777777777777775 0.7944444444444444 -0
      vertex -0.32380952380952377 0.78095238095238095 -0
    endloop
  endfacet
  facet normal -0 0 1
    outer loop
      vertex -0.28333333333333333 0.71666666666666656 0
      vertex -0.16666666666666663 0.7416666666666667 0
      vertex -0.22777777777777775 0.7944444444444444 -0
    endloop
  endfacet
  facet normal 0 0 1
    outer loop
      vertex -0.16666666666666663 0.7416666666666667 0
      vertex -0.083333333333333315 0.71666666666666667 0
      vertex -0.095833333333333326 0.8041666666666667 -0
    endloop
  endfacet
  facet normal 0 0 1
    outer loop
      vertex -0.083333333333333315 0.71666666666666667 0
      vertex -0.016666666666666649 0.68333333333333335 -0
      vertex 0.023333333333333352 0.77333333333333332 -0
    endloop
  endfacet
  facet normal 0 0 1
    outer loop
      vertex -0.083333333333333315 0.71666666666666667 0
      vertex 0.023333333333333352 0.77333333333333332 -0
      vertex -0.095833333333333326 0.8041666666666667 -0
    endloop
  endfacet
  facet normal 0 0 1
    outer loop
      vertex 0.11666666666666671 0.78333333333333333 -0
      vertex 0.13333333333333336 0.69444444444444431 -0
      vertex 0.21666666666666667 0.76666666666666672 -0
    endloop
  endfacet
  facet normal 0 0 1
    outer loop
      vertex 0.39166666666666661 0.72499999999999998 0
      vertex 0.3666666666666667 0.76666666666666672 -0
      vertex 0.30000000000000004 0.77333333333333343 -0
    endloop
  endfacet
  facet normal -0 0 1
    outer loop
      vertex 0.77500000000000013 0.71666666666666667 -0
      vertex 0.85416666666666663 0.70833333333333326 0
      vertex 0.87083333333333335 0.79583333333333339 0
    endloop
  endfacet
  facet normal 0 -0 1
    outer loop
      vertex 0.85416666666666663 0.70833333333333326 0
      vertex 0.94999999999999996 0.73333333333333328 -0
      vertex 0.87083333333333335 0.79583333333333339 0
    endloop
  endfacet
  facet normal 0 0 1
    outer loop
      vertex -0.99999851859258893 0.82962962962962949 0
      vertex -0.99999925928806477 0.72857142857142854 0
      vertex -0.90833333333333333 0.79166666666666652 0
    endloop
  endfacet
  facet normal 0 0 1
    outer loop
      vertex -0.7238095238095239 0.76190476190476197 -0
      vertex -0.60952380952380947 0.81428571428571406 -0
      vertex -0.70833333333333326 0.84166666666666656 0
    endloop
  endfacet
  facet normal -0 0 1
    outer loop
      vertex -0.7238095238095239 0.76190476190476197 -0
      vertex -0.62666666666666682 0.71666666666666667 -0
      vertex -0.60952380952380947 0.81428571428571406 -0
    endloop
  endfacet
  facet normal 0 0 1
    outer loop
      vertex -0.62666666666666682 0.71666666666666667 -0
      vertex -0.5444444444444444 0.77222222222222214 -0
      vertex -0.60952380952380947 0.81428571428571406 -0
    endloop
  endfacet
  facet normal -0 0 1
    outer loop
      vertex -0.5444444444444444 0.77222222222222214 -0
      vertex -0.48333333333333339 0.75 0
      vertex -0.45416666666666666 0.80833333333333313 -0
    endloop
  endfacet
  facet normal 0 -0 1
    outer loop
      vertex -0.40000000000000008 0.7238095238095239 -0
      vertex -0.32380952380952377 0.78095238095238095 -0
      vertex -0.45416666666666666 0.80833333333333313 -0
    endloop
  endfacet
  facet normal -0 0 1
    outer loop
      vertex 0.3666666666666667 0.76666666666666672 -0
      vertex 0.39166666666666661 0.72499999999999998 0
      vertex 0.44285714285714289 0.81428571428571428 -0
    endloop
  endfacet
  facet normal 0 0 1
    outer loop
      vertex 0.39166666666666661 0.72499999999999998 0
      vertex 0.50000000000000011 0.73333333333333339 -0
      vertex 0.44285714285714289 0.81428571428571428 -0
    endloop
  endfacet
  facet normal 0 -0 1
    outer loop
      vertex 0.50000000000000011 0.73333333333333339 -0
      vertex 0.56666666666666676 0.76666666666666672 -0
      vertex 0.44285714285714289 0.81428571428571428 -0
    endloop
  endfacet
  facet normal 0 0 1
    outer loop
      vertex 0.56666666666666676 0.76666666666666672 -0
      vertex 0.66000000000000003 0.77333333333333343 -0
      vertex 0.6166666666666667 0.84999999999999998 0
    endloop
  endfacet
  facet normal 0 -0 1
    outer loop
      vertex 0.69999999999999996 0.73333333333333339 -0
      vertex 0.7761904761904761 0.81904761904761914 -0
      vertex 0.66000000000000003 0.77333333333333343 -0
    endloop
  endfacet
  facet normal -0 0 1
    outer loop
      vertex 0.69999999999999996 0.73333333333333339 -0
      vertex 0.77500000000000013 0.71666666666666667 -0
      vertex 0.7761904761904761 0.81904761904761914 -0
    endloop
  endfacet
  facet normal 0 0 1
    outer loop
      vertex 0.77500000000000013 0.71666666666666667 -0
      vertex 0.87083333333333335 0.79583333333333339 0
      vertex 0.7761904761904761 0.81904761904761914 -0
    endloop
  endfacet
  facet normal 0 0 1
    outer loop
      vertex 0.87083333333333335 0.79583333333333339 0
      vertex 0.94999999999999996 0.73333333333333328 -0
      vertex 0.99999833341666244 0.79444444444444429 -0
    endloop
  endfacet
  facet normal 0 -0 1
    outer loop
      vertex -0.7238095238095239 0.76190476190476197 -0
      vertex -0.70833333333333326 0.84166666666666656 0
      vertex -0.81666666666666665 0.80833333333333313 -0
    endloop
  endfacet
  facet normal -0 0 1
    outer loop
      vertex -0.45416666666666666 0.80833333333333313 -0
      vertex -0.32380952380952377 0.78095238095238095 -0
      vertex -0.37083333333333335 0.86249999999999993 0
    endloop
  endfacet
  facet normal 0 -0 1
    outer loop
      vertex -0.32380952380952377 0.78095238095238095 -0
      vertex -0.28333333333333333 0.87500000000000011 -0
      vertex -0.37083333333333335 0.86249999999999993 0
    endloop
  endfacet
  facet normal 0 0 1
    outer loop
      vertex -0.32380952380952377 0.78095238095238095 -0
      vertex -0.22777777777777775 0.7944444444444444 -0
      vertex -0.28333333333333333 0.87500000000000011 -0
    endloop
  endfacet
  facet normal -0 0 1
    outer loop
      vertex -0.22777777777777775 0.7944444444444444 -0
      vertex -0.16666666666666663 0.7416666666666667 0
      vertex -0.19047619047619044 0.8666666666666667 -0
    endloop
  endfacet
  facet normal 0 0 1
    outer loop
      vertex -0.16666666666666663 0.7416666666666667 0
      vertex -0.095833333333333326 0.8041666666666667 -0
      vertex -0.19047619047619044 0.8666666666666667 -0
    endloop
  endfacet
  facet normal -0 0 1
    outer loop
      vertex -0.095833333333333326 0.8041666666666667 -0
      vertex 0.023333333333333352 0.77333333333333332 -0
      vertex -0.016666666666666649 0.86666666666666681 -0
    endloop
  endfacet
  facet normal 0 -0 1
    outer loop
      vertex 0.023333333333333352 0.77333333333333332 -0
      vertex 0.08333333333333337 0.8666666666666667 0
      vertex -0.016666666666666649 0.86666666666666681 -0
    endloop
  endfacet
  facet normal 0 0 1
    outer loop
      vertex 0.023333333333333352 0.77333333333333332 -0
      vertex 0.11666666666666671 0.78333333333333333 -0
      vertex 0.08333333333333337 0.8666666666666667 0
    endloop
  endfacet
  facet normal -0 0 1
    outer loop
      vertex 0.11666666666666671 0.78333333333333333 -0
      vertex 0.21666666666666667 0.76666666666666672 -0
      vertex 0.19047619047619049 0.86190476190476184 -0
    endloop
  endfacet
  facet normal 0 0 1
    outer loop
      vertex 0.21666666666666667 0.76666666666666672 -0
      vertex 0.30000000000000004 0.77333333333333343 -0
      vertex 0.27083333333333337 0.87083333333333335 0
    endloop
  endfacet
  facet normal 0 -0 1
    outer loop
      vertex 0.21666666666666667 0.76666666666666672 -0
      vertex 0.27083333333333337 0.87083333333333335 0
      vertex 0.19047619047619049 0.86190476190476184 -0
    endloop
  endfacet
  facet normal -0 0 1
    outer loop
      vertex 0.30000000000000004 0.77333333333333343 -0
      vertex 0.3666666666666667 0.76666666666666672 -0
      vertex 0.35714285714285715 0.86666666666666681 -0
    endloop
  endfacet
  facet normal 0 -0 1
    outer loop
      vertex 0.30000000000000004 0.77333333333333343 -0
      vertex 0.35714285714285715 0.86666666666666681 -0
      vertex 0.27083333333333337 0.87083333333333335 0
    endloop
  endfacet
  facet normal 0 -0 1
    outer loop
      vertex 0.3666666666666667 0.76666666666666672 -0
      vertex 0.44285714285714289 0.81428571428571428 -0
      vertex 0.35714285714285715 0.86666666666666681 -0
    endloop
  endfacet
  facet normal -0 0 1
    outer loop
      vertex 0.44285714285714289 0.81428571428571428 -0
      vertex 0.56666666666666676 0.76666666666666672 -0
      vertex 0.53750000000000009 0.86250000000000004 0
    endloop
  endfacet
  facet normal 0 -0 1
    outer loop
      vertex 0.56666666666666676 0.76666666666666672 -0
      vertex 0.6166666666666667 0.84999999999999998 0
      vertex 0.53750000000000009 0.86250000000000004 0
    endloop
  endfacet
  facet normal 0 0 1
    outer loop
      vertex 0.6166666666666667 0.84999999999999998 0
      vertex 0.66000000000000003 0.77333333333333343 -0
      vertex 0.69047619047619047 0.86666666666666681 -0
    endloop
  endfacet
  facet normal 0 0 1
    outer loop
      vertex 0.66000000000000003 0.77333333333333343 -0
      vertex 0.7761904761904761 0.81904761904761914 -0
      vertex 0.69047619047619047 0.86666666666666681 -0
    endloop
  endfacet
  facet normal 0 0 1
    outer loop
      vertex -0.99999851859258893 0.82962962962962949 0
      vertex -0.90833333333333333 0.79166666666666652 0
      vertex -0.92666666666666675 0.88666666666666671 -0
    endloop
  endfacet
  facet normal 0 -0 1
    outer loop
      vertex -0.90833333333333333 0.79166666666666652 0
      vertex -0.81666666666666665 0.80833333333333313 -0
      vertex -0.85000000000000009 0.91666666666666663 0
    endloop
  endfacet
  facet normal -0 0 1
    outer loop
      vertex -0.90833333333333333 0.79166666666666652 0
      vertex -0.85000000000000009 0.91666666666666663 0
      vertex -0.92666666666666675 0.88666666666666671 -0
    endloop
  endfacet
  facet normal 0 -0 1
    outer loop
      vertex -0.81666666666666665 0.80833333333333313 -0
      vertex -0.77619047619047621 0.89999999999999991 -0
      vertex -0.85000000000000009 0.91666666666666663 0
    endloop
  endfacet
  facet normal 0 0 1
    outer loop
      vertex -0.81666666666666665 0.80833333333333313 -0
      vertex -0.70833333333333326 0.84166666666666656 0
      vertex -0.77619047619047621 0.89999999999999991 -0
    endloop
  endfacet
  facet normal 0 0 1
    outer loop
      vertex -0.70833333333333326 0.84166666666666656 0
      vertex -0.60952380952380947 0.81428571428571406 -0
      vertex -0.64000000000000012 0.91000000000000003 -0
    endloop
  endfacet
  facet normal 0 -0 1
    outer loop
      vertex -0.60952380952380947 0.81428571428571406 -0
      vertex -0.55000000000000004 0.8833333333333333 0
      vertex -0.64000000000000012 0.91000000000000003 -0
    endloop
  endfacet
  facet normal -0 0 1
    outer loop
      vertex -0.60952380952380947 0.81428571428571406 -0
      vertex -0.5444444444444444 0.77222222222222214 -0
      vertex -0.55000000000000004 0.8833333333333333 0
    endloop
  endfacet
  facet normal 0 0 1
    outer loop
      vertex -0.5444444444444444 0.77222222222222214 -0
      vertex -0.45416666666666666 0.80833333333333313 -0
      vertex -0.48333333333333339 0.91666666666666663 0
    endloop
  endfacet
  facet normal 0 -0 1
    outer loop
      vertex -0.5444444444444444 0.77222222222222214 -0
      vertex -0.48333333333333339 0.91666666666666663 0
      vertex -0.55000000000000004 0.8833333333333333 0
    endloop
  endfacet
  facet normal 0 -0 1
    outer loop
      vertex -0.45416666666666666 0.80833333333333313 -0
      vertex -0.43333333333333335 0.91666666666666663 0
      vertex -0.48333333333333339 0.91666666666666663 0
    endloop
  endfacet
  facet normal 0 0 1
    outer loop
      vertex -0.45416666666666666 0.80833333333333313 -0
      vertex -0.37083333333333335 0.86249999999999993 0
      vertex -0.43333333333333335 0.91666666666666663 0
    endloop
  endfacet
  facet normal 0 0 1
    outer loop
      vertex -0.28333333333333333 0.87500000000000011 -0
      vertex -0.22777777777777775 0.7944444444444444 -0
      vertex -0.19047619047619044 0.8666666666666667 -0
    endloop
  endfacet
  facet normal -0 0 1
    outer loop
      vertex -0.19047619047619044 0.8666666666666667 -0
      vertex -0.095833333333333326 0.8041666666666667 -0
      vertex -0.1333333333333333 0.91666666666666663 0
    endloop
  endfacet
  facet normal 0 -0 1
    outer loop
      vertex -0.095833333333333326 0.8041666666666667 -0
      vertex -0.083333333333333315 0.91666666666666663 0
      vertex -0.1333333333333333 0.91666666666666663 0
    endloop
  endfacet
  facet normal 0 0 1
    outer loop
      vertex -0.095833333333333326 0.8041666666666667 -0
      vertex -0.016666666666666649 0.86666666666666681 -0
      vertex -0.083333333333333315 0.91666666666666663 0
    endloop
  endfacet
  facet normal 0 -0 1
    outer loop
      vertex 0.11666666666666671 0.78333333333333333 -0
      vertex 0.19047619047619049 0.86190476190476184 -0
      vertex 0.08333333333333337 0.8666666666666667 0
    endloop
  endfacet
  facet normal 0 0 1
    outer loop
      vertex 0.44285714285714289 0.81428571428571428 -0
      vertex 0.43749999999999994 0.90416666666666667 -0
      vertex 0.35714285714285715 0.86666666666666681 -0
    endloop
  endfacet
  facet normal 0 -0 1
    outer loop
      vertex 0.44285714285714289 0.81428571428571428 -0
      vertex 0.53750000000000009 0.86250000000000004 0
      vertex 0.43749999999999994 0.90416666666666667 -0
    endloop
  endfacet
  facet normal 0 0 1
    outer loop
      vertex 0.7761904761904761 0.81904761904761914 -0
      vertex 0.77222222222222214 0.89444444444444449 -0
      vertex 0.69047619047619047 0.86666666666666681 -0
    endloop
  endfacet
  facet normal 0 -0 1
    outer loop
      vertex 0.7761904761904761 0.81904761904761914 -0
      vertex 0.86666666666666659 0.88333333333333319 -0
      vertex 0.77222222222222214 0.89444444444444449 -0
    endloop
  endfacet
  facet normal -0 0 1
    outer loop
      vertex 0.7761904761904761 0.81904761904761914 -0
      vertex 0.87083333333333335 0.79583333333333339 0
      vertex 0.86666666666666659 0.88333333333333319 -0
    endloop
  endfacet
  facet normal 0 -0 1
    outer loop
      vertex 0.87083333333333335 0.79583333333333339 0
      vertex 0.99999833341666244 0.79444444444444429 -0
      vertex 0.94999999999999996 0.91666666666666663 0
    endloop
  endfacet
  facet normal -0 0 1
    outer loop
      vertex 0.87083333333333335 0.79583333333333339 0
      vertex 0.94999999999999996 0.91666666666666663 0
      vertex 0.86666666666666659 0.88333333333333319 -0
    endloop
  endfacet
  facet normal 0 -0 1
    outer loop
      vertex 0.99999833341666244 0.79444444444444429 -0
      vertex 1 0.89999999999999991 -0
      vertex 0.94999999999999996 0.91666666666666663 0
    endloop
  endfacet
  facet normal 0 0 1
    outer loop
      vertex -0.99999987654564848 0.99999629651576205 -0
      vertex -0.99999851859258893 0.82962962962962949 0
      vertex -0.92666666666666675 0.88666666666666671 -0
    endloop
  endfacet
  facet normal -0 0 1
    outer loop
      vertex -0.016666666666666649 0.86666666666666681 -0
      vertex 0.08333333333333337 0.8666666666666667 0
      vertex 0.012500000000000034 0.93750000000000011 -0
    endloop
  endfacet
  facet normal 0 0 1
    outer loop
      vertex -0.99999987654564848 0.99999629651576205 -0
      vertex -0.92666666666666675 0.88666666666666671 -0
      vertex -0.93333333333333324 0.95000000000000007 -0
    endloop
  endfacet
  facet normal 0 -0 1
    outer loop
      vertex -0.92666666666666675 0.88666666666666671 -0
      vertex -0.85000000000000009 0.91666666666666663 0
      vertex -0.93333333333333324 0.95000000000000007 -0
    endloop
  endfacet
  facet normal -0 0 1
    outer loop
      vertex -0.77619047619047621 0.89999999999999991 -0
      vertex -0.70833333333333326 0.84166666666666656 0
      vertex -0.72666666666666668 0.95333333333333325 -0
    endloop
  endfacet
  facet normal 0 0 1
    outer loop
      vertex -0.70833333333333326 0.84166666666666656 0
      vertex -0.64000000000000012 0.91000000000000003 -0
      vertex -0.72666666666666668 0.95333333333333325 -0
    endloop
  endfacet
  facet normal -0 0 1
    outer loop
      vertex -0.64000000000000012 0.91000000000000003 -0
      vertex -0.55000000000000004 0.8833333333333333 0
      vertex -0.56666666666666654 0.95000000000000007 -0
    endloop
  endfacet
  facet normal -0 0 1
    outer loop
      vertex -0.55000000000000004 0.8833333333333333 0
      vertex -0.48333333333333339 0.91666666666666663 0
      vertex -0.56666666666666654 0.95000000000000007 -0
    endloop
  endfacet
  facet normal -0 0 1
    outer loop
      vertex -0.43333333333333335 0.91666666666666663 0
      vertex -0.37083333333333335 0.86249999999999993 0
      vertex -0.35000000000000003 0.94999999999999996 0
    endloop
  endfacet
  facet normal 0 -0 1
    outer loop
      vertex -0.37083333333333335 0.86249999999999993 0
      vertex -0.28333333333333333 0.87500000000000011 -0
      vertex -0.35000000000000003 0.94999999999999996 0
    endloop
  endfacet
  facet normal 0 -0 1
    outer loop
      vertex -0.28333333333333333 0.87500000000000011 -0
      vertex -0.21666666666666665 0.94999999999999996 0
      vertex -0.35000000000000003 0.94999999999999996 0
    endloop
  endfacet
  facet normal -0 0 1
    outer loop
      vertex -0.28333333333333333 0.87500000000000011 -0
      vertex -0.19047619047619044 0.8666666666666667 -0
      vertex -0.21666666666666665 0.94999999999999996 0
    endloop
  endfacet
  facet normal 0 -0 1
    outer loop
      vertex -0.19047619047619044 0.8666666666666667 -0
      vertex -0.1333333333333333 0.91666666666666663 0
      vertex -0.21666666666666665 0.94999999999999996 0
    endloop
  endfacet
  facet normal 0 0 1
    outer loop
      vertex -0.083333333333333315 0.91666666666666663 0
      vertex -0.016666666666666649 0.86666666666666681 -0
      vertex 0.012500000000000034 0.93750000000000011 -0
    endloop
  endfacet
  facet normal -0 0 1
    outer loop
      vertex 0.012500000000000034 0.93750000000000011 -0
      vertex 0.08333333333333337 0.8666666666666667 0
      vertex 0.10000000000000001 0.95000000000000007 -0
    endloop
  endfacet
  facet normal 0 0 1
    outer loop
      vertex 0.08333333333333337 0.8666666666666667 0
      vertex 0.19047619047619049 0.86190476190476184 -0
      vertex 0.20000000000000001 0.95000000000000007 -0
    endloop
  endfacet
  facet normal 0 0 1
    outer loop
      vertex 0.08333333333333337 0.8666666666666667 0
      vertex 0.20000000000000001 0.95000000000000007 -0
      vertex 0.10000000000000001 0.95000000000000007 -0
    endloop
  endfacet
  facet normal 0 0 1
    outer loop
      vertex 0.19047619047619049 0.86190476190476184 -0
      vertex 0.27083333333333337 0.87083333333333335 0
      vertex 0.20000000000000001 0.95000000000000007 -0
    endloop
  endfacet
  facet normal -0 0 1
    outer loop
      vertex 0.27083333333333337 0.87083333333333335 0
      vertex 0.31666666666666665 0.94999999999999996 0
      vertex 0.20000000000000001 0.95000000000000007 -0
    endloop
  endfacet
  facet normal 0 -0 1
    outer loop
      vertex 0.27083333333333337 0.87083333333333335 0
      vertex 0.35714285714285715 0.86666666666666681 -0
      vertex 0.31666666666666665 0.94999999999999996 0
    endloop
  endfacet
  facet normal 0 -0 1
    outer loop
      vertex 0.35714285714285715 0.86666666666666681 -0
      vertex 0.43749999999999994 0.90416666666666667 -0
      vertex 0.31666666666666665 0.94999999999999996 0
    endloop
  endfacet
  facet normal -0 0 1
    outer loop
      vertex 0.43749999999999994 0.90416666666666667 -0
      vertex 0.53750000000000009 0.86250000000000004 0
      vertex 0.58333333333333337 0.94999999999999996 0
    endloop
  endfacet
  facet normal 0 0 1
    outer loop
      vertex 0.43749999999999994 0.90416666666666667 -0
      vertex 0.58333333333333337 0.94999999999999996 0
      vertex 0.46666666666666673 0.94999999999999996 -0
    endloop
  endfacet
  facet normal -0 0 1
    outer loop
      vertex 0.53750000000000009 0.86250000000000004 0
      vertex 0.6166666666666667 0.84999999999999998 0
      vertex 0.58333333333333337 0.94999999999999996 0
    endloop
  endfacet
  facet normal 0 0 1
    outer loop
      vertex 0.6166666666666667 0.84999999999999998 0
      vertex 0.69047619047619047 0.86666666666666681 -0
      vertex 0.70952380952380956 0.95238095238095244 -0
    endloop
  endfacet
  facet normal 0 0 1
    outer loop
      vertex 0.6166666666666667 0.84999999999999998 0
      vertex 0.70952380952380956 0.95238095238095244 -0
      vertex 0.58333333333333337 0.94999999999999996 0
    endloop
  endfacet
  facet normal 0 0 1
    outer loop
      vertex 0.69047619047619047 0.86666666666666681 -0
      vertex 0.77222222222222214 0.89444444444444449 -0
      vertex 0.70952380952380956 0.95238095238095244 -0
    endloop
  endfacet
  facet normal -0 0 1
    outer loop
      vertex 0.77222222222222214 0.89444444444444449 -0
      vertex 0.86666666666666659 0.88333333333333319 -0
      vertex 0.84999999999999998 0.94999999999999996 0
    endloop
  endfacet
  facet normal 0 -0 1
    outer loop
      vertex 0.86666666666666659 0.88333333333333319 -0
      vertex 0.94999999999999996 0.91666666666666663 0
      vertex 0.84999999999999998 0.94999999999999996 0
    endloop
  endfacet
  facet normal 0 -0 1
    outer loop
      vertex -0.85000000000000009 0.91666666666666663 0
      vertex -0.77619047619047621 0.89999999999999991 -0
      vertex -0.82592592592592606 0.99999984127324271 0
    endloop
  endfacet
  facet normal 0 -0 1
    outer loop
      vertex -0.77619047619047621 0.89999999999999991 -0
      vertex -0.72666666666666668 0.95333333333333325 -0
      vertex -0.82592592592592606 0.99999984127324271 0
    endloop
  endfacet
  facet normal 0 -0 1
    outer loop
      vertex 0.77222222222222214 0.89444444444444449 -0
      vertex 0.84999999999999998 0.94999999999999996 0
      vertex 0.70952380952380956 0.95238095238095244 -0
    endloop
  endfacet
  facet normal 0 -0 1
    outer loop
      vertex -0.93333333333333324 0.95000000000000007 -0
      vertex -0.82592592592592606 0.99999984127324271 0
      vertex -0.99999987654564848 0.99999629651576205 -0
    endloop
  endfacet
  facet normal -0 0 1
    outer loop
      vertex -0.93333333333333324 0.95000000000000007 -0
      vertex -0.85000000000000009 0.91666666666666663 0
      vertex -0.82592592592592606 0.99999984127324271 0
    endloop
  endfacet
  facet normal 0 -0 1
    outer loop
      vertex -0.72666666666666668 0.95333333333333325 -0
      vertex -0.6333333333333333 1 0
      vertex -0.82592592592592606 0.99999984127324271 0
    endloop
  endfacet
  facet normal -0 0 1
    outer loop
      vertex -0.72666666666666668 0.95333333333333325 -0
      vertex -0.64000000000000012 0.91000000000000003 -0
      vertex -0.6333333333333333 1 0
    endloop
  endfacet
  facet normal 0 0 1
    outer loop
      vertex -0.64000000000000012 0.91000000000000003 -0
      vertex -0.56666666666666654 0.95000000000000007 -0
      vertex -0.6333333333333333 1 0
    endloop
  endfacet
  facet normal 0 -0 1
    outer loop
      vertex -0.56666666666666654 0.95000000000000007 -0
      vertex -0.5 1 0
      vertex -0.6333333333333333 1 0
    endloop
  endfacet
  facet normal -0 0 1
    outer loop
      vertex -0.56666666666666654 0.95000000000000007 -0
      vertex -0.48333333333333339 0.91666666666666663 0
      vertex -0.5 1 0
    endloop
  endfacet
  facet normal 0 0 1
    outer loop
      vertex -0.48333333333333339 0.91666666666666663 0
      vertex -0.43333333333333335 0.91666666666666663 0
      vertex -0.35000000000000009 1 0
    endloop
  endfacet
  facet normal 0 -0 1
    outer loop
      vertex -0.48333333333333339 0.91666666666666663 0
      vertex -0.35000000000000009 1 0
      vertex -0.5 1 0
    endloop
  endfacet
  facet normal 0 0 1
    outer loop
      vertex -0.43333333333333335 0.91666666666666663 0
      vertex -0.35000000000000003 0.94999999999999996 0
      vertex -0.35000000000000009 1 0
    endloop
  endfacet
  facet normal 0 -0 1
    outer loop
      vertex -0.35000000000000003 0.94999999999999996 0
      vertex -0.21666666666666665 0.94999999999999996 0
      vertex -0.35000000000000009 1 0
    endloop
  endfacet
  facet normal 0 -0 1
    outer loop
      vertex -0.21666666666666665 0.94999999999999996 0
      vertex -0.18333333333333329 1 0
      vertex -0.35000000000000009 1 0
    endloop
  endfacet
  facet normal -0 0 1
    outer loop
      vertex -0.21666666666666665 0.94999999999999996 0
      vertex -0.1333333333333333 0.91666666666666663 0
      vertex -0.18333333333333329 1 0
    endloop
  endfacet
  facet normal 0 0 1
    outer loop
      vertex -0.1333333333333333 0.91666666666666663 0
      vertex -0.083333333333333315 0.91666666666666663 0
      vertex -0.049999999999999975 1 0
    endloop
  endfacet
  facet normal 0 -0 1
    outer loop
      vertex -0.1333333333333333 0.91666666666666663 0
      vertex -0.049999999999999975 1 0
      vertex -0.18333333333333329 1 0
    endloop
  endfacet
  facet normal 0 -0 1
    outer loop
      vertex -0.083333333333333315 0.91666666666666663 0
      vertex 0.012500000000000034 0.93750000000000011 -0
      vertex -0.049999999999999975 1 0
    endloop
  endfacet
  facet normal 0 -0 1
    outer loop
      vertex 0.012500000000000034 0.93750000000000011 -0
      vertex 0.13333333333333339 1 -0
      vertex -0.049999999999999975 1 0
    endloop
  endfacet
  facet normal 0 0 1
    outer loop
      vertex 0.012500000000000034 0.93750000000000011 -0
      vertex 0.10000000000000001 0.95000000000000007 -0
      vertex 0.13333333333333339 1 -0
    endloop
  endfacet
  facet normal 0 0 1
    outer loop
      vertex 0.10000000000000001 0.95000000000000007 -0
      vertex 0.20000000000000001 0.95000000000000007 -0
      vertex 0.13333333333333339 1 -0
    endloop
  endfacet
  facet normal -0 0 1
    outer loop
      vertex 0.20000000000000001 0.95000000000000007 -0
      vertex 0.31666666666666665 0.94999999999999996 0
      vertex 0.31666666666666665 1 0
    endloop
  endfacet
  facet normal 0 -0 1
    outer loop
      vertex 0.20000000000000001 0.95000000000000007 -0
      vertex 0.31666666666666665 1 0
      vertex 0.13333333333333339 1 -0
    endloop
  endfacet
  facet normal 0 0 1
    outer loop
      vertex 0.31666666666666665 0.94999999999999996 0
      vertex 0.43749999999999994 0.90416666666666667 -0
      vertex 0.46666666666666673 1 -0
    endloop
  endfacet
  facet normal 0 -0 1
    outer loop
      vertex 0.31666666666666665 0.94999999999999996 0
      vertex 0.46666666666666673 1 -0
      vertex 0.31666666666666665 1 0
    endloop
  endfacet
  facet normal 0 0 1
    outer loop
      vertex 0.43749999999999994 0.90416666666666667 -0
      vertex 0.46666666666666673 0.94999999999999996 -0
      vertex 0.46666666666666673 1 -0
    endloop
  endfacet
  facet normal 0 0 1
    outer loop
      vertex 0.46666666666666673 0.94999999999999996 -0
      vertex 0.58333333333333337 0.94999999999999996 0
      vertex 0.46666666666666673 1 -0
    endloop
  endfacet
  facet normal 0 0 1
    outer loop
      vertex 0.58333333333333337 0.94999999999999996 0
      vertex 0.60000000000000009 1 -0
      vertex 0.46666666666666673 1 -0
    endloop
  endfacet
  facet normal 0 0 1
    outer loop
      vertex 0.58333333333333337 0.94999999999999996 0
      vertex 0.70952380952380956 0.95238095238095244 -0
      vertex 0.73333333333333328 1 -0
    endloop
  endfacet
  facet normal 0 0 1
    outer loop
      vertex 0.58333333333333337 0.94999999999999996 0
      vertex 0.73333333333333328 1 -0
      vertex 0.60000000000000009 1 -0
    endloop
  endfacet
  facet normal -0 0 1
    outer loop
      vertex 0.70952380952380956 0.95238095238095244 -0
      vertex 0.84999999999999998 0.94999999999999996 0
      vertex 0.73333333333333328 1 -0
    endloop
  endfacet
  facet normal 0 0 1
    outer loop
      vertex 0.84999999999999998 0.94999999999999996 0
      vertex 0.8666666666666667 1 -0
      vertex 0.73333333333333328 1 -0
    endloop
  endfacet
  facet normal 0 0 1
    outer loop
      vertex 0.84999999999999998 0.94999999999999996 0
      vertex 0.94999999999999996 0.91666666666666663 0
      vertex 0.99999666696293676 1 -0
    endloop
  endfacet
  facet normal 0 0 1
    outer loop
      vertex 0.84999999999999998 0.94999999999999996 0
      vertex 0.99999666696293676 1 -0
      vertex 0.8666666666666667 1 -0
    endloop
  endfacet
  facet normal 0 0 1
    outer loop
      vertex 0.94999999999999996 0.91666666666666663 0
      vertex 1 0.89999999999999991 -0
      vertex 0.99999666696293676 1 -0
    endloop
  endfacet
endsolid line_w_1e_02
