solid line_w_1e_02
  facet normal -2.0909892283498745e-05 8.7042020887851051e-06 0.99999999974350673
    outer loop
      vertex 0.41940655822005807 0.037222056151418381 -7.4897249417987879e-08
      vertex 0.48764306915423089 0.19254023813370921 -0
      vertex 0.40083350387028549 0.12662055989431686 -1.2414004585597004e-06
    endloop
  endfacet
  facet normal -1.2863386666759714e-05 -1.8922339605644924e-06 0.99999999991547628
    outer loop
      vertex 0.40083350387028549 0.12662055989431686 -1.2414004585597004e-06
      vertex 0.48764306915423089 0.19254023813370921 -0
      vertex 0.36404780818526739 0.2114094526121823 -1.5541486637088729e-06
    endloop
  endfacet
  facet normal -1.192909653893271e-05 -9.2014249320032424e-06 0.99999999988651522
    outer loop
      vertex 0.36404780818526739 0.2114094526121823 -1.5541486637088729e-06
      vertex 0.34688804527230083 0.40255910007483425 -0
      vertex 0.29692638727934723 0.29842835628591818 -1.5541486637068288e-06
    endloop
  endfacet
  facet normal -8.3386603267679867e-06 -1.0924106818064931e-05 0.99999999990556532
    outer loop
      vertex 0.29692638727934723 0.29842835628591818 -1.5541486637068288e-06
      vertex 0.34688804527230083 0.40255910007483425 -0
      vertex 0.20956992377439529 0.36510986065494572 -1.554148663705807e-06
    endloop
  endfacet
  facet normal -2.9561971999448001e-05 -2.8532348478371899e-05 0.99999999915599735
    outer loop
      vertex 0.20956992377439529 0.36510986065494572 -1.554148663705807e-06
      vertex 0.072020589740278418 0.56209253202227971 -0
      vertex 0.10839803274877305 0.4067571216186886 -3.3566951118706035e-06
    endloop
  endfacet
  facet normal 2.2885346093692508e-05 -1.6249899045794612e-05 0.99999999960610075
    outer loop
      vertex 0.10839803274877305 0.4067571216186886 -3.3566951118706035e-06
      vertex 0.072020589740278418 0.56209253202227971 -0
      vertex -0.0010406206593786911 0.42101428515344613 -6.2047618340040129e-07
    endloop
  endfacet
  facet normal 9.6870235794667455e-06 -2.2093007237839451e-05 0.99999999970903042
    outer loop
      vertex -0.12710604565660294 0.40224061528677779 -2.8544046331916822e-06
      vertex -0.15654889426400476 0.51853040037561915 -0
      vertex -0.36712583253751596 0.42619965769366902 -0
    endloop
  endfacet
  facet normal 1.1791732548494493e-05 -1.0081997157977103e-06 0.99999999992996935
    outer loop
      vertex -0.12710604565660294 0.40224061528677779 -2.8544046331916822e-06
      vertex -0.36712583253751596 0.42619965769366902 -0
      vertex -0.24233383293677768 0.3442369484997938 -1.5541486637078507e-06
    endloop
  endfacet
  facet normal 7.2696191502453931e-06 -7.8933256341381594e-06 0.99999999994242406
    outer loop
      vertex -0.24233383293677768 0.3442369484997938 -1.5541486637078507e-06
      vertex -0.36712583253751596 0.42619965769366902 -0
      vertex -0.32317158611697638 0.2697867476821601 -1.5541486637068296e-06
    endloop
  endfacet
  facet normal 7.7674351160310915e-06 -4.9208972120848297e-06 0.99999999995772593
    outer loop
      vertex -0.32317158611697638 0.2697867476821601 -1.5541486637068296e-06
      vertex -0.52669186746914842 0.26436458269713797 -0
      vertex -0.38198572976960066 0.1769510258536679 -1.5541486637078488e-06
    endloop
  endfacet
  facet normal 8.5003191413163734e-05 -1.304825803115972e-05 0.99999999630210012
    outer loop
      vertex -0.35536453341139018 -0.22476854438549326 7.6525070468800422e-07
      vertex -0.36925596397354365 -0.37391233264353579 0
      vertex -0.28422107184805329 -0.31164556501509344 -6.4157643850834627e-06
    endloop
  endfacet
  facet normal 4.1131903204353583e-05 4.6864764815244838e-05 0.99999999805593021
    outer loop
      vertex -0.28422107184805329 -0.31164556501509344 -6.4157643850834627e-06
      vertex -0.36925596397354365 -0.37391233264353579 0
      vertex -0.25413350188776684 -0.47495212204238713 0
    endloop
  endfacet
  facet normal 2.8189799580161342e-05 4.4480314051370326e-05 0.99999999861341848
    outer loop
      vertex -0.28422107184805329 -0.31164556501509344 -6.4157643850834627e-06
      vertex -0.25413350188776684 -0.47495212204238713 0
      vertex -0.16049138307420505 -0.39006036947498524 -6.415764385081202e-06
    endloop
  endfacet
  facet normal -5.6579403672307923e-05 0.00013798725082880749 0.99999998887914476
    outer loop
      vertex -0.16049138307420505 -0.39006036947498524 -6.415764385081202e-06
      vertex -0.25413350188776684 -0.47495212204238713 0
      vertex -0.053756473388689122 -0.41782214388438665 3.4540041945860418e-06
    endloop
  endfacet
  facet normal 6.9024637198373257e-05 0.00013947649979557453 0.99999998789095268
    outer loop
      vertex 0.018562724224297743 -0.41994724583244142 -1.2414004585612786e-06
      vertex -0.053756473388689122 -0.41782214388438665 3.4540041945860418e-06
      vertex 0.13669807932927353 -0.48731092705273227 -0
    endloop
  endfacet
  facet normal 1.629066821818313e-05 4.6997199002901049e-05 0.99999999876293866
    outer loop
      vertex 0.018562724224297743 -0.41994724583244142 -1.2414004585612786e-06
      vertex 0.13669807932927353 -0.48731092705273227 -0
      vertex 0.1095031107286485 -0.40646101686640757 -3.3566951118691262e-06
    endloop
  endfacet
  facet normal -3.0673682667643263e-05 3.1200099861963804e-05 0.99999999904283943
    outer loop
      vertex 0.1095031107286485 -0.40646101686640757 -3.3566951118691262e-06
      vertex 0.13669807932927353 -0.48731092705273227 -0
      vertex 0.21140945261218222 -0.36404780818526744 -1.5541486637058043e-06
    endloop
  endfacet
  facet normal -6.8923230864752085e-06 3.4753999998422153e-06 0.99999999997020872
    outer loop
      vertex 0.21140945261218222 -0.36404780818526744 -1.5541486637058043e-06
      vertex 0.35422951727524399 -0.52799631333468044 -0
      vertex 0.284156758084254 -0.30976636493965437 -1.2414004585597014e-06
    endloop
  endfacet
  facet normal -8.1337982156818884e-05 -2.0428801891533744e-05 0.99999999648339832
    outer loop
      vertex 0.284156758084254 -0.30976636493965437 -1.2414004585597014e-06
      vertex 0.35422951727524399 -0.52799631333468044 -0
      vertex 0.33299003235755764 -0.25813301894643254 3.7854069469111379e-06
    endloop
  endfacet
  facet normal -3.8292543711137404e-05 7.8254926655857814e-05 0.99999999620492386
    outer loop
      vertex 0.37282501706100352 -0.19429432067830471 2.2050316185011422e-07
      vertex 0.50457906316932077 -0.12700525715528532 -0
      vertex 0.41200351220385256 -0.09031988600370934 -6.4157643850856354e-06
    endloop
  endfacet
  facet normal -8.7003000401426349e-05 -4.4665933367199258e-05 0.99999999521771621
    outer loop
      vertex 0.41200351220385256 -0.09031988600370934 -6.4157643850856354e-06
      vertex 0.50457906316932077 -0.12700525715528532 -0
      vertex 0.41940655822005807 0.037222056151418381 -7.4897249417987879e-08
    endloop
  endfacet
  facet normal -3.3679837773902078e-07 -3.3425129350727538e-07 0.99999999999988731
    outer loop
      vertex 0.41940655822005807 0.037222056151418381 -7.4897249417987879e-08
      vertex 0.64297390506087793 0.036025739723649794 -0
      vertex 0.48764306915423089 0.19254023813370921 -0
    endloop
  endfacet
  facet normal -1.4007765335208372e-05 -9.3880298467784595e-06 0.99999999985782373
    outer loop
      vertex 0.48764306915423089 0.19254023813370921 -0
      vertex 0.34688804527230083 0.40255910007483425 -0
      vertex 0.36404780818526739 0.2114094526121823 -1.5541486637088729e-06
    endloop
  endfacet
  facet normal -9.0034632245960968e-06 -8.486420860153903e-06 0.99999999992345912
    outer loop
      vertex 0.34688804527230083 0.40255910007483425 -0
      vertex 0.2006312815806279 0.55772668072467468 -0
      vertex 0.20956992377439529 0.36510986065494572 -1.554148663705807e-06
    endloop
  endfacet
  facet normal -2.7433101377360622e-07 -8.0813337582162982e-06 0.99999999996730837
    outer loop
      vertex 0.20956992377439529 0.36510986065494572 -1.554148663705807e-06
      vertex 0.2006312815806279 0.55772668072467468 -0
      vertex 0.072020589740278418 0.56209253202227971 -0
    endloop
  endfacet
  facet normal 9.3000787108089647e-07 -4.8797295076623752e-06 0.99999999998766165
    outer loop
      vertex -0.0010406206593786911 0.42101428515344613 -6.2047618340040129e-07
      vertex 0.072020589740278418 0.56209253202227971 -0
      vertex -0.15654889426400476 0.51853040037561915 -0
    endloop
  endfacet
  facet normal -1.3554009772868579e-05 -2.7977292133549397e-05 0.99999999951678009
    outer loop
      vertex -0.0010406206593786911 0.42101428515344613 -6.2047618340040129e-07
      vertex -0.15654889426400476 0.51853040037561915 -0
      vertex -0.12710604565660294 0.40224061528677779 -2.8544046331916822e-06
    endloop
  endfacet
  facet normal 7.8423384220098003e-06 -7.7323833947549524e-06 0.99999999993935385
    outer loop
      vertex -0.36712583253751596 0.42619965769366902 -0
      vertex -0.52669186746914842 0.26436458269713797 -0
      vertex -0.32317158611697638 0.2697867476821601 -1.5541486637068296e-06
    endloop
  endfacet
  facet normal 7.8993690398679599e-06 -4.7024911748595053e-06 0.99999999995774314
    outer loop
      vertex -0.52669186746914842 0.26436458269713797 -0
      vertex -0.63919295443470447 0.075382281554646741 -0
      vertex -0.38198572976960066 0.1769510258536679 -1.5541486637078488e-06
    endloop
  endfacet
  facet normal -1.2628875892518175e-05 4.7282132056914726e-05 0.99999999880245583
    outer loop
      vertex -0.38198572976960066 0.1769510258536679 -1.5541486637078488e-06
      vertex -0.63919295443470447 0.075382281554646741 -0
      vertex -0.41229009645343723 0.084412778198122165 2.4385469011870387e-06
    endloop
  endfacet
  facet normal 0.00051068931560919561 -5.2041913921365953e-06 -0.99999986958466125
    outer loop
      vertex -0.41229009645343723 0.084412778198122165 2.4385469011870387e-06
      vertex -0.41150143227851949 -0.089899016251787006 3.7484613799783124e-06
      vertex -0.42097937638657712 -0.0010620524696783606 -1.5541486637079339e-06
    endloop
  endfacet
  facet normal 2.2519988426232019e-05 -4.2502074707653835e-05 0.99999999884321189
    outer loop
      vertex -0.41150143227851949 -0.089899016251787006 3.7484613799783124e-06
      vertex -0.54993404563755233 -0.25144318259019344 0
      vertex -0.38848538623317774 -0.16071055061084227 2.2050316184632967e-07
    endloop
  endfacet
  facet normal -4.7613938706218762e-06 6.0421204974310198e-06 0.99999999997041089
    outer loop
      vertex -0.38848538623317774 -0.16071055061084227 2.2050316184632967e-07
      vertex -0.54993404563755233 -0.25144318259019344 0
      vertex -0.35536453341139018 -0.22476854438549326 7.6525070468800422e-07
    endloop
  endfacet
  facet normal -3.271386142877447e-06 -4.8262584693359399e-06 0.99999999998300271
    outer loop
      vertex -0.35536453341139018 -0.22476854438549326 7.6525070468800422e-07
      vertex -0.54993404563755233 -0.25144318259019344 0
      vertex -0.36925596397354365 -0.37391233264353579 0
    endloop
  endfacet
  facet normal -1.4425660758053641e-05 -9.8623030393235252e-06 0.99999999984731758
    outer loop
      vertex -0.25413350188776684 -0.47495212204238713 0
      vertex -0.18269741980983306 -0.5794421870740365 0
      vertex -0.053756473388689122 -0.41782214388438665 3.4540041945860418e-06
    endloop
  endfacet
  facet normal 2.11806446026059e-06 1.1324597104960303e-05 0.99999999993363364
    outer loop
      vertex 0.13669807932927353 -0.48731092705273227 -0
      vertex 0.35422951727524399 -0.52799631333468044 -0
      vertex 0.21140945261218222 -0.36404780818526744 -1.5541486637058043e-06
    endloop
  endfacet
  facet normal -3.940328260981351e-05 8.0429787418674709e-05 0.9999999959892153
    outer loop
      vertex 0.37282501706100352 -0.19429432067830471 2.2050316185011422e-07
      vertex 0.33299003235755764 -0.25813301894643254 3.7854069469111379e-06
      vertex 0.50457906316932077 -0.12700525715528532 -0
    endloop
  endfacet
  facet normal -3.3349491336866086e-07 2.8309939024397767e-07 0.9999999999999043
    outer loop
      vertex 0.50457906316932077 -0.12700525715528532 -0
      vertex 0.64297390506087793 0.036025739723649794 -0
      vertex 0.41940655822005807 0.037222056151418381 -7.4897249417987879e-08
    endloop
  endfacet
  facet normal 0 0 1
    outer loop
      vertex -0.36712583253751596 0.42619965769366902 -0
      vertex -0.59155750682801711 0.45105117170370534 -0
      vertex -0.52669186746914842 0.26436458269713797 -0
    endloop
  endfacet
  facet normal -1.0843944575205421e-05 2.4334337009031837e-06 0.99999999993824362
    outer loop
      vertex -0.41229009645343723 0.084412778198122165 2.4385469011870387e-06
      vertex -0.63919295443470447 0.075382281554646741 -0
      vertex -0.67529693680113279 -0.08550543179477843 0
    endloop
  endfacet
  facet normal -1.4085625056198408e-05 7.4510485928997002e-06 0.99999999987303856
    outer loop
      vertex -0.41229009645343723 0.084412778198122165 2.4385469011870387e-06
      vertex -0.67529693680113279 -0.08550543179477843 0
      vertex -0.41150143227851949 -0.089899016251787006 3.7484613799783124e-06
    endloop
  endfacet
  facet normal 1.6144165824893611e-05 -5.4580652532208744e-06 0.9999999998547876
    outer loop
      vertex -0.053756473388689122 -0.41782214388438665 3.4540041945860418e-06
      vertex 0.086907307700069256 -0.63458481192556904 -0
      vertex 0.13669807932927353 -0.48731092705273227 -0
    endloop
  endfacet
  facet normal 0 0 1
    outer loop
      vertex 0.13669807932927353 -0.48731092705273227 -0
      vertex 0.25453904402972743 -0.59565604597055655 -0
      vertex 0.35422951727524399 -0.52799631333468044 -0
    endloop
  endfacet
  facet normal 7.3124969821091632e-06 -1.3451600690395351e-05 0.99999999988279087
    outer loop
      vertex 0.35422951727524399 -0.52799631333468044 -0
      vertex 0.45354606064995812 -0.47400631315428066 -0
      vertex 0.33299003235755764 -0.25813301894643254 3.7854069469111379e-06
    endloop
  endfacet
  facet normal 1.7863890680222486e-05 5.4920426312958494e-06 0.99999999982535936
    outer loop
      vertex 0.33299003235755764 -0.25813301894643254 3.7854069469111379e-06
      vertex 0.5747021131868999 -0.35509352663440241 -0
      vertex 0.50457906316932077 -0.12700525715528532 -0
    endloop
  endfacet
  facet normal 0 -0 1
    outer loop
      vertex 0.64297390506087793 0.036025739723649794 -0
      vertex 0.67300593991654323 0.17802316891731912 -0
      vertex 0.48764306915423089 0.19254023813370921 -0
    endloop
  endfacet
  facet normal -0 0 1
    outer loop
      vertex 0.48764306915423089 0.19254023813370921 -0
      vertex 0.67300593991654323 0.17802316891731912 -0
      vertex 0.55036724089659006 0.350622601697891 -0
    endloop
  endfacet
  facet normal 0 -0 1
    outer loop
      vertex 0.48764306915423089 0.19254023813370921 -0
      vertex 0.55036724089659006 0.350622601697891 -0
      vertex 0.34688804527230083 0.40255910007483425 -0
    endloop
  endfacet
  facet normal -0 0 1
    outer loop
      vertex 0.34688804527230083 0.40255910007483425 -0
      vertex 0.55036724089659006 0.350622601697891 -0
      vertex 0.46181306970911989 0.50734712516480307 -0
    endloop
  endfacet
  facet normal 0 0 1
    outer loop
      vertex 0.34688804527230083 0.40255910007483425 -0
      vertex 0.46181306970911989 0.50734712516480307 -0
      vertex 0.39985934686738389 0.59265929410081308 -0
    endloop
  endfacet
  facet normal 0 0 1
    outer loop
      vertex 0.34688804527230083 0.40255910007483425 -0
      vertex 0.30495180034380553 0.65397124625914027 -0
      vertex 0.2006312815806279 0.55772668072467468 -0
    endloop
  endfacet
  facet normal 0 0 1
    outer loop
      vertex 0.072020589740278418 0.56209253202227971 -0
      vertex -0.060377415239888564 0.72529608457490913 -0
      vertex -0.15654889426400476 0.51853040037561915 -0
    endloop
  endfacet
  facet normal 0 0 1
    outer loop
      vertex -0.15654889426400476 0.51853040037561915 -0
      vertex -0.28434578232669411 0.66513791660425037 -0
      vertex -0.36090958910949422 0.5643901541591031 -0
    endloop
  endfacet
  facet normal 0 0 1
    outer loop
      vertex -0.15654889426400476 0.51853040037561915 -0
      vertex -0.36090958910949422 0.5643901541591031 -0
      vertex -0.36712583253751596 0.42619965769366902 -0
    endloop
  endfacet
  facet normal -1.4390800020949135e-05 -1.087198234359186e-05 0.99999999983735244
    outer loop
      vertex -0.41150143227851949 -0.089899016251787006 3.7484613799783124e-06
      vertex -0.67529693680113279 -0.08550543179477843 0
      vertex -0.54993404563755233 -0.25144318259019344 0
    endloop
  endfacet
  facet normal 0 0 1
    outer loop
      vertex -0.54993404563755233 -0.25144318259019344 0
      vertex -0.60793276107548078 -0.43594361467892112 0
      vertex -0.36925596397354365 -0.37391233264353579 0
    endloop
  endfacet
  facet normal 0 0 1
    outer loop
      vertex -0.36925596397354365 -0.37391233264353579 0
      vertex -0.60793276107548078 -0.43594361467892112 0
      vertex -0.43713984095980102 -0.57037367482411327 0
    endloop
  endfacet
  facet normal 0 0 1
    outer loop
      vertex -0.36925596397354365 -0.37391233264353579 0
      vertex -0.43713984095980102 -0.57037367482411327 0
      vertex -0.25413350188776684 -0.47495212204238713 0
    endloop
  endfacet
  facet normal -1.3059446996561227e-05 -1.095227240184485e-05 0.9999999998547493
    outer loop
      vertex -0.18269741980983306 -0.5794421870740365 0
      vertex -0.060377415239888647 -0.72529608457490924 0
      vertex -0.053756473388689122 -0.41782214388438665 3.4540041945860418e-06
    endloop
  endfacet
  facet normal 7.0115870713450178e-06 -1.1384468864906318e-05 0.99999999991061583
    outer loop
      vertex -0.053756473388689122 -0.41782214388438665 3.4540041945860418e-06
      vertex -0.060377415239888647 -0.72529608457490924 0
      vertex 0.086907307700069256 -0.63458481192556904 -0
    endloop
  endfacet
  facet normal 0 0 1
    outer loop
      vertex 0.13669807932927353 -0.48731092705273227 -0
      vertex 0.086907307700069256 -0.63458481192556904 -0
      vertex 0.25453904402972743 -0.59565604597055655 -0
    endloop
  endfacet
  facet normal 1.1117144560959173e-05 -1.132686727733176e-05 0.99999999987405563
    outer loop
      vertex 0.33299003235755764 -0.25813301894643254 3.7854069469111379e-06
      vertex 0.45354606064995812 -0.47400631315428066 -0
      vertex 0.5747021131868999 -0.35509352663440241 -0
    endloop
  endfacet
  facet normal 0 -0 1
    outer loop
      vertex 0.5747021131868999 -0.35509352663440241 -0
      vertex 0.6780135548259475 -0.2137768526801555 -0
      vertex 0.50457906316932077 -0.12700525715528532 -0
    endloop
  endfacet
  facet normal -0 0 1
    outer loop
      vertex 0.50457906316932077 -0.12700525715528532 -0
      vertex 0.6780135548259475 -0.2137768526801555 -0
      vertex 0.7184665001113375 -0.069122162271615967 -0
    endloop
  endfacet
  facet normal 0 0 1
    outer loop
      vertex 0.50457906316932077 -0.12700525715528532 -0
      vertex 0.7184665001113375 -0.069122162271615967 -0
      vertex 0.64297390506087793 0.036025739723649794 -0
    endloop
  endfacet
  facet normal 0 -0 1
    outer loop
      vertex 0.34688804527230083 0.40255910007483425 -0
      vertex 0.39985934686738389 0.59265929410081308 -0
      vertex 0.30495180034380553 0.65397124625914027 -0
    endloop
  endfacet
  facet normal 0 -0 1
    outer loop
      vertex 0.2006312815806279 0.55772668072467468 -0
      vertex 0.23955932509508812 0.75222144016456371 -0
      vertex 0.072020589740278418 0.56209253202227971 -0
    endloop
  endfacet
  facet normal 0 0 1
    outer loop
      vertex -0.060377415239888564 0.72529608457490913 -0
      vertex -0.28434578232669411 0.66513791660425037 -0
      vertex -0.15654889426400476 0.51853040037561915 -0
    endloop
  endfacet
  facet normal -0 0 1
    outer loop
      vertex -0.43713984095980102 -0.57037367482411327 0
      vertex -0.31360009662416344 -0.64472441927844271 0
      vertex -0.25413350188776684 -0.47495212204238713 0
    endloop
  endfacet
  facet normal 0 0 1
    outer loop
      vertex -0.25413350188776684 -0.47495212204238713 0
      vertex -0.31360009662416344 -0.64472441927844271 0
      vertex -0.18269741980983306 -0.5794421870740365 0
    endloop
  endfacet
  facet normal 0 0 1
    outer loop
      vertex 0.64297390506087793 0.036025739723649794 -0
      vertex 0.76495145801606956 0.080308995557699103 -0
      vertex 0.67300593991654323 0.17802316891731912 -0
    endloop
  endfacet
  facet normal 0 -0 1
    outer loop
      vertex 0.67300593991654323 0.17802316891731912 -0
      vertex 0.73094892399922284 0.31755748800688605 -0
      vertex 0.55036724089659006 0.350622601697891 -0
    endloop
  endfacet
  facet normal -0 0 1
    outer loop
      vertex 0.55036724089659006 0.350622601697891 -0
      vertex 0.73094892399922284 0.31755748800688605 -0
      vertex 0.68693030257856813 0.43762286702029857 -0
    endloop
  endfacet
  facet normal 0 0 1
    outer loop
      vertex 0.55036724089659006 0.350622601697891 -0
      vertex 0.68693030257856813 0.43762286702029857 -0
      vertex 0.6077200217340929 0.54072897262614417 -0
    endloop
  endfacet
  facet normal 0 -0 1
    outer loop
      vertex 0.55036724089659006 0.350622601697891 -0
      vertex 0.6077200217340929 0.54072897262614417 -0
      vertex 0.46181306970911989 0.50734712516480307 -0
    endloop
  endfacet
  facet normal 0 0 1
    outer loop
      vertex 0.30495180034380553 0.65397124625914027 -0
      vertex 0.23955932509508812 0.75222144016456371 -0
      vertex 0.2006312815806279 0.55772668072467468 -0
    endloop
  endfacet
  facet normal 0 0 1
    outer loop
      vertex 0.23955932509508812 0.75222144016456371 -0
      vertex 0.10631172175303384 0.80751769773649829 -0
      vertex 0.072020589740278418 0.56209253202227971 -0
    endloop
  endfacet
  facet normal 0 -0 1
    outer loop
      vertex 0.072020589740278418 0.56209253202227971 -0
      vertex 0.10631172175303384 0.80751769773649829 -0
      vertex -0.060377415239888564 0.72529608457490913 -0
    endloop
  endfacet
  facet normal 0 0 1
    outer loop
      vertex -0.36090958910949422 0.5643901541591031 -0
      vertex -0.47105477531313306 0.67273593842980539 -0
      vertex -0.55025858756398205 0.60050187439494362 -0
    endloop
  endfacet
  facet normal 0 0 1
    outer loop
      vertex -0.36090958910949422 0.5643901541591031 -0
      vertex -0.55025858756398205 0.60050187439494362 -0
      vertex -0.36712583253751596 0.42619965769366902 -0
    endloop
  endfacet
  facet normal 0 0 1
    outer loop
      vertex -0.36712583253751596 0.42619965769366902 -0
      vertex -0.55025858756398205 0.60050187439494362 -0
      vertex -0.59155750682801711 0.45105117170370534 -0
    endloop
  endfacet
  facet normal 0 0 1
    outer loop
      vertex -0.59155750682801711 0.45105117170370534 -0
      vertex -0.72085449436213256 0.35405612081864535 -0
      vertex -0.52669186746914842 0.26436458269713797 -0
    endloop
  endfacet
  facet normal 0 0 1
    outer loop
      vertex -0.52669186746914842 0.26436458269713797 -0
      vertex -0.72085449436213256 0.35405612081864535 -0
      vertex -0.75199936665310063 0.096887858271501412 -0
    endloop
  endfacet
  facet normal 0 0 1
    outer loop
      vertex -0.52669186746914842 0.26436458269713797 -0
      vertex -0.75199936665310063 0.096887858271501412 -0
      vertex -0.63919295443470447 0.075382281554646741 -0
    endloop
  endfacet
  facet normal 0 0 1
    outer loop
      vertex -0.54993404563755233 -0.25144318259019344 0
      vertex -0.67529693680113279 -0.08550543179477843 0
      vertex -0.74140599404709573 -0.29231188767462574 0
    endloop
  endfacet
  facet normal 0 0 1
    outer loop
      vertex -0.54993404563755233 -0.25144318259019344 0
      vertex -0.74140599404709573 -0.29231188767462574 0
      vertex -0.60793276107548078 -0.43594361467892112 0
    endloop
  endfacet
  facet normal -0 0 1
    outer loop
      vertex -0.31360009662416344 -0.64472441927844271 0
      vertex -0.24492058446420226 -0.77678885267842412 0
      vertex -0.18269741980983306 -0.5794421870740365 0
    endloop
  endfacet
  facet normal 0 0 1
    outer loop
      vertex -0.18269741980983306 -0.5794421870740365 0
      vertex -0.24492058446420226 -0.77678885267842412 0
      vertex -0.060377415239888647 -0.72529608457490924 0
    endloop
  endfacet
  facet normal 0 0 1
    outer loop
      vertex -0.060377415239888647 -0.72529608457490924 0
      vertex 0.10631172175303349 -0.80751769773649806 -0
      vertex 0.086907307700069256 -0.63458481192556904 -0
    endloop
  endfacet
  facet normal 0 0 1
    outer loop
      vertex 0.086907307700069256 -0.63458481192556904 -0
      vertex 0.10631172175303349 -0.80751769773649806 -0
      vertex 0.29209233674516322 -0.69969448428714454 -0
    endloop
  endfacet
  facet normal -0 0 1
    outer loop
      vertex 0.086907307700069256 -0.63458481192556904 -0
      vertex 0.29209233674516322 -0.69969448428714454 -0
      vertex 0.25453904402972743 -0.59565604597055655 -0
    endloop
  endfacet
  facet normal -0 0 1
    outer loop
      vertex 0.35422951727524399 -0.52799631333468044 -0
      vertex 0.47566936401671134 -0.66812619624587266 -0
      vertex 0.45354606064995812 -0.47400631315428066 -0
    endloop
  endfacet
  facet normal -0 0 1
    outer loop
      vertex 0.45354606064995812 -0.47400631315428066 -0
      vertex 0.6005018743949434 -0.55025858756398205 -0
      vertex 0.5747021131868999 -0.35509352663440241 -0
    endloop
  endfacet
  facet normal -0 0 1
    outer loop
      vertex 0.5747021131868999 -0.35509352663440241 -0
      vertex 0.72245767140584183 -0.37608765915222186 -0
      vertex 0.6780135548259475 -0.2137768526801555 -0
    endloop
  endfacet
  facet normal 0 0 1
    outer loop
      vertex 0.6780135548259475 -0.2137768526801555 -0
      vertex 0.85201336485229728 -0.091552821086525515 -0
      vertex 0.7184665001113375 -0.069122162271615967 -0
    endloop
  endfacet
  facet normal 0 0 1
    outer loop
      vertex -0.060377415239888564 0.72529608457490913 -0
      vertex -0.34017280512783543 0.79142457139128686 -0
      vertex -0.28434578232669411 0.66513791660425037 -0
    endloop
  endfacet
  facet normal 0 0 1
    outer loop
      vertex 0.45354606064995812 -0.47400631315428066 -0
      vertex 0.47566936401671134 -0.66812619624587266 -0
      vertex 0.6005018743949434 -0.55025858756398205 -0
    endloop
  endfacet
  facet normal 0 -0 1
    outer loop
      vertex 0.76495145801606956 0.080308995557699103 -0
      vertex 0.87569837998062938 0.27610663863118035 -0
      vertex 0.67300593991654323 0.17802316891731912 -0
    endloop
  endfacet
  facet normal 0 0 1
    outer loop
      vertex 0.67300593991654323 0.17802316891731912 -0
      vertex 0.87569837998062938 0.27610663863118035 -0
      vertex 0.73094892399922284 0.31755748800688605 -0
    endloop
  endfacet
  facet normal 0 -0 1
    outer loop
      vertex 0.6077200217340929 0.54072897262614417 -0
      vertex 0.64612376707244445 0.67897587642922974 -0
      vertex 0.46181306970911989 0.50734712516480307 -0
    endloop
  endfacet
  facet normal 0 0 1
    outer loop
      vertex 0.46181306970911989 0.50734712516480307 -0
      vertex 0.64612376707244445 0.67897587642922974 -0
      vertex 0.49942242600280368 0.71324914221821512 -0
    endloop
  endfacet
  facet normal 0 -0 1
    outer loop
      vertex 0.46181306970911989 0.50734712516480307 -0
      vertex 0.49942242600280368 0.71324914221821512 -0
      vertex 0.39985934686738389 0.59265929410081308 -0
    endloop
  endfacet
  facet normal 0 -0 1
    outer loop
      vertex 0.30495180034380553 0.65397124625914027 -0
      vertex 0.3666766721197815 0.78634066095028576 -0
      vertex 0.23955932509508812 0.75222144016456371 -0
    endloop
  endfacet
  facet normal 0 0 1
    outer loop
      vertex -0.060377415239888564 0.72529608457490913 -0
      vertex -0.11984853051260692 0.91033996854520005 -0
      vertex -0.34017280512783543 0.79142457139128686 -0
    endloop
  endfacet
  facet normal 0 0 1
    outer loop
      vertex -0.72085449436213256 0.35405612081864535 -0
      vertex -0.82322880229836648 0.25956304433497113 -0
      vertex -0.75199936665310063 0.096887858271501412 -0
    endloop
  endfacet
  facet normal 0 0 1
    outer loop
      vertex -0.75199936665310063 0.096887858271501412 -0
      vertex -0.82322880229836648 0.25956304433497113 -0
      vertex -0.86504201756437105 0.086479992188515736 -0
    endloop
  endfacet
  facet normal 0 0 1
    outer loop
      vertex -0.81813380037554184 -0.07157743278024109 0
      vertex -0.87593669748773861 -0.20972613136166462 0
      vertex -0.67529693680113279 -0.08550543179477843 0
    endloop
  endfacet
  facet normal 0 0 1
    outer loop
      vertex -0.67529693680113279 -0.08550543179477843 0
      vertex -0.87593669748773861 -0.20972613136166462 0
      vertex -0.74140599404709573 -0.29231188767462574 0
    endloop
  endfacet
  facet normal 0 0 1
    outer loop
      vertex -0.74140599404709573 -0.29231188767462574 0
      vertex -0.83438125409377606 -0.40457270714259214 0
      vertex -0.60793276107548078 -0.43594361467892112 0
    endloop
  endfacet
  facet normal 0 0 1
    outer loop
      vertex -0.60793276107548078 -0.43594361467892112 0
      vertex -0.70563009346504912 -0.58616146320413554 0
      vertex -0.43713984095980102 -0.57037367482411327 0
    endloop
  endfacet
  facet normal 0 0 1
    outer loop
      vertex -0.43713984095980102 -0.57037367482411327 0
      vertex -0.70563009346504912 -0.58616146320413554 0
      vertex -0.50741487893651949 -0.70590836645743216 0
    endloop
  endfacet
  facet normal 0 0 1
    outer loop
      vertex -0.31360009662416344 -0.64472441927844271 0
      vertex -0.4031431907064702 -0.79861286381070284 0
      vertex -0.24492058446420226 -0.77678885267842412 0
    endloop
  endfacet
  facet normal -0 0 1
    outer loop
      vertex -0.24492058446420226 -0.77678885267842412 0
      vertex -0.11984853051260702 -0.91033996854520016 0
      vertex -0.060377415239888647 -0.72529608457490924 0
    endloop
  endfacet
  facet normal -0 0 1
    outer loop
      vertex 0.10631172175303349 -0.80751769773649806 -0
      vertex 0.25634019114723483 -0.86344649781225891 -0
      vertex 0.29209233674516322 -0.69969448428714454 -0
    endloop
  endfacet
  facet normal 0 0 1
    outer loop
      vertex 0.29209233674516322 -0.69969448428714454 -0
      vertex 0.25634019114723483 -0.86344649781225891 -0
      vertex 0.36798066338703189 -0.78913707924718968 -0
    endloop
  endfacet
  facet normal 0 -0 1
    outer loop
      vertex 0.72245767140584183 -0.37608765915222186 -0
      vertex 0.8543246571488593 -0.28527097358325809 -0
      vertex 0.6780135548259475 -0.2137768526801555 -0
    endloop
  endfacet
  facet normal -0 0 1
    outer loop
      vertex 0.6780135548259475 -0.2137768526801555 -0
      vertex 0.8543246571488593 -0.28527097358325809 -0
      vertex 0.85201336485229728 -0.091552821086525515 -0
    endloop
  endfacet
  facet normal 0 -0 1
    outer loop
      vertex 0.87196257205482464 0.052489923594652453 -0
      vertex 0.95901334709950736 0.14053786856606515 -0
      vertex 0.76495145801606956 0.080308995557699103 -0
    endloop
  endfacet
  facet normal 0 0 1
    outer loop
      vertex 0.76495145801606956 0.080308995557699103 -0
      vertex 0.95901334709950736 0.14053786856606515 -0
      vertex 0.87569837998062938 0.27610663863118035 -0
    endloop
  endfacet
  facet normal 0 -0 1
    outer loop
      vertex 0.23955932509508812 0.75222144016456371 -0
      vertex 0.31073951173235381 0.91578872870621941 -0
      vertex 0.10631172175303384 0.80751769773649829 -0
    endloop
  endfacet
  facet normal 0 0 1
    outer loop
      vertex 0.10631172175303384 0.80751769773649829 -0
      vertex 5.9457383526978717e-17 0.97101276169382478 -0
      vertex -0.060377415239888564 0.72529608457490913 -0
    endloop
  endfacet
  facet normal 0 -0 1
    outer loop
      vertex -0.060377415239888564 0.72529608457490913 -0
      vertex 5.9457383526978717e-17 0.97101276169382478 -0
      vertex -0.11984853051260692 0.91033996854520005 -0
    endloop
  endfacet
  facet normal 0 0 1
    outer loop
      vertex -0.11984853051260692 0.91033996854520005 -0
      vertex -0.25131659576395737 0.93792630417633782 -0
      vertex -0.34017280512783543 0.79142457139128686 -0
    endloop
  endfacet
  facet normal 0 0 1
    outer loop
      vertex -0.55025858756398205 0.60050187439494362 -0
      vertex -0.72410015030239916 0.64431084481648737 -0
      vertex -0.59155750682801711 0.45105117170370534 -0
    endloop
  endfacet
  facet normal 0 -0 1
    outer loop
      vertex -0.11984853051260702 -0.91033996854520016 0
      vertex 0.063127755351339909 -0.96500928818396181 -0
      vertex -0.060377415239888647 -0.72529608457490924 0
    endloop
  endfacet
  facet normal 0 0 1
    outer loop
      vertex -0.060377415239888647 -0.72529608457490924 0
      vertex 0.063127755351339909 -0.96500928818396181 -0
      vertex 0.10631172175303349 -0.80751769773649806 -0
    endloop
  endfacet
  facet normal -0 0 1
    outer loop
      vertex 0.47566936401671134 -0.66812619624587266 -0
      vertex 0.60121603792168443 -0.76026098687348431 -0
      vertex 0.6005018743949434 -0.55025858756398205 -0
    endloop
  endfacet
  facet normal 0 -0 1
    outer loop
      vertex 0.6005018743949434 -0.55025858756398205 -0
      vertex 0.82669792412301935 -0.5017953587147912 -0
      vertex 0.5747021131868999 -0.35509352663440241 -0
    endloop
  endfacet
  facet normal 0 0 1
    outer loop
      vertex 0.5747021131868999 -0.35509352663440241 -0
      vertex 0.82669792412301935 -0.5017953587147912 -0
      vertex 0.72245767140584183 -0.37608765915222186 -0
    endloop
  endfacet
  facet normal -0 0 1
    outer loop
      vertex 0.87196257205482464 0.052489923594652453 -0
      vertex 1.0210296157583141 -0.044579115761523819 -0
      vertex 0.95901334709950736 0.14053786856606515 -0
    endloop
  endfacet
  facet normal 0 -0 1
    outer loop
      vertex 0.87569837998062938 0.27610663863118035 -0
      vertex 0.90652714314372607 0.47190816115143014 -0
      vertex 0.73094892399922284 0.31755748800688605 -0
    endloop
  endfacet
  facet normal 0 -0 1
    outer loop
      vertex 0.73094892399922284 0.31755748800688605 -0
      vertex 0.90652714314372607 0.47190816115143014 -0
      vertex 0.68693030257856813 0.43762286702029857 -0
    endloop
  endfacet
  facet normal 0 0 1
    outer loop
      vertex 0.68693030257856813 0.43762286702029857 -0
      vertex 0.90652714314372607 0.47190816115143014 -0
      vertex 0.81080896667385116 0.62215560222417943 -0
    endloop
  endfacet
  facet normal 0 -0 1
    outer loop
      vertex 0.68693030257856813 0.43762286702029857 -0
      vertex 0.81080896667385116 0.62215560222417943 -0
      vertex 0.6077200217340929 0.54072897262614417 -0
    endloop
  endfacet
  facet normal 0 0 1
    outer loop
      vertex 0.6077200217340929 0.54072897262614417 -0
      vertex 0.81080896667385116 0.62215560222417943 -0
      vertex 0.64612376707244445 0.67897587642922974 -0
    endloop
  endfacet
  facet normal 0 0 1
    outer loop
      vertex 0.64612376707244445 0.67897587642922974 -0
      vertex 0.62215560222417943 0.81080896667385105 -0
      vertex 0.49942242600280368 0.71324914221821512 -0
    endloop
  endfacet
  facet normal 0 -0 1
    outer loop
      vertex 0.49942242600280368 0.71324914221821512 -0
      vertex 0.62215560222417943 0.81080896667385105 -0
      vertex 0.45733646326360972 0.7921299905264293 -0
    endloop
  endfacet
  facet normal 0 0 1
    outer loop
      vertex 0.45733646326360972 0.7921299905264293 -0
      vertex 0.31073951173235381 0.91578872870621941 -0
      vertex 0.3666766721197815 0.78634066095028576 -0
    endloop
  endfacet
  facet normal 0 0 1
    outer loop
      vertex 0.3666766721197815 0.78634066095028576 -0
      vertex 0.31073951173235381 0.91578872870621941 -0
      vertex 0.23955932509508812 0.75222144016456371 -0
    endloop
  endfacet
  facet normal 0 0 1
    outer loop
      vertex 0.31073951173235381 0.91578872870621941 -0
      vertex 0.13339807329602008 1.0132589638678553 -0
      vertex 0.10631172175303384 0.80751769773649829 -0
    endloop
  endfacet
  facet normal 0 -0 1
    outer loop
      vertex 0.10631172175303384 0.80751769773649829 -0
      vertex 0.13339807329602008 1.0132589638678553 -0
      vertex 5.9457383526978717e-17 0.97101276169382478 -0
    endloop
  endfacet
  facet normal 0 0 1
    outer loop
      vertex -0.25131659576395737 0.93792630417633782 -0
      vertex -0.39110336164367548 0.9442070399698711 -0
      vertex -0.34017280512783543 0.79142457139128686 -0
    endloop
  endfacet
  facet normal 0 0 1
    outer loop
      vertex -0.34017280512783543 0.79142457139128686 -0
      vertex -0.39110336164367548 0.9442070399698711 -0
      vertex -0.45733646326360938 0.7921299905264293 -0
    endloop
  endfacet
  facet normal 0 0 1
    outer loop
      vertex -0.45733646326360938 0.7921299905264293 -0
      vertex -0.62215560222417943 0.81080896667385105 -0
      vertex -0.47105477531313306 0.67273593842980539 -0
    endloop
  endfacet
  facet normal 0 0 1
    outer loop
      vertex -0.47105477531313306 0.67273593842980539 -0
      vertex -0.62215560222417943 0.81080896667385105 -0
      vertex -0.55025858756398205 0.60050187439494362 -0
    endloop
  endfacet
  facet normal 0 0 1
    outer loop
      vertex -0.55025858756398205 0.60050187439494362 -0
      vertex -0.62215560222417943 0.81080896667385105 -0
      vertex -0.72410015030239916 0.64431084481648737 -0
    endloop
  endfacet
  facet normal 0 0 1
    outer loop
      vertex -0.72410015030239916 0.64431084481648737 -0
      vertex -0.86194802738220244 0.549121454606884 -0
      vertex -0.59155750682801711 0.45105117170370534 -0
    endloop
  endfacet
  facet normal 0 0 1
    outer loop
      vertex -0.59155750682801711 0.45105117170370534 -0
      vertex -0.86194802738220244 0.549121454606884 -0
      vertex -0.72085449436213256 0.35405612081864535 -0
    endloop
  endfacet
  facet normal 0 0 1
    outer loop
      vertex -0.72085449436213256 0.35405612081864535 -0
      vertex -0.86194802738220244 0.549121454606884 -0
      vertex -0.94420703996987099 0.39110336164367576 -0
    endloop
  endfacet
  facet normal 0 0 1
    outer loop
      vertex -0.72085449436213256 0.35405612081864535 -0
      vertex -0.94420703996987099 0.39110336164367576 -0
      vertex -0.82322880229836648 0.25956304433497113 -0
    endloop
  endfacet
  facet normal 0 0 1
    outer loop
      vertex -0.82322880229836648 0.25956304433497113 -0
      vertex -0.94420703996987099 0.39110336164367576 -0
      vertex -0.9510744932437345 0.16770009382250109 -0
    endloop
  endfacet
  facet normal 0 0 1
    outer loop
      vertex -0.82322880229836648 0.25956304433497113 -0
      vertex -0.9510744932437345 0.16770009382250109 -0
      vertex -0.86504201756437105 0.086479992188515736 -0
    endloop
  endfacet
  facet normal 0 0 1
    outer loop
      vertex -0.86504201756437105 0.086479992188515736 -0
      vertex -0.9510744932437345 0.16770009382250109 -0
      vertex -0.93202935314617974 -0.049429319819865529 0
    endloop
  endfacet
  facet normal 0 0 1
    outer loop
      vertex -0.81813380037554184 -0.07157743278024109 0
      vertex -0.93202935314617974 -0.049429319819865529 0
      vertex -0.87593669748773861 -0.20972613136166462 0
    endloop
  endfacet
  facet normal 0 0 1
    outer loop
      vertex -0.87593669748773861 -0.20972613136166462 0
      vertex -0.83438125409377606 -0.40457270714259214 0
      vertex -0.74140599404709573 -0.29231188767462574 0
    endloop
  endfacet
  facet normal 0 0 1
    outer loop
      vertex -0.83438125409377606 -0.40457270714259214 0
      vertex -0.70563009346504912 -0.58616146320413554 0
      vertex -0.60793276107548078 -0.43594361467892112 0
    endloop
  endfacet
  facet normal 0 0 1
    outer loop
      vertex -0.70563009346504912 -0.58616146320413554 0
      vertex -0.62076978808918704 -0.73980462512923495 0
      vertex -0.50741487893651949 -0.70590836645743216 0
    endloop
  endfacet
  facet normal 0 0 1
    outer loop
      vertex -0.50741487893651949 -0.70590836645743216 0
      vertex -0.62076978808918704 -0.73980462512923495 0
      vertex -0.4031431907064702 -0.79861286381070284 0
    endloop
  endfacet
  facet normal -0 0 1
    outer loop
      vertex -0.4031431907064702 -0.79861286381070284 0
      vertex -0.29086701789066244 -0.92251232212091328 0
      vertex -0.24492058446420226 -0.77678885267842412 0
    endloop
  endfacet
  facet normal 0 0 1
    outer loop
      vertex -0.24492058446420226 -0.77678885267842412 0
      vertex -0.29086701789066244 -0.92251232212091328 0
      vertex -0.11984853051260702 -0.91033996854520016 0
    endloop
  endfacet
  facet normal 0 0 1
    outer loop
      vertex 0.10631172175303349 -0.80751769773649806 -0
      vertex 0.063127755351339909 -0.96500928818396181 -0
      vertex 0.25634019114723483 -0.86344649781225891 -0
    endloop
  endfacet
  facet normal 0 0 1
    outer loop
      vertex 0.25634019114723483 -0.86344649781225891 -0
      vertex 0.42320762991730015 -0.83187575680730219 -0
      vertex 0.36798066338703189 -0.78913707924718968 -0
    endloop
  endfacet
  facet normal 0 0 1
    outer loop
      vertex 0.42320762991730015 -0.83187575680730219 -0
      vertex 0.60121603792168443 -0.76026098687348431 -0
      vertex 0.47566936401671134 -0.66812619624587266 -0
    endloop
  endfacet
  facet normal 0 -0 1
    outer loop
      vertex 0.60121603792168443 -0.76026098687348431 -0
      vertex 0.75349916014927221 -0.69045477004072564 -0
      vertex 0.6005018743949434 -0.55025858756398205 -0
    endloop
  endfacet
  facet normal -0 0 1
    outer loop
      vertex 0.6005018743949434 -0.55025858756398205 -0
      vertex 0.75349916014927221 -0.69045477004072564 -0
      vertex 0.82669792412301935 -0.5017953587147912 -0
    endloop
  endfacet
  facet normal -0 0 1
    outer loop
      vertex 0.72245767140584183 -0.37608765915222186 -0
      vertex 0.82669792412301935 -0.5017953587147912 -0
      vertex 0.8543246571488593 -0.28527097358325809 -0
    endloop
  endfacet
  facet normal 0 -0 1
    outer loop
      vertex 0.8543246571488593 -0.28527097358325809 -0
      vertex 0.99777679943987174 -0.22120179094477466 -0
      vertex 0.85201336485229728 -0.091552821086525515 -0
    endloop
  endfacet
  facet normal -0 0 1
    outer loop
      vertex 0.85201336485229728 -0.091552821086525515 -0
      vertex 0.99777679943987174 -0.22120179094477466 -0
      vertex 1.0210296157583141 -0.044579115761523819 -0
    endloop
  endfacet
  facet normal 0 0 1
    outer loop
      vertex 0.85201336485229728 -0.091552821086525515 -0
      vertex 1.0210296157583141 -0.044579115761523819 -0
      vertex 0.87196257205482464 0.052489923594652453 -0
    endloop
  endfacet
  facet normal 5.8112922663261157e-05 1.9468481714544363e-05 0.99999999812193319
    outer loop
      vertex 1.0210296157583141 -0.044579115761523819 -0
      vertex 1.1493478048126273 0.053493378778201428 -9.3662675810398991e-06
      vertex 0.95901334709950736 0.14053786856606515 -0
    endloop
  endfacet
  facet normal 3.6222814842516534e-05 2.2261046007188367e-05 0.99999999909617676
    outer loop
      vertex 0.95901334709950736 0.14053786856606515 -0
      vertex 1.0833571194253229 0.3804574952553364 -9.8449432984334603e-06
      vertex 0.87569837998062938 0.27610663863118035 -0
    endloop
  endfacet
  facet normal 5.1482535400412013e-05 -8.1058761467541747e-06 0.99999999864192157
    outer loop
      vertex 0.87569837998062938 0.27610663863118035 -0
      vertex 1.0833571194253229 0.3804574952553364 -9.8449432984334603e-06
      vertex 0.90652714314372607 0.47190816115143014 -0
    endloop
  endfacet
  facet normal -4.6791807343336961e-06 4.1288052063828822e-05 0.99999999913670101
    outer loop
      vertex 0.62215560222417943 0.81080896667385105 -0
      vertex 0.49702509074407369 1.0350732404406664 -9.8449432984351951e-06
      vertex 0.45733646326360972 0.7921299905264293 -0
    endloop
  endfacet
  facet normal 3.0042832943429183e-05 3.5615661211633606e-05 0.99999999891447644
    outer loop
      vertex 0.45733646326360972 0.7921299905264293 -0
      vertex 0.49702509074407369 1.0350732404406664 -9.8449432984351951e-06
      vertex 0.31073951173235381 0.91578872870621941 -0
    endloop
  endfacet
  facet normal 2.4406103213239621e-05 4.4418492730123772e-05 0.9999999987156698
    outer loop
      vertex 0.31073951173235381 0.91578872870621941 -0
      vertex 0.49702509074407369 1.0350732404406664 -9.8449432984351951e-06
      vertex 0.34817476572702 1.0964098058534519 -8.9365646864566356e-06
    endloop
  endfacet
  facet normal -1.9438683238739202e-05 3.8397731509674935e-05 0.99999999907387582
    outer loop
      vertex 5.9457383526978717e-17 0.97101276169382478 -0
      vertex -0.18655450146835831 1.1329642412218439 -9.8449432984334603e-06
      vertex -0.11984853051260692 0.91033996854520005 -0
    endloop
  endfacet
  facet normal 9.9018448305711696e-06 4.7189173643813438e-05 0.99999999883756763
    outer loop
      vertex -0.11984853051260692 0.91033996854520005 -0
      vertex -0.18655450146835831 1.1329642412218439 -9.8449432984334603e-06
      vertex -0.25131659576395737 0.93792630417633782 -0
    endloop
  endfacet
  facet normal -4.1900250761228339e-05 1.8248536361834489e-05 0.99999999895567981
    outer loop
      vertex -0.39110336164367548 0.9442070399698711 -0
      vertex -0.57444176449863971 0.99529477038178427 -8.6142013688474822e-06
      vertex -0.45733646326360938 0.7921299905264293 -0
    endloop
  endfacet
  facet normal 5.1410400583494712e-06 4.5363396210338687e-05 0.99999999895786595
    outer loop
      vertex -0.45733646326360938 0.7921299905264293 -0
      vertex -0.57444176449863971 0.99529477038178427 -8.6142013688474822e-06
      vertex -0.62215560222417943 0.81080896667385105 -0
    endloop
  endfacet
  facet normal -4.4988798875108484e-05 2.7546033064768859e-05 0.99999999860861211
    outer loop
      vertex -0.62215560222417943 0.81080896667385105 -0
      vertex -0.81246937809404585 0.81270445452766749 -8.6142013688526864e-06
      vertex -0.72410015030239916 0.64431084481648737 -0
    endloop
  endfacet
  facet normal -5.3201946016519198e-05 1.6354365892244333e-06 0.99999999858343913
    outer loop
      vertex -0.94420703996987099 0.39110336164367576 -0
      vertex -1.1222419777311645 0.25337658199100122 -9.2465617461689759e-06
      vertex -0.9510744932437345 0.16770009382250109 -0
    endloop
  endfacet
  facet normal -5.2345882512532705e-05 3.3457102016189266e-06 0.9999999986243574
    outer loop
      vertex -0.9510744932437345 0.16770009382250109 -0
      vertex -1.1222419777311645 0.25337658199100122 -9.2465617461689759e-06
      vertex -1.1426432787877945 0.11303491206957041 -9.8449432984369298e-06
    endloop
  endfacet
  facet normal -5.1557964010294667e-05 5.8452682679628771e-07 0.99999999867071732
    outer loop
      vertex -0.9510744932437345 0.16770009382250109 -0
      vertex -1.1426432787877945 0.11303491206957041 -9.8449432984369298e-06
      vertex -1.1449122663711326 -0.087100265317699974 -9.8449432984299909e-06
    endloop
  endfacet
  facet normal -4.5538983172200266e-05 -3.9943750589372684e-06 0.99999999895512293
    outer loop
      vertex -0.9510744932437345 0.16770009382250109 -0
      vertex -1.1449122663711326 -0.087100265317699974 -9.8449432984299909e-06
      vertex -0.93202935314617974 -0.049429319819865529 0
    endloop
  endfacet
  facet normal -4.585012471857091e-05 -2.2360778347130306e-06 0.99999999894638292
    outer loop
      vertex -0.93202935314617974 -0.049429319819865529 0
      vertex -1.1449122663711326 -0.087100265317699974 -9.8449432984299909e-06
      vertex -1.1241782140040026 -0.24464278457001237 -9.2465617461701821e-06
    endloop
  endfacet
  facet normal -3.3435822154616997e-05 -1.4455491606548853e-05 0.99999999933654227
    outer loop
      vertex -0.93202935314617974 -0.049429319819865529 0
      vertex -1.1241782140040026 -0.24464278457001237 -9.2465617461701821e-06
      vertex -1.0833571194253224 -0.38045749525533651 -9.8449432984351951e-06
    endloop
  endfacet
  facet normal -3.6849751751129458e-05 -1.2894831882143522e-05 0.99999999923790961
    outer loop
      vertex -0.93202935314617974 -0.049429319819865529 0
      vertex -1.0833571194253224 -0.38045749525533651 -9.8449432984351951e-06
      vertex -0.87593669748773861 -0.20972613136166462 0
    endloop
  endfacet
  facet normal -4.0375803790379286e-05 -8.6110542213648682e-06 0.99999999914782223
    outer loop
      vertex -0.87593669748773861 -0.20972613136166462 0
      vertex -1.0833571194253224 -0.38045749525533651 -9.8449432984351951e-06
      vertex -0.83438125409377606 -0.40457270714259214 0
    endloop
  endfacet
  facet normal -4.0782976861482042e-05 -1.2814884931934881e-05 0.99999999908626391
    outer loop
      vertex -0.83438125409377606 -0.40457270714259214 0
      vertex -1.0833571194253224 -0.38045749525533651 -9.8449432984351951e-06
      vertex -1.0225545583643521 -0.52726551570502211 -9.2465617461678917e-06
    endloop
  endfacet
  facet normal -3.2714940303865565e-05 -2.5188789453139189e-05 0.99999999914762883
    outer loop
      vertex -0.83438125409377606 -0.40457270714259214 0
      vertex -1.0225545583643521 -0.52726551570502211 -9.2465617461678917e-06
      vertex -0.94797297512296708 -0.64788717562705911 -9.844943298432593e-06
    endloop
  endfacet
  facet normal -3.4409882231286725e-05 -2.4397503295162552e-05 0.99999999911036097
    outer loop
      vertex -0.83438125409377606 -0.40457270714259214 0
      vertex -0.94797297512296708 -0.64788717562705911 -9.844943298432593e-06
      vertex -0.70563009346504912 -0.58616146320413554 0
    endloop
  endfacet
  facet normal -3.3605579358165447e-05 -2.7555297151378732e-05 0.99999999905568537
    outer loop
      vertex -0.70563009346504912 -0.58616146320413554 0
      vertex -0.94797297512296708 -0.64788717562705911 -9.844943298432593e-06
      vertex -0.82106670816573346 -0.80265809324231174 -9.844943298432593e-06
    endloop
  endfacet
  facet normal -4.1891201929737169e-05 -2.3137379781681417e-05 0.99999999885489455
    outer loop
      vertex -0.70563009346504912 -0.58616146320413554 0
      vertex -0.82106670816573346 -0.80265809324231174 -9.844943298432593e-06
      vertex -0.62076978808918704 -0.73980462512923495 0
    endloop
  endfacet
  facet normal -3.5995991505476013e-05 -4.1923813098328018e-05 0.9999999984733412
    outer loop
      vertex -0.62076978808918704 -0.73980462512923495 0
      vertex -0.82106670816573346 -0.80265809324231174 -9.844943298432593e-06
      vertex -0.6692127447606856 -0.93304065085898924 -9.8449432984351951e-06
    endloop
  endfacet
  facet normal -2.6285197086311104e-05 -4.435824318692074e-05 0.99999999867071732
    outer loop
      vertex -0.62076978808918704 -0.73980462512923495 0
      vertex -0.6692127447606856 -0.93304065085898924 -9.8449432984351951e-06
      vertex -0.4970250907440753 -1.0350732404406657 -9.8449432984343277e-06
    endloop
  endfacet
  facet normal -1.0160628906308937e-05 -3.760056661661774e-05 0.99999999924147953
    outer loop
      vertex -0.62076978808918704 -0.73980462512923495 0
      vertex -0.4970250907440753 -1.0350732404406657 -9.8449432984343277e-06
      vertex -0.4031431907064702 -0.79861286381070284 0
    endloop
  endfacet
  facet normal -1.8311939703532281e-05 -3.436425042553795e-05 0.99999999924188565
    outer loop
      vertex -0.4031431907064702 -0.79861286381070284 0
      vertex -0.4970250907440753 -1.0350732404406657 -9.8449432984343277e-06
      vertex -0.35022224071180497 -1.0958882839934916 -9.2465617461723641e-06
    endloop
  endfacet
  facet normal -4.2715921873611418e-05 -3.870864563637004e-05 0.99999999833849529
    outer loop
      vertex -0.4031431907064702 -0.79861286381070284 0
      vertex -0.35022224071180497 -1.0958882839934916 -9.2465617461723641e-06
      vertex -0.29086701789066244 -0.92251232212091328 0
    endloop
  endfacet
  facet normal -7.6277560534003575e-06 -5.0721071588329297e-05 0.9999999986845951
    outer loop
      vertex -0.29086701789066244 -0.92251232212091328 0
      vertex -0.35022224071180497 -1.0958882839934916 -9.2465617461723641e-06
      vertex -0.21219270376134206 -1.1284435344207295 -9.8449432984334603e-06
    endloop
  endfacet
  facet normal 3.3126143759546536e-06 -4.6541393685187674e-05 0.99999999891146263
    outer loop
      vertex -0.29086701789066244 -0.92251232212091328 0
      vertex -0.21219270376134206 -1.1284435344207295 -9.8449432984334603e-06
      vertex -0.11984853051260702 -0.91033996854520016 0
    endloop
  endfacet
  facet normal -1.0946675689359036e-05 -4.05040675880264e-05 0.99999999911979542
    outer loop
      vertex -0.11984853051260702 -0.91033996854520016 0
      vertex -0.21219270376134206 -1.1284435344207295 -9.8449432984334603e-06
      vertex -0.052539259285841279 -1.1491648080646941 -8.9365646864566356e-06
    endloop
  endfacet
  facet normal -1.2207937233026218e-05 -4.0859535617405852e-05 0.99999999909073223
    outer loop
      vertex -0.11984853051260702 -0.91033996854520016 0
      vertex -0.052539259285841279 -1.1491648080646941 -8.9365646864566356e-06
      vertex 0.063127755351339909 -0.96500928818396181 -0
    endloop
  endfacet
  facet normal 1.3855298100621907e-05 -4.5978632281160859e-05 0.99999999884699808
    outer loop
      vertex 0.063127755351339909 -0.96500928818396181 -0
      vertex 0.14573325769279377 -1.1412224000980893 -9.2465617461724793e-06
      vertex 0.2845889452181537 -1.1123936740943452 -9.844943298432593e-06
    endloop
  endfacet
  facet normal 1.9617523388520226e-05 -3.7320257392563584e-05 0.99999999911117565
    outer loop
      vertex 0.063127755351339909 -0.96500928818396181 -0
      vertex 0.2845889452181537 -1.1123936740943452 -9.844943298432593e-06
      vertex 0.25634019114723483 -0.86344649781225891 -0
    endloop
  endfacet
  facet normal 8.2244037577214751e-06 -3.8613067539823585e-05 0.99999999922069516
    outer loop
      vertex 0.25634019114723483 -0.86344649781225891 -0
      vertex 0.2845889452181537 -1.1123936740943452 -9.844943298432593e-06
      vertex 0.4361376091977025 -1.0646176471986128 -9.2465617461680001e-06
    endloop
  endfacet
  facet normal 7.4383725340265878e-06 -3.9315585692959849e-05 0.99999999919947757
    outer loop
      vertex 0.25634019114723483 -0.86344649781225891 -0
      vertex 0.4361376091977025 -1.0646176471986128 -9.2465617461680001e-06
      vertex 0.42320762991730015 -0.83187575680730219 -0
    endloop
  endfacet
  facet normal 2.4057802986378887e-05 -3.8392292971017754e-05 0.99999999897362701
    outer loop
      vertex 0.42320762991730015 -0.83187575680730219 -0
      vertex 0.4361376091977025 -1.0646176471986128 -9.2465617461680001e-06
      vertex 0.56280048056976273 -1.0008327397602161 -9.8449432984360624e-06
    endloop
  endfacet
  facet normal 2.0002708226227958e-05 -4.1742626451765341e-05 0.99999999892872227
    outer loop
      vertex 0.42320762991730015 -0.83187575680730219 -0
      vertex 0.56280048056976273 -1.0008327397602161 -9.8449432984360624e-06
      vertex 0.69842149249028762 -0.91408290033689443 -8.9365646864566356e-06
    endloop
  endfacet
  facet normal 1.863527174870415e-05 -4.6320543370892562e-05 0.99999999875356693
    outer loop
      vertex 0.42320762991730015 -0.83187575680730219 -0
      vertex 0.69842149249028762 -0.91408290033689443 -8.9365646864566356e-06
      vertex 0.60121603792168443 -0.76026098687348431 -0
    endloop
  endfacet
  facet normal 4.5610563135873794e-05 -1.5022664288762662e-05 0.99999999884699808
    outer loop
      vertex 0.82669792412301935 -0.5017953587147912 -0
      vertex 1.0184238246340001 -0.53520058137230409 -9.2465617461748306e-06
      vertex 1.0744530652116571 -0.40492118314898196 -9.8449432984360624e-06
    endloop
  endfacet
  facet normal 4.1823114291745307e-05 -5.3362858513388264e-06 0.99999999911117565
    outer loop
      vertex 0.82669792412301935 -0.5017953587147912 -0
      vertex 1.0744530652116571 -0.40492118314898196 -9.8449432984360624e-06
      vertex 0.8543246571488593 -0.28527097358325809 -0
    endloop
  endfacet
  facet normal 2.0172925357516774e-05 -4.51675710480231e-05 0.99999999877647194
    outer loop
      vertex 0.8543246571488593 -0.28527097358325809 -0
      vertex 1.0744530652116571 -0.40492118314898196 -9.8449432984360624e-06
      vertex 0.99777679943987174 -0.22120179094477466 -0
    endloop
  endfacet
  facet normal 4.5318951222632856e-05 -8.5072537940109434e-06 0.99999999893690972
    outer loop
      vertex 1.1493478048126273 0.053493378778201428 -9.3662675810398991e-06
      vertex 1.1240833118242795 0.24646656104469378 -6.5796354156949879e-06
      vertex 0.95901334709950736 0.14053786856606515 -0
    endloop
  endfacet
  facet normal 2.0267959004992156e-05 3.0530010874366926e-05 0.9999999993285642
    outer loop
      vertex 0.95901334709950736 0.14053786856606515 -0
      vertex 1.1240833118242795 0.24646656104469378 -6.5796354156949879e-06
      vertex 1.0833571194253229 0.3804574952553364 -9.8449432984334603e-06
    endloop
  endfacet
  facet normal 8.5480834648143363e-06 2.4775361458697608e-05 0.99999999965655595
    outer loop
      vertex 0.81080896667385116 0.62215560222417943 -0
      vertex 0.81301405748861588 0.81292593775593858 -4.7452533203581893e-06
      vertex 0.64612376707244445 0.67897587642922974 -0
    endloop
  endfacet
  facet normal 2.4812646745437979e-05 4.5111102714266238e-06 0.99999999968199116
    outer loop
      vertex 0.64612376707244445 0.67897587642922974 -0
      vertex 0.81301405748861588 0.81292593775593858 -4.7452533203581893e-06
      vertex 0.62215560222417943 0.81080896667385105 -0
    endloop
  endfacet
  facet normal 2.4412519444840134e-05 4.4417162911564838e-05 0.99999999871557232
    outer loop
      vertex 0.31073951173235381 0.91578872870621941 -0
      vertex 0.34817476572702 1.0964098058534519 -8.9365646864566356e-06
      vertex 0.13339807329602008 1.0132589638678553 -0
    endloop
  endfacet
  facet normal -1.0749528861922759e-05 3.3943085182268503e-05 0.99999999936615724
    outer loop
      vertex 0.13339807329602008 1.0132589638678553 -0
      vertex -0.047527161530977427 1.1498044296974361 -6.5796354156994111e-06
      vertex 5.9457383526978717e-17 0.97101276169382478 -0
    endloop
  endfacet
  facet normal -2.7072694371349482e-05 2.9603991903203204e-05 0.99999999919533644
    outer loop
      vertex 5.9457383526978717e-17 0.97101276169382478 -0
      vertex -0.047527161530977427 1.1498044296974361 -6.5796354156994111e-06
      vertex -0.18655450146835831 1.1329642412218439 -9.8449432984334603e-06
    endloop
  endfacet
  facet normal 3.8338461455157429e-05 3.7746831923062063e-05 0.99999999855266963
    outer loop
      vertex -0.18655450146835831 1.1329642412218439 -9.8449432984334603e-06
      vertex -0.29750748474762356 1.110553796296972 -4.7452533203655076e-06
      vertex -0.25131659576395737 0.93792630417633782 -0
    endloop
  endfacet
  facet normal 1.2501059018185132e-06 2.7822896355914439e-05 0.99999999961216191
    outer loop
      vertex -0.25131659576395737 0.93792630417633782 -0
      vertex -0.29750748474762356 1.110553796296972 -4.7452533203655076e-06
      vertex -0.39110336164367548 0.9442070399698711 -0
    endloop
  endfacet
  facet normal -2.2947619669164975e-05 3.911275458416499e-05 0.9999999989717997
    outer loop
      vertex -0.81246937809404585 0.81270445452766749 -8.6142013688526864e-06
      vertex -0.91135116459898868 0.70267212298418757 -6.5796354157001379e-06
      vertex -0.72410015030239916 0.64431084481648737 -0
    endloop
  endfacet
  facet normal -2.4210619110662808e-05 3.5060445705595925e-05 0.99999999909230552
    outer loop
      vertex -0.72410015030239916 0.64431084481648737 -0
      vertex -0.91135116459898868 0.70267212298418757 -6.5796354157001379e-06
      vertex -0.86194802738220244 0.549121454606884 -0
    endloop
  endfacet
  facet normal 3.5979215304072935e-06 -5.0787103874225058e-05 0.99999999870386258
    outer loop
      vertex 0.063127755351339909 -0.96500928818396181 -0
      vertex -0.052539259285841279 -1.1491648080646941 -8.9365646864566356e-06
      vertex 0.14573325769279377 -1.1412224000980893 -9.2465617461724793e-06
    endloop
  endfacet
  facet normal 2.064969310275084e-05 -4.5047559965356619e-05 0.99999999877215384
    outer loop
      vertex 0.60121603792168443 -0.76026098687348431 -0
      vertex 0.69842149249028762 -0.91408290033689443 -8.9365646864566356e-06
      vertex 0.75349916014927221 -0.69045477004072564 -0
    endloop
  endfacet
  facet normal 2.6924259351662293e-05 -1.0446457410202674e-05 0.99999999958297792
    outer loop
      vertex 0.75349916014927221 -0.69045477004072564 -0
      vertex 0.94175417562726238 -0.65949943945320366 -4.7452533203581893e-06
      vertex 0.82669792412301935 -0.5017953587147912 -0
    endloop
  endfacet
  facet normal 4.9245255201985758e-05 5.8382836327111761e-06 0.99999999877040957
    outer loop
      vertex 0.82669792412301935 -0.5017953587147912 -0
      vertex 0.94175417562726238 -0.65949943945320366 -4.7452533203581893e-06
      vertex 1.0184238246340001 -0.53520058137230409 -9.2465617461748306e-06
    endloop
  endfacet
  facet normal 5.1946792722651926e-05 -7.2081832689110243e-06 0.99999999862478628
    outer loop
      vertex 1.0833571194253229 0.3804574952553364 -9.8449432984334603e-06
      vertex 1.0211630634363023 0.53097898536998112 -5.5291750707997566e-06
      vertex 0.90652714314372607 0.47190816115143014 -0
    endloop
  endfacet
  facet normal 3.6321314694280495e-05 2.3115433846130335e-05 0.99999999907321935
    outer loop
      vertex 0.90652714314372607 0.47190816115143014 -0
      vertex 1.0211630634363023 0.53097898536998112 -5.5291750707997566e-06
      vertex 0.91344576877283656 0.70023532654540432 -5.5291750707900386e-06
    endloop
  endfacet
  facet normal 3.6285659029667016e-05 2.3116514261601751e-05 0.99999999907448867
    outer loop
      vertex 0.90652714314372607 0.47190816115143014 -0
      vertex 0.91344576877283656 0.70023532654540432 -5.5291750707900386e-06
      vertex 0.81080896667385116 0.62215560222417943 -0
    endloop
  endfacet
  facet normal 3.5258583649595207e-05 2.4466618062135504e-05 0.99999999907910841
    outer loop
      vertex 0.81080896667385116 0.62215560222417943 -0
      vertex 0.91344576877283656 0.70023532654540432 -5.5291750707900386e-06
      vertex 0.81301405748861588 0.81292593775593858 -4.7452533203581893e-06
    endloop
  endfacet
  facet normal 2.4471402164693051e-05 3.5276485970243369e-05 0.9999999990783599
    outer loop
      vertex 0.81301405748861588 0.81292593775593858 -4.7452533203581893e-06
      vertex 0.70108662040862113 0.91279254801688969 -5.5291750707989587e-06
      vertex 0.62215560222417943 0.81080896667385105 -0
    endloop
  endfacet
  facet normal 5.2704360424784496e-05 1.3425359391213022e-05 0.99999999852100507
    outer loop
      vertex 0.62215560222417943 0.81080896667385105 -0
      vertex 0.70108662040862113 0.91279254801688969 -5.5291750707989587e-06
      vertex 0.57500000000000007 0.99592921435210435 0
    endloop
  endfacet
  facet normal -0.00014477055413531951 -3.6877341891008667e-05 0.99999998884077412
    outer loop
      vertex 0.62215560222417943 0.81080896667385105 -0
      vertex 0.57500000000000007 0.99592921435210435 0
      vertex 0.49702509074407369 1.0350732404406664 -9.8449432984351951e-06
    endloop
  endfacet
  facet normal 2.6237321166704515e-05 3.9703742488550503e-05 0.99999999886760793
    outer loop
      vertex 0.34817476572702 1.0964098058534519 -8.9365646864566356e-06
      vertex 0.15076254951879811 1.1410448451720643 -5.5291750707846184e-06
      vertex 0.13339807329602008 1.0132589638678553 -0
    endloop
  endfacet
  facet normal -3.3659577757641358e-06 4.3726451640847166e-05 0.99999999903833392
    outer loop
      vertex 0.13339807329602008 1.0132589638678553 -0
      vertex 0.15076254951879811 1.1410448451720643 -5.5291750707846184e-06
      vertex -0.047527161530977427 1.1498044296974361 -6.5796354156994111e-06
    endloop
  endfacet
  facet normal -1.8314631923913948e-05 3.8831098925894021e-05 0.9999999990783599
    outer loop
      vertex -0.29750748474762356 1.110553796296972 -4.7452533203655076e-06
      vertex -0.43995822476344465 1.063555097535688 -5.5291750707792109e-06
      vertex -0.39110336164367548 0.9442070399698711 -0
    endloop
  endfacet
  facet normal -3.8463119517888087e-05 3.0583360126198687e-05 0.99999999879262336
    outer loop
      vertex -0.39110336164367548 0.9442070399698711 -0
      vertex -0.43995822476344465 1.063555097535688 -5.5291750707792109e-06
      vertex -0.57444176449863971 0.99529477038178427 -8.6142013688474822e-06
    endloop
  endfacet
  facet normal -7.0418432852593702e-06 4.8514273436819651e-05 0.99999999879838886
    outer loop
      vertex -0.57444176449863971 0.99529477038178427 -8.6142013688474822e-06
      vertex -0.70023532654540677 0.91344576877283512 -5.5291750707811142e-06
      vertex -0.62215560222417943 0.81080896667385105 -0
    endloop
  endfacet
  facet normal -4.5068076565887788e-05 1.9586269535308628e-05 0.99999999879262336
    outer loop
      vertex -0.62215560222417943 0.81080896667385105 -0
      vertex -0.70023532654540677 0.91344576877283512 -5.5291750707811142e-06
      vertex -0.81246937809404585 0.81270445452766749 -8.6142013688526864e-06
    endloop
  endfacet
  facet normal -3.8147803168770619e-05 3.0576319224053428e-05 0.99999999880491697
    outer loop
      vertex -0.86194802738220244 0.549121454606884 -0
      vertex -0.91135116459898868 0.70267212298418757 -6.5796354157001379e-06
      vertex -1.0206675921994255 0.53193077676044997 -5.5291750707777473e-06
    endloop
  endfacet
  facet normal -3.691761060049997e-05 1.9218091663720052e-05 0.9999999991338776
    outer loop
      vertex -0.86194802738220244 0.549121454606884 -0
      vertex -1.0206675921994255 0.53193077676044997 -5.5291750707777473e-06
      vertex -0.94420703996987099 0.39110336164367576 -0
    endloop
  endfacet
  facet normal 6.4446728819137149e-07 3.9611970343714692e-05 0.9999999992152383
    outer loop
      vertex -0.94420703996987099 0.39110336164367576 -0
      vertex -1.0206675921994255 0.53193077676044997 -5.5291750707777473e-06
      vertex -1.0806465139037944 0.39332316482451918 0
    endloop
  endfacet
  facet normal -1.0697871019473621e-06 -6.575411309913365e-05 0.99999999783762616
    outer loop
      vertex -0.94420703996987099 0.39110336164367576 -0
      vertex -1.0806465139037944 0.39332316482451918 0
      vertex -1.1222419777311645 0.25337658199100122 -9.2465617461689759e-06
    endloop
  endfacet
  facet normal 0.0016205077703351971 -1.8372142556786189e-05 0.99999868680765303
    outer loop
      vertex -1.1426432787877945 0.11303491206957041 -9.8449432984369298e-06
      vertex -1.1499999999999999 1.408343819019456e-16 0
      vertex -1.1449122663711326 -0.087100265317699974 -9.8449432984299909e-06
    endloop
  endfacet
  facet normal 0.0012531903580952966 0.0010275684384583618 0.99999868680765325
    outer loop
      vertex -0.94797297512296708 -0.64788717562705911 -9.844943298432593e-06
      vertex -0.88095110958682499 -0.7392057511395197 0
      vertex -0.82106670816573346 -0.80265809324231174 -9.844943298432593e-06
    endloop
  endfacet
  facet normal 0.0010557161938861766 0.001229571586897595 0.99999868680765303
    outer loop
      vertex -0.82106670816573346 -0.80265809324231174 -9.844943298432593e-06
      vertex -0.73920575113952036 -0.88095110958682454 0
      vertex -0.6692127447606856 -0.93304065085898924 -9.8449432984351951e-06
    endloop
  endfacet
  facet normal 0.00082616462734387151 0.0013942148248621544 0.99999868680765303
    outer loop
      vertex -0.6692127447606856 -0.93304065085898924 -9.8449432984351951e-06
      vertex -0.57500000000000051 -0.99592921435210413 0
      vertex -0.4970250907440753 -1.0350732404406657 -9.8449432984343277e-06
    endloop
  endfacet
  facet normal 1.7474292651193483e-05 -4.4265486396747834e-05 0.99999999886760782
    outer loop
      vertex 0.69842149249028762 -0.91408290033689443 -8.9365646864566356e-06
      vertex 0.84821537165992189 -0.77797388665106793 -5.529175070781121e-06
      vertex 0.75349916014927221 -0.69045477004072564 -0
    endloop
  endfacet
  facet normal 3.0217503955434575e-05 -3.0474342898101674e-05 0.99999999907910853
    outer loop
      vertex 0.75349916014927221 -0.69045477004072564 -0
      vertex 0.84821537165992189 -0.77797388665106793 -5.529175070781121e-06
      vertex 0.94175417562726238 -0.65949943945320366 -4.7452533203581893e-06
    endloop
  endfacet
  facet normal -5.0485904451936294e-05 -7.4657409440441932e-05 0.99999999593872235
    outer loop
      vertex 1.0744530652116571 -0.40492118314898196 -9.8449432984360624e-06
      vertex 1.1108147002324285 -0.29764190186789874 0
      vertex 0.99777679943987174 -0.22120179094477466 -0
    endloop
  endfacet
  facet normal 2.2346241128356302e-05 3.3045114106310805e-05 0.99999999920433291
    outer loop
      vertex 0.99777679943987174 -0.22120179094477466 -0
      vertex 1.1108147002324285 -0.29764190186789874 0
      vertex 1.1410448451720643 -0.15076254951879792 -5.529175070802711e-06
    endloop
  endfacet
  facet normal 4.1264180723795151e-05 -5.4325324531853079e-06 0.99999999913387738
    outer loop
      vertex 0.99777679943987174 -0.22120179094477466 -0
      vertex 1.1410448451720643 -0.15076254951879792 -5.529175070802711e-06
      vertex 1.0210296157583141 -0.044579115761523819 -0
    endloop
  endfacet
  facet normal 6.051485230957327e-05 1.6325793596895058e-05 0.9999999980357106
    outer loop
      vertex 1.0210296157583141 -0.044579115761523819 -0
      vertex 1.1410448451720643 -0.15076254951879792 -5.529175070802711e-06
      vertex 1.1493478048126273 0.053493378778201428 -9.3662675810398991e-06
    endloop
  endfacet
  facet normal 0.00021758355472409455 -3.3713557940075555e-06 -0.99999997632301507
    outer loop
      vertex 0.1135167861538217 0.11429485488413237 -0.18000425183971525
      vertex 0.1358688992931418 0.29570929323971057 -0.17999999999999999
      vertex 0.14869418325279679 0.063108601696921146 -0.17999642524935194
    endloop
  endfacet
  facet normal 7.4597136299184156e-05 1.4246032983860925e-05 -0.99999999711615895
    outer loop
      vertex 0.1135167861538217 0.11429485488413237 -0.18000425183971525
      vertex 0.041103362855875132 0.15687885489566789 -0.18000904702066797
      vertex 0.1358688992931418 0.29570929323971057 -0.17999999999999999
    endloop
  endfacet
  facet normal 8.1927321575098181e-06 5.9573621552159839e-05 -0.99999999819193142
    outer loop
      vertex 0.041103362855875132 0.15687885489566789 -0.18000904702066797
      vertex -0.030178546358127625 0.31854460544984164 -0.18000000000000002
      vertex 0.1358688992931418 0.29570929323971057 -0.17999999999999999
    endloop
  endfacet
  facet normal -5.8064849279446897e-05 3.0359227708062145e-05 -0.99999999785339533
    outer loop
      vertex 0.041103362855875132 0.15687885489566789 -0.18000904702066797
      vertex -0.042223854774603817 0.15545584800724138 -0.18000425183971525
      vertex -0.030178546358127625 0.31854460544984164 -0.18000000000000002
    endloop
  endfacet
  facet normal -2.1884598542109572e-05 4.1691641992017738e-05 -0.99999999889143565
    outer loop
      vertex -0.042223854774603817 0.15545584800724138 -0.18000425183971525
      vertex -0.1039662886431747 0.12304627348051404 -0.1800042518397153
      vertex -0.19776630704006817 0.17579219231923002 -0.17999999999999997
    endloop
  endfacet
  facet normal -2.369811209479832e-05 2.7820990561242604e-05 -0.99999999933219597
    outer loop
      vertex -0.042223854774603817 0.15545584800724138 -0.18000425183971525
      vertex -0.19776630704006817 0.17579219231923002 -0.17999999999999997
      vertex -0.030178546358127625 0.31854460544984164 -0.18000000000000002
    endloop
  endfacet
  facet normal -1.8366835763796799e-05 4.7947409636136088e-05 -0.99999999868185263
    outer loop
      vertex -0.1039662886431747 0.12304627348051404 -0.1800042518397153
      vertex -0.14956338795952745 0.061163203073757645 -0.18000638149820999
      vertex -0.19776630704006817 0.17579219231923002 -0.17999999999999997
    endloop
  endfacet
  facet normal -0.00022919063643106805 -4.0706628362354831e-05 -0.99999997290731091
    outer loop
      vertex -0.14956338795952745 0.061163203073757645 -0.18000638149820999
      vertex -0.15988824982621319 -0.028563956446829328 -0.18000036264624802
      vertex -0.19776630704006817 0.17579219231923002 -0.17999999999999997
    endloop
  endfacet
  facet normal -5.3541975093535614e-05 4.6961918597009927e-05 -0.99999999746391754
    outer loop
      vertex -0.11864090626535563 -0.10970177659777869 -0.18000638149820997
      vertex -0.26766298538210986 -0.14371738546595206 -0.18000000000000002
      vertex -0.15988824982621319 -0.028563956446829328 -0.18000036264624802
    endloop
  endfacet
  facet normal -3.4871550600102856e-05 -3.4833044862823624e-05 -0.99999999878531698
    outer loop
      vertex -0.11864090626535563 -0.10970177659777869 -0.18000638149820997
      vertex -0.14280277768081734 -0.26871561826384655 -0.17999999999999999
      vertex -0.26766298538210986 -0.14371738546595206 -0.18000000000000002
    endloop
  endfacet
  facet normal -2.3099368607597049e-05 -3.6621807063471196e-05 -0.99999999906263115
    outer loop
      vertex -0.11864090626535563 -0.10970177659777869 -0.18000638149820997
      vertex -0.047895150454917206 -0.15432497850663929 -0.18000638149820999
      vertex -0.14280277768081734 -0.26871561826384655 -0.17999999999999999
    endloop
  endfacet
  facet normal -5.2901469265283738e-06 -5.139776227747476e-05 -0.99999999866514222
    outer loop
      vertex -0.047895150454917206 -0.15432497850663929 -0.18000638149820999
      vertex 0.020175072138171327 -0.28549021569977379 -0.17999999999999999
      vertex -0.14280277768081734 -0.26871561826384655 -0.17999999999999999
    endloop
  endfacet
  facet normal 5.3197182190707818e-05 -2.1044860860861763e-05 -0.99999999836358677
    outer loop
      vertex -0.047895150454917206 -0.15432497850663929 -0.18000638149820999
      vertex 0.021345087362262365 -0.15925599769664553 -0.18000259434004495
      vertex 0.020175072138171327 -0.28549021569977379 -0.17999999999999999
    endloop
  endfacet
  facet normal -8.1751314688630552e-05 -1.9794076380656178e-05 -0.99999999646245863
    outer loop
      vertex 0.021345087362262365 -0.15925599769664553 -0.18000259434004495
      vertex 0.093755442675488382 -0.13232678685799398 -0.18000904702066792
      vertex 0.020175072138171327 -0.28549021569977379 -0.17999999999999999
    endloop
  endfacet
  facet normal 3.3781841452640476e-05 -7.529670193363675e-05 -0.99999999659459693
    outer loop
      vertex 0.093755442675488382 -0.13232678685799398 -0.18000904702066792
      vertex 0.19074807051683912 -0.20896269405070778 -0.17999999999999999
      vertex 0.020175072138171327 -0.28549021569977379 -0.17999999999999999
    endloop
  endfacet
  facet normal 0.00010862893578255442 1.9431952760437145e-05 -0.99999999391107675
    outer loop
      vertex 0.093755442675488382 -0.13232678685799398 -0.18000904702066792
      vertex 0.14269791522133829 -0.073860615678048094 -0.18000259434004495
      vertex 0.19074807051683912 -0.20896269405070778 -0.17999999999999999
    endloop
  endfacet
  facet normal 0.00016095783051172275 3.8043150812696371e-05 -0.99999998632264764
    outer loop
      vertex 0.14269791522133829 -0.073860615678048094 -0.18000259434004495
      vertex 0.16206105622714195 -0.0083979348621075166 -0.17999698728416119
      vertex 0.19074807051683912 -0.20896269405070778 -0.17999999999999999
    endloop
  endfacet
  facet normal -4.9679317946986601e-06 -1.5642540696652728e-05 -0.99999999986531529
    outer loop
      vertex 0.14869418325279679 0.063108601696921146 -0.17999642524935194
      vertex 0.1358688992931418 0.29570929323971057 -0.17999999999999999
      vertex 0.35836690656584347 0.22504590510969419 -0.17999999999999999
    endloop
  endfacet
  facet normal -1.3301868121614635e-06 1.5280252528118128e-06 -0.99999999999794786
    outer loop
      vertex -0.19776630704006817 0.17579219231923002 -0.17999999999999997
      vertex -0.15988824982621319 -0.028563956446829328 -0.18000036264624802
      vertex -0.37759938457455011 0.019242693078726281 -0.17999999999999999
    endloop
  endfacet
  facet normal -1.9553907551051566e-06 -1.3191489628777681e-06 -0.99999999999721811
    outer loop
      vertex -0.15988824982621319 -0.028563956446829328 -0.18000036264624802
      vertex -0.26766298538210986 -0.14371738546595206 -0.18000000000000002
      vertex -0.37759938457455011 0.019242693078726281 -0.17999999999999999
    endloop
  endfacet
  facet normal -1.3131830266620487e-05 5.4051464480875562e-06 -0.99999999989916977
    outer loop
      vertex 0.16206105622714195 -0.0083979348621075166 -0.17999698728416119
      vertex 0.14869418325279679 0.063108601696921146 -0.17999642524935194
      vertex 0.40344038818008005 0.020655224027598083 -0.17999999999999999
    endloop
  endfacet
  facet normal -1.4567978357853075e-05 -3.2126195832066514e-06 -0.99999999988872657
    outer loop
      vertex 0.14869418325279679 0.063108601696921146 -0.17999642524935194
      vertex 0.35836690656584347 0.22504590510969419 -0.17999999999999999
      vertex 0.40344038818008005 0.020655224027598083 -0.17999999999999999
    endloop
  endfacet
  facet normal 0 0 -1
    outer loop
      vertex 0.35836690656584347 0.22504590510969419 -0.17999999999999999
      vertex 0.1358688992931418 0.29570929323971057 -0.17999999999999999
      vertex 0.29915156545319943 0.38295822632217125 -0.17999999999999999
    endloop
  endfacet
  facet normal -2.6837226115677725e-16 -7.3800818660805025e-17 -1
    outer loop
      vertex -0.030178546358127625 0.31854460544984164 -0.18000000000000002
      vertex -0.19776630704006817 0.17579219231923002 -0.17999999999999997
      vertex -0.15251403398328919 0.38732264762010277 -0.17999999999999999
    endloop
  endfacet
  facet normal 1.4833232372515063e-17 -1.3438638448932292e-16 -1
    outer loop
      vertex -0.19776630704006817 0.17579219231923002 -0.17999999999999997
      vertex -0.34530334484909786 0.36604304658107945 -0.17999999999999999
      vertex -0.15251403398328919 0.38732264762010277 -0.17999999999999999
    endloop
  endfacet
  facet normal 1.6171628681504085e-16 -2.0480505638621413e-17 -1
    outer loop
      vertex -0.19776630704006817 0.17579219231923002 -0.17999999999999997
      vertex -0.36281999063964171 0.22772971757033417 -0.17999999999999999
      vertex -0.34530334484909786 0.36604304658107945 -0.17999999999999999
    endloop
  endfacet
  facet normal 1.6449164634581188e-16 -1.166061459351993e-17 -1
    outer loop
      vertex -0.19776630704006817 0.17579219231923002 -0.17999999999999997
      vertex -0.37759938457455011 0.019242693078726281 -0.17999999999999999
      vertex -0.36281999063964171 0.22772971757033417 -0.17999999999999999
    endloop
  endfacet
  facet normal 3.2740806010935813e-17 -1.8934309107443962e-16 -1
    outer loop
      vertex -0.26766298538210986 -0.14371738546595206 -0.18000000000000002
      vertex -0.14280277768081734 -0.26871561826384655 -0.17999999999999999
      vertex -0.32093889107885343 -0.29951853744727852 -0.17999999999999999
    endloop
  endfacet
  facet normal -3.7945763724406453e-17 -3.6867167782505386e-16 -1
    outer loop
      vertex -0.14280277768081734 -0.26871561826384655 -0.17999999999999999
      vertex 0.020175072138171327 -0.28549021569977379 -0.17999999999999999
      vertex -0.067046708502169067 -0.42708355549580951 -0.17999999999999994
    endloop
  endfacet
  facet normal 0 -0 -1
    outer loop
      vertex 0.19074807051683912 -0.20896269405070778 -0.17999999999999999
      vertex 0.20952227923103145 -0.37928574224332007 -0.17999999999999999
      vertex 0.020175072138171327 -0.28549021569977379 -0.17999999999999999
    endloop
  endfacet
  facet normal -2.3832112274577087e-06 1.468028897919319e-05 -0.99999999988940458
    outer loop
      vertex 0.19074807051683912 -0.20896269405070778 -0.17999999999999999
      vertex 0.16206105622714195 -0.0083979348621075166 -0.17999698728416119
      vertex 0.37025919089150666 -0.17982069840545745 -0.18000000000000002
    endloop
  endfacet
  facet normal -1.2734950151148673e-05 2.1077887475204009e-06 -0.9999999999166892
    outer loop
      vertex 0.16206105622714195 -0.0083979348621075166 -0.17999698728416119
      vertex 0.40344038818008005 0.020655224027598083 -0.17999999999999999
      vertex 0.37025919089150666 -0.17982069840545745 -0.18000000000000002
    endloop
  endfacet
  facet normal 1.5743147848831049e-16 -7.0701058636102452e-17 -1
    outer loop
      vertex 0.1358688992931418 0.29570929323971057 -0.17999999999999999
      vertex -0.030178546358127625 0.31854460544984164 -0.18000000000000002
      vertex 0.069490529653610758 0.54047975463697662 -0.18000000000000002
    endloop
  endfacet
  facet normal -1.4562186781182964e-16 7.2081652939915325e-17 -1
    outer loop
      vertex -0.37759938457455011 0.019242693078726281 -0.17999999999999999
      vertex -0.26766298538210986 -0.14371738546595206 -0.18000000000000002
      vertex -0.48175854355259534 -0.19118327055359535 -0.17999999999999999
    endloop
  endfacet
  facet normal -9.7539636648397703e-17 -1.4479394308045977e-16 -1
    outer loop
      vertex -0.26766298538210986 -0.14371738546595206 -0.18000000000000002
      vertex -0.32093889107885343 -0.29951853744727852 -0.17999999999999999
      vertex -0.48175854355259534 -0.19118327055359535 -0.17999999999999999
    endloop
  endfacet
  facet normal 5.5980694388388397e-17 -3.2374150204031683e-16 -1
    outer loop
      vertex -0.14280277768081734 -0.26871561826384655 -0.17999999999999999
      vertex -0.067046708502169067 -0.42708355549580951 -0.17999999999999994
      vertex -0.32093889107885343 -0.29951853744727852 -0.17999999999999999
    endloop
  endfacet
  facet normal -3.0902261886342293e-16 -2.0168779263901778e-16 -1
    outer loop
      vertex -0.067046708502169067 -0.42708355549580951 -0.17999999999999994
      vertex 0.020175072138171327 -0.28549021569977379 -0.17999999999999999
      vertex 0.14918328385196156 -0.48315441201549048 -0.17999999999999999
    endloop
  endfacet
  facet normal 0 0 -1
    outer loop
      vertex 0.020175072138171327 -0.28549021569977379 -0.17999999999999999
      vertex 0.20952227923103145 -0.37928574224332007 -0.17999999999999999
      vertex 0.14918328385196156 -0.48315441201549048 -0.17999999999999999
    endloop
  endfacet
  facet normal 0 0 -1
    outer loop
      vertex 0.20952227923103145 -0.37928574224332007 -0.17999999999999999
      vertex 0.19074807051683912 -0.20896269405070778 -0.17999999999999999
      vertex 0.35165709280552343 -0.3516570928055236 -0.17999999999999999
    endloop
  endfacet
  facet normal -1.3069256482484309e-16 -1.4737518087517966e-16 -1
    outer loop
      vertex 0.19074807051683912 -0.20896269405070778 -0.17999999999999999
      vertex 0.37025919089150666 -0.17982069840545745 -0.18000000000000002
      vertex 0.35165709280552343 -0.3516570928055236 -0.17999999999999999
    endloop
  endfacet
  facet normal -9.8614703667927607e-17 -1.5012624231501589e-16 -1
    outer loop
      vertex 0.40344038818008005 0.020655224027598083 -0.17999999999999999
      vertex 0.53558215773033691 0.11873570577560486 -0.18000000000000002
      vertex 0.54389260455103894 -0.07160481980845812 -0.17999999999999999
    endloop
  endfacet
  facet normal -1.8049932560001421e-16 -3.980481395111415e-17 -1
    outer loop
      vertex 0.40344038818008005 0.020655224027598083 -0.17999999999999999
      vertex 0.35836690656584347 0.22504590510969419 -0.17999999999999999
      vertex 0.53558215773033691 0.11873570577560486 -0.18000000000000002
    endloop
  endfacet
  facet normal -0 0 -1
    outer loop
      vertex 0.29915156545319943 0.38295822632217125 -0.17999999999999999
      vertex 0.1358688992931418 0.29570929323971057 -0.17999999999999999
      vertex 0.18233041868704145 0.54979370205331513 -0.17999999999999999
    endloop
  endfacet
  facet normal 2.4974254425770622e-16 -4.5667572117829097e-17 -1
    outer loop
      vertex 0.1358688992931418 0.29570929323971057 -0.17999999999999999
      vertex 0.069490529653610758 0.54047975463697662 -0.18000000000000002
      vertex 0.18233041868704145 0.54979370205331513 -0.17999999999999999
    endloop
  endfacet
  facet normal 0 0 -1
    outer loop
      vertex -0.030178546358127625 0.31854460544984164 -0.18000000000000002
      vertex -0.047730143619114873 0.58596620125010002 -0.18000000000000002
      vertex 0.069490529653610758 0.54047975463697662 -0.18000000000000002
    endloop
  endfacet
  facet normal -2.3557329651699525e-16 -1.54613078780582e-17 -1
    outer loop
      vertex -0.030178546358127625 0.31854460544984164 -0.18000000000000002
      vertex -0.15251403398328919 0.38732264762010277 -0.17999999999999999
      vertex -0.047730143619114873 0.58596620125010002 -0.18000000000000002
    endloop
  endfacet
  facet normal 1.0230975075720568e-16 -1.9369362166076191e-16 -1
    outer loop
      vertex -0.15251403398328919 0.38732264762010277 -0.17999999999999999
      vertex -0.19731814926072988 0.50695321444010932 -0.18000000000000002
      vertex -0.047730143619114873 0.58596620125010002 -0.18000000000000002
    endloop
  endfacet
  facet normal 2.4592156907176126e-17 -2.2280046388764095e-16 -1
    outer loop
      vertex -0.15251403398328919 0.38732264762010277 -0.17999999999999999
      vertex -0.34530334484909786 0.36604304658107945 -0.17999999999999999
      vertex -0.19731814926072988 0.50695321444010932 -0.18000000000000002
    endloop
  endfacet
  facet normal -1.7629169427708788e-16 1.2497105772059191e-17 -1
    outer loop
      vertex -0.36281999063964171 0.22772971757033417 -0.17999999999999999
      vertex -0.37759938457455011 0.019242693078726281 -0.17999999999999999
      vertex -0.52719676741735866 0.12989227547593032 -0.17999999999999997
    endloop
  endfacet
  facet normal -7.330711511706891e-17 1.5173146329726364e-16 -1
    outer loop
      vertex -0.37759938457455011 0.019242693078726281 -0.17999999999999999
      vertex -0.52993665245952182 -0.05435710877374015 -0.17999999999999999
      vertex -0.52719676741735866 0.12989227547593032 -0.17999999999999997
    endloop
  endfacet
  facet normal 0 0 -1
    outer loop
      vertex -0.37759938457455011 0.019242693078726281 -0.17999999999999999
      vertex -0.48175854355259534 -0.19118327055359535 -0.17999999999999999
      vertex -0.52993665245952182 -0.05435710877374015 -0.17999999999999999
    endloop
  endfacet
  facet normal 2.6961694905733847e-16 1.0145794374169813e-16 -1
    outer loop
      vertex -0.32093889107885343 -0.29951853744727852 -0.17999999999999999
      vertex -0.067046708502169067 -0.42708355549580951 -0.17999999999999994
      vertex -0.25170099291508319 -0.48351310873077086 -0.17999999999999999
    endloop
  endfacet
  facet normal 2.0019528707921071e-16 3.2862627275452268e-16 -1
    outer loop
      vertex -0.067046708502169067 -0.42708355549580951 -0.17999999999999994
      vertex -0.068987224436056413 -0.59482020243142142 -0.17999999999999999
      vertex -0.25170099291508319 -0.48351310873077086 -0.17999999999999999
    endloop
  endfacet
  facet normal 1.4427656618282645e-16 -1.7714188287960833e-16 -1
    outer loop
      vertex 0.35165709280552343 -0.3516570928055236 -0.17999999999999999
      vertex 0.37025919089150666 -0.17982069840545745 -0.18000000000000002
      vertex 0.48782669454939243 -0.24075117807365534 -0.17999999999999999
    endloop
  endfacet
  facet normal 2.0147226032153096e-16 -6.6780779266350957e-17 -1
    outer loop
      vertex 0.37025919089150666 -0.17982069840545745 -0.18000000000000002
      vertex 0.54389260455103894 -0.07160481980845812 -0.17999999999999999
      vertex 0.48782669454939243 -0.24075117807365534 -0.17999999999999999
    endloop
  endfacet
  facet normal 8.2025835321070145e-17 1.2487215365944981e-16 -1
    outer loop
      vertex 0.37025919089150666 -0.17982069840545745 -0.18000000000000002
      vertex 0.40344038818008005 0.020655224027598083 -0.17999999999999999
      vertex 0.54389260455103894 -0.07160481980845812 -0.17999999999999999
    endloop
  endfacet
  facet normal -2.7596479078840973e-17 2.1507869223874675e-16 -1
    outer loop
      vertex 0.53558215773033691 0.11873570577560486 -0.18000000000000002
      vertex 0.35836690656584347 0.22504590510969419 -0.17999999999999999
      vertex 0.65413001302164342 0.262994900868606 -0.17999999999999999
    endloop
  endfacet
  facet normal 0 0 -1
    outer loop
      vertex 0.35836690656584347 0.22504590510969419 -0.17999999999999999
      vertex 0.4950687886245333 0.36347265720737398 -0.17999999999999999
      vertex 0.65413001302164342 0.262994900868606 -0.17999999999999999
    endloop
  endfacet
  facet normal 0 0 -1
    outer loop
      vertex 0.35836690656584347 0.22504590510969419 -0.17999999999999999
      vertex 0.29915156545319943 0.38295822632217125 -0.17999999999999999
      vertex 0.4950687886245333 0.36347265720737398 -0.17999999999999999
    endloop
  endfacet
  facet normal 1.9208652788060908e-16 1.3450237946696731e-16 -1
    outer loop
      vertex 0.29915156545319943 0.38295822632217125 -0.17999999999999999
      vertex 0.18233041868704145 0.54979370205331513 -0.17999999999999999
      vertex 0.31710963813330784 0.56366931770512063 -0.17999999999999997
    endloop
  endfacet
  facet normal -3.477840525638945e-17 -1.6044893604930698e-16 -1
    outer loop
      vertex -0.19731814926072988 0.50695321444010932 -0.18000000000000002
      vertex -0.34530334484909786 0.36604304658107945 -0.17999999999999999
      vertex -0.35221805852539256 0.54052883015456243 -0.18000000000000002
    endloop
  endfacet
  facet normal 0 0 -1
    outer loop
      vertex -0.34530334484909786 0.36604304658107945 -0.17999999999999999
      vertex -0.36281999063964171 0.22772971757033417 -0.17999999999999999
      vertex -0.56150112458700396 0.25844506786369414 -0.17999999999999999
    endloop
  endfacet
  facet normal -3.4814809645561143e-17 -2.2519833869636756e-16 -1
    outer loop
      vertex -0.36281999063964171 0.22772971757033417 -0.17999999999999999
      vertex -0.52719676741735866 0.12989227547593032 -0.17999999999999997
      vertex -0.56150112458700396 0.25844506786369414 -0.17999999999999999
    endloop
  endfacet
  facet normal -1.2073479843991847e-16 1.5243673783942785e-16 -1
    outer loop
      vertex -0.52719676741735866 0.12989227547593032 -0.17999999999999997
      vertex -0.52993665245952182 -0.05435710877374015 -0.17999999999999999
      vertex -0.64322199105529687 0.037996567207567729 -0.17999999999999997
    endloop
  endfacet
  facet normal 0 -0 -1
    outer loop
      vertex -0.48175854355259534 -0.19118327055359535 -0.17999999999999999
      vertex -0.32093889107885343 -0.29951853744727852 -0.17999999999999999
      vertex -0.49585581661677269 -0.38876318390509795 -0.17999999999999999
    endloop
  endfacet
  facet normal 0 -0 -1
    outer loop
      vertex -0.32093889107885343 -0.29951853744727852 -0.17999999999999999
      vertex -0.25170099291508319 -0.48351310873077086 -0.17999999999999999
      vertex -0.49585581661677269 -0.38876318390509795 -0.17999999999999999
    endloop
  endfacet
  facet normal -3.1753910390586002e-16 -2.3453051361589221e-16 -1
    outer loop
      vertex -0.067046708502169067 -0.42708355549580951 -0.17999999999999994
      vertex 0.14918328385196156 -0.48315441201549048 -0.17999999999999999
      vertex 0.14560897397472464 -0.59666029254977238 -0.17999999999999997
    endloop
  endfacet
  facet normal 1.3216322575886834e-16 3.2941332377419639e-16 -1
    outer loop
      vertex -0.067046708502169067 -0.42708355549580951 -0.17999999999999994
      vertex 0.14560897397472464 -0.59666029254977238 -0.17999999999999997
      vertex -0.068987224436056413 -0.59482020243142142 -0.17999999999999999
    endloop
  endfacet
  facet normal -1.2321202404925977e-16 7.1575863694617763e-17 -1
    outer loop
      vertex 0.20952227923103145 -0.37928574224332007 -0.17999999999999999
      vertex 0.33342143458910672 -0.55378185393894397 -0.18000000000000002
      vertex 0.14918328385196156 -0.48315441201549048 -0.17999999999999999
    endloop
  endfacet
  facet normal -2.7169009816482341e-17 1.3977021041015633e-16 -1
    outer loop
      vertex 0.20952227923103145 -0.37928574224332007 -0.17999999999999999
      vertex 0.35165709280552343 -0.3516570928055236 -0.17999999999999999
      vertex 0.33342143458910672 -0.55378185393894397 -0.18000000000000002
    endloop
  endfacet
  facet normal 1.3284469006368439e-16 -1.6310589551056392e-16 -1
    outer loop
      vertex 0.35165709280552343 -0.3516570928055236 -0.17999999999999999
      vertex 0.48782669454939243 -0.24075117807365534 -0.17999999999999999
      vertex 0.54754803317058831 -0.36227905316523346 -0.17999999999999997
    endloop
  endfacet
  facet normal 3.8958169984741724e-16 -1.2881112701299128e-16 -1
    outer loop
      vertex 0.54389260455103894 -0.07160481980845812 -0.17999999999999999
      vertex 0.53558215773033691 0.11873570577560486 -0.18000000000000002
      vertex 0.65276878516823122 0.04220981905137175 -0.17999999999999997
    endloop
  endfacet
  facet normal 3.9003445308584438e-16 -1.2811781096865641e-16 -1
    outer loop
      vertex 0.53558215773033691 0.11873570577560486 -0.18000000000000002
      vertex 0.65413001302164342 0.262994900868606 -0.17999999999999999
      vertex 0.65276878516823122 0.04220981905137175 -0.17999999999999997
    endloop
  endfacet
  facet normal -1.5611135067019803e-17 -1.5696181183440774e-16 -1
    outer loop
      vertex 0.4950687886245333 0.36347265720737398 -0.17999999999999999
      vertex 0.29915156545319943 0.38295822632217125 -0.17999999999999999
      vertex 0.46238505845687333 0.54355343871358053 -0.18000000000000002
    endloop
  endfacet
  facet normal -3.55944594388699e-16 1.8896269316081838e-16 -1
    outer loop
      vertex 0.29915156545319943 0.38295822632217125 -0.17999999999999999
      vertex 0.31710963813330784 0.56366931770512063 -0.17999999999999997
      vertex 0.46238505845687333 0.54355343871358053 -0.18000000000000002
    endloop
  endfacet
  facet normal -7.9528449768000497e-17 1.5056388415202039e-16 -1
    outer loop
      vertex -0.047730143619114873 0.58596620125010002 -0.18000000000000002
      vertex -0.19731814926072988 0.50695321444010932 -0.18000000000000002
      vertex -0.13423128685037225 0.72462012817861243 -0.17999999999999999
    endloop
  endfacet
  facet normal -9.585667493371939e-17 1.5529632821870368e-16 -1
    outer loop
      vertex -0.19731814926072988 0.50695321444010932 -0.18000000000000002
      vertex -0.2680904640498446 0.64199553696719203 -0.17999999999999999
      vertex -0.13423128685037225 0.72462012817861243 -0.17999999999999999
    endloop
  endfacet
  facet normal 5.0259929600010576e-17 2.3187239813859007e-16 -1
    outer loop
      vertex -0.19731814926072988 0.50695321444010932 -0.18000000000000002
      vertex -0.35221805852539256 0.54052883015456243 -0.18000000000000002
      vertex -0.2680904640498446 0.64199553696719203 -0.17999999999999999
    endloop
  endfacet
  facet normal -2.7201644452353988e-16 -1.6985046482180466e-16 -1
    outer loop
      vertex -0.35221805852539256 0.54052883015456243 -0.18000000000000002
      vertex -0.34530334484909786 0.36604304658107945 -0.17999999999999999
      vertex -0.47974794430427392 0.58135680487756891 -0.17999999999999999
    endloop
  endfacet
  facet normal -1.2845205501238141e-16 -8.0207067221191274e-17 -1
    outer loop
      vertex -0.34530334484909786 0.36604304658107945 -0.17999999999999999
      vertex -0.60000027169185011 0.42789255952961069 -0.17999999999999997
      vertex -0.47974794430427392 0.58135680487756891 -0.17999999999999999
    endloop
  endfacet
  facet normal -7.3239154217682572e-17 1.4716022290097767e-16 -1
    outer loop
      vertex -0.34530334484909786 0.36604304658107945 -0.17999999999999999
      vertex -0.56150112458700396 0.25844506786369414 -0.17999999999999999
      vertex -0.60000027169185011 0.42789255952961069 -0.17999999999999997
    endloop
  endfacet
  facet normal 1.4116935851487158e-16 -1.7823690247514208e-16 -1
    outer loop
      vertex -0.52719676741735866 0.12989227547593032 -0.17999999999999997
      vertex -0.64322199105529687 0.037996567207567729 -0.17999999999999997
      vertex -0.56150112458700396 0.25844506786369414 -0.17999999999999999
    endloop
  endfacet
  facet normal -1.9269667062652148e-16 6.4164939559355144e-17 -1
    outer loop
      vertex -0.64322199105529687 0.037996567207567729 -0.17999999999999997
      vertex -0.52993665245952182 -0.05435710877374015 -0.17999999999999999
      vertex -0.68641503520553626 -0.091718443188042897 -0.17999999999999997
    endloop
  endfacet
  facet normal 1.3495303318866315e-16 4.7518558188780003e-17 -1
    outer loop
      vertex -0.52993665245952182 -0.05435710877374015 -0.17999999999999999
      vertex -0.48175854355259534 -0.19118327055359535 -0.17999999999999999
      vertex -0.66384039454438393 -0.25816925786060146 -0.18000000000000002
    endloop
  endfacet
  facet normal -2.4894254177479232e-16 2.9973636899022745e-16 -1
    outer loop
      vertex -0.52993665245952182 -0.05435710877374015 -0.17999999999999999
      vertex -0.66384039454438393 -0.25816925786060146 -0.18000000000000002
      vertex -0.68641503520553626 -0.091718443188042897 -0.17999999999999997
    endloop
  endfacet
  facet normal 1.5654369392584799e-16 -1.116934997244191e-17 -1
    outer loop
      vertex -0.48175854355259534 -0.19118327055359535 -0.17999999999999999
      vertex -0.49585581661677269 -0.38876318390509795 -0.17999999999999999
      vertex -0.66384039454438393 -0.25816925786060146 -0.18000000000000002
    endloop
  endfacet
  facet normal 7.9361770260136521e-17 2.0450210448364869e-16 -1
    outer loop
      vertex -0.49585581661677269 -0.38876318390509795 -0.17999999999999999
      vertex -0.25170099291508319 -0.48351310873077086 -0.17999999999999999
      vertex -0.42193921210489743 -0.55317092086312036 -0.18000000000000002
    endloop
  endfacet
  facet normal 3.3587277928537284e-16 -4.2239064512022421e-16 -1
    outer loop
      vertex -0.25170099291508319 -0.48351310873077086 -0.17999999999999999
      vertex -0.29538850327526955 -0.58396282661760224 -0.17999999999999997
      vertex -0.42193921210489743 -0.55317092086312036 -0.18000000000000002
    endloop
  endfacet
  facet normal -5.2164333399563957e-16 -4.9440428125117847e-17 -1
    outer loop
      vertex -0.25170099291508319 -0.48351310873077086 -0.17999999999999999
      vertex -0.23355242628902312 -0.6749976722968839 -0.17999999999999999
      vertex -0.29538850327526955 -0.58396282661760224 -0.17999999999999997
    endloop
  endfacet
  facet normal 0 0 -1
    outer loop
      vertex -0.25170099291508319 -0.48351310873077086 -0.17999999999999999
      vertex -0.068987224436056413 -0.59482020243142142 -0.17999999999999999
      vertex -0.23355242628902312 -0.6749976722968839 -0.17999999999999999
    endloop
  endfacet
  facet normal 1.3151000205896903e-16 2.5323264038688568e-16 -1
    outer loop
      vertex -0.068987224436056413 -0.59482020243142142 -0.17999999999999999
      vertex 0.14560897397472464 -0.59666029254977238 -0.17999999999999997
      vertex 0.015583070557015112 -0.74834470553220234 -0.18000000000000002
    endloop
  endfacet
  facet normal -2.4147569636116837e-16 -2.3692575681918312e-16 -1
    outer loop
      vertex 0.14560897397472464 -0.59666029254977238 -0.17999999999999997
      vertex 0.14918328385196156 -0.48315441201549048 -0.17999999999999999
      vertex 0.33342143458910672 -0.55378185393894397 -0.18000000000000002
    endloop
  endfacet
  facet normal 2.096110518763313e-16 1.1840795744678957e-16 -1
    outer loop
      vertex 0.33342143458910672 -0.55378185393894397 -0.18000000000000002
      vertex 0.35165709280552343 -0.3516570928055236 -0.17999999999999999
      vertex 0.47907944392225721 -0.57722582674924017 -0.17999999999999999
    endloop
  endfacet
  facet normal 1.4616609001628005e-16 8.2568299771819347e-17 -1
    outer loop
      vertex 0.35165709280552343 -0.3516570928055236 -0.17999999999999999
      vertex 0.54754803317058831 -0.36227905316523346 -0.17999999999999997
      vertex 0.47907944392225721 -0.57722582674924017 -0.17999999999999999
    endloop
  endfacet
  facet normal 2.2317634197378722e-17 -2.1742120156871218e-16 -1
    outer loop
      vertex 0.48782669454939243 -0.24075117807365534 -0.17999999999999999
      vertex 0.69584413197307882 -0.2193988120596593 -0.17999999999999999
      vertex 0.54754803317058831 -0.36227905316523346 -0.17999999999999997
    endloop
  endfacet
  facet normal 0 0 -1
    outer loop
      vertex 0.48782669454939243 -0.24075117807365534 -0.17999999999999999
      vertex 0.54389260455103894 -0.07160481980845812 -0.17999999999999999
      vertex 0.69584413197307882 -0.2193988120596593 -0.17999999999999999
    endloop
  endfacet
  facet normal 4.3221918497952018e-16 4.4437777434903488e-16 -1
    outer loop
      vertex 0.54389260455103894 -0.07160481980845812 -0.17999999999999999
      vertex 0.6900296761547422 -0.08882461610407183 -0.17999999999999994
      vertex 0.69584413197307882 -0.2193988120596593 -0.17999999999999999
    endloop
  endfacet
  facet normal 3.6720124517185843e-16 -1.0740176834031672e-16 -1
    outer loop
      vertex 0.54389260455103894 -0.07160481980845812 -0.17999999999999999
      vertex 0.65276878516823122 0.04220981905137175 -0.17999999999999997
      vertex 0.6900296761547422 -0.08882461610407183 -0.17999999999999994
    endloop
  endfacet
  facet normal -1.774070925734991e-16 -1.2461930812246242e-16 -1
    outer loop
      vertex 0.65276878516823122 0.04220981905137175 -0.17999999999999997
      vertex 0.65413001302164342 0.262994900868606 -0.17999999999999999
      vertex 0.75221185733872775 0.12336633851580225 -0.17999999999999999
    endloop
  endfacet
  facet normal -7.0651753539912552e-17 -1.118451967216682e-16 -1
    outer loop
      vertex 0.65413001302164342 0.262994900868606 -0.17999999999999999
      vertex 0.4950687886245333 0.36347265720737398 -0.17999999999999999
      vertex 0.67314116117067457 0.49914634443771388 -0.18000000000000002
    endloop
  endfacet
  facet normal -3.3766737119668285e-17 -1.602569596761541e-16 -1
    outer loop
      vertex 0.4950687886245333 0.36347265720737398 -0.17999999999999999
      vertex 0.46238505845687333 0.54355343871358053 -0.18000000000000002
      vertex 0.67314116117067457 0.49914634443771388 -0.18000000000000002
    endloop
  endfacet
  facet normal 2.1787320197700848e-16 -1.1597355573059849e-16 -1
    outer loop
      vertex 0.31710963813330784 0.56366931770512063 -0.17999999999999997
      vertex 0.18233041868704145 0.54979370205331513 -0.17999999999999999
      vertex 0.26926754554280852 0.71311774674111528 -0.17999999999999999
    endloop
  endfacet
  facet normal 2.456760727194222e-16 3.5983488312885541e-18 -1
    outer loop
      vertex 0.18233041868704145 0.54979370205331513 -0.17999999999999999
      vertex 0.069490529653610758 0.54047975463697662 -0.18000000000000002
      vertex 0.066306268645271491 0.75788411861639693 -0.18000000000000002
    endloop
  endfacet
  facet normal 1.2238429127301706e-16 -6.5144961820494214e-17 -1
    outer loop
      vertex 0.18233041868704145 0.54979370205331513 -0.17999999999999999
      vertex 0.066306268645271491 0.75788411861639693 -0.18000000000000002
      vertex 0.26926754554280852 0.71311774674111528 -0.17999999999999999
    endloop
  endfacet
  facet normal 0 0 -1
    outer loop
      vertex 0.069490529653610758 0.54047975463697662 -0.18000000000000002
      vertex -0.047730143619114873 0.58596620125010002 -0.18000000000000002
      vertex 0.066306268645271491 0.75788411861639693 -0.18000000000000002
    endloop
  endfacet
  facet normal -1.5551701381988339e-16 1.0315738216107087e-16 -1
    outer loop
      vertex -0.047730143619114873 0.58596620125010002 -0.18000000000000002
      vertex -0.13423128685037225 0.72462012817861243 -0.17999999999999999
      vertex 0.066306268645271491 0.75788411861639693 -0.18000000000000002
    endloop
  endfacet
  facet normal 5.1395030014805781e-17 1.7547760751307592e-16 -1
    outer loop
      vertex -0.56150112458700396 0.25844506786369414 -0.17999999999999999
      vertex -0.77467447311178816 0.32088067318713426 -0.17999999999999999
      vertex -0.60000027169185011 0.42789255952961069 -0.17999999999999997
    endloop
  endfacet
  facet normal -0 0 -1
    outer loop
      vertex -0.56150112458700396 0.25844506786369414 -0.17999999999999999
      vertex -0.7520432808377091 0.1249786046447479 -0.17999999999999999
      vertex -0.77467447311178816 0.32088067318713426 -0.17999999999999999
    endloop
  endfacet
  facet normal 1.1912244405306008e-16 -1.7006405055095503e-16 -1
    outer loop
      vertex -0.56150112458700396 0.25844506786369414 -0.17999999999999999
      vertex -0.64322199105529687 0.037996567207567729 -0.17999999999999997
      vertex -0.7520432808377091 0.1249786046447479 -0.17999999999999999
    endloop
  endfacet
  facet normal -4.9795295572572076e-17 1.4643396285167596e-16 -1
    outer loop
      vertex -0.49585581661677269 -0.38876318390509795 -0.17999999999999999
      vertex -0.42193921210489743 -0.55317092086312036 -0.18000000000000002
      vertex -0.52035025649995825 -0.586635883142542 -0.18000000000000002
    endloop
  endfacet
  facet normal -6.9444295341466828e-17 1.4253523464362069e-16 -1
    outer loop
      vertex -0.068987224436056413 -0.59482020243142142 -0.17999999999999999
      vertex 0.015583070557015112 -0.74834470553220234 -0.18000000000000002
      vertex -0.23355242628902312 -0.6749976722968839 -0.17999999999999999
    endloop
  endfacet
  facet normal 1.137326935820245e-16 2.6847158649611949e-16 -1
    outer loop
      vertex 0.015583070557015112 -0.74834470553220234 -0.18000000000000002
      vertex 0.14560897397472464 -0.59666029254977238 -0.17999999999999997
      vertex 0.18148496420551463 -0.81862577132862002 -0.18000000000000002
    endloop
  endfacet
  facet normal 2.5662649524652986e-16 2.9156732489994538e-16 -1
    outer loop
      vertex 0.14560897397472464 -0.59666029254977238 -0.17999999999999997
      vertex 0.27573023149062581 -0.7111880856926972 -0.17999999999999997
      vertex 0.18148496420551463 -0.81862577132862002 -0.18000000000000002
    endloop
  endfacet
  facet normal -2.3469068945402443e-16 -2.6664486236036466e-16 -1
    outer loop
      vertex 0.14560897397472464 -0.59666029254977238 -0.17999999999999997
      vertex 0.33342143458910672 -0.55378185393894397 -0.18000000000000002
      vertex 0.27573023149062581 -0.7111880856926972 -0.17999999999999997
    endloop
  endfacet
  facet normal -2.4561031484241478e-16 6.0662522921893953e-17 -1
    outer loop
      vertex 0.54754803317058831 -0.36227905316523346 -0.17999999999999997
      vertex 0.69584413197307882 -0.2193988120596593 -0.17999999999999999
      vertex 0.77467572992360478 -0.35776631837450401 -0.18000000000000002
    endloop
  endfacet
  facet normal 1.1058475654497385e-16 -1.2643547019687081e-16 -1
    outer loop
      vertex 0.65413001302164342 0.262994900868606 -0.17999999999999999
      vertex 0.67314116117067457 0.49914634443771388 -0.18000000000000002
      vertex 0.81093607642575605 0.40014280975302829 -0.17999999999999999
    endloop
  endfacet
  facet normal 7.2854649114135264e-17 3.4576821929601434e-16 -1
    outer loop
      vertex 0.46238505845687333 0.54355343871358053 -0.18000000000000002
      vertex 0.51903700933263375 0.61188886196633441 -0.17999999999999999
      vertex 0.67314116117067457 0.49914634443771388 -0.18000000000000002
    endloop
  endfacet
  facet normal -0 0 -1
    outer loop
      vertex -0.13423128685037225 0.72462012817861243 -0.17999999999999999
      vertex -0.2680904640498446 0.64199553696719203 -0.17999999999999999
      vertex -0.28309305486684305 0.74396661231277439 -0.17999999999999999
    endloop
  endfacet
  facet normal 4.5847023114314139e-16 3.9567815923707624e-16 -1
    outer loop
      vertex -0.68641503520553626 -0.091718443188042897 -0.17999999999999997
      vertex -0.66384039454438393 -0.25816925786060146 -0.18000000000000002
      vertex -0.78739544317132681 -0.11500666376615175 -0.18000000000000002
    endloop
  endfacet
  facet normal 2.2692953170723685e-17 -1.8334320883465683e-16 -1
    outer loop
      vertex -0.66384039454438393 -0.25816925786060146 -0.18000000000000002
      vertex -0.49585581661677269 -0.38876318390509795 -0.17999999999999999
      vertex -0.75021676625630995 -0.42024622140247442 -0.17999999999999999
    endloop
  endfacet
  facet normal -1.7631781512847297e-17 1.4245247745927962e-16 -1
    outer loop
      vertex -0.49585581661677269 -0.38876318390509795 -0.17999999999999999
      vertex -0.52035025649995825 -0.586635883142542 -0.18000000000000002
      vertex -0.75021676625630995 -0.42024622140247442 -0.17999999999999999
    endloop
  endfacet
  facet normal -1.0736002910317914e-16 1.0092025026697194e-16 -1
    outer loop
      vertex -0.23355242628902312 -0.6749976722968839 -0.17999999999999999
      vertex -0.13831302724476377 -0.84870583211706596 -0.18000000000000002
      vertex -0.29409902915968067 -0.73940778849355138 -0.17999999999999999
    endloop
  endfacet
  facet normal -7.6756072805514901e-17 1.1769955648484646e-16 -1
    outer loop
      vertex -0.23355242628902312 -0.6749976722968839 -0.17999999999999999
      vertex 0.015583070557015112 -0.74834470553220234 -0.18000000000000002
      vertex -0.13831302724476377 -0.84870583211706596 -0.18000000000000002
    endloop
  endfacet
  facet normal -4.2926169193463447e-17 1.4280125889000266e-16 -1
    outer loop
      vertex 0.47907944392225721 -0.57722582674924017 -0.17999999999999999
      vertex 0.54754803317058831 -0.36227905316523346 -0.17999999999999997
      vertex 0.60977969429135892 -0.53793723010392813 -0.17999999999999999
    endloop
  endfacet
  facet normal -2.4581417125811268e-16 7.0922695591671277e-17 -1
    outer loop
      vertex 0.54754803317058831 -0.36227905316523346 -0.17999999999999997
      vertex 0.77467572992360478 -0.35776631837450401 -0.18000000000000002
      vertex 0.60977969429135892 -0.53793723010392813 -0.17999999999999999
    endloop
  endfacet
  facet normal -5.8557313713231094e-16 3.9905558457139804e-16 -1
    outer loop
      vertex 0.69584413197307882 -0.2193988120596593 -0.17999999999999999
      vertex 0.6900296761547422 -0.08882461610407183 -0.17999999999999994
      vertex 0.82294676744134754 -0.10244188881941022 -0.18000000000000002
    endloop
  endfacet
  facet normal 0 0 -1
    outer loop
      vertex 0.75221185733872775 0.12336633851580225 -0.17999999999999999
      vertex 0.95550535608471154 0.21183043757072229 -0.17999999999999999
      vertex 0.88349866062785809 0.050299008824528917 -0.17999999999999999
    endloop
  endfacet
  facet normal 0 0 -1
    outer loop
      vertex 0.75221185733872775 0.12336633851580225 -0.17999999999999999
      vertex 0.65413001302164342 0.262994900868606 -0.17999999999999999
      vertex 0.81093607642575605 0.40014280975302829 -0.17999999999999999
    endloop
  endfacet
  facet normal 0 0 -1
    outer loop
      vertex 0.75221185733872775 0.12336633851580225 -0.17999999999999999
      vertex 0.81093607642575605 0.40014280975302829 -0.17999999999999999
      vertex 0.95550535608471154 0.21183043757072229 -0.17999999999999999
    endloop
  endfacet
  facet normal 6.0889805707513482e-17 -1.329157427426315e-16 -1
    outer loop
      vertex 0.26926754554280852 0.71311774674111528 -0.17999999999999999
      vertex 0.29430213781133685 0.93340713060681713 -0.18000000000000002
      vertex 0.39533711830785523 0.77087126511972348 -0.17999999999999999
    endloop
  endfacet
  facet normal 1.8272955045952437e-16 2.0844770039766289e-16 -1
    outer loop
      vertex 0.26926754554280852 0.71311774674111528 -0.17999999999999999
      vertex 0.066306268645271491 0.75788411861639693 -0.18000000000000002
      vertex 0.12774657979347945 0.97033160885289271 -0.17999999999999997
    endloop
  endfacet
  facet normal -3.5234465546311871e-16 -8.5954077749194296e-17 -1
    outer loop
      vertex 0.26926754554280852 0.71311774674111528 -0.17999999999999999
      vertex 0.12774657979347945 0.97033160885289271 -0.17999999999999997
      vertex 0.29430213781133685 0.93340713060681713 -0.18000000000000002
    endloop
  endfacet
  facet normal 3.3290360432003004e-16 1.6501701272370625e-16 -1
    outer loop
      vertex 0.066306268645271491 0.75788411861639693 -0.18000000000000002
      vertex -0.042690493408514212 0.97777305217545896 -0.18000000000000002
      vertex 0.12774657979347945 0.97033160885289271 -0.17999999999999997
    endloop
  endfacet
  facet normal -1.2789044585313765e-16 -6.3394024746874438e-17 -1
    outer loop
      vertex 0.066306268645271491 0.75788411861639693 -0.18000000000000002
      vertex -0.13423128685037225 0.72462012817861243 -0.17999999999999999
      vertex -0.042690493408514212 0.97777305217545896 -0.18000000000000002
    endloop
  endfacet
  facet normal -1.4588760115163704e-16 -5.6886203902026147e-17 -1
    outer loop
      vertex -0.13423128685037225 0.72462012817861243 -0.17999999999999999
      vertex -0.19545035737172162 0.88161958904041293 -0.17999999999999999
      vertex -0.042690493408514212 0.97777305217545896 -0.18000000000000002
    endloop
  endfacet
  facet normal -1.322065169302064e-16 -1.0172647245386696e-15 -1
    outer loop
      vertex -0.13423128685037225 0.72462012817861243 -0.17999999999999999
      vertex -0.28309305486684305 0.74396661231277439 -0.17999999999999999
      vertex -0.37990625126754896 0.78383323712180619 -0.18000000000000002
    endloop
  endfacet
  facet normal 1.2469602195096549e-16 4.8622934879168477e-17 -1
    outer loop
      vertex -0.13423128685037225 0.72462012817861243 -0.17999999999999999
      vertex -0.37990625126754896 0.78383323712180619 -0.18000000000000002
      vertex -0.19545035737172162 0.88161958904041293 -0.17999999999999999
    endloop
  endfacet
  facet normal 2.2653146188038791e-16 7.4596722438200531e-17 -1
    outer loop
      vertex -0.47974794430427392 0.58135680487756891 -0.17999999999999999
      vertex -0.71369162240869255 0.5476348429686797 -0.18000000000000005
      vertex -0.52726263361384373 0.725646951659907 -0.17999999999999999
    endloop
  endfacet
  facet normal 2.9688809721938504e-16 -4.1349735983159565e-16 -1
    outer loop
      vertex -0.47974794430427392 0.58135680487756891 -0.17999999999999999
      vertex -0.60000027169185011 0.42789255952961069 -0.17999999999999997
      vertex -0.71369162240869255 0.5476348429686797 -0.18000000000000005
    endloop
  endfacet
  facet normal 3.6980734258256753e-16 -3.4426294020561951e-16 -1
    outer loop
      vertex -0.60000027169185011 0.42789255952961069 -0.17999999999999997
      vertex -0.77467447311178816 0.32088067318713426 -0.17999999999999999
      vertex -0.71369162240869255 0.5476348429686797 -0.18000000000000005
    endloop
  endfacet
  facet normal 0 -0 -1
    outer loop
      vertex -0.77467447311178816 0.32088067318713426 -0.17999999999999999
      vertex -0.7520432808377091 0.1249786046447479 -0.17999999999999999
      vertex -0.95550535608471165 0.21183043757072223 -0.17999999999999999
    endloop
  endfacet
  facet normal 8.4600106613770685e-17 1.9818710415042572e-16 -1
    outer loop
      vertex -0.7520432808377091 0.1249786046447479 -0.17999999999999999
      vertex -0.89416494076608388 0.045598727225369631 -0.18000000000000002
      vertex -0.95550535608471165 0.21183043757072223 -0.17999999999999999
    endloop
  endfacet
  facet normal 0 -0 -1
    outer loop
      vertex -0.78739544317132681 -0.11500666376615175 -0.18000000000000002
      vertex -0.66384039454438393 -0.25816925786060146 -0.18000000000000002
      vertex -0.93340713060681735 -0.2943021378113363 -0.18000000000000002
    endloop
  endfacet
  facet normal -2.8201677453722869e-16 2.2966416388691313e-16 -1
    outer loop
      vertex -0.78739544317132681 -0.11500666376615175 -0.18000000000000002
      vertex -0.93340713060681735 -0.2943021378113363 -0.18000000000000002
      vertex -0.87051869470651122 -0.096225221090779023 -0.17999999999999999
    endloop
  endfacet
  facet normal 2.4720248358237973e-17 -1.8442362395880427e-16 -1
    outer loop
      vertex -0.66384039454438393 -0.25816925786060146 -0.18000000000000002
      vertex -0.75021676625630995 -0.42024622140247442 -0.17999999999999999
      vertex -0.93340713060681735 -0.2943021378113363 -0.18000000000000002
    endloop
  endfacet
  facet normal -2.3676595693467549e-16 -1.6028032183712031e-16 -1
    outer loop
      vertex -0.75021676625630995 -0.42024622140247442 -0.17999999999999999
      vertex -0.52035025649995825 -0.586635883142542 -0.18000000000000002
      vertex -0.73633982273281151 -0.61391418433458689 -0.17999999999999997
    endloop
  endfacet
  facet normal -2.2426490545337806e-16 -2.5926363710630662e-16 -1
    outer loop
      vertex -0.52035025649995825 -0.586635883142542 -0.18000000000000002
      vertex -0.48886637004430133 -0.72092508321511473 -0.17999999999999999
      vertex -0.73633982273281151 -0.61391418433458689 -0.17999999999999997
    endloop
  endfacet
  facet normal 4.021152366762076e-17 3.1125871050262316e-16 -1
    outer loop
      vertex -0.29409902915968067 -0.73940778849355138 -0.17999999999999999
      vertex -0.13831302724476377 -0.84870583211706596 -0.18000000000000002
      vertex -0.36479737750929653 -0.81944631100582876 -0.18000000000000002
    endloop
  endfacet
  facet normal 0 0 -1
    outer loop
      vertex 0.015583070557015112 -0.74834470553220234 -0.18000000000000002
      vertex 0.18148496420551463 -0.81862577132862002 -0.18000000000000002
      vertex 0.037904415148985904 -0.93886812353706761 -0.18000000000000002
    endloop
  endfacet
  facet normal 3.650625606503266e-18 5.134799462468075e-16 -1
    outer loop
      vertex 0.18148496420551463 -0.81862577132862002 -0.18000000000000002
      vertex 0.27573023149062581 -0.7111880856926972 -0.17999999999999997
      vertex 0.38449530110791508 -0.82006908910509368 -0.18000000000000002
    endloop
  endfacet
  facet normal 0 0 -1
    outer loop
      vertex 0.47907944392225721 -0.57722582674924017 -0.17999999999999999
      vertex 0.60977969429135892 -0.53793723010392813 -0.17999999999999999
      vertex 0.48795269377087241 -0.72206398998975807 -0.17999999999999999
    endloop
  endfacet
  facet normal 1.2076390990915751e-16 -2.6457692393035575e-16 -1
    outer loop
      vertex 0.60977969429135892 -0.53793723010392813 -0.17999999999999999
      vertex 0.77467572992360478 -0.35776631837450401 -0.18000000000000002
      vertex 0.7068394687493369 -0.59854061727386587 -0.17999999999999997
    endloop
  endfacet
  facet normal -2.4089398340046661e-17 1.8686879990437666e-16 -1
    outer loop
      vertex 0.69584413197307882 -0.2193988120596593 -0.17999999999999999
      vertex 0.88161958904041293 -0.19545035737172167 -0.17999999999999999
      vertex 0.77467572992360478 -0.35776631837450401 -0.18000000000000002
    endloop
  endfacet
  facet normal 3.5576415985824943e-17 -2.7597709441825401e-16 -1
    outer loop
      vertex 0.69584413197307882 -0.2193988120596593 -0.17999999999999999
      vertex 0.82294676744134754 -0.10244188881941022 -0.18000000000000002
      vertex 0.88161958904041293 -0.19545035737172167 -0.17999999999999999
    endloop
  endfacet
  facet normal -1.7646511656229229e-16 4.9809824288631428e-18 -1
    outer loop
      vertex 0.67314116117067457 0.49914634443771388 -0.18000000000000002
      vertex 0.51903700933263375 0.61188886196633441 -0.17999999999999999
      vertex 0.68013151344438028 0.74679896044433314 -0.18000000000000002
    endloop
  endfacet
  facet normal -1.671195189810781e-16 -6.1784817251057061e-18 -1
    outer loop
      vertex 0.51903700933263375 0.61188886196633441 -0.17999999999999999
      vertex 0.51554171083479516 0.70643192766490215 -0.17999999999999999
      vertex 0.68013151344438028 0.74679896044433314 -0.18000000000000002
    endloop
  endfacet
  facet normal -1.2447248469816358e-16 -2.3218991527416851e-16 -1
    outer loop
      vertex 0.51554171083479516 0.70643192766490215 -0.17999999999999999
      vertex 0.39533711830785523 0.77087126511972348 -0.17999999999999999
      vertex 0.48601332281579357 0.84179976827232872 -0.18000000000000002
    endloop
  endfacet
  facet normal -1.1607784812456107e-16 -2.4292176141337249e-16 -1
    outer loop
      vertex 0.39533711830785523 0.77087126511972348 -0.17999999999999999
      vertex 0.29430213781133685 0.93340713060681713 -0.18000000000000002
      vertex 0.48601332281579357 0.84179976827232872 -0.18000000000000002
    endloop
  endfacet
  facet normal -4.466710732338363e-16 6.541792027568225e-16 -1
    outer loop
      vertex -0.37990625126754896 0.78383323712180619 -0.18000000000000002
      vertex -0.52726263361384373 0.725646951659907 -0.17999999999999999
      vertex -0.44954520389394487 0.86356830194587697 -0.17999999999999994
    endloop
  endfacet
  facet normal -1.4737517442165466e-16 -2.2027623419026358e-16 -1
    outer loop
      vertex -0.89416494076608388 0.045598727225369631 -0.18000000000000002
      vertex -0.87051869470651122 -0.096225221090779023 -0.17999999999999999
      vertex -1.0010440851645732 -0.134901083976009 -0.17999999999999997
    endloop
  endfacet
  facet normal -1.7596175568417168e-16 6.0130978836232603e-17 -1
    outer loop
      vertex -0.48886637004430133 -0.72092508321511473 -0.17999999999999999
      vertex -0.36479737750929653 -0.81944631100582876 -0.18000000000000002
      vertex -0.5230994854411477 -0.82110171769455009 -0.17999999999999999
    endloop
  endfacet
  facet normal 0 0 -1
    outer loop
      vertex -0.36479737750929653 -0.81944631100582876 -0.18000000000000002
      vertex -0.13831302724476377 -0.84870583211706596 -0.18000000000000002
      vertex -0.30668111454241243 -0.96241064877935734 -0.18000000000000002
    endloop
  endfacet
  facet normal 0 0 -1
    outer loop
      vertex -0.13831302724476377 -0.84870583211706596 -0.18000000000000002
      vertex 0.015583070557015112 -0.74834470553220234 -0.18000000000000002
      vertex 0.037904415148985904 -0.93886812353706761 -0.18000000000000002
    endloop
  endfacet
  facet normal -2.7620470314113052e-17 3.1236249679646915e-16 -1
    outer loop
      vertex 0.48795269377087241 -0.72206398998975807 -0.17999999999999999
      vertex 0.61734980830356834 -0.79947906607266905 -0.18000000000000002
      vertex 0.38449530110791508 -0.82006908910509368 -0.18000000000000002
    endloop
  endfacet
  facet normal 2.0236228146899472e-16 -1.3389248681254464e-16 -1
    outer loop
      vertex 0.48795269377087241 -0.72206398998975807 -0.17999999999999999
      vertex 0.60977969429135892 -0.53793723010392813 -0.17999999999999999
      vertex 0.7068394687493369 -0.59854061727386587 -0.17999999999999997
    endloop
  endfacet
  facet normal 2.1888676851994327e-17 -2.3671960625154553e-16 -1
    outer loop
      vertex 0.7068394687493369 -0.59854061727386587 -0.17999999999999997
      vertex 0.77467572992360478 -0.35776631837450401 -0.18000000000000002
      vertex 0.89738339179281634 -0.4636708002832402 -0.17999999999999999
    endloop
  endfacet
  facet normal 2.4344281635992348e-16 -1.4484808632443904e-16 -1
    outer loop
      vertex 0.88161958904041293 -0.19545035737172167 -0.17999999999999999
      vertex 0.82294676744134754 -0.10244188881941022 -0.18000000000000002
      vertex 0.97264468933509263 -0.042466584251326996 -0.17999999999999999
    endloop
  endfacet
  facet normal 1.3386949516791845e-16 1.286461225931438e-16 -1
    outer loop
      vertex 0.82294676744134754 -0.10244188881941022 -0.18000000000000002
      vertex 0.88349866062785809 0.050299008824528917 -0.17999999999999999
      vertex 0.97264468933509263 -0.042466584251326996 -0.17999999999999999
    endloop
  endfacet
  facet normal 1.8108099564323498e-16 1.3901768002117876e-16 -1
    outer loop
      vertex 0.95550535608471154 0.21183043757072229 -0.17999999999999999
      vertex 0.81093607642575605 0.40014280975302829 -0.17999999999999999
      vertex 0.9646515974539398 0.39957177463029331 -0.17999999999999997
    endloop
  endfacet
  facet normal 1.9125615128003073e-16 -1.4155559823671884e-17 -1
    outer loop
      vertex 0.81093607642575605 0.40014280975302829 -0.17999999999999999
      vertex 0.67314116117067457 0.49914634443771388 -0.18000000000000002
      vertex 0.8283651061920343 0.6356269018812053 -0.17999999999999999
    endloop
  endfacet
  facet normal 1.8336054100093005e-16 -5.1756157288461687e-18 -1
    outer loop
      vertex 0.67314116117067457 0.49914634443771388 -0.18000000000000002
      vertex 0.68013151344438028 0.74679896044433314 -0.18000000000000002
      vertex 0.8283651061920343 0.6356269018812053 -0.17999999999999999
    endloop
  endfacet
  facet normal -1.1233752667021533e-16 -2.2954286300801977e-16 -1
    outer loop
      vertex 0.51554171083479516 0.70643192766490215 -0.17999999999999999
      vertex 0.48601332281579357 0.84179976827232872 -0.18000000000000002
      vertex 0.68013151344438028 0.74679896044433314 -0.18000000000000002
    endloop
  endfacet
  facet normal -3.9692413691220073e-05 6.3059691436161928e-05 -0.9999999972239938
    outer loop
      vertex -0.042690493408514212 0.97777305217545896 -0.18000000000000002
      vertex -0.19545035737172162 0.88161958904041293 -0.17999999999999999
      vertex -0.19970073165399549 1.1310363439259845 -0.17998410314873942
    endloop
  endfacet
  facet normal 6.2427301929939157e-05 6.4799939371655048e-05 -0.99999999595189992
    outer loop
      vertex -0.19545035737172162 0.88161958904041293 -0.17999999999999999
      vertex -0.31397635692499481 0.99580578168825085 -0.17999999999999999
      vertex -0.19970073165399549 1.1310363439259845 -0.17998410314873942
    endloop
  endfacet
  facet normal 9.7061465181861122e-17 1.0075042272637807e-16 -1
    outer loop
      vertex -0.19545035737172162 0.88161958904041293 -0.17999999999999999
      vertex -0.37990625126754896 0.78383323712180619 -0.18000000000000002
      vertex -0.31397635692499481 0.99580578168825085 -0.17999999999999999
    endloop
  endfacet
  facet normal -7.711461988350547e-16 3.7078935476405222e-16 -1
    outer loop
      vertex -0.37990625126754896 0.78383323712180619 -0.18000000000000002
      vertex -0.44954520389394487 0.86356830194587697 -0.17999999999999994
      vertex -0.31397635692499481 0.99580578168825085 -0.17999999999999999
    endloop
  endfacet
  facet normal -6.231085653768494e-17 3.7709626440612735e-16 -1
    outer loop
      vertex -0.52726263361384373 0.725646951659907 -0.17999999999999999
      vertex -0.71369162240869255 0.5476348429686797 -0.18000000000000005
      vertex -0.70540492571494828 0.76981439212886116 -0.17999999999999997
    endloop
  endfacet
  facet normal 4.4265946631435182e-17 3.7312123769556967e-16 -1
    outer loop
      vertex -0.71369162240869255 0.5476348429686797 -0.18000000000000005
      vertex -0.82836510619203441 0.63562690188120541 -0.18000000000000002
      vertex -0.70540492571494828 0.76981439212886116 -0.17999999999999997
    endloop
  endfacet
  facet normal -6.444051604417736e-05 -8.3980515547437456e-05 -0.99999999439734644
    outer loop
      vertex -0.71369162240869255 0.5476348429686797 -0.18000000000000005
      vertex -0.99478926218262997 0.57403651221045027 -0.17998410314873939
      vertex -0.82836510619203441 0.63562690188120541 -0.18000000000000002
    endloop
  endfacet
  facet normal -9.1238832610938204e-17 -2.2027002710441552e-16 -1
    outer loop
      vertex -0.71369162240869255 0.5476348429686797 -0.18000000000000005
      vertex -0.77467447311178816 0.32088067318713426 -0.17999999999999999
      vertex -0.9646515974539398 0.39957177463029336 -0.17999999999999999
    endloop
  endfacet
  facet normal -4.8786208750868781e-05 8.2690341811865321e-05 -0.99999999539110662
    outer loop
      vertex -0.71369162240869255 0.5476348429686797 -0.18000000000000005
      vertex -0.9646515974539398 0.39957177463029336 -0.17999999999999999
      vertex -0.99478926218262997 0.57403651221045027 -0.17998410314873939
    endloop
  endfacet
  facet normal -0 0 -1
    outer loop
      vertex -0.77467447311178816 0.32088067318713426 -0.17999999999999999
      vertex -0.95550535608471165 0.21183043757072223 -0.17999999999999999
      vertex -0.9646515974539398 0.39957177463029336 -0.17999999999999999
    endloop
  endfacet
  facet normal -2.8055952194735206e-16 2.2920149343744171e-16 -1
    outer loop
      vertex -0.87051869470651122 -0.096225221090779023 -0.17999999999999999
      vertex -0.93340713060681735 -0.2943021378113363 -0.18000000000000002
      vertex -1.0010440851645732 -0.134901083976009 -0.17999999999999997
    endloop
  endfacet
  facet normal -5.3087711282738568e-17 -2.9759820167277484e-16 -1
    outer loop
      vertex -0.93340713060681735 -0.2943021378113363 -0.18000000000000002
      vertex -0.75021676625630995 -0.42024622140247442 -0.17999999999999999
      vertex -0.92615583209044472 -0.48212620986262084 -0.17999999999999997
    endloop
  endfacet
  facet normal -1.0471207884676098e-16 -1.5081822918874923e-16 -1
    outer loop
      vertex -0.75021676625630995 -0.42024622140247442 -0.17999999999999999
      vertex -0.73633982273281151 -0.61391418433458689 -0.17999999999999997
      vertex -0.92615583209044472 -0.48212620986262084 -0.17999999999999997
    endloop
  endfacet
  facet normal -3.8472369070671383e-17 1.7040026576135305e-16 -1
    outer loop
      vertex -0.73633982273281151 -0.61391418433458689 -0.17999999999999997
      vertex -0.48886637004430133 -0.72092508321511473 -0.17999999999999999
      vertex -0.70540492571494851 -0.76981439212886105 -0.17999999999999999
    endloop
  endfacet
  facet normal 0 0 -1
    outer loop
      vertex -0.48886637004430133 -0.72092508321511473 -0.17999999999999999
      vertex -0.5230994854411477 -0.82110171769455009 -0.17999999999999999
      vertex -0.70540492571494851 -0.76981439212886105 -0.17999999999999999
    endloop
  endfacet
  facet normal 0 0 -1
    outer loop
      vertex -0.30668111454241243 -0.96241064877935734 -0.18000000000000002
      vertex -0.13831302724476377 -0.84870583211706596 -0.18000000000000002
      vertex -0.13628649126190548 -1.0351986765114987 -0.18000000000000002
    endloop
  endfacet
  facet normal 0 0 -1
    outer loop
      vertex -0.13831302724476377 -0.84870583211706596 -0.18000000000000002
      vertex 0.037904415148985904 -0.93886812353706761 -0.18000000000000002
      vertex -0.13628649126190548 -1.0351986765114987 -0.18000000000000002
    endloop
  endfacet
  facet normal 1.3005769588439808e-16 -1.5530098206775594e-16 -1
    outer loop
      vertex 0.037904415148985904 -0.93886812353706761 -0.18000000000000002
      vertex 0.18148496420551463 -0.81862577132862002 -0.18000000000000002
      vertex 0.13628649126190512 -1.0351986765114989 -0.17999999999999999
    endloop
  endfacet
  facet normal 2.9790288928091189e-17 -1.3437530959449035e-16 -1
    outer loop
      vertex 0.18148496420551463 -0.81862577132862002 -0.18000000000000002
      vertex 0.31397635692499481 -0.99580578168825085 -0.17999999999999999
      vertex 0.13628649126190512 -1.0351986765114989 -0.17999999999999999
    endloop
  endfacet
  facet normal -1.1196811377457532e-18 -1.574891189606132e-16 -1
    outer loop
      vertex 0.18148496420551463 -0.81862577132862002 -0.18000000000000002
      vertex 0.38449530110791508 -0.82006908910509368 -0.18000000000000002
      vertex 0.31397635692499481 -0.99580578168825085 -0.17999999999999999
    endloop
  endfacet
  facet normal -3.8864642236913354e-17 2.935681808086936e-16 -1
    outer loop
      vertex 0.48795269377087241 -0.72206398998975807 -0.17999999999999999
      vertex 0.7068394687493369 -0.59854061727386587 -0.17999999999999997
      vertex 0.61734980830356834 -0.79947906607266905 -0.18000000000000002
    endloop
  endfacet
  facet normal -3.6305735985378725e-16 3.0713171371470835e-16 -1
    outer loop
      vertex 0.7068394687493369 -0.59854061727386587 -0.17999999999999997
      vertex 0.89738339179281634 -0.4636708002832402 -0.17999999999999999
      vertex 0.82836510619203407 -0.63562690188120552 -0.18000000000000002
    endloop
  endfacet
  facet normal 1.4430576185028469e-16 -9.4879393238373695e-17 -1
    outer loop
      vertex 0.77467572992360478 -0.35776631837450401 -0.18000000000000002
      vertex 0.99580578168825062 -0.31397635692499498 -0.17999999999999999
      vertex 0.89738339179281634 -0.4636708002832402 -0.17999999999999999
    endloop
  endfacet
  facet normal 1.0540759725159322e-16 1.0154811814859495e-16 -1
    outer loop
      vertex 0.77467572992360478 -0.35776631837450401 -0.18000000000000002
      vertex 0.88161958904041293 -0.19545035737172167 -0.17999999999999999
      vertex 0.99580578168825062 -0.31397635692499498 -0.17999999999999999
    endloop
  endfacet
  facet normal 6.4643525975206515e-05 6.2276615580219162e-05 -0.99999999597141886
    outer loop
      vertex 0.88161958904041293 -0.19545035737172167 -0.17999999999999999
      vertex 1.1311281790904613 -0.19917990855529946 -0.17998410314873936
      vertex 0.99580578168825062 -0.31397635692499498 -0.17999999999999999
    endloop
  endfacet
  facet normal 6.315098933992089e-05 -3.757473764129708e-05 -0.99999999730004585
    outer loop
      vertex 0.88161958904041293 -0.19545035737172167 -0.17999999999999999
      vertex 0.97264468933509263 -0.042466584251326996 -0.17999999999999999
      vertex 1.1311281790904613 -0.19917990855529946 -0.17998410314873936
    endloop
  endfacet
  facet normal 4.8740812634824765e-05 4.6839024451716832e-05 -0.99999999771521952
    outer loop
      vertex 0.97264468933509263 -0.042466584251326996 -0.17999999999999999
      vertex 0.88349866062785809 0.050299008824528917 -0.17999999999999999
      vertex 1.1488249632091418 0.0092198466537080602 -0.17998899188825501
    endloop
  endfacet
  facet normal 3.8810375554528593e-05 -1.7300700642672349e-05 -0.99999999909722026
    outer loop
      vertex 0.88349866062785809 0.050299008824528917 -0.17999999999999999
      vertex 0.95550535608471154 0.21183043757072229 -0.17999999999999999
      vertex 1.1488249632091418 0.0092198466537080602 -0.17998899188825501
    endloop
  endfacet
  facet normal 2.7556712378010032e-07 7.4179226979001535e-05 -0.99999999724868305
    outer loop
      vertex 0.9646515974539398 0.39957177463029331 -0.17999999999999997
      vertex 0.81093607642575605 0.40014280975302829 -0.17999999999999999
      vertex 1.019210058537082 0.53406010882544208 -0.17999000872478599
    endloop
  endfacet
  facet normal 5.0368826627738302e-05 -3.7279791201756338e-06 -0.99999999872454182
    outer loop
      vertex 0.81093607642575605 0.40014280975302829 -0.17999999999999999
      vertex 0.8283651061920343 0.6356269018812053 -0.17999999999999999
      vertex 1.019210058537082 0.53406010882544208 -0.17999000872478599
    endloop
  endfacet
  facet normal 4.3514023428463234e-05 5.8020334525120275e-05 -0.99999999737008527
    outer loop
      vertex 0.8283651061920343 0.6356269018812053 -0.17999999999999999
      vertex 0.68013151344438028 0.74679896044433314 -0.18000000000000002
      vertex 0.77892174640909273 0.84702168904394703 -0.17998988628322132
    endloop
  endfacet
  facet normal 2.9044749820829638e-05 5.9348066731048728e-05 -0.9999999978171048
    outer loop
      vertex 0.68013151344438028 0.74679896044433314 -0.18000000000000002
      vertex 0.48601332281579357 0.84179976827232872 -0.18000000000000002
      vertex 0.65138647215420598 0.94635060393033055 -0.17998899188825496
    endloop
  endfacet
  facet normal 3.7055492733279258e-05 4.6677084513118922e-05 -0.99999999822407015
    outer loop
      vertex 0.48601332281579357 0.84179976827232872 -0.18000000000000002
      vertex 0.52856370899320204 1.0220713031864046 -0.17999000872478599
      vertex 0.65138647215420598 0.94635060393033055 -0.17998899188825496
    endloop
  endfacet
  facet normal 2.3799324186526636e-05 4.9806003860745589e-05 -0.99999999847647703
    outer loop
      vertex 0.48601332281579357 0.84179976827232872 -0.18000000000000002
      vertex 0.29430213781133685 0.93340713060681713 -0.18000000000000002
      vertex 0.52856370899320204 1.0220713031864046 -0.17999000872478599
    endloop
  endfacet
  facet normal -4.04193941710619e-05 4.1437651969579835e-05 -0.99999999832459674
    outer loop
      vertex -0.31397635692499481 0.99580578168825085 -0.17999999999999999
      vertex -0.44954520389394487 0.86356830194587697 -0.17999999999999994
      vertex -0.48588550544734416 1.0417434620228709 -0.17999114798673943
    endloop
  endfacet
  facet normal -4.4034085188776347e-05 4.0700405752809417e-05 -0.99999999820223828
    outer loop
      vertex -0.44954520389394487 0.86356830194587697 -0.17999999999999994
      vertex -0.58239710302567871 0.99030167931398638 -0.17998899188825498
      vertex -0.48588550544734416 1.0417434620228709 -0.17999114798673943
    endloop
  endfacet
  facet normal -5.3891324083861868e-05 3.036727224154354e-05 -0.99999999808677698
    outer loop
      vertex -0.44954520389394487 0.86356830194587697 -0.17999999999999994
      vertex -0.52726263361384373 0.725646951659907 -0.17999999999999999
      vertex -0.58239710302567871 0.99030167931398638 -0.17998899188825498
    endloop
  endfacet
  facet normal 1.0874271671105016e-05 4.3859631889019497e-05 -0.99999999897904146
    outer loop
      vertex -0.52726263361384373 0.725646951659907 -0.17999999999999999
      vertex -0.70540492571494828 0.76981439212886116 -0.17999999999999997
      vertex -0.58239710302567871 0.99030167931398638 -0.17998899188825498
    endloop
  endfacet
  facet normal -4.6970935941056278e-05 -1.7332533681542832e-05 -0.99999999874665735
    outer loop
      vertex -0.95550535608471165 0.21183043757072223 -0.17999999999999999
      vertex -0.89416494076608388 0.045598727225369631 -0.18000000000000002
      vertex -1.1452568999675157 0.090941930601900728 -0.17998899188825501
    endloop
  endfacet
  facet normal -5.0793427080084507e-05 3.0076253217097631e-05 -0.99999999825772345
    outer loop
      vertex -0.89416494076608388 0.045598727225369631 -0.18000000000000002
      vertex -1.0010440851645732 -0.134901083976009 -0.17999999999999997
      vertex -1.1494215675350945 -0.053286052086560516 -0.17999000872478602
    endloop
  endfacet
  facet normal -4.2346985501475399e-05 8.2729968548285346e-06 -0.99999999906914516
    outer loop
      vertex -0.89416494076608388 0.045598727225369631 -0.18000000000000002
      vertex -1.1494215675350945 -0.053286052086560516 -0.17999000872478602
      vertex -1.1452568999675157 0.090941930601900728 -0.17998899188825501
    endloop
  endfacet
  facet normal -3.2698174640451065e-05 -4.7095624987010172e-05 -0.99999999835641584
    outer loop
      vertex -0.92615583209044472 -0.48212620986262084 -0.17999999999999997
      vertex -0.73633982273281151 -0.61391418433458689 -0.17999999999999997
      vertex -0.94154390547419653 -0.65940066661750918 -0.17999114798673943
    endloop
  endfacet
  facet normal -1.9674430787187689e-05 -6.9934544787303036e-05 -0.99999999736103817
    outer loop
      vertex -0.70540492571494851 -0.76981439212886105 -0.17999999999999999
      vertex -0.5230994854411477 -0.82110171769455009 -0.17999999999999999
      vertex -0.69801445782138005 -0.91475961866171729 -0.17999000872478602
    endloop
  endfacet
  facet normal -2.7684633977125393e-05 -5.4974734159266914e-05 -0.99999999810566986
    outer loop
      vertex -0.5230994854411477 -0.82110171769455009 -0.17999999999999999
      vertex -0.56642786018346469 -0.99952152596769306 -0.17998899188825501
      vertex -0.69801445782138005 -0.91475961866171729 -0.17999000872478602
    endloop
  endfacet
  facet normal 6.468328372938227e-07 -6.1854891821175361e-05 -0.99999999808677698
    outer loop
      vertex -0.5230994854411477 -0.82110171769455009 -0.17999999999999999
      vertex -0.36479737750929653 -0.81944631100582876 -0.18000000000000002
      vertex -0.56642786018346469 -0.99952152596769306 -0.17998899188825501
    endloop
  endfacet
  facet normal -4.0053872663662691e-05 -1.6282252153337545e-05 -0.9999999990652878
    outer loop
      vertex -0.36479737750929653 -0.81944631100582876 -0.18000000000000002
      vertex -0.30668111454241243 -0.96241064877935734 -0.18000000000000002
      vertex -0.56642786018346469 -0.99952152596769306 -0.17998899188825501
    endloop
  endfacet
  facet normal -2.6264452893426549e-05 -6.148430855845061e-05 -0.9999999977649292
    outer loop
      vertex -0.30668111454241243 -0.96241064877935734 -0.18000000000000002
      vertex -0.13628649126190548 -1.0351986765114987 -0.18000000000000002
      vertex -0.29740989842026833 -1.1103429728659806 -0.17999114798673943
    endloop
  endfacet
  facet normal 2.5832119519016448e-05 -4.671124762178322e-05 -0.99999999857538047
    outer loop
      vertex -0.13628649126190548 -1.0351986765114987 -0.18000000000000002
      vertex 0.037904415148985904 -0.93886812353706761 -0.18000000000000002
      vertex 0.048153931235520052 -1.1497156290345962 -0.17998988628322132
    endloop
  endfacet
  facet normal -4.9313951520203945e-05 -5.0364176080303584e-05 -0.99999999751579183
    outer loop
      vertex 0.037904415148985904 -0.93886812353706761 -0.18000000000000002
      vertex 0.13628649126190512 -1.0351986765114989 -0.17999999999999999
      vertex 0.048153931235520052 -1.1497156290345962 -0.17998988628322132
    endloop
  endfacet
  facet normal 6.4155736430141381e-05 -2.5744167196149025e-05 -0.99999999761063962
    outer loop
      vertex 0.31397635692499481 -0.99580578168825085 -0.17999999999999999
      vertex 0.38449530110791508 -0.82006908910509368 -0.18000000000000002
      vertex 0.443197839206523 -1.0618780620129953 -0.17999000872478604
    endloop
  endfacet
  facet normal 2.5382603298492657e-05 -3.5156892092050398e-05 -0.99999999905985826
    outer loop
      vertex 0.38449530110791508 -0.82006908910509368 -0.18000000000000002
      vertex 0.5823971030256776 -0.99030167931398716 -0.17998899188825501
      vertex 0.443197839206523 -1.0618780620129953 -0.17999000872478604
    endloop
  endfacet
  facet normal 5.1849770987561277e-06 -5.8637393714922529e-05 -0.99999999826738606
    outer loop
      vertex 0.38449530110791508 -0.82006908910509368 -0.18000000000000002
      vertex 0.61734980830356834 -0.79947906607266905 -0.18000000000000002
      vertex 0.5823971030256776 -0.99030167931398716 -0.17998899188825501
    endloop
  endfacet
  facet normal 4.3944858744680656e-05 -1.9571219499563727e-05 -0.99999999884290847
    outer loop
      vertex 0.61734980830356834 -0.79947906607266905 -0.18000000000000002
      vertex 0.7068394687493369 -0.59854061727386587 -0.17999999999999997
      vertex 0.8128802722053402 -0.81273601380189242 -0.17999114798673943
    endloop
  endfacet
  facet normal -1.4856305143479967e-05 -4.8681661473088255e-05 -0.99999999870469292
    outer loop
      vertex 0.7068394687493369 -0.59854061727386587 -0.17999999999999997
      vertex 0.82836510619203407 -0.63562690188120552 -0.18000000000000002
      vertex 0.8128802722053402 -0.81273601380189242 -0.17999114798673943
    endloop
  endfacet
  facet normal 6.7305597560217623e-05 -2.7014551456716817e-05 -0.99999999737008527
    outer loop
      vertex 0.82836510619203407 -0.63562690188120552 -0.18000000000000002
      vertex 0.89738339179281634 -0.4636708002832402 -0.17999999999999999
      vertex 1.0197599074897272 -0.53315528677524615 -0.1799898862832213
    endloop
  endfacet
  facet normal 2.6333668761483766e-05 -7.4807930591263747e-05 -0.99999999685515573
    outer loop
      vertex 1.1311281790904613 -0.19917990855529946 -0.17998410314873936
      vertex 0.97264468933509263 -0.042466584251326996 -0.17999999999999999
      vertex 1.1451190550618273 -0.1000825399633944 -0.1799911479867394
    endloop
  endfacet
  facet normal 5.726462792096523e-05 1.7784433528964844e-05 -0.99999999820223806
    outer loop
      vertex 0.97264468933509263 -0.042466584251326996 -0.17999999999999999
      vertex 1.1488249632091418 0.0092198466537080602 -0.17998899188825501
      vertex 1.1451190550618273 -0.1000825399633944 -0.1799911479867394
    endloop
  endfacet
  facet normal 2.3032271727143193e-05 -3.2355278098517262e-05 -0.99999999921132532
    outer loop
      vertex 1.1488249632091418 0.0092198466537080602 -0.17998899188825501
      vertex 0.95550535608471154 0.21183043757072229 -0.17999999999999999
      vertex 1.1410409421040362 0.15072685798025728 -0.17999374967065235
    endloop
  endfacet
  facet normal 3.6347301148528196e-05 8.0746247405912952e-06 -0.99999999930683703
    outer loop
      vertex 0.95550535608471154 0.21183043757072229 -0.17999999999999999
      vertex 1.0975325220746759 0.34657665856585052 -0.1799937496706524
      vertex 1.1410409421040362 0.15072685798025728 -0.17999374967065235
    endloop
  endfacet
  facet normal 4.6140592954941362e-05 -2.2478427322776802e-06 -0.9999999989329964
    outer loop
      vertex 0.95550535608471154 0.21183043757072229 -0.17999999999999999
      vertex 0.9646515974539398 0.39957177463029331 -0.17999999999999997
      vertex 1.0975325220746759 0.34657665856585052 -0.1799937496706524
    endloop
  endfacet
  facet normal 6.5989191910951955e-05 4.7520898079434528e-05 -0.99999999669359541
    outer loop
      vertex 0.9646515974539398 0.39957177463029331 -0.17999999999999997
      vertex 1.019210058537082 0.53406010882544208 -0.17999000872478599
      vertex 1.0975325220746759 0.34657665856585052 -0.1799937496706524
    endloop
  endfacet
  facet normal 6.1175095307632578e-05 1.6577100685139433e-05 -0.99999999799140371
    outer loop
      vertex 1.019210058537082 0.53406010882544208 -0.17999000872478599
      vertex 0.8283651061920343 0.6356269018812053 -0.17999999999999999
      vertex 0.91280701363009542 0.70105375909553058 -0.1799937496706524
    endloop
  endfacet
  facet normal 3.128112935604145e-05 5.5159169476242493e-05 -0.99999999798947847
    outer loop
      vertex 0.8283651061920343 0.6356269018812053 -0.17999999999999999
      vertex 0.77892174640909273 0.84702168904394703 -0.17998988628322132
      vertex 0.91280701363009542 0.70105375909553058 -0.1799937496706524
    endloop
  endfacet
  facet normal 4.0493896077501391e-05 6.0997294823894965e-05 -0.99999999731978728
    outer loop
      vertex 0.68013151344438028 0.74679896044433314 -0.18000000000000002
      vertex 0.65138647215420598 0.94635060393033055 -0.17998899188825496
      vertex 0.77892174640909273 0.84702168904394703 -0.17998988628322132
    endloop
  endfacet
  facet normal 3.204860090020501e-05 2.8010407492277231e-05 -0.99999999909415205
    outer loop
      vertex 0.52856370899320204 1.0220713031864046 -0.17999000872478599
      vertex 0.29430213781133685 0.93340713060681713 -0.18000000000000002
      vertex 0.34561981442390383 1.0978342138737769 -0.1799937496706524
    endloop
  endfacet
  facet normal 7.8858924621312504e-06 3.557096218940324e-05 -0.99999999933625972
    outer loop
      vertex 0.29430213781133685 0.93340713060681713 -0.18000000000000002
      vertex 0.12774657979347945 0.97033160885289271 -0.17999999999999997
      vertex 0.14973216221971239 1.141171896285252 -0.1799937496706524
    endloop
  endfacet
  facet normal 7.8666692479551808e-06 3.5557586006048793e-05 -0.99999999933688688
    outer loop
      vertex 0.29430213781133685 0.93340713060681713 -0.18000000000000002
      vertex 0.14973216221971239 1.141171896285252 -0.1799937496706524
      vertex 0.34561981442390383 1.0978342138737769 -0.1799937496706524
    endloop
  endfacet
  facet normal 1.5892552747450762e-06 3.6399930201908584e-05 -0.9999999993362596
    outer loop
      vertex 0.12774657979347945 0.97033160885289271 -0.17999999999999997
      vertex -0.042690493408514212 0.97777305217545896 -0.18000000000000002
      vertex -0.050705025965394619 1.1498356480889418 -0.1799937496706524
    endloop
  endfacet
  facet normal 1.5726468535694399e-06 3.6383419156047965e-05 -0.99999999933688688
    outer loop
      vertex 0.12774657979347945 0.97033160885289271 -0.17999999999999997
      vertex -0.050705025965394619 1.1498356480889418 -0.1799937496706524
      vertex 0.14973216221971239 1.141171896285252 -0.1799937496706524
    endloop
  endfacet
  facet normal -6.8921930708452635e-05 3.3115577743954332e-05 -0.99999999707656295
    outer loop
      vertex -0.042690493408514212 0.97777305217545896 -0.18000000000000002
      vertex -0.19970073165399549 1.1310363439259845 -0.17998410314873942
      vertex -0.050705025965394619 1.1498356480889418 -0.1799937496706524
    endloop
  endfacet
  facet normal 4.8143075615824159e-05 7.6870723264794153e-05 -0.99999999588656796
    outer loop
      vertex -0.19970073165399549 1.1310363439259845 -0.17998410314873942
      vertex -0.31397635692499481 0.99580578168825085 -0.17999999999999999
      vertex -0.34657665856585235 1.0975325220746748 -0.1799937496706524
    endloop
  endfacet
  facet normal -3.8358605756372073e-05 4.9149586414244867e-05 -0.99999999805646766
    outer loop
      vertex -0.31397635692499481 0.99580578168825085 -0.17999999999999999
      vertex -0.48588550544734416 1.0417434620228709 -0.17999114798673943
      vertex -0.34657665856585235 1.0975325220746748 -0.1799937496706524
    endloop
  endfacet
  facet normal 1.1783677026798239e-05 4.3352283034381293e-05 -0.99999999899086234
    outer loop
      vertex -0.58239710302567871 0.99030167931398638 -0.17998899188825498
      vertex -0.70540492571494828 0.76981439212886116 -0.17999999999999997
      vertex -0.70105375909552925 0.91280701363009664 -0.17999374967065238
    endloop
  endfacet
  facet normal -4.1239581542882361e-05 4.4965744099663336e-05 -0.99999999813868934
    outer loop
      vertex -0.70540492571494828 0.76981439212886116 -0.17999999999999997
      vertex -0.8489104517140903 0.7772027163133487 -0.17999374967065243
      vertex -0.70105375909552925 0.91280701363009664 -0.17999374967065238
    endloop
  endfacet
  facet normal -4.1592421542903873e-05 3.8112432463050421e-05 -0.99999999840875653
    outer loop
      vertex -0.70540492571494828 0.76981439212886116 -0.17999999999999997
      vertex -0.82836510619203441 0.63562690188120541 -0.18000000000000002
      vertex -0.8489104517140903 0.7772027163133487 -0.17999374967065243
    endloop
  endfacet
  facet normal 9.6111012317323321e-06 4.5543038281889432e-05 -0.99999999891672919
    outer loop
      vertex -0.82836510619203441 0.63562690188120541 -0.18000000000000002
      vertex -0.94202485093234067 0.6596129018037028 -0.17999999999999999
      vertex -0.8489104517140903 0.7772027163133487 -0.17999374967065243
    endloop
  endfacet
  facet normal -3.4688410453740194e-05 -0.0001643740469578397 -0.99999998588894334
    outer loop
      vertex -0.82836510619203441 0.63562690188120541 -0.18000000000000002
      vertex -0.99478926218262997 0.57403651221045027 -0.17998410314873939
      vertex -0.94202485093234067 0.6596129018037028 -0.17999999999999999
    endloop
  endfacet
  facet normal -2.7940617897407052e-05 8.6291284012582039e-05 -0.99999999588656796
    outer loop
      vertex -0.99478926218262997 0.57403651221045027 -0.17998410314873939
      vertex -0.9646515974539398 0.39957177463029336 -0.17999999999999999
      vertex -1.0635338716103531 0.43998718300850653 -0.1799937496706524
    endloop
  endfacet
  facet normal -3.7543657400481555e-05 -1.8290236867731259e-06 -0.99999999929356431
    outer loop
      vertex -0.9646515974539398 0.39957177463029336 -0.17999999999999999
      vertex -0.95550535608471165 0.21183043757072223 -0.17999999999999999
      vertex -1.1237793748791993 0.24862207036058537 -0.1799937496706524
    endloop
  endfacet
  facet normal -5.6003604604199163e-05 1.7631036804796123e-05 -0.99999999827637143
    outer loop
      vertex -0.9646515974539398 0.39957177463029336 -0.17999999999999999
      vertex -1.1237793748791993 0.24862207036058537 -0.1799937496706524
      vertex -1.0635338716103531 0.43998718300850653 -0.1799937496706524
    endloop
  endfacet
  facet normal -4.2475979275214598e-05 -2.4388001475867843e-05 -0.99999999880050827
    outer loop
      vertex -0.95550535608471165 0.21183043757072223 -0.17999999999999999
      vertex -1.1452568999675157 0.090941930601900728 -0.17998899188825501
      vertex -1.1237793748791993 0.24862207036058537 -0.1799937496706524
    endloop
  endfacet
  facet normal -3.1819754060375591e-05 6.4570705529756335e-05 -0.99999999740906365
    outer loop
      vertex -1.1494215675350945 -0.053286052086560516 -0.17999000872478602
      vertex -1.0010440851645732 -0.134901083976009 -0.17999999999999997
      vertex -1.1325289159640393 -0.19969540431696953 -0.17999999999999999
    endloop
  endfacet
  facet normal -3.35486411357918e-05 -1.4235338232234463e-05 -0.99999999933592187
    outer loop
      vertex -1.0010440851645732 -0.134901083976009 -0.17999999999999997
      vertex -0.93340713060681735 -0.2943021378113363 -0.18000000000000002
      vertex -1.0975325220746754 -0.34657665856585013 -0.17999374967065238
    endloop
  endfacet
  facet normal 1.8766525952765152e-05 -3.8082249749373321e-05 -0.9999999990987799
    outer loop
      vertex -1.0010440851645732 -0.134901083976009 -0.17999999999999997
      vertex -1.0975325220746754 -0.34657665856585013 -0.17999374967065238
      vertex -1.1325289159640393 -0.19969540431696953 -0.17999999999999999
    endloop
  endfacet
  facet normal -6.4809371883111351e-05 -2.5020866447312469e-06 -0.99999999789674254
    outer loop
      vertex -0.93340713060681735 -0.2943021378113363 -0.18000000000000002
      vertex -0.92615583209044472 -0.48212620986262084 -0.17999999999999997
      vertex -1.0206761317403301 -0.53189590275716958 -0.1799937496706524
    endloop
  endfacet
  facet normal -3.3639205380222507e-05 -1.3950995270317088e-05 -0.99999999933688688
    outer loop
      vertex -0.93340713060681735 -0.2943021378113363 -0.18000000000000002
      vertex -1.0206761317403301 -0.53189590275716958 -0.1799937496706524
      vertex -1.0975325220746754 -0.34657665856585013 -0.17999374967065238
    endloop
  endfacet
  facet normal -4.1741991770433213e-05 -4.6310588457393493e-05 -0.99999999805646766
    outer loop
      vertex -0.92615583209044472 -0.48212620986262084 -0.17999999999999997
      vertex -0.94154390547419653 -0.65940066661750918 -0.17999114798673943
      vertex -1.0206761317403301 -0.53189590275716958 -0.1799937496706524
    endloop
  endfacet
  facet normal -4.0871151948485907e-05 -1.0224708158644423e-05 -0.99999999911250204
    outer loop
      vertex -0.94154390547419653 -0.65940066661750918 -0.17999114798673943
      vertex -0.73633982273281151 -0.61391418433458689 -0.17999999999999997
      vertex -0.84823264627925232 -0.77794241114645823 -0.17999374967065238
    endloop
  endfacet
  facet normal -4.3272679470427509e-05 -8.5864919746827879e-06 -0.99999999902687364
    outer loop
      vertex -0.73633982273281151 -0.61391418433458689 -0.17999999999999997
      vertex -0.70540492571494851 -0.76981439212886105 -0.17999999999999999
      vertex -0.84823264627925232 -0.77794241114645823 -0.17999374967065238
    endloop
  endfacet
  facet normal -3.9723319146851693e-05 -7.0956797555466077e-05 -0.99999999669359541
    outer loop
      vertex -0.70540492571494851 -0.76981439212886105 -0.17999999999999999
      vertex -0.69801445782138005 -0.91475961866171729 -0.17999000872478602
      vertex -0.84823264627925232 -0.77794241114645823 -0.17999374967065238
    endloop
  endfacet
  facet normal -4.1334358287722618e-05 -7.3198670442194589e-06 -0.99999999911894522
    outer loop
      vertex -0.56642786018346469 -0.99952152596769306 -0.17998899188825501
      vertex -0.30668111454241243 -0.96241064877935734 -0.18000000000000002
      vertex -0.43998718300850576 -1.0635338716103533 -0.1799937496706524
    endloop
  endfacet
  facet normal -1.4271423087676204e-06 -5.9927704402703434e-05 -0.99999999820331675
    outer loop
      vertex -0.30668111454241243 -0.96241064877935734 -0.18000000000000002
      vertex -0.29740989842026833 -1.1103429728659806 -0.17999114798673943
      vertex -0.43998718300850576 -1.0635338716103533 -0.1799937496706524
    endloop
  endfacet
  facet normal -2.915762325279869e-05 -5.5280810942393368e-05 -0.9999999980469324
    outer loop
      vertex -0.29740989842026833 -1.1103429728659806 -0.17999114798673943
      vertex -0.13628649126190548 -1.0351986765114987 -0.18000000000000002
      vertex -0.14973216221971186 -1.141171896285252 -0.17999374967065238
    endloop
  endfacet
  facet normal 1.6884324090276612e-05 -6.1122521472602786e-05 -0.99999999798947847
    outer loop
      vertex -0.13628649126190548 -1.0351986765114987 -0.18000000000000002
      vertex 0.048153931235520052 -1.1497156290345962 -0.17998988628322132
      vertex -0.14973216221971186 -1.141171896285252 -0.17999374967065238
    endloop
  endfacet
  facet normal -8.5683634916137616e-06 -8.1722092044727134e-05 -0.99999999662404138
    outer loop
      vertex 0.13628649126190512 -1.0351986765114989 -0.17999999999999999
      vertex 0.24960156759452423 -1.1235622255703619 -0.1799937496706524
      vertex 0.048153931235520052 -1.1497156290345962 -0.17998988628322132
    endloop
  endfacet
  facet normal 1.2210123941324582e-05 -5.5076309892900396e-05 -0.99999999840875653
    outer loop
      vertex 0.13628649126190512 -1.0351986765114989 -0.17999999999999999
      vertex 0.31397635692499481 -0.99580578168825085 -0.17999999999999999
      vertex 0.24960156759452423 -1.1235622255703619 -0.1799937496706524
    endloop
  endfacet
  facet normal 4.1588729680714819e-05 -6.9879802281284714e-05 -0.99999999669359541
    outer loop
      vertex 0.31397635692499481 -0.99580578168825085 -0.17999999999999999
      vertex 0.443197839206523 -1.0618780620129953 -0.17999000872478604
      vertex 0.24960156759452423 -1.1235622255703619 -0.1799937496706524
    endloop
  endfacet
  facet normal -2.7502401470199053e-06 -5.7183911321177204e-05 -0.99999999836121822
    outer loop
      vertex 0.5823971030256776 -0.99030167931398716 -0.17998899188825501
      vertex 0.61734980830356834 -0.79947906607266905 -0.18000000000000002
      vertex 0.70105375909552858 -0.9128070136300972 -0.17999374967065238
    endloop
  endfacet
  facet normal 4.3721905928125286e-05 -2.2859613480489593e-05 -0.99999999878291657
    outer loop
      vertex 0.61734980830356834 -0.79947906607266905 -0.18000000000000002
      vertex 0.8128802722053402 -0.81273601380189242 -0.17999114798673943
      vertex 0.70105375909552858 -0.9128070136300972 -0.17999374967065238
    endloop
  endfacet
  facet normal 3.3295774991211686e-05 -5.2891647922069389e-05 -0.9999999980469324
    outer loop
      vertex 0.8128802722053402 -0.81273601380189242 -0.17999114798673943
      vertex 0.82836510619203407 -0.63562690188120552 -0.18000000000000002
      vertex 0.91341777115803247 -0.70025780438846996 -0.1799937496706524
    endloop
  endfacet
  facet normal 6.13758183837222e-05 -1.5939007148028518e-05 -0.99999999798947847
    outer loop
      vertex 0.82836510619203407 -0.63562690188120552 -0.18000000000000002
      vertex 1.0197599074897272 -0.53315528677524615 -0.1799898862832213
      vertex 0.91341777115803247 -0.70025780438846996 -0.1799937496706524
    endloop
  endfacet
  facet normal 5.0884506028411518e-05 -3.3455982597693678e-05 -0.99999999814573215
    outer loop
      vertex 0.89738339179281634 -0.4636708002832402 -0.17999999999999999
      vertex 0.99580578168825062 -0.31397635692499498 -0.17999999999999999
      vertex 1.0978342138737769 -0.34561981442390405 -0.17999374967065238
    endloop
  endfacet
  facet normal 5.7382957729986064e-05 -4.4490367285280032e-05 -0.99999999736390177
    outer loop
      vertex 0.89738339179281634 -0.4636708002832402 -0.17999999999999999
      vertex 1.0978342138737769 -0.34561981442390405 -0.17999374967065238
      vertex 1.0197599074897272 -0.53315528677524615 -0.1799898862832213
    endloop
  endfacet
  facet normal 7.6310080788020824e-05 4.8524045791918405e-05 -0.99999999591109434
    outer loop
      vertex 0.99580578168825062 -0.31397635692499498 -0.17999999999999999
      vertex 1.1311281790904613 -0.19917990855529946 -0.17998410314873936
      vertex 1.0978342138737769 -0.34561981442390405 -0.17999374967065238
    endloop
  endfacet
  facet normal 2.1495192534858973e-05 1.44607291898712e-05 0.99999999966442199
    outer loop
      vertex 0.1196586104985061 0.10864547290244132 0.58000211854754302
      vertex 0.10373585350604128 0.278817408029568 0.57999999999999996
      vertex 0.049212043665883519 0.15393469247140484 0.58000297789492139
    endloop
  endfacet
  facet normal 1.8263908568012267e-06 2.0945774735957316e-05 0.99999999977896936
    outer loop
      vertex 0.049212043665883519 0.15393469247140484 0.58000297789492139
      vertex -0.045821318309730762 0.30439286477648292 0.57999999999999985
      vertex -0.027411361600463435 0.15874438833349813 0.58000301709640212
    endloop
  endfacet
  facet normal -1.5061043485894907e-05 1.8811204275754315e-05 0.9999999997096517
    outer loop
      vertex -0.027411361600463435 0.15874438833349813 0.58000301709640212
      vertex -0.045821318309730762 0.30439286477648292 0.57999999999999985
      vertex -0.14933322822900594 0.22151686418344022 0.57999999999999996
    endloop
  endfacet
  facet normal -1.7861446588939912e-05 1.3372030993393883e-05 0.99999999975107878
    outer loop
      vertex -0.027411361600463435 0.15874438833349813 0.58000301709640212
      vertex -0.14933322822900594 0.22151686418344022 0.57999999999999996
      vertex -0.10440498064635431 0.12419684162412635 0.58000210384985296
    endloop
  endfacet
  facet normal -3.3727233964877784e-06 6.6227167510444824e-06 -0.99999999997238209
    outer loop
      vertex -0.14830217204455659 0.06185181187572792 0.58000183900946456
      vertex -0.10440498064635431 0.12419684162412635 0.58000210384985296
      vertex -0.16180619134908017 -0.01226516072168248 0.58000139369907044
    endloop
  endfacet
  facet normal 3.296279014789356e-05 -2.0084428089667264e-05 0.99999999925503513
    outer loop
      vertex -0.022428472624243304 -0.16134807211310992 0.58000384486189438
      vertex 0.034359173331078338 -0.25958251653587106 0.57999999999999996
      vertex 0.068182848507908261 -0.14599475073607518 0.58000116642260802
    endloop
  endfacet
  facet normal -2.3211575361171675e-06 -6.1573414978236142e-05 0.9999999981016634
    outer loop
      vertex 0.12309924049920828 -0.10394041424938542 0.58000174213961109
      vertex 0.24068039208881567 -0.13666661572024499 0.58000000000000007
      vertex 0.15955799183848904 -0.029076216494417193 0.58000643641044081
    endloop
  endfacet
  facet normal 0.00024818145337637961 0.00012730378457281765 0.99999996109985556
    outer loop
      vertex 0.15955799183848904 -0.029076216494417193 0.58000643641044081
      vertex 0.24068039208881567 -0.13666661572024499 0.58000000000000007
      vertex 0.15660047149190337 0.041011983756087493 0.57999824791867449
    endloop
  endfacet
  facet normal 6.0439178239171701e-05 -2.421719121594194e-05 0.99999999788031657
    outer loop
      vertex 0.15660047149190337 0.041011983756087493 0.57999824791867449
      vertex 0.28579567751271417 0.30690237243614388 0.5799968785849724
      vertex 0.1196586104985061 0.10864547290244132 0.58000211854754302
    endloop
  endfacet
  facet normal 1.5007889733861079e-05 1.3853721073693816e-05 0.99999999979141874
    outer loop
      vertex 0.1196586104985061 0.10864547290244132 0.58000211854754302
      vertex 0.28579567751271417 0.30690237243614388 0.5799968785849724
      vertex 0.10373585350604128 0.278817408029568 0.57999999999999996
    endloop
  endfacet
  facet normal 3.7944712761525568e-06 2.2188866393443254e-05 0.99999999974662801
    outer loop
      vertex 0.049212043665883519 0.15393469247140484 0.58000297789492139
      vertex 0.10373585350604128 0.278817408029568 0.57999999999999996
      vertex -0.045821318309730762 0.30439286477648292 0.57999999999999985
    endloop
  endfacet
  facet normal -1.2377777725094022e-05 2.5548853568923445e-09 0.99999999992339528
    outer loop
      vertex -0.10440498064635431 0.12419684162412635 0.58000210384985296
      vertex -0.27438098153832258 0.094721970542371831 0.58000000000000007
      vertex -0.16180619134908017 -0.01226516072168248 0.58000139369907044
    endloop
  endfacet
  facet normal -1.0832010323491894e-05 -6.0453348804540713e-07 0.99999999994115107
    outer loop
      vertex -0.16180619134908017 -0.01226516072168248 0.58000139369907044
      vertex -0.28707587996151712 -0.073099689923238065 0.57999999999999996
      vertex -0.12143931520998495 -0.10868379827540685 0.58000177266519426
    endloop
  endfacet
  facet normal -2.3833546601710234e-05 -5.4606816041420168e-06 0.99999999970107145
    outer loop
      vertex -0.12143931520998495 -0.10868379827540685 0.58000177266519426
      vertex -0.16680681472383324 -0.235297439213348 0.57999999999999996
      vertex -0.022428472624243304 -0.16134807211310992 0.58000384486189438
    endloop
  endfacet
  facet normal -5.079483084150961e-06 -4.2076013177185032e-05 0.99999999910190396
    outer loop
      vertex -0.022428472624243304 -0.16134807211310992 0.58000384486189438
      vertex -0.16680681472383324 -0.235297439213348 0.57999999999999996
      vertex 0.034359173331078338 -0.25958251653587106 0.57999999999999996
    endloop
  endfacet
  facet normal 7.4370344952040778e-06 -1.2483478629884425e-05 0.99999999989442667
    outer loop
      vertex 0.068182848507908261 -0.14599475073607518 0.58000116642260802
      vertex 0.034359173331078338 -0.25958251653587106 0.57999999999999996
      vertex 0.24068039208881567 -0.13666661572024499 0.58000000000000007
    endloop
  endfacet
  facet normal 8.0723044827892134e-06 -2.4231005058311075e-05 0.99999999967384812
    outer loop
      vertex 0.068182848507908261 -0.14599475073607518 0.58000116642260802
      vertex 0.24068039208881567 -0.13666661572024499 0.58000000000000007
      vertex 0.12309924049920828 -0.10394041424938542 0.58000174213961109
    endloop
  endfacet
  facet normal -1.4930740088210665e-05 1.4725005477526439e-05 0.99999999978012366
    outer loop
      vertex -0.10440498064635431 0.12419684162412635 0.58000210384985296
      vertex -0.14933322822900594 0.22151686418344022 0.57999999999999996
      vertex -0.27438098153832258 0.094721970542371831 0.58000000000000007
    endloop
  endfacet
  facet normal -1.1549879014195932e-05 8.7369258752166747e-07 0.99999999993291855
    outer loop
      vertex -0.16180619134908017 -0.01226516072168248 0.58000139369907044
      vertex -0.27438098153832258 0.094721970542371831 0.58000000000000007
      vertex -0.28707587996151712 -0.073099689923238065 0.57999999999999996
    endloop
  endfacet
  facet normal -1.2729993109584143e-05 -9.439245479500597e-06 0.99999999987442412
    outer loop
      vertex -0.12143931520998495 -0.10868379827540685 0.58000177266519426
      vertex -0.28707587996151712 -0.073099689923238065 0.57999999999999996
      vertex -0.16680681472383324 -0.235297439213348 0.57999999999999996
    endloop
  endfacet
  facet normal -3.8230058337022589e-06 7.0075783393476705e-06 0.99999999996813926
    outer loop
      vertex 0.15660047149190337 0.041011983756087493 0.57999824791867449
      vertex 0.34595513991507204 0.23940713069323355 0.57999758155314218
      vertex 0.28579567751271417 0.30690237243614388 0.5799968785849724
    endloop
  endfacet
  facet normal 6.1790605464137075e-06 -1.0371898951765863e-05 0.99999999992712152
    outer loop
      vertex 0.034359173331078338 -0.25958251653587106 0.57999999999999996
      vertex 0.22360578712900925 -0.35488906726441871 0.57999784212380134
      vertex 0.24068039208881567 -0.13666661572024499 0.58000000000000007
    endloop
  endfacet
  facet normal 5.606562309769201e-06 -1.9923028408958925e-06 0.99999999998229849
    outer loop
      vertex 0.15660047149190337 0.041011983756087493 0.57999824791867449
      vertex 0.40248881796224661 0.12584553407122465 0.57999703834446203
      vertex 0.34595513991507204 0.23940713069323355 0.57999758155314218
    endloop
  endfacet
  facet normal 2.0951982875769027e-05 -2.4678660047153713e-05 0.99999999947598905
    outer loop
      vertex 0.28579567751271417 0.30690237243614388 0.5799968785849724
      vertex 0.24092519537167226 0.34372451909800006 0.57999872743178649
      vertex 0.10373585350604128 0.278817408029568 0.57999999999999996
    endloop
  endfacet
  facet normal -7.6717198629286573e-06 9.5819582244063081e-06 0.99999999992466548
    outer loop
      vertex -0.14933322822900594 0.22151686418344022 0.57999999999999996
      vertex -0.045821318309730762 0.30439286477648292 0.57999999999999985
      vertex -0.26924540272950076 0.32342121642451427 0.57999810362414284
    endloop
  endfacet
  facet normal -1.0309707325791446e-05 1.016764714616454e-05 0.99999999989516442
    outer loop
      vertex -0.14933322822900594 0.22151686418344022 0.57999999999999996
      vertex -0.38114400349425259 0.17829553655659441 0.5799980495579603
      vertex -0.27438098153832258 0.094721970542371831 0.58000000000000007
    endloop
  endfacet
  facet normal -2.072007802729719e-05 1.5673738719805056e-06 0.9999999997841108
    outer loop
      vertex -0.27438098153832258 0.094721970542371831 0.58000000000000007
      vertex -0.42136936350696796 -0.016773593563277504 0.57999712914448998
      vertex -0.28707587996151712 -0.073099689923238065 0.57999999999999996
    endloop
  endfacet
  facet normal -1.3649185842122238e-06 -1.1306334007547504e-05 0.99999999993515198
    outer loop
      vertex -0.16680681472383324 -0.235297439213348 0.57999999999999996
      vertex -0.074687416789194244 -0.41414509522369186 0.57999810362414272
      vertex 0.034359173331078338 -0.25958251653587106 0.57999999999999996
    endloop
  endfacet
  facet normal 1.9500221511441567e-05 -1.1414200323970092e-05 0.99999999974472864
    outer loop
      vertex 0.24068039208881567 -0.13666661572024499 0.58000000000000007
      vertex 0.22360578712900925 -0.35488906726441871 0.57999784212380134
      vertex 0.38891133868648187 -0.16304437682208883 0.57999680838265644
    endloop
  endfacet
  facet normal 8.757096118725012e-06 1.4004935197574527e-05 0.99999999986358745
    outer loop
      vertex 0.24068039208881567 -0.13666661572024499 0.58000000000000007
      vertex 0.42247109187136345 -0.020590558959111587 0.57999678240371522
      vertex 0.15660047149190337 0.041011983756087493 0.57999824791867449
    endloop
  endfacet
  facet normal 5.2739159124789342e-06 -1.0281339208268225e-06 0.99999999998556444
    outer loop
      vertex 0.42247109187136345 -0.020590558959111587 0.57999678240371522
      vertex 0.40248881796224661 0.12584553407122465 0.57999703834446203
      vertex 0.15660047149190337 0.041011983756087493 0.57999824791867449
    endloop
  endfacet
  facet normal 7.4387138509925673e-06 3.8833334550648578e-06 0.99999999996479272
    outer loop
      vertex 0.24092519537167226 0.34372451909800006 0.57999872743178649
      vertex 0.19446999421112798 0.3726415837426923 0.57999896070413026
      vertex 0.10373585350604128 0.278817408029568 0.57999999999999996
    endloop
  endfacet
  facet normal 2.8126916133459297e-06 1.6447729835508147e-05 0.99999999986078048
    outer loop
      vertex 0.10373585350604128 0.278817408029568 0.57999999999999996
      vertex -0.035382684227740199 0.41941013127915022 0.57999807886641519
      vertex -0.045821318309730762 0.30439286477648292 0.57999999999999985
    endloop
  endfacet
  facet normal -2.8606480105135553e-06 1.5243208943622149e-05 0.99999999987973065
    outer loop
      vertex -0.14933322822900594 0.22151686418344022 0.57999999999999996
      vertex -0.26924540272950076 0.32342121642451427 0.57999810362414284
      vertex -0.33331126687260471 0.25606135268401636 0.57999894713473354
    endloop
  endfacet
  facet normal -7.0730809017138728e-06 -7.1914883064131905e-06 0.99999999994912703
    outer loop
      vertex -0.14933322822900594 0.22151686418344022 0.57999999999999996
      vertex -0.33331126687260471 0.25606135268401636 0.57999894713473354
      vertex -0.38114400349425259 0.17829553655659441 0.5799980495579603
    endloop
  endfacet
  facet normal -1.890996682795866e-05 -8.1895708758587892e-07 0.99999999982087129
    outer loop
      vertex -0.27438098153832258 0.094721970542371831 0.58000000000000007
      vertex -0.38114400349425259 0.17829553655659441 0.5799980495579603
      vertex -0.42136936350696796 -0.016773593563277504 0.57999712914448998
    endloop
  endfacet
  facet normal -1.9871104296601117e-05 3.5915091686930856e-06 0.9999999997961202
    outer loop
      vertex -0.28707587996151712 -0.073099689923238065 0.57999999999999996
      vertex -0.42136936350696796 -0.016773593563277504 0.57999712914448998
      vertex -0.39572596195201476 -0.14340916341521351 0.5799980935200072
    endloop
  endfacet
  facet normal -7.749881187100501e-06 -1.5139563891264007e-05 0.99999999985536658
    outer loop
      vertex -0.28707587996151712 -0.073099689923238065 0.57999999999999996
      vertex -0.39572596195201476 -0.14340916341521351 0.5799980935200072
      vertex -0.33520605283273791 -0.25594037884211895 0.57999685886858643
    endloop
  endfacet
  facet normal -1.709869586766362e-05 -1.2678623333478922e-05 0.99999999977344356
    outer loop
      vertex -0.28707587996151712 -0.073099689923238065 0.57999999999999996
      vertex -0.33520605283273791 -0.25594037884211895 0.57999685886858643
      vertex -0.16680681472383324 -0.235297439213348 0.57999999999999996
    endloop
  endfacet
  facet normal -1.8032659408321335e-05 -5.0596140578658492e-06 0.99999999982461185
    outer loop
      vertex -0.16680681472383324 -0.235297439213348 0.57999999999999996
      vertex -0.33520605283273791 -0.25594037884211895 0.57999685886858643
      vertex -0.24190361381943729 -0.34445299640937266 0.5799980935200072
    endloop
  endfacet
  facet normal -1.4727571577204453e-05 -7.3334471388269266e-06 0.99999999986465959
    outer loop
      vertex -0.16680681472383324 -0.235297439213348 0.57999999999999996
      vertex -0.24190361381943729 -0.34445299640937266 0.5799980935200072
      vertex -0.16125212316129986 -0.38817274680058506 0.57999896070413037
    endloop
  endfacet
  facet normal 7.9479508019311947e-06 -6.5095368897650702e-06 0.9999999999472281
    outer loop
      vertex -0.16680681472383324 -0.235297439213348 0.57999999999999996
      vertex -0.16125212316129986 -0.38817274680058506 0.57999896070413037
      vertex -0.074687416789194244 -0.41414509522369186 0.57999810362414272
    endloop
  endfacet
  facet normal -9.4407344784074686e-06 -5.6087052983944723e-06 0.99999999993970745
    outer loop
      vertex 0.034359173331078338 -0.25958251653587106 0.57999999999999996
      vertex -0.074687416789194244 -0.41414509522369186 0.57999810362414272
      vertex 0.018093976193513599 -0.41992430864156621 0.57999894713473354
    endloop
  endfacet
  facet normal 2.3506435622731733e-05 -8.9508920702441737e-06 0.9999999996836646
    outer loop
      vertex 0.034359173331078338 -0.25958251653587106 0.57999999999999996
      vertex 0.018093976193513599 -0.41992430864156621 0.57999894713473354
      vertex 0.12561836082809646 -0.4026123571863634 0.57999657457711651
    endloop
  endfacet
  facet normal -9.7029100088991676e-07 -2.4568095963834937e-05 0.99999999969773368
    outer loop
      vertex 0.034359173331078338 -0.25958251653587106 0.57999999999999996
      vertex 0.12561836082809646 -0.4026123571863634 0.57999657457711651
      vertex 0.22360578712900925 -0.35488906726441871 0.57999784212380134
    endloop
  endfacet
  facet normal 6.9331082707908248e-05 -5.4351630489072777e-05 0.9999999961195507
    outer loop
      vertex 0.22360578712900925 -0.35488906726441871 0.57999784212380134
      vertex 0.310455961044586 -0.28551373201550784 0.57999559136978818
      vertex 0.38891133868648187 -0.16304437682208883 0.57999680838265644
    endloop
  endfacet
  facet normal 2.0696205985137106e-05 -4.6933148829548255e-06 0.99999999977482001
    outer loop
      vertex 0.24068039208881567 -0.13666661572024499 0.58000000000000007
      vertex 0.38891133868648187 -0.16304437682208883 0.57999680838265644
      vertex 0.42247109187136345 -0.020590558959111587 0.57999678240371522
    endloop
  endfacet
  facet normal -2.7128816672960887e-05 3.7312406009972697e-05 0.99999999893590585
    outer loop
      vertex 0.10373585350604128 0.278817408029568 0.57999999999999996
      vertex 0.19446999421112798 0.3726415837426923 0.57999896070413026
      vertex 0.092286786805509169 0.41157273467264549 0.57999473597971507
    endloop
  endfacet
  facet normal 2.8770400033445138e-05 4.2133258592786512e-05 0.9999999986985264
    outer loop
      vertex 0.10373585350604128 0.278817408029568 0.57999999999999996
      vertex 0.092286786805509169 0.41157273467264549 0.57999473597971507
      vertex -0.035382684227740199 0.41941013127915022 0.57999807886641519
    endloop
  endfacet
  facet normal -3.1307674065897199e-05 1.9544395421975445e-05 0.99999999931892314
    outer loop
      vertex -0.045821318309730762 0.30439286477648292 0.57999999999999985
      vertex -0.035382684227740199 0.41941013127915022 0.57999807886641519
      vertex -0.16047151238019472 0.39007417327890143 0.57999473597971507
    endloop
  endfacet
  facet normal -3.6740697611804151e-06 5.6520932626168229e-05 0.99999999839594256
    outer loop
      vertex -0.045821318309730762 0.30439286477648292 0.57999999999999985
      vertex -0.16047151238019472 0.39007417327890143 0.57999473597971507
      vertex -0.26924540272950076 0.32342121642451427 0.57999810362414284
    endloop
  endfacet
  facet normal 0.00011952685605788327 -2.9366124081003464e-05 0.99999999242548077
    outer loop
      vertex -0.38114400349425259 0.17829553655659441 0.5799980495579603
      vertex -0.41034355179898235 0.091210077135053219 0.57999898232576752
      vertex -0.42136936350696796 -0.016773593563277504 0.57999712914448998
    endloop
  endfacet
  facet normal 0.99835607409635096 0.054917043375307228 -0.016409377253141802
    outer loop
      vertex 1.1488249632091418 0.0092198466537080602 -0.17998899188825501
      vertex 1.1410409421040362 0.15072685798025728 -0.17999374967065235
      vertex 1.1493478048126273 0.053493378778201428 -9.3662675810398991e-06
    endloop
  endfacet
  facet normal 0.99124411018383052 0.12977560765288482 0.024359919626112597
    outer loop
      vertex 1.1410409421040362 0.15072685798025728 -0.17999374967065235
      vertex 1.1240833118242795 0.24646656104469378 -6.5796354156949879e-06
      vertex 1.1493478048126273 0.053493378778201428 -9.3662675810398991e-06
    endloop
  endfacet
  facet normal 0.97593482616044791 0.21680584923195964 -0.023376031014374996
    outer loop
      vertex 1.1410409421040362 0.15072685798025728 -0.17999374967065235
      vertex 1.0975325220746759 0.34657665856585052 -0.1799937496706524
      vertex 1.1240833118242795 0.24646656104469378 -6.5796354156949879e-06
    endloop
  endfacet
  facet normal 0.95657722052982563 0.29074963502001361 0.020607544714551531
    outer loop
      vertex 1.0975325220746759 0.34657665856585052 -0.1799937496706524
      vertex 1.0833571194253229 0.3804574952553364 -9.8449432984334603e-06
      vertex 1.1240833118242795 0.24646656104469378 -6.5796354156949879e-06
    endloop
  endfacet
  facet normal 0.92271404506466848 0.38547002319409479 -0.0034135405579818535
    outer loop
      vertex 1.0975325220746759 0.34657665856585052 -0.1799937496706524
      vertex 1.019210058537082 0.53406010882544208 -0.17999000872478599
      vertex 1.0211630634363023 0.53097898536998112 -5.5291750707997566e-06
    endloop
  endfacet
  facet normal 0.92421309217187264 0.3818760819637429 0.00090458947955509997
    outer loop
      vertex 1.0975325220746759 0.34657665856585052 -0.1799937496706524
      vertex 1.0211630634363023 0.53097898536998112 -5.5291750707997566e-06
      vertex 1.0833571194253229 0.3804574952553364 -9.8449432984334603e-06
    endloop
  endfacet
  facet normal 0.84335388958057034 0.5373582743098666 -0.00054950891271184511
    outer loop
      vertex 1.019210058537082 0.53406010882544208 -0.17999000872478599
      vertex 0.91280701363009542 0.70105375909553058 -0.1799937496706524
      vertex 0.91344576877283656 0.70023532654540432 -5.5291750707900386e-06
    endloop
  endfacet
  facet normal 0.84364181369593283 0.5369064060183103 3.6882767067867561e-05
    outer loop
      vertex 1.019210058537082 0.53406010882544208 -0.17999000872478599
      vertex 0.91344576877283656 0.70023532654540432 -5.5291750707900386e-06
      vertex 1.0211630634363023 0.53097898536998112 -5.5291750707997566e-06
    endloop
  endfacet
  facet normal 0.73690033863016224 0.67590287383809555 -0.011541059923421663
    outer loop
      vertex 0.91280701363009542 0.70105375909553058 -0.1799937496706524
      vertex 0.77892174640909273 0.84702168904394703 -0.17998988628322132
      vertex 0.81301405748861588 0.81292593775593858 -4.7452533203581893e-06
    endloop
  endfacet
  facet normal 0.74654586314260407 0.66533385068572981 0.00037597388618685777
    outer loop
      vertex 0.91280701363009542 0.70105375909553058 -0.1799937496706524
      vertex 0.81301405748861588 0.81292593775593858 -4.7452533203581893e-06
      vertex 0.91344576877283656 0.70023532654540432 -5.5291750707900386e-06
    endloop
  endfacet
  facet normal 0.66568385891761617 0.74607819358526528 0.015242343425434766
    outer loop
      vertex 0.77892174640909273 0.84702168904394703 -0.17998988628322132
      vertex 0.70108662040862113 0.91279254801688969 -5.5291750707989587e-06
      vertex 0.81301405748861588 0.81292593775593858 -4.7452533203581893e-06
    endloop
  endfacet
  facet normal 0.61430348828591819 0.78874700413316168 -0.022569620083530906
    outer loop
      vertex 0.77892174640909273 0.84702168904394703 -0.17998988628322132
      vertex 0.65138647215420598 0.94635060393033055 -0.17998899188825496
      vertex 0.70108662040862113 0.91279254801688969 -5.5291750707989587e-06
    endloop
  endfacet
  facet normal 0.5247520544606159 0.85117393238458927 -0.011756622317549082
    outer loop
      vertex 0.65138647215420598 0.94635060393033055 -0.17998899188825496
      vertex 0.52856370899320204 1.0220713031864046 -0.17999000872478599
      vertex 0.57500000000000007 0.99592921435210435 0
    endloop
  endfacet
  facet normal 0.55046729466263067 0.83484873386710656 0.0036536375427224941
    outer loop
      vertex 0.65138647215420598 0.94635060393033055 -0.17998899188825496
      vertex 0.57500000000000007 0.99592921435210435 0
      vertex 0.70108662040862113 0.91279254801688969 -5.5291750707989587e-06
    endloop
  endfacet
  facet normal 0.44860292299845939 0.8936206638162365 0.014054418446424532
    outer loop
      vertex 0.52856370899320204 1.0220713031864046 -0.17999000872478599
      vertex 0.49702509074407369 1.0350732404406664 -9.8449432984351951e-06
      vertex 0.57500000000000007 0.99592921435210435 0
    endloop
  endfacet
  facet normal 0.38261835757796564 0.92390457109526003 0.0018804131523792267
    outer loop
      vertex 0.52856370899320204 1.0220713031864046 -0.17999000872478599
      vertex 0.34561981442390383 1.0978342138737769 -0.1799937496706524
      vertex 0.34817476572702 1.0964098058534519 -8.9365646864566356e-06
    endloop
  endfacet
  facet normal 0.38099014147666654 0.92457909947812378 -3.0096701706699743e-05
    outer loop
      vertex 0.52856370899320204 1.0220713031864046 -0.17999000872478599
      vertex 0.34817476572702 1.0964098058534519 -8.9365646864566356e-06
      vertex 0.49702509074407369 1.0350732404406664 -9.8449432984351951e-06
    endloop
  endfacet
  facet normal 0.21601404530972129 0.97639010266148873 -0.00054740626353999154
    outer loop
      vertex 0.34561981442390383 1.0978342138737769 -0.1799937496706524
      vertex 0.14973216221971239 1.141171896285252 -0.1799937496706524
      vertex 0.15076254951879811 1.1410448451720643 -5.5291750707846184e-06
    endloop
  endfacet
  facet normal 0.2205316918080614 0.97536901621424688 0.0045885855692856569
    outer loop
      vertex 0.34561981442390383 1.0978342138737769 -0.1799937496706524
      vertex 0.15076254951879811 1.1410448451720643 -5.5291750707846184e-06
      vertex 0.34817476572702 1.0964098058534519 -8.9365646864566356e-06
    endloop
  endfacet
  facet normal 0.043183943536368431 0.99906696467086253 -0.00058917229843592029
    outer loop
      vertex 0.14973216221971239 1.141171896285252 -0.1799937496706524
      vertex -0.050705025965394619 1.1498356480889418 -0.1799937496706524
      vertex -0.047527161530977427 1.1498044296974361 -6.5796354156994111e-06
    endloop
  endfacet
  facet normal 0.044132640421375768 0.99902557787490365 0.00045254961342683641
    outer loop
      vertex 0.14973216221971239 1.141171896285252 -0.1799937496706524
      vertex -0.047527161530977427 1.1498044296974361 -6.5796354156994111e-06
      vertex 0.15076254951879811 1.1410448451720643 -5.5291750707846184e-06
    endloop
  endfacet
  facet normal -0.1251809297711628 0.99213282009667803 -0.0014839503495499896
    outer loop
      vertex -0.050705025965394619 1.1498356480889418 -0.1799937496706524
      vertex -0.19970073165399549 1.1310363439259845 -0.17998410314873942
      vertex -0.18655450146835831 1.1329642412218439 -9.8449432984334603e-06
    endloop
  endfacet
  facet normal -0.12024939894398207 0.99274106068090462 0.0022953195340497147
    outer loop
      vertex -0.050705025965394619 1.1498356480889418 -0.1799937496706524
      vertex -0.18655450146835831 1.1329642412218439 -9.8449432984334603e-06
      vertex -0.047527161530977427 1.1498044296974361 -6.5796354156994111e-06
    endloop
  endfacet
  facet normal -0.22238543302108427 0.9749085424684093 -0.0099021715874106579
    outer loop
      vertex -0.19970073165399549 1.1310363439259845 -0.17998410314873942
      vertex -0.34657665856585235 1.0975325220746748 -0.1799937496706524
      vertex -0.29750748474762356 1.110553796296972 -4.7452533203655076e-06
    endloop
  endfacet
  facet normal -0.1979815818611228 0.98019773451842296 0.0039616270292578675
    outer loop
      vertex -0.19970073165399549 1.1310363439259845 -0.17998410314873942
      vertex -0.29750748474762356 1.110553796296972 -4.7452533203655076e-06
      vertex -0.18655450146835831 1.1329642412218439 -9.8449432984334603e-06
    endloop
  endfacet
  facet normal -0.31327338344960809 0.94951590946431874 0.016713015771617365
    outer loop
      vertex -0.34657665856585235 1.0975325220746748 -0.1799937496706524
      vertex -0.43995822476344465 1.063555097535688 -5.5291750707792109e-06
      vertex -0.29750748474762356 1.110553796296972 -4.7452533203655076e-06
    endloop
  endfacet
  facet normal -0.37170953181716204 0.92818162433074936 -0.017632249175806802
    outer loop
      vertex -0.34657665856585235 1.0975325220746748 -0.1799937496706524
      vertex -0.48588550544734416 1.0417434620228709 -0.17999114798673943
      vertex -0.43995822476344465 1.063555097535688 -5.5291750707792109e-06
    endloop
  endfacet
  facet normal -0.47036390481132112 0.88246482815491123 -0.0036910865838263901
    outer loop
      vertex -0.48588550544734416 1.0417434620228709 -0.17999114798673943
      vertex -0.58239710302567871 0.99030167931398638 -0.17998899188825498
      vertex -0.57444176449863971 0.99529477038178427 -8.6142013688474822e-06
    endloop
  endfacet
  facet normal -0.45259601033341829 0.89168471869203758 0.0074306043747631896
    outer loop
      vertex -0.48588550544734416 1.0417434620228709 -0.17999114798673943
      vertex -0.57444176449863971 0.99529477038178427 -8.6142013688474822e-06
      vertex -0.43995822476344465 1.063555097535688 -5.5291750707792109e-06
    endloop
  endfacet
  facet normal -0.54681159934343748 0.8372555402706372 -0.00048488101169424046
    outer loop
      vertex -0.58239710302567871 0.99030167931398638 -0.17998899188825498
      vertex -0.70105375909552925 0.91280701363009664 -0.17999374967065238
      vertex -0.70023532654540677 0.91344576877283512 -5.5291750707811142e-06
    endloop
  endfacet
  facet normal -0.54537773669126333 0.83818995274249097 0.00085290272365098191
    outer loop
      vertex -0.58239710302567871 0.99030167931398638 -0.17998899188825498
      vertex -0.70023532654540677 0.91344576877283512 -5.5291750707811142e-06
      vertex -0.57444176449863971 0.99529477038178427 -8.6142013688474822e-06
    endloop
  endfacet
  facet normal -0.67588696033158757 0.73695607378291106 -0.0085183430432971136
    outer loop
      vertex -0.70105375909552925 0.91280701363009664 -0.17999374967065238
      vertex -0.8489104517140903 0.7772027163133487 -0.17999374967065243
      vertex -0.81246937809404585 0.81270445452766749 -8.6142013688526864e-06
    endloop
  endfacet
  facet normal -0.66797744419360372 0.74418141398913296 0.00039638581660109124
    outer loop
      vertex -0.70105375909552925 0.91280701363009664 -0.17999374967065238
      vertex -0.81246937809404585 0.81270445452766749 -8.6142013688526864e-06
      vertex -0.70023532654540677 0.91344576877283512 -5.5291750707811142e-06
    endloop
  endfacet
  facet normal -0.74365821463449255 0.66829712613123227 0.018745959868055769
    outer loop
      vertex -0.8489104517140903 0.7772027163133487 -0.17999374967065243
      vertex -0.91135116459898868 0.70267212298418757 -6.5796354157001379e-06
      vertex -0.81246937809404585 0.81270445452766749 -8.6142013688526864e-06
    endloop
  endfacet
  facet normal -0.78388542822468621 0.6207264990546697 -0.014908010877833392
    outer loop
      vertex -0.8489104517140903 0.7772027163133487 -0.17999374967065243
      vertex -0.94202485093234067 0.6596129018037028 -0.17999999999999999
      vertex -0.91135116459898868 0.70267212298418757 -6.5796354157001379e-06
    endloop
  endfacet
  facet normal -0.85120496834299386 0.52483325679533865 0.00039297557319780974
    outer loop
      vertex -0.94202485093234067 0.6596129018037028 -0.17999999999999999
      vertex -0.99478926218262997 0.57403651221045027 -0.17998410314873939
      vertex -1.0206675921994255 0.53193077676044997 -5.5291750707777473e-06
    endloop
  endfacet
  facet normal -0.84208849037295175 0.53914369768953885 0.014527478206986999
    outer loop
      vertex -0.94202485093234067 0.6596129018037028 -0.17999999999999999
      vertex -1.0206675921994255 0.53193077676044997 -5.5291750707777473e-06
      vertex -0.91135116459898868 0.70267212298418757 -6.5796354157001379e-06
    endloop
  endfacet
  facet normal -0.8896135456558828 0.4562226489652309 -0.021180981014017143
    outer loop
      vertex -0.99478926218262997 0.57403651221045027 -0.17998410314873939
      vertex -1.0635338716103531 0.43998718300850653 -0.1799937496706524
      vertex -1.0206675921994255 0.53193077676044997 -5.5291750707777473e-06
    endloop
  endfacet
  facet normal -0.91764594244690423 0.39708858834692506 0.015702780498349108
    outer loop
      vertex -1.0635338716103531 0.43998718300850653 -0.1799937496706524
      vertex -1.0806465139037944 0.39332316482451918 0
      vertex -1.0206675921994255 0.53193077676044997 -5.5291750707777473e-06
    endloop
  endfacet
  facet normal -0.95384789982836959 0.30029008930597478 0.0002150758431009341
    outer loop
      vertex -1.0635338716103531 0.43998718300850653 -0.1799937496706524
      vertex -1.1237793748791993 0.24862207036058537 -0.1799937496706524
      vertex -1.1222419777311645 0.25337658199100122 -9.2465617461689759e-06
    endloop
  endfacet
  facet normal -0.95841235330702634 0.2848641619717609 -0.017267607032071593
    outer loop
      vertex -1.0635338716103531 0.43998718300850653 -0.1799937496706524
      vertex -1.1222419777311645 0.25337658199100122 -9.2465617461689759e-06
      vertex -1.0806465139037944 0.39332316482451918 0
    endloop
  endfacet
  facet normal -0.99084826766545864 0.13496283169649578 -0.002178193017851673
    outer loop
      vertex -1.1237793748791993 0.24862207036058537 -0.1799937496706524
      vertex -1.1452568999675157 0.090941930601900728 -0.17998899188825501
      vertex -1.1426432787877945 0.11303491206957041 -9.8449432984369298e-06
    endloop
  endfacet
  facet normal -0.98958781267463136 0.14385517940260903 0.0046527803388939394
    outer loop
      vertex -1.1237793748791993 0.24862207036058537 -0.1799937496706524
      vertex -1.1426432787877945 0.11303491206957041 -9.8449432984369298e-06
      vertex -1.1222419777311645 0.25337658199100122 -9.2465617461689759e-06
    endloop
  endfacet
  facet normal -0.9995142757144605 0.028861643658669417 -0.011756622317546851
    outer loop
      vertex -1.1452568999675157 0.090941930601900728 -0.17998899188825501
      vertex -1.1494215675350945 -0.053286052086560516 -0.17999000872478602
      vertex -1.1499999999999999 1.408343819019456e-16 0
    endloop
  endfacet
  facet normal -0.99786752789584932 0.064945398286068615 0.006518589762395559
    outer loop
      vertex -1.1452568999675157 0.090941930601900728 -0.17998899188825501
      vertex -1.1499999999999999 1.408343819019456e-16 0
      vertex -1.1426432787877945 0.11303491206957041 -9.8449432984369298e-06
    endloop
  endfacet
  facet normal -0.9981996577108041 -0.058308804379493505 0.01405441844642245
    outer loop
      vertex -1.1494215675350945 -0.053286052086560516 -0.17999000872478602
      vertex -1.1449122663711326 -0.087100265317699974 -9.8449432984299909e-06
      vertex -1.1499999999999999 1.408343819019456e-16 0
    endloop
  endfacet
  facet normal -0.99325787155654088 -0.1146028813955396 0.017463681364763201
    outer loop
      vertex -1.1494215675350945 -0.053286052086560516 -0.17999000872478602
      vertex -1.1325289159640393 -0.19969540431696953 -0.17999999999999999
      vertex -1.1241782140040026 -0.24464278457001237 -9.2465617461701821e-06
    endloop
  endfacet
  facet normal -0.99145035736013176 -0.13048403397298619 0.00032522085324755197
    outer loop
      vertex -1.1494215675350945 -0.053286052086560516 -0.17999000872478602
      vertex -1.1241782140040026 -0.24464278457001237 -9.2465617461701821e-06
      vertex -1.1449122663711326 -0.087100265317699974 -9.8449432984299909e-06
    endloop
  endfacet
  facet normal -0.97269024563186379 -0.23175680798129292 -0.012746293851406845
    outer loop
      vertex -1.1325289159640393 -0.19969540431696953 -0.17999999999999999
      vertex -1.0975325220746754 -0.34657665856585013 -0.17999374967065238
      vertex -1.1241782140040026 -0.24464278457001237 -9.2465617461701821e-06
    endloop
  endfacet
  facet normal -0.9574613398784253 -0.28777908093191407 0.021236365418624892
    outer loop
      vertex -1.0975325220746754 -0.34657665856585013 -0.17999374967065238
      vertex -1.0833571194253224 -0.38045749525533651 -9.8449432984351951e-06
      vertex -1.1241782140040026 -0.24464278457001237 -9.2465617461701821e-06
    endloop
  endfacet
  facet normal -0.92371263196177589 -0.38308605729865758 0.00021507584310261817
    outer loop
      vertex -1.0975325220746754 -0.34657665856585013 -0.17999374967065238
      vertex -1.0206761317403301 -0.53189590275716958 -0.1799937496706524
      vertex -1.0225545583643521 -0.52726551570502211 -9.2465617461678917e-06
    endloop
  endfacet
  facet normal -0.92389555246743715 -0.38264404854020323 0.00073501540917369546
    outer loop
      vertex -1.0975325220746754 -0.34657665856585013 -0.17999374967065238
      vertex -1.0225545583643521 -0.52726551570502211 -9.2465617461678917e-06
      vertex -1.0833571194253224 -0.38045749525533651 -9.8449432984351951e-06
    endloop
  endfacet
  facet normal -0.84966119844789689 -0.52731812812293921 0.003382248512881084
    outer loop
      vertex -1.0206761317403301 -0.53189590275716958 -0.1799937496706524
      vertex -0.94154390547419653 -0.65940066661750918 -0.17999114798673943
      vertex -0.94797297512296708 -0.64788717562705911 -9.844943298432593e-06
    endloop
  endfacet
  facet normal -0.85053657178689812 -0.52589532388880278 0.0046527803388941875
    outer loop
      vertex -1.0206761317403301 -0.53189590275716958 -0.1799937496706524
      vertex -0.94797297512296708 -0.64788717562705911 -9.844943298432593e-06
      vertex -1.0225545583643521 -0.52726551570502211 -9.2465617461678917e-06
    endloop
  endfacet
  facet normal -0.78572933634768483 -0.61849409054264903 -0.0097195661656307893
    outer loop
      vertex -0.94154390547419653 -0.65940066661750918 -0.17999114798673943
      vertex -0.84823264627925232 -0.77794241114645823 -0.17999374967065238
      vertex -0.88095110958682499 -0.7392057511395197 0
    endloop
  endfacet
  facet normal -0.80614119839858822 -0.59165397158837063 0.0090524111813191071
    outer loop
      vertex -0.94154390547419653 -0.65940066661750918 -0.17999114798673943
      vertex -0.88095110958682499 -0.7392057511395197 0
      vertex -0.94797297512296708 -0.64788717562705911 -9.844943298432593e-06
    endloop
  endfacet
  facet normal -0.72716931467009005 -0.6862828137331608 0.015514102511170616
    outer loop
      vertex -0.84823264627925232 -0.77794241114645823 -0.17999374967065238
      vertex -0.82106670816573346 -0.80265809324231174 -9.844943298432593e-06
      vertex -0.88095110958682499 -0.7392057511395197 0
    endloop
  endfacet
  facet normal -0.67328192402535059 -0.73922900311530604 -0.015229305101449575
    outer loop
      vertex -0.84823264627925232 -0.77794241114645823 -0.17999374967065238
      vertex -0.69801445782138005 -0.91475961866171729 -0.17999000872478602
      vertex -0.73920575113952036 -0.88095110958682454 0
    endloop
  endfacet
  facet normal -0.69117360612337309 -0.72267087738454083 0.0050842087555749106
    outer loop
      vertex -0.84823264627925232 -0.77794241114645823 -0.17999374967065238
      vertex -0.73920575113952036 -0.88095110958682454 0
      vertex -0.82106670816573346 -0.80265809324231174 -9.844943298432593e-06
    endloop
  endfacet
  facet normal -0.59696323639002546 -0.80214547790340329 0.014054418446423257
    outer loop
      vertex -0.69801445782138005 -0.91475961866171729 -0.17999000872478602
      vertex -0.6692127447606856 -0.93304065085898924 -9.8449432984351951e-06
      vertex -0.73920575113952036 -0.88095110958682454 0
    endloop
  endfacet
  facet normal -0.54150619377767706 -0.84064845951621336 -0.0090116376663877153
    outer loop
      vertex -0.69801445782138005 -0.91475961866171729 -0.17999000872478602
      vertex -0.56642786018346469 -0.99952152596769306 -0.17998899188825501
      vertex -0.57500000000000051 -0.99592921435210413 0
    endloop
  endfacet
  facet normal -0.55518447926760794 -0.83171578042750527 0.0043651538599340511
    outer loop
      vertex -0.69801445782138005 -0.91475961866171729 -0.17999000872478602
      vertex -0.57500000000000051 -0.99592921435210413 0
      vertex -0.6692127447606856 -0.93304065085898924 -9.8449432984351951e-06
    endloop
  endfacet
  facet normal -0.45167790942674735 -0.89217869393420302 -0.0020601518737163255
    outer loop
      vertex -0.56642786018346469 -0.99952152596769306 -0.17998899188825501
      vertex -0.43998718300850576 -1.0635338716103533 -0.1799937496706524
      vertex -0.4970250907440753 -1.0350732404406657 -9.8449432984343277e-06
    endloop
  endfacet
  facet normal -0.44864621289424644 -0.89370247466381658 -0.0035302174750101501
    outer loop
      vertex -0.56642786018346469 -0.99952152596769306 -0.17998899188825501
      vertex -0.4970250907440753 -1.0350732404406657 -9.8449432984343277e-06
      vertex -0.57500000000000051 -0.99592921435210413 0
    endloop
  endfacet
  facet normal -0.38260513297156412 -0.92357919750084772 0.024794720557043345
    outer loop
      vertex -0.43998718300850576 -1.0635338716103533 -0.1799937496706524
      vertex -0.35022224071180497 -1.0958882839934916 -9.2465617461723641e-06
      vertex -0.4970250907440753 -1.0350732404406657 -9.8449432984343277e-06
    endloop
  endfacet
  facet normal -0.311890016460312 -0.94999626243429047 -0.015222318918781242
    outer loop
      vertex -0.43998718300850576 -1.0635338716103533 -0.1799937496706524
      vertex -0.29740989842026833 -1.1103429728659806 -0.17999114798673943
      vertex -0.35022224071180497 -1.0958882839934916 -9.2465617461723641e-06
    endloop
  endfacet
  facet normal -0.20435247919228786 -0.97889591232438844 -0.00169029067582038
    outer loop
      vertex -0.29740989842026833 -1.1103429728659806 -0.17999114798673943
      vertex -0.14973216221971186 -1.141171896285252 -0.17999374967065238
      vertex -0.21219270376134206 -1.1284435344207295 -9.8449432984334603e-06
    endloop
  endfacet
  facet normal -0.22954508210344199 -0.97323803204756565 0.010806861630727822
    outer loop
      vertex -0.29740989842026833 -1.1103429728659806 -0.17999114798673943
      vertex -0.21219270376134206 -1.1284435344207295 -9.8449432984334603e-06
      vertex -0.35022224071180497 -1.0958882839934916 -9.2465617461723641e-06
    endloop
  endfacet
  facet normal -0.12866796998821758 -0.99136094775169548 0.025456330685534132
    outer loop
      vertex -0.14973216221971186 -1.141171896285252 -0.17999374967065238
      vertex -0.052539259285841279 -1.1491648080646941 -8.9365646864566356e-06
      vertex -0.21219270376134206 -1.1284435344207295 -9.8449432984334603e-06
    endloop
  endfacet
  facet normal -0.043124832325181911 -0.99884748873997187 -0.021069956686636686
    outer loop
      vertex -0.14973216221971186 -1.141171896285252 -0.17999374967065238
      vertex 0.048153931235520052 -1.1497156290345962 -0.17998988628322132
      vertex -0.052539259285841279 -1.1491648080646941 -8.9365646864566356e-06
    endloop
  endfacet
  facet normal 0.040013019253732844 -0.99887517557408645 0.025442914770886439
    outer loop
      vertex 0.048153931235520052 -1.1497156290345962 -0.17998988628322132
      vertex 0.14573325769279377 -1.1412224000980893 -9.2465617461724793e-06
      vertex -0.052539259285841279 -1.1491648080646941 -8.9365646864566356e-06
    endloop
  endfacet
  facet normal 0.1287123271750151 -0.99141524614771581 -0.022998837776196553
    outer loop
      vertex 0.048153931235520052 -1.1497156290345962 -0.17998988628322132
      vertex 0.24960156759452423 -1.1235622255703619 -0.1799937496706524
      vertex 0.14573325769279377 -1.1412224000980893 -9.2465617461724793e-06
    endloop
  endfacet
  facet normal 0.2032357404168107 -0.97889950996056652 0.021236365418625773
    outer loop
      vertex 0.24960156759452423 -1.1235622255703619 -0.1799937496706524
      vertex 0.2845889452181537 -1.1123936740943452 -9.844943298432593e-06
      vertex 0.14573325769279377 -1.1412224000980893 -9.2465617461724793e-06
    endloop
  endfacet
  facet normal 0.3035840982487607 -0.95280111534991618 -0.0025942009256131131
    outer loop
      vertex 0.24960156759452423 -1.1235622255703619 -0.1799937496706524
      vertex 0.443197839206523 -1.0618780620129953 -0.17999000872478604
      vertex 0.4361376091977025 -1.0646176471986128 -9.2465617461680001e-06
    endloop
  endfacet
  facet normal 0.30066516931555454 -0.953729477217097 0.00073501540917364039
    outer loop
      vertex 0.24960156759452423 -1.1235622255703619 -0.1799937496706524
      vertex 0.4361376091977025 -1.0646176471986128 -9.2465617461680001e-06
      vertex 0.2845889452181537 -1.1123936740943452 -9.844943298432593e-06
    endloop
  endfacet
  facet normal 0.45728720112206245 -0.88931623905048529 -0.0022455847902547255
    outer loop
      vertex 0.443197839206523 -1.0618780620129953 -0.17999000872478604
      vertex 0.5823971030256776 -0.99030167931398716 -0.17998899188825501
      vertex 0.56280048056976273 -1.0008327397602161 -9.8449432984360624e-06
    endloop
  endfacet
  facet normal 0.44976616719412993 -0.89313717066015719 0.0040483617268559898
    outer loop
      vertex 0.443197839206523 -1.0618780620129953 -0.17999000872478604
      vertex 0.56280048056976273 -1.0008327397602161 -9.8449432984360624e-06
      vertex 0.4361376091977025 -1.0646176471986128 -9.2465617461680001e-06
    endloop
  endfacet
  facet normal 0.54681057284398094 -0.83725381217737083 0.0020618973051852989
    outer loop
      vertex 0.5823971030256776 -0.99030167931398716 -0.17998899188825501
      vertex 0.70105375909552858 -0.9128070136300972 -0.17999374967065238
      vertex 0.69842149249028762 -0.91408290033689443 -8.9365646864566356e-06
    endloop
  endfacet
  facet normal 0.53882014705593673 -0.84236861523121564 0.0093789764933480922
    outer loop
      vertex 0.5823971030256776 -0.99030167931398716 -0.17998899188825501
      vertex 0.69842149249028762 -0.91408290033689443 -8.9365646864566356e-06
      vertex 0.56280048056976273 -1.0008327397602161 -9.8449432984360624e-06
    endloop
  endfacet
  facet normal 0.6667963874935533 -0.74512644954792384 0.013005837522142599
    outer loop
      vertex 0.70105375909552858 -0.9128070136300972 -0.17999374967065238
      vertex 0.8128802722053402 -0.81273601380189242 -0.17999114798673943
      vertex 0.84821537165992189 -0.77797388665106793 -5.529175070781121e-06
    endloop
  endfacet
  facet normal 0.67248374167830849 -0.74009767062247611 0.0045885855692849578
    outer loop
      vertex 0.70105375909552858 -0.9128070136300972 -0.17999374967065238
      vertex 0.84821537165992189 -0.77797388665106793 -5.529175070781121e-06
      vertex 0.69842149249028762 -0.91408290033689443 -8.9365646864566356e-06
    endloop
  endfacet
  facet normal 0.74545712919741258 -0.66631965139108829 -0.01765759606545533
    outer loop
      vertex 0.8128802722053402 -0.81273601380189242 -0.17999114798673943
      vertex 0.91341777115803247 -0.70025780438846996 -0.1799937496706524
      vertex 0.84821537165992189 -0.77797388665106793 -5.529175070781121e-06
    endloop
  endfacet
  facet normal 0.78475205939161485 -0.61958324279241195 0.016757402288494795
    outer loop
      vertex 0.91341777115803247 -0.70025780438846996 -0.1799937496706524
      vertex 0.94175417562726238 -0.65949943945320366 -4.7452533203581893e-06
      vertex 0.84821537165992189 -0.77797388665106793 -5.529175070781121e-06
    endloop
  endfacet
  facet normal 0.84365193774262226 -0.53689047469654505 0.00016162684583862318
    outer loop
      vertex 0.91341777115803247 -0.70025780438846996 -0.1799937496706524
      vertex 1.0197599074897272 -0.53315528677524615 -0.1799898862832213
      vertex 1.0184238246340001 -0.53520058137230409 -9.2465617461748306e-06
    endloop
  endfacet
  facet normal 0.85101627869406427 -0.5249218569858064 -0.015110839032936091
    outer loop
      vertex 0.91341777115803247 -0.70025780438846996 -0.1799937496706524
      vertex 1.0184238246340001 -0.53520058137230409 -9.2465617461748306e-06
      vertex 0.94175417562726238 -0.65949943945320366 -4.7452533203581893e-06
    endloop
  endfacet
  facet normal 0.92317051632970959 -0.38433221583994281 -0.0067041514822543998
    outer loop
      vertex 1.0197599074897272 -0.53315528677524615 -0.1799898862832213
      vertex 1.0978342138737769 -0.34561981442390405 -0.17999374967065238
      vertex 1.0744530652116571 -0.40492118314898196 -9.8449432984360624e-06
    endloop
  endfacet
  facet normal 0.91864341195894705 -0.3950808189285675 0.0023298453074628452
    outer loop
      vertex 1.0197599074897272 -0.53315528677524615 -0.1799898862832213
      vertex 1.0744530652116571 -0.40492118314898196 -9.8449432984360624e-06
      vertex 1.0184238246340001 -0.53520058137230409 -9.2465617461748306e-06
    endloop
  endfacet
  facet normal 0.94693559795256643 -0.32095942614039458 0.017263258726096072
    outer loop
      vertex 1.0978342138737769 -0.34561981442390405 -0.17999374967065238
      vertex 1.1108147002324285 -0.29764190186789874 0
      vertex 1.0744530652116571 -0.40492118314898196 -9.8449432984360624e-06
    endloop
  endfacet
  facet normal 0.97509821300491084 -0.22169464552945004 0.0059126253222091937
    outer loop
      vertex 1.0978342138737769 -0.34561981442390405 -0.17999374967065238
      vertex 1.1311281790904613 -0.19917990855529946 -0.17998410314873936
      vertex 1.1410448451720643 -0.15076254951879792 -5.529175070802711e-06
    endloop
  endfacet
  facet normal 0.97932986157050617 -0.2015625519881272 -0.016898516867668599
    outer loop
      vertex 1.0978342138737769 -0.34561981442390405 -0.17999374967065238
      vertex 1.1410448451720643 -0.15076254951879792 -5.529175070802711e-06
      vertex 1.1108147002324285 -0.29764190186789874 0
    endloop
  endfacet
  facet normal 0.9900378453170956 -0.13977783961925649 -0.016947577740079003
    outer loop
      vertex 1.1311281790904613 -0.19917990855529946 -0.17998410314873936
      vertex 1.1451190550618273 -0.1000825399633944 -0.1799911479867394
      vertex 1.1410448451720643 -0.15076254951879792 -5.529175070802711e-06
    endloop
  endfacet
  facet normal 0.99941096757515491 -0.03388523411282475 0.0054322002551151598
    outer loop
      vertex 1.1451190550618273 -0.1000825399633944 -0.1799911479867394
      vertex 1.1488249632091418 0.0092198466537080602 -0.17998899188825501
      vertex 1.1493478048126273 0.053493378778201428 -9.3662675810398991e-06
    endloop
  endfacet
  facet normal 0.99911237807414766 -0.040613493672785793 0.011180344838688829
    outer loop
      vertex 1.1451190550618273 -0.1000825399633944 -0.1799911479867394
      vertex 1.1493478048126273 0.053493378778201428 -9.3662675810398991e-06
      vertex 1.1410448451720643 -0.15076254951879792 -5.529175070802711e-06
    endloop
  endfacet
  facet normal -0.57950322717454206 -0.81124779417264103 -0.07780119629103005
    outer loop
      vertex 0.41940655822005807 0.037222056151418381 -7.4897249417987879e-08
      vertex 0.42247109187136345 -0.020590558959111587 0.57999678240371522
      vertex 0.41991454003390261 -0.018764531724880195 0.57999896070413026
    endloop
  endfacet
  facet normal 0.99078409307312665 0.13519970803362136 0.0082413506711860474
    outer loop
      vertex 0.41940655822005807 0.037222056151418381 -7.4897249417987879e-08
      vertex 0.40248881796224661 0.12584553407122465 0.57999703834446203
      vertex 0.42247109187136345 -0.020590558959111587 0.57999678240371522
    endloop
  endfacet
  facet normal 0.97909007211519727 0.20341157199339591 -0.0025225115724555186
    outer loop
      vertex 0.41940655822005807 0.037222056151418381 -7.4897249417987879e-08
      vertex 0.40083350387028549 0.12662055989431686 -1.2414004585597004e-06
      vertex 0.40248881796224661 0.12584553407122465 0.57999703834446203
    endloop
  endfacet
  facet normal 0.91738048704712627 0.39800589074412901 -0.0020863648170852101
    outer loop
      vertex 0.40083350387028549 0.12662055989431686 -1.2414004585597004e-06
      vertex 0.36404780818526739 0.2114094526121823 -1.5541486637088729e-06
      vertex 0.40248881796224661 0.12584553407122465 0.57999703834446203
    endloop
  endfacet
  facet normal 0.89518665822459809 0.44564529163221278 0.0064125644415092449
    outer loop
      vertex 0.36404780818526739 0.2114094526121823 -1.5541486637088729e-06
      vertex 0.34595513991507204 0.23940713069323355 0.57999758155314218
      vertex 0.40248881796224661 0.12584553407122465 0.57999703834446203
    endloop
  endfacet
  facet normal 0.7918059737934775 0.6107539833193153 -0.0047824391843846658
    outer loop
      vertex 0.36404780818526739 0.2114094526121823 -1.5541486637088729e-06
      vertex 0.29692638727934723 0.29842835628591818 -1.5541486637068288e-06
      vertex 0.34595513991507204 0.23940713069323355 0.57999758155314218
    endloop
  endfacet
  facet normal 0.74650170763142198 0.66536756504426042 0.0046047682289970179
    outer loop
      vertex 0.29692638727934723 0.29842835628591818 -1.5541486637068288e-06
      vertex 0.28579567751271417 0.30690237243614388 0.5799968785849724
      vertex 0.34595513991507204 0.23940713069323355 0.57999758155314218
    endloop
  endfacet
  facet normal 0.60675431334384311 0.79488175216864265 -0.0034933233388863513
    outer loop
      vertex 0.29692638727934723 0.29842835628591818 -1.5541486637068288e-06
      vertex 0.20956992377439529 0.36510986065494572 -1.554148663705807e-06
      vertex 0.24092519537167226 0.34372451909800006 0.57999872743178649
    endloop
  endfacet
  facet normal 0.63437137601010285 0.77302793160338956 0.00087992047019856147
    outer loop
      vertex 0.29692638727934723 0.29842835628591818 -1.5541486637068288e-06
      vertex 0.24092519537167226 0.34372451909800006 0.57999872743178649
      vertex 0.28579567751271417 0.30690237243614388 0.5799968785849724
    endloop
  endfacet
  facet normal 0.52845281628704588 0.84895827250940425 0.0027335866800988953
    outer loop
      vertex 0.20956992377439529 0.36510986065494572 -1.554148663705807e-06
      vertex 0.19446999421112798 0.3726415837426923 0.57999896070413026
      vertex 0.24092519537167226 0.34372451909800006 0.57999872743178649
    endloop
  endfacet
  facet normal 0.38065631303810243 0.92471205429267789 0.0028962026955346664
    outer loop
      vertex 0.20956992377439529 0.36510986065494572 -1.554148663705807e-06
      vertex 0.10839803274877305 0.4067571216186886 -3.3566951118706035e-06
      vertex 0.092286786805509169 0.41157273467264549 0.57999473597971507
    endloop
  endfacet
  facet normal 0.35602762845566333 0.93447103474323767 -0.0028658335852862586
    outer loop
      vertex 0.20956992377439529 0.36510986065494572 -1.554148663705807e-06
      vertex 0.092286786805509169 0.41157273467264549 0.57999473597971507
      vertex 0.19446999421112798 0.3726415837426923 0.57999896070413026
    endloop
  endfacet
  facet normal 0.1291822643931812 0.99160998847227089 -0.0046447097081837516
    outer loop
      vertex 0.10839803274877305 0.4067571216186886 -3.3566951118706035e-06
      vertex -0.0010406206593786911 0.42101428515344613 -6.2047618340040129e-07
      vertex 0.092286786805509169 0.41157273467264549 0.57999473597971507
    endloop
  endfacet
  facet normal 0.061271752323221122 0.99810067618056775 0.0063884720501290399
    outer loop
      vertex -0.0010406206593786911 0.42101428515344613 -6.2047618340040129e-07
      vertex -0.035382684227740199 0.41941013127915022 0.57999807886641519
      vertex 0.092286786805509169 0.41157273467264549 0.57999473597971507
    endloop
  endfacet
  facet normal -0.14729296580193452 0.98907479658971198 -0.005985731057258809
    outer loop
      vertex -0.0010406206593786911 0.42101428515344613 -6.2047618340040129e-07
      vertex -0.12710604565660294 0.40224061528677779 -2.8544046331916822e-06
      vertex -0.035382684227740199 0.41941013127915022 0.57999807886641519
    endloop
  endfacet
  facet normal -0.22832019084380448 0.97355882342889866 0.0072875082701292244
    outer loop
      vertex -0.12710604565660294 0.40224061528677779 -2.8544046331916822e-06
      vertex -0.16047151238019472 0.39007417327890143 0.57999473597971507
      vertex -0.035382684227740199 0.41941013127915022 0.57999807886641519
    endloop
  endfacet
  facet normal -0.44961773597849142 0.89319262797001664 -0.0071288732343304457
    outer loop
      vertex -0.12710604565660294 0.40224061528677779 -2.8544046331916822e-06
      vertex -0.24233383293677768 0.3442369484997938 -1.5541486637078507e-06
      vertex -0.16047151238019472 0.39007417327890143 0.57999473597971507
    endloop
  endfacet
  facet normal -0.52246638182922589 0.85263617734460184 0.0063583756937174371
    outer loop
      vertex -0.24233383293677768 0.3442369484997938 -1.5541486637078507e-06
      vertex -0.26924540272950076 0.32342121642451427 0.57999810362414284
      vertex -0.16047151238019472 0.39007417327890143 0.57999473597971507
    endloop
  endfacet
  facet normal -0.67743948134316179 0.73556128775907437 -0.0050339912316221163
    outer loop
      vertex -0.24233383293677768 0.3442369484997938 -1.5541486637078507e-06
      vertex -0.32317158611697638 0.2697867476821601 -1.5541486637068296e-06
      vertex -0.26924540272950076 0.32342121642451427 0.57999810362414284
    endloop
  endfacet
  facet normal -0.72459702875030674 0.68916317961361528 0.0036411249743674235
    outer loop
      vertex -0.32317158611697638 0.2697867476821601 -1.5541486637068296e-06
      vertex -0.33331126687260471 0.25606135268401636 0.57999894713473354
      vertex -0.26924540272950076 0.32342121642451427 0.57999810362414284
    endloop
  endfacet
  facet normal -0.84474426422734472 0.53517018586642007 -1.4652768002832428e-05
    outer loop
      vertex -0.32317158611697638 0.2697867476821601 -1.5541486637068296e-06
      vertex -0.38198572976960066 0.1769510258536679 -1.5541486637078488e-06
      vertex -0.38114400349425259 0.17829553655659441 0.5799980495579603
    endloop
  endfacet
  facet normal -0.85176881704491814 0.52391189026901419 -0.0024926982667586991
    outer loop
      vertex -0.32317158611697638 0.2697867476821601 -1.5541486637068296e-06
      vertex -0.38114400349425259 0.17829553655659441 0.5799980495579603
      vertex -0.33331126687260471 0.25606135268401636 0.57999894713473354
    endloop
  endfacet
  facet normal -0.95033896760647618 0.31121638295350906 -0.00045785367954212291
    outer loop
      vertex -0.38198572976960066 0.1769510258536679 -1.5541486637078488e-06
      vertex -0.41229009645343723 0.084412778198122165 2.4385469011870387e-06
      vertex -0.41034355179898235 0.091210077135053219 0.57999898232576752
    endloop
  endfacet
  facet normal -0.94812290264985966 0.31790337072001568 0.00063902711764206701
    outer loop
      vertex -0.38198572976960066 0.1769510258536679 -1.5541486637078488e-06
      vertex -0.41034355179898235 0.091210077135053219 0.57999898232576752
      vertex -0.38114400349425259 0.17829553655659441 0.5799980495579603
    endloop
  endfacet
  facet normal -0.99487031672627391 0.1011373563861882 0.0020707583578601315
    outer loop
      vertex -0.41229009645343723 0.084412778198122165 2.4385469011870387e-06
      vertex -0.42097937638657712 -0.0010620524696783606 -1.5541486637079339e-06
      vertex -0.42136936350696796 -0.016773593563277504 0.57999712914448998
    endloop
  endfacet
  facet normal -0.99482527079750194 0.10157787808103483 0.0021483173023297097
    outer loop
      vertex -0.41229009645343723 0.084412778198122165 2.4385469011870387e-06
      vertex -0.42136936350696796 -0.016773593563277504 0.57999712914448998
      vertex -0.41034355179898235 0.091210077135053219 0.57999898232576752
    endloop
  endfacet
  facet normal -0.99435057667151405 -0.10608667352051208 -0.0035423684703735831
    outer loop
      vertex -0.42097937638657712 -0.0010620524696783606 -1.5541486637079339e-06
      vertex -0.41150143227851949 -0.089899016251787006 3.7484613799783124e-06
      vertex -0.42136936350696796 -0.016773593563277504 0.57999712914448998
    endloop
  endfacet
  facet normal -0.98007296032429703 -0.19846237873169648 0.0083472551970820569
    outer loop
      vertex -0.41150143227851949 -0.089899016251787006 3.7484613799783124e-06
      vertex -0.39572596195201476 -0.14340916341521351 0.5799980935200072
      vertex -0.42136936350696796 -0.016773593563277504 0.57999712914448998
    endloop
  endfacet
  facet normal -0.95102169431590466 -0.30911277308469604 -0.0026515007817165793
    outer loop
      vertex -0.41150143227851949 -0.089899016251787006 3.7484613799783124e-06
      vertex -0.38848538623317774 -0.16071055061084227 2.2050316184632967e-07
      vertex -0.39572596195201476 -0.14340916341521351 0.5799980935200072
    endloop
  endfacet
  facet normal -0.88827189522399019 -0.45927631513681622 0.0061892252769319197
    outer loop
      vertex -0.38848538623317774 -0.16071055061084227 2.2050316184632967e-07
      vertex -0.35536453341139018 -0.22476854438549326 7.6525070468800422e-07
      vertex -0.33520605283273791 -0.25594037884211895 0.57999685886858643
    endloop
  endfacet
  facet normal -0.88070782082915411 -0.47364956421151122 0.0031344301887223447
    outer loop
      vertex -0.38848538623317774 -0.16071055061084227 2.2050316184632967e-07
      vertex -0.33520605283273791 -0.25594037884211895 0.57999685886858643
      vertex -0.39572596195201476 -0.14340916341521351 0.5799980935200072
    endloop
  endfacet
  facet normal -0.7736659312413191 -0.63355327592109345 -0.0071605451017198478
    outer loop
      vertex -0.35536453341139018 -0.22476854438549326 7.6525070468800422e-07
      vertex -0.28422107184805329 -0.31164556501509344 -6.4157643850834627e-06
      vertex -0.33520605283273791 -0.25594037884211895 0.57999685886858643
    endloop
  endfacet
  facet normal -0.68821071708448156 -0.72545280992365846 0.0091776611362493869
    outer loop
      vertex -0.28422107184805329 -0.31164556501509344 -6.4157643850834627e-06
      vertex -0.24190361381943729 -0.34445299640937266 0.5799980935200072
      vertex -0.33520605283273791 -0.25594037884211895 0.57999685886858643
    endloop
  endfacet
  facet normal -0.53528831710149527 -0.84462439631691444 -0.0087204771048954282
    outer loop
      vertex -0.28422107184805329 -0.31164556501509344 -6.4157643850834627e-06
      vertex -0.16049138307420505 -0.39006036947498524 -6.415764385081202e-06
      vertex -0.24190361381943729 -0.34445299640937266 0.5799980935200072
    endloop
  endfacet
  facet normal -0.47656450202695583 -0.87913666478439267 0.0022360768264976403
    outer loop
      vertex -0.16049138307420505 -0.39006036947498524 -6.415764385081202e-06
      vertex -0.16125212316129986 -0.38817274680058506 0.57999896070413037
      vertex -0.24190361381943729 -0.34445299640937266 0.5799980935200072
    endloop
  endfacet
  facet normal -0.28737659053715148 -0.9578137533595148 0.00274027126413335
    outer loop
      vertex -0.16049138307420505 -0.39006036947498524 -6.415764385081202e-06
      vertex -0.074687416789194244 -0.41414509522369186 0.57999810362414272
      vertex -0.16125212316129986 -0.38817274680058506 0.57999896070413037
    endloop
  endfacet
  facet normal -0.25172336004606594 -0.96779473841083774 -0.0029486117779341002
    outer loop
      vertex -0.16049138307420505 -0.39006036947498524 -6.415764385081202e-06
      vertex -0.053756473388689122 -0.41782214388438665 3.4540041945860418e-06
      vertex -0.074687416789194244 -0.41414509522369186 0.57999810362414272
    endloop
  endfacet
  facet normal -0.029372352652278236 -0.99956853924595856 1.5791480922468297e-05
    outer loop
      vertex -0.053756473388689122 -0.41782214388438665 3.4540041945860418e-06
      vertex 0.018562724224297743 -0.41994724583244142 -1.2414004585612786e-06
      vertex 0.018093976193513599 -0.41992430864156621 0.57999894713473354
    endloop
  endfacet
  facet normal -0.062167529719663682 -0.99805737282051243 0.0040839695360411479
    outer loop
      vertex -0.053756473388689122 -0.41782214388438665 3.4540041945860418e-06
      vertex 0.018093976193513599 -0.41992430864156621 0.57999894713473354
      vertex -0.074687416789194244 -0.41414509522369186 0.57999810362414272
    endloop
  endfacet
  facet normal 0.14669279349927072 -0.98917896982444264 0.0024879695404760997
    outer loop
      vertex 0.018562724224297743 -0.41994724583244142 -1.2414004585612786e-06
      vertex 0.1095031107286485 -0.40646101686640757 -3.3566951118691262e-06
      vertex 0.12561836082809646 -0.4026123571863634 0.57999657457711651
    endloop
  endfacet
  facet normal 0.15895777336389885 -0.98728536818241763 0.0001675114906873209
    outer loop
      vertex 0.018562724224297743 -0.41994724583244142 -1.2414004585612786e-06
      vertex 0.12561836082809646 -0.4026123571863634 0.57999657457711651
      vertex 0.018093976193513599 -0.41992430864156621 0.57999894713473354
    endloop
  endfacet
  facet normal 0.38424271068871557 -0.9232209035274217 -0.0045500079778800981
    outer loop
      vertex 0.1095031107286485 -0.40646101686640757 -3.3566951118691262e-06
      vertex 0.21140945261218222 -0.36404780818526744 -1.5541486637058043e-06
      vertex 0.12561836082809646 -0.4026123571863634 0.57999657457711651
    endloop
  endfacet
  facet normal 0.43785881515218295 -0.89902990288590534 0.0049891592965225712
    outer loop
      vertex 0.21140945261218222 -0.36404780818526744 -1.5541486637058043e-06
      vertex 0.22360578712900925 -0.35488906726441871 0.57999784212380134
      vertex 0.12561836082809646 -0.4026123571863634 0.57999657457711651
    endloop
  endfacet
  facet normal 0.59801844491441303 -0.8014568126682029 0.0063966373879179002
    outer loop
      vertex 0.21140945261218222 -0.36404780818526744 -1.5541486637058043e-06
      vertex 0.284156758084254 -0.30976636493965437 -1.2414004585597014e-06
      vertex 0.310455961044586 -0.28551373201550784 0.57999559136978818
    endloop
  endfacet
  facet normal 0.62411976735968733 -0.78132829073010868 -0.00078619059827807333
    outer loop
      vertex 0.21140945261218222 -0.36404780818526744 -1.5541486637058043e-06
      vertex 0.310455961044586 -0.28551373201550784 0.57999559136978818
      vertex 0.22360578712900925 -0.35488906726441871 0.57999784212380134
    endloop
  endfacet
  facet normal 0.72652596056774343 -0.68712611294352099 -0.0042111200701571774
    outer loop
      vertex 0.284156758084254 -0.30976636493965437 -1.2414004585597014e-06
      vertex 0.33299003235755764 -0.25813301894643254 3.7854069469111379e-06
      vertex 0.310455961044586 -0.28551373201550784 0.57999559136978818
    endloop
  endfacet
  facet normal 0.84837109574119574 -0.52937846070221783 0.0049929205314283723
    outer loop
      vertex 0.33299003235755764 -0.25813301894643254 3.7854069469111379e-06
      vertex 0.37282501706100352 -0.19429432067830471 2.2050316185011422e-07
      vertex 0.38891133868648187 -0.16304437682208883 0.57999680838265644
    endloop
  endfacet
  facet normal 0.84201506515510527 -0.53940529559799588 0.0072496298307402566
    outer loop
      vertex 0.33299003235755764 -0.25813301894643254 3.7854069469111379e-06
      vertex 0.38891133868648187 -0.16304437682208883 0.57999680838265644
      vertex 0.310455961044586 -0.28551373201550784 0.57999559136978818
    endloop
  endfacet
  facet normal 0.93574870215764139 -0.35259890813038453 -0.0069553141949386475
    outer loop
      vertex 0.37282501706100352 -0.19429432067830471 2.2050316185011422e-07
      vertex 0.41200351220385256 -0.09031988600370934 -6.4157643850856354e-06
      vertex 0.38891133868648187 -0.16304437682208883 0.57999680838265644
    endloop
  endfacet
  facet normal 0.97330568213865898 -0.22929464928506571 0.010000646271033385
    outer loop
      vertex 0.41200351220385256 -0.09031988600370934 -6.4157643850856354e-06
      vertex 0.42247109187136345 -0.020590558959111587 0.57999678240371522
      vertex 0.38891133868648187 -0.16304437682208883 0.57999680838265644
    endloop
  endfacet
  facet normal 0.57777997542603821 0.80905641504782977 -0.10769409114078903
    outer loop
      vertex 0.41200351220385256 -0.09031988600370934 -6.4157643850856354e-06
      vertex 0.41991454003390261 -0.018764531724880195 0.57999896070413026
      vertex 0.42247109187136345 -0.020590558959111587 0.57999678240371522
    endloop
  endfacet
  facet normal 0.99829882898399591 -0.057944947624378483 -0.0064676961887986783
    outer loop
      vertex 0.41200351220385256 -0.09031988600370934 -6.4157643850856354e-06
      vertex 0.41940655822005807 0.037222056151418381 -7.4897249417987879e-08
      vertex 0.41991454003390261 -0.018764531724880195 0.57999896070413026
    endloop
  endfacet
  facet normal -0.99910102927032585 -0.042159706615305284 -0.0044376175012010178
    outer loop
      vertex 0.16206105622714195 -0.0083979348621075166 -0.17999698728416119
      vertex 0.15955799183848904 -0.029076216494417193 0.58000643641044081
      vertex 0.15660047149190337 0.041011983756087493 0.57999824791867449
    endloop
  endfacet
  facet normal -0.98296140975725632 -0.18374716046725634 0.0048834361107171253
    outer loop
      vertex 0.16206105622714195 -0.0083979348621075166 -0.17999698728416119
      vertex 0.15660047149190337 0.041011983756087493 0.57999824791867449
      vertex 0.14869418325279679 0.063108601696921146 -0.17999642524935194
    endloop
  endfacet
  facet normal -0.87760792569335055 -0.47935500296807015 -0.0048072746640802069
    outer loop
      vertex 0.14869418325279679 0.063108601696921146 -0.17999642524935194
      vertex 0.15660047149190337 0.041011983756087493 0.57999824791867449
      vertex 0.1196586104985061 0.10864547290244132 0.58000211854754302
    endloop
  endfacet
  facet normal -0.82413847070921875 -0.56638306710333319 0.0024499787124357833
    outer loop
      vertex 0.14869418325279679 0.063108601696921146 -0.17999642524935194
      vertex 0.1196586104985061 0.10864547290244132 0.58000211854754302
      vertex 0.1135167861538217 0.11429485488413237 -0.18000425183971525
    endloop
  endfacet
  facet normal -0.54077473733000048 -0.84116534618068561 -0.0018825117253732353
    outer loop
      vertex 0.1135167861538217 0.11429485488413237 -0.18000425183971525
      vertex 0.1196586104985061 0.10864547290244132 0.58000211854754302
      vertex 0.049212043665883519 0.15393469247140484 0.58000297789492139
    endloop
  endfacet
  facet normal -0.50691185316357312 -0.86199541297868854 0.002069088198320209
    outer loop
      vertex 0.1135167861538217 0.11429485488413237 -0.18000425183971525
      vertex 0.049212043665883519 0.15393469247140484 0.58000297789492139
      vertex 0.041103362855875132 0.15687885489566789 -0.18000904702066797
    endloop
  endfacet
  facet normal -0.062646966465222914 -0.99803062656100294 -0.0031978178430436574
    outer loop
      vertex 0.041103362855875132 0.15687885489566789 -0.18000904702066797
      vertex 0.049212043665883519 0.15393469247140484 0.58000297789492139
      vertex -0.027411361600463435 0.15874438833349813 0.58000301709640212
    endloop
  endfacet
  facet normal 0.017074939895198128 -0.99984623724920119 0.0039935305419542102
    outer loop
      vertex 0.041103362855875132 0.15687885489566789 -0.18000904702066797
      vertex -0.027411361600463435 0.15874438833349813 0.58000301709640212
      vertex -0.042223854774603817 0.15545584800724138 -0.18000425183971525
    endloop
  endfacet
  facet normal 0.40937983968826303 -0.91235513785824285 -0.004031039627538386
    outer loop
      vertex -0.042223854774603817 0.15545584800724138 -0.18000425183971525
      vertex -0.027411361600463435 0.15874438833349813 0.58000301709640212
      vertex -0.10440498064635431 0.12419684162412635 0.58000210384985296
    endloop
  endfacet
  facet normal 0.46477480114419684 -0.88542746526211358 0.0016087202618746705
    outer loop
      vertex -0.042223854774603817 0.15545584800724138 -0.18000425183971525
      vertex -0.10440498064635431 0.12419684162412635 0.58000210384985296
      vertex -0.1039662886431747 0.12304627348051404 -0.1800042518397153
    endloop
  endfacet
  facet normal 0.80506098543918225 -0.59319048601898239 0.0013627253047794837
    outer loop
      vertex -0.1039662886431747 0.12304627348051404 -0.1800042518397153
      vertex -0.10440498064635431 0.12419684162412635 0.58000210384985296
      vertex -0.14956338795952745 0.061163203073757645 -0.18000638149820999
    endloop
  endfacet
  facet normal 0.81765325790895016 -0.5757103891590738 -0.00083525157138146966
    outer loop
      vertex -0.14956338795952745 0.061163203073757645 -0.18000638149820999
      vertex -0.10440498064635431 0.12419684162412635 0.58000210384985296
      vertex -0.14830217204455659 0.06185181187572792 0.58000183900946456
    endloop
  endfacet
  facet normal 0.98380288755949141 -0.17924764146698 -0.0014701898284618089
    outer loop
      vertex -0.14956338795952745 0.061163203073757645 -0.18000638149820999
      vertex -0.14830217204455659 0.06185181187572792 0.58000183900946456
      vertex -0.16180619134908017 -0.01226516072168248 0.58000139369907044
    endloop
  endfacet
  facet normal 0.99343235585443956 -0.11431345935876755 0.0049585633937192352
    outer loop
      vertex -0.14956338795952745 0.061163203073757645 -0.18000638149820999
      vertex -0.16180619134908017 -0.01226516072168248 0.58000139369907044
      vertex -0.15988824982621319 -0.028563956446829328 -0.18000036264624802
    endloop
  endfacet
  facet normal 0.92240561015704414 0.38617669470886601 -0.0059540586616361885
    outer loop
      vertex -0.15988824982621319 -0.028563956446829328 -0.18000036264624802
      vertex -0.16180619134908017 -0.01226516072168248 0.58000139369907044
      vertex -0.12143931520998495 -0.10868379827540685 0.58000177266519426
    endloop
  endfacet
  facet normal 0.89142274304578029 0.45316479996262038 0.0026753047630121082
    outer loop
      vertex -0.15988824982621319 -0.028563956446829328 -0.18000036264624802
      vertex -0.12143931520998495 -0.10868379827540685 0.58000177266519426
      vertex -0.11864090626535563 -0.10970177659777869 -0.18000638149820997
    endloop
  endfacet
  facet normal 0.53349421708144795 0.8458033039630628 0.00083147207974297122
    outer loop
      vertex -0.11864090626535563 -0.10970177659777869 -0.18000638149820997
      vertex -0.12143931520998495 -0.10868379827540685 0.58000177266519426
      vertex -0.047895150454917206 -0.15432497850663929 -0.18000638149820999
    endloop
  endfacet
  facet normal 0.46959219325347257 0.88285092789720421 -0.0075770143485881297
    outer loop
      vertex -0.047895150454917206 -0.15432497850663929 -0.18000638149820999
      vertex -0.12143931520998495 -0.10868379827540685 0.58000177266519426
      vertex -0.022428472624243304 -0.16134807211310992 0.58000384486189438
    endloop
  endfacet
  facet normal 0.071034149858344026 0.99745045244855401 0.0068369923268405998
    outer loop
      vertex -0.047895150454917206 -0.15432497850663929 -0.18000638149820999
      vertex -0.022428472624243304 -0.16134807211310992 0.58000384486189438
      vertex 0.021345087362262365 -0.15925599769664553 -0.18000259434004495
    endloop
  endfacet
  facet normal -0.16705653125813896 0.9859231189776857 -0.0069078816804034196
    outer loop
      vertex 0.021345087362262365 -0.15925599769664553 -0.18000259434004495
      vertex -0.022428472624243304 -0.16134807211310992 0.58000384486189438
      vertex 0.068182848507908261 -0.14599475073607518 0.58000116642260802
    endloop
  endfacet
  facet normal -0.3485675313030317 0.93726964478419894 0.0051272885048084423
    outer loop
      vertex 0.021345087362262365 -0.15925599769664553 -0.18000259434004495
      vertex 0.068182848507908261 -0.14599475073607518 0.58000116642260802
      vertex 0.093755442675488382 -0.13232678685799398 -0.18000904702066792
    endloop
  endfacet
  facet normal -0.60798064376703509 0.79392780157830745 -0.0061792139999606414
    outer loop
      vertex 0.093755442675488382 -0.13232678685799398 -0.18000904702066792
      vertex 0.068182848507908261 -0.14599475073607518 0.58000116642260802
      vertex 0.12309924049920828 -0.10394041424938542 0.58000174213961109
    endloop
  endfacet
  facet normal -0.76678422885581754 0.64188023563338559 0.005631117226506617
    outer loop
      vertex 0.093755442675488382 -0.13232678685799398 -0.18000904702066792
      vertex 0.12309924049920828 -0.10394041424938542 0.58000174213961109
      vertex 0.14269791522133829 -0.073860615678048094 -0.18000259434004495
    endloop
  endfacet
  facet normal -0.89903837224459549 0.43783069782007838 -0.0058553631972311252
    outer loop
      vertex 0.14269791522133829 -0.073860615678048094 -0.18000259434004495
      vertex 0.12309924049920828 -0.10394041424938542 0.58000174213961109
      vertex 0.15955799183848904 -0.029076216494417193 0.58000643641044081
    endloop
  endfacet
  facet normal -0.9589206525587276 0.28363779201417094 0.0045590610513674005
    outer loop
      vertex 0.14269791522133829 -0.073860615678048094 -0.18000259434004495
      vertex 0.15955799183848904 -0.029076216494417193 0.58000643641044081
      vertex 0.16206105622714195 -0.0083979348621075166 -0.17999698728416119
    endloop
  endfacet
  facet normal -0.88805427302711459 -0.4573502978656428 -0.046800782049992988
    outer loop
      vertex 0.88716736913410998 0.016300288118014841 -0.17999999999999999
      vertex 0.88681439099125647 -0.0014337705648007567 -0
      vertex 0.83759161975205421 0.094143935480667462 -0
    endloop
  endfacet
  facet normal -0.77981424386944231 -0.6235983833808062 0.054907206295482944
    outer loop
      vertex 0.88716736913410998 0.016300288118014841 -0.17999999999999999
      vertex 0.83759161975205421 0.094143935480667462 -0
      vertex 0.81946722096784841 0.10095980818589098 -0.17999999999999999
    endloop
  endfacet
  facet normal 0.0084035596676404149 -0.99921621717890241 -0.038682444488386446
    outer loop
      vertex 0.81946722096784841 0.10095980818589098 -0.17999999999999999
      vertex 0.83759161975205421 0.094143935480667462 -0
      vertex 0.72783448623668723 0.093220861370591823 -0
    endloop
  endfacet
  facet normal 0.20388981642151208 -0.97704210697331839 0.061787247557573491
    outer loop
      vertex 0.81946722096784841 0.10095980818589098 -0.17999999999999999
      vertex 0.72783448623668723 0.093220861370591823 -0
      vertex 0.70000452362037158 0.076030250639134322 -0.18000000000000002
    endloop
  endfacet
  facet normal 0.81144238412950309 -0.5802197613254344 -0.070044884222074388
    outer loop
      vertex 0.70000452362037158 0.076030250639134322 -0.18000000000000002
      vertex 0.72783448623668723 0.093220861370591823 -0
      vertex 0.67283263086589018 0.016300288118015087 -0
    endloop
  endfacet
  facet normal 0.98267939066286569 -0.15870459559994368 0.095676885933424938
    outer loop
      vertex 0.70000452362037158 0.076030250639134322 -0.18000000000000002
      vertex 0.67283263086589018 0.016300288118015087 -0
      vertex 0.68070309542351004 -0.04348182541458314 -0.17999999999999999
    endloop
  endfacet
  facet normal 0.90811963051670697 0.40763300917403877 -0.095676885933424757
    outer loop
      vertex 0.68070309542351004 -0.04348182541458314 -0.17999999999999999
      vertex 0.67283263086589018 0.016300288118015087 -0
      vertex 0.72240838024794596 -0.09414393548066749 -0
    endloop
  endfacet
  facet normal 0.63362123080040011 0.77046599540362748 0.070044884222074874
    outer loop
      vertex 0.68070309542351004 -0.04348182541458314 -0.17999999999999999
      vertex 0.72240838024794596 -0.09414393548066749 -0
      vertex 0.75373931733794974 -0.10354586600627069 -0.18000000000000002
    endloop
  endfacet
  facet normal -0.055934665752911721 0.99652077208975898 -0.061787247557573567
    outer loop
      vertex 0.75373931733794974 -0.10354586600627069 -0.18000000000000002
      vertex 0.72240838024794596 -0.09414393548066749 -0
      vertex 0.8442527291731079 -0.087304817700194159 -0
    endloop
  endfacet
  facet normal -0.19704978401507722 0.98033581937923386 0.010633149188168853
    outer loop
      vertex 0.75373931733794974 -0.10354586600627069 -0.18000000000000002
      vertex 0.8442527291731079 -0.087304817700194159 -0
      vertex 0.84770014816626194 -0.084659520067875693 -0.18000000000000002
    endloop
  endfacet
  facet normal -0.8959314494382169 0.44406505609637664 -0.010633149188167913
    outer loop
      vertex 0.84770014816626194 -0.084659520067875693 -0.18000000000000002
      vertex 0.8442527291731079 -0.087304817700194159 -0
      vertex 0.88681439099125647 -0.0014337705648007567 -0
    endloop
  endfacet
  facet normal -0.9308248900211038 0.36387818357572799 0.034024867888482441
    outer loop
      vertex 0.84770014816626194 -0.084659520067875693 -0.18000000000000002
      vertex 0.88681439099125647 -0.0014337705648007567 -0
      vertex 0.88716736913410998 0.016300288118014841 -0.17999999999999999
    endloop
  endfacet
  facet normal -0.96085734116431487 -0.27498041948123597 -0.033748167840150334
    outer loop
      vertex 0.49469243401148683 0.68993891478245606 -0.17999999999999999
      vertex 0.49716736913410997 0.65919952683384719 -0
      vertex 0.47423871543289003 0.73931855957586712 -0
    endloop
  endfacet
  facet normal -0.87386926099886664 -0.48498822238145917 0.033748167840150778
    outer loop
      vertex 0.49469243401148683 0.68993891478245606 -0.17999999999999999
      vertex 0.47423871543289003 0.73931855957586712 -0
      vertex 0.45425272917310816 0.76280463265205611 -0.17999999999999999
    endloop
  endfacet
  facet normal -0.49509015987244936 -0.86689420028375197 -0.058139307803470215
    outer loop
      vertex 0.45425272917310816 0.76280463265205611 -0.17999999999999999
      vertex 0.47423871543289003 0.73931855957586712 -0
      vertex 0.39280383801003899 0.78582666456639061 -0
    endloop
  endfacet
  facet normal -0.16349908454849488 -0.98405374017180591 0.070044884222075748
    outer loop
      vertex 0.45425272917310816 0.76280463265205611 -0.17999999999999999
      vertex 0.39280383801003899 0.78582666456639061 -0
      vertex 0.36096948530292183 0.77830350670117732 -0.17999999999999997
    endloop
  endfacet
  facet normal 0.546701227539095 -0.83504497115215659 -0.061787247557573935
    outer loop
      vertex 0.36096948530292183 0.77830350670117732 -0.17999999999999997
      vertex 0.39280383801003899 0.78582666456639061 -0
      vertex 0.29070309542351003 0.7189816403664453 -0
    endloop
  endfacet
  facet normal 0.61926567173886748 -0.78499819173810126 -0.016966637077527016
    outer loop
      vertex 0.36096948530292183 0.77830350670117732 -0.17999999999999997
      vertex 0.29070309542351003 0.7189816403664453 -0
      vertex 0.29677913862940802 0.72766532871517453 -0.17999999999999997
    endloop
  endfacet
  facet normal 0.99752053537613217 -0.063367971590332278 0.030615056417412818
    outer loop
      vertex 0.29677913862940802 0.72766532871517453 -0.17999999999999997
      vertex 0.29070309542351003 0.7189816403664453 -0
      vertex 0.29070309542351014 0.63201798953727883 -0.17999999999999999
    endloop
  endfacet
  facet normal 0.99244532446395273 0.11047050406894555 -0.053371768570964907
    outer loop
      vertex 0.29070309542351014 0.63201798953727883 -0.17999999999999999
      vertex 0.29070309542351003 0.7189816403664453 -0
      vertex 0.30269518229980608 0.61124708577875442 -0
    endloop
  endfacet
  facet normal 0.59189292512455516 0.80424761081840035 0.05337176857096447
    outer loop
      vertex 0.29070309542351014 0.63201798953727883 -0.17999999999999999
      vertex 0.30269518229980608 0.61124708577875442 -0
      vertex 0.37800791312370408 0.56776526036417085 -0.18000000000000002
    endloop
  endfacet
  facet normal 0.48524840838088934 0.87433807351131343 -0.0081801816812633668
    outer loop
      vertex 0.37800791312370408 0.56776526036417085 -0.18000000000000002
      vertex 0.30269518229980608 0.61124708577875442 -0
      vertex 0.37556090016940669 0.5708073809403752 -0
    endloop
  endfacet
  facet normal -0.1697042436750423 0.98531264448676625 -0.018959490846997645
    outer loop
      vertex 0.37800791312370408 0.56776526036417085 -0.18000000000000002
      vertex 0.37556090016940669 0.5708073809403752 -0
      vertex 0.44216551376331248 0.58227895358127013 -0
    endloop
  endfacet
  facet normal -0.40016953940985683 0.91384380003217847 0.068948160753213167
    outer loop
      vertex 0.37800791312370408 0.56776526036417085 -0.18000000000000002
      vertex 0.44216551376331248 0.58227895358127013 -0
      vertex 0.47730481770019406 0.61124708577875408 -0.17999999999999999
    endloop
  endfacet
  facet normal -0.81171728345567296 0.58041632737194648 -0.065053352407111575
    outer loop
      vertex 0.47730481770019406 0.61124708577875408 -0.17999999999999999
      vertex 0.44216551376331248 0.58227895358127013 -0
      vertex 0.49716736913410997 0.65919952683384719 -0
    endloop
  endfacet
  facet normal -0.97521619491712375 0.21548215656520239 0.050207702331177329
    outer loop
      vertex 0.47730481770019406 0.61124708577875408 -0.17999999999999999
      vertex 0.49716736913410997 0.65919952683384719 -0
      vertex 0.49469243401148683 0.68993891478245606 -0.17999999999999999
    endloop
  endfacet
  facet normal -0.90710033418229941 -0.41860901308512127 0.043994066534724284
    outer loop
      vertex -0.28226544541230858 0.66350772807556602 -0.17999999999999999
      vertex -0.28513776014094644 0.68864911131743722 -0
      vertex -0.31345699091273482 0.75001516626105436 -0
    endloop
  endfacet
  facet normal -0.93624436854106696 -0.35128771995363234 0.0065893994352414385
    outer loop
      vertex -0.28226544541230858 0.66350772807556602 -0.17999999999999999
      vertex -0.31345699091273482 0.75001516626105436 -0
      vertex -0.31548464869080722 0.75204282403912681 -0.17999999999999999
    endloop
  endfacet
  facet normal -0.35128771995363622 -0.93624436854106563 -0.0065893994352417603
    outer loop
      vertex -0.31548464869080722 0.75204282403912681 -0.17999999999999999
      vertex -0.31345699091273482 0.75001516626105436 -0
      vertex -0.40199208687629612 0.78323436953955361 -0
    endloop
  endfacet
  facet normal -0.31951779092232407 -0.94752061582978775 0.010633149188168475
    outer loop
      vertex -0.31548464869080722 0.75204282403912681 -0.17999999999999999
      vertex -0.40199208687629612 0.78323436953955361 -0
      vertex -0.40630028811801489 0.7826671840859718 -0.17999999999999999
    endloop
  endfacet
  facet normal 0.51456821302090572 -0.85739554510067661 -0.0096142285174373541
    outer loop
      vertex -0.40630028811801489 0.7826671840859718 -0.17999999999999999
      vertex -0.40199208687629612 0.78323436953955361 -0
      vertex -0.47344675752267606 0.74035065921867982 -0
    endloop
  endfacet
  facet normal 0.6237807534583496 -0.78004229895732202 0.049311088533002485
    outer loop
      vertex -0.40630028811801489 0.7826671840859718 -0.17999999999999999
      vertex -0.47344675752267606 0.74035065921867982 -0
      vertex -0.49095980818589069 0.71496703591971045 -0.17999999999999999
    endloop
  endfacet
  facet normal 0.95230307726282626 -0.30099507581084362 -0.050207702331177134
    outer loop
      vertex -0.49095980818589069 0.71496703591971045 -0.17999999999999999
      vertex -0.47344675752267606 0.74035065921867982 -0
      vertex -0.49773455458769122 0.66350772807556602 -0
    endloop
  endfacet
  facet normal 0.98546543947768506 0.14989050047249658 0.079941888038485037
    outer loop
      vertex -0.49095980818589069 0.71496703591971045 -0.17999999999999999
      vertex -0.49773455458769122 0.66350772807556602 -0
      vertex -0.47465952006787571 0.60779966678560049 -0.17999999999999999
    endloop
  endfacet
  facet normal 0.8563933021039607 0.51396671422518725 -0.049282134491506854
    outer loop
      vertex -0.47465952006787571 0.60779966678560049 -0.17999999999999999
      vertex -0.49773455458769122 0.66350772807556602 -0
      vertex -0.4548508442668171 0.59205305742918557 -0
    endloop
  endfacet
  facet normal 0.34541552569859035 0.93741806933518446 0.043994066534723444
    outer loop
      vertex -0.47465952006787571 0.60779966678560049 -0.17999999999999999
      vertex -0.4548508442668171 0.59205305742918557 -0
      vertex -0.39143377056480039 0.56868542396060573 -0
    endloop
  endfacet
  facet normal 0.46103005434485506 0.88715034105788548 -0.020385321965994744
    outer loop
      vertex -0.47465952006787571 0.60779966678560049 -0.17999999999999999
      vertex -0.39143377056480039 0.56868542396060573 -0
      vertex -0.40314929636557467 0.57063757509280877 -0.18000000000000002
    endloop
  endfacet
  facet normal -0.1893147068033201 0.98164780404210339 0.022968034467254081
    outer loop
      vertex -0.40314929636557467 0.57063757509280877 -0.18000000000000002
      vertex -0.39143377056480039 0.56868542396060573 -0
      vertex -0.33535112277205636 0.58371272414607045 -0.18000000000000002
    endloop
  endfacet
  facet normal -0.4130589336610257 0.90917272726489662 -0.052794595561724875
    outer loop
      vertex -0.33535112277205636 0.58371272414607045 -0.18000000000000002
      vertex -0.39143377056480039 0.56868542396060573 -0
      vertex -0.30534047993212371 0.60779966678560082 -0
    endloop
  endfacet
  facet normal -0.83084762125337952 0.55274273557203712 0.064557714720566928
    outer loop
      vertex -0.33535112277205636 0.58371272414607045 -0.18000000000000002
      vertex -0.30534047993212371 0.60779966678560082 -0
      vertex -0.28226544541230858 0.66350772807556602 -0.17999999999999999
    endloop
  endfacet
  facet normal -0.96899086021324854 0.24213216234765181 -0.049282134491507083
    outer loop
      vertex -0.28226544541230858 0.66350772807556602 -0.17999999999999999
      vertex -0.30534047993212371 0.60779966678560082 -0
      vertex -0.28513776014094644 0.68864911131743722 -0
    endloop
  endfacet
  facet normal -0.95486326022313617 -0.29556792521851916 0.029593172490680292
    outer loop
      vertex -0.6751377601409464 -0.013149296365574888 -0.17999999999999999
      vertex -0.67318560900874347 -0.0014337705648006301 0
      vertex -0.70396974936086543 0.079995476379628394 -0.17999999999999999
    endloop
  endfacet
  facet normal -0.9099934842749946 -0.41343182321789285 -0.031400416044763346
    outer loop
      vertex -0.70396974936086543 0.079995476379628394 -0.17999999999999999
      vertex -0.67318560900874347 -0.0014337705648006301 0
      vertex -0.71229985183373856 0.084659520067876137 0
    endloop
  endfacet
  facet normal -0.24240325440006225 -0.97007574591580836 0.013917953949724405
    outer loop
      vertex -0.70396974936086543 0.079995476379628394 -0.17999999999999999
      vertex -0.71229985183373856 0.084659520067876137 0
      vertex -0.79314929636557485 0.10486223985905349 -0
    endloop
  endfacet
  facet normal -0.15917410172183843 -0.98558651498419447 0.057295958167709639
    outer loop
      vertex -0.70396974936086543 0.079995476379628394 -0.17999999999999999
      vertex -0.79314929636557485 0.10486223985905349 -0
      vertex -0.82348182541458337 0.099296904576490097 -0.17999999999999999
    endloop
  endfacet
  facet normal 0.50320731990289991 -0.86220775575511588 -0.058139307803470486
    outer loop
      vertex -0.82348182541458337 0.099296904576490097 -0.17999999999999999
      vertex -0.79314929636557485 0.10486223985905349 -0
      vertex -0.8741439354806676 0.057591619752054318 -0
    endloop
  endfacet
  facet normal 0.73678504174667481 -0.67418828840647571 0.051165946037353256
    outer loop
      vertex -0.82348182541458337 0.099296904576490097 -0.17999999999999999
      vertex -0.8741439354806676 0.057591619752054318 -0
      vertex -0.87788585735327052 0.039841589744669843 -0.18000000000000002
    endloop
  endfacet
  facet normal 0.99736658816215318 -0.071217276609835053 -0.013710883635436292
    outer loop
      vertex -0.87788585735327052 0.039841589744669843 -0.18000000000000002
      vertex -0.8741439354806676 0.057591619752054318 -0
      vertex -0.88280369174931506 -0.029030514697078288 -0.18000000000000002
    endloop
  endfacet
  facet normal 0.99563188960216586 0.055884772819190298 -0.074793265566948888
    outer loop
      vertex -0.88280369174931506 -0.029030514697078288 -0.18000000000000002
      vertex -0.8741439354806676 0.057591619752054318 -0
      vertex -0.86730481770019385 -0.064252729173107939 0
    endloop
  endfacet
  facet normal 0.74894767154119968 0.65947682807136854 0.064557714720565651
    outer loop
      vertex -0.88280369174931506 -0.029030514697078288 -0.18000000000000002
      vertex -0.86730481770019385 -0.064252729173107939 0
      vertex -0.81946722096784841 -0.1009598081858909 -0.17999999999999999
    endloop
  endfacet
  facet normal 0.48467499814027898 0.87330488227060854 -0.049282134491507826
    outer loop
      vertex -0.81946722096784841 -0.1009598081858909 -0.17999999999999999
      vertex -0.86730481770019385 -0.064252729173107939 0
      vertex -0.79443909983059369 -0.10469243401148673 0
    endloop
  endfacet
  facet normal -0.21548240628858162 0.97521732510017145 0.05018467300430636
    outer loop
      vertex -0.81946722096784841 -0.1009598081858909 -0.17999999999999999
      vertex -0.79443909983059369 -0.10469243401148673 0
      vertex -0.71574727082689205 -0.087304817700193771 -0
    endloop
  endfacet
  facet normal -0.1503615597496859 0.98856245120392028 0.011648236748038297
    outer loop
      vertex -0.81946722096784841 -0.1009598081858909 -0.17999999999999999
      vertex -0.71574727082689205 -0.087304817700193771 -0
      vertex -0.71229985183373834 -0.084659520067875804 -0.18000000000000002
    endloop
  endfacet
  facet normal -0.89593144943821623 0.44406505609637759 -0.010633149188167462
    outer loop
      vertex -0.71229985183373834 -0.084659520067875804 -0.18000000000000002
      vertex -0.71574727082689205 -0.087304817700193771 -0
      vertex -0.67318560900874347 -0.0014337705648006301 0
    endloop
  endfacet
  facet normal -0.88715034105788404 0.46103005434485778 -0.020385321965995431
    outer loop
      vertex -0.71229985183373834 -0.084659520067875804 -0.18000000000000002
      vertex -0.67318560900874347 -0.0014337705648006301 0
      vertex -0.6751377601409464 -0.013149296365574888 -0.17999999999999999
    endloop
  endfacet
  facet normal -0.94559752208758718 -0.31886929562419913 -0.064557714720566761
    outer loop
      vertex -0.29070309542351047 -0.63201798953727872 -0.17999999999999997
      vertex -0.2828326308658905 -0.69180010306987738 0
      vertex -0.31345699091273593 -0.60098446364266911 0
    endloop
  endfacet
  facet normal -0.67448189439729145 -0.73710590834420975 0.041821693106550012
    outer loop
      vertex -0.29070309542351047 -0.63201798953727872 -0.17999999999999997
      vertex -0.31345699091273593 -0.60098446364266911 0
      vertex -0.35015841025533068 -0.57761395759859147 -0.17999999999999999
    endloop
  endfacet
  facet normal -0.35085822062175642 -0.93509967629047896 -0.049870877509588775
    outer loop
      vertex -0.35015841025533068 -0.57761395759859147 -0.17999999999999999
      vertex -0.31345699091273593 -0.60098446364266911 0
      vertex -0.40199208687629656 -0.56776526036417085 0
    endloop
  endfacet
  facet normal -0.071182679997606191 -0.99688207784747307 0.034046276372945911
    outer loop
      vertex -0.35015841025533068 -0.57761395759859147 -0.17999999999999999
      vertex -0.40199208687629656 -0.56776526036417085 0
      vertex -0.41903051469707858 -0.57269612320254693 -0.17999999999999997
    endloop
  endfacet
  facet normal 0.51442839689783804 -0.85716257750179137 -0.025213888942523261
    outer loop
      vertex -0.41903051469707858 -0.57269612320254693 -0.17999999999999997
      vertex -0.40199208687629656 -0.56776526036417085 0
      vertex -0.47344675752267673 -0.61064897068504465 0
    endloop
  endfacet
  facet normal 0.66028595645276233 -0.74986657390657097 0.041503940160925831
    outer loop
      vertex -0.41903051469707858 -0.57269612320254693 -0.17999999999999997
      vertex -0.47344675752267673 -0.61064897068504465 0
      vertex -0.49095980818589124 -0.63603259398401368 -0.17999999999999999
    endloop
  endfacet
  facet normal 0.95230307726282704 -0.30099507581084128 -0.050207702331177509
    outer loop
      vertex -0.49095980818589124 -0.63603259398401368 -0.17999999999999999
      vertex -0.47344675752267673 -0.61064897068504465 0
      vertex -0.49773455458769161 -0.68749190182815823 0
    endloop
  endfacet
  facet normal 0.99775739488464144 0.04426474420616839 0.050207702331177606
    outer loop
      vertex -0.49095980818589124 -0.63603259398401368 -0.17999999999999999
      vertex -0.49773455458769161 -0.68749190182815823 0
      vertex -0.48738801179846514 -0.71654331018691053 -0.17999999999999999
    endloop
  endfacet
  facet normal 0.80441574266318339 0.59201666319735435 -0.049311088533001375
    outer loop
      vertex -0.48738801179846514 -0.71654331018691053 -0.17999999999999999
      vertex -0.49773455458769161 -0.68749190182815823 0
      vertex -0.43348182541458369 -0.77479671952835194 0
    endloop
  endfacet
  facet normal 0.67905767964761854 0.73329923932020058 0.03395428285220372
    outer loop
      vertex -0.48738801179846514 -0.71654331018691053 -0.17999999999999999
      vertex -0.43348182541458369 -0.77479671952835194 0
      vertex -0.41584639031977472 -0.78279305500402541 -0.17999999999999999
    endloop
  endfacet
  facet normal -0.06331685656579987 0.9967158972386474 -0.05048163890350333
    outer loop
      vertex -0.41584639031977472 -0.78279305500402541 -0.17999999999999999
      vertex -0.43348182541458369 -0.77479671952835194 0
      vertex -0.33783448623668783 -0.76872067632245411 0
    endloop
  endfacet
  facet normal -0.35436749318025795 0.93161324337036244 0.080749269681486963
    outer loop
      vertex -0.41584639031977472 -0.78279305500402541 -0.17999999999999999
      vertex -0.33783448623668783 -0.76872067632245411 0
      vertex -0.30269518229980652 -0.73975254412497016 -0.17999999999999999
    endloop
  endfacet
  facet normal -0.81171728345567273 0.58041632737194715 -0.065053352407110188
    outer loop
      vertex -0.30269518229980652 -0.73975254412497016 -0.17999999999999999
      vertex -0.33783448623668783 -0.76872067632245411 0
      vertex -0.2828326308658905 -0.69180010306987738 0
    endloop
  endfacet
  facet normal -0.99068103510903338 0.11027411850537078 0.079941888038484621
    outer loop
      vertex -0.30269518229980652 -0.73975254412497016 -0.17999999999999999
      vertex -0.2828326308658905 -0.69180010306987738 0
      vertex -0.29070309542351047 -0.63201798953727872 -0.17999999999999997
    endloop
  endfacet
  facet normal -0.95768175380948373 -0.28773506443270958 0.0073614615597652026
    outer loop
      vertex 0.49500000000000011 -0.67549981495186218 -0.17999999999999999
      vertex 0.49681439099125635 -0.67693358551666294 -0
      vertex 0.47465952006787593 -0.60779966678560049 -0.17999999999999999
    endloop
  endfacet
  facet normal -0.90944666719522804 -0.41318339112891084 -0.046757296999567377
    outer loop
      vertex 0.47465952006787593 -0.60779966678560049 -0.17999999999999999
      vertex 0.49681439099125635 -0.67693358551666294 -0
      vertex 0.45770014816626164 -0.59084029488398615 -0
    endloop
  endfacet
  facet normal -0.41318339112891317 -0.90944666719522704 0.046757296999567474
    outer loop
      vertex 0.47465952006787593 -0.60779966678560049 -0.17999999999999999
      vertex 0.45770014816626164 -0.59084029488398615 -0
      vertex 0.38856622943519958 -0.56868542396060573 -0.17999999999999999
    endloop
  endfacet
  facet normal -0.24234293446697183 -0.96983435103754068 -0.026291322932280009
    outer loop
      vertex 0.38856622943519958 -0.56868542396060573 -0.17999999999999999
      vertex 0.45770014816626164 -0.59084029488398615 -0
      vertex 0.37685070363442524 -0.57063757509280866 -0
    endloop
  endfacet
  facet normal 0.4189511094059456 -0.90784163615440783 0.017422158075714463
    outer loop
      vertex 0.38856622943519958 -0.56868542396060573 -0.17999999999999999
      vertex 0.37685070363442524 -0.57063757509280866 -0
      vertex 0.31548464869080772 -0.59895680586459721 -0
    endloop
  endfacet
  facet normal 0.49199044165011968 -0.86894795522774526 0.053617687664059305
    outer loop
      vertex 0.38856622943519958 -0.56868542396060573 -0.17999999999999999
      vertex 0.31548464869080772 -0.59895680586459721 -0
      vertex 0.29305222650929375 -0.62276458508938815 -0.18000000000000002
    endloop
  endfacet
  facet normal 0.93396507995212308 -0.35043250937140563 -0.070044884222075415
    outer loop
      vertex 0.29305222650929375 -0.62276458508938815 -0.18000000000000002
      vertex 0.31548464869080772 -0.59895680586459721 -0
      vertex 0.28226544541230891 -0.68749190182815845 -0
    endloop
  endfacet
  facet normal 0.99589013772083657 0.047860648368441665 0.076890779213932073
    outer loop
      vertex 0.29305222650929375 -0.62276458508938815 -0.18000000000000002
      vertex 0.28226544541230891 -0.68749190182815845 -0
      vertex 0.29821290919420879 -0.73014869217980616 -0.17999999999999999
    endloop
  endfacet
  facet normal 0.80347888696574277 0.59132717621384523 -0.068948160753213542
    outer loop
      vertex 0.29821290919420879 -0.73014869217980616 -0.17999999999999999
      vertex 0.28226544541230891 -0.68749190182815845 -0
      vertex 0.34651817458541695 -0.77479671952835227 -0
    endloop
  endfacet
  facet normal 0.59762021475016125 0.80086539243141552 0.038271427039581134
    outer loop
      vertex 0.29821290919420879 -0.73014869217980616 -0.17999999999999999
      vertex 0.34651817458541695 -0.77479671952835227 -0
      vertex 0.36373931733794967 -0.77904568095813287 -0.18000000000000002
    endloop
  endfacet
  facet normal -0.11056412594603014 0.99328640503077537 -0.034024867888482128
    outer loop
      vertex 0.36373931733794967 -0.77904568095813287 -0.18000000000000002
      vertex 0.34651817458541695 -0.77479671952835227 -0
      vertex 0.45425272917310816 -0.76280463265205611 -0
    endloop
  endfacet
  facet normal -0.25049897186546388 0.96734375150860841 0.038682444488387202
    outer loop
      vertex 0.36373931733794967 -0.77904568095813287 -0.18000000000000002
      vertex 0.45425272917310816 -0.76280463265205611 -0
      vertex 0.46999547637962896 -0.75153006559099622 -0.18000000000000002
    endloop
  endfacet
  facet normal -0.89483971564736997 0.44352394234556308 -0.050481638903504385
    outer loop
      vertex 0.46999547637962896 -0.75153006559099622 -0.18000000000000002
      vertex 0.45425272917310816 -0.76280463265205611 -0
      vertex 0.49681439099125635 -0.67693358551666294 -0
    endloop
  endfacet
  facet normal -0.94987679680929771 0.31239166782432543 0.012063032671942562
    outer loop
      vertex 0.46999547637962896 -0.75153006559099622 -0.18000000000000002
      vertex 0.49681439099125635 -0.67693358551666294 -0
      vertex 0.49500000000000011 -0.67549981495186218 -0.17999999999999999
    endloop
  endfacet
endsolid line_w_1e_02
