solid cylinder
  facet normal 0.99785892323860337 0.065403129230143742 0
    outer loop
      vertex 0.65000000000000002 0 -0.84999999999999998
      vertex 0.64443915989297673 0.084842024943033528 -0.84999999999999998
      vertex 0.64443915989297673 0.084842024943033528 -0.74375000000000002
    endloop
  endfacet
  facet normal 0.99785892323860337 0.065403129230143742 -0
    outer loop
      vertex 0.65000000000000002 0 -0.84999999999999998
      vertex 0.64443915989297673 0.084842024943033528 -0.74375000000000002
      vertex 0.65000000000000002 0 -0.74375000000000002
    endloop
  endfacet
  facet normal 0.98078528040323076 0.195090322016127 0
    outer loop
      vertex 0.64443915989297673 0.084842024943033528 -0.84999999999999998
      vertex 0.62785178708789446 0.16823237931663848 -0.84999999999999998
      vertex 0.62785178708789446 0.16823237931663848 -0.74375000000000002
    endloop
  endfacet
  facet normal 0.98078528040323076 0.195090322016127 -0
    outer loop
      vertex 0.64443915989297673 0.084842024943033528 -0.84999999999999998
      vertex 0.62785178708789446 0.16823237931663848 -0.74375000000000002
      vertex 0.64443915989297673 0.084842024943033528 -0.74375000000000002
    endloop
  endfacet
  facet normal 0.94693012949510535 0.32143946530316203 0
    outer loop
      vertex 0.62785178708789446 0.16823237931663848 -0.84999999999999998
      vertex 0.60052169613233641 0.24874423103730836 -0.84999999999999998
      vertex 0.60052169613233641 0.24874423103730836 -0.74375000000000002
    endloop
  endfacet
  facet normal 0.94693012949510535 0.32143946530316203 -0
    outer loop
      vertex 0.62785178708789446 0.16823237931663848 -0.84999999999999998
      vertex 0.60052169613233641 0.24874423103730836 -0.74375000000000002
      vertex 0.62785178708789446 0.16823237931663848 -0.74375000000000002
    endloop
  endfacet
  facet normal 0.89687274153268826 0.4422886902190013 0
    outer loop
      vertex 0.60052169613233641 0.24874423103730836 -0.84999999999999998
      vertex 0.56291651245988517 0.32499999999999996 -0.84999999999999998
      vertex 0.56291651245988517 0.32499999999999996 -0.74375000000000002
    endloop
  endfacet
  facet normal 0.89687274153268826 0.4422886902190013 -0
    outer loop
      vertex 0.60052169613233641 0.24874423103730836 -0.84999999999999998
      vertex 0.56291651245988517 0.32499999999999996 -0.74375000000000002
      vertex 0.60052169613233641 0.24874423103730836 -0.74375000000000002
    endloop
  endfacet
  facet normal 0.83146961230254557 0.55557023301960184 0
    outer loop
      vertex 0.56291651245988517 0.32499999999999996 -0.84999999999999998
      vertex 0.51567967118930291 0.39569492885566843 -0.84999999999999998
      vertex 0.51567967118930291 0.39569492885566843 -0.74375000000000002
    endloop
  endfacet
  facet normal 0.83146961230254557 0.55557023301960184 -0
    outer loop
      vertex 0.56291651245988517 0.32499999999999996 -0.84999999999999998
      vertex 0.51567967118930291 0.39569492885566843 -0.74375000000000002
      vertex 0.56291651245988517 0.32499999999999996 -0.74375000000000002
    endloop
  endfacet
  facet normal 0.75183980747897738 0.65934581510006884 0
    outer loop
      vertex 0.51567967118930291 0.39569492885566843 -0.84999999999999998
      vertex 0.45961940777125593 0.45961940777125593 -0.84999999999999998
      vertex 0.45961940777125593 0.45961940777125593 -0.74375000000000002
    endloop
  endfacet
  facet normal 0.75183980747897738 0.65934581510006884 -0
    outer loop
      vertex 0.51567967118930291 0.39569492885566843 -0.84999999999999998
      vertex 0.45961940777125593 0.45961940777125593 -0.74375000000000002
      vertex 0.51567967118930291 0.39569492885566843 -0.74375000000000002
    endloop
  endfacet
  facet normal 0.65934581510006884 0.75183980747897738 0
    outer loop
      vertex 0.45961940777125593 0.45961940777125593 -0.84999999999999998
      vertex 0.39569492885566843 0.51567967118930291 -0.84999999999999998
      vertex 0.39569492885566843 0.51567967118930291 -0.74375000000000002
    endloop
  endfacet
  facet normal 0.65934581510006884 0.75183980747897738 -0
    outer loop
      vertex 0.45961940777125593 0.45961940777125593 -0.84999999999999998
      vertex 0.39569492885566843 0.51567967118930291 -0.74375000000000002
      vertex 0.45961940777125593 0.45961940777125593 -0.74375000000000002
    endloop
  endfacet
  facet normal 0.55557023301960151 0.83146961230254568 0
    outer loop
      vertex 0.39569492885566843 0.51567967118930291 -0.84999999999999998
      vertex 0.32500000000000007 0.56291651245988505 -0.84999999999999998
      vertex 0.32500000000000007 0.56291651245988505 -0.74375000000000002
    endloop
  endfacet
  facet normal 0.55557023301960151 0.83146961230254568 -0
    outer loop
      vertex 0.39569492885566843 0.51567967118930291 -0.84999999999999998
      vertex 0.32500000000000007 0.56291651245988505 -0.74375000000000002
      vertex 0.39569492885566843 0.51567967118930291 -0.74375000000000002
    endloop
  endfacet
  facet normal 0.44228869021900213 0.89687274153268792 0
    outer loop
      vertex 0.32500000000000007 0.56291651245988505 -0.84999999999999998
      vertex 0.24874423103730842 0.60052169613233641 -0.84999999999999998
      vertex 0.24874423103730842 0.60052169613233641 -0.74375000000000002
    endloop
  endfacet
  facet normal 0.44228869021900213 0.89687274153268792 -0
    outer loop
      vertex 0.32500000000000007 0.56291651245988505 -0.84999999999999998
      vertex 0.24874423103730842 0.60052169613233641 -0.74375000000000002
      vertex 0.32500000000000007 0.56291651245988505 -0.74375000000000002
    endloop
  endfacet
  facet normal 0.32143946530316192 0.94693012949510558 0
    outer loop
      vertex 0.24874423103730842 0.60052169613233641 -0.84999999999999998
      vertex 0.16823237931663848 0.62785178708789446 -0.84999999999999998
      vertex 0.16823237931663848 0.62785178708789446 -0.74375000000000002
    endloop
  endfacet
  facet normal 0.32143946530316192 0.94693012949510558 -0
    outer loop
      vertex 0.24874423103730842 0.60052169613233641 -0.84999999999999998
      vertex 0.16823237931663848 0.62785178708789446 -0.74375000000000002
      vertex 0.24874423103730842 0.60052169613233641 -0.74375000000000002
    endloop
  endfacet
  facet normal 0.19509032201612719 0.98078528040323076 0
    outer loop
      vertex 0.16823237931663848 0.62785178708789446 -0.84999999999999998
      vertex 0.084842024943033612 0.64443915989297673 -0.84999999999999998
      vertex 0.084842024943033612 0.64443915989297673 -0.74375000000000002
    endloop
  endfacet
  facet normal 0.19509032201612719 0.98078528040323076 -0
    outer loop
      vertex 0.16823237931663848 0.62785178708789446 -0.84999999999999998
      vertex 0.084842024943033612 0.64443915989297673 -0.74375000000000002
      vertex 0.16823237931663848 0.62785178708789446 -0.74375000000000002
    endloop
  endfacet
  facet normal 0.065403129230143714 0.99785892323860337 0
    outer loop
      vertex 0.084842024943033612 0.64443915989297673 -0.84999999999999998
      vertex 3.9801020972288984e-17 0.65000000000000002 -0.84999999999999998
      vertex 3.9801020972288984e-17 0.65000000000000002 -0.74375000000000002
    endloop
  endfacet
  facet normal 0.065403129230143714 0.99785892323860337 -0
    outer loop
      vertex 0.084842024943033612 0.64443915989297673 -0.84999999999999998
      vertex 3.9801020972288984e-17 0.65000000000000002 -0.74375000000000002
      vertex 0.084842024943033612 0.64443915989297673 -0.74375000000000002
    endloop
  endfacet
  facet normal -0.065403129230143714 0.99785892323860337 0
    outer loop
      vertex 3.9801020972288984e-17 0.65000000000000002 -0.84999999999999998
      vertex -0.084842024943033542 0.64443915989297673 -0.84999999999999998
      vertex -0.084842024943033542 0.64443915989297673 -0.74375000000000002
    endloop
  endfacet
  facet normal -0.065403129230143714 0.99785892323860337 0
    outer loop
      vertex 3.9801020972288984e-17 0.65000000000000002 -0.84999999999999998
      vertex -0.084842024943033542 0.64443915989297673 -0.74375000000000002
      vertex 3.9801020972288984e-17 0.65000000000000002 -0.74375000000000002
    endloop
  endfacet
  facet normal -0.19509032201612717 0.98078528040323076 0
    outer loop
      vertex -0.084842024943033542 0.64443915989297673 -0.84999999999999998
      vertex -0.16823237931663843 0.62785178708789446 -0.84999999999999998
      vertex -0.16823237931663843 0.62785178708789446 -0.74375000000000002
    endloop
  endfacet
  facet normal -0.19509032201612717 0.98078528040323076 0
    outer loop
      vertex -0.084842024943033542 0.64443915989297673 -0.84999999999999998
      vertex -0.16823237931663843 0.62785178708789446 -0.74375000000000002
      vertex -0.084842024943033542 0.64443915989297673 -0.74375000000000002
    endloop
  endfacet
  facet normal -0.32143946530316131 0.94693012949510569 0
    outer loop
      vertex -0.16823237931663843 0.62785178708789446 -0.84999999999999998
      vertex -0.24874423103730819 0.60052169613233652 -0.84999999999999998
      vertex -0.24874423103730819 0.60052169613233652 -0.74375000000000002
    endloop
  endfacet
  facet normal -0.32143946530316131 0.94693012949510569 0
    outer loop
      vertex -0.16823237931663843 0.62785178708789446 -0.84999999999999998
      vertex -0.24874423103730819 0.60052169613233652 -0.74375000000000002
      vertex -0.16823237931663843 0.62785178708789446 -0.74375000000000002
    endloop
  endfacet
  facet normal -0.44228869021900213 0.89687274153268792 0
    outer loop
      vertex -0.24874423103730819 0.60052169613233652 -0.84999999999999998
      vertex -0.32499999999999984 0.56291651245988517 -0.84999999999999998
      vertex -0.32499999999999984 0.56291651245988517 -0.74375000000000002
    endloop
  endfacet
  facet normal -0.44228869021900213 0.89687274153268792 0
    outer loop
      vertex -0.24874423103730819 0.60052169613233652 -0.84999999999999998
      vertex -0.32499999999999984 0.56291651245988517 -0.74375000000000002
      vertex -0.24874423103730819 0.60052169613233652 -0.74375000000000002
    endloop
  endfacet
  facet normal -0.55557023301960129 0.8314696123025459 0
    outer loop
      vertex -0.32499999999999984 0.56291651245988517 -0.84999999999999998
      vertex -0.39569492885566843 0.51567967118930291 -0.84999999999999998
      vertex -0.39569492885566843 0.51567967118930291 -0.74375000000000002
    endloop
  endfacet
  facet normal -0.55557023301960129 0.8314696123025459 0
    outer loop
      vertex -0.32499999999999984 0.56291651245988517 -0.84999999999999998
      vertex -0.39569492885566843 0.51567967118930291 -0.74375000000000002
      vertex -0.32499999999999984 0.56291651245988517 -0.74375000000000002
    endloop
  endfacet
  facet normal -0.65934581510006907 0.75183980747897705 0
    outer loop
      vertex -0.39569492885566843 0.51567967118930291 -0.84999999999999998
      vertex -0.45961940777125587 0.45961940777125593 -0.84999999999999998
      vertex -0.45961940777125587 0.45961940777125593 -0.74375000000000002
    endloop
  endfacet
  facet normal -0.65934581510006907 0.75183980747897705 0
    outer loop
      vertex -0.39569492885566843 0.51567967118930291 -0.84999999999999998
      vertex -0.45961940777125587 0.45961940777125593 -0.74375000000000002
      vertex -0.39569492885566843 0.51567967118930291 -0.74375000000000002
    endloop
  endfacet
  facet normal -0.75183980747897694 0.65934581510006951 0
    outer loop
      vertex -0.45961940777125587 0.45961940777125593 -0.84999999999999998
      vertex -0.5156796711893028 0.39569492885566859 -0.84999999999999998
      vertex -0.5156796711893028 0.39569492885566859 -0.74375000000000002
    endloop
  endfacet
  facet normal -0.75183980747897694 0.65934581510006951 0
    outer loop
      vertex -0.45961940777125587 0.45961940777125593 -0.84999999999999998
      vertex -0.5156796711893028 0.39569492885566859 -0.74375000000000002
      vertex -0.45961940777125587 0.45961940777125593 -0.74375000000000002
    endloop
  endfacet
  facet normal -0.83146961230254557 0.55557023301960184 0
    outer loop
      vertex -0.5156796711893028 0.39569492885566859 -0.84999999999999998
      vertex -0.56291651245988517 0.32499999999999996 -0.84999999999999998
      vertex -0.56291651245988517 0.32499999999999996 -0.74375000000000002
    endloop
  endfacet
  facet normal -0.83146961230254557 0.55557023301960184 0
    outer loop
      vertex -0.5156796711893028 0.39569492885566859 -0.84999999999999998
      vertex -0.56291651245988517 0.32499999999999996 -0.74375000000000002
      vertex -0.5156796711893028 0.39569492885566859 -0.74375000000000002
    endloop
  endfacet
  facet normal -0.89687274153268814 0.44228869021900169 0
    outer loop
      vertex -0.56291651245988517 0.32499999999999996 -0.84999999999999998
      vertex -0.60052169613233641 0.24874423103730844 -0.84999999999999998
      vertex -0.60052169613233641 0.24874423103730844 -0.74375000000000002
    endloop
  endfacet
  facet normal -0.89687274153268814 0.44228869021900169 0
    outer loop
      vertex -0.56291651245988517 0.32499999999999996 -0.84999999999999998
      vertex -0.60052169613233641 0.24874423103730844 -0.74375000000000002
      vertex -0.56291651245988517 0.32499999999999996 -0.74375000000000002
    endloop
  endfacet
  facet normal -0.94693012949510569 0.32143946530316131 0
    outer loop
      vertex -0.60052169613233641 0.24874423103730844 -0.84999999999999998
      vertex -0.62785178708789435 0.16823237931663867 -0.84999999999999998
      vertex -0.62785178708789435 0.16823237931663867 -0.74375000000000002
    endloop
  endfacet
  facet normal -0.94693012949510569 0.32143946530316131 0
    outer loop
      vertex -0.60052169613233641 0.24874423103730844 -0.84999999999999998
      vertex -0.62785178708789435 0.16823237931663867 -0.74375000000000002
      vertex -0.60052169613233641 0.24874423103730844 -0.74375000000000002
    endloop
  endfacet
  facet normal -0.98078528040323054 0.19509032201612841 0
    outer loop
      vertex -0.62785178708789435 0.16823237931663867 -0.84999999999999998
      vertex -0.64443915989297673 0.084842024943033792 -0.84999999999999998
      vertex -0.64443915989297673 0.084842024943033792 -0.74375000000000002
    endloop
  endfacet
  facet normal -0.98078528040323054 0.19509032201612841 0
    outer loop
      vertex -0.62785178708789435 0.16823237931663867 -0.84999999999999998
      vertex -0.64443915989297673 0.084842024943033792 -0.74375000000000002
      vertex -0.62785178708789435 0.16823237931663867 -0.74375000000000002
    endloop
  endfacet
  facet normal -0.99785892323860359 0.065403129230143617 0
    outer loop
      vertex -0.64443915989297673 0.084842024943033792 -0.84999999999999998
      vertex -0.65000000000000002 7.9602041944577967e-17 -0.84999999999999998
      vertex -0.65000000000000002 7.9602041944577967e-17 -0.74375000000000002
    endloop
  endfacet
  facet normal -0.99785892323860359 0.065403129230143617 0
    outer loop
      vertex -0.64443915989297673 0.084842024943033792 -0.84999999999999998
      vertex -0.65000000000000002 7.9602041944577967e-17 -0.74375000000000002
      vertex -0.64443915989297673 0.084842024943033792 -0.74375000000000002
    endloop
  endfacet
  facet normal -0.99785892323860348 -0.065403129230143575 0
    outer loop
      vertex -0.65000000000000002 7.9602041944577967e-17 -0.84999999999999998
      vertex -0.64443915989297673 -0.084842024943033653 -0.84999999999999998
      vertex -0.64443915989297673 -0.084842024943033653 -0.74375000000000002
    endloop
  endfacet
  facet normal -0.99785892323860348 -0.065403129230143575 0
    outer loop
      vertex -0.65000000000000002 7.9602041944577967e-17 -0.84999999999999998
      vertex -0.64443915989297673 -0.084842024943033653 -0.74375000000000002
      vertex -0.65000000000000002 7.9602041944577967e-17 -0.74375000000000002
    endloop
  endfacet
  facet normal -0.98078528040323076 -0.19509032201612717 0
    outer loop
      vertex -0.64443915989297673 -0.084842024943033653 -0.84999999999999998
      vertex -0.62785178708789446 -0.16823237931663854 -0.84999999999999998
      vertex -0.62785178708789446 -0.16823237931663854 -0.74375000000000002
    endloop
  endfacet
  facet normal -0.98078528040323076 -0.19509032201612717 0
    outer loop
      vertex -0.64443915989297673 -0.084842024943033653 -0.84999999999999998
      vertex -0.62785178708789446 -0.16823237931663854 -0.74375000000000002
      vertex -0.64443915989297673 -0.084842024943033653 -0.74375000000000002
    endloop
  endfacet
  facet normal -0.94693012949510569 -0.32143946530316131 0
    outer loop
      vertex -0.62785178708789446 -0.16823237931663854 -0.84999999999999998
      vertex -0.60052169613233652 -0.24874423103730831 -0.84999999999999998
      vertex -0.60052169613233652 -0.24874423103730831 -0.74375000000000002
    endloop
  endfacet
  facet normal -0.94693012949510569 -0.32143946530316131 0
    outer loop
      vertex -0.62785178708789446 -0.16823237931663854 -0.84999999999999998
      vertex -0.60052169613233652 -0.24874423103730831 -0.74375000000000002
      vertex -0.62785178708789446 -0.16823237931663854 -0.74375000000000002
    endloop
  endfacet
  facet normal -0.89687274153268814 -0.44228869021900163 0
    outer loop
      vertex -0.60052169613233652 -0.24874423103730831 -0.84999999999999998
      vertex -0.56291651245988528 -0.32499999999999984 -0.84999999999999998
      vertex -0.56291651245988528 -0.32499999999999984 -0.74375000000000002
    endloop
  endfacet
  facet normal -0.89687274153268814 -0.44228869021900163 0
    outer loop
      vertex -0.60052169613233652 -0.24874423103730831 -0.84999999999999998
      vertex -0.56291651245988528 -0.32499999999999984 -0.74375000000000002
      vertex -0.60052169613233652 -0.24874423103730831 -0.74375000000000002
    endloop
  endfacet
  facet normal -0.83146961230254535 -0.55557023301960218 0
    outer loop
      vertex -0.56291651245988528 -0.32499999999999984 -0.84999999999999998
      vertex -0.51567967118930291 -0.39569492885566843 -0.84999999999999998
      vertex -0.51567967118930291 -0.39569492885566843 -0.74375000000000002
    endloop
  endfacet
  facet normal -0.83146961230254535 -0.55557023301960218 0
    outer loop
      vertex -0.56291651245988528 -0.32499999999999984 -0.84999999999999998
      vertex -0.51567967118930291 -0.39569492885566843 -0.74375000000000002
      vertex -0.56291651245988528 -0.32499999999999984 -0.74375000000000002
    endloop
  endfacet
  facet normal -0.75183980747897727 -0.65934581510006895 0
    outer loop
      vertex -0.51567967118930291 -0.39569492885566843 -0.84999999999999998
      vertex -0.45961940777125615 -0.45961940777125565 -0.84999999999999998
      vertex -0.45961940777125615 -0.45961940777125565 -0.74375000000000002
    endloop
  endfacet
  facet normal -0.75183980747897727 -0.65934581510006895 0
    outer loop
      vertex -0.51567967118930291 -0.39569492885566843 -0.84999999999999998
      vertex -0.45961940777125615 -0.45961940777125565 -0.74375000000000002
      vertex -0.51567967118930291 -0.39569492885566843 -0.74375000000000002
    endloop
  endfacet
  facet normal -0.65934581510006884 -0.75183980747897727 0
    outer loop
      vertex -0.45961940777125615 -0.45961940777125565 -0.84999999999999998
      vertex -0.39569492885566859 -0.51567967118930269 -0.84999999999999998
      vertex -0.39569492885566859 -0.51567967118930269 -0.74375000000000002
    endloop
  endfacet
  facet normal -0.65934581510006884 -0.75183980747897727 0
    outer loop
      vertex -0.45961940777125615 -0.45961940777125565 -0.84999999999999998
      vertex -0.39569492885566859 -0.51567967118930269 -0.74375000000000002
      vertex -0.45961940777125615 -0.45961940777125565 -0.74375000000000002
    endloop
  endfacet
  facet normal -0.55557023301960362 -0.83146961230254424 0
    outer loop
      vertex -0.39569492885566859 -0.51567967118930269 -0.84999999999999998
      vertex -0.32500000000000029 -0.56291651245988505 -0.84999999999999998
      vertex -0.32500000000000029 -0.56291651245988505 -0.74375000000000002
    endloop
  endfacet
  facet normal -0.55557023301960362 -0.83146961230254424 0
    outer loop
      vertex -0.39569492885566859 -0.51567967118930269 -0.84999999999999998
      vertex -0.32500000000000029 -0.56291651245988505 -0.74375000000000002
      vertex -0.39569492885566859 -0.51567967118930269 -0.74375000000000002
    endloop
  endfacet
  facet normal -0.44228869021900108 -0.89687274153268826 0
    outer loop
      vertex -0.32500000000000029 -0.56291651245988505 -0.84999999999999998
      vertex -0.24874423103730819 -0.60052169613233652 -0.84999999999999998
      vertex -0.24874423103730819 -0.60052169613233652 -0.74375000000000002
    endloop
  endfacet
  facet normal -0.44228869021900108 -0.89687274153268826 0
    outer loop
      vertex -0.32500000000000029 -0.56291651245988505 -0.84999999999999998
      vertex -0.24874423103730819 -0.60052169613233652 -0.74375000000000002
      vertex -0.32500000000000029 -0.56291651245988505 -0.74375000000000002
    endloop
  endfacet
  facet normal -0.32143946530316131 -0.94693012949510569 0
    outer loop
      vertex -0.24874423103730819 -0.60052169613233652 -0.84999999999999998
      vertex -0.16823237931663843 -0.62785178708789446 -0.84999999999999998
      vertex -0.16823237931663843 -0.62785178708789446 -0.74375000000000002
    endloop
  endfacet
  facet normal -0.32143946530316131 -0.94693012949510569 0
    outer loop
      vertex -0.24874423103730819 -0.60052169613233652 -0.84999999999999998
      vertex -0.16823237931663843 -0.62785178708789446 -0.74375000000000002
      vertex -0.24874423103730819 -0.60052169613233652 -0.74375000000000002
    endloop
  endfacet
  facet normal -0.19509032201612719 -0.98078528040323076 0
    outer loop
      vertex -0.16823237931663843 -0.62785178708789446 -0.84999999999999998
      vertex -0.084842024943033556 -0.64443915989297673 -0.84999999999999998
      vertex -0.084842024943033556 -0.64443915989297673 -0.74375000000000002
    endloop
  endfacet
  facet normal -0.19509032201612719 -0.98078528040323076 0
    outer loop
      vertex -0.16823237931663843 -0.62785178708789446 -0.84999999999999998
      vertex -0.084842024943033556 -0.64443915989297673 -0.74375000000000002
      vertex -0.16823237931663843 -0.62785178708789446 -0.74375000000000002
    endloop
  endfacet
  facet normal -0.065403129230143825 -0.99785892323860337 0
    outer loop
      vertex -0.084842024943033556 -0.64443915989297673 -0.84999999999999998
      vertex -1.1940306291686693e-16 -0.65000000000000002 -0.84999999999999998
      vertex -1.1940306291686693e-16 -0.65000000000000002 -0.74375000000000002
    endloop
  endfacet
  facet normal -0.065403129230143825 -0.99785892323860337 0
    outer loop
      vertex -0.084842024943033556 -0.64443915989297673 -0.84999999999999998
      vertex -1.1940306291686693e-16 -0.65000000000000002 -0.74375000000000002
      vertex -0.084842024943033556 -0.64443915989297673 -0.74375000000000002
    endloop
  endfacet
  facet normal 0.065403129230142493 -0.99785892323860359 0
    outer loop
      vertex -1.1940306291686693e-16 -0.65000000000000002 -0.84999999999999998
      vertex 0.084842024943033334 -0.64443915989297684 -0.84999999999999998
      vertex 0.084842024943033334 -0.64443915989297684 -0.74375000000000002
    endloop
  endfacet
  facet normal 0.065403129230142493 -0.99785892323860359 0
    outer loop
      vertex -1.1940306291686693e-16 -0.65000000000000002 -0.84999999999999998
      vertex 0.084842024943033334 -0.64443915989297684 -0.74375000000000002
      vertex -1.1940306291686693e-16 -0.65000000000000002 -0.74375000000000002
    endloop
  endfacet
  facet normal 0.19509032201612847 -0.98078528040323054 0
    outer loop
      vertex 0.084842024943033334 -0.64443915989297684 -0.84999999999999998
      vertex 0.1682323793166382 -0.62785178708789446 -0.84999999999999998
      vertex 0.1682323793166382 -0.62785178708789446 -0.74375000000000002
    endloop
  endfacet
  facet normal 0.19509032201612847 -0.98078528040323054 0
    outer loop
      vertex 0.084842024943033334 -0.64443915989297684 -0.84999999999999998
      vertex 0.1682323793166382 -0.62785178708789446 -0.74375000000000002
      vertex 0.084842024943033334 -0.64443915989297684 -0.74375000000000002
    endloop
  endfacet
  facet normal 0.32143946530316131 -0.94693012949510569 0
    outer loop
      vertex 0.1682323793166382 -0.62785178708789446 -0.84999999999999998
      vertex 0.24874423103730797 -0.60052169613233652 -0.84999999999999998
      vertex 0.24874423103730797 -0.60052169613233652 -0.74375000000000002
    endloop
  endfacet
  facet normal 0.32143946530316131 -0.94693012949510569 0
    outer loop
      vertex 0.1682323793166382 -0.62785178708789446 -0.84999999999999998
      vertex 0.24874423103730797 -0.60052169613233652 -0.74375000000000002
      vertex 0.1682323793166382 -0.62785178708789446 -0.74375000000000002
    endloop
  endfacet
  facet normal 0.44228869021900108 -0.89687274153268826 0
    outer loop
      vertex 0.24874423103730797 -0.60052169613233652 -0.84999999999999998
      vertex 0.32500000000000007 -0.56291651245988505 -0.84999999999999998
      vertex 0.32500000000000007 -0.56291651245988505 -0.74375000000000002
    endloop
  endfacet
  facet normal 0.44228869021900108 -0.89687274153268826 0
    outer loop
      vertex 0.24874423103730797 -0.60052169613233652 -0.84999999999999998
      vertex 0.32500000000000007 -0.56291651245988505 -0.74375000000000002
      vertex 0.24874423103730797 -0.60052169613233652 -0.74375000000000002
    endloop
  endfacet
  facet normal 0.55557023301960151 -0.83146961230254568 0
    outer loop
      vertex 0.32500000000000007 -0.56291651245988505 -0.84999999999999998
      vertex 0.39569492885566793 -0.51567967118930325 -0.84999999999999998
      vertex 0.39569492885566793 -0.51567967118930325 -0.74375000000000002
    endloop
  endfacet
  facet normal 0.55557023301960151 -0.83146961230254568 0
    outer loop
      vertex 0.32500000000000007 -0.56291651245988505 -0.84999999999999998
      vertex 0.39569492885566793 -0.51567967118930325 -0.74375000000000002
      vertex 0.32500000000000007 -0.56291651245988505 -0.74375000000000002
    endloop
  endfacet
  facet normal 0.65934581510006851 -0.75183980747897783 0
    outer loop
      vertex 0.39569492885566793 -0.51567967118930325 -0.84999999999999998
      vertex 0.45961940777125582 -0.45961940777125598 -0.84999999999999998
      vertex 0.45961940777125582 -0.45961940777125598 -0.74375000000000002
    endloop
  endfacet
  facet normal 0.65934581510006851 -0.75183980747897783 0
    outer loop
      vertex 0.39569492885566793 -0.51567967118930325 -0.84999999999999998
      vertex 0.45961940777125582 -0.45961940777125598 -0.74375000000000002
      vertex 0.39569492885566793 -0.51567967118930325 -0.74375000000000002
    endloop
  endfacet
  facet normal 0.75183980747897716 -0.65934581510006907 0
    outer loop
      vertex 0.45961940777125582 -0.45961940777125598 -0.84999999999999998
      vertex 0.51567967118930269 -0.39569492885566865 -0.84999999999999998
      vertex 0.51567967118930269 -0.39569492885566865 -0.74375000000000002
    endloop
  endfacet
  facet normal 0.75183980747897716 -0.65934581510006907 0
    outer loop
      vertex 0.45961940777125582 -0.45961940777125598 -0.84999999999999998
      vertex 0.51567967118930269 -0.39569492885566865 -0.74375000000000002
      vertex 0.45961940777125582 -0.45961940777125598 -0.74375000000000002
    endloop
  endfacet
  facet normal 0.83146961230254501 -0.5555702330196024 0
    outer loop
      vertex 0.51567967118930269 -0.39569492885566865 -0.84999999999999998
      vertex 0.56291651245988494 -0.32500000000000029 -0.84999999999999998
      vertex 0.56291651245988494 -0.32500000000000029 -0.74375000000000002
    endloop
  endfacet
  facet normal 0.83146961230254501 -0.5555702330196024 0
    outer loop
      vertex 0.51567967118930269 -0.39569492885566865 -0.84999999999999998
      vertex 0.56291651245988494 -0.32500000000000029 -0.74375000000000002
      vertex 0.51567967118930269 -0.39569492885566865 -0.74375000000000002
    endloop
  endfacet
  facet normal 0.89687274153268781 -0.44228869021900213 0
    outer loop
      vertex 0.56291651245988494 -0.32500000000000029 -0.84999999999999998
      vertex 0.60052169613233652 -0.24874423103730822 -0.84999999999999998
      vertex 0.60052169613233652 -0.24874423103730822 -0.74375000000000002
    endloop
  endfacet
  facet normal 0.89687274153268781 -0.44228869021900213 0
    outer loop
      vertex 0.56291651245988494 -0.32500000000000029 -0.84999999999999998
      vertex 0.60052169613233652 -0.24874423103730822 -0.74375000000000002
      vertex 0.56291651245988494 -0.32500000000000029 -0.74375000000000002
    endloop
  endfacet
  facet normal 0.94693012949510591 -0.32143946530316109 0
    outer loop
      vertex 0.60052169613233652 -0.24874423103730822 -0.84999999999999998
      vertex 0.62785178708789424 -0.16823237931663904 -0.84999999999999998
      vertex 0.62785178708789424 -0.16823237931663904 -0.74375000000000002
    endloop
  endfacet
  facet normal 0.94693012949510591 -0.32143946530316109 0
    outer loop
      vertex 0.60052169613233652 -0.24874423103730822 -0.84999999999999998
      vertex 0.62785178708789424 -0.16823237931663904 -0.74375000000000002
      vertex 0.60052169613233652 -0.24874423103730822 -0.74375000000000002
    endloop
  endfacet
  facet normal 0.98078528040323043 -0.19509032201612844 0
    outer loop
      vertex 0.62785178708789424 -0.16823237931663904 -0.84999999999999998
      vertex 0.64443915989297673 -0.084842024943033598 -0.84999999999999998
      vertex 0.64443915989297673 -0.084842024943033598 -0.74375000000000002
    endloop
  endfacet
  facet normal 0.98078528040323043 -0.19509032201612844 0
    outer loop
      vertex 0.62785178708789424 -0.16823237931663904 -0.84999999999999998
      vertex 0.64443915989297673 -0.084842024943033598 -0.74375000000000002
      vertex 0.62785178708789424 -0.16823237931663904 -0.74375000000000002
    endloop
  endfacet
  facet normal 0.99785892323860337 -0.0654031292301437 0
    outer loop
      vertex 0.64443915989297673 -0.084842024943033598 -0.84999999999999998
      vertex 0.65000000000000002 0 -0.84999999999999998
      vertex 0.65000000000000002 0 -0.74375000000000002
    endloop
  endfacet
  facet normal 0.99785892323860337 -0.0654031292301437 0
    outer loop
      vertex 0.64443915989297673 -0.084842024943033598 -0.84999999999999998
      vertex 0.65000000000000002 0 -0.74375000000000002
      vertex 0.64443915989297673 -0.084842024943033598 -0.74375000000000002
    endloop
  endfacet
  facet normal 0.99785892323860359 0.065403129230143769 0
    outer loop
      vertex 0.65000000000000002 0 -0.74375000000000002
      vertex 0.64443915989297673 0.084842024943033528 -0.74375000000000002
      vertex 0.64443915989297673 0.084842024943033528 -0.63749999999999996
    endloop
  endfacet
  facet normal 0.99785892323860359 0.065403129230143769 -0
    outer loop
      vertex 0.65000000000000002 0 -0.74375000000000002
      vertex 0.64443915989297673 0.084842024943033528 -0.63749999999999996
      vertex 0.65000000000000002 0 -0.63749999999999996
    endloop
  endfacet
  facet normal 0.98078528040323054 0.19509032201612697 0
    outer loop
      vertex 0.64443915989297673 0.084842024943033528 -0.74375000000000002
      vertex 0.62785178708789446 0.16823237931663848 -0.74375000000000002
      vertex 0.62785178708789446 0.16823237931663848 -0.63749999999999996
    endloop
  endfacet
  facet normal 0.98078528040323054 0.19509032201612697 -0
    outer loop
      vertex 0.64443915989297673 0.084842024943033528 -0.74375000000000002
      vertex 0.62785178708789446 0.16823237931663848 -0.63749999999999996
      vertex 0.64443915989297673 0.084842024943033528 -0.63749999999999996
    endloop
  endfacet
  facet normal 0.94693012949510558 0.32143946530316209 0
    outer loop
      vertex 0.62785178708789446 0.16823237931663848 -0.74375000000000002
      vertex 0.60052169613233641 0.24874423103730836 -0.74375000000000002
      vertex 0.60052169613233641 0.24874423103730836 -0.63749999999999996
    endloop
  endfacet
  facet normal 0.94693012949510558 0.32143946530316209 -0
    outer loop
      vertex 0.62785178708789446 0.16823237931663848 -0.74375000000000002
      vertex 0.60052169613233641 0.24874423103730836 -0.63749999999999996
      vertex 0.62785178708789446 0.16823237931663848 -0.63749999999999996
    endloop
  endfacet
  facet normal 0.89687274153268837 0.44228869021900125 0
    outer loop
      vertex 0.60052169613233641 0.24874423103730836 -0.74375000000000002
      vertex 0.56291651245988517 0.32499999999999996 -0.74375000000000002
      vertex 0.56291651245988517 0.32499999999999996 -0.63749999999999996
    endloop
  endfacet
  facet normal 0.89687274153268837 0.44228869021900125 -0
    outer loop
      vertex 0.60052169613233641 0.24874423103730836 -0.74375000000000002
      vertex 0.56291651245988517 0.32499999999999996 -0.63749999999999996
      vertex 0.60052169613233641 0.24874423103730836 -0.63749999999999996
    endloop
  endfacet
  facet normal 0.83146961230254546 0.55557023301960184 0
    outer loop
      vertex 0.56291651245988517 0.32499999999999996 -0.74375000000000002
      vertex 0.51567967118930291 0.39569492885566843 -0.74375000000000002
      vertex 0.51567967118930291 0.39569492885566843 -0.63749999999999996
    endloop
  endfacet
  facet normal 0.83146961230254546 0.55557023301960184 -0
    outer loop
      vertex 0.56291651245988517 0.32499999999999996 -0.74375000000000002
      vertex 0.51567967118930291 0.39569492885566843 -0.63749999999999996
      vertex 0.56291651245988517 0.32499999999999996 -0.63749999999999996
    endloop
  endfacet
  facet normal 0.7518398074789775 0.65934581510006895 0
    outer loop
      vertex 0.51567967118930291 0.39569492885566843 -0.74375000000000002
      vertex 0.45961940777125593 0.45961940777125593 -0.74375000000000002
      vertex 0.45961940777125593 0.45961940777125593 -0.63749999999999996
    endloop
  endfacet
  facet normal 0.7518398074789775 0.65934581510006895 -0
    outer loop
      vertex 0.51567967118930291 0.39569492885566843 -0.74375000000000002
      vertex 0.45961940777125593 0.45961940777125593 -0.63749999999999996
      vertex 0.51567967118930291 0.39569492885566843 -0.63749999999999996
    endloop
  endfacet
  facet normal 0.65934581510006895 0.7518398074789775 0
    outer loop
      vertex 0.45961940777125593 0.45961940777125593 -0.74375000000000002
      vertex 0.39569492885566843 0.51567967118930291 -0.74375000000000002
      vertex 0.39569492885566843 0.51567967118930291 -0.63749999999999996
    endloop
  endfacet
  facet normal 0.65934581510006895 0.7518398074789775 -0
    outer loop
      vertex 0.45961940777125593 0.45961940777125593 -0.74375000000000002
      vertex 0.39569492885566843 0.51567967118930291 -0.63749999999999996
      vertex 0.45961940777125593 0.45961940777125593 -0.63749999999999996
    endloop
  endfacet
  facet normal 0.55557023301960151 0.83146961230254579 0
    outer loop
      vertex 0.39569492885566843 0.51567967118930291 -0.74375000000000002
      vertex 0.32500000000000007 0.56291651245988505 -0.74375000000000002
      vertex 0.32500000000000007 0.56291651245988505 -0.63749999999999996
    endloop
  endfacet
  facet normal 0.55557023301960151 0.83146961230254579 -0
    outer loop
      vertex 0.39569492885566843 0.51567967118930291 -0.74375000000000002
      vertex 0.32500000000000007 0.56291651245988505 -0.63749999999999996
      vertex 0.39569492885566843 0.51567967118930291 -0.63749999999999996
    endloop
  endfacet
  facet normal 0.44228869021900208 0.89687274153268792 0
    outer loop
      vertex 0.32500000000000007 0.56291651245988505 -0.74375000000000002
      vertex 0.24874423103730842 0.60052169613233641 -0.74375000000000002
      vertex 0.24874423103730842 0.60052169613233641 -0.63749999999999996
    endloop
  endfacet
  facet normal 0.44228869021900208 0.89687274153268792 -0
    outer loop
      vertex 0.32500000000000007 0.56291651245988505 -0.74375000000000002
      vertex 0.24874423103730842 0.60052169613233641 -0.63749999999999996
      vertex 0.32500000000000007 0.56291651245988505 -0.63749999999999996
    endloop
  endfacet
  facet normal 0.32143946530316192 0.94693012949510569 0
    outer loop
      vertex 0.24874423103730842 0.60052169613233641 -0.74375000000000002
      vertex 0.16823237931663848 0.62785178708789446 -0.74375000000000002
      vertex 0.16823237931663848 0.62785178708789446 -0.63749999999999996
    endloop
  endfacet
  facet normal 0.32143946530316192 0.94693012949510569 -0
    outer loop
      vertex 0.24874423103730842 0.60052169613233641 -0.74375000000000002
      vertex 0.16823237931663848 0.62785178708789446 -0.63749999999999996
      vertex 0.24874423103730842 0.60052169613233641 -0.63749999999999996
    endloop
  endfacet
  facet normal 0.19509032201612719 0.98078528040323076 0
    outer loop
      vertex 0.16823237931663848 0.62785178708789446 -0.74375000000000002
      vertex 0.084842024943033612 0.64443915989297673 -0.74375000000000002
      vertex 0.084842024943033612 0.64443915989297673 -0.63749999999999996
    endloop
  endfacet
  facet normal 0.19509032201612719 0.98078528040323076 -0
    outer loop
      vertex 0.16823237931663848 0.62785178708789446 -0.74375000000000002
      vertex 0.084842024943033612 0.64443915989297673 -0.63749999999999996
      vertex 0.16823237931663848 0.62785178708789446 -0.63749999999999996
    endloop
  endfacet
  facet normal 0.065403129230143728 0.99785892323860359 0
    outer loop
      vertex 0.084842024943033612 0.64443915989297673 -0.74375000000000002
      vertex 3.9801020972288984e-17 0.65000000000000002 -0.74375000000000002
      vertex 3.9801020972288984e-17 0.65000000000000002 -0.63749999999999996
    endloop
  endfacet
  facet normal 0.065403129230143728 0.99785892323860359 -0
    outer loop
      vertex 0.084842024943033612 0.64443915989297673 -0.74375000000000002
      vertex 3.9801020972288984e-17 0.65000000000000002 -0.63749999999999996
      vertex 0.084842024943033612 0.64443915989297673 -0.63749999999999996
    endloop
  endfacet
  facet normal -0.0654031292301437 0.99785892323860348 0
    outer loop
      vertex 3.9801020972288984e-17 0.65000000000000002 -0.74375000000000002
      vertex -0.084842024943033542 0.64443915989297673 -0.74375000000000002
      vertex -0.084842024943033542 0.64443915989297673 -0.63749999999999996
    endloop
  endfacet
  facet normal -0.0654031292301437 0.99785892323860348 0
    outer loop
      vertex 3.9801020972288984e-17 0.65000000000000002 -0.74375000000000002
      vertex -0.084842024943033542 0.64443915989297673 -0.63749999999999996
      vertex 3.9801020972288984e-17 0.65000000000000002 -0.63749999999999996
    endloop
  endfacet
  facet normal -0.19509032201612714 0.98078528040323054 0
    outer loop
      vertex -0.084842024943033542 0.64443915989297673 -0.74375000000000002
      vertex -0.16823237931663843 0.62785178708789446 -0.74375000000000002
      vertex -0.16823237931663843 0.62785178708789446 -0.63749999999999996
    endloop
  endfacet
  facet normal -0.19509032201612714 0.98078528040323054 0
    outer loop
      vertex -0.084842024943033542 0.64443915989297673 -0.74375000000000002
      vertex -0.16823237931663843 0.62785178708789446 -0.63749999999999996
      vertex -0.084842024943033542 0.64443915989297673 -0.63749999999999996
    endloop
  endfacet
  facet normal -0.32143946530316131 0.94693012949510569 0
    outer loop
      vertex -0.16823237931663843 0.62785178708789446 -0.74375000000000002
      vertex -0.24874423103730819 0.60052169613233652 -0.74375000000000002
      vertex -0.24874423103730819 0.60052169613233652 -0.63749999999999996
    endloop
  endfacet
  facet normal -0.32143946530316131 0.94693012949510569 0
    outer loop
      vertex -0.16823237931663843 0.62785178708789446 -0.74375000000000002
      vertex -0.24874423103730819 0.60052169613233652 -0.63749999999999996
      vertex -0.16823237931663843 0.62785178708789446 -0.63749999999999996
    endloop
  endfacet
  facet normal -0.44228869021900208 0.89687274153268792 0
    outer loop
      vertex -0.24874423103730819 0.60052169613233652 -0.74375000000000002
      vertex -0.32499999999999984 0.56291651245988517 -0.74375000000000002
      vertex -0.32499999999999984 0.56291651245988517 -0.63749999999999996
    endloop
  endfacet
  facet normal -0.44228869021900208 0.89687274153268792 0
    outer loop
      vertex -0.24874423103730819 0.60052169613233652 -0.74375000000000002
      vertex -0.32499999999999984 0.56291651245988517 -0.63749999999999996
      vertex -0.24874423103730819 0.60052169613233652 -0.63749999999999996
    endloop
  endfacet
  facet normal -0.55557023301960118 0.83146961230254579 0
    outer loop
      vertex -0.32499999999999984 0.56291651245988517 -0.74375000000000002
      vertex -0.39569492885566843 0.51567967118930291 -0.74375000000000002
      vertex -0.39569492885566843 0.51567967118930291 -0.63749999999999996
    endloop
  endfacet
  facet normal -0.55557023301960118 0.83146961230254579 0
    outer loop
      vertex -0.32499999999999984 0.56291651245988517 -0.74375000000000002
      vertex -0.39569492885566843 0.51567967118930291 -0.63749999999999996
      vertex -0.32499999999999984 0.56291651245988517 -0.63749999999999996
    endloop
  endfacet
  facet normal -0.65934581510006918 0.75183980747897716 0
    outer loop
      vertex -0.39569492885566843 0.51567967118930291 -0.74375000000000002
      vertex -0.45961940777125587 0.45961940777125593 -0.74375000000000002
      vertex -0.45961940777125587 0.45961940777125593 -0.63749999999999996
    endloop
  endfacet
  facet normal -0.65934581510006918 0.75183980747897716 0
    outer loop
      vertex -0.39569492885566843 0.51567967118930291 -0.74375000000000002
      vertex -0.45961940777125587 0.45961940777125593 -0.63749999999999996
      vertex -0.39569492885566843 0.51567967118930291 -0.63749999999999996
    endloop
  endfacet
  facet normal -0.75183980747897694 0.65934581510006951 0
    outer loop
      vertex -0.45961940777125587 0.45961940777125593 -0.74375000000000002
      vertex -0.5156796711893028 0.39569492885566859 -0.74375000000000002
      vertex -0.5156796711893028 0.39569492885566859 -0.63749999999999996
    endloop
  endfacet
  facet normal -0.75183980747897694 0.65934581510006951 0
    outer loop
      vertex -0.45961940777125587 0.45961940777125593 -0.74375000000000002
      vertex -0.5156796711893028 0.39569492885566859 -0.63749999999999996
      vertex -0.45961940777125587 0.45961940777125593 -0.63749999999999996
    endloop
  endfacet
  facet normal -0.83146961230254546 0.55557023301960184 0
    outer loop
      vertex -0.5156796711893028 0.39569492885566859 -0.74375000000000002
      vertex -0.56291651245988517 0.32499999999999996 -0.74375000000000002
      vertex -0.56291651245988517 0.32499999999999996 -0.63749999999999996
    endloop
  endfacet
  facet normal -0.83146961230254546 0.55557023301960184 0
    outer loop
      vertex -0.5156796711893028 0.39569492885566859 -0.74375000000000002
      vertex -0.56291651245988517 0.32499999999999996 -0.63749999999999996
      vertex -0.5156796711893028 0.39569492885566859 -0.63749999999999996
    endloop
  endfacet
  facet normal -0.89687274153268803 0.44228869021900169 0
    outer loop
      vertex -0.56291651245988517 0.32499999999999996 -0.74375000000000002
      vertex -0.60052169613233641 0.24874423103730844 -0.74375000000000002
      vertex -0.60052169613233641 0.24874423103730844 -0.63749999999999996
    endloop
  endfacet
  facet normal -0.89687274153268803 0.44228869021900169 0
    outer loop
      vertex -0.56291651245988517 0.32499999999999996 -0.74375000000000002
      vertex -0.60052169613233641 0.24874423103730844 -0.63749999999999996
      vertex -0.56291651245988517 0.32499999999999996 -0.63749999999999996
    endloop
  endfacet
  facet normal -0.94693012949510569 0.32143946530316131 0
    outer loop
      vertex -0.60052169613233641 0.24874423103730844 -0.74375000000000002
      vertex -0.62785178708789435 0.16823237931663867 -0.74375000000000002
      vertex -0.62785178708789435 0.16823237931663867 -0.63749999999999996
    endloop
  endfacet
  facet normal -0.94693012949510569 0.32143946530316131 0
    outer loop
      vertex -0.60052169613233641 0.24874423103730844 -0.74375000000000002
      vertex -0.62785178708789435 0.16823237931663867 -0.63749999999999996
      vertex -0.60052169613233641 0.24874423103730844 -0.63749999999999996
    endloop
  endfacet
  facet normal -0.98078528040323032 0.19509032201612841 0
    outer loop
      vertex -0.62785178708789435 0.16823237931663867 -0.74375000000000002
      vertex -0.64443915989297673 0.084842024943033792 -0.74375000000000002
      vertex -0.64443915989297673 0.084842024943033792 -0.63749999999999996
    endloop
  endfacet
  facet normal -0.98078528040323032 0.19509032201612841 0
    outer loop
      vertex -0.62785178708789435 0.16823237931663867 -0.74375000000000002
      vertex -0.64443915989297673 0.084842024943033792 -0.63749999999999996
      vertex -0.62785178708789435 0.16823237931663867 -0.63749999999999996
    endloop
  endfacet
  facet normal -0.99785892323860348 0.065403129230143617 0
    outer loop
      vertex -0.64443915989297673 0.084842024943033792 -0.74375000000000002
      vertex -0.65000000000000002 7.9602041944577967e-17 -0.74375000000000002
      vertex -0.65000000000000002 7.9602041944577967e-17 -0.63749999999999996
    endloop
  endfacet
  facet normal -0.99785892323860348 0.065403129230143617 0
    outer loop
      vertex -0.64443915989297673 0.084842024943033792 -0.74375000000000002
      vertex -0.65000000000000002 7.9602041944577967e-17 -0.63749999999999996
      vertex -0.64443915989297673 0.084842024943033792 -0.63749999999999996
    endloop
  endfacet
  facet normal -0.99785892323860359 -0.065403129230143603 0
    outer loop
      vertex -0.65000000000000002 7.9602041944577967e-17 -0.74375000000000002
      vertex -0.64443915989297673 -0.084842024943033653 -0.74375000000000002
      vertex -0.64443915989297673 -0.084842024943033653 -0.63749999999999996
    endloop
  endfacet
  facet normal -0.99785892323860359 -0.065403129230143603 0
    outer loop
      vertex -0.65000000000000002 7.9602041944577967e-17 -0.74375000000000002
      vertex -0.64443915989297673 -0.084842024943033653 -0.63749999999999996
      vertex -0.65000000000000002 7.9602041944577967e-17 -0.63749999999999996
    endloop
  endfacet
  facet normal -0.98078528040323054 -0.19509032201612714 0
    outer loop
      vertex -0.64443915989297673 -0.084842024943033653 -0.74375000000000002
      vertex -0.62785178708789446 -0.16823237931663854 -0.74375000000000002
      vertex -0.62785178708789446 -0.16823237931663854 -0.63749999999999996
    endloop
  endfacet
  facet normal -0.98078528040323054 -0.19509032201612714 0
    outer loop
      vertex -0.64443915989297673 -0.084842024943033653 -0.74375000000000002
      vertex -0.62785178708789446 -0.16823237931663854 -0.63749999999999996
      vertex -0.64443915989297673 -0.084842024943033653 -0.63749999999999996
    endloop
  endfacet
  facet normal -0.94693012949510569 -0.32143946530316131 0
    outer loop
      vertex -0.62785178708789446 -0.16823237931663854 -0.74375000000000002
      vertex -0.60052169613233652 -0.24874423103730831 -0.74375000000000002
      vertex -0.60052169613233652 -0.24874423103730831 -0.63749999999999996
    endloop
  endfacet
  facet normal -0.94693012949510569 -0.32143946530316131 0
    outer loop
      vertex -0.62785178708789446 -0.16823237931663854 -0.74375000000000002
      vertex -0.60052169613233652 -0.24874423103730831 -0.63749999999999996
      vertex -0.62785178708789446 -0.16823237931663854 -0.63749999999999996
    endloop
  endfacet
  facet normal -0.89687274153268826 -0.44228869021900158 0
    outer loop
      vertex -0.60052169613233652 -0.24874423103730831 -0.74375000000000002
      vertex -0.56291651245988528 -0.32499999999999984 -0.74375000000000002
      vertex -0.56291651245988528 -0.32499999999999984 -0.63749999999999996
    endloop
  endfacet
  facet normal -0.89687274153268826 -0.44228869021900158 0
    outer loop
      vertex -0.60052169613233652 -0.24874423103730831 -0.74375000000000002
      vertex -0.56291651245988528 -0.32499999999999984 -0.63749999999999996
      vertex -0.60052169613233652 -0.24874423103730831 -0.63749999999999996
    endloop
  endfacet
  facet normal -0.83146961230254535 -0.55557023301960207 0
    outer loop
      vertex -0.56291651245988528 -0.32499999999999984 -0.74375000000000002
      vertex -0.51567967118930291 -0.39569492885566843 -0.74375000000000002
      vertex -0.51567967118930291 -0.39569492885566843 -0.63749999999999996
    endloop
  endfacet
  facet normal -0.83146961230254535 -0.55557023301960207 0
    outer loop
      vertex -0.56291651245988528 -0.32499999999999984 -0.74375000000000002
      vertex -0.51567967118930291 -0.39569492885566843 -0.63749999999999996
      vertex -0.56291651245988528 -0.32499999999999984 -0.63749999999999996
    endloop
  endfacet
  facet normal -0.75183980747897727 -0.65934581510006895 0
    outer loop
      vertex -0.51567967118930291 -0.39569492885566843 -0.74375000000000002
      vertex -0.45961940777125615 -0.45961940777125565 -0.74375000000000002
      vertex -0.45961940777125615 -0.45961940777125565 -0.63749999999999996
    endloop
  endfacet
  facet normal -0.75183980747897727 -0.65934581510006895 0
    outer loop
      vertex -0.51567967118930291 -0.39569492885566843 -0.74375000000000002
      vertex -0.45961940777125615 -0.45961940777125565 -0.63749999999999996
      vertex -0.51567967118930291 -0.39569492885566843 -0.63749999999999996
    endloop
  endfacet
  facet normal -0.65934581510006895 -0.75183980747897738 0
    outer loop
      vertex -0.45961940777125615 -0.45961940777125565 -0.74375000000000002
      vertex -0.39569492885566859 -0.51567967118930269 -0.74375000000000002
      vertex -0.39569492885566859 -0.51567967118930269 -0.63749999999999996
    endloop
  endfacet
  facet normal -0.65934581510006895 -0.75183980747897738 0
    outer loop
      vertex -0.45961940777125615 -0.45961940777125565 -0.74375000000000002
      vertex -0.39569492885566859 -0.51567967118930269 -0.63749999999999996
      vertex -0.45961940777125615 -0.45961940777125565 -0.63749999999999996
    endloop
  endfacet
  facet normal -0.55557023301960362 -0.83146961230254424 0
    outer loop
      vertex -0.39569492885566859 -0.51567967118930269 -0.74375000000000002
      vertex -0.32500000000000029 -0.56291651245988505 -0.74375000000000002
      vertex -0.32500000000000029 -0.56291651245988505 -0.63749999999999996
    endloop
  endfacet
  facet normal -0.55557023301960362 -0.83146961230254424 0
    outer loop
      vertex -0.39569492885566859 -0.51567967118930269 -0.74375000000000002
      vertex -0.32500000000000029 -0.56291651245988505 -0.63749999999999996
      vertex -0.39569492885566859 -0.51567967118930269 -0.63749999999999996
    endloop
  endfacet
  facet normal -0.44228869021900113 -0.89687274153268837 0
    outer loop
      vertex -0.32500000000000029 -0.56291651245988505 -0.74375000000000002
      vertex -0.24874423103730819 -0.60052169613233652 -0.74375000000000002
      vertex -0.24874423103730819 -0.60052169613233652 -0.63749999999999996
    endloop
  endfacet
  facet normal -0.44228869021900113 -0.89687274153268837 0
    outer loop
      vertex -0.32500000000000029 -0.56291651245988505 -0.74375000000000002
      vertex -0.24874423103730819 -0.60052169613233652 -0.63749999999999996
      vertex -0.32500000000000029 -0.56291651245988505 -0.63749999999999996
    endloop
  endfacet
  facet normal -0.32143946530316131 -0.94693012949510569 0
    outer loop
      vertex -0.24874423103730819 -0.60052169613233652 -0.74375000000000002
      vertex -0.16823237931663843 -0.62785178708789446 -0.74375000000000002
      vertex -0.16823237931663843 -0.62785178708789446 -0.63749999999999996
    endloop
  endfacet
  facet normal -0.32143946530316131 -0.94693012949510569 0
    outer loop
      vertex -0.24874423103730819 -0.60052169613233652 -0.74375000000000002
      vertex -0.16823237931663843 -0.62785178708789446 -0.63749999999999996
      vertex -0.24874423103730819 -0.60052169613233652 -0.63749999999999996
    endloop
  endfacet
  facet normal -0.19509032201612719 -0.98078528040323076 0
    outer loop
      vertex -0.16823237931663843 -0.62785178708789446 -0.74375000000000002
      vertex -0.084842024943033556 -0.64443915989297673 -0.74375000000000002
      vertex -0.084842024943033556 -0.64443915989297673 -0.63749999999999996
    endloop
  endfacet
  facet normal -0.19509032201612719 -0.98078528040323076 0
    outer loop
      vertex -0.16823237931663843 -0.62785178708789446 -0.74375000000000002
      vertex -0.084842024943033556 -0.64443915989297673 -0.63749999999999996
      vertex -0.16823237931663843 -0.62785178708789446 -0.63749999999999996
    endloop
  endfacet
  facet normal -0.065403129230143825 -0.99785892323860337 0
    outer loop
      vertex -0.084842024943033556 -0.64443915989297673 -0.74375000000000002
      vertex -1.1940306291686693e-16 -0.65000000000000002 -0.74375000000000002
      vertex -1.1940306291686693e-16 -0.65000000000000002 -0.63749999999999996
    endloop
  endfacet
  facet normal -0.065403129230143825 -0.99785892323860337 0
    outer loop
      vertex -0.084842024943033556 -0.64443915989297673 -0.74375000000000002
      vertex -1.1940306291686693e-16 -0.65000000000000002 -0.63749999999999996
      vertex -0.084842024943033556 -0.64443915989297673 -0.63749999999999996
    endloop
  endfacet
  facet normal 0.065403129230142507 -0.99785892323860359 0
    outer loop
      vertex -1.1940306291686693e-16 -0.65000000000000002 -0.74375000000000002
      vertex 0.084842024943033334 -0.64443915989297684 -0.74375000000000002
      vertex 0.084842024943033334 -0.64443915989297684 -0.63749999999999996
    endloop
  endfacet
  facet normal 0.065403129230142507 -0.99785892323860359 0
    outer loop
      vertex -1.1940306291686693e-16 -0.65000000000000002 -0.74375000000000002
      vertex 0.084842024943033334 -0.64443915989297684 -0.63749999999999996
      vertex -1.1940306291686693e-16 -0.65000000000000002 -0.63749999999999996
    endloop
  endfacet
  facet normal 0.19509032201612844 -0.98078528040323032 0
    outer loop
      vertex 0.084842024943033334 -0.64443915989297684 -0.74375000000000002
      vertex 0.1682323793166382 -0.62785178708789446 -0.74375000000000002
      vertex 0.1682323793166382 -0.62785178708789446 -0.63749999999999996
    endloop
  endfacet
  facet normal 0.19509032201612844 -0.98078528040323032 0
    outer loop
      vertex 0.084842024943033334 -0.64443915989297684 -0.74375000000000002
      vertex 0.1682323793166382 -0.62785178708789446 -0.63749999999999996
      vertex 0.084842024943033334 -0.64443915989297684 -0.63749999999999996
    endloop
  endfacet
  facet normal 0.32143946530316131 -0.94693012949510569 0
    outer loop
      vertex 0.1682323793166382 -0.62785178708789446 -0.74375000000000002
      vertex 0.24874423103730797 -0.60052169613233652 -0.74375000000000002
      vertex 0.24874423103730797 -0.60052169613233652 -0.63749999999999996
    endloop
  endfacet
  facet normal 0.32143946530316131 -0.94693012949510569 0
    outer loop
      vertex 0.1682323793166382 -0.62785178708789446 -0.74375000000000002
      vertex 0.24874423103730797 -0.60052169613233652 -0.63749999999999996
      vertex 0.1682323793166382 -0.62785178708789446 -0.63749999999999996
    endloop
  endfacet
  facet normal 0.44228869021900113 -0.89687274153268837 0
    outer loop
      vertex 0.24874423103730797 -0.60052169613233652 -0.74375000000000002
      vertex 0.32500000000000007 -0.56291651245988505 -0.74375000000000002
      vertex 0.32500000000000007 -0.56291651245988505 -0.63749999999999996
    endloop
  endfacet
  facet normal 0.44228869021900113 -0.89687274153268837 0
    outer loop
      vertex 0.24874423103730797 -0.60052169613233652 -0.74375000000000002
      vertex 0.32500000000000007 -0.56291651245988505 -0.63749999999999996
      vertex 0.24874423103730797 -0.60052169613233652 -0.63749999999999996
    endloop
  endfacet
  facet normal 0.5555702330196014 -0.83146961230254568 0
    outer loop
      vertex 0.32500000000000007 -0.56291651245988505 -0.74375000000000002
      vertex 0.39569492885566793 -0.51567967118930325 -0.74375000000000002
      vertex 0.39569492885566793 -0.51567967118930325 -0.63749999999999996
    endloop
  endfacet
  facet normal 0.5555702330196014 -0.83146961230254568 0
    outer loop
      vertex 0.32500000000000007 -0.56291651245988505 -0.74375000000000002
      vertex 0.39569492885566793 -0.51567967118930325 -0.63749999999999996
      vertex 0.32500000000000007 -0.56291651245988505 -0.63749999999999996
    endloop
  endfacet
  facet normal 0.65934581510006851 -0.75183980747897783 0
    outer loop
      vertex 0.39569492885566793 -0.51567967118930325 -0.74375000000000002
      vertex 0.45961940777125582 -0.45961940777125598 -0.74375000000000002
      vertex 0.45961940777125582 -0.45961940777125598 -0.63749999999999996
    endloop
  endfacet
  facet normal 0.65934581510006851 -0.75183980747897783 0
    outer loop
      vertex 0.39569492885566793 -0.51567967118930325 -0.74375000000000002
      vertex 0.45961940777125582 -0.45961940777125598 -0.63749999999999996
      vertex 0.39569492885566793 -0.51567967118930325 -0.63749999999999996
    endloop
  endfacet
  facet normal 0.75183980747897727 -0.65934581510006907 0
    outer loop
      vertex 0.45961940777125582 -0.45961940777125598 -0.74375000000000002
      vertex 0.51567967118930269 -0.39569492885566865 -0.74375000000000002
      vertex 0.51567967118930269 -0.39569492885566865 -0.63749999999999996
    endloop
  endfacet
  facet normal 0.75183980747897727 -0.65934581510006907 0
    outer loop
      vertex 0.45961940777125582 -0.45961940777125598 -0.74375000000000002
      vertex 0.51567967118930269 -0.39569492885566865 -0.63749999999999996
      vertex 0.45961940777125582 -0.45961940777125598 -0.63749999999999996
    endloop
  endfacet
  facet normal 0.83146961230254512 -0.55557023301960251 0
    outer loop
      vertex 0.51567967118930269 -0.39569492885566865 -0.74375000000000002
      vertex 0.56291651245988494 -0.32500000000000029 -0.74375000000000002
      vertex 0.56291651245988494 -0.32500000000000029 -0.63749999999999996
    endloop
  endfacet
  facet normal 0.83146961230254512 -0.55557023301960251 0
    outer loop
      vertex 0.51567967118930269 -0.39569492885566865 -0.74375000000000002
      vertex 0.56291651245988494 -0.32500000000000029 -0.63749999999999996
      vertex 0.51567967118930269 -0.39569492885566865 -0.63749999999999996
    endloop
  endfacet
  facet normal 0.89687274153268781 -0.4422886902190023 0
    outer loop
      vertex 0.56291651245988494 -0.32500000000000029 -0.74375000000000002
      vertex 0.60052169613233652 -0.24874423103730822 -0.74375000000000002
      vertex 0.60052169613233652 -0.24874423103730822 -0.63749999999999996
    endloop
  endfacet
  facet normal 0.89687274153268781 -0.4422886902190023 0
    outer loop
      vertex 0.56291651245988494 -0.32500000000000029 -0.74375000000000002
      vertex 0.60052169613233652 -0.24874423103730822 -0.63749999999999996
      vertex 0.56291651245988494 -0.32500000000000029 -0.63749999999999996
    endloop
  endfacet
  facet normal 0.94693012949510591 -0.32143946530316109 0
    outer loop
      vertex 0.60052169613233652 -0.24874423103730822 -0.74375000000000002
      vertex 0.62785178708789424 -0.16823237931663904 -0.74375000000000002
      vertex 0.62785178708789424 -0.16823237931663904 -0.63749999999999996
    endloop
  endfacet
  facet normal 0.94693012949510591 -0.32143946530316109 0
    outer loop
      vertex 0.60052169613233652 -0.24874423103730822 -0.74375000000000002
      vertex 0.62785178708789424 -0.16823237931663904 -0.63749999999999996
      vertex 0.60052169613233652 -0.24874423103730822 -0.63749999999999996
    endloop
  endfacet
  facet normal 0.98078528040323032 -0.19509032201612839 0
    outer loop
      vertex 0.62785178708789424 -0.16823237931663904 -0.74375000000000002
      vertex 0.64443915989297673 -0.084842024943033598 -0.74375000000000002
      vertex 0.64443915989297673 -0.084842024943033598 -0.63749999999999996
    endloop
  endfacet
  facet normal 0.98078528040323032 -0.19509032201612839 0
    outer loop
      vertex 0.62785178708789424 -0.16823237931663904 -0.74375000000000002
      vertex 0.64443915989297673 -0.084842024943033598 -0.63749999999999996
      vertex 0.62785178708789424 -0.16823237931663904 -0.63749999999999996
    endloop
  endfacet
  facet normal 0.99785892323860348 -0.065403129230143686 0
    outer loop
      vertex 0.64443915989297673 -0.084842024943033598 -0.74375000000000002
      vertex 0.65000000000000002 0 -0.74375000000000002
      vertex 0.65000000000000002 0 -0.63749999999999996
    endloop
  endfacet
  facet normal 0.99785892323860348 -0.065403129230143686 0
    outer loop
      vertex 0.64443915989297673 -0.084842024943033598 -0.74375000000000002
      vertex 0.65000000000000002 0 -0.63749999999999996
      vertex 0.64443915989297673 -0.084842024943033598 -0.63749999999999996
    endloop
  endfacet
  facet normal 0.99785892323860337 0.065403129230143742 0
    outer loop
      vertex 0.65000000000000002 0 -0.63749999999999996
      vertex 0.64443915989297673 0.084842024943033528 -0.63749999999999996
      vertex 0.64443915989297673 0.084842024943033528 -0.53125
    endloop
  endfacet
  facet normal 0.99785892323860337 0.065403129230143742 -0
    outer loop
      vertex 0.65000000000000002 0 -0.63749999999999996
      vertex 0.64443915989297673 0.084842024943033528 -0.53125
      vertex 0.65000000000000002 0 -0.53125
    endloop
  endfacet
  facet normal 0.98078528040323076 0.195090322016127 0
    outer loop
      vertex 0.64443915989297673 0.084842024943033528 -0.63749999999999996
      vertex 0.62785178708789446 0.16823237931663848 -0.63749999999999996
      vertex 0.62785178708789446 0.16823237931663848 -0.53125
    endloop
  endfacet
  facet normal 0.98078528040323076 0.195090322016127 -0
    outer loop
      vertex 0.64443915989297673 0.084842024943033528 -0.63749999999999996
      vertex 0.62785178708789446 0.16823237931663848 -0.53125
      vertex 0.64443915989297673 0.084842024943033528 -0.53125
    endloop
  endfacet
  facet normal 0.94693012949510535 0.32143946530316203 0
    outer loop
      vertex 0.62785178708789446 0.16823237931663848 -0.63749999999999996
      vertex 0.60052169613233641 0.24874423103730836 -0.63749999999999996
      vertex 0.60052169613233641 0.24874423103730836 -0.53125
    endloop
  endfacet
  facet normal 0.94693012949510535 0.32143946530316203 -0
    outer loop
      vertex 0.62785178708789446 0.16823237931663848 -0.63749999999999996
      vertex 0.60052169613233641 0.24874423103730836 -0.53125
      vertex 0.62785178708789446 0.16823237931663848 -0.53125
    endloop
  endfacet
  facet normal 0.89687274153268826 0.4422886902190013 0
    outer loop
      vertex 0.60052169613233641 0.24874423103730836 -0.63749999999999996
      vertex 0.56291651245988517 0.32499999999999996 -0.63749999999999996
      vertex 0.56291651245988517 0.32499999999999996 -0.53125
    endloop
  endfacet
  facet normal 0.89687274153268826 0.4422886902190013 -0
    outer loop
      vertex 0.60052169613233641 0.24874423103730836 -0.63749999999999996
      vertex 0.56291651245988517 0.32499999999999996 -0.53125
      vertex 0.60052169613233641 0.24874423103730836 -0.53125
    endloop
  endfacet
  facet normal 0.83146961230254557 0.55557023301960184 0
    outer loop
      vertex 0.56291651245988517 0.32499999999999996 -0.63749999999999996
      vertex 0.51567967118930291 0.39569492885566843 -0.63749999999999996
      vertex 0.51567967118930291 0.39569492885566843 -0.53125
    endloop
  endfacet
  facet normal 0.83146961230254557 0.55557023301960184 -0
    outer loop
      vertex 0.56291651245988517 0.32499999999999996 -0.63749999999999996
      vertex 0.51567967118930291 0.39569492885566843 -0.53125
      vertex 0.56291651245988517 0.32499999999999996 -0.53125
    endloop
  endfacet
  facet normal 0.75183980747897738 0.65934581510006884 0
    outer loop
      vertex 0.51567967118930291 0.39569492885566843 -0.63749999999999996
      vertex 0.45961940777125593 0.45961940777125593 -0.63749999999999996
      vertex 0.45961940777125593 0.45961940777125593 -0.53125
    endloop
  endfacet
  facet normal 0.75183980747897738 0.65934581510006884 -0
    outer loop
      vertex 0.51567967118930291 0.39569492885566843 -0.63749999999999996
      vertex 0.45961940777125593 0.45961940777125593 -0.53125
      vertex 0.51567967118930291 0.39569492885566843 -0.53125
    endloop
  endfacet
  facet normal 0.65934581510006884 0.75183980747897738 0
    outer loop
      vertex 0.45961940777125593 0.45961940777125593 -0.63749999999999996
      vertex 0.39569492885566843 0.51567967118930291 -0.63749999999999996
      vertex 0.39569492885566843 0.51567967118930291 -0.53125
    endloop
  endfacet
  facet normal 0.65934581510006884 0.75183980747897738 -0
    outer loop
      vertex 0.45961940777125593 0.45961940777125593 -0.63749999999999996
      vertex 0.39569492885566843 0.51567967118930291 -0.53125
      vertex 0.45961940777125593 0.45961940777125593 -0.53125
    endloop
  endfacet
  facet normal 0.55557023301960151 0.83146961230254568 0
    outer loop
      vertex 0.39569492885566843 0.51567967118930291 -0.63749999999999996
      vertex 0.32500000000000007 0.56291651245988505 -0.63749999999999996
      vertex 0.32500000000000007 0.56291651245988505 -0.53125
    endloop
  endfacet
  facet normal 0.55557023301960151 0.83146961230254568 -0
    outer loop
      vertex 0.39569492885566843 0.51567967118930291 -0.63749999999999996
      vertex 0.32500000000000007 0.56291651245988505 -0.53125
      vertex 0.39569492885566843 0.51567967118930291 -0.53125
    endloop
  endfacet
  facet normal 0.44228869021900213 0.89687274153268792 0
    outer loop
      vertex 0.32500000000000007 0.56291651245988505 -0.63749999999999996
      vertex 0.24874423103730842 0.60052169613233641 -0.63749999999999996
      vertex 0.24874423103730842 0.60052169613233641 -0.53125
    endloop
  endfacet
  facet normal 0.44228869021900213 0.89687274153268792 -0
    outer loop
      vertex 0.32500000000000007 0.56291651245988505 -0.63749999999999996
      vertex 0.24874423103730842 0.60052169613233641 -0.53125
      vertex 0.32500000000000007 0.56291651245988505 -0.53125
    endloop
  endfacet
  facet normal 0.32143946530316192 0.94693012949510558 0
    outer loop
      vertex 0.24874423103730842 0.60052169613233641 -0.63749999999999996
      vertex 0.16823237931663848 0.62785178708789446 -0.63749999999999996
      vertex 0.16823237931663848 0.62785178708789446 -0.53125
    endloop
  endfacet
  facet normal 0.32143946530316192 0.94693012949510558 -0
    outer loop
      vertex 0.24874423103730842 0.60052169613233641 -0.63749999999999996
      vertex 0.16823237931663848 0.62785178708789446 -0.53125
      vertex 0.24874423103730842 0.60052169613233641 -0.53125
    endloop
  endfacet
  facet normal 0.19509032201612719 0.98078528040323076 0
    outer loop
      vertex 0.16823237931663848 0.62785178708789446 -0.63749999999999996
      vertex 0.084842024943033612 0.64443915989297673 -0.63749999999999996
      vertex 0.084842024943033612 0.64443915989297673 -0.53125
    endloop
  endfacet
  facet normal 0.19509032201612719 0.98078528040323076 -0
    outer loop
      vertex 0.16823237931663848 0.62785178708789446 -0.63749999999999996
      vertex 0.084842024943033612 0.64443915989297673 -0.53125
      vertex 0.16823237931663848 0.62785178708789446 -0.53125
    endloop
  endfacet
  facet normal 0.065403129230143714 0.99785892323860337 0
    outer loop
      vertex 0.084842024943033612 0.64443915989297673 -0.63749999999999996
      vertex 3.9801020972288984e-17 0.65000000000000002 -0.63749999999999996
      vertex 3.9801020972288984e-17 0.65000000000000002 -0.53125
    endloop
  endfacet
  facet normal 0.065403129230143714 0.99785892323860337 -0
    outer loop
      vertex 0.084842024943033612 0.64443915989297673 -0.63749999999999996
      vertex 3.9801020972288984e-17 0.65000000000000002 -0.53125
      vertex 0.084842024943033612 0.64443915989297673 -0.53125
    endloop
  endfacet
  facet normal -0.065403129230143714 0.99785892323860337 0
    outer loop
      vertex 3.9801020972288984e-17 0.65000000000000002 -0.63749999999999996
      vertex -0.084842024943033542 0.64443915989297673 -0.63749999999999996
      vertex -0.084842024943033542 0.64443915989297673 -0.53125
    endloop
  endfacet
  facet normal -0.065403129230143714 0.99785892323860337 0
    outer loop
      vertex 3.9801020972288984e-17 0.65000000000000002 -0.63749999999999996
      vertex -0.084842024943033542 0.64443915989297673 -0.53125
      vertex 3.9801020972288984e-17 0.65000000000000002 -0.53125
    endloop
  endfacet
  facet normal -0.19509032201612717 0.98078528040323076 0
    outer loop
      vertex -0.084842024943033542 0.64443915989297673 -0.63749999999999996
      vertex -0.16823237931663843 0.62785178708789446 -0.63749999999999996
      vertex -0.16823237931663843 0.62785178708789446 -0.53125
    endloop
  endfacet
  facet normal -0.19509032201612717 0.98078528040323076 0
    outer loop
      vertex -0.084842024943033542 0.64443915989297673 -0.63749999999999996
      vertex -0.16823237931663843 0.62785178708789446 -0.53125
      vertex -0.084842024943033542 0.64443915989297673 -0.53125
    endloop
  endfacet
  facet normal -0.32143946530316131 0.94693012949510569 0
    outer loop
      vertex -0.16823237931663843 0.62785178708789446 -0.63749999999999996
      vertex -0.24874423103730819 0.60052169613233652 -0.63749999999999996
      vertex -0.24874423103730819 0.60052169613233652 -0.53125
    endloop
  endfacet
  facet normal -0.32143946530316131 0.94693012949510569 0
    outer loop
      vertex -0.16823237931663843 0.62785178708789446 -0.63749999999999996
      vertex -0.24874423103730819 0.60052169613233652 -0.53125
      vertex -0.16823237931663843 0.62785178708789446 -0.53125
    endloop
  endfacet
  facet normal -0.44228869021900213 0.89687274153268792 0
    outer loop
      vertex -0.24874423103730819 0.60052169613233652 -0.63749999999999996
      vertex -0.32499999999999984 0.56291651245988517 -0.63749999999999996
      vertex -0.32499999999999984 0.56291651245988517 -0.53125
    endloop
  endfacet
  facet normal -0.44228869021900213 0.89687274153268792 0
    outer loop
      vertex -0.24874423103730819 0.60052169613233652 -0.63749999999999996
      vertex -0.32499999999999984 0.56291651245988517 -0.53125
      vertex -0.24874423103730819 0.60052169613233652 -0.53125
    endloop
  endfacet
  facet normal -0.55557023301960129 0.8314696123025459 0
    outer loop
      vertex -0.32499999999999984 0.56291651245988517 -0.63749999999999996
      vertex -0.39569492885566843 0.51567967118930291 -0.63749999999999996
      vertex -0.39569492885566843 0.51567967118930291 -0.53125
    endloop
  endfacet
  facet normal -0.55557023301960129 0.8314696123025459 0
    outer loop
      vertex -0.32499999999999984 0.56291651245988517 -0.63749999999999996
      vertex -0.39569492885566843 0.51567967118930291 -0.53125
      vertex -0.32499999999999984 0.56291651245988517 -0.53125
    endloop
  endfacet
  facet normal -0.65934581510006907 0.75183980747897705 0
    outer loop
      vertex -0.39569492885566843 0.51567967118930291 -0.63749999999999996
      vertex -0.45961940777125587 0.45961940777125593 -0.63749999999999996
      vertex -0.45961940777125587 0.45961940777125593 -0.53125
    endloop
  endfacet
  facet normal -0.65934581510006907 0.75183980747897705 0
    outer loop
      vertex -0.39569492885566843 0.51567967118930291 -0.63749999999999996
      vertex -0.45961940777125587 0.45961940777125593 -0.53125
      vertex -0.39569492885566843 0.51567967118930291 -0.53125
    endloop
  endfacet
  facet normal -0.75183980747897694 0.65934581510006951 0
    outer loop
      vertex -0.45961940777125587 0.45961940777125593 -0.63749999999999996
      vertex -0.5156796711893028 0.39569492885566859 -0.63749999999999996
      vertex -0.5156796711893028 0.39569492885566859 -0.53125
    endloop
  endfacet
  facet normal -0.75183980747897694 0.65934581510006951 0
    outer loop
      vertex -0.45961940777125587 0.45961940777125593 -0.63749999999999996
      vertex -0.5156796711893028 0.39569492885566859 -0.53125
      vertex -0.45961940777125587 0.45961940777125593 -0.53125
    endloop
  endfacet
  facet normal -0.83146961230254557 0.55557023301960184 0
    outer loop
      vertex -0.5156796711893028 0.39569492885566859 -0.63749999999999996
      vertex -0.56291651245988517 0.32499999999999996 -0.63749999999999996
      vertex -0.56291651245988517 0.32499999999999996 -0.53125
    endloop
  endfacet
  facet normal -0.83146961230254557 0.55557023301960184 0
    outer loop
      vertex -0.5156796711893028 0.39569492885566859 -0.63749999999999996
      vertex -0.56291651245988517 0.32499999999999996 -0.53125
      vertex -0.5156796711893028 0.39569492885566859 -0.53125
    endloop
  endfacet
  facet normal -0.89687274153268814 0.44228869021900169 0
    outer loop
      vertex -0.56291651245988517 0.32499999999999996 -0.63749999999999996
      vertex -0.60052169613233641 0.24874423103730844 -0.63749999999999996
      vertex -0.60052169613233641 0.24874423103730844 -0.53125
    endloop
  endfacet
  facet normal -0.89687274153268814 0.44228869021900169 0
    outer loop
      vertex -0.56291651245988517 0.32499999999999996 -0.63749999999999996
      vertex -0.60052169613233641 0.24874423103730844 -0.53125
      vertex -0.56291651245988517 0.32499999999999996 -0.53125
    endloop
  endfacet
  facet normal -0.94693012949510569 0.32143946530316131 0
    outer loop
      vertex -0.60052169613233641 0.24874423103730844 -0.63749999999999996
      vertex -0.62785178708789435 0.16823237931663867 -0.63749999999999996
      vertex -0.62785178708789435 0.16823237931663867 -0.53125
    endloop
  endfacet
  facet normal -0.94693012949510569 0.32143946530316131 0
    outer loop
      vertex -0.60052169613233641 0.24874423103730844 -0.63749999999999996
      vertex -0.62785178708789435 0.16823237931663867 -0.53125
      vertex -0.60052169613233641 0.24874423103730844 -0.53125
    endloop
  endfacet
  facet normal -0.98078528040323054 0.19509032201612841 0
    outer loop
      vertex -0.62785178708789435 0.16823237931663867 -0.63749999999999996
      vertex -0.64443915989297673 0.084842024943033792 -0.63749999999999996
      vertex -0.64443915989297673 0.084842024943033792 -0.53125
    endloop
  endfacet
  facet normal -0.98078528040323054 0.19509032201612841 0
    outer loop
      vertex -0.62785178708789435 0.16823237931663867 -0.63749999999999996
      vertex -0.64443915989297673 0.084842024943033792 -0.53125
      vertex -0.62785178708789435 0.16823237931663867 -0.53125
    endloop
  endfacet
  facet normal -0.99785892323860359 0.065403129230143617 0
    outer loop
      vertex -0.64443915989297673 0.084842024943033792 -0.63749999999999996
      vertex -0.65000000000000002 7.9602041944577967e-17 -0.63749999999999996
      vertex -0.65000000000000002 7.9602041944577967e-17 -0.53125
    endloop
  endfacet
  facet normal -0.99785892323860359 0.065403129230143617 0
    outer loop
      vertex -0.64443915989297673 0.084842024943033792 -0.63749999999999996
      vertex -0.65000000000000002 7.9602041944577967e-17 -0.53125
      vertex -0.64443915989297673 0.084842024943033792 -0.53125
    endloop
  endfacet
  facet normal -0.99785892323860348 -0.065403129230143575 0
    outer loop
      vertex -0.65000000000000002 7.9602041944577967e-17 -0.63749999999999996
      vertex -0.64443915989297673 -0.084842024943033653 -0.63749999999999996
      vertex -0.64443915989297673 -0.084842024943033653 -0.53125
    endloop
  endfacet
  facet normal -0.99785892323860348 -0.065403129230143575 0
    outer loop
      vertex -0.65000000000000002 7.9602041944577967e-17 -0.63749999999999996
      vertex -0.64443915989297673 -0.084842024943033653 -0.53125
      vertex -0.65000000000000002 7.9602041944577967e-17 -0.53125
    endloop
  endfacet
  facet normal -0.98078528040323076 -0.19509032201612717 0
    outer loop
      vertex -0.64443915989297673 -0.084842024943033653 -0.63749999999999996
      vertex -0.62785178708789446 -0.16823237931663854 -0.63749999999999996
      vertex -0.62785178708789446 -0.16823237931663854 -0.53125
    endloop
  endfacet
  facet normal -0.98078528040323076 -0.19509032201612717 0
    outer loop
      vertex -0.64443915989297673 -0.084842024943033653 -0.63749999999999996
      vertex -0.62785178708789446 -0.16823237931663854 -0.53125
      vertex -0.64443915989297673 -0.084842024943033653 -0.53125
    endloop
  endfacet
  facet normal -0.94693012949510569 -0.32143946530316131 0
    outer loop
      vertex -0.62785178708789446 -0.16823237931663854 -0.63749999999999996
      vertex -0.60052169613233652 -0.24874423103730831 -0.63749999999999996
      vertex -0.60052169613233652 -0.24874423103730831 -0.53125
    endloop
  endfacet
  facet normal -0.94693012949510569 -0.32143946530316131 0
    outer loop
      vertex -0.62785178708789446 -0.16823237931663854 -0.63749999999999996
      vertex -0.60052169613233652 -0.24874423103730831 -0.53125
      vertex -0.62785178708789446 -0.16823237931663854 -0.53125
    endloop
  endfacet
  facet normal -0.89687274153268814 -0.44228869021900163 0
    outer loop
      vertex -0.60052169613233652 -0.24874423103730831 -0.63749999999999996
      vertex -0.56291651245988528 -0.32499999999999984 -0.63749999999999996
      vertex -0.56291651245988528 -0.32499999999999984 -0.53125
    endloop
  endfacet
  facet normal -0.89687274153268814 -0.44228869021900163 0
    outer loop
      vertex -0.60052169613233652 -0.24874423103730831 -0.63749999999999996
      vertex -0.56291651245988528 -0.32499999999999984 -0.53125
      vertex -0.60052169613233652 -0.24874423103730831 -0.53125
    endloop
  endfacet
  facet normal -0.83146961230254535 -0.55557023301960218 0
    outer loop
      vertex -0.56291651245988528 -0.32499999999999984 -0.63749999999999996
      vertex -0.51567967118930291 -0.39569492885566843 -0.63749999999999996
      vertex -0.51567967118930291 -0.39569492885566843 -0.53125
    endloop
  endfacet
  facet normal -0.83146961230254535 -0.55557023301960218 0
    outer loop
      vertex -0.56291651245988528 -0.32499999999999984 -0.63749999999999996
      vertex -0.51567967118930291 -0.39569492885566843 -0.53125
      vertex -0.56291651245988528 -0.32499999999999984 -0.53125
    endloop
  endfacet
  facet normal -0.75183980747897727 -0.65934581510006895 0
    outer loop
      vertex -0.51567967118930291 -0.39569492885566843 -0.63749999999999996
      vertex -0.45961940777125615 -0.45961940777125565 -0.63749999999999996
      vertex -0.45961940777125615 -0.45961940777125565 -0.53125
    endloop
  endfacet
  facet normal -0.75183980747897727 -0.65934581510006895 0
    outer loop
      vertex -0.51567967118930291 -0.39569492885566843 -0.63749999999999996
      vertex -0.45961940777125615 -0.45961940777125565 -0.53125
      vertex -0.51567967118930291 -0.39569492885566843 -0.53125
    endloop
  endfacet
  facet normal -0.65934581510006884 -0.75183980747897727 0
    outer loop
      vertex -0.45961940777125615 -0.45961940777125565 -0.63749999999999996
      vertex -0.39569492885566859 -0.51567967118930269 -0.63749999999999996
      vertex -0.39569492885566859 -0.51567967118930269 -0.53125
    endloop
  endfacet
  facet normal -0.65934581510006884 -0.75183980747897727 0
    outer loop
      vertex -0.45961940777125615 -0.45961940777125565 -0.63749999999999996
      vertex -0.39569492885566859 -0.51567967118930269 -0.53125
      vertex -0.45961940777125615 -0.45961940777125565 -0.53125
    endloop
  endfacet
  facet normal -0.55557023301960362 -0.83146961230254424 0
    outer loop
      vertex -0.39569492885566859 -0.51567967118930269 -0.63749999999999996
      vertex -0.32500000000000029 -0.56291651245988505 -0.63749999999999996
      vertex -0.32500000000000029 -0.56291651245988505 -0.53125
    endloop
  endfacet
  facet normal -0.55557023301960362 -0.83146961230254424 0
    outer loop
      vertex -0.39569492885566859 -0.51567967118930269 -0.63749999999999996
      vertex -0.32500000000000029 -0.56291651245988505 -0.53125
      vertex -0.39569492885566859 -0.51567967118930269 -0.53125
    endloop
  endfacet
  facet normal -0.44228869021900108 -0.89687274153268826 0
    outer loop
      vertex -0.32500000000000029 -0.56291651245988505 -0.63749999999999996
      vertex -0.24874423103730819 -0.60052169613233652 -0.63749999999999996
      vertex -0.24874423103730819 -0.60052169613233652 -0.53125
    endloop
  endfacet
  facet normal -0.44228869021900108 -0.89687274153268826 0
    outer loop
      vertex -0.32500000000000029 -0.56291651245988505 -0.63749999999999996
      vertex -0.24874423103730819 -0.60052169613233652 -0.53125
      vertex -0.32500000000000029 -0.56291651245988505 -0.53125
    endloop
  endfacet
  facet normal -0.32143946530316131 -0.94693012949510569 0
    outer loop
      vertex -0.24874423103730819 -0.60052169613233652 -0.63749999999999996
      vertex -0.16823237931663843 -0.62785178708789446 -0.63749999999999996
      vertex -0.16823237931663843 -0.62785178708789446 -0.53125
    endloop
  endfacet
  facet normal -0.32143946530316131 -0.94693012949510569 0
    outer loop
      vertex -0.24874423103730819 -0.60052169613233652 -0.63749999999999996
      vertex -0.16823237931663843 -0.62785178708789446 -0.53125
      vertex -0.24874423103730819 -0.60052169613233652 -0.53125
    endloop
  endfacet
  facet normal -0.19509032201612719 -0.98078528040323076 0
    outer loop
      vertex -0.16823237931663843 -0.62785178708789446 -0.63749999999999996
      vertex -0.084842024943033556 -0.64443915989297673 -0.63749999999999996
      vertex -0.084842024943033556 -0.64443915989297673 -0.53125
    endloop
  endfacet
  facet normal -0.19509032201612719 -0.98078528040323076 0
    outer loop
      vertex -0.16823237931663843 -0.62785178708789446 -0.63749999999999996
      vertex -0.084842024943033556 -0.64443915989297673 -0.53125
      vertex -0.16823237931663843 -0.62785178708789446 -0.53125
    endloop
  endfacet
  facet normal -0.065403129230143825 -0.99785892323860337 0
    outer loop
      vertex -0.084842024943033556 -0.64443915989297673 -0.63749999999999996
      vertex -1.1940306291686693e-16 -0.65000000000000002 -0.63749999999999996
      vertex -1.1940306291686693e-16 -0.65000000000000002 -0.53125
    endloop
  endfacet
  facet normal -0.065403129230143825 -0.99785892323860337 0
    outer loop
      vertex -0.084842024943033556 -0.64443915989297673 -0.63749999999999996
      vertex -1.1940306291686693e-16 -0.65000000000000002 -0.53125
      vertex -0.084842024943033556 -0.64443915989297673 -0.53125
    endloop
  endfacet
  facet normal 0.065403129230142493 -0.99785892323860359 0
    outer loop
      vertex -1.1940306291686693e-16 -0.65000000000000002 -0.63749999999999996
      vertex 0.084842024943033334 -0.64443915989297684 -0.63749999999999996
      vertex 0.084842024943033334 -0.64443915989297684 -0.53125
    endloop
  endfacet
  facet normal 0.065403129230142493 -0.99785892323860359 0
    outer loop
      vertex -1.1940306291686693e-16 -0.65000000000000002 -0.63749999999999996
      vertex 0.084842024943033334 -0.64443915989297684 -0.53125
      vertex -1.1940306291686693e-16 -0.65000000000000002 -0.53125
    endloop
  endfacet
  facet normal 0.19509032201612847 -0.98078528040323054 0
    outer loop
      vertex 0.084842024943033334 -0.64443915989297684 -0.63749999999999996
      vertex 0.1682323793166382 -0.62785178708789446 -0.63749999999999996
      vertex 0.1682323793166382 -0.62785178708789446 -0.53125
    endloop
  endfacet
  facet normal 0.19509032201612847 -0.98078528040323054 0
    outer loop
      vertex 0.084842024943033334 -0.64443915989297684 -0.63749999999999996
      vertex 0.1682323793166382 -0.62785178708789446 -0.53125
      vertex 0.084842024943033334 -0.64443915989297684 -0.53125
    endloop
  endfacet
  facet normal 0.32143946530316131 -0.94693012949510569 0
    outer loop
      vertex 0.1682323793166382 -0.62785178708789446 -0.63749999999999996
      vertex 0.24874423103730797 -0.60052169613233652 -0.63749999999999996
      vertex 0.24874423103730797 -0.60052169613233652 -0.53125
    endloop
  endfacet
  facet normal 0.32143946530316131 -0.94693012949510569 0
    outer loop
      vertex 0.1682323793166382 -0.62785178708789446 -0.63749999999999996
      vertex 0.24874423103730797 -0.60052169613233652 -0.53125
      vertex 0.1682323793166382 -0.62785178708789446 -0.53125
    endloop
  endfacet
  facet normal 0.44228869021900108 -0.89687274153268826 0
    outer loop
      vertex 0.24874423103730797 -0.60052169613233652 -0.63749999999999996
      vertex 0.32500000000000007 -0.56291651245988505 -0.63749999999999996
      vertex 0.32500000000000007 -0.56291651245988505 -0.53125
    endloop
  endfacet
  facet normal 0.44228869021900108 -0.89687274153268826 0
    outer loop
      vertex 0.24874423103730797 -0.60052169613233652 -0.63749999999999996
      vertex 0.32500000000000007 -0.56291651245988505 -0.53125
      vertex 0.24874423103730797 -0.60052169613233652 -0.53125
    endloop
  endfacet
  facet normal 0.55557023301960151 -0.83146961230254568 0
    outer loop
      vertex 0.32500000000000007 -0.56291651245988505 -0.63749999999999996
      vertex 0.39569492885566793 -0.51567967118930325 -0.63749999999999996
      vertex 0.39569492885566793 -0.51567967118930325 -0.53125
    endloop
  endfacet
  facet normal 0.55557023301960151 -0.83146961230254568 0
    outer loop
      vertex 0.32500000000000007 -0.56291651245988505 -0.63749999999999996
      vertex 0.39569492885566793 -0.51567967118930325 -0.53125
      vertex 0.32500000000000007 -0.56291651245988505 -0.53125
    endloop
  endfacet
  facet normal 0.65934581510006851 -0.75183980747897783 0
    outer loop
      vertex 0.39569492885566793 -0.51567967118930325 -0.63749999999999996
      vertex 0.45961940777125582 -0.45961940777125598 -0.63749999999999996
      vertex 0.45961940777125582 -0.45961940777125598 -0.53125
    endloop
  endfacet
  facet normal 0.65934581510006851 -0.75183980747897783 0
    outer loop
      vertex 0.39569492885566793 -0.51567967118930325 -0.63749999999999996
      vertex 0.45961940777125582 -0.45961940777125598 -0.53125
      vertex 0.39569492885566793 -0.51567967118930325 -0.53125
    endloop
  endfacet
  facet normal 0.75183980747897716 -0.65934581510006907 0
    outer loop
      vertex 0.45961940777125582 -0.45961940777125598 -0.63749999999999996
      vertex 0.51567967118930269 -0.39569492885566865 -0.63749999999999996
      vertex 0.51567967118930269 -0.39569492885566865 -0.53125
    endloop
  endfacet
  facet normal 0.75183980747897716 -0.65934581510006907 0
    outer loop
      vertex 0.45961940777125582 -0.45961940777125598 -0.63749999999999996
      vertex 0.51567967118930269 -0.39569492885566865 -0.53125
      vertex 0.45961940777125582 -0.45961940777125598 -0.53125
    endloop
  endfacet
  facet normal 0.83146961230254501 -0.5555702330196024 0
    outer loop
      vertex 0.51567967118930269 -0.39569492885566865 -0.63749999999999996
      vertex 0.56291651245988494 -0.32500000000000029 -0.63749999999999996
      vertex 0.56291651245988494 -0.32500000000000029 -0.53125
    endloop
  endfacet
  facet normal 0.83146961230254501 -0.5555702330196024 0
    outer loop
      vertex 0.51567967118930269 -0.39569492885566865 -0.63749999999999996
      vertex 0.56291651245988494 -0.32500000000000029 -0.53125
      vertex 0.51567967118930269 -0.39569492885566865 -0.53125
    endloop
  endfacet
  facet normal 0.89687274153268781 -0.44228869021900213 0
    outer loop
      vertex 0.56291651245988494 -0.32500000000000029 -0.63749999999999996
      vertex 0.60052169613233652 -0.24874423103730822 -0.63749999999999996
      vertex 0.60052169613233652 -0.24874423103730822 -0.53125
    endloop
  endfacet
  facet normal 0.89687274153268781 -0.44228869021900213 0
    outer loop
      vertex 0.56291651245988494 -0.32500000000000029 -0.63749999999999996
      vertex 0.60052169613233652 -0.24874423103730822 -0.53125
      vertex 0.56291651245988494 -0.32500000000000029 -0.53125
    endloop
  endfacet
  facet normal 0.94693012949510591 -0.32143946530316109 0
    outer loop
      vertex 0.60052169613233652 -0.24874423103730822 -0.63749999999999996
      vertex 0.62785178708789424 -0.16823237931663904 -0.63749999999999996
      vertex 0.62785178708789424 -0.16823237931663904 -0.53125
    endloop
  endfacet
  facet normal 0.94693012949510591 -0.32143946530316109 0
    outer loop
      vertex 0.60052169613233652 -0.24874423103730822 -0.63749999999999996
      vertex 0.62785178708789424 -0.16823237931663904 -0.53125
      vertex 0.60052169613233652 -0.24874423103730822 -0.53125
    endloop
  endfacet
  facet normal 0.98078528040323043 -0.19509032201612844 0
    outer loop
      vertex 0.62785178708789424 -0.16823237931663904 -0.63749999999999996
      vertex 0.64443915989297673 -0.084842024943033598 -0.63749999999999996
      vertex 0.64443915989297673 -0.084842024943033598 -0.53125
    endloop
  endfacet
  facet normal 0.98078528040323043 -0.19509032201612844 0
    outer loop
      vertex 0.62785178708789424 -0.16823237931663904 -0.63749999999999996
      vertex 0.64443915989297673 -0.084842024943033598 -0.53125
      vertex 0.62785178708789424 -0.16823237931663904 -0.53125
    endloop
  endfacet
  facet normal 0.99785892323860337 -0.0654031292301437 0
    outer loop
      vertex 0.64443915989297673 -0.084842024943033598 -0.63749999999999996
      vertex 0.65000000000000002 0 -0.63749999999999996
      vertex 0.65000000000000002 0 -0.53125
    endloop
  endfacet
  facet normal 0.99785892323860337 -0.0654031292301437 0
    outer loop
      vertex 0.64443915989297673 -0.084842024943033598 -0.63749999999999996
      vertex 0.65000000000000002 0 -0.53125
      vertex 0.64443915989297673 -0.084842024943033598 -0.53125
    endloop
  endfacet
  facet normal 0.99785892323860337 0.065403129230143742 0
    outer loop
      vertex 0.65000000000000002 0 -0.53125
      vertex 0.64443915989297673 0.084842024943033528 -0.53125
      vertex 0.64443915989297673 0.084842024943033528 -0.42499999999999999
    endloop
  endfacet
  facet normal 0.99785892323860337 0.065403129230143742 -0
    outer loop
      vertex 0.65000000000000002 0 -0.53125
      vertex 0.64443915989297673 0.084842024943033528 -0.42499999999999999
      vertex 0.65000000000000002 0 -0.42499999999999999
    endloop
  endfacet
  facet normal 0.98078528040323054 0.195090322016127 0
    outer loop
      vertex 0.64443915989297673 0.084842024943033528 -0.53125
      vertex 0.62785178708789446 0.16823237931663848 -0.53125
      vertex 0.62785178708789446 0.16823237931663848 -0.42499999999999999
    endloop
  endfacet
  facet normal 0.98078528040323054 0.195090322016127 -0
    outer loop
      vertex 0.64443915989297673 0.084842024943033528 -0.53125
      vertex 0.62785178708789446 0.16823237931663848 -0.42499999999999999
      vertex 0.64443915989297673 0.084842024943033528 -0.42499999999999999
    endloop
  endfacet
  facet normal 0.94693012949510547 0.32143946530316203 0
    outer loop
      vertex 0.62785178708789446 0.16823237931663848 -0.53125
      vertex 0.60052169613233641 0.24874423103730836 -0.53125
      vertex 0.60052169613233641 0.24874423103730836 -0.42499999999999999
    endloop
  endfacet
  facet normal 0.94693012949510547 0.32143946530316203 -0
    outer loop
      vertex 0.62785178708789446 0.16823237931663848 -0.53125
      vertex 0.60052169613233641 0.24874423103730836 -0.42499999999999999
      vertex 0.62785178708789446 0.16823237931663848 -0.42499999999999999
    endloop
  endfacet
  facet normal 0.89687274153268826 0.4422886902190013 0
    outer loop
      vertex 0.60052169613233641 0.24874423103730836 -0.53125
      vertex 0.56291651245988517 0.32499999999999996 -0.53125
      vertex 0.56291651245988517 0.32499999999999996 -0.42499999999999999
    endloop
  endfacet
  facet normal 0.89687274153268826 0.4422886902190013 -0
    outer loop
      vertex 0.60052169613233641 0.24874423103730836 -0.53125
      vertex 0.56291651245988517 0.32499999999999996 -0.42499999999999999
      vertex 0.60052169613233641 0.24874423103730836 -0.42499999999999999
    endloop
  endfacet
  facet normal 0.83146961230254546 0.55557023301960184 0
    outer loop
      vertex 0.56291651245988517 0.32499999999999996 -0.53125
      vertex 0.51567967118930291 0.39569492885566843 -0.53125
      vertex 0.51567967118930291 0.39569492885566843 -0.42499999999999999
    endloop
  endfacet
  facet normal 0.83146961230254546 0.55557023301960184 -0
    outer loop
      vertex 0.56291651245988517 0.32499999999999996 -0.53125
      vertex 0.51567967118930291 0.39569492885566843 -0.42499999999999999
      vertex 0.56291651245988517 0.32499999999999996 -0.42499999999999999
    endloop
  endfacet
  facet normal 0.7518398074789775 0.65934581510006895 0
    outer loop
      vertex 0.51567967118930291 0.39569492885566843 -0.53125
      vertex 0.45961940777125593 0.45961940777125593 -0.53125
      vertex 0.45961940777125593 0.45961940777125593 -0.42499999999999999
    endloop
  endfacet
  facet normal 0.7518398074789775 0.65934581510006895 -0
    outer loop
      vertex 0.51567967118930291 0.39569492885566843 -0.53125
      vertex 0.45961940777125593 0.45961940777125593 -0.42499999999999999
      vertex 0.51567967118930291 0.39569492885566843 -0.42499999999999999
    endloop
  endfacet
  facet normal 0.65934581510006895 0.7518398074789775 0
    outer loop
      vertex 0.45961940777125593 0.45961940777125593 -0.53125
      vertex 0.39569492885566843 0.51567967118930291 -0.53125
      vertex 0.39569492885566843 0.51567967118930291 -0.42499999999999999
    endloop
  endfacet
  facet normal 0.65934581510006895 0.7518398074789775 -0
    outer loop
      vertex 0.45961940777125593 0.45961940777125593 -0.53125
      vertex 0.39569492885566843 0.51567967118930291 -0.42499999999999999
      vertex 0.45961940777125593 0.45961940777125593 -0.42499999999999999
    endloop
  endfacet
  facet normal 0.55557023301960151 0.83146961230254568 0
    outer loop
      vertex 0.39569492885566843 0.51567967118930291 -0.53125
      vertex 0.32500000000000007 0.56291651245988505 -0.53125
      vertex 0.32500000000000007 0.56291651245988505 -0.42499999999999999
    endloop
  endfacet
  facet normal 0.55557023301960151 0.83146961230254568 -0
    outer loop
      vertex 0.39569492885566843 0.51567967118930291 -0.53125
      vertex 0.32500000000000007 0.56291651245988505 -0.42499999999999999
      vertex 0.39569492885566843 0.51567967118930291 -0.42499999999999999
    endloop
  endfacet
  facet normal 0.44228869021900225 0.89687274153268803 0
    outer loop
      vertex 0.32500000000000007 0.56291651245988505 -0.53125
      vertex 0.24874423103730842 0.60052169613233641 -0.53125
      vertex 0.24874423103730842 0.60052169613233641 -0.42499999999999999
    endloop
  endfacet
  facet normal 0.44228869021900225 0.89687274153268803 -0
    outer loop
      vertex 0.32500000000000007 0.56291651245988505 -0.53125
      vertex 0.24874423103730842 0.60052169613233641 -0.42499999999999999
      vertex 0.32500000000000007 0.56291651245988505 -0.42499999999999999
    endloop
  endfacet
  facet normal 0.32143946530316192 0.94693012949510569 0
    outer loop
      vertex 0.24874423103730842 0.60052169613233641 -0.53125
      vertex 0.16823237931663848 0.62785178708789446 -0.53125
      vertex 0.16823237931663848 0.62785178708789446 -0.42499999999999999
    endloop
  endfacet
  facet normal 0.32143946530316192 0.94693012949510569 -0
    outer loop
      vertex 0.24874423103730842 0.60052169613233641 -0.53125
      vertex 0.16823237931663848 0.62785178708789446 -0.42499999999999999
      vertex 0.24874423103730842 0.60052169613233641 -0.42499999999999999
    endloop
  endfacet
  facet normal 0.19509032201612719 0.98078528040323054 0
    outer loop
      vertex 0.16823237931663848 0.62785178708789446 -0.53125
      vertex 0.084842024943033612 0.64443915989297673 -0.53125
      vertex 0.084842024943033612 0.64443915989297673 -0.42499999999999999
    endloop
  endfacet
  facet normal 0.19509032201612719 0.98078528040323054 -0
    outer loop
      vertex 0.16823237931663848 0.62785178708789446 -0.53125
      vertex 0.084842024943033612 0.64443915989297673 -0.42499999999999999
      vertex 0.16823237931663848 0.62785178708789446 -0.42499999999999999
    endloop
  endfacet
  facet normal 0.065403129230143728 0.99785892323860359 0
    outer loop
      vertex 0.084842024943033612 0.64443915989297673 -0.53125
      vertex 3.9801020972288984e-17 0.65000000000000002 -0.53125
      vertex 3.9801020972288984e-17 0.65000000000000002 -0.42499999999999999
    endloop
  endfacet
  facet normal 0.065403129230143728 0.99785892323860359 -0
    outer loop
      vertex 0.084842024943033612 0.64443915989297673 -0.53125
      vertex 3.9801020972288984e-17 0.65000000000000002 -0.42499999999999999
      vertex 0.084842024943033612 0.64443915989297673 -0.42499999999999999
    endloop
  endfacet
  facet normal -0.0654031292301437 0.99785892323860348 0
    outer loop
      vertex 3.9801020972288984e-17 0.65000000000000002 -0.53125
      vertex -0.084842024943033542 0.64443915989297673 -0.53125
      vertex -0.084842024943033542 0.64443915989297673 -0.42499999999999999
    endloop
  endfacet
  facet normal -0.0654031292301437 0.99785892323860348 0
    outer loop
      vertex 3.9801020972288984e-17 0.65000000000000002 -0.53125
      vertex -0.084842024943033542 0.64443915989297673 -0.42499999999999999
      vertex 3.9801020972288984e-17 0.65000000000000002 -0.42499999999999999
    endloop
  endfacet
  facet normal -0.19509032201612714 0.98078528040323054 0
    outer loop
      vertex -0.084842024943033542 0.64443915989297673 -0.53125
      vertex -0.16823237931663843 0.62785178708789446 -0.53125
      vertex -0.16823237931663843 0.62785178708789446 -0.42499999999999999
    endloop
  endfacet
  facet normal -0.19509032201612714 0.98078528040323054 0
    outer loop
      vertex -0.084842024943033542 0.64443915989297673 -0.53125
      vertex -0.16823237931663843 0.62785178708789446 -0.42499999999999999
      vertex -0.084842024943033542 0.64443915989297673 -0.42499999999999999
    endloop
  endfacet
  facet normal -0.32143946530316131 0.94693012949510569 0
    outer loop
      vertex -0.16823237931663843 0.62785178708789446 -0.53125
      vertex -0.24874423103730819 0.60052169613233652 -0.53125
      vertex -0.24874423103730819 0.60052169613233652 -0.42499999999999999
    endloop
  endfacet
  facet normal -0.32143946530316131 0.94693012949510569 0
    outer loop
      vertex -0.16823237931663843 0.62785178708789446 -0.53125
      vertex -0.24874423103730819 0.60052169613233652 -0.42499999999999999
      vertex -0.16823237931663843 0.62785178708789446 -0.42499999999999999
    endloop
  endfacet
  facet normal -0.44228869021900225 0.89687274153268803 0
    outer loop
      vertex -0.24874423103730819 0.60052169613233652 -0.53125
      vertex -0.32499999999999984 0.56291651245988517 -0.53125
      vertex -0.32499999999999984 0.56291651245988517 -0.42499999999999999
    endloop
  endfacet
  facet normal -0.44228869021900225 0.89687274153268803 0
    outer loop
      vertex -0.24874423103730819 0.60052169613233652 -0.53125
      vertex -0.32499999999999984 0.56291651245988517 -0.42499999999999999
      vertex -0.24874423103730819 0.60052169613233652 -0.42499999999999999
    endloop
  endfacet
  facet normal -0.55557023301960118 0.8314696123025459 0
    outer loop
      vertex -0.32499999999999984 0.56291651245988517 -0.53125
      vertex -0.39569492885566843 0.51567967118930291 -0.53125
      vertex -0.39569492885566843 0.51567967118930291 -0.42499999999999999
    endloop
  endfacet
  facet normal -0.55557023301960118 0.8314696123025459 0
    outer loop
      vertex -0.32499999999999984 0.56291651245988517 -0.53125
      vertex -0.39569492885566843 0.51567967118930291 -0.42499999999999999
      vertex -0.32499999999999984 0.56291651245988517 -0.42499999999999999
    endloop
  endfacet
  facet normal -0.65934581510006918 0.75183980747897716 0
    outer loop
      vertex -0.39569492885566843 0.51567967118930291 -0.53125
      vertex -0.45961940777125587 0.45961940777125593 -0.53125
      vertex -0.45961940777125587 0.45961940777125593 -0.42499999999999999
    endloop
  endfacet
  facet normal -0.65934581510006918 0.75183980747897716 0
    outer loop
      vertex -0.39569492885566843 0.51567967118930291 -0.53125
      vertex -0.45961940777125587 0.45961940777125593 -0.42499999999999999
      vertex -0.39569492885566843 0.51567967118930291 -0.42499999999999999
    endloop
  endfacet
  facet normal -0.75183980747897694 0.65934581510006951 0
    outer loop
      vertex -0.45961940777125587 0.45961940777125593 -0.53125
      vertex -0.5156796711893028 0.39569492885566859 -0.53125
      vertex -0.5156796711893028 0.39569492885566859 -0.42499999999999999
    endloop
  endfacet
  facet normal -0.75183980747897694 0.65934581510006951 0
    outer loop
      vertex -0.45961940777125587 0.45961940777125593 -0.53125
      vertex -0.5156796711893028 0.39569492885566859 -0.42499999999999999
      vertex -0.45961940777125587 0.45961940777125593 -0.42499999999999999
    endloop
  endfacet
  facet normal -0.83146961230254557 0.55557023301960184 0
    outer loop
      vertex -0.5156796711893028 0.39569492885566859 -0.53125
      vertex -0.56291651245988517 0.32499999999999996 -0.53125
      vertex -0.56291651245988517 0.32499999999999996 -0.42499999999999999
    endloop
  endfacet
  facet normal -0.83146961230254557 0.55557023301960184 0
    outer loop
      vertex -0.5156796711893028 0.39569492885566859 -0.53125
      vertex -0.56291651245988517 0.32499999999999996 -0.42499999999999999
      vertex -0.5156796711893028 0.39569492885566859 -0.42499999999999999
    endloop
  endfacet
  facet normal -0.89687274153268814 0.44228869021900175 0
    outer loop
      vertex -0.56291651245988517 0.32499999999999996 -0.53125
      vertex -0.60052169613233641 0.24874423103730844 -0.53125
      vertex -0.60052169613233641 0.24874423103730844 -0.42499999999999999
    endloop
  endfacet
  facet normal -0.89687274153268814 0.44228869021900175 0
    outer loop
      vertex -0.56291651245988517 0.32499999999999996 -0.53125
      vertex -0.60052169613233641 0.24874423103730844 -0.42499999999999999
      vertex -0.56291651245988517 0.32499999999999996 -0.42499999999999999
    endloop
  endfacet
  facet normal -0.94693012949510569 0.32143946530316131 0
    outer loop
      vertex -0.60052169613233641 0.24874423103730844 -0.53125
      vertex -0.62785178708789435 0.16823237931663867 -0.53125
      vertex -0.62785178708789435 0.16823237931663867 -0.42499999999999999
    endloop
  endfacet
  facet normal -0.94693012949510569 0.32143946530316131 0
    outer loop
      vertex -0.60052169613233641 0.24874423103730844 -0.53125
      vertex -0.62785178708789435 0.16823237931663867 -0.42499999999999999
      vertex -0.60052169613233641 0.24874423103730844 -0.42499999999999999
    endloop
  endfacet
  facet normal -0.98078528040323032 0.19509032201612841 0
    outer loop
      vertex -0.62785178708789435 0.16823237931663867 -0.53125
      vertex -0.64443915989297673 0.084842024943033792 -0.53125
      vertex -0.64443915989297673 0.084842024943033792 -0.42499999999999999
    endloop
  endfacet
  facet normal -0.98078528040323032 0.19509032201612841 0
    outer loop
      vertex -0.62785178708789435 0.16823237931663867 -0.53125
      vertex -0.64443915989297673 0.084842024943033792 -0.42499999999999999
      vertex -0.62785178708789435 0.16823237931663867 -0.42499999999999999
    endloop
  endfacet
  facet normal -0.99785892323860348 0.065403129230143603 0
    outer loop
      vertex -0.64443915989297673 0.084842024943033792 -0.53125
      vertex -0.65000000000000002 7.9602041944577967e-17 -0.53125
      vertex -0.65000000000000002 7.9602041944577967e-17 -0.42499999999999999
    endloop
  endfacet
  facet normal -0.99785892323860348 0.065403129230143603 0
    outer loop
      vertex -0.64443915989297673 0.084842024943033792 -0.53125
      vertex -0.65000000000000002 7.9602041944577967e-17 -0.42499999999999999
      vertex -0.64443915989297673 0.084842024943033792 -0.42499999999999999
    endloop
  endfacet
  facet normal -0.99785892323860348 -0.065403129230143589 0
    outer loop
      vertex -0.65000000000000002 7.9602041944577967e-17 -0.53125
      vertex -0.64443915989297673 -0.084842024943033653 -0.53125
      vertex -0.64443915989297673 -0.084842024943033653 -0.42499999999999999
    endloop
  endfacet
  facet normal -0.99785892323860348 -0.065403129230143589 0
    outer loop
      vertex -0.65000000000000002 7.9602041944577967e-17 -0.53125
      vertex -0.64443915989297673 -0.084842024943033653 -0.42499999999999999
      vertex -0.65000000000000002 7.9602041944577967e-17 -0.42499999999999999
    endloop
  endfacet
  facet normal -0.98078528040323054 -0.19509032201612714 0
    outer loop
      vertex -0.64443915989297673 -0.084842024943033653 -0.53125
      vertex -0.62785178708789446 -0.16823237931663854 -0.53125
      vertex -0.62785178708789446 -0.16823237931663854 -0.42499999999999999
    endloop
  endfacet
  facet normal -0.98078528040323054 -0.19509032201612714 0
    outer loop
      vertex -0.64443915989297673 -0.084842024943033653 -0.53125
      vertex -0.62785178708789446 -0.16823237931663854 -0.42499999999999999
      vertex -0.64443915989297673 -0.084842024943033653 -0.42499999999999999
    endloop
  endfacet
  facet normal -0.94693012949510569 -0.32143946530316131 0
    outer loop
      vertex -0.62785178708789446 -0.16823237931663854 -0.53125
      vertex -0.60052169613233652 -0.24874423103730831 -0.53125
      vertex -0.60052169613233652 -0.24874423103730831 -0.42499999999999999
    endloop
  endfacet
  facet normal -0.94693012949510569 -0.32143946530316131 0
    outer loop
      vertex -0.62785178708789446 -0.16823237931663854 -0.53125
      vertex -0.60052169613233652 -0.24874423103730831 -0.42499999999999999
      vertex -0.62785178708789446 -0.16823237931663854 -0.42499999999999999
    endloop
  endfacet
  facet normal -0.89687274153268826 -0.44228869021900158 0
    outer loop
      vertex -0.60052169613233652 -0.24874423103730831 -0.53125
      vertex -0.56291651245988528 -0.32499999999999984 -0.53125
      vertex -0.56291651245988528 -0.32499999999999984 -0.42499999999999999
    endloop
  endfacet
  facet normal -0.89687274153268826 -0.44228869021900158 0
    outer loop
      vertex -0.60052169613233652 -0.24874423103730831 -0.53125
      vertex -0.56291651245988528 -0.32499999999999984 -0.42499999999999999
      vertex -0.60052169613233652 -0.24874423103730831 -0.42499999999999999
    endloop
  endfacet
  facet normal -0.83146961230254535 -0.55557023301960218 0
    outer loop
      vertex -0.56291651245988528 -0.32499999999999984 -0.53125
      vertex -0.51567967118930291 -0.39569492885566843 -0.53125
      vertex -0.51567967118930291 -0.39569492885566843 -0.42499999999999999
    endloop
  endfacet
  facet normal -0.83146961230254535 -0.55557023301960218 0
    outer loop
      vertex -0.56291651245988528 -0.32499999999999984 -0.53125
      vertex -0.51567967118930291 -0.39569492885566843 -0.42499999999999999
      vertex -0.56291651245988528 -0.32499999999999984 -0.42499999999999999
    endloop
  endfacet
  facet normal -0.75183980747897738 -0.65934581510006907 0
    outer loop
      vertex -0.51567967118930291 -0.39569492885566843 -0.53125
      vertex -0.45961940777125615 -0.45961940777125565 -0.53125
      vertex -0.45961940777125615 -0.45961940777125565 -0.42499999999999999
    endloop
  endfacet
  facet normal -0.75183980747897738 -0.65934581510006907 0
    outer loop
      vertex -0.51567967118930291 -0.39569492885566843 -0.53125
      vertex -0.45961940777125615 -0.45961940777125565 -0.42499999999999999
      vertex -0.51567967118930291 -0.39569492885566843 -0.42499999999999999
    endloop
  endfacet
  facet normal -0.65934581510006895 -0.75183980747897738 0
    outer loop
      vertex -0.45961940777125615 -0.45961940777125565 -0.53125
      vertex -0.39569492885566859 -0.51567967118930269 -0.53125
      vertex -0.39569492885566859 -0.51567967118930269 -0.42499999999999999
    endloop
  endfacet
  facet normal -0.65934581510006895 -0.75183980747897738 0
    outer loop
      vertex -0.45961940777125615 -0.45961940777125565 -0.53125
      vertex -0.39569492885566859 -0.51567967118930269 -0.42499999999999999
      vertex -0.45961940777125615 -0.45961940777125565 -0.42499999999999999
    endloop
  endfacet
  facet normal -0.55557023301960362 -0.83146961230254435 0
    outer loop
      vertex -0.39569492885566859 -0.51567967118930269 -0.53125
      vertex -0.32500000000000029 -0.56291651245988505 -0.53125
      vertex -0.32500000000000029 -0.56291651245988505 -0.42499999999999999
    endloop
  endfacet
  facet normal -0.55557023301960362 -0.83146961230254435 0
    outer loop
      vertex -0.39569492885566859 -0.51567967118930269 -0.53125
      vertex -0.32500000000000029 -0.56291651245988505 -0.42499999999999999
      vertex -0.39569492885566859 -0.51567967118930269 -0.42499999999999999
    endloop
  endfacet
  facet normal -0.44228869021900102 -0.89687274153268837 0
    outer loop
      vertex -0.32500000000000029 -0.56291651245988505 -0.53125
      vertex -0.24874423103730819 -0.60052169613233652 -0.53125
      vertex -0.24874423103730819 -0.60052169613233652 -0.42499999999999999
    endloop
  endfacet
  facet normal -0.44228869021900102 -0.89687274153268837 0
    outer loop
      vertex -0.32500000000000029 -0.56291651245988505 -0.53125
      vertex -0.24874423103730819 -0.60052169613233652 -0.42499999999999999
      vertex -0.32500000000000029 -0.56291651245988505 -0.42499999999999999
    endloop
  endfacet
  facet normal -0.32143946530316131 -0.94693012949510569 0
    outer loop
      vertex -0.24874423103730819 -0.60052169613233652 -0.53125
      vertex -0.16823237931663843 -0.62785178708789446 -0.53125
      vertex -0.16823237931663843 -0.62785178708789446 -0.42499999999999999
    endloop
  endfacet
  facet normal -0.32143946530316131 -0.94693012949510569 0
    outer loop
      vertex -0.24874423103730819 -0.60052169613233652 -0.53125
      vertex -0.16823237931663843 -0.62785178708789446 -0.42499999999999999
      vertex -0.24874423103730819 -0.60052169613233652 -0.42499999999999999
    endloop
  endfacet
  facet normal -0.19509032201612719 -0.98078528040323054 0
    outer loop
      vertex -0.16823237931663843 -0.62785178708789446 -0.53125
      vertex -0.084842024943033556 -0.64443915989297673 -0.53125
      vertex -0.084842024943033556 -0.64443915989297673 -0.42499999999999999
    endloop
  endfacet
  facet normal -0.19509032201612719 -0.98078528040323054 0
    outer loop
      vertex -0.16823237931663843 -0.62785178708789446 -0.53125
      vertex -0.084842024943033556 -0.64443915989297673 -0.42499999999999999
      vertex -0.16823237931663843 -0.62785178708789446 -0.42499999999999999
    endloop
  endfacet
  facet normal -0.065403129230143825 -0.99785892323860337 0
    outer loop
      vertex -0.084842024943033556 -0.64443915989297673 -0.53125
      vertex -1.1940306291686693e-16 -0.65000000000000002 -0.53125
      vertex -1.1940306291686693e-16 -0.65000000000000002 -0.42499999999999999
    endloop
  endfacet
  facet normal -0.065403129230143825 -0.99785892323860337 0
    outer loop
      vertex -0.084842024943033556 -0.64443915989297673 -0.53125
      vertex -1.1940306291686693e-16 -0.65000000000000002 -0.42499999999999999
      vertex -0.084842024943033556 -0.64443915989297673 -0.42499999999999999
    endloop
  endfacet
  facet normal 0.065403129230142507 -0.99785892323860359 0
    outer loop
      vertex -1.1940306291686693e-16 -0.65000000000000002 -0.53125
      vertex 0.084842024943033334 -0.64443915989297684 -0.53125
      vertex 0.084842024943033334 -0.64443915989297684 -0.42499999999999999
    endloop
  endfacet
  facet normal 0.065403129230142507 -0.99785892323860359 0
    outer loop
      vertex -1.1940306291686693e-16 -0.65000000000000002 -0.53125
      vertex 0.084842024943033334 -0.64443915989297684 -0.42499999999999999
      vertex -1.1940306291686693e-16 -0.65000000000000002 -0.42499999999999999
    endloop
  endfacet
  facet normal 0.19509032201612844 -0.98078528040323032 0
    outer loop
      vertex 0.084842024943033334 -0.64443915989297684 -0.53125
      vertex 0.1682323793166382 -0.62785178708789446 -0.53125
      vertex 0.1682323793166382 -0.62785178708789446 -0.42499999999999999
    endloop
  endfacet
  facet normal 0.19509032201612844 -0.98078528040323032 0
    outer loop
      vertex 0.084842024943033334 -0.64443915989297684 -0.53125
      vertex 0.1682323793166382 -0.62785178708789446 -0.42499999999999999
      vertex 0.084842024943033334 -0.64443915989297684 -0.42499999999999999
    endloop
  endfacet
  facet normal 0.32143946530316131 -0.94693012949510569 0
    outer loop
      vertex 0.1682323793166382 -0.62785178708789446 -0.53125
      vertex 0.24874423103730797 -0.60052169613233652 -0.53125
      vertex 0.24874423103730797 -0.60052169613233652 -0.42499999999999999
    endloop
  endfacet
  facet normal 0.32143946530316131 -0.94693012949510569 0
    outer loop
      vertex 0.1682323793166382 -0.62785178708789446 -0.53125
      vertex 0.24874423103730797 -0.60052169613233652 -0.42499999999999999
      vertex 0.1682323793166382 -0.62785178708789446 -0.42499999999999999
    endloop
  endfacet
  facet normal 0.44228869021900102 -0.89687274153268837 0
    outer loop
      vertex 0.24874423103730797 -0.60052169613233652 -0.53125
      vertex 0.32500000000000007 -0.56291651245988505 -0.53125
      vertex 0.32500000000000007 -0.56291651245988505 -0.42499999999999999
    endloop
  endfacet
  facet normal 0.44228869021900102 -0.89687274153268837 0
    outer loop
      vertex 0.24874423103730797 -0.60052169613233652 -0.53125
      vertex 0.32500000000000007 -0.56291651245988505 -0.42499999999999999
      vertex 0.24874423103730797 -0.60052169613233652 -0.42499999999999999
    endloop
  endfacet
  facet normal 0.55557023301960151 -0.83146961230254568 0
    outer loop
      vertex 0.32500000000000007 -0.56291651245988505 -0.53125
      vertex 0.39569492885566793 -0.51567967118930325 -0.53125
      vertex 0.39569492885566793 -0.51567967118930325 -0.42499999999999999
    endloop
  endfacet
  facet normal 0.55557023301960151 -0.83146961230254568 0
    outer loop
      vertex 0.32500000000000007 -0.56291651245988505 -0.53125
      vertex 0.39569492885566793 -0.51567967118930325 -0.42499999999999999
      vertex 0.32500000000000007 -0.56291651245988505 -0.42499999999999999
    endloop
  endfacet
  facet normal 0.65934581510006851 -0.75183980747897783 0
    outer loop
      vertex 0.39569492885566793 -0.51567967118930325 -0.53125
      vertex 0.45961940777125582 -0.45961940777125598 -0.53125
      vertex 0.45961940777125582 -0.45961940777125598 -0.42499999999999999
    endloop
  endfacet
  facet normal 0.65934581510006851 -0.75183980747897783 0
    outer loop
      vertex 0.39569492885566793 -0.51567967118930325 -0.53125
      vertex 0.45961940777125582 -0.45961940777125598 -0.42499999999999999
      vertex 0.39569492885566793 -0.51567967118930325 -0.42499999999999999
    endloop
  endfacet
  facet normal 0.75183980747897716 -0.65934581510006907 0
    outer loop
      vertex 0.45961940777125582 -0.45961940777125598 -0.53125
      vertex 0.51567967118930269 -0.39569492885566865 -0.53125
      vertex 0.51567967118930269 -0.39569492885566865 -0.42499999999999999
    endloop
  endfacet
  facet normal 0.75183980747897716 -0.65934581510006907 0
    outer loop
      vertex 0.45961940777125582 -0.45961940777125598 -0.53125
      vertex 0.51567967118930269 -0.39569492885566865 -0.42499999999999999
      vertex 0.45961940777125582 -0.45961940777125598 -0.42499999999999999
    endloop
  endfacet
  facet normal 0.83146961230254501 -0.5555702330196024 0
    outer loop
      vertex 0.51567967118930269 -0.39569492885566865 -0.53125
      vertex 0.56291651245988494 -0.32500000000000029 -0.53125
      vertex 0.56291651245988494 -0.32500000000000029 -0.42499999999999999
    endloop
  endfacet
  facet normal 0.83146961230254501 -0.5555702330196024 0
    outer loop
      vertex 0.51567967118930269 -0.39569492885566865 -0.53125
      vertex 0.56291651245988494 -0.32500000000000029 -0.42499999999999999
      vertex 0.51567967118930269 -0.39569492885566865 -0.42499999999999999
    endloop
  endfacet
  facet normal 0.89687274153268781 -0.44228869021900225 0
    outer loop
      vertex 0.56291651245988494 -0.32500000000000029 -0.53125
      vertex 0.60052169613233652 -0.24874423103730822 -0.53125
      vertex 0.60052169613233652 -0.24874423103730822 -0.42499999999999999
    endloop
  endfacet
  facet normal 0.89687274153268781 -0.44228869021900225 0
    outer loop
      vertex 0.56291651245988494 -0.32500000000000029 -0.53125
      vertex 0.60052169613233652 -0.24874423103730822 -0.42499999999999999
      vertex 0.56291651245988494 -0.32500000000000029 -0.42499999999999999
    endloop
  endfacet
  facet normal 0.94693012949510591 -0.32143946530316103 0
    outer loop
      vertex 0.60052169613233652 -0.24874423103730822 -0.53125
      vertex 0.62785178708789424 -0.16823237931663904 -0.53125
      vertex 0.62785178708789424 -0.16823237931663904 -0.42499999999999999
    endloop
  endfacet
  facet normal 0.94693012949510591 -0.32143946530316103 0
    outer loop
      vertex 0.60052169613233652 -0.24874423103730822 -0.53125
      vertex 0.62785178708789424 -0.16823237931663904 -0.42499999999999999
      vertex 0.60052169613233652 -0.24874423103730822 -0.42499999999999999
    endloop
  endfacet
  facet normal 0.98078528040323032 -0.19509032201612841 0
    outer loop
      vertex 0.62785178708789424 -0.16823237931663904 -0.53125
      vertex 0.64443915989297673 -0.084842024943033598 -0.53125
      vertex 0.64443915989297673 -0.084842024943033598 -0.42499999999999999
    endloop
  endfacet
  facet normal 0.98078528040323032 -0.19509032201612841 0
    outer loop
      vertex 0.62785178708789424 -0.16823237931663904 -0.53125
      vertex 0.64443915989297673 -0.084842024943033598 -0.42499999999999999
      vertex 0.62785178708789424 -0.16823237931663904 -0.42499999999999999
    endloop
  endfacet
  facet normal 0.99785892323860348 -0.065403129230143686 0
    outer loop
      vertex 0.64443915989297673 -0.084842024943033598 -0.53125
      vertex 0.65000000000000002 0 -0.53125
      vertex 0.65000000000000002 0 -0.42499999999999999
    endloop
  endfacet
  facet normal 0.99785892323860348 -0.065403129230143686 0
    outer loop
      vertex 0.64443915989297673 -0.084842024943033598 -0.53125
      vertex 0.65000000000000002 0 -0.42499999999999999
      vertex 0.64443915989297673 -0.084842024943033598 -0.42499999999999999
    endloop
  endfacet
  facet normal 0.99785892323860337 0.065403129230143742 0
    outer loop
      vertex 0.65000000000000002 0 -0.42499999999999999
      vertex 0.64443915989297673 0.084842024943033528 -0.42499999999999999
      vertex 0.64443915989297673 0.084842024943033528 -0.31874999999999998
    endloop
  endfacet
  facet normal 0.99785892323860337 0.065403129230143742 -0
    outer loop
      vertex 0.65000000000000002 0 -0.42499999999999999
      vertex 0.64443915989297673 0.084842024943033528 -0.31874999999999998
      vertex 0.65000000000000002 0 -0.31874999999999998
    endloop
  endfacet
  facet normal 0.98078528040323054 0.195090322016127 0
    outer loop
      vertex 0.64443915989297673 0.084842024943033528 -0.42499999999999999
      vertex 0.62785178708789446 0.16823237931663848 -0.42499999999999999
      vertex 0.62785178708789446 0.16823237931663848 -0.31874999999999998
    endloop
  endfacet
  facet normal 0.98078528040323054 0.195090322016127 -0
    outer loop
      vertex 0.64443915989297673 0.084842024943033528 -0.42499999999999999
      vertex 0.62785178708789446 0.16823237931663848 -0.31874999999999998
      vertex 0.64443915989297673 0.084842024943033528 -0.31874999999999998
    endloop
  endfacet
  facet normal 0.94693012949510547 0.32143946530316203 0
    outer loop
      vertex 0.62785178708789446 0.16823237931663848 -0.42499999999999999
      vertex 0.60052169613233641 0.24874423103730836 -0.42499999999999999
      vertex 0.60052169613233641 0.24874423103730836 -0.31874999999999998
    endloop
  endfacet
  facet normal 0.94693012949510547 0.32143946530316203 -0
    outer loop
      vertex 0.62785178708789446 0.16823237931663848 -0.42499999999999999
      vertex 0.60052169613233641 0.24874423103730836 -0.31874999999999998
      vertex 0.62785178708789446 0.16823237931663848 -0.31874999999999998
    endloop
  endfacet
  facet normal 0.89687274153268826 0.4422886902190013 0
    outer loop
      vertex 0.60052169613233641 0.24874423103730836 -0.42499999999999999
      vertex 0.56291651245988517 0.32499999999999996 -0.42499999999999999
      vertex 0.56291651245988517 0.32499999999999996 -0.31874999999999998
    endloop
  endfacet
  facet normal 0.89687274153268826 0.4422886902190013 -0
    outer loop
      vertex 0.60052169613233641 0.24874423103730836 -0.42499999999999999
      vertex 0.56291651245988517 0.32499999999999996 -0.31874999999999998
      vertex 0.60052169613233641 0.24874423103730836 -0.31874999999999998
    endloop
  endfacet
  facet normal 0.83146961230254546 0.55557023301960184 0
    outer loop
      vertex 0.56291651245988517 0.32499999999999996 -0.42499999999999999
      vertex 0.51567967118930291 0.39569492885566843 -0.42499999999999999
      vertex 0.51567967118930291 0.39569492885566843 -0.31874999999999998
    endloop
  endfacet
  facet normal 0.83146961230254546 0.55557023301960184 -0
    outer loop
      vertex 0.56291651245988517 0.32499999999999996 -0.42499999999999999
      vertex 0.51567967118930291 0.39569492885566843 -0.31874999999999998
      vertex 0.56291651245988517 0.32499999999999996 -0.31874999999999998
    endloop
  endfacet
  facet normal 0.7518398074789775 0.65934581510006895 0
    outer loop
      vertex 0.51567967118930291 0.39569492885566843 -0.42499999999999999
      vertex 0.45961940777125593 0.45961940777125593 -0.42499999999999999
      vertex 0.45961940777125593 0.45961940777125593 -0.31874999999999998
    endloop
  endfacet
  facet normal 0.7518398074789775 0.65934581510006895 -0
    outer loop
      vertex 0.51567967118930291 0.39569492885566843 -0.42499999999999999
      vertex 0.45961940777125593 0.45961940777125593 -0.31874999999999998
      vertex 0.51567967118930291 0.39569492885566843 -0.31874999999999998
    endloop
  endfacet
  facet normal 0.65934581510006895 0.7518398074789775 0
    outer loop
      vertex 0.45961940777125593 0.45961940777125593 -0.42499999999999999
      vertex 0.39569492885566843 0.51567967118930291 -0.42499999999999999
      vertex 0.39569492885566843 0.51567967118930291 -0.31874999999999998
    endloop
  endfacet
  facet normal 0.65934581510006895 0.7518398074789775 -0
    outer loop
      vertex 0.45961940777125593 0.45961940777125593 -0.42499999999999999
      vertex 0.39569492885566843 0.51567967118930291 -0.31874999999999998
      vertex 0.45961940777125593 0.45961940777125593 -0.31874999999999998
    endloop
  endfacet
  facet normal 0.55557023301960151 0.83146961230254568 0
    outer loop
      vertex 0.39569492885566843 0.51567967118930291 -0.42499999999999999
      vertex 0.32500000000000007 0.56291651245988505 -0.42499999999999999
      vertex 0.32500000000000007 0.56291651245988505 -0.31874999999999998
    endloop
  endfacet
  facet normal 0.55557023301960151 0.83146961230254568 -0
    outer loop
      vertex 0.39569492885566843 0.51567967118930291 -0.42499999999999999
      vertex 0.32500000000000007 0.56291651245988505 -0.31874999999999998
      vertex 0.39569492885566843 0.51567967118930291 -0.31874999999999998
    endloop
  endfacet
  facet normal 0.44228869021900225 0.89687274153268803 0
    outer loop
      vertex 0.32500000000000007 0.56291651245988505 -0.42499999999999999
      vertex 0.24874423103730842 0.60052169613233641 -0.42499999999999999
      vertex 0.24874423103730842 0.60052169613233641 -0.31874999999999998
    endloop
  endfacet
  facet normal 0.44228869021900225 0.89687274153268803 -0
    outer loop
      vertex 0.32500000000000007 0.56291651245988505 -0.42499999999999999
      vertex 0.24874423103730842 0.60052169613233641 -0.31874999999999998
      vertex 0.32500000000000007 0.56291651245988505 -0.31874999999999998
    endloop
  endfacet
  facet normal 0.32143946530316192 0.94693012949510569 0
    outer loop
      vertex 0.24874423103730842 0.60052169613233641 -0.42499999999999999
      vertex 0.16823237931663848 0.62785178708789446 -0.42499999999999999
      vertex 0.16823237931663848 0.62785178708789446 -0.31874999999999998
    endloop
  endfacet
  facet normal 0.32143946530316192 0.94693012949510569 -0
    outer loop
      vertex 0.24874423103730842 0.60052169613233641 -0.42499999999999999
      vertex 0.16823237931663848 0.62785178708789446 -0.31874999999999998
      vertex 0.24874423103730842 0.60052169613233641 -0.31874999999999998
    endloop
  endfacet
  facet normal 0.19509032201612719 0.98078528040323054 0
    outer loop
      vertex 0.16823237931663848 0.62785178708789446 -0.42499999999999999
      vertex 0.084842024943033612 0.64443915989297673 -0.42499999999999999
      vertex 0.084842024943033612 0.64443915989297673 -0.31874999999999998
    endloop
  endfacet
  facet normal 0.19509032201612719 0.98078528040323054 -0
    outer loop
      vertex 0.16823237931663848 0.62785178708789446 -0.42499999999999999
      vertex 0.084842024943033612 0.64443915989297673 -0.31874999999999998
      vertex 0.16823237931663848 0.62785178708789446 -0.31874999999999998
    endloop
  endfacet
  facet normal 0.065403129230143728 0.99785892323860359 0
    outer loop
      vertex 0.084842024943033612 0.64443915989297673 -0.42499999999999999
      vertex 3.9801020972288984e-17 0.65000000000000002 -0.42499999999999999
      vertex 3.9801020972288984e-17 0.65000000000000002 -0.31874999999999998
    endloop
  endfacet
  facet normal 0.065403129230143728 0.99785892323860359 -0
    outer loop
      vertex 0.084842024943033612 0.64443915989297673 -0.42499999999999999
      vertex 3.9801020972288984e-17 0.65000000000000002 -0.31874999999999998
      vertex 0.084842024943033612 0.64443915989297673 -0.31874999999999998
    endloop
  endfacet
  facet normal -0.0654031292301437 0.99785892323860348 0
    outer loop
      vertex 3.9801020972288984e-17 0.65000000000000002 -0.42499999999999999
      vertex -0.084842024943033542 0.64443915989297673 -0.42499999999999999
      vertex -0.084842024943033542 0.64443915989297673 -0.31874999999999998
    endloop
  endfacet
  facet normal -0.0654031292301437 0.99785892323860348 0
    outer loop
      vertex 3.9801020972288984e-17 0.65000000000000002 -0.42499999999999999
      vertex -0.084842024943033542 0.64443915989297673 -0.31874999999999998
      vertex 3.9801020972288984e-17 0.65000000000000002 -0.31874999999999998
    endloop
  endfacet
  facet normal -0.19509032201612714 0.98078528040323054 0
    outer loop
      vertex -0.084842024943033542 0.64443915989297673 -0.42499999999999999
      vertex -0.16823237931663843 0.62785178708789446 -0.42499999999999999
      vertex -0.16823237931663843 0.62785178708789446 -0.31874999999999998
    endloop
  endfacet
  facet normal -0.19509032201612714 0.98078528040323054 0
    outer loop
      vertex -0.084842024943033542 0.64443915989297673 -0.42499999999999999
      vertex -0.16823237931663843 0.62785178708789446 -0.31874999999999998
      vertex -0.084842024943033542 0.64443915989297673 -0.31874999999999998
    endloop
  endfacet
  facet normal -0.32143946530316131 0.94693012949510569 0
    outer loop
      vertex -0.16823237931663843 0.62785178708789446 -0.42499999999999999
      vertex -0.24874423103730819 0.60052169613233652 -0.42499999999999999
      vertex -0.24874423103730819 0.60052169613233652 -0.31874999999999998
    endloop
  endfacet
  facet normal -0.32143946530316131 0.94693012949510569 0
    outer loop
      vertex -0.16823237931663843 0.62785178708789446 -0.42499999999999999
      vertex -0.24874423103730819 0.60052169613233652 -0.31874999999999998
      vertex -0.16823237931663843 0.62785178708789446 -0.31874999999999998
    endloop
  endfacet
  facet normal -0.44228869021900225 0.89687274153268803 0
    outer loop
      vertex -0.24874423103730819 0.60052169613233652 -0.42499999999999999
      vertex -0.32499999999999984 0.56291651245988517 -0.42499999999999999
      vertex -0.32499999999999984 0.56291651245988517 -0.31874999999999998
    endloop
  endfacet
  facet normal -0.44228869021900225 0.89687274153268803 0
    outer loop
      vertex -0.24874423103730819 0.60052169613233652 -0.42499999999999999
      vertex -0.32499999999999984 0.56291651245988517 -0.31874999999999998
      vertex -0.24874423103730819 0.60052169613233652 -0.31874999999999998
    endloop
  endfacet
  facet normal -0.55557023301960118 0.8314696123025459 0
    outer loop
      vertex -0.32499999999999984 0.56291651245988517 -0.42499999999999999
      vertex -0.39569492885566843 0.51567967118930291 -0.42499999999999999
      vertex -0.39569492885566843 0.51567967118930291 -0.31874999999999998
    endloop
  endfacet
  facet normal -0.55557023301960118 0.8314696123025459 0
    outer loop
      vertex -0.32499999999999984 0.56291651245988517 -0.42499999999999999
      vertex -0.39569492885566843 0.51567967118930291 -0.31874999999999998
      vertex -0.32499999999999984 0.56291651245988517 -0.31874999999999998
    endloop
  endfacet
  facet normal -0.65934581510006918 0.75183980747897716 0
    outer loop
      vertex -0.39569492885566843 0.51567967118930291 -0.42499999999999999
      vertex -0.45961940777125587 0.45961940777125593 -0.42499999999999999
      vertex -0.45961940777125587 0.45961940777125593 -0.31874999999999998
    endloop
  endfacet
  facet normal -0.65934581510006918 0.75183980747897716 0
    outer loop
      vertex -0.39569492885566843 0.51567967118930291 -0.42499999999999999
      vertex -0.45961940777125587 0.45961940777125593 -0.31874999999999998
      vertex -0.39569492885566843 0.51567967118930291 -0.31874999999999998
    endloop
  endfacet
  facet normal -0.75183980747897694 0.65934581510006951 0
    outer loop
      vertex -0.45961940777125587 0.45961940777125593 -0.42499999999999999
      vertex -0.5156796711893028 0.39569492885566859 -0.42499999999999999
      vertex -0.5156796711893028 0.39569492885566859 -0.31874999999999998
    endloop
  endfacet
  facet normal -0.75183980747897694 0.65934581510006951 0
    outer loop
      vertex -0.45961940777125587 0.45961940777125593 -0.42499999999999999
      vertex -0.5156796711893028 0.39569492885566859 -0.31874999999999998
      vertex -0.45961940777125587 0.45961940777125593 -0.31874999999999998
    endloop
  endfacet
  facet normal -0.83146961230254557 0.55557023301960184 0
    outer loop
      vertex -0.5156796711893028 0.39569492885566859 -0.42499999999999999
      vertex -0.56291651245988517 0.32499999999999996 -0.42499999999999999
      vertex -0.56291651245988517 0.32499999999999996 -0.31874999999999998
    endloop
  endfacet
  facet normal -0.83146961230254557 0.55557023301960184 0
    outer loop
      vertex -0.5156796711893028 0.39569492885566859 -0.42499999999999999
      vertex -0.56291651245988517 0.32499999999999996 -0.31874999999999998
      vertex -0.5156796711893028 0.39569492885566859 -0.31874999999999998
    endloop
  endfacet
  facet normal -0.89687274153268814 0.44228869021900175 0
    outer loop
      vertex -0.56291651245988517 0.32499999999999996 -0.42499999999999999
      vertex -0.60052169613233641 0.24874423103730844 -0.42499999999999999
      vertex -0.60052169613233641 0.24874423103730844 -0.31874999999999998
    endloop
  endfacet
  facet normal -0.89687274153268814 0.44228869021900175 0
    outer loop
      vertex -0.56291651245988517 0.32499999999999996 -0.42499999999999999
      vertex -0.60052169613233641 0.24874423103730844 -0.31874999999999998
      vertex -0.56291651245988517 0.32499999999999996 -0.31874999999999998
    endloop
  endfacet
  facet normal -0.94693012949510569 0.32143946530316131 0
    outer loop
      vertex -0.60052169613233641 0.24874423103730844 -0.42499999999999999
      vertex -0.62785178708789435 0.16823237931663867 -0.42499999999999999
      vertex -0.62785178708789435 0.16823237931663867 -0.31874999999999998
    endloop
  endfacet
  facet normal -0.94693012949510569 0.32143946530316131 0
    outer loop
      vertex -0.60052169613233641 0.24874423103730844 -0.42499999999999999
      vertex -0.62785178708789435 0.16823237931663867 -0.31874999999999998
      vertex -0.60052169613233641 0.24874423103730844 -0.31874999999999998
    endloop
  endfacet
  facet normal -0.98078528040323032 0.19509032201612841 0
    outer loop
      vertex -0.62785178708789435 0.16823237931663867 -0.42499999999999999
      vertex -0.64443915989297673 0.084842024943033792 -0.42499999999999999
      vertex -0.64443915989297673 0.084842024943033792 -0.31874999999999998
    endloop
  endfacet
  facet normal -0.98078528040323032 0.19509032201612841 0
    outer loop
      vertex -0.62785178708789435 0.16823237931663867 -0.42499999999999999
      vertex -0.64443915989297673 0.084842024943033792 -0.31874999999999998
      vertex -0.62785178708789435 0.16823237931663867 -0.31874999999999998
    endloop
  endfacet
  facet normal -0.99785892323860348 0.065403129230143603 0
    outer loop
      vertex -0.64443915989297673 0.084842024943033792 -0.42499999999999999
      vertex -0.65000000000000002 7.9602041944577967e-17 -0.42499999999999999
      vertex -0.65000000000000002 7.9602041944577967e-17 -0.31874999999999998
    endloop
  endfacet
  facet normal -0.99785892323860348 0.065403129230143603 0
    outer loop
      vertex -0.64443915989297673 0.084842024943033792 -0.42499999999999999
      vertex -0.65000000000000002 7.9602041944577967e-17 -0.31874999999999998
      vertex -0.64443915989297673 0.084842024943033792 -0.31874999999999998
    endloop
  endfacet
  facet normal -0.99785892323860348 -0.065403129230143589 0
    outer loop
      vertex -0.65000000000000002 7.9602041944577967e-17 -0.42499999999999999
      vertex -0.64443915989297673 -0.084842024943033653 -0.42499999999999999
      vertex -0.64443915989297673 -0.084842024943033653 -0.31874999999999998
    endloop
  endfacet
  facet normal -0.99785892323860348 -0.065403129230143589 0
    outer loop
      vertex -0.65000000000000002 7.9602041944577967e-17 -0.42499999999999999
      vertex -0.64443915989297673 -0.084842024943033653 -0.31874999999999998
      vertex -0.65000000000000002 7.9602041944577967e-17 -0.31874999999999998
    endloop
  endfacet
  facet normal -0.98078528040323054 -0.19509032201612714 0
    outer loop
      vertex -0.64443915989297673 -0.084842024943033653 -0.42499999999999999
      vertex -0.62785178708789446 -0.16823237931663854 -0.42499999999999999
      vertex -0.62785178708789446 -0.16823237931663854 -0.31874999999999998
    endloop
  endfacet
  facet normal -0.98078528040323054 -0.19509032201612714 0
    outer loop
      vertex -0.64443915989297673 -0.084842024943033653 -0.42499999999999999
      vertex -0.62785178708789446 -0.16823237931663854 -0.31874999999999998
      vertex -0.64443915989297673 -0.084842024943033653 -0.31874999999999998
    endloop
  endfacet
  facet normal -0.94693012949510569 -0.32143946530316131 0
    outer loop
      vertex -0.62785178708789446 -0.16823237931663854 -0.42499999999999999
      vertex -0.60052169613233652 -0.24874423103730831 -0.42499999999999999
      vertex -0.60052169613233652 -0.24874423103730831 -0.31874999999999998
    endloop
  endfacet
  facet normal -0.94693012949510569 -0.32143946530316131 0
    outer loop
      vertex -0.62785178708789446 -0.16823237931663854 -0.42499999999999999
      vertex -0.60052169613233652 -0.24874423103730831 -0.31874999999999998
      vertex -0.62785178708789446 -0.16823237931663854 -0.31874999999999998
    endloop
  endfacet
  facet normal -0.89687274153268826 -0.44228869021900158 0
    outer loop
      vertex -0.60052169613233652 -0.24874423103730831 -0.42499999999999999
      vertex -0.56291651245988528 -0.32499999999999984 -0.42499999999999999
      vertex -0.56291651245988528 -0.32499999999999984 -0.31874999999999998
    endloop
  endfacet
  facet normal -0.89687274153268826 -0.44228869021900158 0
    outer loop
      vertex -0.60052169613233652 -0.24874423103730831 -0.42499999999999999
      vertex -0.56291651245988528 -0.32499999999999984 -0.31874999999999998
      vertex -0.60052169613233652 -0.24874423103730831 -0.31874999999999998
    endloop
  endfacet
  facet normal -0.83146961230254535 -0.55557023301960218 0
    outer loop
      vertex -0.56291651245988528 -0.32499999999999984 -0.42499999999999999
      vertex -0.51567967118930291 -0.39569492885566843 -0.42499999999999999
      vertex -0.51567967118930291 -0.39569492885566843 -0.31874999999999998
    endloop
  endfacet
  facet normal -0.83146961230254535 -0.55557023301960218 0
    outer loop
      vertex -0.56291651245988528 -0.32499999999999984 -0.42499999999999999
      vertex -0.51567967118930291 -0.39569492885566843 -0.31874999999999998
      vertex -0.56291651245988528 -0.32499999999999984 -0.31874999999999998
    endloop
  endfacet
  facet normal -0.75183980747897738 -0.65934581510006907 0
    outer loop
      vertex -0.51567967118930291 -0.39569492885566843 -0.42499999999999999
      vertex -0.45961940777125615 -0.45961940777125565 -0.42499999999999999
      vertex -0.45961940777125615 -0.45961940777125565 -0.31874999999999998
    endloop
  endfacet
  facet normal -0.75183980747897738 -0.65934581510006907 0
    outer loop
      vertex -0.51567967118930291 -0.39569492885566843 -0.42499999999999999
      vertex -0.45961940777125615 -0.45961940777125565 -0.31874999999999998
      vertex -0.51567967118930291 -0.39569492885566843 -0.31874999999999998
    endloop
  endfacet
  facet normal -0.65934581510006895 -0.75183980747897738 0
    outer loop
      vertex -0.45961940777125615 -0.45961940777125565 -0.42499999999999999
      vertex -0.39569492885566859 -0.51567967118930269 -0.42499999999999999
      vertex -0.39569492885566859 -0.51567967118930269 -0.31874999999999998
    endloop
  endfacet
  facet normal -0.65934581510006895 -0.75183980747897738 0
    outer loop
      vertex -0.45961940777125615 -0.45961940777125565 -0.42499999999999999
      vertex -0.39569492885566859 -0.51567967118930269 -0.31874999999999998
      vertex -0.45961940777125615 -0.45961940777125565 -0.31874999999999998
    endloop
  endfacet
  facet normal -0.55557023301960362 -0.83146961230254435 0
    outer loop
      vertex -0.39569492885566859 -0.51567967118930269 -0.42499999999999999
      vertex -0.32500000000000029 -0.56291651245988505 -0.42499999999999999
      vertex -0.32500000000000029 -0.56291651245988505 -0.31874999999999998
    endloop
  endfacet
  facet normal -0.55557023301960362 -0.83146961230254435 0
    outer loop
      vertex -0.39569492885566859 -0.51567967118930269 -0.42499999999999999
      vertex -0.32500000000000029 -0.56291651245988505 -0.31874999999999998
      vertex -0.39569492885566859 -0.51567967118930269 -0.31874999999999998
    endloop
  endfacet
  facet normal -0.44228869021900102 -0.89687274153268837 0
    outer loop
      vertex -0.32500000000000029 -0.56291651245988505 -0.42499999999999999
      vertex -0.24874423103730819 -0.60052169613233652 -0.42499999999999999
      vertex -0.24874423103730819 -0.60052169613233652 -0.31874999999999998
    endloop
  endfacet
  facet normal -0.44228869021900102 -0.89687274153268837 0
    outer loop
      vertex -0.32500000000000029 -0.56291651245988505 -0.42499999999999999
      vertex -0.24874423103730819 -0.60052169613233652 -0.31874999999999998
      vertex -0.32500000000000029 -0.56291651245988505 -0.31874999999999998
    endloop
  endfacet
  facet normal -0.32143946530316131 -0.94693012949510569 0
    outer loop
      vertex -0.24874423103730819 -0.60052169613233652 -0.42499999999999999
      vertex -0.16823237931663843 -0.62785178708789446 -0.42499999999999999
      vertex -0.16823237931663843 -0.62785178708789446 -0.31874999999999998
    endloop
  endfacet
  facet normal -0.32143946530316131 -0.94693012949510569 0
    outer loop
      vertex -0.24874423103730819 -0.60052169613233652 -0.42499999999999999
      vertex -0.16823237931663843 -0.62785178708789446 -0.31874999999999998
      vertex -0.24874423103730819 -0.60052169613233652 -0.31874999999999998
    endloop
  endfacet
  facet normal -0.19509032201612719 -0.98078528040323054 0
    outer loop
      vertex -0.16823237931663843 -0.62785178708789446 -0.42499999999999999
      vertex -0.084842024943033556 -0.64443915989297673 -0.42499999999999999
      vertex -0.084842024943033556 -0.64443915989297673 -0.31874999999999998
    endloop
  endfacet
  facet normal -0.19509032201612719 -0.98078528040323054 0
    outer loop
      vertex -0.16823237931663843 -0.62785178708789446 -0.42499999999999999
      vertex -0.084842024943033556 -0.64443915989297673 -0.31874999999999998
      vertex -0.16823237931663843 -0.62785178708789446 -0.31874999999999998
    endloop
  endfacet
  facet normal -0.065403129230143825 -0.99785892323860337 0
    outer loop
      vertex -0.084842024943033556 -0.64443915989297673 -0.42499999999999999
      vertex -1.1940306291686693e-16 -0.65000000000000002 -0.42499999999999999
      vertex -1.1940306291686693e-16 -0.65000000000000002 -0.31874999999999998
    endloop
  endfacet
  facet normal -0.065403129230143825 -0.99785892323860337 0
    outer loop
      vertex -0.084842024943033556 -0.64443915989297673 -0.42499999999999999
      vertex -1.1940306291686693e-16 -0.65000000000000002 -0.31874999999999998
      vertex -0.084842024943033556 -0.64443915989297673 -0.31874999999999998
    endloop
  endfacet
  facet normal 0.065403129230142507 -0.99785892323860359 0
    outer loop
      vertex -1.1940306291686693e-16 -0.65000000000000002 -0.42499999999999999
      vertex 0.084842024943033334 -0.64443915989297684 -0.42499999999999999
      vertex 0.084842024943033334 -0.64443915989297684 -0.31874999999999998
    endloop
  endfacet
  facet normal 0.065403129230142507 -0.99785892323860359 0
    outer loop
      vertex -1.1940306291686693e-16 -0.65000000000000002 -0.42499999999999999
      vertex 0.084842024943033334 -0.64443915989297684 -0.31874999999999998
      vertex -1.1940306291686693e-16 -0.65000000000000002 -0.31874999999999998
    endloop
  endfacet
  facet normal 0.19509032201612844 -0.98078528040323032 0
    outer loop
      vertex 0.084842024943033334 -0.64443915989297684 -0.42499999999999999
      vertex 0.1682323793166382 -0.62785178708789446 -0.42499999999999999
      vertex 0.1682323793166382 -0.62785178708789446 -0.31874999999999998
    endloop
  endfacet
  facet normal 0.19509032201612844 -0.98078528040323032 0
    outer loop
      vertex 0.084842024943033334 -0.64443915989297684 -0.42499999999999999
      vertex 0.1682323793166382 -0.62785178708789446 -0.31874999999999998
      vertex 0.084842024943033334 -0.64443915989297684 -0.31874999999999998
    endloop
  endfacet
  facet normal 0.32143946530316131 -0.94693012949510569 0
    outer loop
      vertex 0.1682323793166382 -0.62785178708789446 -0.42499999999999999
      vertex 0.24874423103730797 -0.60052169613233652 -0.42499999999999999
      vertex 0.24874423103730797 -0.60052169613233652 -0.31874999999999998
    endloop
  endfacet
  facet normal 0.32143946530316131 -0.94693012949510569 0
    outer loop
      vertex 0.1682323793166382 -0.62785178708789446 -0.42499999999999999
      vertex 0.24874423103730797 -0.60052169613233652 -0.31874999999999998
      vertex 0.1682323793166382 -0.62785178708789446 -0.31874999999999998
    endloop
  endfacet
  facet normal 0.44228869021900102 -0.89687274153268837 0
    outer loop
      vertex 0.24874423103730797 -0.60052169613233652 -0.42499999999999999
      vertex 0.32500000000000007 -0.56291651245988505 -0.42499999999999999
      vertex 0.32500000000000007 -0.56291651245988505 -0.31874999999999998
    endloop
  endfacet
  facet normal 0.44228869021900102 -0.89687274153268837 0
    outer loop
      vertex 0.24874423103730797 -0.60052169613233652 -0.42499999999999999
      vertex 0.32500000000000007 -0.56291651245988505 -0.31874999999999998
      vertex 0.24874423103730797 -0.60052169613233652 -0.31874999999999998
    endloop
  endfacet
  facet normal 0.55557023301960151 -0.83146961230254568 0
    outer loop
      vertex 0.32500000000000007 -0.56291651245988505 -0.42499999999999999
      vertex 0.39569492885566793 -0.51567967118930325 -0.42499999999999999
      vertex 0.39569492885566793 -0.51567967118930325 -0.31874999999999998
    endloop
  endfacet
  facet normal 0.55557023301960151 -0.83146961230254568 0
    outer loop
      vertex 0.32500000000000007 -0.56291651245988505 -0.42499999999999999
      vertex 0.39569492885566793 -0.51567967118930325 -0.31874999999999998
      vertex 0.32500000000000007 -0.56291651245988505 -0.31874999999999998
    endloop
  endfacet
  facet normal 0.65934581510006851 -0.75183980747897783 0
    outer loop
      vertex 0.39569492885566793 -0.51567967118930325 -0.42499999999999999
      vertex 0.45961940777125582 -0.45961940777125598 -0.42499999999999999
      vertex 0.45961940777125582 -0.45961940777125598 -0.31874999999999998
    endloop
  endfacet
  facet normal 0.65934581510006851 -0.75183980747897783 0
    outer loop
      vertex 0.39569492885566793 -0.51567967118930325 -0.42499999999999999
      vertex 0.45961940777125582 -0.45961940777125598 -0.31874999999999998
      vertex 0.39569492885566793 -0.51567967118930325 -0.31874999999999998
    endloop
  endfacet
  facet normal 0.75183980747897716 -0.65934581510006907 0
    outer loop
      vertex 0.45961940777125582 -0.45961940777125598 -0.42499999999999999
      vertex 0.51567967118930269 -0.39569492885566865 -0.42499999999999999
      vertex 0.51567967118930269 -0.39569492885566865 -0.31874999999999998
    endloop
  endfacet
  facet normal 0.75183980747897716 -0.65934581510006907 0
    outer loop
      vertex 0.45961940777125582 -0.45961940777125598 -0.42499999999999999
      vertex 0.51567967118930269 -0.39569492885566865 -0.31874999999999998
      vertex 0.45961940777125582 -0.45961940777125598 -0.31874999999999998
    endloop
  endfacet
  facet normal 0.83146961230254501 -0.5555702330196024 0
    outer loop
      vertex 0.51567967118930269 -0.39569492885566865 -0.42499999999999999
      vertex 0.56291651245988494 -0.32500000000000029 -0.42499999999999999
      vertex 0.56291651245988494 -0.32500000000000029 -0.31874999999999998
    endloop
  endfacet
  facet normal 0.83146961230254501 -0.5555702330196024 0
    outer loop
      vertex 0.51567967118930269 -0.39569492885566865 -0.42499999999999999
      vertex 0.56291651245988494 -0.32500000000000029 -0.31874999999999998
      vertex 0.51567967118930269 -0.39569492885566865 -0.31874999999999998
    endloop
  endfacet
  facet normal 0.89687274153268781 -0.44228869021900225 0
    outer loop
      vertex 0.56291651245988494 -0.32500000000000029 -0.42499999999999999
      vertex 0.60052169613233652 -0.24874423103730822 -0.42499999999999999
      vertex 0.60052169613233652 -0.24874423103730822 -0.31874999999999998
    endloop
  endfacet
  facet normal 0.89687274153268781 -0.44228869021900225 0
    outer loop
      vertex 0.56291651245988494 -0.32500000000000029 -0.42499999999999999
      vertex 0.60052169613233652 -0.24874423103730822 -0.31874999999999998
      vertex 0.56291651245988494 -0.32500000000000029 -0.31874999999999998
    endloop
  endfacet
  facet normal 0.94693012949510591 -0.32143946530316103 0
    outer loop
      vertex 0.60052169613233652 -0.24874423103730822 -0.42499999999999999
      vertex 0.62785178708789424 -0.16823237931663904 -0.42499999999999999
      vertex 0.62785178708789424 -0.16823237931663904 -0.31874999999999998
    endloop
  endfacet
  facet normal 0.94693012949510591 -0.32143946530316103 0
    outer loop
      vertex 0.60052169613233652 -0.24874423103730822 -0.42499999999999999
      vertex 0.62785178708789424 -0.16823237931663904 -0.31874999999999998
      vertex 0.60052169613233652 -0.24874423103730822 -0.31874999999999998
    endloop
  endfacet
  facet normal 0.98078528040323032 -0.19509032201612841 0
    outer loop
      vertex 0.62785178708789424 -0.16823237931663904 -0.42499999999999999
      vertex 0.64443915989297673 -0.084842024943033598 -0.42499999999999999
      vertex 0.64443915989297673 -0.084842024943033598 -0.31874999999999998
    endloop
  endfacet
  facet normal 0.98078528040323032 -0.19509032201612841 0
    outer loop
      vertex 0.62785178708789424 -0.16823237931663904 -0.42499999999999999
      vertex 0.64443915989297673 -0.084842024943033598 -0.31874999999999998
      vertex 0.62785178708789424 -0.16823237931663904 -0.31874999999999998
    endloop
  endfacet
  facet normal 0.99785892323860348 -0.065403129230143686 0
    outer loop
      vertex 0.64443915989297673 -0.084842024943033598 -0.42499999999999999
      vertex 0.65000000000000002 0 -0.42499999999999999
      vertex 0.65000000000000002 0 -0.31874999999999998
    endloop
  endfacet
  facet normal 0.99785892323860348 -0.065403129230143686 0
    outer loop
      vertex 0.64443915989297673 -0.084842024943033598 -0.42499999999999999
      vertex 0.65000000000000002 0 -0.31874999999999998
      vertex 0.64443915989297673 -0.084842024943033598 -0.31874999999999998
    endloop
  endfacet
  facet normal 0.99785892323860337 0.065403129230143742 0
    outer loop
      vertex 0.65000000000000002 0 -0.31874999999999998
      vertex 0.64443915989297673 0.084842024943033528 -0.31874999999999998
      vertex 0.64443915989297673 0.084842024943033528 -0.21249999999999999
    endloop
  endfacet
  facet normal 0.99785892323860337 0.065403129230143742 -0
    outer loop
      vertex 0.65000000000000002 0 -0.31874999999999998
      vertex 0.64443915989297673 0.084842024943033528 -0.21249999999999999
      vertex 0.65000000000000002 0 -0.21249999999999999
    endloop
  endfacet
  facet normal 0.98078528040323076 0.19509032201612703 0
    outer loop
      vertex 0.64443915989297673 0.084842024943033528 -0.31874999999999998
      vertex 0.62785178708789446 0.16823237931663848 -0.31874999999999998
      vertex 0.62785178708789446 0.16823237931663848 -0.21249999999999999
    endloop
  endfacet
  facet normal 0.98078528040323076 0.19509032201612703 -0
    outer loop
      vertex 0.64443915989297673 0.084842024943033528 -0.31874999999999998
      vertex 0.62785178708789446 0.16823237931663848 -0.21249999999999999
      vertex 0.64443915989297673 0.084842024943033528 -0.21249999999999999
    endloop
  endfacet
  facet normal 0.94693012949510535 0.32143946530316203 0
    outer loop
      vertex 0.62785178708789446 0.16823237931663848 -0.31874999999999998
      vertex 0.60052169613233641 0.24874423103730836 -0.31874999999999998
      vertex 0.60052169613233641 0.24874423103730836 -0.21249999999999999
    endloop
  endfacet
  facet normal 0.94693012949510535 0.32143946530316203 -0
    outer loop
      vertex 0.62785178708789446 0.16823237931663848 -0.31874999999999998
      vertex 0.60052169613233641 0.24874423103730836 -0.21249999999999999
      vertex 0.62785178708789446 0.16823237931663848 -0.21249999999999999
    endloop
  endfacet
  facet normal 0.89687274153268826 0.4422886902190013 0
    outer loop
      vertex 0.60052169613233641 0.24874423103730836 -0.31874999999999998
      vertex 0.56291651245988517 0.32499999999999996 -0.31874999999999998
      vertex 0.56291651245988517 0.32499999999999996 -0.21249999999999999
    endloop
  endfacet
  facet normal 0.89687274153268826 0.4422886902190013 -0
    outer loop
      vertex 0.60052169613233641 0.24874423103730836 -0.31874999999999998
      vertex 0.56291651245988517 0.32499999999999996 -0.21249999999999999
      vertex 0.60052169613233641 0.24874423103730836 -0.21249999999999999
    endloop
  endfacet
  facet normal 0.83146961230254546 0.55557023301960173 0
    outer loop
      vertex 0.56291651245988517 0.32499999999999996 -0.31874999999999998
      vertex 0.51567967118930291 0.39569492885566843 -0.31874999999999998
      vertex 0.51567967118930291 0.39569492885566843 -0.21249999999999999
    endloop
  endfacet
  facet normal 0.83146961230254546 0.55557023301960173 -0
    outer loop
      vertex 0.56291651245988517 0.32499999999999996 -0.31874999999999998
      vertex 0.51567967118930291 0.39569492885566843 -0.21249999999999999
      vertex 0.56291651245988517 0.32499999999999996 -0.21249999999999999
    endloop
  endfacet
  facet normal 0.75183980747897738 0.65934581510006884 0
    outer loop
      vertex 0.51567967118930291 0.39569492885566843 -0.31874999999999998
      vertex 0.45961940777125593 0.45961940777125593 -0.31874999999999998
      vertex 0.45961940777125593 0.45961940777125593 -0.21249999999999999
    endloop
  endfacet
  facet normal 0.75183980747897738 0.65934581510006884 -0
    outer loop
      vertex 0.51567967118930291 0.39569492885566843 -0.31874999999999998
      vertex 0.45961940777125593 0.45961940777125593 -0.21249999999999999
      vertex 0.51567967118930291 0.39569492885566843 -0.21249999999999999
    endloop
  endfacet
  facet normal 0.65934581510006884 0.75183980747897738 0
    outer loop
      vertex 0.45961940777125593 0.45961940777125593 -0.31874999999999998
      vertex 0.39569492885566843 0.51567967118930291 -0.31874999999999998
      vertex 0.39569492885566843 0.51567967118930291 -0.21249999999999999
    endloop
  endfacet
  facet normal 0.65934581510006884 0.75183980747897738 -0
    outer loop
      vertex 0.45961940777125593 0.45961940777125593 -0.31874999999999998
      vertex 0.39569492885566843 0.51567967118930291 -0.21249999999999999
      vertex 0.45961940777125593 0.45961940777125593 -0.21249999999999999
    endloop
  endfacet
  facet normal 0.55557023301960162 0.83146961230254568 0
    outer loop
      vertex 0.39569492885566843 0.51567967118930291 -0.31874999999999998
      vertex 0.32500000000000007 0.56291651245988505 -0.31874999999999998
      vertex 0.32500000000000007 0.56291651245988505 -0.21249999999999999
    endloop
  endfacet
  facet normal 0.55557023301960162 0.83146961230254568 -0
    outer loop
      vertex 0.39569492885566843 0.51567967118930291 -0.31874999999999998
      vertex 0.32500000000000007 0.56291651245988505 -0.21249999999999999
      vertex 0.39569492885566843 0.51567967118930291 -0.21249999999999999
    endloop
  endfacet
  facet normal 0.44228869021900213 0.89687274153268792 0
    outer loop
      vertex 0.32500000000000007 0.56291651245988505 -0.31874999999999998
      vertex 0.24874423103730842 0.60052169613233641 -0.31874999999999998
      vertex 0.24874423103730842 0.60052169613233641 -0.21249999999999999
    endloop
  endfacet
  facet normal 0.44228869021900213 0.89687274153268792 -0
    outer loop
      vertex 0.32500000000000007 0.56291651245988505 -0.31874999999999998
      vertex 0.24874423103730842 0.60052169613233641 -0.21249999999999999
      vertex 0.32500000000000007 0.56291651245988505 -0.21249999999999999
    endloop
  endfacet
  facet normal 0.32143946530316186 0.94693012949510558 0
    outer loop
      vertex 0.24874423103730842 0.60052169613233641 -0.31874999999999998
      vertex 0.16823237931663848 0.62785178708789446 -0.31874999999999998
      vertex 0.16823237931663848 0.62785178708789446 -0.21249999999999999
    endloop
  endfacet
  facet normal 0.32143946530316186 0.94693012949510558 -0
    outer loop
      vertex 0.24874423103730842 0.60052169613233641 -0.31874999999999998
      vertex 0.16823237931663848 0.62785178708789446 -0.21249999999999999
      vertex 0.24874423103730842 0.60052169613233641 -0.21249999999999999
    endloop
  endfacet
  facet normal 0.19509032201612722 0.98078528040323076 0
    outer loop
      vertex 0.16823237931663848 0.62785178708789446 -0.31874999999999998
      vertex 0.084842024943033612 0.64443915989297673 -0.31874999999999998
      vertex 0.084842024943033612 0.64443915989297673 -0.21249999999999999
    endloop
  endfacet
  facet normal 0.19509032201612722 0.98078528040323076 -0
    outer loop
      vertex 0.16823237931663848 0.62785178708789446 -0.31874999999999998
      vertex 0.084842024943033612 0.64443915989297673 -0.21249999999999999
      vertex 0.16823237931663848 0.62785178708789446 -0.21249999999999999
    endloop
  endfacet
  facet normal 0.0654031292301437 0.99785892323860337 0
    outer loop
      vertex 0.084842024943033612 0.64443915989297673 -0.31874999999999998
      vertex 3.9801020972288984e-17 0.65000000000000002 -0.31874999999999998
      vertex 3.9801020972288984e-17 0.65000000000000002 -0.21249999999999999
    endloop
  endfacet
  facet normal 0.0654031292301437 0.99785892323860337 -0
    outer loop
      vertex 0.084842024943033612 0.64443915989297673 -0.31874999999999998
      vertex 3.9801020972288984e-17 0.65000000000000002 -0.21249999999999999
      vertex 0.084842024943033612 0.64443915989297673 -0.21249999999999999
    endloop
  endfacet
  facet normal -0.0654031292301437 0.99785892323860359 0
    outer loop
      vertex 3.9801020972288984e-17 0.65000000000000002 -0.31874999999999998
      vertex -0.084842024943033542 0.64443915989297673 -0.31874999999999998
      vertex -0.084842024943033542 0.64443915989297673 -0.21249999999999999
    endloop
  endfacet
  facet normal -0.0654031292301437 0.99785892323860359 0
    outer loop
      vertex 3.9801020972288984e-17 0.65000000000000002 -0.31874999999999998
      vertex -0.084842024943033542 0.64443915989297673 -0.21249999999999999
      vertex 3.9801020972288984e-17 0.65000000000000002 -0.21249999999999999
    endloop
  endfacet
  facet normal -0.19509032201612717 0.98078528040323076 0
    outer loop
      vertex -0.084842024943033542 0.64443915989297673 -0.31874999999999998
      vertex -0.16823237931663843 0.62785178708789446 -0.31874999999999998
      vertex -0.16823237931663843 0.62785178708789446 -0.21249999999999999
    endloop
  endfacet
  facet normal -0.19509032201612717 0.98078528040323076 0
    outer loop
      vertex -0.084842024943033542 0.64443915989297673 -0.31874999999999998
      vertex -0.16823237931663843 0.62785178708789446 -0.21249999999999999
      vertex -0.084842024943033542 0.64443915989297673 -0.21249999999999999
    endloop
  endfacet
  facet normal -0.32143946530316136 0.94693012949510591 0
    outer loop
      vertex -0.16823237931663843 0.62785178708789446 -0.31874999999999998
      vertex -0.24874423103730819 0.60052169613233652 -0.31874999999999998
      vertex -0.24874423103730819 0.60052169613233652 -0.21249999999999999
    endloop
  endfacet
  facet normal -0.32143946530316136 0.94693012949510591 0
    outer loop
      vertex -0.16823237931663843 0.62785178708789446 -0.31874999999999998
      vertex -0.24874423103730819 0.60052169613233652 -0.21249999999999999
      vertex -0.16823237931663843 0.62785178708789446 -0.21249999999999999
    endloop
  endfacet
  facet normal -0.44228869021900213 0.89687274153268792 0
    outer loop
      vertex -0.24874423103730819 0.60052169613233652 -0.31874999999999998
      vertex -0.32499999999999984 0.56291651245988517 -0.31874999999999998
      vertex -0.32499999999999984 0.56291651245988517 -0.21249999999999999
    endloop
  endfacet
  facet normal -0.44228869021900213 0.89687274153268792 0
    outer loop
      vertex -0.24874423103730819 0.60052169613233652 -0.31874999999999998
      vertex -0.32499999999999984 0.56291651245988517 -0.21249999999999999
      vertex -0.24874423103730819 0.60052169613233652 -0.21249999999999999
    endloop
  endfacet
  facet normal -0.55557023301960129 0.8314696123025459 0
    outer loop
      vertex -0.32499999999999984 0.56291651245988517 -0.31874999999999998
      vertex -0.39569492885566843 0.51567967118930291 -0.31874999999999998
      vertex -0.39569492885566843 0.51567967118930291 -0.21249999999999999
    endloop
  endfacet
  facet normal -0.55557023301960129 0.8314696123025459 0
    outer loop
      vertex -0.32499999999999984 0.56291651245988517 -0.31874999999999998
      vertex -0.39569492885566843 0.51567967118930291 -0.21249999999999999
      vertex -0.32499999999999984 0.56291651245988517 -0.21249999999999999
    endloop
  endfacet
  facet normal -0.65934581510006907 0.75183980747897716 0
    outer loop
      vertex -0.39569492885566843 0.51567967118930291 -0.31874999999999998
      vertex -0.45961940777125587 0.45961940777125593 -0.31874999999999998
      vertex -0.45961940777125587 0.45961940777125593 -0.21249999999999999
    endloop
  endfacet
  facet normal -0.65934581510006907 0.75183980747897716 0
    outer loop
      vertex -0.39569492885566843 0.51567967118930291 -0.31874999999999998
      vertex -0.45961940777125587 0.45961940777125593 -0.21249999999999999
      vertex -0.39569492885566843 0.51567967118930291 -0.21249999999999999
    endloop
  endfacet
  facet normal -0.75183980747897683 0.6593458151000694 0
    outer loop
      vertex -0.45961940777125587 0.45961940777125593 -0.31874999999999998
      vertex -0.5156796711893028 0.39569492885566859 -0.31874999999999998
      vertex -0.5156796711893028 0.39569492885566859 -0.21249999999999999
    endloop
  endfacet
  facet normal -0.75183980747897683 0.6593458151000694 0
    outer loop
      vertex -0.45961940777125587 0.45961940777125593 -0.31874999999999998
      vertex -0.5156796711893028 0.39569492885566859 -0.21249999999999999
      vertex -0.45961940777125587 0.45961940777125593 -0.21249999999999999
    endloop
  endfacet
  facet normal -0.83146961230254546 0.55557023301960184 0
    outer loop
      vertex -0.5156796711893028 0.39569492885566859 -0.31874999999999998
      vertex -0.56291651245988517 0.32499999999999996 -0.31874999999999998
      vertex -0.56291651245988517 0.32499999999999996 -0.21249999999999999
    endloop
  endfacet
  facet normal -0.83146961230254546 0.55557023301960184 0
    outer loop
      vertex -0.5156796711893028 0.39569492885566859 -0.31874999999999998
      vertex -0.56291651245988517 0.32499999999999996 -0.21249999999999999
      vertex -0.5156796711893028 0.39569492885566859 -0.21249999999999999
    endloop
  endfacet
  facet normal -0.89687274153268803 0.44228869021900163 0
    outer loop
      vertex -0.56291651245988517 0.32499999999999996 -0.31874999999999998
      vertex -0.60052169613233641 0.24874423103730844 -0.31874999999999998
      vertex -0.60052169613233641 0.24874423103730844 -0.21249999999999999
    endloop
  endfacet
  facet normal -0.89687274153268803 0.44228869021900163 0
    outer loop
      vertex -0.56291651245988517 0.32499999999999996 -0.31874999999999998
      vertex -0.60052169613233641 0.24874423103730844 -0.21249999999999999
      vertex -0.56291651245988517 0.32499999999999996 -0.21249999999999999
    endloop
  endfacet
  facet normal -0.94693012949510591 0.32143946530316136 0
    outer loop
      vertex -0.60052169613233641 0.24874423103730844 -0.31874999999999998
      vertex -0.62785178708789435 0.16823237931663867 -0.31874999999999998
      vertex -0.62785178708789435 0.16823237931663867 -0.21249999999999999
    endloop
  endfacet
  facet normal -0.94693012949510591 0.32143946530316136 0
    outer loop
      vertex -0.60052169613233641 0.24874423103730844 -0.31874999999999998
      vertex -0.62785178708789435 0.16823237931663867 -0.21249999999999999
      vertex -0.60052169613233641 0.24874423103730844 -0.21249999999999999
    endloop
  endfacet
  facet normal -0.98078528040323032 0.19509032201612839 0
    outer loop
      vertex -0.62785178708789435 0.16823237931663867 -0.31874999999999998
      vertex -0.64443915989297673 0.084842024943033792 -0.31874999999999998
      vertex -0.64443915989297673 0.084842024943033792 -0.21249999999999999
    endloop
  endfacet
  facet normal -0.98078528040323032 0.19509032201612839 0
    outer loop
      vertex -0.62785178708789435 0.16823237931663867 -0.31874999999999998
      vertex -0.64443915989297673 0.084842024943033792 -0.21249999999999999
      vertex -0.62785178708789435 0.16823237931663867 -0.21249999999999999
    endloop
  endfacet
  facet normal -0.99785892323860348 0.065403129230143603 0
    outer loop
      vertex -0.64443915989297673 0.084842024943033792 -0.31874999999999998
      vertex -0.65000000000000002 7.9602041944577967e-17 -0.31874999999999998
      vertex -0.65000000000000002 7.9602041944577967e-17 -0.21249999999999999
    endloop
  endfacet
  facet normal -0.99785892323860348 0.065403129230143603 0
    outer loop
      vertex -0.64443915989297673 0.084842024943033792 -0.31874999999999998
      vertex -0.65000000000000002 7.9602041944577967e-17 -0.21249999999999999
      vertex -0.64443915989297673 0.084842024943033792 -0.21249999999999999
    endloop
  endfacet
  facet normal -0.99785892323860348 -0.065403129230143575 0
    outer loop
      vertex -0.65000000000000002 7.9602041944577967e-17 -0.31874999999999998
      vertex -0.64443915989297673 -0.084842024943033653 -0.31874999999999998
      vertex -0.64443915989297673 -0.084842024943033653 -0.21249999999999999
    endloop
  endfacet
  facet normal -0.99785892323860348 -0.065403129230143575 0
    outer loop
      vertex -0.65000000000000002 7.9602041944577967e-17 -0.31874999999999998
      vertex -0.64443915989297673 -0.084842024943033653 -0.21249999999999999
      vertex -0.65000000000000002 7.9602041944577967e-17 -0.21249999999999999
    endloop
  endfacet
  facet normal -0.98078528040323076 -0.19509032201612717 0
    outer loop
      vertex -0.64443915989297673 -0.084842024943033653 -0.31874999999999998
      vertex -0.62785178708789446 -0.16823237931663854 -0.31874999999999998
      vertex -0.62785178708789446 -0.16823237931663854 -0.21249999999999999
    endloop
  endfacet
  facet normal -0.98078528040323076 -0.19509032201612717 0
    outer loop
      vertex -0.64443915989297673 -0.084842024943033653 -0.31874999999999998
      vertex -0.62785178708789446 -0.16823237931663854 -0.21249999999999999
      vertex -0.64443915989297673 -0.084842024943033653 -0.21249999999999999
    endloop
  endfacet
  facet normal -0.94693012949510591 -0.32143946530316136 0
    outer loop
      vertex -0.62785178708789446 -0.16823237931663854 -0.31874999999999998
      vertex -0.60052169613233652 -0.24874423103730831 -0.31874999999999998
      vertex -0.60052169613233652 -0.24874423103730831 -0.21249999999999999
    endloop
  endfacet
  facet normal -0.94693012949510591 -0.32143946530316136 0
    outer loop
      vertex -0.62785178708789446 -0.16823237931663854 -0.31874999999999998
      vertex -0.60052169613233652 -0.24874423103730831 -0.21249999999999999
      vertex -0.62785178708789446 -0.16823237931663854 -0.21249999999999999
    endloop
  endfacet
  facet normal -0.89687274153268814 -0.44228869021900163 0
    outer loop
      vertex -0.60052169613233652 -0.24874423103730831 -0.31874999999999998
      vertex -0.56291651245988528 -0.32499999999999984 -0.31874999999999998
      vertex -0.56291651245988528 -0.32499999999999984 -0.21249999999999999
    endloop
  endfacet
  facet normal -0.89687274153268814 -0.44228869021900163 0
    outer loop
      vertex -0.60052169613233652 -0.24874423103730831 -0.31874999999999998
      vertex -0.56291651245988528 -0.32499999999999984 -0.21249999999999999
      vertex -0.60052169613233652 -0.24874423103730831 -0.21249999999999999
    endloop
  endfacet
  facet normal -0.83146961230254524 -0.55557023301960218 0
    outer loop
      vertex -0.56291651245988528 -0.32499999999999984 -0.31874999999999998
      vertex -0.51567967118930291 -0.39569492885566843 -0.31874999999999998
      vertex -0.51567967118930291 -0.39569492885566843 -0.21249999999999999
    endloop
  endfacet
  facet normal -0.83146961230254524 -0.55557023301960218 0
    outer loop
      vertex -0.56291651245988528 -0.32499999999999984 -0.31874999999999998
      vertex -0.51567967118930291 -0.39569492885566843 -0.21249999999999999
      vertex -0.56291651245988528 -0.32499999999999984 -0.21249999999999999
    endloop
  endfacet
  facet normal -0.75183980747897716 -0.65934581510006895 0
    outer loop
      vertex -0.51567967118930291 -0.39569492885566843 -0.31874999999999998
      vertex -0.45961940777125615 -0.45961940777125565 -0.31874999999999998
      vertex -0.45961940777125615 -0.45961940777125565 -0.21249999999999999
    endloop
  endfacet
  facet normal -0.75183980747897716 -0.65934581510006895 0
    outer loop
      vertex -0.51567967118930291 -0.39569492885566843 -0.31874999999999998
      vertex -0.45961940777125615 -0.45961940777125565 -0.21249999999999999
      vertex -0.51567967118930291 -0.39569492885566843 -0.21249999999999999
    endloop
  endfacet
  facet normal -0.65934581510006884 -0.75183980747897738 0
    outer loop
      vertex -0.45961940777125615 -0.45961940777125565 -0.31874999999999998
      vertex -0.39569492885566859 -0.51567967118930269 -0.31874999999999998
      vertex -0.39569492885566859 -0.51567967118930269 -0.21249999999999999
    endloop
  endfacet
  facet normal -0.65934581510006884 -0.75183980747897738 0
    outer loop
      vertex -0.45961940777125615 -0.45961940777125565 -0.31874999999999998
      vertex -0.39569492885566859 -0.51567967118930269 -0.21249999999999999
      vertex -0.45961940777125615 -0.45961940777125565 -0.21249999999999999
    endloop
  endfacet
  facet normal -0.55557023301960362 -0.83146961230254424 0
    outer loop
      vertex -0.39569492885566859 -0.51567967118930269 -0.31874999999999998
      vertex -0.32500000000000029 -0.56291651245988505 -0.31874999999999998
      vertex -0.32500000000000029 -0.56291651245988505 -0.21249999999999999
    endloop
  endfacet
  facet normal -0.55557023301960362 -0.83146961230254424 0
    outer loop
      vertex -0.39569492885566859 -0.51567967118930269 -0.31874999999999998
      vertex -0.32500000000000029 -0.56291651245988505 -0.21249999999999999
      vertex -0.39569492885566859 -0.51567967118930269 -0.21249999999999999
    endloop
  endfacet
  facet normal -0.44228869021900119 -0.89687274153268848 0
    outer loop
      vertex -0.32500000000000029 -0.56291651245988505 -0.31874999999999998
      vertex -0.24874423103730819 -0.60052169613233652 -0.31874999999999998
      vertex -0.24874423103730819 -0.60052169613233652 -0.21249999999999999
    endloop
  endfacet
  facet normal -0.44228869021900119 -0.89687274153268848 0
    outer loop
      vertex -0.32500000000000029 -0.56291651245988505 -0.31874999999999998
      vertex -0.24874423103730819 -0.60052169613233652 -0.21249999999999999
      vertex -0.32500000000000029 -0.56291651245988505 -0.21249999999999999
    endloop
  endfacet
  facet normal -0.32143946530316136 -0.94693012949510591 0
    outer loop
      vertex -0.24874423103730819 -0.60052169613233652 -0.31874999999999998
      vertex -0.16823237931663843 -0.62785178708789446 -0.31874999999999998
      vertex -0.16823237931663843 -0.62785178708789446 -0.21249999999999999
    endloop
  endfacet
  facet normal -0.32143946530316136 -0.94693012949510591 0
    outer loop
      vertex -0.24874423103730819 -0.60052169613233652 -0.31874999999999998
      vertex -0.16823237931663843 -0.62785178708789446 -0.21249999999999999
      vertex -0.24874423103730819 -0.60052169613233652 -0.21249999999999999
    endloop
  endfacet
  facet normal -0.19509032201612722 -0.98078528040323076 0
    outer loop
      vertex -0.16823237931663843 -0.62785178708789446 -0.31874999999999998
      vertex -0.084842024943033556 -0.64443915989297673 -0.31874999999999998
      vertex -0.084842024943033556 -0.64443915989297673 -0.21249999999999999
    endloop
  endfacet
  facet normal -0.19509032201612722 -0.98078528040323076 0
    outer loop
      vertex -0.16823237931663843 -0.62785178708789446 -0.31874999999999998
      vertex -0.084842024943033556 -0.64443915989297673 -0.21249999999999999
      vertex -0.16823237931663843 -0.62785178708789446 -0.21249999999999999
    endloop
  endfacet
  facet normal -0.065403129230143839 -0.99785892323860359 0
    outer loop
      vertex -0.084842024943033556 -0.64443915989297673 -0.31874999999999998
      vertex -1.1940306291686693e-16 -0.65000000000000002 -0.31874999999999998
      vertex -1.1940306291686693e-16 -0.65000000000000002 -0.21249999999999999
    endloop
  endfacet
  facet normal -0.065403129230143839 -0.99785892323860359 0
    outer loop
      vertex -0.084842024943033556 -0.64443915989297673 -0.31874999999999998
      vertex -1.1940306291686693e-16 -0.65000000000000002 -0.21249999999999999
      vertex -0.084842024943033556 -0.64443915989297673 -0.21249999999999999
    endloop
  endfacet
  facet normal 0.065403129230142507 -0.99785892323860359 0
    outer loop
      vertex -1.1940306291686693e-16 -0.65000000000000002 -0.31874999999999998
      vertex 0.084842024943033334 -0.64443915989297684 -0.31874999999999998
      vertex 0.084842024943033334 -0.64443915989297684 -0.21249999999999999
    endloop
  endfacet
  facet normal 0.065403129230142507 -0.99785892323860359 0
    outer loop
      vertex -1.1940306291686693e-16 -0.65000000000000002 -0.31874999999999998
      vertex 0.084842024943033334 -0.64443915989297684 -0.21249999999999999
      vertex -1.1940306291686693e-16 -0.65000000000000002 -0.21249999999999999
    endloop
  endfacet
  facet normal 0.19509032201612847 -0.98078528040323054 0
    outer loop
      vertex 0.084842024943033334 -0.64443915989297684 -0.31874999999999998
      vertex 0.1682323793166382 -0.62785178708789446 -0.31874999999999998
      vertex 0.1682323793166382 -0.62785178708789446 -0.21249999999999999
    endloop
  endfacet
  facet normal 0.19509032201612847 -0.98078528040323054 0
    outer loop
      vertex 0.084842024943033334 -0.64443915989297684 -0.31874999999999998
      vertex 0.1682323793166382 -0.62785178708789446 -0.21249999999999999
      vertex 0.084842024943033334 -0.64443915989297684 -0.21249999999999999
    endloop
  endfacet
  facet normal 0.32143946530316136 -0.94693012949510591 0
    outer loop
      vertex 0.1682323793166382 -0.62785178708789446 -0.31874999999999998
      vertex 0.24874423103730797 -0.60052169613233652 -0.31874999999999998
      vertex 0.24874423103730797 -0.60052169613233652 -0.21249999999999999
    endloop
  endfacet
  facet normal 0.32143946530316136 -0.94693012949510591 0
    outer loop
      vertex 0.1682323793166382 -0.62785178708789446 -0.31874999999999998
      vertex 0.24874423103730797 -0.60052169613233652 -0.21249999999999999
      vertex 0.1682323793166382 -0.62785178708789446 -0.21249999999999999
    endloop
  endfacet
  facet normal 0.44228869021900119 -0.89687274153268848 0
    outer loop
      vertex 0.24874423103730797 -0.60052169613233652 -0.31874999999999998
      vertex 0.32500000000000007 -0.56291651245988505 -0.31874999999999998
      vertex 0.32500000000000007 -0.56291651245988505 -0.21249999999999999
    endloop
  endfacet
  facet normal 0.44228869021900119 -0.89687274153268848 0
    outer loop
      vertex 0.24874423103730797 -0.60052169613233652 -0.31874999999999998
      vertex 0.32500000000000007 -0.56291651245988505 -0.21249999999999999
      vertex 0.24874423103730797 -0.60052169613233652 -0.21249999999999999
    endloop
  endfacet
  facet normal 0.55557023301960162 -0.83146961230254579 0
    outer loop
      vertex 0.32500000000000007 -0.56291651245988505 -0.31874999999999998
      vertex 0.39569492885566793 -0.51567967118930325 -0.31874999999999998
      vertex 0.39569492885566793 -0.51567967118930325 -0.21249999999999999
    endloop
  endfacet
  facet normal 0.55557023301960162 -0.83146961230254579 0
    outer loop
      vertex 0.32500000000000007 -0.56291651245988505 -0.31874999999999998
      vertex 0.39569492885566793 -0.51567967118930325 -0.21249999999999999
      vertex 0.32500000000000007 -0.56291651245988505 -0.21249999999999999
    endloop
  endfacet
  facet normal 0.6593458151000684 -0.75183980747897783 0
    outer loop
      vertex 0.39569492885566793 -0.51567967118930325 -0.31874999999999998
      vertex 0.45961940777125582 -0.45961940777125598 -0.31874999999999998
      vertex 0.45961940777125582 -0.45961940777125598 -0.21249999999999999
    endloop
  endfacet
  facet normal 0.6593458151000684 -0.75183980747897783 0
    outer loop
      vertex 0.39569492885566793 -0.51567967118930325 -0.31874999999999998
      vertex 0.45961940777125582 -0.45961940777125598 -0.21249999999999999
      vertex 0.39569492885566793 -0.51567967118930325 -0.21249999999999999
    endloop
  endfacet
  facet normal 0.75183980747897727 -0.65934581510006907 0
    outer loop
      vertex 0.45961940777125582 -0.45961940777125598 -0.31874999999999998
      vertex 0.51567967118930269 -0.39569492885566865 -0.31874999999999998
      vertex 0.51567967118930269 -0.39569492885566865 -0.21249999999999999
    endloop
  endfacet
  facet normal 0.75183980747897727 -0.65934581510006907 0
    outer loop
      vertex 0.45961940777125582 -0.45961940777125598 -0.31874999999999998
      vertex 0.51567967118930269 -0.39569492885566865 -0.21249999999999999
      vertex 0.45961940777125582 -0.45961940777125598 -0.21249999999999999
    endloop
  endfacet
  facet normal 0.83146961230254512 -0.5555702330196024 0
    outer loop
      vertex 0.51567967118930269 -0.39569492885566865 -0.31874999999999998
      vertex 0.56291651245988494 -0.32500000000000029 -0.31874999999999998
      vertex 0.56291651245988494 -0.32500000000000029 -0.21249999999999999
    endloop
  endfacet
  facet normal 0.83146961230254512 -0.5555702330196024 0
    outer loop
      vertex 0.51567967118930269 -0.39569492885566865 -0.31874999999999998
      vertex 0.56291651245988494 -0.32500000000000029 -0.21249999999999999
      vertex 0.51567967118930269 -0.39569492885566865 -0.21249999999999999
    endloop
  endfacet
  facet normal 0.89687274153268781 -0.44228869021900225 0
    outer loop
      vertex 0.56291651245988494 -0.32500000000000029 -0.31874999999999998
      vertex 0.60052169613233652 -0.24874423103730822 -0.31874999999999998
      vertex 0.60052169613233652 -0.24874423103730822 -0.21249999999999999
    endloop
  endfacet
  facet normal 0.89687274153268781 -0.44228869021900225 0
    outer loop
      vertex 0.56291651245988494 -0.32500000000000029 -0.31874999999999998
      vertex 0.60052169613233652 -0.24874423103730822 -0.21249999999999999
      vertex 0.56291651245988494 -0.32500000000000029 -0.21249999999999999
    endloop
  endfacet
  facet normal 0.94693012949510591 -0.32143946530316109 0
    outer loop
      vertex 0.60052169613233652 -0.24874423103730822 -0.31874999999999998
      vertex 0.62785178708789424 -0.16823237931663904 -0.31874999999999998
      vertex 0.62785178708789424 -0.16823237931663904 -0.21249999999999999
    endloop
  endfacet
  facet normal 0.94693012949510591 -0.32143946530316109 0
    outer loop
      vertex 0.60052169613233652 -0.24874423103730822 -0.31874999999999998
      vertex 0.62785178708789424 -0.16823237931663904 -0.21249999999999999
      vertex 0.60052169613233652 -0.24874423103730822 -0.21249999999999999
    endloop
  endfacet
  facet normal 0.98078528040323032 -0.19509032201612841 0
    outer loop
      vertex 0.62785178708789424 -0.16823237931663904 -0.31874999999999998
      vertex 0.64443915989297673 -0.084842024943033598 -0.31874999999999998
      vertex 0.64443915989297673 -0.084842024943033598 -0.21249999999999999
    endloop
  endfacet
  facet normal 0.98078528040323032 -0.19509032201612841 0
    outer loop
      vertex 0.62785178708789424 -0.16823237931663904 -0.31874999999999998
      vertex 0.64443915989297673 -0.084842024943033598 -0.21249999999999999
      vertex 0.62785178708789424 -0.16823237931663904 -0.21249999999999999
    endloop
  endfacet
  facet normal 0.99785892323860348 -0.065403129230143686 0
    outer loop
      vertex 0.64443915989297673 -0.084842024943033598 -0.31874999999999998
      vertex 0.65000000000000002 0 -0.31874999999999998
      vertex 0.65000000000000002 0 -0.21249999999999999
    endloop
  endfacet
  facet normal 0.99785892323860348 -0.065403129230143686 0
    outer loop
      vertex 0.64443915989297673 -0.084842024943033598 -0.31874999999999998
      vertex 0.65000000000000002 0 -0.21249999999999999
      vertex 0.64443915989297673 -0.084842024943033598 -0.21249999999999999
    endloop
  endfacet
  facet normal 0.99785892323860337 0.065403129230143742 0
    outer loop
      vertex 0.65000000000000002 0 -0.21249999999999999
      vertex 0.64443915989297673 0.084842024943033528 -0.21249999999999999
      vertex 0.64443915989297673 0.084842024943033528 -0.10625
    endloop
  endfacet
  facet normal 0.99785892323860337 0.065403129230143742 -0
    outer loop
      vertex 0.65000000000000002 0 -0.21249999999999999
      vertex 0.64443915989297673 0.084842024943033528 -0.10625
      vertex 0.65000000000000002 0 -0.10625
    endloop
  endfacet
  facet normal 0.98078528040323076 0.195090322016127 0
    outer loop
      vertex 0.64443915989297673 0.084842024943033528 -0.21249999999999999
      vertex 0.62785178708789446 0.16823237931663848 -0.21249999999999999
      vertex 0.62785178708789446 0.16823237931663848 -0.10625
    endloop
  endfacet
  facet normal 0.98078528040323076 0.195090322016127 -0
    outer loop
      vertex 0.64443915989297673 0.084842024943033528 -0.21249999999999999
      vertex 0.62785178708789446 0.16823237931663848 -0.10625
      vertex 0.64443915989297673 0.084842024943033528 -0.10625
    endloop
  endfacet
  facet normal 0.94693012949510558 0.32143946530316209 0
    outer loop
      vertex 0.62785178708789446 0.16823237931663848 -0.21249999999999999
      vertex 0.60052169613233641 0.24874423103730836 -0.21249999999999999
      vertex 0.60052169613233641 0.24874423103730836 -0.10625
    endloop
  endfacet
  facet normal 0.94693012949510558 0.32143946530316209 -0
    outer loop
      vertex 0.62785178708789446 0.16823237931663848 -0.21249999999999999
      vertex 0.60052169613233641 0.24874423103730836 -0.10625
      vertex 0.62785178708789446 0.16823237931663848 -0.10625
    endloop
  endfacet
  facet normal 0.89687274153268826 0.4422886902190013 0
    outer loop
      vertex 0.60052169613233641 0.24874423103730836 -0.21249999999999999
      vertex 0.56291651245988517 0.32499999999999996 -0.21249999999999999
      vertex 0.56291651245988517 0.32499999999999996 -0.10625
    endloop
  endfacet
  facet normal 0.89687274153268826 0.4422886902190013 -0
    outer loop
      vertex 0.60052169613233641 0.24874423103730836 -0.21249999999999999
      vertex 0.56291651245988517 0.32499999999999996 -0.10625
      vertex 0.60052169613233641 0.24874423103730836 -0.10625
    endloop
  endfacet
  facet normal 0.83146961230254557 0.55557023301960184 0
    outer loop
      vertex 0.56291651245988517 0.32499999999999996 -0.21249999999999999
      vertex 0.51567967118930291 0.39569492885566843 -0.21249999999999999
      vertex 0.51567967118930291 0.39569492885566843 -0.10625
    endloop
  endfacet
  facet normal 0.83146961230254557 0.55557023301960184 -0
    outer loop
      vertex 0.56291651245988517 0.32499999999999996 -0.21249999999999999
      vertex 0.51567967118930291 0.39569492885566843 -0.10625
      vertex 0.56291651245988517 0.32499999999999996 -0.10625
    endloop
  endfacet
  facet normal 0.75183980747897738 0.65934581510006884 0
    outer loop
      vertex 0.51567967118930291 0.39569492885566843 -0.21249999999999999
      vertex 0.45961940777125593 0.45961940777125593 -0.21249999999999999
      vertex 0.45961940777125593 0.45961940777125593 -0.10625
    endloop
  endfacet
  facet normal 0.75183980747897738 0.65934581510006884 -0
    outer loop
      vertex 0.51567967118930291 0.39569492885566843 -0.21249999999999999
      vertex 0.45961940777125593 0.45961940777125593 -0.10625
      vertex 0.51567967118930291 0.39569492885566843 -0.10625
    endloop
  endfacet
  facet normal 0.65934581510006884 0.75183980747897738 0
    outer loop
      vertex 0.45961940777125593 0.45961940777125593 -0.21249999999999999
      vertex 0.39569492885566843 0.51567967118930291 -0.21249999999999999
      vertex 0.39569492885566843 0.51567967118930291 -0.10625
    endloop
  endfacet
  facet normal 0.65934581510006884 0.75183980747897738 -0
    outer loop
      vertex 0.45961940777125593 0.45961940777125593 -0.21249999999999999
      vertex 0.39569492885566843 0.51567967118930291 -0.10625
      vertex 0.45961940777125593 0.45961940777125593 -0.10625
    endloop
  endfacet
  facet normal 0.55557023301960162 0.83146961230254579 0
    outer loop
      vertex 0.39569492885566843 0.51567967118930291 -0.21249999999999999
      vertex 0.32500000000000007 0.56291651245988505 -0.21249999999999999
      vertex 0.32500000000000007 0.56291651245988505 -0.10625
    endloop
  endfacet
  facet normal 0.55557023301960162 0.83146961230254579 -0
    outer loop
      vertex 0.39569492885566843 0.51567967118930291 -0.21249999999999999
      vertex 0.32500000000000007 0.56291651245988505 -0.10625
      vertex 0.39569492885566843 0.51567967118930291 -0.10625
    endloop
  endfacet
  facet normal 0.44228869021900213 0.89687274153268803 0
    outer loop
      vertex 0.32500000000000007 0.56291651245988505 -0.21249999999999999
      vertex 0.24874423103730842 0.60052169613233641 -0.21249999999999999
      vertex 0.24874423103730842 0.60052169613233641 -0.10625
    endloop
  endfacet
  facet normal 0.44228869021900213 0.89687274153268803 -0
    outer loop
      vertex 0.32500000000000007 0.56291651245988505 -0.21249999999999999
      vertex 0.24874423103730842 0.60052169613233641 -0.10625
      vertex 0.32500000000000007 0.56291651245988505 -0.10625
    endloop
  endfacet
  facet normal 0.32143946530316192 0.94693012949510558 0
    outer loop
      vertex 0.24874423103730842 0.60052169613233641 -0.21249999999999999
      vertex 0.16823237931663848 0.62785178708789446 -0.21249999999999999
      vertex 0.16823237931663848 0.62785178708789446 -0.10625
    endloop
  endfacet
  facet normal 0.32143946530316192 0.94693012949510558 -0
    outer loop
      vertex 0.24874423103730842 0.60052169613233641 -0.21249999999999999
      vertex 0.16823237931663848 0.62785178708789446 -0.10625
      vertex 0.24874423103730842 0.60052169613233641 -0.10625
    endloop
  endfacet
  facet normal 0.19509032201612719 0.98078528040323076 0
    outer loop
      vertex 0.16823237931663848 0.62785178708789446 -0.21249999999999999
      vertex 0.084842024943033612 0.64443915989297673 -0.21249999999999999
      vertex 0.084842024943033612 0.64443915989297673 -0.10625
    endloop
  endfacet
  facet normal 0.19509032201612719 0.98078528040323076 -0
    outer loop
      vertex 0.16823237931663848 0.62785178708789446 -0.21249999999999999
      vertex 0.084842024943033612 0.64443915989297673 -0.10625
      vertex 0.16823237931663848 0.62785178708789446 -0.10625
    endloop
  endfacet
  facet normal 0.065403129230143714 0.99785892323860359 0
    outer loop
      vertex 0.084842024943033612 0.64443915989297673 -0.21249999999999999
      vertex 3.9801020972288984e-17 0.65000000000000002 -0.21249999999999999
      vertex 3.9801020972288984e-17 0.65000000000000002 -0.10625
    endloop
  endfacet
  facet normal 0.065403129230143714 0.99785892323860359 -0
    outer loop
      vertex 0.084842024943033612 0.64443915989297673 -0.21249999999999999
      vertex 3.9801020972288984e-17 0.65000000000000002 -0.10625
      vertex 0.084842024943033612 0.64443915989297673 -0.10625
    endloop
  endfacet
  facet normal -0.065403129230143714 0.99785892323860359 0
    outer loop
      vertex 3.9801020972288984e-17 0.65000000000000002 -0.21249999999999999
      vertex -0.084842024943033542 0.64443915989297673 -0.21249999999999999
      vertex -0.084842024943033542 0.64443915989297673 -0.10625
    endloop
  endfacet
  facet normal -0.065403129230143714 0.99785892323860359 0
    outer loop
      vertex 3.9801020972288984e-17 0.65000000000000002 -0.21249999999999999
      vertex -0.084842024943033542 0.64443915989297673 -0.10625
      vertex 3.9801020972288984e-17 0.65000000000000002 -0.10625
    endloop
  endfacet
  facet normal -0.19509032201612717 0.98078528040323076 0
    outer loop
      vertex -0.084842024943033542 0.64443915989297673 -0.21249999999999999
      vertex -0.16823237931663843 0.62785178708789446 -0.21249999999999999
      vertex -0.16823237931663843 0.62785178708789446 -0.10625
    endloop
  endfacet
  facet normal -0.19509032201612717 0.98078528040323076 0
    outer loop
      vertex -0.084842024943033542 0.64443915989297673 -0.21249999999999999
      vertex -0.16823237931663843 0.62785178708789446 -0.10625
      vertex -0.084842024943033542 0.64443915989297673 -0.10625
    endloop
  endfacet
  facet normal -0.32143946530316131 0.94693012949510569 0
    outer loop
      vertex -0.16823237931663843 0.62785178708789446 -0.21249999999999999
      vertex -0.24874423103730819 0.60052169613233652 -0.21249999999999999
      vertex -0.24874423103730819 0.60052169613233652 -0.10625
    endloop
  endfacet
  facet normal -0.32143946530316131 0.94693012949510569 0
    outer loop
      vertex -0.16823237931663843 0.62785178708789446 -0.21249999999999999
      vertex -0.24874423103730819 0.60052169613233652 -0.10625
      vertex -0.16823237931663843 0.62785178708789446 -0.10625
    endloop
  endfacet
  facet normal -0.44228869021900213 0.89687274153268803 0
    outer loop
      vertex -0.24874423103730819 0.60052169613233652 -0.21249999999999999
      vertex -0.32499999999999984 0.56291651245988517 -0.21249999999999999
      vertex -0.32499999999999984 0.56291651245988517 -0.10625
    endloop
  endfacet
  facet normal -0.44228869021900213 0.89687274153268803 0
    outer loop
      vertex -0.24874423103730819 0.60052169613233652 -0.21249999999999999
      vertex -0.32499999999999984 0.56291651245988517 -0.10625
      vertex -0.24874423103730819 0.60052169613233652 -0.10625
    endloop
  endfacet
  facet normal -0.55557023301960118 0.8314696123025459 0
    outer loop
      vertex -0.32499999999999984 0.56291651245988517 -0.21249999999999999
      vertex -0.39569492885566843 0.51567967118930291 -0.21249999999999999
      vertex -0.39569492885566843 0.51567967118930291 -0.10625
    endloop
  endfacet
  facet normal -0.55557023301960118 0.8314696123025459 0
    outer loop
      vertex -0.32499999999999984 0.56291651245988517 -0.21249999999999999
      vertex -0.39569492885566843 0.51567967118930291 -0.10625
      vertex -0.32499999999999984 0.56291651245988517 -0.10625
    endloop
  endfacet
  facet normal -0.65934581510006918 0.75183980747897727 0
    outer loop
      vertex -0.39569492885566843 0.51567967118930291 -0.21249999999999999
      vertex -0.45961940777125587 0.45961940777125593 -0.21249999999999999
      vertex -0.45961940777125587 0.45961940777125593 -0.10625
    endloop
  endfacet
  facet normal -0.65934581510006918 0.75183980747897727 0
    outer loop
      vertex -0.39569492885566843 0.51567967118930291 -0.21249999999999999
      vertex -0.45961940777125587 0.45961940777125593 -0.10625
      vertex -0.39569492885566843 0.51567967118930291 -0.10625
    endloop
  endfacet
  facet normal -0.75183980747897694 0.6593458151000694 0
    outer loop
      vertex -0.45961940777125587 0.45961940777125593 -0.21249999999999999
      vertex -0.5156796711893028 0.39569492885566859 -0.21249999999999999
      vertex -0.5156796711893028 0.39569492885566859 -0.10625
    endloop
  endfacet
  facet normal -0.75183980747897694 0.6593458151000694 0
    outer loop
      vertex -0.45961940777125587 0.45961940777125593 -0.21249999999999999
      vertex -0.5156796711893028 0.39569492885566859 -0.10625
      vertex -0.45961940777125587 0.45961940777125593 -0.10625
    endloop
  endfacet
  facet normal -0.83146961230254535 0.55557023301960184 0
    outer loop
      vertex -0.5156796711893028 0.39569492885566859 -0.21249999999999999
      vertex -0.56291651245988517 0.32499999999999996 -0.21249999999999999
      vertex -0.56291651245988517 0.32499999999999996 -0.10625
    endloop
  endfacet
  facet normal -0.83146961230254535 0.55557023301960184 0
    outer loop
      vertex -0.5156796711893028 0.39569492885566859 -0.21249999999999999
      vertex -0.56291651245988517 0.32499999999999996 -0.10625
      vertex -0.5156796711893028 0.39569492885566859 -0.10625
    endloop
  endfacet
  facet normal -0.89687274153268803 0.44228869021900163 0
    outer loop
      vertex -0.56291651245988517 0.32499999999999996 -0.21249999999999999
      vertex -0.60052169613233641 0.24874423103730844 -0.21249999999999999
      vertex -0.60052169613233641 0.24874423103730844 -0.10625
    endloop
  endfacet
  facet normal -0.89687274153268803 0.44228869021900163 0
    outer loop
      vertex -0.56291651245988517 0.32499999999999996 -0.21249999999999999
      vertex -0.60052169613233641 0.24874423103730844 -0.10625
      vertex -0.56291651245988517 0.32499999999999996 -0.10625
    endloop
  endfacet
  facet normal -0.94693012949510569 0.32143946530316131 0
    outer loop
      vertex -0.60052169613233641 0.24874423103730844 -0.21249999999999999
      vertex -0.62785178708789435 0.16823237931663867 -0.21249999999999999
      vertex -0.62785178708789435 0.16823237931663867 -0.10625
    endloop
  endfacet
  facet normal -0.94693012949510569 0.32143946530316131 0
    outer loop
      vertex -0.60052169613233641 0.24874423103730844 -0.21249999999999999
      vertex -0.62785178708789435 0.16823237931663867 -0.10625
      vertex -0.60052169613233641 0.24874423103730844 -0.10625
    endloop
  endfacet
  facet normal -0.98078528040323032 0.19509032201612839 0
    outer loop
      vertex -0.62785178708789435 0.16823237931663867 -0.21249999999999999
      vertex -0.64443915989297673 0.084842024943033792 -0.21249999999999999
      vertex -0.64443915989297673 0.084842024943033792 -0.10625
    endloop
  endfacet
  facet normal -0.98078528040323032 0.19509032201612839 0
    outer loop
      vertex -0.62785178708789435 0.16823237931663867 -0.21249999999999999
      vertex -0.64443915989297673 0.084842024943033792 -0.10625
      vertex -0.62785178708789435 0.16823237931663867 -0.10625
    endloop
  endfacet
  facet normal -0.99785892323860348 0.065403129230143603 0
    outer loop
      vertex -0.64443915989297673 0.084842024943033792 -0.21249999999999999
      vertex -0.65000000000000002 7.9602041944577967e-17 -0.21249999999999999
      vertex -0.65000000000000002 7.9602041944577967e-17 -0.10625
    endloop
  endfacet
  facet normal -0.99785892323860348 0.065403129230143603 0
    outer loop
      vertex -0.64443915989297673 0.084842024943033792 -0.21249999999999999
      vertex -0.65000000000000002 7.9602041944577967e-17 -0.10625
      vertex -0.64443915989297673 0.084842024943033792 -0.10625
    endloop
  endfacet
  facet normal -0.99785892323860348 -0.065403129230143575 0
    outer loop
      vertex -0.65000000000000002 7.9602041944577967e-17 -0.21249999999999999
      vertex -0.64443915989297673 -0.084842024943033653 -0.21249999999999999
      vertex -0.64443915989297673 -0.084842024943033653 -0.10625
    endloop
  endfacet
  facet normal -0.99785892323860348 -0.065403129230143575 0
    outer loop
      vertex -0.65000000000000002 7.9602041944577967e-17 -0.21249999999999999
      vertex -0.64443915989297673 -0.084842024943033653 -0.10625
      vertex -0.65000000000000002 7.9602041944577967e-17 -0.10625
    endloop
  endfacet
  facet normal -0.98078528040323076 -0.19509032201612717 0
    outer loop
      vertex -0.64443915989297673 -0.084842024943033653 -0.21249999999999999
      vertex -0.62785178708789446 -0.16823237931663854 -0.21249999999999999
      vertex -0.62785178708789446 -0.16823237931663854 -0.10625
    endloop
  endfacet
  facet normal -0.98078528040323076 -0.19509032201612717 0
    outer loop
      vertex -0.64443915989297673 -0.084842024943033653 -0.21249999999999999
      vertex -0.62785178708789446 -0.16823237931663854 -0.10625
      vertex -0.64443915989297673 -0.084842024943033653 -0.10625
    endloop
  endfacet
  facet normal -0.94693012949510569 -0.32143946530316131 0
    outer loop
      vertex -0.62785178708789446 -0.16823237931663854 -0.21249999999999999
      vertex -0.60052169613233652 -0.24874423103730831 -0.21249999999999999
      vertex -0.60052169613233652 -0.24874423103730831 -0.10625
    endloop
  endfacet
  facet normal -0.94693012949510569 -0.32143946530316131 0
    outer loop
      vertex -0.62785178708789446 -0.16823237931663854 -0.21249999999999999
      vertex -0.60052169613233652 -0.24874423103730831 -0.10625
      vertex -0.62785178708789446 -0.16823237931663854 -0.10625
    endloop
  endfacet
  facet normal -0.89687274153268814 -0.44228869021900152 0
    outer loop
      vertex -0.60052169613233652 -0.24874423103730831 -0.21249999999999999
      vertex -0.56291651245988528 -0.32499999999999984 -0.21249999999999999
      vertex -0.56291651245988528 -0.32499999999999984 -0.10625
    endloop
  endfacet
  facet normal -0.89687274153268814 -0.44228869021900152 0
    outer loop
      vertex -0.60052169613233652 -0.24874423103730831 -0.21249999999999999
      vertex -0.56291651245988528 -0.32499999999999984 -0.10625
      vertex -0.60052169613233652 -0.24874423103730831 -0.10625
    endloop
  endfacet
  facet normal -0.83146961230254535 -0.55557023301960218 0
    outer loop
      vertex -0.56291651245988528 -0.32499999999999984 -0.21249999999999999
      vertex -0.51567967118930291 -0.39569492885566843 -0.21249999999999999
      vertex -0.51567967118930291 -0.39569492885566843 -0.10625
    endloop
  endfacet
  facet normal -0.83146961230254535 -0.55557023301960218 0
    outer loop
      vertex -0.56291651245988528 -0.32499999999999984 -0.21249999999999999
      vertex -0.51567967118930291 -0.39569492885566843 -0.10625
      vertex -0.56291651245988528 -0.32499999999999984 -0.10625
    endloop
  endfacet
  facet normal -0.75183980747897727 -0.65934581510006895 0
    outer loop
      vertex -0.51567967118930291 -0.39569492885566843 -0.21249999999999999
      vertex -0.45961940777125615 -0.45961940777125565 -0.21249999999999999
      vertex -0.45961940777125615 -0.45961940777125565 -0.10625
    endloop
  endfacet
  facet normal -0.75183980747897727 -0.65934581510006895 0
    outer loop
      vertex -0.51567967118930291 -0.39569492885566843 -0.21249999999999999
      vertex -0.45961940777125615 -0.45961940777125565 -0.10625
      vertex -0.51567967118930291 -0.39569492885566843 -0.10625
    endloop
  endfacet
  facet normal -0.65934581510006884 -0.75183980747897727 0
    outer loop
      vertex -0.45961940777125615 -0.45961940777125565 -0.21249999999999999
      vertex -0.39569492885566859 -0.51567967118930269 -0.21249999999999999
      vertex -0.39569492885566859 -0.51567967118930269 -0.10625
    endloop
  endfacet
  facet normal -0.65934581510006884 -0.75183980747897727 0
    outer loop
      vertex -0.45961940777125615 -0.45961940777125565 -0.21249999999999999
      vertex -0.39569492885566859 -0.51567967118930269 -0.10625
      vertex -0.45961940777125615 -0.45961940777125565 -0.10625
    endloop
  endfacet
  facet normal -0.55557023301960362 -0.83146961230254424 0
    outer loop
      vertex -0.39569492885566859 -0.51567967118930269 -0.21249999999999999
      vertex -0.32500000000000029 -0.56291651245988505 -0.21249999999999999
      vertex -0.32500000000000029 -0.56291651245988505 -0.10625
    endloop
  endfacet
  facet normal -0.55557023301960362 -0.83146961230254424 0
    outer loop
      vertex -0.39569492885566859 -0.51567967118930269 -0.21249999999999999
      vertex -0.32500000000000029 -0.56291651245988505 -0.10625
      vertex -0.39569492885566859 -0.51567967118930269 -0.10625
    endloop
  endfacet
  facet normal -0.44228869021900108 -0.89687274153268837 0
    outer loop
      vertex -0.32500000000000029 -0.56291651245988505 -0.21249999999999999
      vertex -0.24874423103730819 -0.60052169613233652 -0.21249999999999999
      vertex -0.24874423103730819 -0.60052169613233652 -0.10625
    endloop
  endfacet
  facet normal -0.44228869021900108 -0.89687274153268837 0
    outer loop
      vertex -0.32500000000000029 -0.56291651245988505 -0.21249999999999999
      vertex -0.24874423103730819 -0.60052169613233652 -0.10625
      vertex -0.32500000000000029 -0.56291651245988505 -0.10625
    endloop
  endfacet
  facet normal -0.32143946530316131 -0.94693012949510569 0
    outer loop
      vertex -0.24874423103730819 -0.60052169613233652 -0.21249999999999999
      vertex -0.16823237931663843 -0.62785178708789446 -0.21249999999999999
      vertex -0.16823237931663843 -0.62785178708789446 -0.10625
    endloop
  endfacet
  facet normal -0.32143946530316131 -0.94693012949510569 0
    outer loop
      vertex -0.24874423103730819 -0.60052169613233652 -0.21249999999999999
      vertex -0.16823237931663843 -0.62785178708789446 -0.10625
      vertex -0.24874423103730819 -0.60052169613233652 -0.10625
    endloop
  endfacet
  facet normal -0.19509032201612719 -0.98078528040323076 0
    outer loop
      vertex -0.16823237931663843 -0.62785178708789446 -0.21249999999999999
      vertex -0.084842024943033556 -0.64443915989297673 -0.21249999999999999
      vertex -0.084842024943033556 -0.64443915989297673 -0.10625
    endloop
  endfacet
  facet normal -0.19509032201612719 -0.98078528040323076 0
    outer loop
      vertex -0.16823237931663843 -0.62785178708789446 -0.21249999999999999
      vertex -0.084842024943033556 -0.64443915989297673 -0.10625
      vertex -0.16823237931663843 -0.62785178708789446 -0.10625
    endloop
  endfacet
  facet normal -0.065403129230143825 -0.99785892323860337 0
    outer loop
      vertex -0.084842024943033556 -0.64443915989297673 -0.21249999999999999
      vertex -1.1940306291686693e-16 -0.65000000000000002 -0.21249999999999999
      vertex -1.1940306291686693e-16 -0.65000000000000002 -0.10625
    endloop
  endfacet
  facet normal -0.065403129230143825 -0.99785892323860337 0
    outer loop
      vertex -0.084842024943033556 -0.64443915989297673 -0.21249999999999999
      vertex -1.1940306291686693e-16 -0.65000000000000002 -0.10625
      vertex -0.084842024943033556 -0.64443915989297673 -0.10625
    endloop
  endfacet
  facet normal 0.065403129230142493 -0.99785892323860359 0
    outer loop
      vertex -1.1940306291686693e-16 -0.65000000000000002 -0.21249999999999999
      vertex 0.084842024943033334 -0.64443915989297684 -0.21249999999999999
      vertex 0.084842024943033334 -0.64443915989297684 -0.10625
    endloop
  endfacet
  facet normal 0.065403129230142493 -0.99785892323860359 0
    outer loop
      vertex -1.1940306291686693e-16 -0.65000000000000002 -0.21249999999999999
      vertex 0.084842024943033334 -0.64443915989297684 -0.10625
      vertex -1.1940306291686693e-16 -0.65000000000000002 -0.10625
    endloop
  endfacet
  facet normal 0.19509032201612841 -0.98078528040323032 0
    outer loop
      vertex 0.084842024943033334 -0.64443915989297684 -0.21249999999999999
      vertex 0.1682323793166382 -0.62785178708789446 -0.21249999999999999
      vertex 0.1682323793166382 -0.62785178708789446 -0.10625
    endloop
  endfacet
  facet normal 0.19509032201612841 -0.98078528040323032 0
    outer loop
      vertex 0.084842024943033334 -0.64443915989297684 -0.21249999999999999
      vertex 0.1682323793166382 -0.62785178708789446 -0.10625
      vertex 0.084842024943033334 -0.64443915989297684 -0.10625
    endloop
  endfacet
  facet normal 0.32143946530316131 -0.94693012949510569 0
    outer loop
      vertex 0.1682323793166382 -0.62785178708789446 -0.21249999999999999
      vertex 0.24874423103730797 -0.60052169613233652 -0.21249999999999999
      vertex 0.24874423103730797 -0.60052169613233652 -0.10625
    endloop
  endfacet
  facet normal 0.32143946530316131 -0.94693012949510569 0
    outer loop
      vertex 0.1682323793166382 -0.62785178708789446 -0.21249999999999999
      vertex 0.24874423103730797 -0.60052169613233652 -0.10625
      vertex 0.1682323793166382 -0.62785178708789446 -0.10625
    endloop
  endfacet
  facet normal 0.44228869021900108 -0.89687274153268837 0
    outer loop
      vertex 0.24874423103730797 -0.60052169613233652 -0.21249999999999999
      vertex 0.32500000000000007 -0.56291651245988505 -0.21249999999999999
      vertex 0.32500000000000007 -0.56291651245988505 -0.10625
    endloop
  endfacet
  facet normal 0.44228869021900108 -0.89687274153268837 0
    outer loop
      vertex 0.24874423103730797 -0.60052169613233652 -0.21249999999999999
      vertex 0.32500000000000007 -0.56291651245988505 -0.10625
      vertex 0.24874423103730797 -0.60052169613233652 -0.10625
    endloop
  endfacet
  facet normal 0.55557023301960162 -0.83146961230254568 0
    outer loop
      vertex 0.32500000000000007 -0.56291651245988505 -0.21249999999999999
      vertex 0.39569492885566793 -0.51567967118930325 -0.21249999999999999
      vertex 0.39569492885566793 -0.51567967118930325 -0.10625
    endloop
  endfacet
  facet normal 0.55557023301960162 -0.83146961230254568 0
    outer loop
      vertex 0.32500000000000007 -0.56291651245988505 -0.21249999999999999
      vertex 0.39569492885566793 -0.51567967118930325 -0.10625
      vertex 0.32500000000000007 -0.56291651245988505 -0.10625
    endloop
  endfacet
  facet normal 0.6593458151000684 -0.75183980747897783 0
    outer loop
      vertex 0.39569492885566793 -0.51567967118930325 -0.21249999999999999
      vertex 0.45961940777125582 -0.45961940777125598 -0.21249999999999999
      vertex 0.45961940777125582 -0.45961940777125598 -0.10625
    endloop
  endfacet
  facet normal 0.6593458151000684 -0.75183980747897783 0
    outer loop
      vertex 0.39569492885566793 -0.51567967118930325 -0.21249999999999999
      vertex 0.45961940777125582 -0.45961940777125598 -0.10625
      vertex 0.39569492885566793 -0.51567967118930325 -0.10625
    endloop
  endfacet
  facet normal 0.75183980747897716 -0.65934581510006907 0
    outer loop
      vertex 0.45961940777125582 -0.45961940777125598 -0.21249999999999999
      vertex 0.51567967118930269 -0.39569492885566865 -0.21249999999999999
      vertex 0.51567967118930269 -0.39569492885566865 -0.10625
    endloop
  endfacet
  facet normal 0.75183980747897716 -0.65934581510006907 0
    outer loop
      vertex 0.45961940777125582 -0.45961940777125598 -0.21249999999999999
      vertex 0.51567967118930269 -0.39569492885566865 -0.10625
      vertex 0.45961940777125582 -0.45961940777125598 -0.10625
    endloop
  endfacet
  facet normal 0.83146961230254512 -0.55557023301960251 0
    outer loop
      vertex 0.51567967118930269 -0.39569492885566865 -0.21249999999999999
      vertex 0.56291651245988494 -0.32500000000000029 -0.21249999999999999
      vertex 0.56291651245988494 -0.32500000000000029 -0.10625
    endloop
  endfacet
  facet normal 0.83146961230254512 -0.55557023301960251 0
    outer loop
      vertex 0.51567967118930269 -0.39569492885566865 -0.21249999999999999
      vertex 0.56291651245988494 -0.32500000000000029 -0.10625
      vertex 0.51567967118930269 -0.39569492885566865 -0.10625
    endloop
  endfacet
  facet normal 0.89687274153268781 -0.44228869021900225 0
    outer loop
      vertex 0.56291651245988494 -0.32500000000000029 -0.21249999999999999
      vertex 0.60052169613233652 -0.24874423103730822 -0.21249999999999999
      vertex 0.60052169613233652 -0.24874423103730822 -0.10625
    endloop
  endfacet
  facet normal 0.89687274153268781 -0.44228869021900225 0
    outer loop
      vertex 0.56291651245988494 -0.32500000000000029 -0.21249999999999999
      vertex 0.60052169613233652 -0.24874423103730822 -0.10625
      vertex 0.56291651245988494 -0.32500000000000029 -0.10625
    endloop
  endfacet
  facet normal 0.94693012949510591 -0.32143946530316109 0
    outer loop
      vertex 0.60052169613233652 -0.24874423103730822 -0.21249999999999999
      vertex 0.62785178708789424 -0.16823237931663904 -0.21249999999999999
      vertex 0.62785178708789424 -0.16823237931663904 -0.10625
    endloop
  endfacet
  facet normal 0.94693012949510591 -0.32143946530316109 0
    outer loop
      vertex 0.60052169613233652 -0.24874423103730822 -0.21249999999999999
      vertex 0.62785178708789424 -0.16823237931663904 -0.10625
      vertex 0.60052169613233652 -0.24874423103730822 -0.10625
    endloop
  endfacet
  facet normal 0.98078528040323032 -0.19509032201612839 0
    outer loop
      vertex 0.62785178708789424 -0.16823237931663904 -0.21249999999999999
      vertex 0.64443915989297673 -0.084842024943033598 -0.21249999999999999
      vertex 0.64443915989297673 -0.084842024943033598 -0.10625
    endloop
  endfacet
  facet normal 0.98078528040323032 -0.19509032201612839 0
    outer loop
      vertex 0.62785178708789424 -0.16823237931663904 -0.21249999999999999
      vertex 0.64443915989297673 -0.084842024943033598 -0.10625
      vertex 0.62785178708789424 -0.16823237931663904 -0.10625
    endloop
  endfacet
  facet normal 0.99785892323860348 -0.0654031292301437 0
    outer loop
      vertex 0.64443915989297673 -0.084842024943033598 -0.21249999999999999
      vertex 0.65000000000000002 0 -0.21249999999999999
      vertex 0.65000000000000002 0 -0.10625
    endloop
  endfacet
  facet normal 0.99785892323860348 -0.0654031292301437 0
    outer loop
      vertex 0.64443915989297673 -0.084842024943033598 -0.21249999999999999
      vertex 0.65000000000000002 0 -0.10625
      vertex 0.64443915989297673 -0.084842024943033598 -0.10625
    endloop
  endfacet
  facet normal 0.99785892323860337 0.065403129230143742 0
    outer loop
      vertex 0.65000000000000002 0 -0.10625
      vertex 0.64443915989297673 0.084842024943033528 -0.10625
      vertex 0.64443915989297673 0.084842024943033528 0
    endloop
  endfacet
  facet normal 0.99785892323860337 0.065403129230143742 -0
    outer loop
      vertex 0.65000000000000002 0 -0.10625
      vertex 0.64443915989297673 0.084842024943033528 0
      vertex 0.65000000000000002 0 0
    endloop
  endfacet
  facet normal 0.98078528040323076 0.195090322016127 0
    outer loop
      vertex 0.64443915989297673 0.084842024943033528 -0.10625
      vertex 0.62785178708789446 0.16823237931663848 -0.10625
      vertex 0.62785178708789446 0.16823237931663848 0
    endloop
  endfacet
  facet normal 0.98078528040323076 0.195090322016127 -0
    outer loop
      vertex 0.64443915989297673 0.084842024943033528 -0.10625
      vertex 0.62785178708789446 0.16823237931663848 0
      vertex 0.64443915989297673 0.084842024943033528 0
    endloop
  endfacet
  facet normal 0.94693012949510558 0.32143946530316209 0
    outer loop
      vertex 0.62785178708789446 0.16823237931663848 -0.10625
      vertex 0.60052169613233641 0.24874423103730836 -0.10625
      vertex 0.60052169613233641 0.24874423103730836 0
    endloop
  endfacet
  facet normal 0.94693012949510558 0.32143946530316209 -0
    outer loop
      vertex 0.62785178708789446 0.16823237931663848 -0.10625
      vertex 0.60052169613233641 0.24874423103730836 0
      vertex 0.62785178708789446 0.16823237931663848 0
    endloop
  endfacet
  facet normal 0.89687274153268826 0.4422886902190013 0
    outer loop
      vertex 0.60052169613233641 0.24874423103730836 -0.10625
      vertex 0.56291651245988517 0.32499999999999996 -0.10625
      vertex 0.56291651245988517 0.32499999999999996 0
    endloop
  endfacet
  facet normal 0.89687274153268826 0.4422886902190013 -0
    outer loop
      vertex 0.60052169613233641 0.24874423103730836 -0.10625
      vertex 0.56291651245988517 0.32499999999999996 0
      vertex 0.60052169613233641 0.24874423103730836 0
    endloop
  endfacet
  facet normal 0.83146961230254557 0.55557023301960184 0
    outer loop
      vertex 0.56291651245988517 0.32499999999999996 -0.10625
      vertex 0.51567967118930291 0.39569492885566843 -0.10625
      vertex 0.51567967118930291 0.39569492885566843 0
    endloop
  endfacet
  facet normal 0.83146961230254557 0.55557023301960184 -0
    outer loop
      vertex 0.56291651245988517 0.32499999999999996 -0.10625
      vertex 0.51567967118930291 0.39569492885566843 0
      vertex 0.56291651245988517 0.32499999999999996 0
    endloop
  endfacet
  facet normal 0.75183980747897738 0.65934581510006884 0
    outer loop
      vertex 0.51567967118930291 0.39569492885566843 -0.10625
      vertex 0.45961940777125593 0.45961940777125593 -0.10625
      vertex 0.45961940777125593 0.45961940777125593 0
    endloop
  endfacet
  facet normal 0.75183980747897738 0.65934581510006884 -0
    outer loop
      vertex 0.51567967118930291 0.39569492885566843 -0.10625
      vertex 0.45961940777125593 0.45961940777125593 0
      vertex 0.51567967118930291 0.39569492885566843 0
    endloop
  endfacet
  facet normal 0.65934581510006884 0.75183980747897738 0
    outer loop
      vertex 0.45961940777125593 0.45961940777125593 -0.10625
      vertex 0.39569492885566843 0.51567967118930291 -0.10625
      vertex 0.39569492885566843 0.51567967118930291 0
    endloop
  endfacet
  facet normal 0.65934581510006884 0.75183980747897738 -0
    outer loop
      vertex 0.45961940777125593 0.45961940777125593 -0.10625
      vertex 0.39569492885566843 0.51567967118930291 0
      vertex 0.45961940777125593 0.45961940777125593 0
    endloop
  endfacet
  facet normal 0.55557023301960162 0.83146961230254579 0
    outer loop
      vertex 0.39569492885566843 0.51567967118930291 -0.10625
      vertex 0.32500000000000007 0.56291651245988505 -0.10625
      vertex 0.32500000000000007 0.56291651245988505 0
    endloop
  endfacet
  facet normal 0.55557023301960162 0.83146961230254579 -0
    outer loop
      vertex 0.39569492885566843 0.51567967118930291 -0.10625
      vertex 0.32500000000000007 0.56291651245988505 0
      vertex 0.39569492885566843 0.51567967118930291 0
    endloop
  endfacet
  facet normal 0.44228869021900213 0.89687274153268803 0
    outer loop
      vertex 0.32500000000000007 0.56291651245988505 -0.10625
      vertex 0.24874423103730842 0.60052169613233641 -0.10625
      vertex 0.24874423103730842 0.60052169613233641 0
    endloop
  endfacet
  facet normal 0.44228869021900213 0.89687274153268803 -0
    outer loop
      vertex 0.32500000000000007 0.56291651245988505 -0.10625
      vertex 0.24874423103730842 0.60052169613233641 0
      vertex 0.32500000000000007 0.56291651245988505 0
    endloop
  endfacet
  facet normal 0.32143946530316192 0.94693012949510558 0
    outer loop
      vertex 0.24874423103730842 0.60052169613233641 -0.10625
      vertex 0.16823237931663848 0.62785178708789446 -0.10625
      vertex 0.16823237931663848 0.62785178708789446 0
    endloop
  endfacet
  facet normal 0.32143946530316192 0.94693012949510558 -0
    outer loop
      vertex 0.24874423103730842 0.60052169613233641 -0.10625
      vertex 0.16823237931663848 0.62785178708789446 0
      vertex 0.24874423103730842 0.60052169613233641 0
    endloop
  endfacet
  facet normal 0.19509032201612719 0.98078528040323076 0
    outer loop
      vertex 0.16823237931663848 0.62785178708789446 -0.10625
      vertex 0.084842024943033612 0.64443915989297673 -0.10625
      vertex 0.084842024943033612 0.64443915989297673 0
    endloop
  endfacet
  facet normal 0.19509032201612719 0.98078528040323076 -0
    outer loop
      vertex 0.16823237931663848 0.62785178708789446 -0.10625
      vertex 0.084842024943033612 0.64443915989297673 0
      vertex 0.16823237931663848 0.62785178708789446 0
    endloop
  endfacet
  facet normal 0.065403129230143714 0.99785892323860359 0
    outer loop
      vertex 0.084842024943033612 0.64443915989297673 -0.10625
      vertex 3.9801020972288984e-17 0.65000000000000002 -0.10625
      vertex 3.9801020972288984e-17 0.65000000000000002 0
    endloop
  endfacet
  facet normal 0.065403129230143714 0.99785892323860359 -0
    outer loop
      vertex 0.084842024943033612 0.64443915989297673 -0.10625
      vertex 3.9801020972288984e-17 0.65000000000000002 0
      vertex 0.084842024943033612 0.64443915989297673 0
    endloop
  endfacet
  facet normal -0.065403129230143714 0.99785892323860359 0
    outer loop
      vertex 3.9801020972288984e-17 0.65000000000000002 -0.10625
      vertex -0.084842024943033542 0.64443915989297673 -0.10625
      vertex -0.084842024943033542 0.64443915989297673 0
    endloop
  endfacet
  facet normal -0.065403129230143714 0.99785892323860359 0
    outer loop
      vertex 3.9801020972288984e-17 0.65000000000000002 -0.10625
      vertex -0.084842024943033542 0.64443915989297673 0
      vertex 3.9801020972288984e-17 0.65000000000000002 0
    endloop
  endfacet
  facet normal -0.19509032201612717 0.98078528040323076 0
    outer loop
      vertex -0.084842024943033542 0.64443915989297673 -0.10625
      vertex -0.16823237931663843 0.62785178708789446 -0.10625
      vertex -0.16823237931663843 0.62785178708789446 0
    endloop
  endfacet
  facet normal -0.19509032201612717 0.98078528040323076 0
    outer loop
      vertex -0.084842024943033542 0.64443915989297673 -0.10625
      vertex -0.16823237931663843 0.62785178708789446 0
      vertex -0.084842024943033542 0.64443915989297673 0
    endloop
  endfacet
  facet normal -0.32143946530316131 0.94693012949510569 0
    outer loop
      vertex -0.16823237931663843 0.62785178708789446 -0.10625
      vertex -0.24874423103730819 0.60052169613233652 -0.10625
      vertex -0.24874423103730819 0.60052169613233652 0
    endloop
  endfacet
  facet normal -0.32143946530316131 0.94693012949510569 0
    outer loop
      vertex -0.16823237931663843 0.62785178708789446 -0.10625
      vertex -0.24874423103730819 0.60052169613233652 0
      vertex -0.16823237931663843 0.62785178708789446 0
    endloop
  endfacet
  facet normal -0.44228869021900213 0.89687274153268803 0
    outer loop
      vertex -0.24874423103730819 0.60052169613233652 -0.10625
      vertex -0.32499999999999984 0.56291651245988517 -0.10625
      vertex -0.32499999999999984 0.56291651245988517 0
    endloop
  endfacet
  facet normal -0.44228869021900213 0.89687274153268803 0
    outer loop
      vertex -0.24874423103730819 0.60052169613233652 -0.10625
      vertex -0.32499999999999984 0.56291651245988517 0
      vertex -0.24874423103730819 0.60052169613233652 0
    endloop
  endfacet
  facet normal -0.55557023301960118 0.8314696123025459 0
    outer loop
      vertex -0.32499999999999984 0.56291651245988517 -0.10625
      vertex -0.39569492885566843 0.51567967118930291 -0.10625
      vertex -0.39569492885566843 0.51567967118930291 0
    endloop
  endfacet
  facet normal -0.55557023301960118 0.8314696123025459 0
    outer loop
      vertex -0.32499999999999984 0.56291651245988517 -0.10625
      vertex -0.39569492885566843 0.51567967118930291 0
      vertex -0.32499999999999984 0.56291651245988517 0
    endloop
  endfacet
  facet normal -0.65934581510006918 0.75183980747897727 0
    outer loop
      vertex -0.39569492885566843 0.51567967118930291 -0.10625
      vertex -0.45961940777125587 0.45961940777125593 -0.10625
      vertex -0.45961940777125587 0.45961940777125593 0
    endloop
  endfacet
  facet normal -0.65934581510006918 0.75183980747897727 0
    outer loop
      vertex -0.39569492885566843 0.51567967118930291 -0.10625
      vertex -0.45961940777125587 0.45961940777125593 0
      vertex -0.39569492885566843 0.51567967118930291 0
    endloop
  endfacet
  facet normal -0.75183980747897694 0.6593458151000694 0
    outer loop
      vertex -0.45961940777125587 0.45961940777125593 -0.10625
      vertex -0.5156796711893028 0.39569492885566859 -0.10625
      vertex -0.5156796711893028 0.39569492885566859 0
    endloop
  endfacet
  facet normal -0.75183980747897694 0.6593458151000694 0
    outer loop
      vertex -0.45961940777125587 0.45961940777125593 -0.10625
      vertex -0.5156796711893028 0.39569492885566859 0
      vertex -0.45961940777125587 0.45961940777125593 0
    endloop
  endfacet
  facet normal -0.83146961230254535 0.55557023301960184 0
    outer loop
      vertex -0.5156796711893028 0.39569492885566859 -0.10625
      vertex -0.56291651245988517 0.32499999999999996 -0.10625
      vertex -0.56291651245988517 0.32499999999999996 0
    endloop
  endfacet
  facet normal -0.83146961230254535 0.55557023301960184 0
    outer loop
      vertex -0.5156796711893028 0.39569492885566859 -0.10625
      vertex -0.56291651245988517 0.32499999999999996 0
      vertex -0.5156796711893028 0.39569492885566859 0
    endloop
  endfacet
  facet normal -0.89687274153268803 0.44228869021900163 0
    outer loop
      vertex -0.56291651245988517 0.32499999999999996 -0.10625
      vertex -0.60052169613233641 0.24874423103730844 -0.10625
      vertex -0.60052169613233641 0.24874423103730844 0
    endloop
  endfacet
  facet normal -0.89687274153268803 0.44228869021900163 0
    outer loop
      vertex -0.56291651245988517 0.32499999999999996 -0.10625
      vertex -0.60052169613233641 0.24874423103730844 0
      vertex -0.56291651245988517 0.32499999999999996 0
    endloop
  endfacet
  facet normal -0.94693012949510569 0.32143946530316131 0
    outer loop
      vertex -0.60052169613233641 0.24874423103730844 -0.10625
      vertex -0.62785178708789435 0.16823237931663867 -0.10625
      vertex -0.62785178708789435 0.16823237931663867 0
    endloop
  endfacet
  facet normal -0.94693012949510569 0.32143946530316131 0
    outer loop
      vertex -0.60052169613233641 0.24874423103730844 -0.10625
      vertex -0.62785178708789435 0.16823237931663867 0
      vertex -0.60052169613233641 0.24874423103730844 0
    endloop
  endfacet
  facet normal -0.98078528040323032 0.19509032201612839 0
    outer loop
      vertex -0.62785178708789435 0.16823237931663867 -0.10625
      vertex -0.64443915989297673 0.084842024943033792 -0.10625
      vertex -0.64443915989297673 0.084842024943033792 0
    endloop
  endfacet
  facet normal -0.98078528040323032 0.19509032201612839 0
    outer loop
      vertex -0.62785178708789435 0.16823237931663867 -0.10625
      vertex -0.64443915989297673 0.084842024943033792 0
      vertex -0.62785178708789435 0.16823237931663867 0
    endloop
  endfacet
  facet normal -0.99785892323860348 0.065403129230143603 0
    outer loop
      vertex -0.64443915989297673 0.084842024943033792 -0.10625
      vertex -0.65000000000000002 7.9602041944577967e-17 -0.10625
      vertex -0.65000000000000002 7.9602041944577967e-17 0
    endloop
  endfacet
  facet normal -0.99785892323860348 0.065403129230143603 0
    outer loop
      vertex -0.64443915989297673 0.084842024943033792 -0.10625
      vertex -0.65000000000000002 7.9602041944577967e-17 0
      vertex -0.64443915989297673 0.084842024943033792 0
    endloop
  endfacet
  facet normal -0.99785892323860348 -0.065403129230143575 0
    outer loop
      vertex -0.65000000000000002 7.9602041944577967e-17 -0.10625
      vertex -0.64443915989297673 -0.084842024943033653 -0.10625
      vertex -0.64443915989297673 -0.084842024943033653 0
    endloop
  endfacet
  facet normal -0.99785892323860348 -0.065403129230143575 0
    outer loop
      vertex -0.65000000000000002 7.9602041944577967e-17 -0.10625
      vertex -0.64443915989297673 -0.084842024943033653 0
      vertex -0.65000000000000002 7.9602041944577967e-17 0
    endloop
  endfacet
  facet normal -0.98078528040323076 -0.19509032201612717 0
    outer loop
      vertex -0.64443915989297673 -0.084842024943033653 -0.10625
      vertex -0.62785178708789446 -0.16823237931663854 -0.10625
      vertex -0.62785178708789446 -0.16823237931663854 0
    endloop
  endfacet
  facet normal -0.98078528040323076 -0.19509032201612717 0
    outer loop
      vertex -0.64443915989297673 -0.084842024943033653 -0.10625
      vertex -0.62785178708789446 -0.16823237931663854 0
      vertex -0.64443915989297673 -0.084842024943033653 0
    endloop
  endfacet
  facet normal -0.94693012949510569 -0.32143946530316131 0
    outer loop
      vertex -0.62785178708789446 -0.16823237931663854 -0.10625
      vertex -0.60052169613233652 -0.24874423103730831 -0.10625
      vertex -0.60052169613233652 -0.24874423103730831 0
    endloop
  endfacet
  facet normal -0.94693012949510569 -0.32143946530316131 0
    outer loop
      vertex -0.62785178708789446 -0.16823237931663854 -0.10625
      vertex -0.60052169613233652 -0.24874423103730831 0
      vertex -0.62785178708789446 -0.16823237931663854 0
    endloop
  endfacet
  facet normal -0.89687274153268814 -0.44228869021900152 0
    outer loop
      vertex -0.60052169613233652 -0.24874423103730831 -0.10625
      vertex -0.56291651245988528 -0.32499999999999984 -0.10625
      vertex -0.56291651245988528 -0.32499999999999984 0
    endloop
  endfacet
  facet normal -0.89687274153268814 -0.44228869021900152 0
    outer loop
      vertex -0.60052169613233652 -0.24874423103730831 -0.10625
      vertex -0.56291651245988528 -0.32499999999999984 0
      vertex -0.60052169613233652 -0.24874423103730831 0
    endloop
  endfacet
  facet normal -0.83146961230254535 -0.55557023301960218 0
    outer loop
      vertex -0.56291651245988528 -0.32499999999999984 -0.10625
      vertex -0.51567967118930291 -0.39569492885566843 -0.10625
      vertex -0.51567967118930291 -0.39569492885566843 0
    endloop
  endfacet
  facet normal -0.83146961230254535 -0.55557023301960218 0
    outer loop
      vertex -0.56291651245988528 -0.32499999999999984 -0.10625
      vertex -0.51567967118930291 -0.39569492885566843 0
      vertex -0.56291651245988528 -0.32499999999999984 0
    endloop
  endfacet
  facet normal -0.75183980747897727 -0.65934581510006895 0
    outer loop
      vertex -0.51567967118930291 -0.39569492885566843 -0.10625
      vertex -0.45961940777125615 -0.45961940777125565 -0.10625
      vertex -0.45961940777125615 -0.45961940777125565 0
    endloop
  endfacet
  facet normal -0.75183980747897727 -0.65934581510006895 0
    outer loop
      vertex -0.51567967118930291 -0.39569492885566843 -0.10625
      vertex -0.45961940777125615 -0.45961940777125565 0
      vertex -0.51567967118930291 -0.39569492885566843 0
    endloop
  endfacet
  facet normal -0.65934581510006884 -0.75183980747897727 0
    outer loop
      vertex -0.45961940777125615 -0.45961940777125565 -0.10625
      vertex -0.39569492885566859 -0.51567967118930269 -0.10625
      vertex -0.39569492885566859 -0.51567967118930269 0
    endloop
  endfacet
  facet normal -0.65934581510006884 -0.75183980747897727 0
    outer loop
      vertex -0.45961940777125615 -0.45961940777125565 -0.10625
      vertex -0.39569492885566859 -0.51567967118930269 0
      vertex -0.45961940777125615 -0.45961940777125565 0
    endloop
  endfacet
  facet normal -0.55557023301960362 -0.83146961230254424 0
    outer loop
      vertex -0.39569492885566859 -0.51567967118930269 -0.10625
      vertex -0.32500000000000029 -0.56291651245988505 -0.10625
      vertex -0.32500000000000029 -0.56291651245988505 0
    endloop
  endfacet
  facet normal -0.55557023301960362 -0.83146961230254424 0
    outer loop
      vertex -0.39569492885566859 -0.51567967118930269 -0.10625
      vertex -0.32500000000000029 -0.56291651245988505 0
      vertex -0.39569492885566859 -0.51567967118930269 0
    endloop
  endfacet
  facet normal -0.44228869021900108 -0.89687274153268837 0
    outer loop
      vertex -0.32500000000000029 -0.56291651245988505 -0.10625
      vertex -0.24874423103730819 -0.60052169613233652 -0.10625
      vertex -0.24874423103730819 -0.60052169613233652 0
    endloop
  endfacet
  facet normal -0.44228869021900108 -0.89687274153268837 0
    outer loop
      vertex -0.32500000000000029 -0.56291651245988505 -0.10625
      vertex -0.24874423103730819 -0.60052169613233652 0
      vertex -0.32500000000000029 -0.56291651245988505 0
    endloop
  endfacet
  facet normal -0.32143946530316131 -0.94693012949510569 0
    outer loop
      vertex -0.24874423103730819 -0.60052169613233652 -0.10625
      vertex -0.16823237931663843 -0.62785178708789446 -0.10625
      vertex -0.16823237931663843 -0.62785178708789446 0
    endloop
  endfacet
  facet normal -0.32143946530316131 -0.94693012949510569 0
    outer loop
      vertex -0.24874423103730819 -0.60052169613233652 -0.10625
      vertex -0.16823237931663843 -0.62785178708789446 0
      vertex -0.24874423103730819 -0.60052169613233652 0
    endloop
  endfacet
  facet normal -0.19509032201612719 -0.98078528040323076 0
    outer loop
      vertex -0.16823237931663843 -0.62785178708789446 -0.10625
      vertex -0.084842024943033556 -0.64443915989297673 -0.10625
      vertex -0.084842024943033556 -0.64443915989297673 0
    endloop
  endfacet
  facet normal -0.19509032201612719 -0.98078528040323076 0
    outer loop
      vertex -0.16823237931663843 -0.62785178708789446 -0.10625
      vertex -0.084842024943033556 -0.64443915989297673 0
      vertex -0.16823237931663843 -0.62785178708789446 0
    endloop
  endfacet
  facet normal -0.065403129230143825 -0.99785892323860337 0
    outer loop
      vertex -0.084842024943033556 -0.64443915989297673 -0.10625
      vertex -1.1940306291686693e-16 -0.65000000000000002 -0.10625
      vertex -1.1940306291686693e-16 -0.65000000000000002 0
    endloop
  endfacet
  facet normal -0.065403129230143825 -0.99785892323860337 0
    outer loop
      vertex -0.084842024943033556 -0.64443915989297673 -0.10625
      vertex -1.1940306291686693e-16 -0.65000000000000002 0
      vertex -0.084842024943033556 -0.64443915989297673 0
    endloop
  endfacet
  facet normal 0.065403129230142493 -0.99785892323860359 0
    outer loop
      vertex -1.1940306291686693e-16 -0.65000000000000002 -0.10625
      vertex 0.084842024943033334 -0.64443915989297684 -0.10625
      vertex 0.084842024943033334 -0.64443915989297684 0
    endloop
  endfacet
  facet normal 0.065403129230142493 -0.99785892323860359 0
    outer loop
      vertex -1.1940306291686693e-16 -0.65000000000000002 -0.10625
      vertex 0.084842024943033334 -0.64443915989297684 0
      vertex -1.1940306291686693e-16 -0.65000000000000002 0
    endloop
  endfacet
  facet normal 0.19509032201612841 -0.98078528040323032 0
    outer loop
      vertex 0.084842024943033334 -0.64443915989297684 -0.10625
      vertex 0.1682323793166382 -0.62785178708789446 -0.10625
      vertex 0.1682323793166382 -0.62785178708789446 0
    endloop
  endfacet
  facet normal 0.19509032201612841 -0.98078528040323032 0
    outer loop
      vertex 0.084842024943033334 -0.64443915989297684 -0.10625
      vertex 0.1682323793166382 -0.62785178708789446 0
      vertex 0.084842024943033334 -0.64443915989297684 0
    endloop
  endfacet
  facet normal 0.32143946530316131 -0.94693012949510569 0
    outer loop
      vertex 0.1682323793166382 -0.62785178708789446 -0.10625
      vertex 0.24874423103730797 -0.60052169613233652 -0.10625
      vertex 0.24874423103730797 -0.60052169613233652 0
    endloop
  endfacet
  facet normal 0.32143946530316131 -0.94693012949510569 0
    outer loop
      vertex 0.1682323793166382 -0.62785178708789446 -0.10625
      vertex 0.24874423103730797 -0.60052169613233652 0
      vertex 0.1682323793166382 -0.62785178708789446 0
    endloop
  endfacet
  facet normal 0.44228869021900108 -0.89687274153268837 0
    outer loop
      vertex 0.24874423103730797 -0.60052169613233652 -0.10625
      vertex 0.32500000000000007 -0.56291651245988505 -0.10625
      vertex 0.32500000000000007 -0.56291651245988505 0
    endloop
  endfacet
  facet normal 0.44228869021900108 -0.89687274153268837 0
    outer loop
      vertex 0.24874423103730797 -0.60052169613233652 -0.10625
      vertex 0.32500000000000007 -0.56291651245988505 0
      vertex 0.24874423103730797 -0.60052169613233652 0
    endloop
  endfacet
  facet normal 0.55557023301960162 -0.83146961230254568 0
    outer loop
      vertex 0.32500000000000007 -0.56291651245988505 -0.10625
      vertex 0.39569492885566793 -0.51567967118930325 -0.10625
      vertex 0.39569492885566793 -0.51567967118930325 0
    endloop
  endfacet
  facet normal 0.55557023301960162 -0.83146961230254568 0
    outer loop
      vertex 0.32500000000000007 -0.56291651245988505 -0.10625
      vertex 0.39569492885566793 -0.51567967118930325 0
      vertex 0.32500000000000007 -0.56291651245988505 0
    endloop
  endfacet
  facet normal 0.6593458151000684 -0.75183980747897783 0
    outer loop
      vertex 0.39569492885566793 -0.51567967118930325 -0.10625
      vertex 0.45961940777125582 -0.45961940777125598 -0.10625
      vertex 0.45961940777125582 -0.45961940777125598 0
    endloop
  endfacet
  facet normal 0.6593458151000684 -0.75183980747897783 0
    outer loop
      vertex 0.39569492885566793 -0.51567967118930325 -0.10625
      vertex 0.45961940777125582 -0.45961940777125598 0
      vertex 0.39569492885566793 -0.51567967118930325 0
    endloop
  endfacet
  facet normal 0.75183980747897716 -0.65934581510006907 0
    outer loop
      vertex 0.45961940777125582 -0.45961940777125598 -0.10625
      vertex 0.51567967118930269 -0.39569492885566865 -0.10625
      vertex 0.51567967118930269 -0.39569492885566865 0
    endloop
  endfacet
  facet normal 0.75183980747897716 -0.65934581510006907 0
    outer loop
      vertex 0.45961940777125582 -0.45961940777125598 -0.10625
      vertex 0.51567967118930269 -0.39569492885566865 0
      vertex 0.45961940777125582 -0.45961940777125598 0
    endloop
  endfacet
  facet normal 0.83146961230254512 -0.55557023301960251 0
    outer loop
      vertex 0.51567967118930269 -0.39569492885566865 -0.10625
      vertex 0.56291651245988494 -0.32500000000000029 -0.10625
      vertex 0.56291651245988494 -0.32500000000000029 0
    endloop
  endfacet
  facet normal 0.83146961230254512 -0.55557023301960251 0
    outer loop
      vertex 0.51567967118930269 -0.39569492885566865 -0.10625
      vertex 0.56291651245988494 -0.32500000000000029 0
      vertex 0.51567967118930269 -0.39569492885566865 0
    endloop
  endfacet
  facet normal 0.89687274153268781 -0.44228869021900225 0
    outer loop
      vertex 0.56291651245988494 -0.32500000000000029 -0.10625
      vertex 0.60052169613233652 -0.24874423103730822 -0.10625
      vertex 0.60052169613233652 -0.24874423103730822 0
    endloop
  endfacet
  facet normal 0.89687274153268781 -0.44228869021900225 0
    outer loop
      vertex 0.56291651245988494 -0.32500000000000029 -0.10625
      vertex 0.60052169613233652 -0.24874423103730822 0
      vertex 0.56291651245988494 -0.32500000000000029 0
    endloop
  endfacet
  facet normal 0.94693012949510591 -0.32143946530316109 0
    outer loop
      vertex 0.60052169613233652 -0.24874423103730822 -0.10625
      vertex 0.62785178708789424 -0.16823237931663904 -0.10625
      vertex 0.62785178708789424 -0.16823237931663904 0
    endloop
  endfacet
  facet normal 0.94693012949510591 -0.32143946530316109 0
    outer loop
      vertex 0.60052169613233652 -0.24874423103730822 -0.10625
      vertex 0.62785178708789424 -0.16823237931663904 0
      vertex 0.60052169613233652 -0.24874423103730822 0
    endloop
  endfacet
  facet normal 0.98078528040323032 -0.19509032201612839 0
    outer loop
      vertex 0.62785178708789424 -0.16823237931663904 -0.10625
      vertex 0.64443915989297673 -0.084842024943033598 -0.10625
      vertex 0.64443915989297673 -0.084842024943033598 0
    endloop
  endfacet
  facet normal 0.98078528040323032 -0.19509032201612839 0
    outer loop
      vertex 0.62785178708789424 -0.16823237931663904 -0.10625
      vertex 0.64443915989297673 -0.084842024943033598 0
      vertex 0.62785178708789424 -0.16823237931663904 0
    endloop
  endfacet
  facet normal 0.99785892323860348 -0.0654031292301437 0
    outer loop
      vertex 0.64443915989297673 -0.084842024943033598 -0.10625
      vertex 0.65000000000000002 0 -0.10625
      vertex 0.65000000000000002 0 0
    endloop
  endfacet
  facet normal 0.99785892323860348 -0.0654031292301437 0
    outer loop
      vertex 0.64443915989297673 -0.084842024943033598 -0.10625
      vertex 0.65000000000000002 0 0
      vertex 0.64443915989297673 -0.084842024943033598 0
    endloop
  endfacet
  facet normal 0.99785892323860337 0.065403129230143742 0
    outer loop
      vertex 0.65000000000000002 0 0
      vertex 0.64443915989297673 0.084842024943033528 0
      vertex 0.64443915989297673 0.084842024943033528 0.10625
    endloop
  endfacet
  facet normal 0.99785892323860337 0.065403129230143742 -0
    outer loop
      vertex 0.65000000000000002 0 0
      vertex 0.64443915989297673 0.084842024943033528 0.10625
      vertex 0.65000000000000002 0 0.10625
    endloop
  endfacet
  facet normal 0.98078528040323076 0.195090322016127 0
    outer loop
      vertex 0.64443915989297673 0.084842024943033528 0
      vertex 0.62785178708789446 0.16823237931663848 0
      vertex 0.62785178708789446 0.16823237931663848 0.10625
    endloop
  endfacet
  facet normal 0.98078528040323076 0.195090322016127 -0
    outer loop
      vertex 0.64443915989297673 0.084842024943033528 0
      vertex 0.62785178708789446 0.16823237931663848 0.10625
      vertex 0.64443915989297673 0.084842024943033528 0.10625
    endloop
  endfacet
  facet normal 0.94693012949510558 0.32143946530316209 0
    outer loop
      vertex 0.62785178708789446 0.16823237931663848 0
      vertex 0.60052169613233641 0.24874423103730836 0
      vertex 0.60052169613233641 0.24874423103730836 0.10625
    endloop
  endfacet
  facet normal 0.94693012949510558 0.32143946530316209 -0
    outer loop
      vertex 0.62785178708789446 0.16823237931663848 0
      vertex 0.60052169613233641 0.24874423103730836 0.10625
      vertex 0.62785178708789446 0.16823237931663848 0.10625
    endloop
  endfacet
  facet normal 0.89687274153268826 0.4422886902190013 0
    outer loop
      vertex 0.60052169613233641 0.24874423103730836 0
      vertex 0.56291651245988517 0.32499999999999996 0
      vertex 0.56291651245988517 0.32499999999999996 0.10625
    endloop
  endfacet
  facet normal 0.89687274153268826 0.4422886902190013 -0
    outer loop
      vertex 0.60052169613233641 0.24874423103730836 0
      vertex 0.56291651245988517 0.32499999999999996 0.10625
      vertex 0.60052169613233641 0.24874423103730836 0.10625
    endloop
  endfacet
  facet normal 0.83146961230254557 0.55557023301960184 0
    outer loop
      vertex 0.56291651245988517 0.32499999999999996 0
      vertex 0.51567967118930291 0.39569492885566843 0
      vertex 0.51567967118930291 0.39569492885566843 0.10625
    endloop
  endfacet
  facet normal 0.83146961230254557 0.55557023301960184 -0
    outer loop
      vertex 0.56291651245988517 0.32499999999999996 0
      vertex 0.51567967118930291 0.39569492885566843 0.10625
      vertex 0.56291651245988517 0.32499999999999996 0.10625
    endloop
  endfacet
  facet normal 0.75183980747897738 0.65934581510006884 0
    outer loop
      vertex 0.51567967118930291 0.39569492885566843 0
      vertex 0.45961940777125593 0.45961940777125593 0
      vertex 0.45961940777125593 0.45961940777125593 0.10625
    endloop
  endfacet
  facet normal 0.75183980747897738 0.65934581510006884 -0
    outer loop
      vertex 0.51567967118930291 0.39569492885566843 0
      vertex 0.45961940777125593 0.45961940777125593 0.10625
      vertex 0.51567967118930291 0.39569492885566843 0.10625
    endloop
  endfacet
  facet normal 0.65934581510006884 0.75183980747897738 0
    outer loop
      vertex 0.45961940777125593 0.45961940777125593 0
      vertex 0.39569492885566843 0.51567967118930291 0
      vertex 0.39569492885566843 0.51567967118930291 0.10625
    endloop
  endfacet
  facet normal 0.65934581510006884 0.75183980747897738 -0
    outer loop
      vertex 0.45961940777125593 0.45961940777125593 0
      vertex 0.39569492885566843 0.51567967118930291 0.10625
      vertex 0.45961940777125593 0.45961940777125593 0.10625
    endloop
  endfacet
  facet normal 0.55557023301960162 0.83146961230254579 0
    outer loop
      vertex 0.39569492885566843 0.51567967118930291 0
      vertex 0.32500000000000007 0.56291651245988505 0
      vertex 0.32500000000000007 0.56291651245988505 0.10625
    endloop
  endfacet
  facet normal 0.55557023301960162 0.83146961230254579 -0
    outer loop
      vertex 0.39569492885566843 0.51567967118930291 0
      vertex 0.32500000000000007 0.56291651245988505 0.10625
      vertex 0.39569492885566843 0.51567967118930291 0.10625
    endloop
  endfacet
  facet normal 0.44228869021900213 0.89687274153268803 0
    outer loop
      vertex 0.32500000000000007 0.56291651245988505 0
      vertex 0.24874423103730842 0.60052169613233641 0
      vertex 0.24874423103730842 0.60052169613233641 0.10625
    endloop
  endfacet
  facet normal 0.44228869021900213 0.89687274153268803 -0
    outer loop
      vertex 0.32500000000000007 0.56291651245988505 0
      vertex 0.24874423103730842 0.60052169613233641 0.10625
      vertex 0.32500000000000007 0.56291651245988505 0.10625
    endloop
  endfacet
  facet normal 0.32143946530316192 0.94693012949510558 0
    outer loop
      vertex 0.24874423103730842 0.60052169613233641 0
      vertex 0.16823237931663848 0.62785178708789446 0
      vertex 0.16823237931663848 0.62785178708789446 0.10625
    endloop
  endfacet
  facet normal 0.32143946530316192 0.94693012949510558 -0
    outer loop
      vertex 0.24874423103730842 0.60052169613233641 0
      vertex 0.16823237931663848 0.62785178708789446 0.10625
      vertex 0.24874423103730842 0.60052169613233641 0.10625
    endloop
  endfacet
  facet normal 0.19509032201612719 0.98078528040323076 0
    outer loop
      vertex 0.16823237931663848 0.62785178708789446 0
      vertex 0.084842024943033612 0.64443915989297673 0
      vertex 0.084842024943033612 0.64443915989297673 0.10625
    endloop
  endfacet
  facet normal 0.19509032201612719 0.98078528040323076 -0
    outer loop
      vertex 0.16823237931663848 0.62785178708789446 0
      vertex 0.084842024943033612 0.64443915989297673 0.10625
      vertex 0.16823237931663848 0.62785178708789446 0.10625
    endloop
  endfacet
  facet normal 0.065403129230143714 0.99785892323860359 0
    outer loop
      vertex 0.084842024943033612 0.64443915989297673 0
      vertex 3.9801020972288984e-17 0.65000000000000002 0
      vertex 3.9801020972288984e-17 0.65000000000000002 0.10625
    endloop
  endfacet
  facet normal 0.065403129230143714 0.99785892323860359 -0
    outer loop
      vertex 0.084842024943033612 0.64443915989297673 0
      vertex 3.9801020972288984e-17 0.65000000000000002 0.10625
      vertex 0.084842024943033612 0.64443915989297673 0.10625
    endloop
  endfacet
  facet normal -0.065403129230143714 0.99785892323860359 0
    outer loop
      vertex 3.9801020972288984e-17 0.65000000000000002 0
      vertex -0.084842024943033542 0.64443915989297673 0
      vertex -0.084842024943033542 0.64443915989297673 0.10625
    endloop
  endfacet
  facet normal -0.065403129230143714 0.99785892323860359 0
    outer loop
      vertex 3.9801020972288984e-17 0.65000000000000002 0
      vertex -0.084842024943033542 0.64443915989297673 0.10625
      vertex 3.9801020972288984e-17 0.65000000000000002 0.10625
    endloop
  endfacet
  facet normal -0.19509032201612717 0.98078528040323076 0
    outer loop
      vertex -0.084842024943033542 0.64443915989297673 0
      vertex -0.16823237931663843 0.62785178708789446 0
      vertex -0.16823237931663843 0.62785178708789446 0.10625
    endloop
  endfacet
  facet normal -0.19509032201612717 0.98078528040323076 0
    outer loop
      vertex -0.084842024943033542 0.64443915989297673 0
      vertex -0.16823237931663843 0.62785178708789446 0.10625
      vertex -0.084842024943033542 0.64443915989297673 0.10625
    endloop
  endfacet
  facet normal -0.32143946530316131 0.94693012949510569 0
    outer loop
      vertex -0.16823237931663843 0.62785178708789446 0
      vertex -0.24874423103730819 0.60052169613233652 0
      vertex -0.24874423103730819 0.60052169613233652 0.10625
    endloop
  endfacet
  facet normal -0.32143946530316131 0.94693012949510569 0
    outer loop
      vertex -0.16823237931663843 0.62785178708789446 0
      vertex -0.24874423103730819 0.60052169613233652 0.10625
      vertex -0.16823237931663843 0.62785178708789446 0.10625
    endloop
  endfacet
  facet normal -0.44228869021900213 0.89687274153268803 0
    outer loop
      vertex -0.24874423103730819 0.60052169613233652 0
      vertex -0.32499999999999984 0.56291651245988517 0
      vertex -0.32499999999999984 0.56291651245988517 0.10625
    endloop
  endfacet
  facet normal -0.44228869021900213 0.89687274153268803 0
    outer loop
      vertex -0.24874423103730819 0.60052169613233652 0
      vertex -0.32499999999999984 0.56291651245988517 0.10625
      vertex -0.24874423103730819 0.60052169613233652 0.10625
    endloop
  endfacet
  facet normal -0.55557023301960118 0.8314696123025459 0
    outer loop
      vertex -0.32499999999999984 0.56291651245988517 0
      vertex -0.39569492885566843 0.51567967118930291 0
      vertex -0.39569492885566843 0.51567967118930291 0.10625
    endloop
  endfacet
  facet normal -0.55557023301960118 0.8314696123025459 0
    outer loop
      vertex -0.32499999999999984 0.56291651245988517 0
      vertex -0.39569492885566843 0.51567967118930291 0.10625
      vertex -0.32499999999999984 0.56291651245988517 0.10625
    endloop
  endfacet
  facet normal -0.65934581510006918 0.75183980747897727 0
    outer loop
      vertex -0.39569492885566843 0.51567967118930291 0
      vertex -0.45961940777125587 0.45961940777125593 0
      vertex -0.45961940777125587 0.45961940777125593 0.10625
    endloop
  endfacet
  facet normal -0.65934581510006918 0.75183980747897727 0
    outer loop
      vertex -0.39569492885566843 0.51567967118930291 0
      vertex -0.45961940777125587 0.45961940777125593 0.10625
      vertex -0.39569492885566843 0.51567967118930291 0.10625
    endloop
  endfacet
  facet normal -0.75183980747897694 0.6593458151000694 0
    outer loop
      vertex -0.45961940777125587 0.45961940777125593 0
      vertex -0.5156796711893028 0.39569492885566859 0
      vertex -0.5156796711893028 0.39569492885566859 0.10625
    endloop
  endfacet
  facet normal -0.75183980747897694 0.6593458151000694 0
    outer loop
      vertex -0.45961940777125587 0.45961940777125593 0
      vertex -0.5156796711893028 0.39569492885566859 0.10625
      vertex -0.45961940777125587 0.45961940777125593 0.10625
    endloop
  endfacet
  facet normal -0.83146961230254535 0.55557023301960184 0
    outer loop
      vertex -0.5156796711893028 0.39569492885566859 0
      vertex -0.56291651245988517 0.32499999999999996 0
      vertex -0.56291651245988517 0.32499999999999996 0.10625
    endloop
  endfacet
  facet normal -0.83146961230254535 0.55557023301960184 0
    outer loop
      vertex -0.5156796711893028 0.39569492885566859 0
      vertex -0.56291651245988517 0.32499999999999996 0.10625
      vertex -0.5156796711893028 0.39569492885566859 0.10625
    endloop
  endfacet
  facet normal -0.89687274153268803 0.44228869021900163 0
    outer loop
      vertex -0.56291651245988517 0.32499999999999996 0
      vertex -0.60052169613233641 0.24874423103730844 0
      vertex -0.60052169613233641 0.24874423103730844 0.10625
    endloop
  endfacet
  facet normal -0.89687274153268803 0.44228869021900163 0
    outer loop
      vertex -0.56291651245988517 0.32499999999999996 0
      vertex -0.60052169613233641 0.24874423103730844 0.10625
      vertex -0.56291651245988517 0.32499999999999996 0.10625
    endloop
  endfacet
  facet normal -0.94693012949510569 0.32143946530316131 0
    outer loop
      vertex -0.60052169613233641 0.24874423103730844 0
      vertex -0.62785178708789435 0.16823237931663867 0
      vertex -0.62785178708789435 0.16823237931663867 0.10625
    endloop
  endfacet
  facet normal -0.94693012949510569 0.32143946530316131 0
    outer loop
      vertex -0.60052169613233641 0.24874423103730844 0
      vertex -0.62785178708789435 0.16823237931663867 0.10625
      vertex -0.60052169613233641 0.24874423103730844 0.10625
    endloop
  endfacet
  facet normal -0.98078528040323032 0.19509032201612839 0
    outer loop
      vertex -0.62785178708789435 0.16823237931663867 0
      vertex -0.64443915989297673 0.084842024943033792 0
      vertex -0.64443915989297673 0.084842024943033792 0.10625
    endloop
  endfacet
  facet normal -0.98078528040323032 0.19509032201612839 0
    outer loop
      vertex -0.62785178708789435 0.16823237931663867 0
      vertex -0.64443915989297673 0.084842024943033792 0.10625
      vertex -0.62785178708789435 0.16823237931663867 0.10625
    endloop
  endfacet
  facet normal -0.99785892323860348 0.065403129230143603 0
    outer loop
      vertex -0.64443915989297673 0.084842024943033792 0
      vertex -0.65000000000000002 7.9602041944577967e-17 0
      vertex -0.65000000000000002 7.9602041944577967e-17 0.10625
    endloop
  endfacet
  facet normal -0.99785892323860348 0.065403129230143603 0
    outer loop
      vertex -0.64443915989297673 0.084842024943033792 0
      vertex -0.65000000000000002 7.9602041944577967e-17 0.10625
      vertex -0.64443915989297673 0.084842024943033792 0.10625
    endloop
  endfacet
  facet normal -0.99785892323860348 -0.065403129230143575 0
    outer loop
      vertex -0.65000000000000002 7.9602041944577967e-17 0
      vertex -0.64443915989297673 -0.084842024943033653 0
      vertex -0.64443915989297673 -0.084842024943033653 0.10625
    endloop
  endfacet
  facet normal -0.99785892323860348 -0.065403129230143575 0
    outer loop
      vertex -0.65000000000000002 7.9602041944577967e-17 0
      vertex -0.64443915989297673 -0.084842024943033653 0.10625
      vertex -0.65000000000000002 7.9602041944577967e-17 0.10625
    endloop
  endfacet
  facet normal -0.98078528040323076 -0.19509032201612717 0
    outer loop
      vertex -0.64443915989297673 -0.084842024943033653 0
      vertex -0.62785178708789446 -0.16823237931663854 0
      vertex -0.62785178708789446 -0.16823237931663854 0.10625
    endloop
  endfacet
  facet normal -0.98078528040323076 -0.19509032201612717 0
    outer loop
      vertex -0.64443915989297673 -0.084842024943033653 0
      vertex -0.62785178708789446 -0.16823237931663854 0.10625
      vertex -0.64443915989297673 -0.084842024943033653 0.10625
    endloop
  endfacet
  facet normal -0.94693012949510569 -0.32143946530316131 0
    outer loop
      vertex -0.62785178708789446 -0.16823237931663854 0
      vertex -0.60052169613233652 -0.24874423103730831 0
      vertex -0.60052169613233652 -0.24874423103730831 0.10625
    endloop
  endfacet
  facet normal -0.94693012949510569 -0.32143946530316131 0
    outer loop
      vertex -0.62785178708789446 -0.16823237931663854 0
      vertex -0.60052169613233652 -0.24874423103730831 0.10625
      vertex -0.62785178708789446 -0.16823237931663854 0.10625
    endloop
  endfacet
  facet normal -0.89687274153268814 -0.44228869021900152 0
    outer loop
      vertex -0.60052169613233652 -0.24874423103730831 0
      vertex -0.56291651245988528 -0.32499999999999984 0
      vertex -0.56291651245988528 -0.32499999999999984 0.10625
    endloop
  endfacet
  facet normal -0.89687274153268814 -0.44228869021900152 0
    outer loop
      vertex -0.60052169613233652 -0.24874423103730831 0
      vertex -0.56291651245988528 -0.32499999999999984 0.10625
      vertex -0.60052169613233652 -0.24874423103730831 0.10625
    endloop
  endfacet
  facet normal -0.83146961230254535 -0.55557023301960218 0
    outer loop
      vertex -0.56291651245988528 -0.32499999999999984 0
      vertex -0.51567967118930291 -0.39569492885566843 0
      vertex -0.51567967118930291 -0.39569492885566843 0.10625
    endloop
  endfacet
  facet normal -0.83146961230254535 -0.55557023301960218 0
    outer loop
      vertex -0.56291651245988528 -0.32499999999999984 0
      vertex -0.51567967118930291 -0.39569492885566843 0.10625
      vertex -0.56291651245988528 -0.32499999999999984 0.10625
    endloop
  endfacet
  facet normal -0.75183980747897727 -0.65934581510006895 0
    outer loop
      vertex -0.51567967118930291 -0.39569492885566843 0
      vertex -0.45961940777125615 -0.45961940777125565 0
      vertex -0.45961940777125615 -0.45961940777125565 0.10625
    endloop
  endfacet
  facet normal -0.75183980747897727 -0.65934581510006895 0
    outer loop
      vertex -0.51567967118930291 -0.39569492885566843 0
      vertex -0.45961940777125615 -0.45961940777125565 0.10625
      vertex -0.51567967118930291 -0.39569492885566843 0.10625
    endloop
  endfacet
  facet normal -0.65934581510006884 -0.75183980747897727 0
    outer loop
      vertex -0.45961940777125615 -0.45961940777125565 0
      vertex -0.39569492885566859 -0.51567967118930269 0
      vertex -0.39569492885566859 -0.51567967118930269 0.10625
    endloop
  endfacet
  facet normal -0.65934581510006884 -0.75183980747897727 0
    outer loop
      vertex -0.45961940777125615 -0.45961940777125565 0
      vertex -0.39569492885566859 -0.51567967118930269 0.10625
      vertex -0.45961940777125615 -0.45961940777125565 0.10625
    endloop
  endfacet
  facet normal -0.55557023301960362 -0.83146961230254424 0
    outer loop
      vertex -0.39569492885566859 -0.51567967118930269 0
      vertex -0.32500000000000029 -0.56291651245988505 0
      vertex -0.32500000000000029 -0.56291651245988505 0.10625
    endloop
  endfacet
  facet normal -0.55557023301960362 -0.83146961230254424 0
    outer loop
      vertex -0.39569492885566859 -0.51567967118930269 0
      vertex -0.32500000000000029 -0.56291651245988505 0.10625
      vertex -0.39569492885566859 -0.51567967118930269 0.10625
    endloop
  endfacet
  facet normal -0.44228869021900108 -0.89687274153268837 0
    outer loop
      vertex -0.32500000000000029 -0.56291651245988505 0
      vertex -0.24874423103730819 -0.60052169613233652 0
      vertex -0.24874423103730819 -0.60052169613233652 0.10625
    endloop
  endfacet
  facet normal -0.44228869021900108 -0.89687274153268837 0
    outer loop
      vertex -0.32500000000000029 -0.56291651245988505 0
      vertex -0.24874423103730819 -0.60052169613233652 0.10625
      vertex -0.32500000000000029 -0.56291651245988505 0.10625
    endloop
  endfacet
  facet normal -0.32143946530316131 -0.94693012949510569 0
    outer loop
      vertex -0.24874423103730819 -0.60052169613233652 0
      vertex -0.16823237931663843 -0.62785178708789446 0
      vertex -0.16823237931663843 -0.62785178708789446 0.10625
    endloop
  endfacet
  facet normal -0.32143946530316131 -0.94693012949510569 0
    outer loop
      vertex -0.24874423103730819 -0.60052169613233652 0
      vertex -0.16823237931663843 -0.62785178708789446 0.10625
      vertex -0.24874423103730819 -0.60052169613233652 0.10625
    endloop
  endfacet
  facet normal -0.19509032201612719 -0.98078528040323076 0
    outer loop
      vertex -0.16823237931663843 -0.62785178708789446 0
      vertex -0.084842024943033556 -0.64443915989297673 0
      vertex -0.084842024943033556 -0.64443915989297673 0.10625
    endloop
  endfacet
  facet normal -0.19509032201612719 -0.98078528040323076 0
    outer loop
      vertex -0.16823237931663843 -0.62785178708789446 0
      vertex -0.084842024943033556 -0.64443915989297673 0.10625
      vertex -0.16823237931663843 -0.62785178708789446 0.10625
    endloop
  endfacet
  facet normal -0.065403129230143825 -0.99785892323860337 0
    outer loop
      vertex -0.084842024943033556 -0.64443915989297673 0
      vertex -1.1940306291686693e-16 -0.65000000000000002 0
      vertex -1.1940306291686693e-16 -0.65000000000000002 0.10625
    endloop
  endfacet
  facet normal -0.065403129230143825 -0.99785892323860337 0
    outer loop
      vertex -0.084842024943033556 -0.64443915989297673 0
      vertex -1.1940306291686693e-16 -0.65000000000000002 0.10625
      vertex -0.084842024943033556 -0.64443915989297673 0.10625
    endloop
  endfacet
  facet normal 0.065403129230142493 -0.99785892323860359 0
    outer loop
      vertex -1.1940306291686693e-16 -0.65000000000000002 0
      vertex 0.084842024943033334 -0.64443915989297684 0
      vertex 0.084842024943033334 -0.64443915989297684 0.10625
    endloop
  endfacet
  facet normal 0.065403129230142493 -0.99785892323860359 0
    outer loop
      vertex -1.1940306291686693e-16 -0.65000000000000002 0
      vertex 0.084842024943033334 -0.64443915989297684 0.10625
      vertex -1.1940306291686693e-16 -0.65000000000000002 0.10625
    endloop
  endfacet
  facet normal 0.19509032201612841 -0.98078528040323032 0
    outer loop
      vertex 0.084842024943033334 -0.64443915989297684 0
      vertex 0.1682323793166382 -0.62785178708789446 0
      vertex 0.1682323793166382 -0.62785178708789446 0.10625
    endloop
  endfacet
  facet normal 0.19509032201612841 -0.98078528040323032 0
    outer loop
      vertex 0.084842024943033334 -0.64443915989297684 0
      vertex 0.1682323793166382 -0.62785178708789446 0.10625
      vertex 0.084842024943033334 -0.64443915989297684 0.10625
    endloop
  endfacet
  facet normal 0.32143946530316131 -0.94693012949510569 0
    outer loop
      vertex 0.1682323793166382 -0.62785178708789446 0
      vertex 0.24874423103730797 -0.60052169613233652 0
      vertex 0.24874423103730797 -0.60052169613233652 0.10625
    endloop
  endfacet
  facet normal 0.32143946530316131 -0.94693012949510569 0
    outer loop
      vertex 0.1682323793166382 -0.62785178708789446 0
      vertex 0.24874423103730797 -0.60052169613233652 0.10625
      vertex 0.1682323793166382 -0.62785178708789446 0.10625
    endloop
  endfacet
  facet normal 0.44228869021900108 -0.89687274153268837 0
    outer loop
      vertex 0.24874423103730797 -0.60052169613233652 0
      vertex 0.32500000000000007 -0.56291651245988505 0
      vertex 0.32500000000000007 -0.56291651245988505 0.10625
    endloop
  endfacet
  facet normal 0.44228869021900108 -0.89687274153268837 0
    outer loop
      vertex 0.24874423103730797 -0.60052169613233652 0
      vertex 0.32500000000000007 -0.56291651245988505 0.10625
      vertex 0.24874423103730797 -0.60052169613233652 0.10625
    endloop
  endfacet
  facet normal 0.55557023301960162 -0.83146961230254568 0
    outer loop
      vertex 0.32500000000000007 -0.56291651245988505 0
      vertex 0.39569492885566793 -0.51567967118930325 0
      vertex 0.39569492885566793 -0.51567967118930325 0.10625
    endloop
  endfacet
  facet normal 0.55557023301960162 -0.83146961230254568 0
    outer loop
      vertex 0.32500000000000007 -0.56291651245988505 0
      vertex 0.39569492885566793 -0.51567967118930325 0.10625
      vertex 0.32500000000000007 -0.56291651245988505 0.10625
    endloop
  endfacet
  facet normal 0.6593458151000684 -0.75183980747897783 0
    outer loop
      vertex 0.39569492885566793 -0.51567967118930325 0
      vertex 0.45961940777125582 -0.45961940777125598 0
      vertex 0.45961940777125582 -0.45961940777125598 0.10625
    endloop
  endfacet
  facet normal 0.6593458151000684 -0.75183980747897783 0
    outer loop
      vertex 0.39569492885566793 -0.51567967118930325 0
      vertex 0.45961940777125582 -0.45961940777125598 0.10625
      vertex 0.39569492885566793 -0.51567967118930325 0.10625
    endloop
  endfacet
  facet normal 0.75183980747897716 -0.65934581510006907 0
    outer loop
      vertex 0.45961940777125582 -0.45961940777125598 0
      vertex 0.51567967118930269 -0.39569492885566865 0
      vertex 0.51567967118930269 -0.39569492885566865 0.10625
    endloop
  endfacet
  facet normal 0.75183980747897716 -0.65934581510006907 0
    outer loop
      vertex 0.45961940777125582 -0.45961940777125598 0
      vertex 0.51567967118930269 -0.39569492885566865 0.10625
      vertex 0.45961940777125582 -0.45961940777125598 0.10625
    endloop
  endfacet
  facet normal 0.83146961230254512 -0.55557023301960251 0
    outer loop
      vertex 0.51567967118930269 -0.39569492885566865 0
      vertex 0.56291651245988494 -0.32500000000000029 0
      vertex 0.56291651245988494 -0.32500000000000029 0.10625
    endloop
  endfacet
  facet normal 0.83146961230254512 -0.55557023301960251 0
    outer loop
      vertex 0.51567967118930269 -0.39569492885566865 0
      vertex 0.56291651245988494 -0.32500000000000029 0.10625
      vertex 0.51567967118930269 -0.39569492885566865 0.10625
    endloop
  endfacet
  facet normal 0.89687274153268781 -0.44228869021900225 0
    outer loop
      vertex 0.56291651245988494 -0.32500000000000029 0
      vertex 0.60052169613233652 -0.24874423103730822 0
      vertex 0.60052169613233652 -0.24874423103730822 0.10625
    endloop
  endfacet
  facet normal 0.89687274153268781 -0.44228869021900225 0
    outer loop
      vertex 0.56291651245988494 -0.32500000000000029 0
      vertex 0.60052169613233652 -0.24874423103730822 0.10625
      vertex 0.56291651245988494 -0.32500000000000029 0.10625
    endloop
  endfacet
  facet normal 0.94693012949510591 -0.32143946530316109 0
    outer loop
      vertex 0.60052169613233652 -0.24874423103730822 0
      vertex 0.62785178708789424 -0.16823237931663904 0
      vertex 0.62785178708789424 -0.16823237931663904 0.10625
    endloop
  endfacet
  facet normal 0.94693012949510591 -0.32143946530316109 0
    outer loop
      vertex 0.60052169613233652 -0.24874423103730822 0
      vertex 0.62785178708789424 -0.16823237931663904 0.10625
      vertex 0.60052169613233652 -0.24874423103730822 0.10625
    endloop
  endfacet
  facet normal 0.98078528040323032 -0.19509032201612839 0
    outer loop
      vertex 0.62785178708789424 -0.16823237931663904 0
      vertex 0.64443915989297673 -0.084842024943033598 0
      vertex 0.64443915989297673 -0.084842024943033598 0.10625
    endloop
  endfacet
  facet normal 0.98078528040323032 -0.19509032201612839 0
    outer loop
      vertex 0.62785178708789424 -0.16823237931663904 0
      vertex 0.64443915989297673 -0.084842024943033598 0.10625
      vertex 0.62785178708789424 -0.16823237931663904 0.10625
    endloop
  endfacet
  facet normal 0.99785892323860348 -0.0654031292301437 0
    outer loop
      vertex 0.64443915989297673 -0.084842024943033598 0
      vertex 0.65000000000000002 0 0
      vertex 0.65000000000000002 0 0.10625
    endloop
  endfacet
  facet normal 0.99785892323860348 -0.0654031292301437 0
    outer loop
      vertex 0.64443915989297673 -0.084842024943033598 0
      vertex 0.65000000000000002 0 0.10625
      vertex 0.64443915989297673 -0.084842024943033598 0.10625
    endloop
  endfacet
  facet normal 0.99785892323860337 0.065403129230143742 0
    outer loop
      vertex 0.65000000000000002 0 0.10625
      vertex 0.64443915989297673 0.084842024943033528 0.10625
      vertex 0.64443915989297673 0.084842024943033528 0.21249999999999999
    endloop
  endfacet
  facet normal 0.99785892323860337 0.065403129230143742 -0
    outer loop
      vertex 0.65000000000000002 0 0.10625
      vertex 0.64443915989297673 0.084842024943033528 0.21249999999999999
      vertex 0.65000000000000002 0 0.21249999999999999
    endloop
  endfacet
  facet normal 0.98078528040323076 0.195090322016127 0
    outer loop
      vertex 0.64443915989297673 0.084842024943033528 0.10625
      vertex 0.62785178708789446 0.16823237931663848 0.10625
      vertex 0.62785178708789446 0.16823237931663848 0.21249999999999999
    endloop
  endfacet
  facet normal 0.98078528040323076 0.195090322016127 -0
    outer loop
      vertex 0.64443915989297673 0.084842024943033528 0.10625
      vertex 0.62785178708789446 0.16823237931663848 0.21249999999999999
      vertex 0.64443915989297673 0.084842024943033528 0.21249999999999999
    endloop
  endfacet
  facet normal 0.94693012949510558 0.32143946530316209 0
    outer loop
      vertex 0.62785178708789446 0.16823237931663848 0.10625
      vertex 0.60052169613233641 0.24874423103730836 0.10625
      vertex 0.60052169613233641 0.24874423103730836 0.21249999999999999
    endloop
  endfacet
  facet normal 0.94693012949510558 0.32143946530316209 -0
    outer loop
      vertex 0.62785178708789446 0.16823237931663848 0.10625
      vertex 0.60052169613233641 0.24874423103730836 0.21249999999999999
      vertex 0.62785178708789446 0.16823237931663848 0.21249999999999999
    endloop
  endfacet
  facet normal 0.89687274153268826 0.4422886902190013 0
    outer loop
      vertex 0.60052169613233641 0.24874423103730836 0.10625
      vertex 0.56291651245988517 0.32499999999999996 0.10625
      vertex 0.56291651245988517 0.32499999999999996 0.21249999999999999
    endloop
  endfacet
  facet normal 0.89687274153268826 0.4422886902190013 -0
    outer loop
      vertex 0.60052169613233641 0.24874423103730836 0.10625
      vertex 0.56291651245988517 0.32499999999999996 0.21249999999999999
      vertex 0.60052169613233641 0.24874423103730836 0.21249999999999999
    endloop
  endfacet
  facet normal 0.83146961230254557 0.55557023301960184 0
    outer loop
      vertex 0.56291651245988517 0.32499999999999996 0.10625
      vertex 0.51567967118930291 0.39569492885566843 0.10625
      vertex 0.51567967118930291 0.39569492885566843 0.21249999999999999
    endloop
  endfacet
  facet normal 0.83146961230254557 0.55557023301960184 -0
    outer loop
      vertex 0.56291651245988517 0.32499999999999996 0.10625
      vertex 0.51567967118930291 0.39569492885566843 0.21249999999999999
      vertex 0.56291651245988517 0.32499999999999996 0.21249999999999999
    endloop
  endfacet
  facet normal 0.75183980747897738 0.65934581510006884 0
    outer loop
      vertex 0.51567967118930291 0.39569492885566843 0.10625
      vertex 0.45961940777125593 0.45961940777125593 0.10625
      vertex 0.45961940777125593 0.45961940777125593 0.21249999999999999
    endloop
  endfacet
  facet normal 0.75183980747897738 0.65934581510006884 -0
    outer loop
      vertex 0.51567967118930291 0.39569492885566843 0.10625
      vertex 0.45961940777125593 0.45961940777125593 0.21249999999999999
      vertex 0.51567967118930291 0.39569492885566843 0.21249999999999999
    endloop
  endfacet
  facet normal 0.65934581510006884 0.75183980747897738 0
    outer loop
      vertex 0.45961940777125593 0.45961940777125593 0.10625
      vertex 0.39569492885566843 0.51567967118930291 0.10625
      vertex 0.39569492885566843 0.51567967118930291 0.21249999999999999
    endloop
  endfacet
  facet normal 0.65934581510006884 0.75183980747897738 -0
    outer loop
      vertex 0.45961940777125593 0.45961940777125593 0.10625
      vertex 0.39569492885566843 0.51567967118930291 0.21249999999999999
      vertex 0.45961940777125593 0.45961940777125593 0.21249999999999999
    endloop
  endfacet
  facet normal 0.55557023301960162 0.83146961230254579 0
    outer loop
      vertex 0.39569492885566843 0.51567967118930291 0.10625
      vertex 0.32500000000000007 0.56291651245988505 0.10625
      vertex 0.32500000000000007 0.56291651245988505 0.21249999999999999
    endloop
  endfacet
  facet normal 0.55557023301960162 0.83146961230254579 -0
    outer loop
      vertex 0.39569492885566843 0.51567967118930291 0.10625
      vertex 0.32500000000000007 0.56291651245988505 0.21249999999999999
      vertex 0.39569492885566843 0.51567967118930291 0.21249999999999999
    endloop
  endfacet
  facet normal 0.44228869021900213 0.89687274153268803 0
    outer loop
      vertex 0.32500000000000007 0.56291651245988505 0.10625
      vertex 0.24874423103730842 0.60052169613233641 0.10625
      vertex 0.24874423103730842 0.60052169613233641 0.21249999999999999
    endloop
  endfacet
  facet normal 0.44228869021900213 0.89687274153268803 -0
    outer loop
      vertex 0.32500000000000007 0.56291651245988505 0.10625
      vertex 0.24874423103730842 0.60052169613233641 0.21249999999999999
      vertex 0.32500000000000007 0.56291651245988505 0.21249999999999999
    endloop
  endfacet
  facet normal 0.32143946530316192 0.94693012949510558 0
    outer loop
      vertex 0.24874423103730842 0.60052169613233641 0.10625
      vertex 0.16823237931663848 0.62785178708789446 0.10625
      vertex 0.16823237931663848 0.62785178708789446 0.21249999999999999
    endloop
  endfacet
  facet normal 0.32143946530316192 0.94693012949510558 -0
    outer loop
      vertex 0.24874423103730842 0.60052169613233641 0.10625
      vertex 0.16823237931663848 0.62785178708789446 0.21249999999999999
      vertex 0.24874423103730842 0.60052169613233641 0.21249999999999999
    endloop
  endfacet
  facet normal 0.19509032201612719 0.98078528040323076 0
    outer loop
      vertex 0.16823237931663848 0.62785178708789446 0.10625
      vertex 0.084842024943033612 0.64443915989297673 0.10625
      vertex 0.084842024943033612 0.64443915989297673 0.21249999999999999
    endloop
  endfacet
  facet normal 0.19509032201612719 0.98078528040323076 -0
    outer loop
      vertex 0.16823237931663848 0.62785178708789446 0.10625
      vertex 0.084842024943033612 0.64443915989297673 0.21249999999999999
      vertex 0.16823237931663848 0.62785178708789446 0.21249999999999999
    endloop
  endfacet
  facet normal 0.065403129230143714 0.99785892323860359 0
    outer loop
      vertex 0.084842024943033612 0.64443915989297673 0.10625
      vertex 3.9801020972288984e-17 0.65000000000000002 0.10625
      vertex 3.9801020972288984e-17 0.65000000000000002 0.21249999999999999
    endloop
  endfacet
  facet normal 0.065403129230143714 0.99785892323860359 -0
    outer loop
      vertex 0.084842024943033612 0.64443915989297673 0.10625
      vertex 3.9801020972288984e-17 0.65000000000000002 0.21249999999999999
      vertex 0.084842024943033612 0.64443915989297673 0.21249999999999999
    endloop
  endfacet
  facet normal -0.065403129230143714 0.99785892323860359 0
    outer loop
      vertex 3.9801020972288984e-17 0.65000000000000002 0.10625
      vertex -0.084842024943033542 0.64443915989297673 0.10625
      vertex -0.084842024943033542 0.64443915989297673 0.21249999999999999
    endloop
  endfacet
  facet normal -0.065403129230143714 0.99785892323860359 0
    outer loop
      vertex 3.9801020972288984e-17 0.65000000000000002 0.10625
      vertex -0.084842024943033542 0.64443915989297673 0.21249999999999999
      vertex 3.9801020972288984e-17 0.65000000000000002 0.21249999999999999
    endloop
  endfacet
  facet normal -0.19509032201612717 0.98078528040323076 0
    outer loop
      vertex -0.084842024943033542 0.64443915989297673 0.10625
      vertex -0.16823237931663843 0.62785178708789446 0.10625
      vertex -0.16823237931663843 0.62785178708789446 0.21249999999999999
    endloop
  endfacet
  facet normal -0.19509032201612717 0.98078528040323076 0
    outer loop
      vertex -0.084842024943033542 0.64443915989297673 0.10625
      vertex -0.16823237931663843 0.62785178708789446 0.21249999999999999
      vertex -0.084842024943033542 0.64443915989297673 0.21249999999999999
    endloop
  endfacet
  facet normal -0.32143946530316131 0.94693012949510569 0
    outer loop
      vertex -0.16823237931663843 0.62785178708789446 0.10625
      vertex -0.24874423103730819 0.60052169613233652 0.10625
      vertex -0.24874423103730819 0.60052169613233652 0.21249999999999999
    endloop
  endfacet
  facet normal -0.32143946530316131 0.94693012949510569 0
    outer loop
      vertex -0.16823237931663843 0.62785178708789446 0.10625
      vertex -0.24874423103730819 0.60052169613233652 0.21249999999999999
      vertex -0.16823237931663843 0.62785178708789446 0.21249999999999999
    endloop
  endfacet
  facet normal -0.44228869021900213 0.89687274153268803 0
    outer loop
      vertex -0.24874423103730819 0.60052169613233652 0.10625
      vertex -0.32499999999999984 0.56291651245988517 0.10625
      vertex -0.32499999999999984 0.56291651245988517 0.21249999999999999
    endloop
  endfacet
  facet normal -0.44228869021900213 0.89687274153268803 0
    outer loop
      vertex -0.24874423103730819 0.60052169613233652 0.10625
      vertex -0.32499999999999984 0.56291651245988517 0.21249999999999999
      vertex -0.24874423103730819 0.60052169613233652 0.21249999999999999
    endloop
  endfacet
  facet normal -0.55557023301960118 0.8314696123025459 0
    outer loop
      vertex -0.32499999999999984 0.56291651245988517 0.10625
      vertex -0.39569492885566843 0.51567967118930291 0.10625
      vertex -0.39569492885566843 0.51567967118930291 0.21249999999999999
    endloop
  endfacet
  facet normal -0.55557023301960118 0.8314696123025459 0
    outer loop
      vertex -0.32499999999999984 0.56291651245988517 0.10625
      vertex -0.39569492885566843 0.51567967118930291 0.21249999999999999
      vertex -0.32499999999999984 0.56291651245988517 0.21249999999999999
    endloop
  endfacet
  facet normal -0.65934581510006918 0.75183980747897727 0
    outer loop
      vertex -0.39569492885566843 0.51567967118930291 0.10625
      vertex -0.45961940777125587 0.45961940777125593 0.10625
      vertex -0.45961940777125587 0.45961940777125593 0.21249999999999999
    endloop
  endfacet
  facet normal -0.65934581510006918 0.75183980747897727 0
    outer loop
      vertex -0.39569492885566843 0.51567967118930291 0.10625
      vertex -0.45961940777125587 0.45961940777125593 0.21249999999999999
      vertex -0.39569492885566843 0.51567967118930291 0.21249999999999999
    endloop
  endfacet
  facet normal -0.75183980747897694 0.6593458151000694 0
    outer loop
      vertex -0.45961940777125587 0.45961940777125593 0.10625
      vertex -0.5156796711893028 0.39569492885566859 0.10625
      vertex -0.5156796711893028 0.39569492885566859 0.21249999999999999
    endloop
  endfacet
  facet normal -0.75183980747897694 0.6593458151000694 0
    outer loop
      vertex -0.45961940777125587 0.45961940777125593 0.10625
      vertex -0.5156796711893028 0.39569492885566859 0.21249999999999999
      vertex -0.45961940777125587 0.45961940777125593 0.21249999999999999
    endloop
  endfacet
  facet normal -0.83146961230254535 0.55557023301960184 0
    outer loop
      vertex -0.5156796711893028 0.39569492885566859 0.10625
      vertex -0.56291651245988517 0.32499999999999996 0.10625
      vertex -0.56291651245988517 0.32499999999999996 0.21249999999999999
    endloop
  endfacet
  facet normal -0.83146961230254535 0.55557023301960184 0
    outer loop
      vertex -0.5156796711893028 0.39569492885566859 0.10625
      vertex -0.56291651245988517 0.32499999999999996 0.21249999999999999
      vertex -0.5156796711893028 0.39569492885566859 0.21249999999999999
    endloop
  endfacet
  facet normal -0.89687274153268803 0.44228869021900163 0
    outer loop
      vertex -0.56291651245988517 0.32499999999999996 0.10625
      vertex -0.60052169613233641 0.24874423103730844 0.10625
      vertex -0.60052169613233641 0.24874423103730844 0.21249999999999999
    endloop
  endfacet
  facet normal -0.89687274153268803 0.44228869021900163 0
    outer loop
      vertex -0.56291651245988517 0.32499999999999996 0.10625
      vertex -0.60052169613233641 0.24874423103730844 0.21249999999999999
      vertex -0.56291651245988517 0.32499999999999996 0.21249999999999999
    endloop
  endfacet
  facet normal -0.94693012949510569 0.32143946530316131 0
    outer loop
      vertex -0.60052169613233641 0.24874423103730844 0.10625
      vertex -0.62785178708789435 0.16823237931663867 0.10625
      vertex -0.62785178708789435 0.16823237931663867 0.21249999999999999
    endloop
  endfacet
  facet normal -0.94693012949510569 0.32143946530316131 0
    outer loop
      vertex -0.60052169613233641 0.24874423103730844 0.10625
      vertex -0.62785178708789435 0.16823237931663867 0.21249999999999999
      vertex -0.60052169613233641 0.24874423103730844 0.21249999999999999
    endloop
  endfacet
  facet normal -0.98078528040323032 0.19509032201612839 0
    outer loop
      vertex -0.62785178708789435 0.16823237931663867 0.10625
      vertex -0.64443915989297673 0.084842024943033792 0.10625
      vertex -0.64443915989297673 0.084842024943033792 0.21249999999999999
    endloop
  endfacet
  facet normal -0.98078528040323032 0.19509032201612839 0
    outer loop
      vertex -0.62785178708789435 0.16823237931663867 0.10625
      vertex -0.64443915989297673 0.084842024943033792 0.21249999999999999
      vertex -0.62785178708789435 0.16823237931663867 0.21249999999999999
    endloop
  endfacet
  facet normal -0.99785892323860348 0.065403129230143603 0
    outer loop
      vertex -0.64443915989297673 0.084842024943033792 0.10625
      vertex -0.65000000000000002 7.9602041944577967e-17 0.10625
      vertex -0.65000000000000002 7.9602041944577967e-17 0.21249999999999999
    endloop
  endfacet
  facet normal -0.99785892323860348 0.065403129230143603 0
    outer loop
      vertex -0.64443915989297673 0.084842024943033792 0.10625
      vertex -0.65000000000000002 7.9602041944577967e-17 0.21249999999999999
      vertex -0.64443915989297673 0.084842024943033792 0.21249999999999999
    endloop
  endfacet
  facet normal -0.99785892323860348 -0.065403129230143575 0
    outer loop
      vertex -0.65000000000000002 7.9602041944577967e-17 0.10625
      vertex -0.64443915989297673 -0.084842024943033653 0.10625
      vertex -0.64443915989297673 -0.084842024943033653 0.21249999999999999
    endloop
  endfacet
  facet normal -0.99785892323860348 -0.065403129230143575 0
    outer loop
      vertex -0.65000000000000002 7.9602041944577967e-17 0.10625
      vertex -0.64443915989297673 -0.084842024943033653 0.21249999999999999
      vertex -0.65000000000000002 7.9602041944577967e-17 0.21249999999999999
    endloop
  endfacet
  facet normal -0.98078528040323076 -0.19509032201612717 0
    outer loop
      vertex -0.64443915989297673 -0.084842024943033653 0.10625
      vertex -0.62785178708789446 -0.16823237931663854 0.10625
      vertex -0.62785178708789446 -0.16823237931663854 0.21249999999999999
    endloop
  endfacet
  facet normal -0.98078528040323076 -0.19509032201612717 0
    outer loop
      vertex -0.64443915989297673 -0.084842024943033653 0.10625
      vertex -0.62785178708789446 -0.16823237931663854 0.21249999999999999
      vertex -0.64443915989297673 -0.084842024943033653 0.21249999999999999
    endloop
  endfacet
  facet normal -0.94693012949510569 -0.32143946530316131 0
    outer loop
      vertex -0.62785178708789446 -0.16823237931663854 0.10625
      vertex -0.60052169613233652 -0.24874423103730831 0.10625
      vertex -0.60052169613233652 -0.24874423103730831 0.21249999999999999
    endloop
  endfacet
  facet normal -0.94693012949510569 -0.32143946530316131 0
    outer loop
      vertex -0.62785178708789446 -0.16823237931663854 0.10625
      vertex -0.60052169613233652 -0.24874423103730831 0.21249999999999999
      vertex -0.62785178708789446 -0.16823237931663854 0.21249999999999999
    endloop
  endfacet
  facet normal -0.89687274153268814 -0.44228869021900152 0
    outer loop
      vertex -0.60052169613233652 -0.24874423103730831 0.10625
      vertex -0.56291651245988528 -0.32499999999999984 0.10625
      vertex -0.56291651245988528 -0.32499999999999984 0.21249999999999999
    endloop
  endfacet
  facet normal -0.89687274153268814 -0.44228869021900152 0
    outer loop
      vertex -0.60052169613233652 -0.24874423103730831 0.10625
      vertex -0.56291651245988528 -0.32499999999999984 0.21249999999999999
      vertex -0.60052169613233652 -0.24874423103730831 0.21249999999999999
    endloop
  endfacet
  facet normal -0.83146961230254535 -0.55557023301960218 0
    outer loop
      vertex -0.56291651245988528 -0.32499999999999984 0.10625
      vertex -0.51567967118930291 -0.39569492885566843 0.10625
      vertex -0.51567967118930291 -0.39569492885566843 0.21249999999999999
    endloop
  endfacet
  facet normal -0.83146961230254535 -0.55557023301960218 0
    outer loop
      vertex -0.56291651245988528 -0.32499999999999984 0.10625
      vertex -0.51567967118930291 -0.39569492885566843 0.21249999999999999
      vertex -0.56291651245988528 -0.32499999999999984 0.21249999999999999
    endloop
  endfacet
  facet normal -0.75183980747897727 -0.65934581510006895 0
    outer loop
      vertex -0.51567967118930291 -0.39569492885566843 0.10625
      vertex -0.45961940777125615 -0.45961940777125565 0.10625
      vertex -0.45961940777125615 -0.45961940777125565 0.21249999999999999
    endloop
  endfacet
  facet normal -0.75183980747897727 -0.65934581510006895 0
    outer loop
      vertex -0.51567967118930291 -0.39569492885566843 0.10625
      vertex -0.45961940777125615 -0.45961940777125565 0.21249999999999999
      vertex -0.51567967118930291 -0.39569492885566843 0.21249999999999999
    endloop
  endfacet
  facet normal -0.65934581510006884 -0.75183980747897727 0
    outer loop
      vertex -0.45961940777125615 -0.45961940777125565 0.10625
      vertex -0.39569492885566859 -0.51567967118930269 0.10625
      vertex -0.39569492885566859 -0.51567967118930269 0.21249999999999999
    endloop
  endfacet
  facet normal -0.65934581510006884 -0.75183980747897727 0
    outer loop
      vertex -0.45961940777125615 -0.45961940777125565 0.10625
      vertex -0.39569492885566859 -0.51567967118930269 0.21249999999999999
      vertex -0.45961940777125615 -0.45961940777125565 0.21249999999999999
    endloop
  endfacet
  facet normal -0.55557023301960362 -0.83146961230254424 0
    outer loop
      vertex -0.39569492885566859 -0.51567967118930269 0.10625
      vertex -0.32500000000000029 -0.56291651245988505 0.10625
      vertex -0.32500000000000029 -0.56291651245988505 0.21249999999999999
    endloop
  endfacet
  facet normal -0.55557023301960362 -0.83146961230254424 0
    outer loop
      vertex -0.39569492885566859 -0.51567967118930269 0.10625
      vertex -0.32500000000000029 -0.56291651245988505 0.21249999999999999
      vertex -0.39569492885566859 -0.51567967118930269 0.21249999999999999
    endloop
  endfacet
  facet normal -0.44228869021900108 -0.89687274153268837 0
    outer loop
      vertex -0.32500000000000029 -0.56291651245988505 0.10625
      vertex -0.24874423103730819 -0.60052169613233652 0.10625
      vertex -0.24874423103730819 -0.60052169613233652 0.21249999999999999
    endloop
  endfacet
  facet normal -0.44228869021900108 -0.89687274153268837 0
    outer loop
      vertex -0.32500000000000029 -0.56291651245988505 0.10625
      vertex -0.24874423103730819 -0.60052169613233652 0.21249999999999999
      vertex -0.32500000000000029 -0.56291651245988505 0.21249999999999999
    endloop
  endfacet
  facet normal -0.32143946530316131 -0.94693012949510569 0
    outer loop
      vertex -0.24874423103730819 -0.60052169613233652 0.10625
      vertex -0.16823237931663843 -0.62785178708789446 0.10625
      vertex -0.16823237931663843 -0.62785178708789446 0.21249999999999999
    endloop
  endfacet
  facet normal -0.32143946530316131 -0.94693012949510569 0
    outer loop
      vertex -0.24874423103730819 -0.60052169613233652 0.10625
      vertex -0.16823237931663843 -0.62785178708789446 0.21249999999999999
      vertex -0.24874423103730819 -0.60052169613233652 0.21249999999999999
    endloop
  endfacet
  facet normal -0.19509032201612719 -0.98078528040323076 0
    outer loop
      vertex -0.16823237931663843 -0.62785178708789446 0.10625
      vertex -0.084842024943033556 -0.64443915989297673 0.10625
      vertex -0.084842024943033556 -0.64443915989297673 0.21249999999999999
    endloop
  endfacet
  facet normal -0.19509032201612719 -0.98078528040323076 0
    outer loop
      vertex -0.16823237931663843 -0.62785178708789446 0.10625
      vertex -0.084842024943033556 -0.64443915989297673 0.21249999999999999
      vertex -0.16823237931663843 -0.62785178708789446 0.21249999999999999
    endloop
  endfacet
  facet normal -0.065403129230143825 -0.99785892323860337 0
    outer loop
      vertex -0.084842024943033556 -0.64443915989297673 0.10625
      vertex -1.1940306291686693e-16 -0.65000000000000002 0.10625
      vertex -1.1940306291686693e-16 -0.65000000000000002 0.21249999999999999
    endloop
  endfacet
  facet normal -0.065403129230143825 -0.99785892323860337 0
    outer loop
      vertex -0.084842024943033556 -0.64443915989297673 0.10625
      vertex -1.1940306291686693e-16 -0.65000000000000002 0.21249999999999999
      vertex -0.084842024943033556 -0.64443915989297673 0.21249999999999999
    endloop
  endfacet
  facet normal 0.065403129230142493 -0.99785892323860359 0
    outer loop
      vertex -1.1940306291686693e-16 -0.65000000000000002 0.10625
      vertex 0.084842024943033334 -0.64443915989297684 0.10625
      vertex 0.084842024943033334 -0.64443915989297684 0.21249999999999999
    endloop
  endfacet
  facet normal 0.065403129230142493 -0.99785892323860359 0
    outer loop
      vertex -1.1940306291686693e-16 -0.65000000000000002 0.10625
      vertex 0.084842024943033334 -0.64443915989297684 0.21249999999999999
      vertex -1.1940306291686693e-16 -0.65000000000000002 0.21249999999999999
    endloop
  endfacet
  facet normal 0.19509032201612841 -0.98078528040323032 0
    outer loop
      vertex 0.084842024943033334 -0.64443915989297684 0.10625
      vertex 0.1682323793166382 -0.62785178708789446 0.10625
      vertex 0.1682323793166382 -0.62785178708789446 0.21249999999999999
    endloop
  endfacet
  facet normal 0.19509032201612841 -0.98078528040323032 0
    outer loop
      vertex 0.084842024943033334 -0.64443915989297684 0.10625
      vertex 0.1682323793166382 -0.62785178708789446 0.21249999999999999
      vertex 0.084842024943033334 -0.64443915989297684 0.21249999999999999
    endloop
  endfacet
  facet normal 0.32143946530316131 -0.94693012949510569 0
    outer loop
      vertex 0.1682323793166382 -0.62785178708789446 0.10625
      vertex 0.24874423103730797 -0.60052169613233652 0.10625
      vertex 0.24874423103730797 -0.60052169613233652 0.21249999999999999
    endloop
  endfacet
  facet normal 0.32143946530316131 -0.94693012949510569 0
    outer loop
      vertex 0.1682323793166382 -0.62785178708789446 0.10625
      vertex 0.24874423103730797 -0.60052169613233652 0.21249999999999999
      vertex 0.1682323793166382 -0.62785178708789446 0.21249999999999999
    endloop
  endfacet
  facet normal 0.44228869021900108 -0.89687274153268837 0
    outer loop
      vertex 0.24874423103730797 -0.60052169613233652 0.10625
      vertex 0.32500000000000007 -0.56291651245988505 0.10625
      vertex 0.32500000000000007 -0.56291651245988505 0.21249999999999999
    endloop
  endfacet
  facet normal 0.44228869021900108 -0.89687274153268837 0
    outer loop
      vertex 0.24874423103730797 -0.60052169613233652 0.10625
      vertex 0.32500000000000007 -0.56291651245988505 0.21249999999999999
      vertex 0.24874423103730797 -0.60052169613233652 0.21249999999999999
    endloop
  endfacet
  facet normal 0.55557023301960162 -0.83146961230254568 0
    outer loop
      vertex 0.32500000000000007 -0.56291651245988505 0.10625
      vertex 0.39569492885566793 -0.51567967118930325 0.10625
      vertex 0.39569492885566793 -0.51567967118930325 0.21249999999999999
    endloop
  endfacet
  facet normal 0.55557023301960162 -0.83146961230254568 0
    outer loop
      vertex 0.32500000000000007 -0.56291651245988505 0.10625
      vertex 0.39569492885566793 -0.51567967118930325 0.21249999999999999
      vertex 0.32500000000000007 -0.56291651245988505 0.21249999999999999
    endloop
  endfacet
  facet normal 0.6593458151000684 -0.75183980747897783 0
    outer loop
      vertex 0.39569492885566793 -0.51567967118930325 0.10625
      vertex 0.45961940777125582 -0.45961940777125598 0.10625
      vertex 0.45961940777125582 -0.45961940777125598 0.21249999999999999
    endloop
  endfacet
  facet normal 0.6593458151000684 -0.75183980747897783 0
    outer loop
      vertex 0.39569492885566793 -0.51567967118930325 0.10625
      vertex 0.45961940777125582 -0.45961940777125598 0.21249999999999999
      vertex 0.39569492885566793 -0.51567967118930325 0.21249999999999999
    endloop
  endfacet
  facet normal 0.75183980747897716 -0.65934581510006907 0
    outer loop
      vertex 0.45961940777125582 -0.45961940777125598 0.10625
      vertex 0.51567967118930269 -0.39569492885566865 0.10625
      vertex 0.51567967118930269 -0.39569492885566865 0.21249999999999999
    endloop
  endfacet
  facet normal 0.75183980747897716 -0.65934581510006907 0
    outer loop
      vertex 0.45961940777125582 -0.45961940777125598 0.10625
      vertex 0.51567967118930269 -0.39569492885566865 0.21249999999999999
      vertex 0.45961940777125582 -0.45961940777125598 0.21249999999999999
    endloop
  endfacet
  facet normal 0.83146961230254512 -0.55557023301960251 0
    outer loop
      vertex 0.51567967118930269 -0.39569492885566865 0.10625
      vertex 0.56291651245988494 -0.32500000000000029 0.10625
      vertex 0.56291651245988494 -0.32500000000000029 0.21249999999999999
    endloop
  endfacet
  facet normal 0.83146961230254512 -0.55557023301960251 0
    outer loop
      vertex 0.51567967118930269 -0.39569492885566865 0.10625
      vertex 0.56291651245988494 -0.32500000000000029 0.21249999999999999
      vertex 0.51567967118930269 -0.39569492885566865 0.21249999999999999
    endloop
  endfacet
  facet normal 0.89687274153268781 -0.44228869021900225 0
    outer loop
      vertex 0.56291651245988494 -0.32500000000000029 0.10625
      vertex 0.60052169613233652 -0.24874423103730822 0.10625
      vertex 0.60052169613233652 -0.24874423103730822 0.21249999999999999
    endloop
  endfacet
  facet normal 0.89687274153268781 -0.44228869021900225 0
    outer loop
      vertex 0.56291651245988494 -0.32500000000000029 0.10625
      vertex 0.60052169613233652 -0.24874423103730822 0.21249999999999999
      vertex 0.56291651245988494 -0.32500000000000029 0.21249999999999999
    endloop
  endfacet
  facet normal 0.94693012949510591 -0.32143946530316109 0
    outer loop
      vertex 0.60052169613233652 -0.24874423103730822 0.10625
      vertex 0.62785178708789424 -0.16823237931663904 0.10625
      vertex 0.62785178708789424 -0.16823237931663904 0.21249999999999999
    endloop
  endfacet
  facet normal 0.94693012949510591 -0.32143946530316109 0
    outer loop
      vertex 0.60052169613233652 -0.24874423103730822 0.10625
      vertex 0.62785178708789424 -0.16823237931663904 0.21249999999999999
      vertex 0.60052169613233652 -0.24874423103730822 0.21249999999999999
    endloop
  endfacet
  facet normal 0.98078528040323032 -0.19509032201612839 0
    outer loop
      vertex 0.62785178708789424 -0.16823237931663904 0.10625
      vertex 0.64443915989297673 -0.084842024943033598 0.10625
      vertex 0.64443915989297673 -0.084842024943033598 0.21249999999999999
    endloop
  endfacet
  facet normal 0.98078528040323032 -0.19509032201612839 0
    outer loop
      vertex 0.62785178708789424 -0.16823237931663904 0.10625
      vertex 0.64443915989297673 -0.084842024943033598 0.21249999999999999
      vertex 0.62785178708789424 -0.16823237931663904 0.21249999999999999
    endloop
  endfacet
  facet normal 0.99785892323860348 -0.0654031292301437 0
    outer loop
      vertex 0.64443915989297673 -0.084842024943033598 0.10625
      vertex 0.65000000000000002 0 0.10625
      vertex 0.65000000000000002 0 0.21249999999999999
    endloop
  endfacet
  facet normal 0.99785892323860348 -0.0654031292301437 0
    outer loop
      vertex 0.64443915989297673 -0.084842024943033598 0.10625
      vertex 0.65000000000000002 0 0.21249999999999999
      vertex 0.64443915989297673 -0.084842024943033598 0.21249999999999999
    endloop
  endfacet
  facet normal 0.99785892323860337 0.065403129230143742 0
    outer loop
      vertex 0.65000000000000002 0 0.21249999999999999
      vertex 0.64443915989297673 0.084842024943033528 0.21249999999999999
      vertex 0.64443915989297673 0.084842024943033528 0.31874999999999998
    endloop
  endfacet
  facet normal 0.99785892323860337 0.065403129230143742 -0
    outer loop
      vertex 0.65000000000000002 0 0.21249999999999999
      vertex 0.64443915989297673 0.084842024943033528 0.31874999999999998
      vertex 0.65000000000000002 0 0.31874999999999998
    endloop
  endfacet
  facet normal 0.98078528040323076 0.19509032201612703 0
    outer loop
      vertex 0.64443915989297673 0.084842024943033528 0.21249999999999999
      vertex 0.62785178708789446 0.16823237931663848 0.21249999999999999
      vertex 0.62785178708789446 0.16823237931663848 0.31874999999999998
    endloop
  endfacet
  facet normal 0.98078528040323076 0.19509032201612703 -0
    outer loop
      vertex 0.64443915989297673 0.084842024943033528 0.21249999999999999
      vertex 0.62785178708789446 0.16823237931663848 0.31874999999999998
      vertex 0.64443915989297673 0.084842024943033528 0.31874999999999998
    endloop
  endfacet
  facet normal 0.94693012949510535 0.32143946530316203 0
    outer loop
      vertex 0.62785178708789446 0.16823237931663848 0.21249999999999999
      vertex 0.60052169613233641 0.24874423103730836 0.21249999999999999
      vertex 0.60052169613233641 0.24874423103730836 0.31874999999999998
    endloop
  endfacet
  facet normal 0.94693012949510535 0.32143946530316203 -0
    outer loop
      vertex 0.62785178708789446 0.16823237931663848 0.21249999999999999
      vertex 0.60052169613233641 0.24874423103730836 0.31874999999999998
      vertex 0.62785178708789446 0.16823237931663848 0.31874999999999998
    endloop
  endfacet
  facet normal 0.89687274153268826 0.4422886902190013 0
    outer loop
      vertex 0.60052169613233641 0.24874423103730836 0.21249999999999999
      vertex 0.56291651245988517 0.32499999999999996 0.21249999999999999
      vertex 0.56291651245988517 0.32499999999999996 0.31874999999999998
    endloop
  endfacet
  facet normal 0.89687274153268826 0.4422886902190013 -0
    outer loop
      vertex 0.60052169613233641 0.24874423103730836 0.21249999999999999
      vertex 0.56291651245988517 0.32499999999999996 0.31874999999999998
      vertex 0.60052169613233641 0.24874423103730836 0.31874999999999998
    endloop
  endfacet
  facet normal 0.83146961230254546 0.55557023301960173 0
    outer loop
      vertex 0.56291651245988517 0.32499999999999996 0.21249999999999999
      vertex 0.51567967118930291 0.39569492885566843 0.21249999999999999
      vertex 0.51567967118930291 0.39569492885566843 0.31874999999999998
    endloop
  endfacet
  facet normal 0.83146961230254546 0.55557023301960173 -0
    outer loop
      vertex 0.56291651245988517 0.32499999999999996 0.21249999999999999
      vertex 0.51567967118930291 0.39569492885566843 0.31874999999999998
      vertex 0.56291651245988517 0.32499999999999996 0.31874999999999998
    endloop
  endfacet
  facet normal 0.75183980747897738 0.65934581510006884 0
    outer loop
      vertex 0.51567967118930291 0.39569492885566843 0.21249999999999999
      vertex 0.45961940777125593 0.45961940777125593 0.21249999999999999
      vertex 0.45961940777125593 0.45961940777125593 0.31874999999999998
    endloop
  endfacet
  facet normal 0.75183980747897738 0.65934581510006884 -0
    outer loop
      vertex 0.51567967118930291 0.39569492885566843 0.21249999999999999
      vertex 0.45961940777125593 0.45961940777125593 0.31874999999999998
      vertex 0.51567967118930291 0.39569492885566843 0.31874999999999998
    endloop
  endfacet
  facet normal 0.65934581510006884 0.75183980747897738 0
    outer loop
      vertex 0.45961940777125593 0.45961940777125593 0.21249999999999999
      vertex 0.39569492885566843 0.51567967118930291 0.21249999999999999
      vertex 0.39569492885566843 0.51567967118930291 0.31874999999999998
    endloop
  endfacet
  facet normal 0.65934581510006884 0.75183980747897738 -0
    outer loop
      vertex 0.45961940777125593 0.45961940777125593 0.21249999999999999
      vertex 0.39569492885566843 0.51567967118930291 0.31874999999999998
      vertex 0.45961940777125593 0.45961940777125593 0.31874999999999998
    endloop
  endfacet
  facet normal 0.55557023301960162 0.83146961230254568 0
    outer loop
      vertex 0.39569492885566843 0.51567967118930291 0.21249999999999999
      vertex 0.32500000000000007 0.56291651245988505 0.21249999999999999
      vertex 0.32500000000000007 0.56291651245988505 0.31874999999999998
    endloop
  endfacet
  facet normal 0.55557023301960162 0.83146961230254568 -0
    outer loop
      vertex 0.39569492885566843 0.51567967118930291 0.21249999999999999
      vertex 0.32500000000000007 0.56291651245988505 0.31874999999999998
      vertex 0.39569492885566843 0.51567967118930291 0.31874999999999998
    endloop
  endfacet
  facet normal 0.44228869021900213 0.89687274153268792 0
    outer loop
      vertex 0.32500000000000007 0.56291651245988505 0.21249999999999999
      vertex 0.24874423103730842 0.60052169613233641 0.21249999999999999
      vertex 0.24874423103730842 0.60052169613233641 0.31874999999999998
    endloop
  endfacet
  facet normal 0.44228869021900213 0.89687274153268792 -0
    outer loop
      vertex 0.32500000000000007 0.56291651245988505 0.21249999999999999
      vertex 0.24874423103730842 0.60052169613233641 0.31874999999999998
      vertex 0.32500000000000007 0.56291651245988505 0.31874999999999998
    endloop
  endfacet
  facet normal 0.32143946530316186 0.94693012949510558 0
    outer loop
      vertex 0.24874423103730842 0.60052169613233641 0.21249999999999999
      vertex 0.16823237931663848 0.62785178708789446 0.21249999999999999
      vertex 0.16823237931663848 0.62785178708789446 0.31874999999999998
    endloop
  endfacet
  facet normal 0.32143946530316186 0.94693012949510558 -0
    outer loop
      vertex 0.24874423103730842 0.60052169613233641 0.21249999999999999
      vertex 0.16823237931663848 0.62785178708789446 0.31874999999999998
      vertex 0.24874423103730842 0.60052169613233641 0.31874999999999998
    endloop
  endfacet
  facet normal 0.19509032201612722 0.98078528040323076 0
    outer loop
      vertex 0.16823237931663848 0.62785178708789446 0.21249999999999999
      vertex 0.084842024943033612 0.64443915989297673 0.21249999999999999
      vertex 0.084842024943033612 0.64443915989297673 0.31874999999999998
    endloop
  endfacet
  facet normal 0.19509032201612722 0.98078528040323076 -0
    outer loop
      vertex 0.16823237931663848 0.62785178708789446 0.21249999999999999
      vertex 0.084842024943033612 0.64443915989297673 0.31874999999999998
      vertex 0.16823237931663848 0.62785178708789446 0.31874999999999998
    endloop
  endfacet
  facet normal 0.0654031292301437 0.99785892323860337 0
    outer loop
      vertex 0.084842024943033612 0.64443915989297673 0.21249999999999999
      vertex 3.9801020972288984e-17 0.65000000000000002 0.21249999999999999
      vertex 3.9801020972288984e-17 0.65000000000000002 0.31874999999999998
    endloop
  endfacet
  facet normal 0.0654031292301437 0.99785892323860337 -0
    outer loop
      vertex 0.084842024943033612 0.64443915989297673 0.21249999999999999
      vertex 3.9801020972288984e-17 0.65000000000000002 0.31874999999999998
      vertex 0.084842024943033612 0.64443915989297673 0.31874999999999998
    endloop
  endfacet
  facet normal -0.0654031292301437 0.99785892323860359 0
    outer loop
      vertex 3.9801020972288984e-17 0.65000000000000002 0.21249999999999999
      vertex -0.084842024943033542 0.64443915989297673 0.21249999999999999
      vertex -0.084842024943033542 0.64443915989297673 0.31874999999999998
    endloop
  endfacet
  facet normal -0.0654031292301437 0.99785892323860359 0
    outer loop
      vertex 3.9801020972288984e-17 0.65000000000000002 0.21249999999999999
      vertex -0.084842024943033542 0.64443915989297673 0.31874999999999998
      vertex 3.9801020972288984e-17 0.65000000000000002 0.31874999999999998
    endloop
  endfacet
  facet normal -0.19509032201612717 0.98078528040323076 0
    outer loop
      vertex -0.084842024943033542 0.64443915989297673 0.21249999999999999
      vertex -0.16823237931663843 0.62785178708789446 0.21249999999999999
      vertex -0.16823237931663843 0.62785178708789446 0.31874999999999998
    endloop
  endfacet
  facet normal -0.19509032201612717 0.98078528040323076 0
    outer loop
      vertex -0.084842024943033542 0.64443915989297673 0.21249999999999999
      vertex -0.16823237931663843 0.62785178708789446 0.31874999999999998
      vertex -0.084842024943033542 0.64443915989297673 0.31874999999999998
    endloop
  endfacet
  facet normal -0.32143946530316136 0.94693012949510591 0
    outer loop
      vertex -0.16823237931663843 0.62785178708789446 0.21249999999999999
      vertex -0.24874423103730819 0.60052169613233652 0.21249999999999999
      vertex -0.24874423103730819 0.60052169613233652 0.31874999999999998
    endloop
  endfacet
  facet normal -0.32143946530316136 0.94693012949510591 0
    outer loop
      vertex -0.16823237931663843 0.62785178708789446 0.21249999999999999
      vertex -0.24874423103730819 0.60052169613233652 0.31874999999999998
      vertex -0.16823237931663843 0.62785178708789446 0.31874999999999998
    endloop
  endfacet
  facet normal -0.44228869021900213 0.89687274153268792 0
    outer loop
      vertex -0.24874423103730819 0.60052169613233652 0.21249999999999999
      vertex -0.32499999999999984 0.56291651245988517 0.21249999999999999
      vertex -0.32499999999999984 0.56291651245988517 0.31874999999999998
    endloop
  endfacet
  facet normal -0.44228869021900213 0.89687274153268792 0
    outer loop
      vertex -0.24874423103730819 0.60052169613233652 0.21249999999999999
      vertex -0.32499999999999984 0.56291651245988517 0.31874999999999998
      vertex -0.24874423103730819 0.60052169613233652 0.31874999999999998
    endloop
  endfacet
  facet normal -0.55557023301960129 0.8314696123025459 0
    outer loop
      vertex -0.32499999999999984 0.56291651245988517 0.21249999999999999
      vertex -0.39569492885566843 0.51567967118930291 0.21249999999999999
      vertex -0.39569492885566843 0.51567967118930291 0.31874999999999998
    endloop
  endfacet
  facet normal -0.55557023301960129 0.8314696123025459 0
    outer loop
      vertex -0.32499999999999984 0.56291651245988517 0.21249999999999999
      vertex -0.39569492885566843 0.51567967118930291 0.31874999999999998
      vertex -0.32499999999999984 0.56291651245988517 0.31874999999999998
    endloop
  endfacet
  facet normal -0.65934581510006907 0.75183980747897716 0
    outer loop
      vertex -0.39569492885566843 0.51567967118930291 0.21249999999999999
      vertex -0.45961940777125587 0.45961940777125593 0.21249999999999999
      vertex -0.45961940777125587 0.45961940777125593 0.31874999999999998
    endloop
  endfacet
  facet normal -0.65934581510006907 0.75183980747897716 0
    outer loop
      vertex -0.39569492885566843 0.51567967118930291 0.21249999999999999
      vertex -0.45961940777125587 0.45961940777125593 0.31874999999999998
      vertex -0.39569492885566843 0.51567967118930291 0.31874999999999998
    endloop
  endfacet
  facet normal -0.75183980747897683 0.6593458151000694 0
    outer loop
      vertex -0.45961940777125587 0.45961940777125593 0.21249999999999999
      vertex -0.5156796711893028 0.39569492885566859 0.21249999999999999
      vertex -0.5156796711893028 0.39569492885566859 0.31874999999999998
    endloop
  endfacet
  facet normal -0.75183980747897683 0.6593458151000694 0
    outer loop
      vertex -0.45961940777125587 0.45961940777125593 0.21249999999999999
      vertex -0.5156796711893028 0.39569492885566859 0.31874999999999998
      vertex -0.45961940777125587 0.45961940777125593 0.31874999999999998
    endloop
  endfacet
  facet normal -0.83146961230254546 0.55557023301960184 0
    outer loop
      vertex -0.5156796711893028 0.39569492885566859 0.21249999999999999
      vertex -0.56291651245988517 0.32499999999999996 0.21249999999999999
      vertex -0.56291651245988517 0.32499999999999996 0.31874999999999998
    endloop
  endfacet
  facet normal -0.83146961230254546 0.55557023301960184 0
    outer loop
      vertex -0.5156796711893028 0.39569492885566859 0.21249999999999999
      vertex -0.56291651245988517 0.32499999999999996 0.31874999999999998
      vertex -0.5156796711893028 0.39569492885566859 0.31874999999999998
    endloop
  endfacet
  facet normal -0.89687274153268803 0.44228869021900163 0
    outer loop
      vertex -0.56291651245988517 0.32499999999999996 0.21249999999999999
      vertex -0.60052169613233641 0.24874423103730844 0.21249999999999999
      vertex -0.60052169613233641 0.24874423103730844 0.31874999999999998
    endloop
  endfacet
  facet normal -0.89687274153268803 0.44228869021900163 0
    outer loop
      vertex -0.56291651245988517 0.32499999999999996 0.21249999999999999
      vertex -0.60052169613233641 0.24874423103730844 0.31874999999999998
      vertex -0.56291651245988517 0.32499999999999996 0.31874999999999998
    endloop
  endfacet
  facet normal -0.94693012949510591 0.32143946530316136 0
    outer loop
      vertex -0.60052169613233641 0.24874423103730844 0.21249999999999999
      vertex -0.62785178708789435 0.16823237931663867 0.21249999999999999
      vertex -0.62785178708789435 0.16823237931663867 0.31874999999999998
    endloop
  endfacet
  facet normal -0.94693012949510591 0.32143946530316136 0
    outer loop
      vertex -0.60052169613233641 0.24874423103730844 0.21249999999999999
      vertex -0.62785178708789435 0.16823237931663867 0.31874999999999998
      vertex -0.60052169613233641 0.24874423103730844 0.31874999999999998
    endloop
  endfacet
  facet normal -0.98078528040323032 0.19509032201612839 0
    outer loop
      vertex -0.62785178708789435 0.16823237931663867 0.21249999999999999
      vertex -0.64443915989297673 0.084842024943033792 0.21249999999999999
      vertex -0.64443915989297673 0.084842024943033792 0.31874999999999998
    endloop
  endfacet
  facet normal -0.98078528040323032 0.19509032201612839 0
    outer loop
      vertex -0.62785178708789435 0.16823237931663867 0.21249999999999999
      vertex -0.64443915989297673 0.084842024943033792 0.31874999999999998
      vertex -0.62785178708789435 0.16823237931663867 0.31874999999999998
    endloop
  endfacet
  facet normal -0.99785892323860348 0.065403129230143603 0
    outer loop
      vertex -0.64443915989297673 0.084842024943033792 0.21249999999999999
      vertex -0.65000000000000002 7.9602041944577967e-17 0.21249999999999999
      vertex -0.65000000000000002 7.9602041944577967e-17 0.31874999999999998
    endloop
  endfacet
  facet normal -0.99785892323860348 0.065403129230143603 0
    outer loop
      vertex -0.64443915989297673 0.084842024943033792 0.21249999999999999
      vertex -0.65000000000000002 7.9602041944577967e-17 0.31874999999999998
      vertex -0.64443915989297673 0.084842024943033792 0.31874999999999998
    endloop
  endfacet
  facet normal -0.99785892323860348 -0.065403129230143575 0
    outer loop
      vertex -0.65000000000000002 7.9602041944577967e-17 0.21249999999999999
      vertex -0.64443915989297673 -0.084842024943033653 0.21249999999999999
      vertex -0.64443915989297673 -0.084842024943033653 0.31874999999999998
    endloop
  endfacet
  facet normal -0.99785892323860348 -0.065403129230143575 0
    outer loop
      vertex -0.65000000000000002 7.9602041944577967e-17 0.21249999999999999
      vertex -0.64443915989297673 -0.084842024943033653 0.31874999999999998
      vertex -0.65000000000000002 7.9602041944577967e-17 0.31874999999999998
    endloop
  endfacet
  facet normal -0.98078528040323076 -0.19509032201612717 0
    outer loop
      vertex -0.64443915989297673 -0.084842024943033653 0.21249999999999999
      vertex -0.62785178708789446 -0.16823237931663854 0.21249999999999999
      vertex -0.62785178708789446 -0.16823237931663854 0.31874999999999998
    endloop
  endfacet
  facet normal -0.98078528040323076 -0.19509032201612717 0
    outer loop
      vertex -0.64443915989297673 -0.084842024943033653 0.21249999999999999
      vertex -0.62785178708789446 -0.16823237931663854 0.31874999999999998
      vertex -0.64443915989297673 -0.084842024943033653 0.31874999999999998
    endloop
  endfacet
  facet normal -0.94693012949510591 -0.32143946530316136 0
    outer loop
      vertex -0.62785178708789446 -0.16823237931663854 0.21249999999999999
      vertex -0.60052169613233652 -0.24874423103730831 0.21249999999999999
      vertex -0.60052169613233652 -0.24874423103730831 0.31874999999999998
    endloop
  endfacet
  facet normal -0.94693012949510591 -0.32143946530316136 0
    outer loop
      vertex -0.62785178708789446 -0.16823237931663854 0.21249999999999999
      vertex -0.60052169613233652 -0.24874423103730831 0.31874999999999998
      vertex -0.62785178708789446 -0.16823237931663854 0.31874999999999998
    endloop
  endfacet
  facet normal -0.89687274153268814 -0.44228869021900163 0
    outer loop
      vertex -0.60052169613233652 -0.24874423103730831 0.21249999999999999
      vertex -0.56291651245988528 -0.32499999999999984 0.21249999999999999
      vertex -0.56291651245988528 -0.32499999999999984 0.31874999999999998
    endloop
  endfacet
  facet normal -0.89687274153268814 -0.44228869021900163 0
    outer loop
      vertex -0.60052169613233652 -0.24874423103730831 0.21249999999999999
      vertex -0.56291651245988528 -0.32499999999999984 0.31874999999999998
      vertex -0.60052169613233652 -0.24874423103730831 0.31874999999999998
    endloop
  endfacet
  facet normal -0.83146961230254524 -0.55557023301960218 0
    outer loop
      vertex -0.56291651245988528 -0.32499999999999984 0.21249999999999999
      vertex -0.51567967118930291 -0.39569492885566843 0.21249999999999999
      vertex -0.51567967118930291 -0.39569492885566843 0.31874999999999998
    endloop
  endfacet
  facet normal -0.83146961230254524 -0.55557023301960218 0
    outer loop
      vertex -0.56291651245988528 -0.32499999999999984 0.21249999999999999
      vertex -0.51567967118930291 -0.39569492885566843 0.31874999999999998
      vertex -0.56291651245988528 -0.32499999999999984 0.31874999999999998
    endloop
  endfacet
  facet normal -0.75183980747897716 -0.65934581510006895 0
    outer loop
      vertex -0.51567967118930291 -0.39569492885566843 0.21249999999999999
      vertex -0.45961940777125615 -0.45961940777125565 0.21249999999999999
      vertex -0.45961940777125615 -0.45961940777125565 0.31874999999999998
    endloop
  endfacet
  facet normal -0.75183980747897716 -0.65934581510006895 0
    outer loop
      vertex -0.51567967118930291 -0.39569492885566843 0.21249999999999999
      vertex -0.45961940777125615 -0.45961940777125565 0.31874999999999998
      vertex -0.51567967118930291 -0.39569492885566843 0.31874999999999998
    endloop
  endfacet
  facet normal -0.65934581510006884 -0.75183980747897738 0
    outer loop
      vertex -0.45961940777125615 -0.45961940777125565 0.21249999999999999
      vertex -0.39569492885566859 -0.51567967118930269 0.21249999999999999
      vertex -0.39569492885566859 -0.51567967118930269 0.31874999999999998
    endloop
  endfacet
  facet normal -0.65934581510006884 -0.75183980747897738 0
    outer loop
      vertex -0.45961940777125615 -0.45961940777125565 0.21249999999999999
      vertex -0.39569492885566859 -0.51567967118930269 0.31874999999999998
      vertex -0.45961940777125615 -0.45961940777125565 0.31874999999999998
    endloop
  endfacet
  facet normal -0.55557023301960362 -0.83146961230254424 0
    outer loop
      vertex -0.39569492885566859 -0.51567967118930269 0.21249999999999999
      vertex -0.32500000000000029 -0.56291651245988505 0.21249999999999999
      vertex -0.32500000000000029 -0.56291651245988505 0.31874999999999998
    endloop
  endfacet
  facet normal -0.55557023301960362 -0.83146961230254424 0
    outer loop
      vertex -0.39569492885566859 -0.51567967118930269 0.21249999999999999
      vertex -0.32500000000000029 -0.56291651245988505 0.31874999999999998
      vertex -0.39569492885566859 -0.51567967118930269 0.31874999999999998
    endloop
  endfacet
  facet normal -0.44228869021900119 -0.89687274153268848 0
    outer loop
      vertex -0.32500000000000029 -0.56291651245988505 0.21249999999999999
      vertex -0.24874423103730819 -0.60052169613233652 0.21249999999999999
      vertex -0.24874423103730819 -0.60052169613233652 0.31874999999999998
    endloop
  endfacet
  facet normal -0.44228869021900119 -0.89687274153268848 0
    outer loop
      vertex -0.32500000000000029 -0.56291651245988505 0.21249999999999999
      vertex -0.24874423103730819 -0.60052169613233652 0.31874999999999998
      vertex -0.32500000000000029 -0.56291651245988505 0.31874999999999998
    endloop
  endfacet
  facet normal -0.32143946530316136 -0.94693012949510591 0
    outer loop
      vertex -0.24874423103730819 -0.60052169613233652 0.21249999999999999
      vertex -0.16823237931663843 -0.62785178708789446 0.21249999999999999
      vertex -0.16823237931663843 -0.62785178708789446 0.31874999999999998
    endloop
  endfacet
  facet normal -0.32143946530316136 -0.94693012949510591 0
    outer loop
      vertex -0.24874423103730819 -0.60052169613233652 0.21249999999999999
      vertex -0.16823237931663843 -0.62785178708789446 0.31874999999999998
      vertex -0.24874423103730819 -0.60052169613233652 0.31874999999999998
    endloop
  endfacet
  facet normal -0.19509032201612722 -0.98078528040323076 0
    outer loop
      vertex -0.16823237931663843 -0.62785178708789446 0.21249999999999999
      vertex -0.084842024943033556 -0.64443915989297673 0.21249999999999999
      vertex -0.084842024943033556 -0.64443915989297673 0.31874999999999998
    endloop
  endfacet
  facet normal -0.19509032201612722 -0.98078528040323076 0
    outer loop
      vertex -0.16823237931663843 -0.62785178708789446 0.21249999999999999
      vertex -0.084842024943033556 -0.64443915989297673 0.31874999999999998
      vertex -0.16823237931663843 -0.62785178708789446 0.31874999999999998
    endloop
  endfacet
  facet normal -0.065403129230143839 -0.99785892323860359 0
    outer loop
      vertex -0.084842024943033556 -0.64443915989297673 0.21249999999999999
      vertex -1.1940306291686693e-16 -0.65000000000000002 0.21249999999999999
      vertex -1.1940306291686693e-16 -0.65000000000000002 0.31874999999999998
    endloop
  endfacet
  facet normal -0.065403129230143839 -0.99785892323860359 0
    outer loop
      vertex -0.084842024943033556 -0.64443915989297673 0.21249999999999999
      vertex -1.1940306291686693e-16 -0.65000000000000002 0.31874999999999998
      vertex -0.084842024943033556 -0.64443915989297673 0.31874999999999998
    endloop
  endfacet
  facet normal 0.065403129230142507 -0.99785892323860359 0
    outer loop
      vertex -1.1940306291686693e-16 -0.65000000000000002 0.21249999999999999
      vertex 0.084842024943033334 -0.64443915989297684 0.21249999999999999
      vertex 0.084842024943033334 -0.64443915989297684 0.31874999999999998
    endloop
  endfacet
  facet normal 0.065403129230142507 -0.99785892323860359 0
    outer loop
      vertex -1.1940306291686693e-16 -0.65000000000000002 0.21249999999999999
      vertex 0.084842024943033334 -0.64443915989297684 0.31874999999999998
      vertex -1.1940306291686693e-16 -0.65000000000000002 0.31874999999999998
    endloop
  endfacet
  facet normal 0.19509032201612847 -0.98078528040323054 0
    outer loop
      vertex 0.084842024943033334 -0.64443915989297684 0.21249999999999999
      vertex 0.1682323793166382 -0.62785178708789446 0.21249999999999999
      vertex 0.1682323793166382 -0.62785178708789446 0.31874999999999998
    endloop
  endfacet
  facet normal 0.19509032201612847 -0.98078528040323054 0
    outer loop
      vertex 0.084842024943033334 -0.64443915989297684 0.21249999999999999
      vertex 0.1682323793166382 -0.62785178708789446 0.31874999999999998
      vertex 0.084842024943033334 -0.64443915989297684 0.31874999999999998
    endloop
  endfacet
  facet normal 0.32143946530316136 -0.94693012949510591 0
    outer loop
      vertex 0.1682323793166382 -0.62785178708789446 0.21249999999999999
      vertex 0.24874423103730797 -0.60052169613233652 0.21249999999999999
      vertex 0.24874423103730797 -0.60052169613233652 0.31874999999999998
    endloop
  endfacet
  facet normal 0.32143946530316136 -0.94693012949510591 0
    outer loop
      vertex 0.1682323793166382 -0.62785178708789446 0.21249999999999999
      vertex 0.24874423103730797 -0.60052169613233652 0.31874999999999998
      vertex 0.1682323793166382 -0.62785178708789446 0.31874999999999998
    endloop
  endfacet
  facet normal 0.44228869021900119 -0.89687274153268848 0
    outer loop
      vertex 0.24874423103730797 -0.60052169613233652 0.21249999999999999
      vertex 0.32500000000000007 -0.56291651245988505 0.21249999999999999
      vertex 0.32500000000000007 -0.56291651245988505 0.31874999999999998
    endloop
  endfacet
  facet normal 0.44228869021900119 -0.89687274153268848 0
    outer loop
      vertex 0.24874423103730797 -0.60052169613233652 0.21249999999999999
      vertex 0.32500000000000007 -0.56291651245988505 0.31874999999999998
      vertex 0.24874423103730797 -0.60052169613233652 0.31874999999999998
    endloop
  endfacet
  facet normal 0.55557023301960162 -0.83146961230254579 0
    outer loop
      vertex 0.32500000000000007 -0.56291651245988505 0.21249999999999999
      vertex 0.39569492885566793 -0.51567967118930325 0.21249999999999999
      vertex 0.39569492885566793 -0.51567967118930325 0.31874999999999998
    endloop
  endfacet
  facet normal 0.55557023301960162 -0.83146961230254579 0
    outer loop
      vertex 0.32500000000000007 -0.56291651245988505 0.21249999999999999
      vertex 0.39569492885566793 -0.51567967118930325 0.31874999999999998
      vertex 0.32500000000000007 -0.56291651245988505 0.31874999999999998
    endloop
  endfacet
  facet normal 0.6593458151000684 -0.75183980747897783 0
    outer loop
      vertex 0.39569492885566793 -0.51567967118930325 0.21249999999999999
      vertex 0.45961940777125582 -0.45961940777125598 0.21249999999999999
      vertex 0.45961940777125582 -0.45961940777125598 0.31874999999999998
    endloop
  endfacet
  facet normal 0.6593458151000684 -0.75183980747897783 0
    outer loop
      vertex 0.39569492885566793 -0.51567967118930325 0.21249999999999999
      vertex 0.45961940777125582 -0.45961940777125598 0.31874999999999998
      vertex 0.39569492885566793 -0.51567967118930325 0.31874999999999998
    endloop
  endfacet
  facet normal 0.75183980747897727 -0.65934581510006907 0
    outer loop
      vertex 0.45961940777125582 -0.45961940777125598 0.21249999999999999
      vertex 0.51567967118930269 -0.39569492885566865 0.21249999999999999
      vertex 0.51567967118930269 -0.39569492885566865 0.31874999999999998
    endloop
  endfacet
  facet normal 0.75183980747897727 -0.65934581510006907 0
    outer loop
      vertex 0.45961940777125582 -0.45961940777125598 0.21249999999999999
      vertex 0.51567967118930269 -0.39569492885566865 0.31874999999999998
      vertex 0.45961940777125582 -0.45961940777125598 0.31874999999999998
    endloop
  endfacet
  facet normal 0.83146961230254512 -0.5555702330196024 0
    outer loop
      vertex 0.51567967118930269 -0.39569492885566865 0.21249999999999999
      vertex 0.56291651245988494 -0.32500000000000029 0.21249999999999999
      vertex 0.56291651245988494 -0.32500000000000029 0.31874999999999998
    endloop
  endfacet
  facet normal 0.83146961230254512 -0.5555702330196024 0
    outer loop
      vertex 0.51567967118930269 -0.39569492885566865 0.21249999999999999
      vertex 0.56291651245988494 -0.32500000000000029 0.31874999999999998
      vertex 0.51567967118930269 -0.39569492885566865 0.31874999999999998
    endloop
  endfacet
  facet normal 0.89687274153268781 -0.44228869021900225 0
    outer loop
      vertex 0.56291651245988494 -0.32500000000000029 0.21249999999999999
      vertex 0.60052169613233652 -0.24874423103730822 0.21249999999999999
      vertex 0.60052169613233652 -0.24874423103730822 0.31874999999999998
    endloop
  endfacet
  facet normal 0.89687274153268781 -0.44228869021900225 0
    outer loop
      vertex 0.56291651245988494 -0.32500000000000029 0.21249999999999999
      vertex 0.60052169613233652 -0.24874423103730822 0.31874999999999998
      vertex 0.56291651245988494 -0.32500000000000029 0.31874999999999998
    endloop
  endfacet
  facet normal 0.94693012949510591 -0.32143946530316109 0
    outer loop
      vertex 0.60052169613233652 -0.24874423103730822 0.21249999999999999
      vertex 0.62785178708789424 -0.16823237931663904 0.21249999999999999
      vertex 0.62785178708789424 -0.16823237931663904 0.31874999999999998
    endloop
  endfacet
  facet normal 0.94693012949510591 -0.32143946530316109 0
    outer loop
      vertex 0.60052169613233652 -0.24874423103730822 0.21249999999999999
      vertex 0.62785178708789424 -0.16823237931663904 0.31874999999999998
      vertex 0.60052169613233652 -0.24874423103730822 0.31874999999999998
    endloop
  endfacet
  facet normal 0.98078528040323032 -0.19509032201612841 0
    outer loop
      vertex 0.62785178708789424 -0.16823237931663904 0.21249999999999999
      vertex 0.64443915989297673 -0.084842024943033598 0.21249999999999999
      vertex 0.64443915989297673 -0.084842024943033598 0.31874999999999998
    endloop
  endfacet
  facet normal 0.98078528040323032 -0.19509032201612841 0
    outer loop
      vertex 0.62785178708789424 -0.16823237931663904 0.21249999999999999
      vertex 0.64443915989297673 -0.084842024943033598 0.31874999999999998
      vertex 0.62785178708789424 -0.16823237931663904 0.31874999999999998
    endloop
  endfacet
  facet normal 0.99785892323860348 -0.065403129230143686 0
    outer loop
      vertex 0.64443915989297673 -0.084842024943033598 0.21249999999999999
      vertex 0.65000000000000002 0 0.21249999999999999
      vertex 0.65000000000000002 0 0.31874999999999998
    endloop
  endfacet
  facet normal 0.99785892323860348 -0.065403129230143686 0
    outer loop
      vertex 0.64443915989297673 -0.084842024943033598 0.21249999999999999
      vertex 0.65000000000000002 0 0.31874999999999998
      vertex 0.64443915989297673 -0.084842024943033598 0.31874999999999998
    endloop
  endfacet
  facet normal 0.99785892323860337 0.065403129230143742 0
    outer loop
      vertex 0.65000000000000002 0 0.31874999999999998
      vertex 0.64443915989297673 0.084842024943033528 0.31874999999999998
      vertex 0.64443915989297673 0.084842024943033528 0.42499999999999999
    endloop
  endfacet
  facet normal 0.99785892323860337 0.065403129230143742 -0
    outer loop
      vertex 0.65000000000000002 0 0.31874999999999998
      vertex 0.64443915989297673 0.084842024943033528 0.42499999999999999
      vertex 0.65000000000000002 0 0.42499999999999999
    endloop
  endfacet
  facet normal 0.98078528040323054 0.195090322016127 0
    outer loop
      vertex 0.64443915989297673 0.084842024943033528 0.31874999999999998
      vertex 0.62785178708789446 0.16823237931663848 0.31874999999999998
      vertex 0.62785178708789446 0.16823237931663848 0.42499999999999999
    endloop
  endfacet
  facet normal 0.98078528040323054 0.195090322016127 -0
    outer loop
      vertex 0.64443915989297673 0.084842024943033528 0.31874999999999998
      vertex 0.62785178708789446 0.16823237931663848 0.42499999999999999
      vertex 0.64443915989297673 0.084842024943033528 0.42499999999999999
    endloop
  endfacet
  facet normal 0.94693012949510547 0.32143946530316203 0
    outer loop
      vertex 0.62785178708789446 0.16823237931663848 0.31874999999999998
      vertex 0.60052169613233641 0.24874423103730836 0.31874999999999998
      vertex 0.60052169613233641 0.24874423103730836 0.42499999999999999
    endloop
  endfacet
  facet normal 0.94693012949510547 0.32143946530316203 -0
    outer loop
      vertex 0.62785178708789446 0.16823237931663848 0.31874999999999998
      vertex 0.60052169613233641 0.24874423103730836 0.42499999999999999
      vertex 0.62785178708789446 0.16823237931663848 0.42499999999999999
    endloop
  endfacet
  facet normal 0.89687274153268826 0.4422886902190013 0
    outer loop
      vertex 0.60052169613233641 0.24874423103730836 0.31874999999999998
      vertex 0.56291651245988517 0.32499999999999996 0.31874999999999998
      vertex 0.56291651245988517 0.32499999999999996 0.42499999999999999
    endloop
  endfacet
  facet normal 0.89687274153268826 0.4422886902190013 -0
    outer loop
      vertex 0.60052169613233641 0.24874423103730836 0.31874999999999998
      vertex 0.56291651245988517 0.32499999999999996 0.42499999999999999
      vertex 0.60052169613233641 0.24874423103730836 0.42499999999999999
    endloop
  endfacet
  facet normal 0.83146961230254546 0.55557023301960184 0
    outer loop
      vertex 0.56291651245988517 0.32499999999999996 0.31874999999999998
      vertex 0.51567967118930291 0.39569492885566843 0.31874999999999998
      vertex 0.51567967118930291 0.39569492885566843 0.42499999999999999
    endloop
  endfacet
  facet normal 0.83146961230254546 0.55557023301960184 -0
    outer loop
      vertex 0.56291651245988517 0.32499999999999996 0.31874999999999998
      vertex 0.51567967118930291 0.39569492885566843 0.42499999999999999
      vertex 0.56291651245988517 0.32499999999999996 0.42499999999999999
    endloop
  endfacet
  facet normal 0.7518398074789775 0.65934581510006895 0
    outer loop
      vertex 0.51567967118930291 0.39569492885566843 0.31874999999999998
      vertex 0.45961940777125593 0.45961940777125593 0.31874999999999998
      vertex 0.45961940777125593 0.45961940777125593 0.42499999999999999
    endloop
  endfacet
  facet normal 0.7518398074789775 0.65934581510006895 -0
    outer loop
      vertex 0.51567967118930291 0.39569492885566843 0.31874999999999998
      vertex 0.45961940777125593 0.45961940777125593 0.42499999999999999
      vertex 0.51567967118930291 0.39569492885566843 0.42499999999999999
    endloop
  endfacet
  facet normal 0.65934581510006895 0.7518398074789775 0
    outer loop
      vertex 0.45961940777125593 0.45961940777125593 0.31874999999999998
      vertex 0.39569492885566843 0.51567967118930291 0.31874999999999998
      vertex 0.39569492885566843 0.51567967118930291 0.42499999999999999
    endloop
  endfacet
  facet normal 0.65934581510006895 0.7518398074789775 -0
    outer loop
      vertex 0.45961940777125593 0.45961940777125593 0.31874999999999998
      vertex 0.39569492885566843 0.51567967118930291 0.42499999999999999
      vertex 0.45961940777125593 0.45961940777125593 0.42499999999999999
    endloop
  endfacet
  facet normal 0.55557023301960151 0.83146961230254568 0
    outer loop
      vertex 0.39569492885566843 0.51567967118930291 0.31874999999999998
      vertex 0.32500000000000007 0.56291651245988505 0.31874999999999998
      vertex 0.32500000000000007 0.56291651245988505 0.42499999999999999
    endloop
  endfacet
  facet normal 0.55557023301960151 0.83146961230254568 -0
    outer loop
      vertex 0.39569492885566843 0.51567967118930291 0.31874999999999998
      vertex 0.32500000000000007 0.56291651245988505 0.42499999999999999
      vertex 0.39569492885566843 0.51567967118930291 0.42499999999999999
    endloop
  endfacet
  facet normal 0.44228869021900225 0.89687274153268803 0
    outer loop
      vertex 0.32500000000000007 0.56291651245988505 0.31874999999999998
      vertex 0.24874423103730842 0.60052169613233641 0.31874999999999998
      vertex 0.24874423103730842 0.60052169613233641 0.42499999999999999
    endloop
  endfacet
  facet normal 0.44228869021900225 0.89687274153268803 -0
    outer loop
      vertex 0.32500000000000007 0.56291651245988505 0.31874999999999998
      vertex 0.24874423103730842 0.60052169613233641 0.42499999999999999
      vertex 0.32500000000000007 0.56291651245988505 0.42499999999999999
    endloop
  endfacet
  facet normal 0.32143946530316192 0.94693012949510569 0
    outer loop
      vertex 0.24874423103730842 0.60052169613233641 0.31874999999999998
      vertex 0.16823237931663848 0.62785178708789446 0.31874999999999998
      vertex 0.16823237931663848 0.62785178708789446 0.42499999999999999
    endloop
  endfacet
  facet normal 0.32143946530316192 0.94693012949510569 -0
    outer loop
      vertex 0.24874423103730842 0.60052169613233641 0.31874999999999998
      vertex 0.16823237931663848 0.62785178708789446 0.42499999999999999
      vertex 0.24874423103730842 0.60052169613233641 0.42499999999999999
    endloop
  endfacet
  facet normal 0.19509032201612719 0.98078528040323054 0
    outer loop
      vertex 0.16823237931663848 0.62785178708789446 0.31874999999999998
      vertex 0.084842024943033612 0.64443915989297673 0.31874999999999998
      vertex 0.084842024943033612 0.64443915989297673 0.42499999999999999
    endloop
  endfacet
  facet normal 0.19509032201612719 0.98078528040323054 -0
    outer loop
      vertex 0.16823237931663848 0.62785178708789446 0.31874999999999998
      vertex 0.084842024943033612 0.64443915989297673 0.42499999999999999
      vertex 0.16823237931663848 0.62785178708789446 0.42499999999999999
    endloop
  endfacet
  facet normal 0.065403129230143728 0.99785892323860359 0
    outer loop
      vertex 0.084842024943033612 0.64443915989297673 0.31874999999999998
      vertex 3.9801020972288984e-17 0.65000000000000002 0.31874999999999998
      vertex 3.9801020972288984e-17 0.65000000000000002 0.42499999999999999
    endloop
  endfacet
  facet normal 0.065403129230143728 0.99785892323860359 -0
    outer loop
      vertex 0.084842024943033612 0.64443915989297673 0.31874999999999998
      vertex 3.9801020972288984e-17 0.65000000000000002 0.42499999999999999
      vertex 0.084842024943033612 0.64443915989297673 0.42499999999999999
    endloop
  endfacet
  facet normal -0.0654031292301437 0.99785892323860348 0
    outer loop
      vertex 3.9801020972288984e-17 0.65000000000000002 0.31874999999999998
      vertex -0.084842024943033542 0.64443915989297673 0.31874999999999998
      vertex -0.084842024943033542 0.64443915989297673 0.42499999999999999
    endloop
  endfacet
  facet normal -0.0654031292301437 0.99785892323860348 0
    outer loop
      vertex 3.9801020972288984e-17 0.65000000000000002 0.31874999999999998
      vertex -0.084842024943033542 0.64443915989297673 0.42499999999999999
      vertex 3.9801020972288984e-17 0.65000000000000002 0.42499999999999999
    endloop
  endfacet
  facet normal -0.19509032201612714 0.98078528040323054 0
    outer loop
      vertex -0.084842024943033542 0.64443915989297673 0.31874999999999998
      vertex -0.16823237931663843 0.62785178708789446 0.31874999999999998
      vertex -0.16823237931663843 0.62785178708789446 0.42499999999999999
    endloop
  endfacet
  facet normal -0.19509032201612714 0.98078528040323054 0
    outer loop
      vertex -0.084842024943033542 0.64443915989297673 0.31874999999999998
      vertex -0.16823237931663843 0.62785178708789446 0.42499999999999999
      vertex -0.084842024943033542 0.64443915989297673 0.42499999999999999
    endloop
  endfacet
  facet normal -0.32143946530316131 0.94693012949510569 0
    outer loop
      vertex -0.16823237931663843 0.62785178708789446 0.31874999999999998
      vertex -0.24874423103730819 0.60052169613233652 0.31874999999999998
      vertex -0.24874423103730819 0.60052169613233652 0.42499999999999999
    endloop
  endfacet
  facet normal -0.32143946530316131 0.94693012949510569 0
    outer loop
      vertex -0.16823237931663843 0.62785178708789446 0.31874999999999998
      vertex -0.24874423103730819 0.60052169613233652 0.42499999999999999
      vertex -0.16823237931663843 0.62785178708789446 0.42499999999999999
    endloop
  endfacet
  facet normal -0.44228869021900225 0.89687274153268803 0
    outer loop
      vertex -0.24874423103730819 0.60052169613233652 0.31874999999999998
      vertex -0.32499999999999984 0.56291651245988517 0.31874999999999998
      vertex -0.32499999999999984 0.56291651245988517 0.42499999999999999
    endloop
  endfacet
  facet normal -0.44228869021900225 0.89687274153268803 0
    outer loop
      vertex -0.24874423103730819 0.60052169613233652 0.31874999999999998
      vertex -0.32499999999999984 0.56291651245988517 0.42499999999999999
      vertex -0.24874423103730819 0.60052169613233652 0.42499999999999999
    endloop
  endfacet
  facet normal -0.55557023301960118 0.8314696123025459 0
    outer loop
      vertex -0.32499999999999984 0.56291651245988517 0.31874999999999998
      vertex -0.39569492885566843 0.51567967118930291 0.31874999999999998
      vertex -0.39569492885566843 0.51567967118930291 0.42499999999999999
    endloop
  endfacet
  facet normal -0.55557023301960118 0.8314696123025459 0
    outer loop
      vertex -0.32499999999999984 0.56291651245988517 0.31874999999999998
      vertex -0.39569492885566843 0.51567967118930291 0.42499999999999999
      vertex -0.32499999999999984 0.56291651245988517 0.42499999999999999
    endloop
  endfacet
  facet normal -0.65934581510006918 0.75183980747897716 0
    outer loop
      vertex -0.39569492885566843 0.51567967118930291 0.31874999999999998
      vertex -0.45961940777125587 0.45961940777125593 0.31874999999999998
      vertex -0.45961940777125587 0.45961940777125593 0.42499999999999999
    endloop
  endfacet
  facet normal -0.65934581510006918 0.75183980747897716 0
    outer loop
      vertex -0.39569492885566843 0.51567967118930291 0.31874999999999998
      vertex -0.45961940777125587 0.45961940777125593 0.42499999999999999
      vertex -0.39569492885566843 0.51567967118930291 0.42499999999999999
    endloop
  endfacet
  facet normal -0.75183980747897694 0.65934581510006951 0
    outer loop
      vertex -0.45961940777125587 0.45961940777125593 0.31874999999999998
      vertex -0.5156796711893028 0.39569492885566859 0.31874999999999998
      vertex -0.5156796711893028 0.39569492885566859 0.42499999999999999
    endloop
  endfacet
  facet normal -0.75183980747897694 0.65934581510006951 0
    outer loop
      vertex -0.45961940777125587 0.45961940777125593 0.31874999999999998
      vertex -0.5156796711893028 0.39569492885566859 0.42499999999999999
      vertex -0.45961940777125587 0.45961940777125593 0.42499999999999999
    endloop
  endfacet
  facet normal -0.83146961230254557 0.55557023301960184 0
    outer loop
      vertex -0.5156796711893028 0.39569492885566859 0.31874999999999998
      vertex -0.56291651245988517 0.32499999999999996 0.31874999999999998
      vertex -0.56291651245988517 0.32499999999999996 0.42499999999999999
    endloop
  endfacet
  facet normal -0.83146961230254557 0.55557023301960184 0
    outer loop
      vertex -0.5156796711893028 0.39569492885566859 0.31874999999999998
      vertex -0.56291651245988517 0.32499999999999996 0.42499999999999999
      vertex -0.5156796711893028 0.39569492885566859 0.42499999999999999
    endloop
  endfacet
  facet normal -0.89687274153268814 0.44228869021900175 0
    outer loop
      vertex -0.56291651245988517 0.32499999999999996 0.31874999999999998
      vertex -0.60052169613233641 0.24874423103730844 0.31874999999999998
      vertex -0.60052169613233641 0.24874423103730844 0.42499999999999999
    endloop
  endfacet
  facet normal -0.89687274153268814 0.44228869021900175 0
    outer loop
      vertex -0.56291651245988517 0.32499999999999996 0.31874999999999998
      vertex -0.60052169613233641 0.24874423103730844 0.42499999999999999
      vertex -0.56291651245988517 0.32499999999999996 0.42499999999999999
    endloop
  endfacet
  facet normal -0.94693012949510569 0.32143946530316131 0
    outer loop
      vertex -0.60052169613233641 0.24874423103730844 0.31874999999999998
      vertex -0.62785178708789435 0.16823237931663867 0.31874999999999998
      vertex -0.62785178708789435 0.16823237931663867 0.42499999999999999
    endloop
  endfacet
  facet normal -0.94693012949510569 0.32143946530316131 0
    outer loop
      vertex -0.60052169613233641 0.24874423103730844 0.31874999999999998
      vertex -0.62785178708789435 0.16823237931663867 0.42499999999999999
      vertex -0.60052169613233641 0.24874423103730844 0.42499999999999999
    endloop
  endfacet
  facet normal -0.98078528040323032 0.19509032201612841 0
    outer loop
      vertex -0.62785178708789435 0.16823237931663867 0.31874999999999998
      vertex -0.64443915989297673 0.084842024943033792 0.31874999999999998
      vertex -0.64443915989297673 0.084842024943033792 0.42499999999999999
    endloop
  endfacet
  facet normal -0.98078528040323032 0.19509032201612841 0
    outer loop
      vertex -0.62785178708789435 0.16823237931663867 0.31874999999999998
      vertex -0.64443915989297673 0.084842024943033792 0.42499999999999999
      vertex -0.62785178708789435 0.16823237931663867 0.42499999999999999
    endloop
  endfacet
  facet normal -0.99785892323860348 0.065403129230143603 0
    outer loop
      vertex -0.64443915989297673 0.084842024943033792 0.31874999999999998
      vertex -0.65000000000000002 7.9602041944577967e-17 0.31874999999999998
      vertex -0.65000000000000002 7.9602041944577967e-17 0.42499999999999999
    endloop
  endfacet
  facet normal -0.99785892323860348 0.065403129230143603 0
    outer loop
      vertex -0.64443915989297673 0.084842024943033792 0.31874999999999998
      vertex -0.65000000000000002 7.9602041944577967e-17 0.42499999999999999
      vertex -0.64443915989297673 0.084842024943033792 0.42499999999999999
    endloop
  endfacet
  facet normal -0.99785892323860348 -0.065403129230143589 0
    outer loop
      vertex -0.65000000000000002 7.9602041944577967e-17 0.31874999999999998
      vertex -0.64443915989297673 -0.084842024943033653 0.31874999999999998
      vertex -0.64443915989297673 -0.084842024943033653 0.42499999999999999
    endloop
  endfacet
  facet normal -0.99785892323860348 -0.065403129230143589 0
    outer loop
      vertex -0.65000000000000002 7.9602041944577967e-17 0.31874999999999998
      vertex -0.64443915989297673 -0.084842024943033653 0.42499999999999999
      vertex -0.65000000000000002 7.9602041944577967e-17 0.42499999999999999
    endloop
  endfacet
  facet normal -0.98078528040323054 -0.19509032201612714 0
    outer loop
      vertex -0.64443915989297673 -0.084842024943033653 0.31874999999999998
      vertex -0.62785178708789446 -0.16823237931663854 0.31874999999999998
      vertex -0.62785178708789446 -0.16823237931663854 0.42499999999999999
    endloop
  endfacet
  facet normal -0.98078528040323054 -0.19509032201612714 0
    outer loop
      vertex -0.64443915989297673 -0.084842024943033653 0.31874999999999998
      vertex -0.62785178708789446 -0.16823237931663854 0.42499999999999999
      vertex -0.64443915989297673 -0.084842024943033653 0.42499999999999999
    endloop
  endfacet
  facet normal -0.94693012949510569 -0.32143946530316131 0
    outer loop
      vertex -0.62785178708789446 -0.16823237931663854 0.31874999999999998
      vertex -0.60052169613233652 -0.24874423103730831 0.31874999999999998
      vertex -0.60052169613233652 -0.24874423103730831 0.42499999999999999
    endloop
  endfacet
  facet normal -0.94693012949510569 -0.32143946530316131 0
    outer loop
      vertex -0.62785178708789446 -0.16823237931663854 0.31874999999999998
      vertex -0.60052169613233652 -0.24874423103730831 0.42499999999999999
      vertex -0.62785178708789446 -0.16823237931663854 0.42499999999999999
    endloop
  endfacet
  facet normal -0.89687274153268826 -0.44228869021900158 0
    outer loop
      vertex -0.60052169613233652 -0.24874423103730831 0.31874999999999998
      vertex -0.56291651245988528 -0.32499999999999984 0.31874999999999998
      vertex -0.56291651245988528 -0.32499999999999984 0.42499999999999999
    endloop
  endfacet
  facet normal -0.89687274153268826 -0.44228869021900158 0
    outer loop
      vertex -0.60052169613233652 -0.24874423103730831 0.31874999999999998
      vertex -0.56291651245988528 -0.32499999999999984 0.42499999999999999
      vertex -0.60052169613233652 -0.24874423103730831 0.42499999999999999
    endloop
  endfacet
  facet normal -0.83146961230254535 -0.55557023301960218 0
    outer loop
      vertex -0.56291651245988528 -0.32499999999999984 0.31874999999999998
      vertex -0.51567967118930291 -0.39569492885566843 0.31874999999999998
      vertex -0.51567967118930291 -0.39569492885566843 0.42499999999999999
    endloop
  endfacet
  facet normal -0.83146961230254535 -0.55557023301960218 0
    outer loop
      vertex -0.56291651245988528 -0.32499999999999984 0.31874999999999998
      vertex -0.51567967118930291 -0.39569492885566843 0.42499999999999999
      vertex -0.56291651245988528 -0.32499999999999984 0.42499999999999999
    endloop
  endfacet
  facet normal -0.75183980747897738 -0.65934581510006907 0
    outer loop
      vertex -0.51567967118930291 -0.39569492885566843 0.31874999999999998
      vertex -0.45961940777125615 -0.45961940777125565 0.31874999999999998
      vertex -0.45961940777125615 -0.45961940777125565 0.42499999999999999
    endloop
  endfacet
  facet normal -0.75183980747897738 -0.65934581510006907 0
    outer loop
      vertex -0.51567967118930291 -0.39569492885566843 0.31874999999999998
      vertex -0.45961940777125615 -0.45961940777125565 0.42499999999999999
      vertex -0.51567967118930291 -0.39569492885566843 0.42499999999999999
    endloop
  endfacet
  facet normal -0.65934581510006895 -0.75183980747897738 0
    outer loop
      vertex -0.45961940777125615 -0.45961940777125565 0.31874999999999998
      vertex -0.39569492885566859 -0.51567967118930269 0.31874999999999998
      vertex -0.39569492885566859 -0.51567967118930269 0.42499999999999999
    endloop
  endfacet
  facet normal -0.65934581510006895 -0.75183980747897738 0
    outer loop
      vertex -0.45961940777125615 -0.45961940777125565 0.31874999999999998
      vertex -0.39569492885566859 -0.51567967118930269 0.42499999999999999
      vertex -0.45961940777125615 -0.45961940777125565 0.42499999999999999
    endloop
  endfacet
  facet normal -0.55557023301960362 -0.83146961230254435 0
    outer loop
      vertex -0.39569492885566859 -0.51567967118930269 0.31874999999999998
      vertex -0.32500000000000029 -0.56291651245988505 0.31874999999999998
      vertex -0.32500000000000029 -0.56291651245988505 0.42499999999999999
    endloop
  endfacet
  facet normal -0.55557023301960362 -0.83146961230254435 0
    outer loop
      vertex -0.39569492885566859 -0.51567967118930269 0.31874999999999998
      vertex -0.32500000000000029 -0.56291651245988505 0.42499999999999999
      vertex -0.39569492885566859 -0.51567967118930269 0.42499999999999999
    endloop
  endfacet
  facet normal -0.44228869021900102 -0.89687274153268837 0
    outer loop
      vertex -0.32500000000000029 -0.56291651245988505 0.31874999999999998
      vertex -0.24874423103730819 -0.60052169613233652 0.31874999999999998
      vertex -0.24874423103730819 -0.60052169613233652 0.42499999999999999
    endloop
  endfacet
  facet normal -0.44228869021900102 -0.89687274153268837 0
    outer loop
      vertex -0.32500000000000029 -0.56291651245988505 0.31874999999999998
      vertex -0.24874423103730819 -0.60052169613233652 0.42499999999999999
      vertex -0.32500000000000029 -0.56291651245988505 0.42499999999999999
    endloop
  endfacet
  facet normal -0.32143946530316131 -0.94693012949510569 0
    outer loop
      vertex -0.24874423103730819 -0.60052169613233652 0.31874999999999998
      vertex -0.16823237931663843 -0.62785178708789446 0.31874999999999998
      vertex -0.16823237931663843 -0.62785178708789446 0.42499999999999999
    endloop
  endfacet
  facet normal -0.32143946530316131 -0.94693012949510569 0
    outer loop
      vertex -0.24874423103730819 -0.60052169613233652 0.31874999999999998
      vertex -0.16823237931663843 -0.62785178708789446 0.42499999999999999
      vertex -0.24874423103730819 -0.60052169613233652 0.42499999999999999
    endloop
  endfacet
  facet normal -0.19509032201612719 -0.98078528040323054 0
    outer loop
      vertex -0.16823237931663843 -0.62785178708789446 0.31874999999999998
      vertex -0.084842024943033556 -0.64443915989297673 0.31874999999999998
      vertex -0.084842024943033556 -0.64443915989297673 0.42499999999999999
    endloop
  endfacet
  facet normal -0.19509032201612719 -0.98078528040323054 0
    outer loop
      vertex -0.16823237931663843 -0.62785178708789446 0.31874999999999998
      vertex -0.084842024943033556 -0.64443915989297673 0.42499999999999999
      vertex -0.16823237931663843 -0.62785178708789446 0.42499999999999999
    endloop
  endfacet
  facet normal -0.065403129230143825 -0.99785892323860337 0
    outer loop
      vertex -0.084842024943033556 -0.64443915989297673 0.31874999999999998
      vertex -1.1940306291686693e-16 -0.65000000000000002 0.31874999999999998
      vertex -1.1940306291686693e-16 -0.65000000000000002 0.42499999999999999
    endloop
  endfacet
  facet normal -0.065403129230143825 -0.99785892323860337 0
    outer loop
      vertex -0.084842024943033556 -0.64443915989297673 0.31874999999999998
      vertex -1.1940306291686693e-16 -0.65000000000000002 0.42499999999999999
      vertex -0.084842024943033556 -0.64443915989297673 0.42499999999999999
    endloop
  endfacet
  facet normal 0.065403129230142507 -0.99785892323860359 0
    outer loop
      vertex -1.1940306291686693e-16 -0.65000000000000002 0.31874999999999998
      vertex 0.084842024943033334 -0.64443915989297684 0.31874999999999998
      vertex 0.084842024943033334 -0.64443915989297684 0.42499999999999999
    endloop
  endfacet
  facet normal 0.065403129230142507 -0.99785892323860359 0
    outer loop
      vertex -1.1940306291686693e-16 -0.65000000000000002 0.31874999999999998
      vertex 0.084842024943033334 -0.64443915989297684 0.42499999999999999
      vertex -1.1940306291686693e-16 -0.65000000000000002 0.42499999999999999
    endloop
  endfacet
  facet normal 0.19509032201612844 -0.98078528040323032 0
    outer loop
      vertex 0.084842024943033334 -0.64443915989297684 0.31874999999999998
      vertex 0.1682323793166382 -0.62785178708789446 0.31874999999999998
      vertex 0.1682323793166382 -0.62785178708789446 0.42499999999999999
    endloop
  endfacet
  facet normal 0.19509032201612844 -0.98078528040323032 0
    outer loop
      vertex 0.084842024943033334 -0.64443915989297684 0.31874999999999998
      vertex 0.1682323793166382 -0.62785178708789446 0.42499999999999999
      vertex 0.084842024943033334 -0.64443915989297684 0.42499999999999999
    endloop
  endfacet
  facet normal 0.32143946530316131 -0.94693012949510569 0
    outer loop
      vertex 0.1682323793166382 -0.62785178708789446 0.31874999999999998
      vertex 0.24874423103730797 -0.60052169613233652 0.31874999999999998
      vertex 0.24874423103730797 -0.60052169613233652 0.42499999999999999
    endloop
  endfacet
  facet normal 0.32143946530316131 -0.94693012949510569 0
    outer loop
      vertex 0.1682323793166382 -0.62785178708789446 0.31874999999999998
      vertex 0.24874423103730797 -0.60052169613233652 0.42499999999999999
      vertex 0.1682323793166382 -0.62785178708789446 0.42499999999999999
    endloop
  endfacet
  facet normal 0.44228869021900102 -0.89687274153268837 0
    outer loop
      vertex 0.24874423103730797 -0.60052169613233652 0.31874999999999998
      vertex 0.32500000000000007 -0.56291651245988505 0.31874999999999998
      vertex 0.32500000000000007 -0.56291651245988505 0.42499999999999999
    endloop
  endfacet
  facet normal 0.44228869021900102 -0.89687274153268837 0
    outer loop
      vertex 0.24874423103730797 -0.60052169613233652 0.31874999999999998
      vertex 0.32500000000000007 -0.56291651245988505 0.42499999999999999
      vertex 0.24874423103730797 -0.60052169613233652 0.42499999999999999
    endloop
  endfacet
  facet normal 0.55557023301960151 -0.83146961230254568 0
    outer loop
      vertex 0.32500000000000007 -0.56291651245988505 0.31874999999999998
      vertex 0.39569492885566793 -0.51567967118930325 0.31874999999999998
      vertex 0.39569492885566793 -0.51567967118930325 0.42499999999999999
    endloop
  endfacet
  facet normal 0.55557023301960151 -0.83146961230254568 0
    outer loop
      vertex 0.32500000000000007 -0.56291651245988505 0.31874999999999998
      vertex 0.39569492885566793 -0.51567967118930325 0.42499999999999999
      vertex 0.32500000000000007 -0.56291651245988505 0.42499999999999999
    endloop
  endfacet
  facet normal 0.65934581510006851 -0.75183980747897783 0
    outer loop
      vertex 0.39569492885566793 -0.51567967118930325 0.31874999999999998
      vertex 0.45961940777125582 -0.45961940777125598 0.31874999999999998
      vertex 0.45961940777125582 -0.45961940777125598 0.42499999999999999
    endloop
  endfacet
  facet normal 0.65934581510006851 -0.75183980747897783 0
    outer loop
      vertex 0.39569492885566793 -0.51567967118930325 0.31874999999999998
      vertex 0.45961940777125582 -0.45961940777125598 0.42499999999999999
      vertex 0.39569492885566793 -0.51567967118930325 0.42499999999999999
    endloop
  endfacet
  facet normal 0.75183980747897716 -0.65934581510006907 0
    outer loop
      vertex 0.45961940777125582 -0.45961940777125598 0.31874999999999998
      vertex 0.51567967118930269 -0.39569492885566865 0.31874999999999998
      vertex 0.51567967118930269 -0.39569492885566865 0.42499999999999999
    endloop
  endfacet
  facet normal 0.75183980747897716 -0.65934581510006907 0
    outer loop
      vertex 0.45961940777125582 -0.45961940777125598 0.31874999999999998
      vertex 0.51567967118930269 -0.39569492885566865 0.42499999999999999
      vertex 0.45961940777125582 -0.45961940777125598 0.42499999999999999
    endloop
  endfacet
  facet normal 0.83146961230254501 -0.5555702330196024 0
    outer loop
      vertex 0.51567967118930269 -0.39569492885566865 0.31874999999999998
      vertex 0.56291651245988494 -0.32500000000000029 0.31874999999999998
      vertex 0.56291651245988494 -0.32500000000000029 0.42499999999999999
    endloop
  endfacet
  facet normal 0.83146961230254501 -0.5555702330196024 0
    outer loop
      vertex 0.51567967118930269 -0.39569492885566865 0.31874999999999998
      vertex 0.56291651245988494 -0.32500000000000029 0.42499999999999999
      vertex 0.51567967118930269 -0.39569492885566865 0.42499999999999999
    endloop
  endfacet
  facet normal 0.89687274153268781 -0.44228869021900225 0
    outer loop
      vertex 0.56291651245988494 -0.32500000000000029 0.31874999999999998
      vertex 0.60052169613233652 -0.24874423103730822 0.31874999999999998
      vertex 0.60052169613233652 -0.24874423103730822 0.42499999999999999
    endloop
  endfacet
  facet normal 0.89687274153268781 -0.44228869021900225 0
    outer loop
      vertex 0.56291651245988494 -0.32500000000000029 0.31874999999999998
      vertex 0.60052169613233652 -0.24874423103730822 0.42499999999999999
      vertex 0.56291651245988494 -0.32500000000000029 0.42499999999999999
    endloop
  endfacet
  facet normal 0.94693012949510591 -0.32143946530316103 0
    outer loop
      vertex 0.60052169613233652 -0.24874423103730822 0.31874999999999998
      vertex 0.62785178708789424 -0.16823237931663904 0.31874999999999998
      vertex 0.62785178708789424 -0.16823237931663904 0.42499999999999999
    endloop
  endfacet
  facet normal 0.94693012949510591 -0.32143946530316103 0
    outer loop
      vertex 0.60052169613233652 -0.24874423103730822 0.31874999999999998
      vertex 0.62785178708789424 -0.16823237931663904 0.42499999999999999
      vertex 0.60052169613233652 -0.24874423103730822 0.42499999999999999
    endloop
  endfacet
  facet normal 0.98078528040323032 -0.19509032201612841 0
    outer loop
      vertex 0.62785178708789424 -0.16823237931663904 0.31874999999999998
      vertex 0.64443915989297673 -0.084842024943033598 0.31874999999999998
      vertex 0.64443915989297673 -0.084842024943033598 0.42499999999999999
    endloop
  endfacet
  facet normal 0.98078528040323032 -0.19509032201612841 0
    outer loop
      vertex 0.62785178708789424 -0.16823237931663904 0.31874999999999998
      vertex 0.64443915989297673 -0.084842024943033598 0.42499999999999999
      vertex 0.62785178708789424 -0.16823237931663904 0.42499999999999999
    endloop
  endfacet
  facet normal 0.99785892323860348 -0.065403129230143686 0
    outer loop
      vertex 0.64443915989297673 -0.084842024943033598 0.31874999999999998
      vertex 0.65000000000000002 0 0.31874999999999998
      vertex 0.65000000000000002 0 0.42499999999999999
    endloop
  endfacet
  facet normal 0.99785892323860348 -0.065403129230143686 0
    outer loop
      vertex 0.64443915989297673 -0.084842024943033598 0.31874999999999998
      vertex 0.65000000000000002 0 0.42499999999999999
      vertex 0.64443915989297673 -0.084842024943033598 0.42499999999999999
    endloop
  endfacet
  facet normal 0.99785892323860337 0.065403129230143742 0
    outer loop
      vertex 0.65000000000000002 0 0.42499999999999999
      vertex 0.64443915989297673 0.084842024943033528 0.42499999999999999
      vertex 0.64443915989297673 0.084842024943033528 0.53125
    endloop
  endfacet
  facet normal 0.99785892323860337 0.065403129230143742 -0
    outer loop
      vertex 0.65000000000000002 0 0.42499999999999999
      vertex 0.64443915989297673 0.084842024943033528 0.53125
      vertex 0.65000000000000002 0 0.53125
    endloop
  endfacet
  facet normal 0.98078528040323054 0.195090322016127 0
    outer loop
      vertex 0.64443915989297673 0.084842024943033528 0.42499999999999999
      vertex 0.62785178708789446 0.16823237931663848 0.42499999999999999
      vertex 0.62785178708789446 0.16823237931663848 0.53125
    endloop
  endfacet
  facet normal 0.98078528040323054 0.195090322016127 -0
    outer loop
      vertex 0.64443915989297673 0.084842024943033528 0.42499999999999999
      vertex 0.62785178708789446 0.16823237931663848 0.53125
      vertex 0.64443915989297673 0.084842024943033528 0.53125
    endloop
  endfacet
  facet normal 0.94693012949510547 0.32143946530316203 0
    outer loop
      vertex 0.62785178708789446 0.16823237931663848 0.42499999999999999
      vertex 0.60052169613233641 0.24874423103730836 0.42499999999999999
      vertex 0.60052169613233641 0.24874423103730836 0.53125
    endloop
  endfacet
  facet normal 0.94693012949510547 0.32143946530316203 -0
    outer loop
      vertex 0.62785178708789446 0.16823237931663848 0.42499999999999999
      vertex 0.60052169613233641 0.24874423103730836 0.53125
      vertex 0.62785178708789446 0.16823237931663848 0.53125
    endloop
  endfacet
  facet normal 0.89687274153268826 0.4422886902190013 0
    outer loop
      vertex 0.60052169613233641 0.24874423103730836 0.42499999999999999
      vertex 0.56291651245988517 0.32499999999999996 0.42499999999999999
      vertex 0.56291651245988517 0.32499999999999996 0.53125
    endloop
  endfacet
  facet normal 0.89687274153268826 0.4422886902190013 -0
    outer loop
      vertex 0.60052169613233641 0.24874423103730836 0.42499999999999999
      vertex 0.56291651245988517 0.32499999999999996 0.53125
      vertex 0.60052169613233641 0.24874423103730836 0.53125
    endloop
  endfacet
  facet normal 0.83146961230254546 0.55557023301960184 0
    outer loop
      vertex 0.56291651245988517 0.32499999999999996 0.42499999999999999
      vertex 0.51567967118930291 0.39569492885566843 0.42499999999999999
      vertex 0.51567967118930291 0.39569492885566843 0.53125
    endloop
  endfacet
  facet normal 0.83146961230254546 0.55557023301960184 -0
    outer loop
      vertex 0.56291651245988517 0.32499999999999996 0.42499999999999999
      vertex 0.51567967118930291 0.39569492885566843 0.53125
      vertex 0.56291651245988517 0.32499999999999996 0.53125
    endloop
  endfacet
  facet normal 0.7518398074789775 0.65934581510006895 0
    outer loop
      vertex 0.51567967118930291 0.39569492885566843 0.42499999999999999
      vertex 0.45961940777125593 0.45961940777125593 0.42499999999999999
      vertex 0.45961940777125593 0.45961940777125593 0.53125
    endloop
  endfacet
  facet normal 0.7518398074789775 0.65934581510006895 -0
    outer loop
      vertex 0.51567967118930291 0.39569492885566843 0.42499999999999999
      vertex 0.45961940777125593 0.45961940777125593 0.53125
      vertex 0.51567967118930291 0.39569492885566843 0.53125
    endloop
  endfacet
  facet normal 0.65934581510006895 0.7518398074789775 0
    outer loop
      vertex 0.45961940777125593 0.45961940777125593 0.42499999999999999
      vertex 0.39569492885566843 0.51567967118930291 0.42499999999999999
      vertex 0.39569492885566843 0.51567967118930291 0.53125
    endloop
  endfacet
  facet normal 0.65934581510006895 0.7518398074789775 -0
    outer loop
      vertex 0.45961940777125593 0.45961940777125593 0.42499999999999999
      vertex 0.39569492885566843 0.51567967118930291 0.53125
      vertex 0.45961940777125593 0.45961940777125593 0.53125
    endloop
  endfacet
  facet normal 0.55557023301960151 0.83146961230254568 0
    outer loop
      vertex 0.39569492885566843 0.51567967118930291 0.42499999999999999
      vertex 0.32500000000000007 0.56291651245988505 0.42499999999999999
      vertex 0.32500000000000007 0.56291651245988505 0.53125
    endloop
  endfacet
  facet normal 0.55557023301960151 0.83146961230254568 -0
    outer loop
      vertex 0.39569492885566843 0.51567967118930291 0.42499999999999999
      vertex 0.32500000000000007 0.56291651245988505 0.53125
      vertex 0.39569492885566843 0.51567967118930291 0.53125
    endloop
  endfacet
  facet normal 0.44228869021900225 0.89687274153268803 0
    outer loop
      vertex 0.32500000000000007 0.56291651245988505 0.42499999999999999
      vertex 0.24874423103730842 0.60052169613233641 0.42499999999999999
      vertex 0.24874423103730842 0.60052169613233641 0.53125
    endloop
  endfacet
  facet normal 0.44228869021900225 0.89687274153268803 -0
    outer loop
      vertex 0.32500000000000007 0.56291651245988505 0.42499999999999999
      vertex 0.24874423103730842 0.60052169613233641 0.53125
      vertex 0.32500000000000007 0.56291651245988505 0.53125
    endloop
  endfacet
  facet normal 0.32143946530316192 0.94693012949510569 0
    outer loop
      vertex 0.24874423103730842 0.60052169613233641 0.42499999999999999
      vertex 0.16823237931663848 0.62785178708789446 0.42499999999999999
      vertex 0.16823237931663848 0.62785178708789446 0.53125
    endloop
  endfacet
  facet normal 0.32143946530316192 0.94693012949510569 -0
    outer loop
      vertex 0.24874423103730842 0.60052169613233641 0.42499999999999999
      vertex 0.16823237931663848 0.62785178708789446 0.53125
      vertex 0.24874423103730842 0.60052169613233641 0.53125
    endloop
  endfacet
  facet normal 0.19509032201612719 0.98078528040323054 0
    outer loop
      vertex 0.16823237931663848 0.62785178708789446 0.42499999999999999
      vertex 0.084842024943033612 0.64443915989297673 0.42499999999999999
      vertex 0.084842024943033612 0.64443915989297673 0.53125
    endloop
  endfacet
  facet normal 0.19509032201612719 0.98078528040323054 -0
    outer loop
      vertex 0.16823237931663848 0.62785178708789446 0.42499999999999999
      vertex 0.084842024943033612 0.64443915989297673 0.53125
      vertex 0.16823237931663848 0.62785178708789446 0.53125
    endloop
  endfacet
  facet normal 0.065403129230143728 0.99785892323860359 0
    outer loop
      vertex 0.084842024943033612 0.64443915989297673 0.42499999999999999
      vertex 3.9801020972288984e-17 0.65000000000000002 0.42499999999999999
      vertex 3.9801020972288984e-17 0.65000000000000002 0.53125
    endloop
  endfacet
  facet normal 0.065403129230143728 0.99785892323860359 -0
    outer loop
      vertex 0.084842024943033612 0.64443915989297673 0.42499999999999999
      vertex 3.9801020972288984e-17 0.65000000000000002 0.53125
      vertex 0.084842024943033612 0.64443915989297673 0.53125
    endloop
  endfacet
  facet normal -0.0654031292301437 0.99785892323860348 0
    outer loop
      vertex 3.9801020972288984e-17 0.65000000000000002 0.42499999999999999
      vertex -0.084842024943033542 0.64443915989297673 0.42499999999999999
      vertex -0.084842024943033542 0.64443915989297673 0.53125
    endloop
  endfacet
  facet normal -0.0654031292301437 0.99785892323860348 0
    outer loop
      vertex 3.9801020972288984e-17 0.65000000000000002 0.42499999999999999
      vertex -0.084842024943033542 0.64443915989297673 0.53125
      vertex 3.9801020972288984e-17 0.65000000000000002 0.53125
    endloop
  endfacet
  facet normal -0.19509032201612714 0.98078528040323054 0
    outer loop
      vertex -0.084842024943033542 0.64443915989297673 0.42499999999999999
      vertex -0.16823237931663843 0.62785178708789446 0.42499999999999999
      vertex -0.16823237931663843 0.62785178708789446 0.53125
    endloop
  endfacet
  facet normal -0.19509032201612714 0.98078528040323054 0
    outer loop
      vertex -0.084842024943033542 0.64443915989297673 0.42499999999999999
      vertex -0.16823237931663843 0.62785178708789446 0.53125
      vertex -0.084842024943033542 0.64443915989297673 0.53125
    endloop
  endfacet
  facet normal -0.32143946530316131 0.94693012949510569 0
    outer loop
      vertex -0.16823237931663843 0.62785178708789446 0.42499999999999999
      vertex -0.24874423103730819 0.60052169613233652 0.42499999999999999
      vertex -0.24874423103730819 0.60052169613233652 0.53125
    endloop
  endfacet
  facet normal -0.32143946530316131 0.94693012949510569 0
    outer loop
      vertex -0.16823237931663843 0.62785178708789446 0.42499999999999999
      vertex -0.24874423103730819 0.60052169613233652 0.53125
      vertex -0.16823237931663843 0.62785178708789446 0.53125
    endloop
  endfacet
  facet normal -0.44228869021900225 0.89687274153268803 0
    outer loop
      vertex -0.24874423103730819 0.60052169613233652 0.42499999999999999
      vertex -0.32499999999999984 0.56291651245988517 0.42499999999999999
      vertex -0.32499999999999984 0.56291651245988517 0.53125
    endloop
  endfacet
  facet normal -0.44228869021900225 0.89687274153268803 0
    outer loop
      vertex -0.24874423103730819 0.60052169613233652 0.42499999999999999
      vertex -0.32499999999999984 0.56291651245988517 0.53125
      vertex -0.24874423103730819 0.60052169613233652 0.53125
    endloop
  endfacet
  facet normal -0.55557023301960118 0.8314696123025459 0
    outer loop
      vertex -0.32499999999999984 0.56291651245988517 0.42499999999999999
      vertex -0.39569492885566843 0.51567967118930291 0.42499999999999999
      vertex -0.39569492885566843 0.51567967118930291 0.53125
    endloop
  endfacet
  facet normal -0.55557023301960118 0.8314696123025459 0
    outer loop
      vertex -0.32499999999999984 0.56291651245988517 0.42499999999999999
      vertex -0.39569492885566843 0.51567967118930291 0.53125
      vertex -0.32499999999999984 0.56291651245988517 0.53125
    endloop
  endfacet
  facet normal -0.65934581510006918 0.75183980747897716 0
    outer loop
      vertex -0.39569492885566843 0.51567967118930291 0.42499999999999999
      vertex -0.45961940777125587 0.45961940777125593 0.42499999999999999
      vertex -0.45961940777125587 0.45961940777125593 0.53125
    endloop
  endfacet
  facet normal -0.65934581510006918 0.75183980747897716 0
    outer loop
      vertex -0.39569492885566843 0.51567967118930291 0.42499999999999999
      vertex -0.45961940777125587 0.45961940777125593 0.53125
      vertex -0.39569492885566843 0.51567967118930291 0.53125
    endloop
  endfacet
  facet normal -0.75183980747897694 0.65934581510006951 0
    outer loop
      vertex -0.45961940777125587 0.45961940777125593 0.42499999999999999
      vertex -0.5156796711893028 0.39569492885566859 0.42499999999999999
      vertex -0.5156796711893028 0.39569492885566859 0.53125
    endloop
  endfacet
  facet normal -0.75183980747897694 0.65934581510006951 0
    outer loop
      vertex -0.45961940777125587 0.45961940777125593 0.42499999999999999
      vertex -0.5156796711893028 0.39569492885566859 0.53125
      vertex -0.45961940777125587 0.45961940777125593 0.53125
    endloop
  endfacet
  facet normal -0.83146961230254557 0.55557023301960184 0
    outer loop
      vertex -0.5156796711893028 0.39569492885566859 0.42499999999999999
      vertex -0.56291651245988517 0.32499999999999996 0.42499999999999999
      vertex -0.56291651245988517 0.32499999999999996 0.53125
    endloop
  endfacet
  facet normal -0.83146961230254557 0.55557023301960184 0
    outer loop
      vertex -0.5156796711893028 0.39569492885566859 0.42499999999999999
      vertex -0.56291651245988517 0.32499999999999996 0.53125
      vertex -0.5156796711893028 0.39569492885566859 0.53125
    endloop
  endfacet
  facet normal -0.89687274153268814 0.44228869021900175 0
    outer loop
      vertex -0.56291651245988517 0.32499999999999996 0.42499999999999999
      vertex -0.60052169613233641 0.24874423103730844 0.42499999999999999
      vertex -0.60052169613233641 0.24874423103730844 0.53125
    endloop
  endfacet
  facet normal -0.89687274153268814 0.44228869021900175 0
    outer loop
      vertex -0.56291651245988517 0.32499999999999996 0.42499999999999999
      vertex -0.60052169613233641 0.24874423103730844 0.53125
      vertex -0.56291651245988517 0.32499999999999996 0.53125
    endloop
  endfacet
  facet normal -0.94693012949510569 0.32143946530316131 0
    outer loop
      vertex -0.60052169613233641 0.24874423103730844 0.42499999999999999
      vertex -0.62785178708789435 0.16823237931663867 0.42499999999999999
      vertex -0.62785178708789435 0.16823237931663867 0.53125
    endloop
  endfacet
  facet normal -0.94693012949510569 0.32143946530316131 0
    outer loop
      vertex -0.60052169613233641 0.24874423103730844 0.42499999999999999
      vertex -0.62785178708789435 0.16823237931663867 0.53125
      vertex -0.60052169613233641 0.24874423103730844 0.53125
    endloop
  endfacet
  facet normal -0.98078528040323032 0.19509032201612841 0
    outer loop
      vertex -0.62785178708789435 0.16823237931663867 0.42499999999999999
      vertex -0.64443915989297673 0.084842024943033792 0.42499999999999999
      vertex -0.64443915989297673 0.084842024943033792 0.53125
    endloop
  endfacet
  facet normal -0.98078528040323032 0.19509032201612841 0
    outer loop
      vertex -0.62785178708789435 0.16823237931663867 0.42499999999999999
      vertex -0.64443915989297673 0.084842024943033792 0.53125
      vertex -0.62785178708789435 0.16823237931663867 0.53125
    endloop
  endfacet
  facet normal -0.99785892323860348 0.065403129230143603 0
    outer loop
      vertex -0.64443915989297673 0.084842024943033792 0.42499999999999999
      vertex -0.65000000000000002 7.9602041944577967e-17 0.42499999999999999
      vertex -0.65000000000000002 7.9602041944577967e-17 0.53125
    endloop
  endfacet
  facet normal -0.99785892323860348 0.065403129230143603 0
    outer loop
      vertex -0.64443915989297673 0.084842024943033792 0.42499999999999999
      vertex -0.65000000000000002 7.9602041944577967e-17 0.53125
      vertex -0.64443915989297673 0.084842024943033792 0.53125
    endloop
  endfacet
  facet normal -0.99785892323860348 -0.065403129230143589 0
    outer loop
      vertex -0.65000000000000002 7.9602041944577967e-17 0.42499999999999999
      vertex -0.64443915989297673 -0.084842024943033653 0.42499999999999999
      vertex -0.64443915989297673 -0.084842024943033653 0.53125
    endloop
  endfacet
  facet normal -0.99785892323860348 -0.065403129230143589 0
    outer loop
      vertex -0.65000000000000002 7.9602041944577967e-17 0.42499999999999999
      vertex -0.64443915989297673 -0.084842024943033653 0.53125
      vertex -0.65000000000000002 7.9602041944577967e-17 0.53125
    endloop
  endfacet
  facet normal -0.98078528040323054 -0.19509032201612714 0
    outer loop
      vertex -0.64443915989297673 -0.084842024943033653 0.42499999999999999
      vertex -0.62785178708789446 -0.16823237931663854 0.42499999999999999
      vertex -0.62785178708789446 -0.16823237931663854 0.53125
    endloop
  endfacet
  facet normal -0.98078528040323054 -0.19509032201612714 0
    outer loop
      vertex -0.64443915989297673 -0.084842024943033653 0.42499999999999999
      vertex -0.62785178708789446 -0.16823237931663854 0.53125
      vertex -0.64443915989297673 -0.084842024943033653 0.53125
    endloop
  endfacet
  facet normal -0.94693012949510569 -0.32143946530316131 0
    outer loop
      vertex -0.62785178708789446 -0.16823237931663854 0.42499999999999999
      vertex -0.60052169613233652 -0.24874423103730831 0.42499999999999999
      vertex -0.60052169613233652 -0.24874423103730831 0.53125
    endloop
  endfacet
  facet normal -0.94693012949510569 -0.32143946530316131 0
    outer loop
      vertex -0.62785178708789446 -0.16823237931663854 0.42499999999999999
      vertex -0.60052169613233652 -0.24874423103730831 0.53125
      vertex -0.62785178708789446 -0.16823237931663854 0.53125
    endloop
  endfacet
  facet normal -0.89687274153268826 -0.44228869021900158 0
    outer loop
      vertex -0.60052169613233652 -0.24874423103730831 0.42499999999999999
      vertex -0.56291651245988528 -0.32499999999999984 0.42499999999999999
      vertex -0.56291651245988528 -0.32499999999999984 0.53125
    endloop
  endfacet
  facet normal -0.89687274153268826 -0.44228869021900158 0
    outer loop
      vertex -0.60052169613233652 -0.24874423103730831 0.42499999999999999
      vertex -0.56291651245988528 -0.32499999999999984 0.53125
      vertex -0.60052169613233652 -0.24874423103730831 0.53125
    endloop
  endfacet
  facet normal -0.83146961230254535 -0.55557023301960218 0
    outer loop
      vertex -0.56291651245988528 -0.32499999999999984 0.42499999999999999
      vertex -0.51567967118930291 -0.39569492885566843 0.42499999999999999
      vertex -0.51567967118930291 -0.39569492885566843 0.53125
    endloop
  endfacet
  facet normal -0.83146961230254535 -0.55557023301960218 0
    outer loop
      vertex -0.56291651245988528 -0.32499999999999984 0.42499999999999999
      vertex -0.51567967118930291 -0.39569492885566843 0.53125
      vertex -0.56291651245988528 -0.32499999999999984 0.53125
    endloop
  endfacet
  facet normal -0.75183980747897738 -0.65934581510006907 0
    outer loop
      vertex -0.51567967118930291 -0.39569492885566843 0.42499999999999999
      vertex -0.45961940777125615 -0.45961940777125565 0.42499999999999999
      vertex -0.45961940777125615 -0.45961940777125565 0.53125
    endloop
  endfacet
  facet normal -0.75183980747897738 -0.65934581510006907 0
    outer loop
      vertex -0.51567967118930291 -0.39569492885566843 0.42499999999999999
      vertex -0.45961940777125615 -0.45961940777125565 0.53125
      vertex -0.51567967118930291 -0.39569492885566843 0.53125
    endloop
  endfacet
  facet normal -0.65934581510006895 -0.75183980747897738 0
    outer loop
      vertex -0.45961940777125615 -0.45961940777125565 0.42499999999999999
      vertex -0.39569492885566859 -0.51567967118930269 0.42499999999999999
      vertex -0.39569492885566859 -0.51567967118930269 0.53125
    endloop
  endfacet
  facet normal -0.65934581510006895 -0.75183980747897738 0
    outer loop
      vertex -0.45961940777125615 -0.45961940777125565 0.42499999999999999
      vertex -0.39569492885566859 -0.51567967118930269 0.53125
      vertex -0.45961940777125615 -0.45961940777125565 0.53125
    endloop
  endfacet
  facet normal -0.55557023301960362 -0.83146961230254435 0
    outer loop
      vertex -0.39569492885566859 -0.51567967118930269 0.42499999999999999
      vertex -0.32500000000000029 -0.56291651245988505 0.42499999999999999
      vertex -0.32500000000000029 -0.56291651245988505 0.53125
    endloop
  endfacet
  facet normal -0.55557023301960362 -0.83146961230254435 0
    outer loop
      vertex -0.39569492885566859 -0.51567967118930269 0.42499999999999999
      vertex -0.32500000000000029 -0.56291651245988505 0.53125
      vertex -0.39569492885566859 -0.51567967118930269 0.53125
    endloop
  endfacet
  facet normal -0.44228869021900102 -0.89687274153268837 0
    outer loop
      vertex -0.32500000000000029 -0.56291651245988505 0.42499999999999999
      vertex -0.24874423103730819 -0.60052169613233652 0.42499999999999999
      vertex -0.24874423103730819 -0.60052169613233652 0.53125
    endloop
  endfacet
  facet normal -0.44228869021900102 -0.89687274153268837 0
    outer loop
      vertex -0.32500000000000029 -0.56291651245988505 0.42499999999999999
      vertex -0.24874423103730819 -0.60052169613233652 0.53125
      vertex -0.32500000000000029 -0.56291651245988505 0.53125
    endloop
  endfacet
  facet normal -0.32143946530316131 -0.94693012949510569 0
    outer loop
      vertex -0.24874423103730819 -0.60052169613233652 0.42499999999999999
      vertex -0.16823237931663843 -0.62785178708789446 0.42499999999999999
      vertex -0.16823237931663843 -0.62785178708789446 0.53125
    endloop
  endfacet
  facet normal -0.32143946530316131 -0.94693012949510569 0
    outer loop
      vertex -0.24874423103730819 -0.60052169613233652 0.42499999999999999
      vertex -0.16823237931663843 -0.62785178708789446 0.53125
      vertex -0.24874423103730819 -0.60052169613233652 0.53125
    endloop
  endfacet
  facet normal -0.19509032201612719 -0.98078528040323054 0
    outer loop
      vertex -0.16823237931663843 -0.62785178708789446 0.42499999999999999
      vertex -0.084842024943033556 -0.64443915989297673 0.42499999999999999
      vertex -0.084842024943033556 -0.64443915989297673 0.53125
    endloop
  endfacet
  facet normal -0.19509032201612719 -0.98078528040323054 0
    outer loop
      vertex -0.16823237931663843 -0.62785178708789446 0.42499999999999999
      vertex -0.084842024943033556 -0.64443915989297673 0.53125
      vertex -0.16823237931663843 -0.62785178708789446 0.53125
    endloop
  endfacet
  facet normal -0.065403129230143825 -0.99785892323860337 0
    outer loop
      vertex -0.084842024943033556 -0.64443915989297673 0.42499999999999999
      vertex -1.1940306291686693e-16 -0.65000000000000002 0.42499999999999999
      vertex -1.1940306291686693e-16 -0.65000000000000002 0.53125
    endloop
  endfacet
  facet normal -0.065403129230143825 -0.99785892323860337 0
    outer loop
      vertex -0.084842024943033556 -0.64443915989297673 0.42499999999999999
      vertex -1.1940306291686693e-16 -0.65000000000000002 0.53125
      vertex -0.084842024943033556 -0.64443915989297673 0.53125
    endloop
  endfacet
  facet normal 0.065403129230142507 -0.99785892323860359 0
    outer loop
      vertex -1.1940306291686693e-16 -0.65000000000000002 0.42499999999999999
      vertex 0.084842024943033334 -0.64443915989297684 0.42499999999999999
      vertex 0.084842024943033334 -0.64443915989297684 0.53125
    endloop
  endfacet
  facet normal 0.065403129230142507 -0.99785892323860359 0
    outer loop
      vertex -1.1940306291686693e-16 -0.65000000000000002 0.42499999999999999
      vertex 0.084842024943033334 -0.64443915989297684 0.53125
      vertex -1.1940306291686693e-16 -0.65000000000000002 0.53125
    endloop
  endfacet
  facet normal 0.19509032201612844 -0.98078528040323032 0
    outer loop
      vertex 0.084842024943033334 -0.64443915989297684 0.42499999999999999
      vertex 0.1682323793166382 -0.62785178708789446 0.42499999999999999
      vertex 0.1682323793166382 -0.62785178708789446 0.53125
    endloop
  endfacet
  facet normal 0.19509032201612844 -0.98078528040323032 0
    outer loop
      vertex 0.084842024943033334 -0.64443915989297684 0.42499999999999999
      vertex 0.1682323793166382 -0.62785178708789446 0.53125
      vertex 0.084842024943033334 -0.64443915989297684 0.53125
    endloop
  endfacet
  facet normal 0.32143946530316131 -0.94693012949510569 0
    outer loop
      vertex 0.1682323793166382 -0.62785178708789446 0.42499999999999999
      vertex 0.24874423103730797 -0.60052169613233652 0.42499999999999999
      vertex 0.24874423103730797 -0.60052169613233652 0.53125
    endloop
  endfacet
  facet normal 0.32143946530316131 -0.94693012949510569 0
    outer loop
      vertex 0.1682323793166382 -0.62785178708789446 0.42499999999999999
      vertex 0.24874423103730797 -0.60052169613233652 0.53125
      vertex 0.1682323793166382 -0.62785178708789446 0.53125
    endloop
  endfacet
  facet normal 0.44228869021900102 -0.89687274153268837 0
    outer loop
      vertex 0.24874423103730797 -0.60052169613233652 0.42499999999999999
      vertex 0.32500000000000007 -0.56291651245988505 0.42499999999999999
      vertex 0.32500000000000007 -0.56291651245988505 0.53125
    endloop
  endfacet
  facet normal 0.44228869021900102 -0.89687274153268837 0
    outer loop
      vertex 0.24874423103730797 -0.60052169613233652 0.42499999999999999
      vertex 0.32500000000000007 -0.56291651245988505 0.53125
      vertex 0.24874423103730797 -0.60052169613233652 0.53125
    endloop
  endfacet
  facet normal 0.55557023301960151 -0.83146961230254568 0
    outer loop
      vertex 0.32500000000000007 -0.56291651245988505 0.42499999999999999
      vertex 0.39569492885566793 -0.51567967118930325 0.42499999999999999
      vertex 0.39569492885566793 -0.51567967118930325 0.53125
    endloop
  endfacet
  facet normal 0.55557023301960151 -0.83146961230254568 0
    outer loop
      vertex 0.32500000000000007 -0.56291651245988505 0.42499999999999999
      vertex 0.39569492885566793 -0.51567967118930325 0.53125
      vertex 0.32500000000000007 -0.56291651245988505 0.53125
    endloop
  endfacet
  facet normal 0.65934581510006851 -0.75183980747897783 0
    outer loop
      vertex 0.39569492885566793 -0.51567967118930325 0.42499999999999999
      vertex 0.45961940777125582 -0.45961940777125598 0.42499999999999999
      vertex 0.45961940777125582 -0.45961940777125598 0.53125
    endloop
  endfacet
  facet normal 0.65934581510006851 -0.75183980747897783 0
    outer loop
      vertex 0.39569492885566793 -0.51567967118930325 0.42499999999999999
      vertex 0.45961940777125582 -0.45961940777125598 0.53125
      vertex 0.39569492885566793 -0.51567967118930325 0.53125
    endloop
  endfacet
  facet normal 0.75183980747897716 -0.65934581510006907 0
    outer loop
      vertex 0.45961940777125582 -0.45961940777125598 0.42499999999999999
      vertex 0.51567967118930269 -0.39569492885566865 0.42499999999999999
      vertex 0.51567967118930269 -0.39569492885566865 0.53125
    endloop
  endfacet
  facet normal 0.75183980747897716 -0.65934581510006907 0
    outer loop
      vertex 0.45961940777125582 -0.45961940777125598 0.42499999999999999
      vertex 0.51567967118930269 -0.39569492885566865 0.53125
      vertex 0.45961940777125582 -0.45961940777125598 0.53125
    endloop
  endfacet
  facet normal 0.83146961230254501 -0.5555702330196024 0
    outer loop
      vertex 0.51567967118930269 -0.39569492885566865 0.42499999999999999
      vertex 0.56291651245988494 -0.32500000000000029 0.42499999999999999
      vertex 0.56291651245988494 -0.32500000000000029 0.53125
    endloop
  endfacet
  facet normal 0.83146961230254501 -0.5555702330196024 0
    outer loop
      vertex 0.51567967118930269 -0.39569492885566865 0.42499999999999999
      vertex 0.56291651245988494 -0.32500000000000029 0.53125
      vertex 0.51567967118930269 -0.39569492885566865 0.53125
    endloop
  endfacet
  facet normal 0.89687274153268781 -0.44228869021900225 0
    outer loop
      vertex 0.56291651245988494 -0.32500000000000029 0.42499999999999999
      vertex 0.60052169613233652 -0.24874423103730822 0.42499999999999999
      vertex 0.60052169613233652 -0.24874423103730822 0.53125
    endloop
  endfacet
  facet normal 0.89687274153268781 -0.44228869021900225 0
    outer loop
      vertex 0.56291651245988494 -0.32500000000000029 0.42499999999999999
      vertex 0.60052169613233652 -0.24874423103730822 0.53125
      vertex 0.56291651245988494 -0.32500000000000029 0.53125
    endloop
  endfacet
  facet normal 0.94693012949510591 -0.32143946530316103 0
    outer loop
      vertex 0.60052169613233652 -0.24874423103730822 0.42499999999999999
      vertex 0.62785178708789424 -0.16823237931663904 0.42499999999999999
      vertex 0.62785178708789424 -0.16823237931663904 0.53125
    endloop
  endfacet
  facet normal 0.94693012949510591 -0.32143946530316103 0
    outer loop
      vertex 0.60052169613233652 -0.24874423103730822 0.42499999999999999
      vertex 0.62785178708789424 -0.16823237931663904 0.53125
      vertex 0.60052169613233652 -0.24874423103730822 0.53125
    endloop
  endfacet
  facet normal 0.98078528040323032 -0.19509032201612841 0
    outer loop
      vertex 0.62785178708789424 -0.16823237931663904 0.42499999999999999
      vertex 0.64443915989297673 -0.084842024943033598 0.42499999999999999
      vertex 0.64443915989297673 -0.084842024943033598 0.53125
    endloop
  endfacet
  facet normal 0.98078528040323032 -0.19509032201612841 0
    outer loop
      vertex 0.62785178708789424 -0.16823237931663904 0.42499999999999999
      vertex 0.64443915989297673 -0.084842024943033598 0.53125
      vertex 0.62785178708789424 -0.16823237931663904 0.53125
    endloop
  endfacet
  facet normal 0.99785892323860348 -0.065403129230143686 0
    outer loop
      vertex 0.64443915989297673 -0.084842024943033598 0.42499999999999999
      vertex 0.65000000000000002 0 0.42499999999999999
      vertex 0.65000000000000002 0 0.53125
    endloop
  endfacet
  facet normal 0.99785892323860348 -0.065403129230143686 0
    outer loop
      vertex 0.64443915989297673 -0.084842024943033598 0.42499999999999999
      vertex 0.65000000000000002 0 0.53125
      vertex 0.64443915989297673 -0.084842024943033598 0.53125
    endloop
  endfacet
  facet normal 0.99785892323860337 0.065403129230143742 0
    outer loop
      vertex 0.65000000000000002 0 0.53125
      vertex 0.64443915989297673 0.084842024943033528 0.53125
      vertex 0.64443915989297673 0.084842024943033528 0.63749999999999996
    endloop
  endfacet
  facet normal 0.99785892323860337 0.065403129230143742 -0
    outer loop
      vertex 0.65000000000000002 0 0.53125
      vertex 0.64443915989297673 0.084842024943033528 0.63749999999999996
      vertex 0.65000000000000002 0 0.63749999999999996
    endloop
  endfacet
  facet normal 0.98078528040323076 0.195090322016127 0
    outer loop
      vertex 0.64443915989297673 0.084842024943033528 0.53125
      vertex 0.62785178708789446 0.16823237931663848 0.53125
      vertex 0.62785178708789446 0.16823237931663848 0.63749999999999996
    endloop
  endfacet
  facet normal 0.98078528040323076 0.195090322016127 -0
    outer loop
      vertex 0.64443915989297673 0.084842024943033528 0.53125
      vertex 0.62785178708789446 0.16823237931663848 0.63749999999999996
      vertex 0.64443915989297673 0.084842024943033528 0.63749999999999996
    endloop
  endfacet
  facet normal 0.94693012949510535 0.32143946530316203 0
    outer loop
      vertex 0.62785178708789446 0.16823237931663848 0.53125
      vertex 0.60052169613233641 0.24874423103730836 0.53125
      vertex 0.60052169613233641 0.24874423103730836 0.63749999999999996
    endloop
  endfacet
  facet normal 0.94693012949510535 0.32143946530316203 -0
    outer loop
      vertex 0.62785178708789446 0.16823237931663848 0.53125
      vertex 0.60052169613233641 0.24874423103730836 0.63749999999999996
      vertex 0.62785178708789446 0.16823237931663848 0.63749999999999996
    endloop
  endfacet
  facet normal 0.89687274153268826 0.4422886902190013 0
    outer loop
      vertex 0.60052169613233641 0.24874423103730836 0.53125
      vertex 0.56291651245988517 0.32499999999999996 0.53125
      vertex 0.56291651245988517 0.32499999999999996 0.63749999999999996
    endloop
  endfacet
  facet normal 0.89687274153268826 0.4422886902190013 -0
    outer loop
      vertex 0.60052169613233641 0.24874423103730836 0.53125
      vertex 0.56291651245988517 0.32499999999999996 0.63749999999999996
      vertex 0.60052169613233641 0.24874423103730836 0.63749999999999996
    endloop
  endfacet
  facet normal 0.83146961230254557 0.55557023301960184 0
    outer loop
      vertex 0.56291651245988517 0.32499999999999996 0.53125
      vertex 0.51567967118930291 0.39569492885566843 0.53125
      vertex 0.51567967118930291 0.39569492885566843 0.63749999999999996
    endloop
  endfacet
  facet normal 0.83146961230254557 0.55557023301960184 -0
    outer loop
      vertex 0.56291651245988517 0.32499999999999996 0.53125
      vertex 0.51567967118930291 0.39569492885566843 0.63749999999999996
      vertex 0.56291651245988517 0.32499999999999996 0.63749999999999996
    endloop
  endfacet
  facet normal 0.75183980747897738 0.65934581510006884 0
    outer loop
      vertex 0.51567967118930291 0.39569492885566843 0.53125
      vertex 0.45961940777125593 0.45961940777125593 0.53125
      vertex 0.45961940777125593 0.45961940777125593 0.63749999999999996
    endloop
  endfacet
  facet normal 0.75183980747897738 0.65934581510006884 -0
    outer loop
      vertex 0.51567967118930291 0.39569492885566843 0.53125
      vertex 0.45961940777125593 0.45961940777125593 0.63749999999999996
      vertex 0.51567967118930291 0.39569492885566843 0.63749999999999996
    endloop
  endfacet
  facet normal 0.65934581510006884 0.75183980747897738 0
    outer loop
      vertex 0.45961940777125593 0.45961940777125593 0.53125
      vertex 0.39569492885566843 0.51567967118930291 0.53125
      vertex 0.39569492885566843 0.51567967118930291 0.63749999999999996
    endloop
  endfacet
  facet normal 0.65934581510006884 0.75183980747897738 -0
    outer loop
      vertex 0.45961940777125593 0.45961940777125593 0.53125
      vertex 0.39569492885566843 0.51567967118930291 0.63749999999999996
      vertex 0.45961940777125593 0.45961940777125593 0.63749999999999996
    endloop
  endfacet
  facet normal 0.55557023301960151 0.83146961230254568 0
    outer loop
      vertex 0.39569492885566843 0.51567967118930291 0.53125
      vertex 0.32500000000000007 0.56291651245988505 0.53125
      vertex 0.32500000000000007 0.56291651245988505 0.63749999999999996
    endloop
  endfacet
  facet normal 0.55557023301960151 0.83146961230254568 -0
    outer loop
      vertex 0.39569492885566843 0.51567967118930291 0.53125
      vertex 0.32500000000000007 0.56291651245988505 0.63749999999999996
      vertex 0.39569492885566843 0.51567967118930291 0.63749999999999996
    endloop
  endfacet
  facet normal 0.44228869021900213 0.89687274153268792 0
    outer loop
      vertex 0.32500000000000007 0.56291651245988505 0.53125
      vertex 0.24874423103730842 0.60052169613233641 0.53125
      vertex 0.24874423103730842 0.60052169613233641 0.63749999999999996
    endloop
  endfacet
  facet normal 0.44228869021900213 0.89687274153268792 -0
    outer loop
      vertex 0.32500000000000007 0.56291651245988505 0.53125
      vertex 0.24874423103730842 0.60052169613233641 0.63749999999999996
      vertex 0.32500000000000007 0.56291651245988505 0.63749999999999996
    endloop
  endfacet
  facet normal 0.32143946530316192 0.94693012949510558 0
    outer loop
      vertex 0.24874423103730842 0.60052169613233641 0.53125
      vertex 0.16823237931663848 0.62785178708789446 0.53125
      vertex 0.16823237931663848 0.62785178708789446 0.63749999999999996
    endloop
  endfacet
  facet normal 0.32143946530316192 0.94693012949510558 -0
    outer loop
      vertex 0.24874423103730842 0.60052169613233641 0.53125
      vertex 0.16823237931663848 0.62785178708789446 0.63749999999999996
      vertex 0.24874423103730842 0.60052169613233641 0.63749999999999996
    endloop
  endfacet
  facet normal 0.19509032201612719 0.98078528040323076 0
    outer loop
      vertex 0.16823237931663848 0.62785178708789446 0.53125
      vertex 0.084842024943033612 0.64443915989297673 0.53125
      vertex 0.084842024943033612 0.64443915989297673 0.63749999999999996
    endloop
  endfacet
  facet normal 0.19509032201612719 0.98078528040323076 -0
    outer loop
      vertex 0.16823237931663848 0.62785178708789446 0.53125
      vertex 0.084842024943033612 0.64443915989297673 0.63749999999999996
      vertex 0.16823237931663848 0.62785178708789446 0.63749999999999996
    endloop
  endfacet
  facet normal 0.065403129230143714 0.99785892323860337 0
    outer loop
      vertex 0.084842024943033612 0.64443915989297673 0.53125
      vertex 3.9801020972288984e-17 0.65000000000000002 0.53125
      vertex 3.9801020972288984e-17 0.65000000000000002 0.63749999999999996
    endloop
  endfacet
  facet normal 0.065403129230143714 0.99785892323860337 -0
    outer loop
      vertex 0.084842024943033612 0.64443915989297673 0.53125
      vertex 3.9801020972288984e-17 0.65000000000000002 0.63749999999999996
      vertex 0.084842024943033612 0.64443915989297673 0.63749999999999996
    endloop
  endfacet
  facet normal -0.065403129230143714 0.99785892323860337 0
    outer loop
      vertex 3.9801020972288984e-17 0.65000000000000002 0.53125
      vertex -0.084842024943033542 0.64443915989297673 0.53125
      vertex -0.084842024943033542 0.64443915989297673 0.63749999999999996
    endloop
  endfacet
  facet normal -0.065403129230143714 0.99785892323860337 0
    outer loop
      vertex 3.9801020972288984e-17 0.65000000000000002 0.53125
      vertex -0.084842024943033542 0.64443915989297673 0.63749999999999996
      vertex 3.9801020972288984e-17 0.65000000000000002 0.63749999999999996
    endloop
  endfacet
  facet normal -0.19509032201612717 0.98078528040323076 0
    outer loop
      vertex -0.084842024943033542 0.64443915989297673 0.53125
      vertex -0.16823237931663843 0.62785178708789446 0.53125
      vertex -0.16823237931663843 0.62785178708789446 0.63749999999999996
    endloop
  endfacet
  facet normal -0.19509032201612717 0.98078528040323076 0
    outer loop
      vertex -0.084842024943033542 0.64443915989297673 0.53125
      vertex -0.16823237931663843 0.62785178708789446 0.63749999999999996
      vertex -0.084842024943033542 0.64443915989297673 0.63749999999999996
    endloop
  endfacet
  facet normal -0.32143946530316131 0.94693012949510569 0
    outer loop
      vertex -0.16823237931663843 0.62785178708789446 0.53125
      vertex -0.24874423103730819 0.60052169613233652 0.53125
      vertex -0.24874423103730819 0.60052169613233652 0.63749999999999996
    endloop
  endfacet
  facet normal -0.32143946530316131 0.94693012949510569 0
    outer loop
      vertex -0.16823237931663843 0.62785178708789446 0.53125
      vertex -0.24874423103730819 0.60052169613233652 0.63749999999999996
      vertex -0.16823237931663843 0.62785178708789446 0.63749999999999996
    endloop
  endfacet
  facet normal -0.44228869021900213 0.89687274153268792 0
    outer loop
      vertex -0.24874423103730819 0.60052169613233652 0.53125
      vertex -0.32499999999999984 0.56291651245988517 0.53125
      vertex -0.32499999999999984 0.56291651245988517 0.63749999999999996
    endloop
  endfacet
  facet normal -0.44228869021900213 0.89687274153268792 0
    outer loop
      vertex -0.24874423103730819 0.60052169613233652 0.53125
      vertex -0.32499999999999984 0.56291651245988517 0.63749999999999996
      vertex -0.24874423103730819 0.60052169613233652 0.63749999999999996
    endloop
  endfacet
  facet normal -0.55557023301960129 0.8314696123025459 0
    outer loop
      vertex -0.32499999999999984 0.56291651245988517 0.53125
      vertex -0.39569492885566843 0.51567967118930291 0.53125
      vertex -0.39569492885566843 0.51567967118930291 0.63749999999999996
    endloop
  endfacet
  facet normal -0.55557023301960129 0.8314696123025459 0
    outer loop
      vertex -0.32499999999999984 0.56291651245988517 0.53125
      vertex -0.39569492885566843 0.51567967118930291 0.63749999999999996
      vertex -0.32499999999999984 0.56291651245988517 0.63749999999999996
    endloop
  endfacet
  facet normal -0.65934581510006907 0.75183980747897705 0
    outer loop
      vertex -0.39569492885566843 0.51567967118930291 0.53125
      vertex -0.45961940777125587 0.45961940777125593 0.53125
      vertex -0.45961940777125587 0.45961940777125593 0.63749999999999996
    endloop
  endfacet
  facet normal -0.65934581510006907 0.75183980747897705 0
    outer loop
      vertex -0.39569492885566843 0.51567967118930291 0.53125
      vertex -0.45961940777125587 0.45961940777125593 0.63749999999999996
      vertex -0.39569492885566843 0.51567967118930291 0.63749999999999996
    endloop
  endfacet
  facet normal -0.75183980747897694 0.65934581510006951 0
    outer loop
      vertex -0.45961940777125587 0.45961940777125593 0.53125
      vertex -0.5156796711893028 0.39569492885566859 0.53125
      vertex -0.5156796711893028 0.39569492885566859 0.63749999999999996
    endloop
  endfacet
  facet normal -0.75183980747897694 0.65934581510006951 0
    outer loop
      vertex -0.45961940777125587 0.45961940777125593 0.53125
      vertex -0.5156796711893028 0.39569492885566859 0.63749999999999996
      vertex -0.45961940777125587 0.45961940777125593 0.63749999999999996
    endloop
  endfacet
  facet normal -0.83146961230254557 0.55557023301960184 0
    outer loop
      vertex -0.5156796711893028 0.39569492885566859 0.53125
      vertex -0.56291651245988517 0.32499999999999996 0.53125
      vertex -0.56291651245988517 0.32499999999999996 0.63749999999999996
    endloop
  endfacet
  facet normal -0.83146961230254557 0.55557023301960184 0
    outer loop
      vertex -0.5156796711893028 0.39569492885566859 0.53125
      vertex -0.56291651245988517 0.32499999999999996 0.63749999999999996
      vertex -0.5156796711893028 0.39569492885566859 0.63749999999999996
    endloop
  endfacet
  facet normal -0.89687274153268814 0.44228869021900169 0
    outer loop
      vertex -0.56291651245988517 0.32499999999999996 0.53125
      vertex -0.60052169613233641 0.24874423103730844 0.53125
      vertex -0.60052169613233641 0.24874423103730844 0.63749999999999996
    endloop
  endfacet
  facet normal -0.89687274153268814 0.44228869021900169 0
    outer loop
      vertex -0.56291651245988517 0.32499999999999996 0.53125
      vertex -0.60052169613233641 0.24874423103730844 0.63749999999999996
      vertex -0.56291651245988517 0.32499999999999996 0.63749999999999996
    endloop
  endfacet
  facet normal -0.94693012949510569 0.32143946530316131 0
    outer loop
      vertex -0.60052169613233641 0.24874423103730844 0.53125
      vertex -0.62785178708789435 0.16823237931663867 0.53125
      vertex -0.62785178708789435 0.16823237931663867 0.63749999999999996
    endloop
  endfacet
  facet normal -0.94693012949510569 0.32143946530316131 0
    outer loop
      vertex -0.60052169613233641 0.24874423103730844 0.53125
      vertex -0.62785178708789435 0.16823237931663867 0.63749999999999996
      vertex -0.60052169613233641 0.24874423103730844 0.63749999999999996
    endloop
  endfacet
  facet normal -0.98078528040323054 0.19509032201612841 0
    outer loop
      vertex -0.62785178708789435 0.16823237931663867 0.53125
      vertex -0.64443915989297673 0.084842024943033792 0.53125
      vertex -0.64443915989297673 0.084842024943033792 0.63749999999999996
    endloop
  endfacet
  facet normal -0.98078528040323054 0.19509032201612841 0
    outer loop
      vertex -0.62785178708789435 0.16823237931663867 0.53125
      vertex -0.64443915989297673 0.084842024943033792 0.63749999999999996
      vertex -0.62785178708789435 0.16823237931663867 0.63749999999999996
    endloop
  endfacet
  facet normal -0.99785892323860359 0.065403129230143617 0
    outer loop
      vertex -0.64443915989297673 0.084842024943033792 0.53125
      vertex -0.65000000000000002 7.9602041944577967e-17 0.53125
      vertex -0.65000000000000002 7.9602041944577967e-17 0.63749999999999996
    endloop
  endfacet
  facet normal -0.99785892323860359 0.065403129230143617 0
    outer loop
      vertex -0.64443915989297673 0.084842024943033792 0.53125
      vertex -0.65000000000000002 7.9602041944577967e-17 0.63749999999999996
      vertex -0.64443915989297673 0.084842024943033792 0.63749999999999996
    endloop
  endfacet
  facet normal -0.99785892323860348 -0.065403129230143575 0
    outer loop
      vertex -0.65000000000000002 7.9602041944577967e-17 0.53125
      vertex -0.64443915989297673 -0.084842024943033653 0.53125
      vertex -0.64443915989297673 -0.084842024943033653 0.63749999999999996
    endloop
  endfacet
  facet normal -0.99785892323860348 -0.065403129230143575 0
    outer loop
      vertex -0.65000000000000002 7.9602041944577967e-17 0.53125
      vertex -0.64443915989297673 -0.084842024943033653 0.63749999999999996
      vertex -0.65000000000000002 7.9602041944577967e-17 0.63749999999999996
    endloop
  endfacet
  facet normal -0.98078528040323076 -0.19509032201612717 0
    outer loop
      vertex -0.64443915989297673 -0.084842024943033653 0.53125
      vertex -0.62785178708789446 -0.16823237931663854 0.53125
      vertex -0.62785178708789446 -0.16823237931663854 0.63749999999999996
    endloop
  endfacet
  facet normal -0.98078528040323076 -0.19509032201612717 0
    outer loop
      vertex -0.64443915989297673 -0.084842024943033653 0.53125
      vertex -0.62785178708789446 -0.16823237931663854 0.63749999999999996
      vertex -0.64443915989297673 -0.084842024943033653 0.63749999999999996
    endloop
  endfacet
  facet normal -0.94693012949510569 -0.32143946530316131 0
    outer loop
      vertex -0.62785178708789446 -0.16823237931663854 0.53125
      vertex -0.60052169613233652 -0.24874423103730831 0.53125
      vertex -0.60052169613233652 -0.24874423103730831 0.63749999999999996
    endloop
  endfacet
  facet normal -0.94693012949510569 -0.32143946530316131 0
    outer loop
      vertex -0.62785178708789446 -0.16823237931663854 0.53125
      vertex -0.60052169613233652 -0.24874423103730831 0.63749999999999996
      vertex -0.62785178708789446 -0.16823237931663854 0.63749999999999996
    endloop
  endfacet
  facet normal -0.89687274153268814 -0.44228869021900163 0
    outer loop
      vertex -0.60052169613233652 -0.24874423103730831 0.53125
      vertex -0.56291651245988528 -0.32499999999999984 0.53125
      vertex -0.56291651245988528 -0.32499999999999984 0.63749999999999996
    endloop
  endfacet
  facet normal -0.89687274153268814 -0.44228869021900163 0
    outer loop
      vertex -0.60052169613233652 -0.24874423103730831 0.53125
      vertex -0.56291651245988528 -0.32499999999999984 0.63749999999999996
      vertex -0.60052169613233652 -0.24874423103730831 0.63749999999999996
    endloop
  endfacet
  facet normal -0.83146961230254535 -0.55557023301960218 0
    outer loop
      vertex -0.56291651245988528 -0.32499999999999984 0.53125
      vertex -0.51567967118930291 -0.39569492885566843 0.53125
      vertex -0.51567967118930291 -0.39569492885566843 0.63749999999999996
    endloop
  endfacet
  facet normal -0.83146961230254535 -0.55557023301960218 0
    outer loop
      vertex -0.56291651245988528 -0.32499999999999984 0.53125
      vertex -0.51567967118930291 -0.39569492885566843 0.63749999999999996
      vertex -0.56291651245988528 -0.32499999999999984 0.63749999999999996
    endloop
  endfacet
  facet normal -0.75183980747897727 -0.65934581510006895 0
    outer loop
      vertex -0.51567967118930291 -0.39569492885566843 0.53125
      vertex -0.45961940777125615 -0.45961940777125565 0.53125
      vertex -0.45961940777125615 -0.45961940777125565 0.63749999999999996
    endloop
  endfacet
  facet normal -0.75183980747897727 -0.65934581510006895 0
    outer loop
      vertex -0.51567967118930291 -0.39569492885566843 0.53125
      vertex -0.45961940777125615 -0.45961940777125565 0.63749999999999996
      vertex -0.51567967118930291 -0.39569492885566843 0.63749999999999996
    endloop
  endfacet
  facet normal -0.65934581510006884 -0.75183980747897727 0
    outer loop
      vertex -0.45961940777125615 -0.45961940777125565 0.53125
      vertex -0.39569492885566859 -0.51567967118930269 0.53125
      vertex -0.39569492885566859 -0.51567967118930269 0.63749999999999996
    endloop
  endfacet
  facet normal -0.65934581510006884 -0.75183980747897727 0
    outer loop
      vertex -0.45961940777125615 -0.45961940777125565 0.53125
      vertex -0.39569492885566859 -0.51567967118930269 0.63749999999999996
      vertex -0.45961940777125615 -0.45961940777125565 0.63749999999999996
    endloop
  endfacet
  facet normal -0.55557023301960362 -0.83146961230254424 0
    outer loop
      vertex -0.39569492885566859 -0.51567967118930269 0.53125
      vertex -0.32500000000000029 -0.56291651245988505 0.53125
      vertex -0.32500000000000029 -0.56291651245988505 0.63749999999999996
    endloop
  endfacet
  facet normal -0.55557023301960362 -0.83146961230254424 0
    outer loop
      vertex -0.39569492885566859 -0.51567967118930269 0.53125
      vertex -0.32500000000000029 -0.56291651245988505 0.63749999999999996
      vertex -0.39569492885566859 -0.51567967118930269 0.63749999999999996
    endloop
  endfacet
  facet normal -0.44228869021900108 -0.89687274153268826 0
    outer loop
      vertex -0.32500000000000029 -0.56291651245988505 0.53125
      vertex -0.24874423103730819 -0.60052169613233652 0.53125
      vertex -0.24874423103730819 -0.60052169613233652 0.63749999999999996
    endloop
  endfacet
  facet normal -0.44228869021900108 -0.89687274153268826 0
    outer loop
      vertex -0.32500000000000029 -0.56291651245988505 0.53125
      vertex -0.24874423103730819 -0.60052169613233652 0.63749999999999996
      vertex -0.32500000000000029 -0.56291651245988505 0.63749999999999996
    endloop
  endfacet
  facet normal -0.32143946530316131 -0.94693012949510569 0
    outer loop
      vertex -0.24874423103730819 -0.60052169613233652 0.53125
      vertex -0.16823237931663843 -0.62785178708789446 0.53125
      vertex -0.16823237931663843 -0.62785178708789446 0.63749999999999996
    endloop
  endfacet
  facet normal -0.32143946530316131 -0.94693012949510569 0
    outer loop
      vertex -0.24874423103730819 -0.60052169613233652 0.53125
      vertex -0.16823237931663843 -0.62785178708789446 0.63749999999999996
      vertex -0.24874423103730819 -0.60052169613233652 0.63749999999999996
    endloop
  endfacet
  facet normal -0.19509032201612719 -0.98078528040323076 0
    outer loop
      vertex -0.16823237931663843 -0.62785178708789446 0.53125
      vertex -0.084842024943033556 -0.64443915989297673 0.53125
      vertex -0.084842024943033556 -0.64443915989297673 0.63749999999999996
    endloop
  endfacet
  facet normal -0.19509032201612719 -0.98078528040323076 0
    outer loop
      vertex -0.16823237931663843 -0.62785178708789446 0.53125
      vertex -0.084842024943033556 -0.64443915989297673 0.63749999999999996
      vertex -0.16823237931663843 -0.62785178708789446 0.63749999999999996
    endloop
  endfacet
  facet normal -0.065403129230143825 -0.99785892323860337 0
    outer loop
      vertex -0.084842024943033556 -0.64443915989297673 0.53125
      vertex -1.1940306291686693e-16 -0.65000000000000002 0.53125
      vertex -1.1940306291686693e-16 -0.65000000000000002 0.63749999999999996
    endloop
  endfacet
  facet normal -0.065403129230143825 -0.99785892323860337 0
    outer loop
      vertex -0.084842024943033556 -0.64443915989297673 0.53125
      vertex -1.1940306291686693e-16 -0.65000000000000002 0.63749999999999996
      vertex -0.084842024943033556 -0.64443915989297673 0.63749999999999996
    endloop
  endfacet
  facet normal 0.065403129230142493 -0.99785892323860359 0
    outer loop
      vertex -1.1940306291686693e-16 -0.65000000000000002 0.53125
      vertex 0.084842024943033334 -0.64443915989297684 0.53125
      vertex 0.084842024943033334 -0.64443915989297684 0.63749999999999996
    endloop
  endfacet
  facet normal 0.065403129230142493 -0.99785892323860359 0
    outer loop
      vertex -1.1940306291686693e-16 -0.65000000000000002 0.53125
      vertex 0.084842024943033334 -0.64443915989297684 0.63749999999999996
      vertex -1.1940306291686693e-16 -0.65000000000000002 0.63749999999999996
    endloop
  endfacet
  facet normal 0.19509032201612847 -0.98078528040323054 0
    outer loop
      vertex 0.084842024943033334 -0.64443915989297684 0.53125
      vertex 0.1682323793166382 -0.62785178708789446 0.53125
      vertex 0.1682323793166382 -0.62785178708789446 0.63749999999999996
    endloop
  endfacet
  facet normal 0.19509032201612847 -0.98078528040323054 0
    outer loop
      vertex 0.084842024943033334 -0.64443915989297684 0.53125
      vertex 0.1682323793166382 -0.62785178708789446 0.63749999999999996
      vertex 0.084842024943033334 -0.64443915989297684 0.63749999999999996
    endloop
  endfacet
  facet normal 0.32143946530316131 -0.94693012949510569 0
    outer loop
      vertex 0.1682323793166382 -0.62785178708789446 0.53125
      vertex 0.24874423103730797 -0.60052169613233652 0.53125
      vertex 0.24874423103730797 -0.60052169613233652 0.63749999999999996
    endloop
  endfacet
  facet normal 0.32143946530316131 -0.94693012949510569 0
    outer loop
      vertex 0.1682323793166382 -0.62785178708789446 0.53125
      vertex 0.24874423103730797 -0.60052169613233652 0.63749999999999996
      vertex 0.1682323793166382 -0.62785178708789446 0.63749999999999996
    endloop
  endfacet
  facet normal 0.44228869021900108 -0.89687274153268826 0
    outer loop
      vertex 0.24874423103730797 -0.60052169613233652 0.53125
      vertex 0.32500000000000007 -0.56291651245988505 0.53125
      vertex 0.32500000000000007 -0.56291651245988505 0.63749999999999996
    endloop
  endfacet
  facet normal 0.44228869021900108 -0.89687274153268826 0
    outer loop
      vertex 0.24874423103730797 -0.60052169613233652 0.53125
      vertex 0.32500000000000007 -0.56291651245988505 0.63749999999999996
      vertex 0.24874423103730797 -0.60052169613233652 0.63749999999999996
    endloop
  endfacet
  facet normal 0.55557023301960151 -0.83146961230254568 0
    outer loop
      vertex 0.32500000000000007 -0.56291651245988505 0.53125
      vertex 0.39569492885566793 -0.51567967118930325 0.53125
      vertex 0.39569492885566793 -0.51567967118930325 0.63749999999999996
    endloop
  endfacet
  facet normal 0.55557023301960151 -0.83146961230254568 0
    outer loop
      vertex 0.32500000000000007 -0.56291651245988505 0.53125
      vertex 0.39569492885566793 -0.51567967118930325 0.63749999999999996
      vertex 0.32500000000000007 -0.56291651245988505 0.63749999999999996
    endloop
  endfacet
  facet normal 0.65934581510006851 -0.75183980747897783 0
    outer loop
      vertex 0.39569492885566793 -0.51567967118930325 0.53125
      vertex 0.45961940777125582 -0.45961940777125598 0.53125
      vertex 0.45961940777125582 -0.45961940777125598 0.63749999999999996
    endloop
  endfacet
  facet normal 0.65934581510006851 -0.75183980747897783 0
    outer loop
      vertex 0.39569492885566793 -0.51567967118930325 0.53125
      vertex 0.45961940777125582 -0.45961940777125598 0.63749999999999996
      vertex 0.39569492885566793 -0.51567967118930325 0.63749999999999996
    endloop
  endfacet
  facet normal 0.75183980747897716 -0.65934581510006907 0
    outer loop
      vertex 0.45961940777125582 -0.45961940777125598 0.53125
      vertex 0.51567967118930269 -0.39569492885566865 0.53125
      vertex 0.51567967118930269 -0.39569492885566865 0.63749999999999996
    endloop
  endfacet
  facet normal 0.75183980747897716 -0.65934581510006907 0
    outer loop
      vertex 0.45961940777125582 -0.45961940777125598 0.53125
      vertex 0.51567967118930269 -0.39569492885566865 0.63749999999999996
      vertex 0.45961940777125582 -0.45961940777125598 0.63749999999999996
    endloop
  endfacet
  facet normal 0.83146961230254501 -0.5555702330196024 0
    outer loop
      vertex 0.51567967118930269 -0.39569492885566865 0.53125
      vertex 0.56291651245988494 -0.32500000000000029 0.53125
      vertex 0.56291651245988494 -0.32500000000000029 0.63749999999999996
    endloop
  endfacet
  facet normal 0.83146961230254501 -0.5555702330196024 0
    outer loop
      vertex 0.51567967118930269 -0.39569492885566865 0.53125
      vertex 0.56291651245988494 -0.32500000000000029 0.63749999999999996
      vertex 0.51567967118930269 -0.39569492885566865 0.63749999999999996
    endloop
  endfacet
  facet normal 0.89687274153268781 -0.44228869021900213 0
    outer loop
      vertex 0.56291651245988494 -0.32500000000000029 0.53125
      vertex 0.60052169613233652 -0.24874423103730822 0.53125
      vertex 0.60052169613233652 -0.24874423103730822 0.63749999999999996
    endloop
  endfacet
  facet normal 0.89687274153268781 -0.44228869021900213 0
    outer loop
      vertex 0.56291651245988494 -0.32500000000000029 0.53125
      vertex 0.60052169613233652 -0.24874423103730822 0.63749999999999996
      vertex 0.56291651245988494 -0.32500000000000029 0.63749999999999996
    endloop
  endfacet
  facet normal 0.94693012949510591 -0.32143946530316109 0
    outer loop
      vertex 0.60052169613233652 -0.24874423103730822 0.53125
      vertex 0.62785178708789424 -0.16823237931663904 0.53125
      vertex 0.62785178708789424 -0.16823237931663904 0.63749999999999996
    endloop
  endfacet
  facet normal 0.94693012949510591 -0.32143946530316109 0
    outer loop
      vertex 0.60052169613233652 -0.24874423103730822 0.53125
      vertex 0.62785178708789424 -0.16823237931663904 0.63749999999999996
      vertex 0.60052169613233652 -0.24874423103730822 0.63749999999999996
    endloop
  endfacet
  facet normal 0.98078528040323043 -0.19509032201612844 0
    outer loop
      vertex 0.62785178708789424 -0.16823237931663904 0.53125
      vertex 0.64443915989297673 -0.084842024943033598 0.53125
      vertex 0.64443915989297673 -0.084842024943033598 0.63749999999999996
    endloop
  endfacet
  facet normal 0.98078528040323043 -0.19509032201612844 0
    outer loop
      vertex 0.62785178708789424 -0.16823237931663904 0.53125
      vertex 0.64443915989297673 -0.084842024943033598 0.63749999999999996
      vertex 0.62785178708789424 -0.16823237931663904 0.63749999999999996
    endloop
  endfacet
  facet normal 0.99785892323860337 -0.0654031292301437 0
    outer loop
      vertex 0.64443915989297673 -0.084842024943033598 0.53125
      vertex 0.65000000000000002 0 0.53125
      vertex 0.65000000000000002 0 0.63749999999999996
    endloop
  endfacet
  facet normal 0.99785892323860337 -0.0654031292301437 0
    outer loop
      vertex 0.64443915989297673 -0.084842024943033598 0.53125
      vertex 0.65000000000000002 0 0.63749999999999996
      vertex 0.64443915989297673 -0.084842024943033598 0.63749999999999996
    endloop
  endfacet
  facet normal 0.99785892323860359 0.065403129230143769 0
    outer loop
      vertex 0.65000000000000002 0 0.63749999999999996
      vertex 0.64443915989297673 0.084842024943033528 0.63749999999999996
      vertex 0.64443915989297673 0.084842024943033528 0.74375000000000002
    endloop
  endfacet
  facet normal 0.99785892323860359 0.065403129230143769 -0
    outer loop
      vertex 0.65000000000000002 0 0.63749999999999996
      vertex 0.64443915989297673 0.084842024943033528 0.74375000000000002
      vertex 0.65000000000000002 0 0.74375000000000002
    endloop
  endfacet
  facet normal 0.98078528040323054 0.19509032201612697 0
    outer loop
      vertex 0.64443915989297673 0.084842024943033528 0.63749999999999996
      vertex 0.62785178708789446 0.16823237931663848 0.63749999999999996
      vertex 0.62785178708789446 0.16823237931663848 0.74375000000000002
    endloop
  endfacet
  facet normal 0.98078528040323054 0.19509032201612697 -0
    outer loop
      vertex 0.64443915989297673 0.084842024943033528 0.63749999999999996
      vertex 0.62785178708789446 0.16823237931663848 0.74375000000000002
      vertex 0.64443915989297673 0.084842024943033528 0.74375000000000002
    endloop
  endfacet
  facet normal 0.94693012949510558 0.32143946530316209 0
    outer loop
      vertex 0.62785178708789446 0.16823237931663848 0.63749999999999996
      vertex 0.60052169613233641 0.24874423103730836 0.63749999999999996
      vertex 0.60052169613233641 0.24874423103730836 0.74375000000000002
    endloop
  endfacet
  facet normal 0.94693012949510558 0.32143946530316209 -0
    outer loop
      vertex 0.62785178708789446 0.16823237931663848 0.63749999999999996
      vertex 0.60052169613233641 0.24874423103730836 0.74375000000000002
      vertex 0.62785178708789446 0.16823237931663848 0.74375000000000002
    endloop
  endfacet
  facet normal 0.89687274153268837 0.44228869021900125 0
    outer loop
      vertex 0.60052169613233641 0.24874423103730836 0.63749999999999996
      vertex 0.56291651245988517 0.32499999999999996 0.63749999999999996
      vertex 0.56291651245988517 0.32499999999999996 0.74375000000000002
    endloop
  endfacet
  facet normal 0.89687274153268837 0.44228869021900125 -0
    outer loop
      vertex 0.60052169613233641 0.24874423103730836 0.63749999999999996
      vertex 0.56291651245988517 0.32499999999999996 0.74375000000000002
      vertex 0.60052169613233641 0.24874423103730836 0.74375000000000002
    endloop
  endfacet
  facet normal 0.83146961230254546 0.55557023301960184 0
    outer loop
      vertex 0.56291651245988517 0.32499999999999996 0.63749999999999996
      vertex 0.51567967118930291 0.39569492885566843 0.63749999999999996
      vertex 0.51567967118930291 0.39569492885566843 0.74375000000000002
    endloop
  endfacet
  facet normal 0.83146961230254546 0.55557023301960184 -0
    outer loop
      vertex 0.56291651245988517 0.32499999999999996 0.63749999999999996
      vertex 0.51567967118930291 0.39569492885566843 0.74375000000000002
      vertex 0.56291651245988517 0.32499999999999996 0.74375000000000002
    endloop
  endfacet
  facet normal 0.7518398074789775 0.65934581510006895 0
    outer loop
      vertex 0.51567967118930291 0.39569492885566843 0.63749999999999996
      vertex 0.45961940777125593 0.45961940777125593 0.63749999999999996
      vertex 0.45961940777125593 0.45961940777125593 0.74375000000000002
    endloop
  endfacet
  facet normal 0.7518398074789775 0.65934581510006895 -0
    outer loop
      vertex 0.51567967118930291 0.39569492885566843 0.63749999999999996
      vertex 0.45961940777125593 0.45961940777125593 0.74375000000000002
      vertex 0.51567967118930291 0.39569492885566843 0.74375000000000002
    endloop
  endfacet
  facet normal 0.65934581510006895 0.7518398074789775 0
    outer loop
      vertex 0.45961940777125593 0.45961940777125593 0.63749999999999996
      vertex 0.39569492885566843 0.51567967118930291 0.63749999999999996
      vertex 0.39569492885566843 0.51567967118930291 0.74375000000000002
    endloop
  endfacet
  facet normal 0.65934581510006895 0.7518398074789775 -0
    outer loop
      vertex 0.45961940777125593 0.45961940777125593 0.63749999999999996
      vertex 0.39569492885566843 0.51567967118930291 0.74375000000000002
      vertex 0.45961940777125593 0.45961940777125593 0.74375000000000002
    endloop
  endfacet
  facet normal 0.55557023301960151 0.83146961230254579 0
    outer loop
      vertex 0.39569492885566843 0.51567967118930291 0.63749999999999996
      vertex 0.32500000000000007 0.56291651245988505 0.63749999999999996
      vertex 0.32500000000000007 0.56291651245988505 0.74375000000000002
    endloop
  endfacet
  facet normal 0.55557023301960151 0.83146961230254579 -0
    outer loop
      vertex 0.39569492885566843 0.51567967118930291 0.63749999999999996
      vertex 0.32500000000000007 0.56291651245988505 0.74375000000000002
      vertex 0.39569492885566843 0.51567967118930291 0.74375000000000002
    endloop
  endfacet
  facet normal 0.44228869021900208 0.89687274153268792 0
    outer loop
      vertex 0.32500000000000007 0.56291651245988505 0.63749999999999996
      vertex 0.24874423103730842 0.60052169613233641 0.63749999999999996
      vertex 0.24874423103730842 0.60052169613233641 0.74375000000000002
    endloop
  endfacet
  facet normal 0.44228869021900208 0.89687274153268792 -0
    outer loop
      vertex 0.32500000000000007 0.56291651245988505 0.63749999999999996
      vertex 0.24874423103730842 0.60052169613233641 0.74375000000000002
      vertex 0.32500000000000007 0.56291651245988505 0.74375000000000002
    endloop
  endfacet
  facet normal 0.32143946530316192 0.94693012949510569 0
    outer loop
      vertex 0.24874423103730842 0.60052169613233641 0.63749999999999996
      vertex 0.16823237931663848 0.62785178708789446 0.63749999999999996
      vertex 0.16823237931663848 0.62785178708789446 0.74375000000000002
    endloop
  endfacet
  facet normal 0.32143946530316192 0.94693012949510569 -0
    outer loop
      vertex 0.24874423103730842 0.60052169613233641 0.63749999999999996
      vertex 0.16823237931663848 0.62785178708789446 0.74375000000000002
      vertex 0.24874423103730842 0.60052169613233641 0.74375000000000002
    endloop
  endfacet
  facet normal 0.19509032201612719 0.98078528040323076 0
    outer loop
      vertex 0.16823237931663848 0.62785178708789446 0.63749999999999996
      vertex 0.084842024943033612 0.64443915989297673 0.63749999999999996
      vertex 0.084842024943033612 0.64443915989297673 0.74375000000000002
    endloop
  endfacet
  facet normal 0.19509032201612719 0.98078528040323076 -0
    outer loop
      vertex 0.16823237931663848 0.62785178708789446 0.63749999999999996
      vertex 0.084842024943033612 0.64443915989297673 0.74375000000000002
      vertex 0.16823237931663848 0.62785178708789446 0.74375000000000002
    endloop
  endfacet
  facet normal 0.065403129230143728 0.99785892323860359 0
    outer loop
      vertex 0.084842024943033612 0.64443915989297673 0.63749999999999996
      vertex 3.9801020972288984e-17 0.65000000000000002 0.63749999999999996
      vertex 3.9801020972288984e-17 0.65000000000000002 0.74375000000000002
    endloop
  endfacet
  facet normal 0.065403129230143728 0.99785892323860359 -0
    outer loop
      vertex 0.084842024943033612 0.64443915989297673 0.63749999999999996
      vertex 3.9801020972288984e-17 0.65000000000000002 0.74375000000000002
      vertex 0.084842024943033612 0.64443915989297673 0.74375000000000002
    endloop
  endfacet
  facet normal -0.0654031292301437 0.99785892323860348 0
    outer loop
      vertex 3.9801020972288984e-17 0.65000000000000002 0.63749999999999996
      vertex -0.084842024943033542 0.64443915989297673 0.63749999999999996
      vertex -0.084842024943033542 0.64443915989297673 0.74375000000000002
    endloop
  endfacet
  facet normal -0.0654031292301437 0.99785892323860348 0
    outer loop
      vertex 3.9801020972288984e-17 0.65000000000000002 0.63749999999999996
      vertex -0.084842024943033542 0.64443915989297673 0.74375000000000002
      vertex 3.9801020972288984e-17 0.65000000000000002 0.74375000000000002
    endloop
  endfacet
  facet normal -0.19509032201612714 0.98078528040323054 0
    outer loop
      vertex -0.084842024943033542 0.64443915989297673 0.63749999999999996
      vertex -0.16823237931663843 0.62785178708789446 0.63749999999999996
      vertex -0.16823237931663843 0.62785178708789446 0.74375000000000002
    endloop
  endfacet
  facet normal -0.19509032201612714 0.98078528040323054 0
    outer loop
      vertex -0.084842024943033542 0.64443915989297673 0.63749999999999996
      vertex -0.16823237931663843 0.62785178708789446 0.74375000000000002
      vertex -0.084842024943033542 0.64443915989297673 0.74375000000000002
    endloop
  endfacet
  facet normal -0.32143946530316131 0.94693012949510569 0
    outer loop
      vertex -0.16823237931663843 0.62785178708789446 0.63749999999999996
      vertex -0.24874423103730819 0.60052169613233652 0.63749999999999996
      vertex -0.24874423103730819 0.60052169613233652 0.74375000000000002
    endloop
  endfacet
  facet normal -0.32143946530316131 0.94693012949510569 0
    outer loop
      vertex -0.16823237931663843 0.62785178708789446 0.63749999999999996
      vertex -0.24874423103730819 0.60052169613233652 0.74375000000000002
      vertex -0.16823237931663843 0.62785178708789446 0.74375000000000002
    endloop
  endfacet
  facet normal -0.44228869021900208 0.89687274153268792 0
    outer loop
      vertex -0.24874423103730819 0.60052169613233652 0.63749999999999996
      vertex -0.32499999999999984 0.56291651245988517 0.63749999999999996
      vertex -0.32499999999999984 0.56291651245988517 0.74375000000000002
    endloop
  endfacet
  facet normal -0.44228869021900208 0.89687274153268792 0
    outer loop
      vertex -0.24874423103730819 0.60052169613233652 0.63749999999999996
      vertex -0.32499999999999984 0.56291651245988517 0.74375000000000002
      vertex -0.24874423103730819 0.60052169613233652 0.74375000000000002
    endloop
  endfacet
  facet normal -0.55557023301960118 0.83146961230254579 0
    outer loop
      vertex -0.32499999999999984 0.56291651245988517 0.63749999999999996
      vertex -0.39569492885566843 0.51567967118930291 0.63749999999999996
      vertex -0.39569492885566843 0.51567967118930291 0.74375000000000002
    endloop
  endfacet
  facet normal -0.55557023301960118 0.83146961230254579 0
    outer loop
      vertex -0.32499999999999984 0.56291651245988517 0.63749999999999996
      vertex -0.39569492885566843 0.51567967118930291 0.74375000000000002
      vertex -0.32499999999999984 0.56291651245988517 0.74375000000000002
    endloop
  endfacet
  facet normal -0.65934581510006918 0.75183980747897716 0
    outer loop
      vertex -0.39569492885566843 0.51567967118930291 0.63749999999999996
      vertex -0.45961940777125587 0.45961940777125593 0.63749999999999996
      vertex -0.45961940777125587 0.45961940777125593 0.74375000000000002
    endloop
  endfacet
  facet normal -0.65934581510006918 0.75183980747897716 0
    outer loop
      vertex -0.39569492885566843 0.51567967118930291 0.63749999999999996
      vertex -0.45961940777125587 0.45961940777125593 0.74375000000000002
      vertex -0.39569492885566843 0.51567967118930291 0.74375000000000002
    endloop
  endfacet
  facet normal -0.75183980747897694 0.65934581510006951 0
    outer loop
      vertex -0.45961940777125587 0.45961940777125593 0.63749999999999996
      vertex -0.5156796711893028 0.39569492885566859 0.63749999999999996
      vertex -0.5156796711893028 0.39569492885566859 0.74375000000000002
    endloop
  endfacet
  facet normal -0.75183980747897694 0.65934581510006951 0
    outer loop
      vertex -0.45961940777125587 0.45961940777125593 0.63749999999999996
      vertex -0.5156796711893028 0.39569492885566859 0.74375000000000002
      vertex -0.45961940777125587 0.45961940777125593 0.74375000000000002
    endloop
  endfacet
  facet normal -0.83146961230254546 0.55557023301960184 0
    outer loop
      vertex -0.5156796711893028 0.39569492885566859 0.63749999999999996
      vertex -0.56291651245988517 0.32499999999999996 0.63749999999999996
      vertex -0.56291651245988517 0.32499999999999996 0.74375000000000002
    endloop
  endfacet
  facet normal -0.83146961230254546 0.55557023301960184 0
    outer loop
      vertex -0.5156796711893028 0.39569492885566859 0.63749999999999996
      vertex -0.56291651245988517 0.32499999999999996 0.74375000000000002
      vertex -0.5156796711893028 0.39569492885566859 0.74375000000000002
    endloop
  endfacet
  facet normal -0.89687274153268803 0.44228869021900169 0
    outer loop
      vertex -0.56291651245988517 0.32499999999999996 0.63749999999999996
      vertex -0.60052169613233641 0.24874423103730844 0.63749999999999996
      vertex -0.60052169613233641 0.24874423103730844 0.74375000000000002
    endloop
  endfacet
  facet normal -0.89687274153268803 0.44228869021900169 0
    outer loop
      vertex -0.56291651245988517 0.32499999999999996 0.63749999999999996
      vertex -0.60052169613233641 0.24874423103730844 0.74375000000000002
      vertex -0.56291651245988517 0.32499999999999996 0.74375000000000002
    endloop
  endfacet
  facet normal -0.94693012949510569 0.32143946530316131 0
    outer loop
      vertex -0.60052169613233641 0.24874423103730844 0.63749999999999996
      vertex -0.62785178708789435 0.16823237931663867 0.63749999999999996
      vertex -0.62785178708789435 0.16823237931663867 0.74375000000000002
    endloop
  endfacet
  facet normal -0.94693012949510569 0.32143946530316131 0
    outer loop
      vertex -0.60052169613233641 0.24874423103730844 0.63749999999999996
      vertex -0.62785178708789435 0.16823237931663867 0.74375000000000002
      vertex -0.60052169613233641 0.24874423103730844 0.74375000000000002
    endloop
  endfacet
  facet normal -0.98078528040323032 0.19509032201612841 0
    outer loop
      vertex -0.62785178708789435 0.16823237931663867 0.63749999999999996
      vertex -0.64443915989297673 0.084842024943033792 0.63749999999999996
      vertex -0.64443915989297673 0.084842024943033792 0.74375000000000002
    endloop
  endfacet
  facet normal -0.98078528040323032 0.19509032201612841 0
    outer loop
      vertex -0.62785178708789435 0.16823237931663867 0.63749999999999996
      vertex -0.64443915989297673 0.084842024943033792 0.74375000000000002
      vertex -0.62785178708789435 0.16823237931663867 0.74375000000000002
    endloop
  endfacet
  facet normal -0.99785892323860348 0.065403129230143617 0
    outer loop
      vertex -0.64443915989297673 0.084842024943033792 0.63749999999999996
      vertex -0.65000000000000002 7.9602041944577967e-17 0.63749999999999996
      vertex -0.65000000000000002 7.9602041944577967e-17 0.74375000000000002
    endloop
  endfacet
  facet normal -0.99785892323860348 0.065403129230143617 0
    outer loop
      vertex -0.64443915989297673 0.084842024943033792 0.63749999999999996
      vertex -0.65000000000000002 7.9602041944577967e-17 0.74375000000000002
      vertex -0.64443915989297673 0.084842024943033792 0.74375000000000002
    endloop
  endfacet
  facet normal -0.99785892323860359 -0.065403129230143603 0
    outer loop
      vertex -0.65000000000000002 7.9602041944577967e-17 0.63749999999999996
      vertex -0.64443915989297673 -0.084842024943033653 0.63749999999999996
      vertex -0.64443915989297673 -0.084842024943033653 0.74375000000000002
    endloop
  endfacet
  facet normal -0.99785892323860359 -0.065403129230143603 0
    outer loop
      vertex -0.65000000000000002 7.9602041944577967e-17 0.63749999999999996
      vertex -0.64443915989297673 -0.084842024943033653 0.74375000000000002
      vertex -0.65000000000000002 7.9602041944577967e-17 0.74375000000000002
    endloop
  endfacet
  facet normal -0.98078528040323054 -0.19509032201612714 0
    outer loop
      vertex -0.64443915989297673 -0.084842024943033653 0.63749999999999996
      vertex -0.62785178708789446 -0.16823237931663854 0.63749999999999996
      vertex -0.62785178708789446 -0.16823237931663854 0.74375000000000002
    endloop
  endfacet
  facet normal -0.98078528040323054 -0.19509032201612714 0
    outer loop
      vertex -0.64443915989297673 -0.084842024943033653 0.63749999999999996
      vertex -0.62785178708789446 -0.16823237931663854 0.74375000000000002
      vertex -0.64443915989297673 -0.084842024943033653 0.74375000000000002
    endloop
  endfacet
  facet normal -0.94693012949510569 -0.32143946530316131 0
    outer loop
      vertex -0.62785178708789446 -0.16823237931663854 0.63749999999999996
      vertex -0.60052169613233652 -0.24874423103730831 0.63749999999999996
      vertex -0.60052169613233652 -0.24874423103730831 0.74375000000000002
    endloop
  endfacet
  facet normal -0.94693012949510569 -0.32143946530316131 0
    outer loop
      vertex -0.62785178708789446 -0.16823237931663854 0.63749999999999996
      vertex -0.60052169613233652 -0.24874423103730831 0.74375000000000002
      vertex -0.62785178708789446 -0.16823237931663854 0.74375000000000002
    endloop
  endfacet
  facet normal -0.89687274153268826 -0.44228869021900158 0
    outer loop
      vertex -0.60052169613233652 -0.24874423103730831 0.63749999999999996
      vertex -0.56291651245988528 -0.32499999999999984 0.63749999999999996
      vertex -0.56291651245988528 -0.32499999999999984 0.74375000000000002
    endloop
  endfacet
  facet normal -0.89687274153268826 -0.44228869021900158 0
    outer loop
      vertex -0.60052169613233652 -0.24874423103730831 0.63749999999999996
      vertex -0.56291651245988528 -0.32499999999999984 0.74375000000000002
      vertex -0.60052169613233652 -0.24874423103730831 0.74375000000000002
    endloop
  endfacet
  facet normal -0.83146961230254535 -0.55557023301960207 0
    outer loop
      vertex -0.56291651245988528 -0.32499999999999984 0.63749999999999996
      vertex -0.51567967118930291 -0.39569492885566843 0.63749999999999996
      vertex -0.51567967118930291 -0.39569492885566843 0.74375000000000002
    endloop
  endfacet
  facet normal -0.83146961230254535 -0.55557023301960207 0
    outer loop
      vertex -0.56291651245988528 -0.32499999999999984 0.63749999999999996
      vertex -0.51567967118930291 -0.39569492885566843 0.74375000000000002
      vertex -0.56291651245988528 -0.32499999999999984 0.74375000000000002
    endloop
  endfacet
  facet normal -0.75183980747897727 -0.65934581510006895 0
    outer loop
      vertex -0.51567967118930291 -0.39569492885566843 0.63749999999999996
      vertex -0.45961940777125615 -0.45961940777125565 0.63749999999999996
      vertex -0.45961940777125615 -0.45961940777125565 0.74375000000000002
    endloop
  endfacet
  facet normal -0.75183980747897727 -0.65934581510006895 0
    outer loop
      vertex -0.51567967118930291 -0.39569492885566843 0.63749999999999996
      vertex -0.45961940777125615 -0.45961940777125565 0.74375000000000002
      vertex -0.51567967118930291 -0.39569492885566843 0.74375000000000002
    endloop
  endfacet
  facet normal -0.65934581510006895 -0.75183980747897738 0
    outer loop
      vertex -0.45961940777125615 -0.45961940777125565 0.63749999999999996
      vertex -0.39569492885566859 -0.51567967118930269 0.63749999999999996
      vertex -0.39569492885566859 -0.51567967118930269 0.74375000000000002
    endloop
  endfacet
  facet normal -0.65934581510006895 -0.75183980747897738 0
    outer loop
      vertex -0.45961940777125615 -0.45961940777125565 0.63749999999999996
      vertex -0.39569492885566859 -0.51567967118930269 0.74375000000000002
      vertex -0.45961940777125615 -0.45961940777125565 0.74375000000000002
    endloop
  endfacet
  facet normal -0.55557023301960362 -0.83146961230254424 0
    outer loop
      vertex -0.39569492885566859 -0.51567967118930269 0.63749999999999996
      vertex -0.32500000000000029 -0.56291651245988505 0.63749999999999996
      vertex -0.32500000000000029 -0.56291651245988505 0.74375000000000002
    endloop
  endfacet
  facet normal -0.55557023301960362 -0.83146961230254424 0
    outer loop
      vertex -0.39569492885566859 -0.51567967118930269 0.63749999999999996
      vertex -0.32500000000000029 -0.56291651245988505 0.74375000000000002
      vertex -0.39569492885566859 -0.51567967118930269 0.74375000000000002
    endloop
  endfacet
  facet normal -0.44228869021900113 -0.89687274153268837 0
    outer loop
      vertex -0.32500000000000029 -0.56291651245988505 0.63749999999999996
      vertex -0.24874423103730819 -0.60052169613233652 0.63749999999999996
      vertex -0.24874423103730819 -0.60052169613233652 0.74375000000000002
    endloop
  endfacet
  facet normal -0.44228869021900113 -0.89687274153268837 0
    outer loop
      vertex -0.32500000000000029 -0.56291651245988505 0.63749999999999996
      vertex -0.24874423103730819 -0.60052169613233652 0.74375000000000002
      vertex -0.32500000000000029 -0.56291651245988505 0.74375000000000002
    endloop
  endfacet
  facet normal -0.32143946530316131 -0.94693012949510569 0
    outer loop
      vertex -0.24874423103730819 -0.60052169613233652 0.63749999999999996
      vertex -0.16823237931663843 -0.62785178708789446 0.63749999999999996
      vertex -0.16823237931663843 -0.62785178708789446 0.74375000000000002
    endloop
  endfacet
  facet normal -0.32143946530316131 -0.94693012949510569 0
    outer loop
      vertex -0.24874423103730819 -0.60052169613233652 0.63749999999999996
      vertex -0.16823237931663843 -0.62785178708789446 0.74375000000000002
      vertex -0.24874423103730819 -0.60052169613233652 0.74375000000000002
    endloop
  endfacet
  facet normal -0.19509032201612719 -0.98078528040323076 0
    outer loop
      vertex -0.16823237931663843 -0.62785178708789446 0.63749999999999996
      vertex -0.084842024943033556 -0.64443915989297673 0.63749999999999996
      vertex -0.084842024943033556 -0.64443915989297673 0.74375000000000002
    endloop
  endfacet
  facet normal -0.19509032201612719 -0.98078528040323076 0
    outer loop
      vertex -0.16823237931663843 -0.62785178708789446 0.63749999999999996
      vertex -0.084842024943033556 -0.64443915989297673 0.74375000000000002
      vertex -0.16823237931663843 -0.62785178708789446 0.74375000000000002
    endloop
  endfacet
  facet normal -0.065403129230143825 -0.99785892323860337 0
    outer loop
      vertex -0.084842024943033556 -0.64443915989297673 0.63749999999999996
      vertex -1.1940306291686693e-16 -0.65000000000000002 0.63749999999999996
      vertex -1.1940306291686693e-16 -0.65000000000000002 0.74375000000000002
    endloop
  endfacet
  facet normal -0.065403129230143825 -0.99785892323860337 0
    outer loop
      vertex -0.084842024943033556 -0.64443915989297673 0.63749999999999996
      vertex -1.1940306291686693e-16 -0.65000000000000002 0.74375000000000002
      vertex -0.084842024943033556 -0.64443915989297673 0.74375000000000002
    endloop
  endfacet
  facet normal 0.065403129230142507 -0.99785892323860359 0
    outer loop
      vertex -1.1940306291686693e-16 -0.65000000000000002 0.63749999999999996
      vertex 0.084842024943033334 -0.64443915989297684 0.63749999999999996
      vertex 0.084842024943033334 -0.64443915989297684 0.74375000000000002
    endloop
  endfacet
  facet normal 0.065403129230142507 -0.99785892323860359 0
    outer loop
      vertex -1.1940306291686693e-16 -0.65000000000000002 0.63749999999999996
      vertex 0.084842024943033334 -0.64443915989297684 0.74375000000000002
      vertex -1.1940306291686693e-16 -0.65000000000000002 0.74375000000000002
    endloop
  endfacet
  facet normal 0.19509032201612844 -0.98078528040323032 0
    outer loop
      vertex 0.084842024943033334 -0.64443915989297684 0.63749999999999996
      vertex 0.1682323793166382 -0.62785178708789446 0.63749999999999996
      vertex 0.1682323793166382 -0.62785178708789446 0.74375000000000002
    endloop
  endfacet
  facet normal 0.19509032201612844 -0.98078528040323032 0
    outer loop
      vertex 0.084842024943033334 -0.64443915989297684 0.63749999999999996
      vertex 0.1682323793166382 -0.62785178708789446 0.74375000000000002
      vertex 0.084842024943033334 -0.64443915989297684 0.74375000000000002
    endloop
  endfacet
  facet normal 0.32143946530316131 -0.94693012949510569 0
    outer loop
      vertex 0.1682323793166382 -0.62785178708789446 0.63749999999999996
      vertex 0.24874423103730797 -0.60052169613233652 0.63749999999999996
      vertex 0.24874423103730797 -0.60052169613233652 0.74375000000000002
    endloop
  endfacet
  facet normal 0.32143946530316131 -0.94693012949510569 0
    outer loop
      vertex 0.1682323793166382 -0.62785178708789446 0.63749999999999996
      vertex 0.24874423103730797 -0.60052169613233652 0.74375000000000002
      vertex 0.1682323793166382 -0.62785178708789446 0.74375000000000002
    endloop
  endfacet
  facet normal 0.44228869021900113 -0.89687274153268837 0
    outer loop
      vertex 0.24874423103730797 -0.60052169613233652 0.63749999999999996
      vertex 0.32500000000000007 -0.56291651245988505 0.63749999999999996
      vertex 0.32500000000000007 -0.56291651245988505 0.74375000000000002
    endloop
  endfacet
  facet normal 0.44228869021900113 -0.89687274153268837 0
    outer loop
      vertex 0.24874423103730797 -0.60052169613233652 0.63749999999999996
      vertex 0.32500000000000007 -0.56291651245988505 0.74375000000000002
      vertex 0.24874423103730797 -0.60052169613233652 0.74375000000000002
    endloop
  endfacet
  facet normal 0.5555702330196014 -0.83146961230254568 0
    outer loop
      vertex 0.32500000000000007 -0.56291651245988505 0.63749999999999996
      vertex 0.39569492885566793 -0.51567967118930325 0.63749999999999996
      vertex 0.39569492885566793 -0.51567967118930325 0.74375000000000002
    endloop
  endfacet
  facet normal 0.5555702330196014 -0.83146961230254568 0
    outer loop
      vertex 0.32500000000000007 -0.56291651245988505 0.63749999999999996
      vertex 0.39569492885566793 -0.51567967118930325 0.74375000000000002
      vertex 0.32500000000000007 -0.56291651245988505 0.74375000000000002
    endloop
  endfacet
  facet normal 0.65934581510006851 -0.75183980747897783 0
    outer loop
      vertex 0.39569492885566793 -0.51567967118930325 0.63749999999999996
      vertex 0.45961940777125582 -0.45961940777125598 0.63749999999999996
      vertex 0.45961940777125582 -0.45961940777125598 0.74375000000000002
    endloop
  endfacet
  facet normal 0.65934581510006851 -0.75183980747897783 0
    outer loop
      vertex 0.39569492885566793 -0.51567967118930325 0.63749999999999996
      vertex 0.45961940777125582 -0.45961940777125598 0.74375000000000002
      vertex 0.39569492885566793 -0.51567967118930325 0.74375000000000002
    endloop
  endfacet
  facet normal 0.75183980747897727 -0.65934581510006907 0
    outer loop
      vertex 0.45961940777125582 -0.45961940777125598 0.63749999999999996
      vertex 0.51567967118930269 -0.39569492885566865 0.63749999999999996
      vertex 0.51567967118930269 -0.39569492885566865 0.74375000000000002
    endloop
  endfacet
  facet normal 0.75183980747897727 -0.65934581510006907 0
    outer loop
      vertex 0.45961940777125582 -0.45961940777125598 0.63749999999999996
      vertex 0.51567967118930269 -0.39569492885566865 0.74375000000000002
      vertex 0.45961940777125582 -0.45961940777125598 0.74375000000000002
    endloop
  endfacet
  facet normal 0.83146961230254512 -0.55557023301960251 0
    outer loop
      vertex 0.51567967118930269 -0.39569492885566865 0.63749999999999996
      vertex 0.56291651245988494 -0.32500000000000029 0.63749999999999996
      vertex 0.56291651245988494 -0.32500000000000029 0.74375000000000002
    endloop
  endfacet
  facet normal 0.83146961230254512 -0.55557023301960251 0
    outer loop
      vertex 0.51567967118930269 -0.39569492885566865 0.63749999999999996
      vertex 0.56291651245988494 -0.32500000000000029 0.74375000000000002
      vertex 0.51567967118930269 -0.39569492885566865 0.74375000000000002
    endloop
  endfacet
  facet normal 0.89687274153268781 -0.4422886902190023 0
    outer loop
      vertex 0.56291651245988494 -0.32500000000000029 0.63749999999999996
      vertex 0.60052169613233652 -0.24874423103730822 0.63749999999999996
      vertex 0.60052169613233652 -0.24874423103730822 0.74375000000000002
    endloop
  endfacet
  facet normal 0.89687274153268781 -0.4422886902190023 0
    outer loop
      vertex 0.56291651245988494 -0.32500000000000029 0.63749999999999996
      vertex 0.60052169613233652 -0.24874423103730822 0.74375000000000002
      vertex 0.56291651245988494 -0.32500000000000029 0.74375000000000002
    endloop
  endfacet
  facet normal 0.94693012949510591 -0.32143946530316109 0
    outer loop
      vertex 0.60052169613233652 -0.24874423103730822 0.63749999999999996
      vertex 0.62785178708789424 -0.16823237931663904 0.63749999999999996
      vertex 0.62785178708789424 -0.16823237931663904 0.74375000000000002
    endloop
  endfacet
  facet normal 0.94693012949510591 -0.32143946530316109 0
    outer loop
      vertex 0.60052169613233652 -0.24874423103730822 0.63749999999999996
      vertex 0.62785178708789424 -0.16823237931663904 0.74375000000000002
      vertex 0.60052169613233652 -0.24874423103730822 0.74375000000000002
    endloop
  endfacet
  facet normal 0.98078528040323032 -0.19509032201612839 0
    outer loop
      vertex 0.62785178708789424 -0.16823237931663904 0.63749999999999996
      vertex 0.64443915989297673 -0.084842024943033598 0.63749999999999996
      vertex 0.64443915989297673 -0.084842024943033598 0.74375000000000002
    endloop
  endfacet
  facet normal 0.98078528040323032 -0.19509032201612839 0
    outer loop
      vertex 0.62785178708789424 -0.16823237931663904 0.63749999999999996
      vertex 0.64443915989297673 -0.084842024943033598 0.74375000000000002
      vertex 0.62785178708789424 -0.16823237931663904 0.74375000000000002
    endloop
  endfacet
  facet normal 0.99785892323860348 -0.065403129230143686 0
    outer loop
      vertex 0.64443915989297673 -0.084842024943033598 0.63749999999999996
      vertex 0.65000000000000002 0 0.63749999999999996
      vertex 0.65000000000000002 0 0.74375000000000002
    endloop
  endfacet
  facet normal 0.99785892323860348 -0.065403129230143686 0
    outer loop
      vertex 0.64443915989297673 -0.084842024943033598 0.63749999999999996
      vertex 0.65000000000000002 0 0.74375000000000002
      vertex 0.64443915989297673 -0.084842024943033598 0.74375000000000002
    endloop
  endfacet
  facet normal 0.99785892323860337 0.065403129230143742 0
    outer loop
      vertex 0.65000000000000002 0 0.74375000000000002
      vertex 0.64443915989297673 0.084842024943033528 0.74375000000000002
      vertex 0.64443915989297673 0.084842024943033528 0.84999999999999998
    endloop
  endfacet
  facet normal 0.99785892323860337 0.065403129230143742 -0
    outer loop
      vertex 0.65000000000000002 0 0.74375000000000002
      vertex 0.64443915989297673 0.084842024943033528 0.84999999999999998
      vertex 0.65000000000000002 0 0.84999999999999998
    endloop
  endfacet
  facet normal 0.98078528040323076 0.195090322016127 0
    outer loop
      vertex 0.64443915989297673 0.084842024943033528 0.74375000000000002
      vertex 0.62785178708789446 0.16823237931663848 0.74375000000000002
      vertex 0.62785178708789446 0.16823237931663848 0.84999999999999998
    endloop
  endfacet
  facet normal 0.98078528040323076 0.195090322016127 -0
    outer loop
      vertex 0.64443915989297673 0.084842024943033528 0.74375000000000002
      vertex 0.62785178708789446 0.16823237931663848 0.84999999999999998
      vertex 0.64443915989297673 0.084842024943033528 0.84999999999999998
    endloop
  endfacet
  facet normal 0.94693012949510535 0.32143946530316203 0
    outer loop
      vertex 0.62785178708789446 0.16823237931663848 0.74375000000000002
      vertex 0.60052169613233641 0.24874423103730836 0.74375000000000002
      vertex 0.60052169613233641 0.24874423103730836 0.84999999999999998
    endloop
  endfacet
  facet normal 0.94693012949510535 0.32143946530316203 -0
    outer loop
      vertex 0.62785178708789446 0.16823237931663848 0.74375000000000002
      vertex 0.60052169613233641 0.24874423103730836 0.84999999999999998
      vertex 0.62785178708789446 0.16823237931663848 0.84999999999999998
    endloop
  endfacet
  facet normal 0.89687274153268826 0.4422886902190013 0
    outer loop
      vertex 0.60052169613233641 0.24874423103730836 0.74375000000000002
      vertex 0.56291651245988517 0.32499999999999996 0.74375000000000002
      vertex 0.56291651245988517 0.32499999999999996 0.84999999999999998
    endloop
  endfacet
  facet normal 0.89687274153268826 0.4422886902190013 -0
    outer loop
      vertex 0.60052169613233641 0.24874423103730836 0.74375000000000002
      vertex 0.56291651245988517 0.32499999999999996 0.84999999999999998
      vertex 0.60052169613233641 0.24874423103730836 0.84999999999999998
    endloop
  endfacet
  facet normal 0.83146961230254557 0.55557023301960184 0
    outer loop
      vertex 0.56291651245988517 0.32499999999999996 0.74375000000000002
      vertex 0.51567967118930291 0.39569492885566843 0.74375000000000002
      vertex 0.51567967118930291 0.39569492885566843 0.84999999999999998
    endloop
  endfacet
  facet normal 0.83146961230254557 0.55557023301960184 -0
    outer loop
      vertex 0.56291651245988517 0.32499999999999996 0.74375000000000002
      vertex 0.51567967118930291 0.39569492885566843 0.84999999999999998
      vertex 0.56291651245988517 0.32499999999999996 0.84999999999999998
    endloop
  endfacet
  facet normal 0.75183980747897738 0.65934581510006884 0
    outer loop
      vertex 0.51567967118930291 0.39569492885566843 0.74375000000000002
      vertex 0.45961940777125593 0.45961940777125593 0.74375000000000002
      vertex 0.45961940777125593 0.45961940777125593 0.84999999999999998
    endloop
  endfacet
  facet normal 0.75183980747897738 0.65934581510006884 -0
    outer loop
      vertex 0.51567967118930291 0.39569492885566843 0.74375000000000002
      vertex 0.45961940777125593 0.45961940777125593 0.84999999999999998
      vertex 0.51567967118930291 0.39569492885566843 0.84999999999999998
    endloop
  endfacet
  facet normal 0.65934581510006884 0.75183980747897738 0
    outer loop
      vertex 0.45961940777125593 0.45961940777125593 0.74375000000000002
      vertex 0.39569492885566843 0.51567967118930291 0.74375000000000002
      vertex 0.39569492885566843 0.51567967118930291 0.84999999999999998
    endloop
  endfacet
  facet normal 0.65934581510006884 0.75183980747897738 -0
    outer loop
      vertex 0.45961940777125593 0.45961940777125593 0.74375000000000002
      vertex 0.39569492885566843 0.51567967118930291 0.84999999999999998
      vertex 0.45961940777125593 0.45961940777125593 0.84999999999999998
    endloop
  endfacet
  facet normal 0.55557023301960151 0.83146961230254568 0
    outer loop
      vertex 0.39569492885566843 0.51567967118930291 0.74375000000000002
      vertex 0.32500000000000007 0.56291651245988505 0.74375000000000002
      vertex 0.32500000000000007 0.56291651245988505 0.84999999999999998
    endloop
  endfacet
  facet normal 0.55557023301960151 0.83146961230254568 -0
    outer loop
      vertex 0.39569492885566843 0.51567967118930291 0.74375000000000002
      vertex 0.32500000000000007 0.56291651245988505 0.84999999999999998
      vertex 0.39569492885566843 0.51567967118930291 0.84999999999999998
    endloop
  endfacet
  facet normal 0.44228869021900213 0.89687274153268792 0
    outer loop
      vertex 0.32500000000000007 0.56291651245988505 0.74375000000000002
      vertex 0.24874423103730842 0.60052169613233641 0.74375000000000002
      vertex 0.24874423103730842 0.60052169613233641 0.84999999999999998
    endloop
  endfacet
  facet normal 0.44228869021900213 0.89687274153268792 -0
    outer loop
      vertex 0.32500000000000007 0.56291651245988505 0.74375000000000002
      vertex 0.24874423103730842 0.60052169613233641 0.84999999999999998
      vertex 0.32500000000000007 0.56291651245988505 0.84999999999999998
    endloop
  endfacet
  facet normal 0.32143946530316192 0.94693012949510558 0
    outer loop
      vertex 0.24874423103730842 0.60052169613233641 0.74375000000000002
      vertex 0.16823237931663848 0.62785178708789446 0.74375000000000002
      vertex 0.16823237931663848 0.62785178708789446 0.84999999999999998
    endloop
  endfacet
  facet normal 0.32143946530316192 0.94693012949510558 -0
    outer loop
      vertex 0.24874423103730842 0.60052169613233641 0.74375000000000002
      vertex 0.16823237931663848 0.62785178708789446 0.84999999999999998
      vertex 0.24874423103730842 0.60052169613233641 0.84999999999999998
    endloop
  endfacet
  facet normal 0.19509032201612719 0.98078528040323076 0
    outer loop
      vertex 0.16823237931663848 0.62785178708789446 0.74375000000000002
      vertex 0.084842024943033612 0.64443915989297673 0.74375000000000002
      vertex 0.084842024943033612 0.64443915989297673 0.84999999999999998
    endloop
  endfacet
  facet normal 0.19509032201612719 0.98078528040323076 -0
    outer loop
      vertex 0.16823237931663848 0.62785178708789446 0.74375000000000002
      vertex 0.084842024943033612 0.64443915989297673 0.84999999999999998
      vertex 0.16823237931663848 0.62785178708789446 0.84999999999999998
    endloop
  endfacet
  facet normal 0.065403129230143714 0.99785892323860337 0
    outer loop
      vertex 0.084842024943033612 0.64443915989297673 0.74375000000000002
      vertex 3.9801020972288984e-17 0.65000000000000002 0.74375000000000002
      vertex 3.9801020972288984e-17 0.65000000000000002 0.84999999999999998
    endloop
  endfacet
  facet normal 0.065403129230143714 0.99785892323860337 -0
    outer loop
      vertex 0.084842024943033612 0.64443915989297673 0.74375000000000002
      vertex 3.9801020972288984e-17 0.65000000000000002 0.84999999999999998
      vertex 0.084842024943033612 0.64443915989297673 0.84999999999999998
    endloop
  endfacet
  facet normal -0.065403129230143714 0.99785892323860337 0
    outer loop
      vertex 3.9801020972288984e-17 0.65000000000000002 0.74375000000000002
      vertex -0.084842024943033542 0.64443915989297673 0.74375000000000002
      vertex -0.084842024943033542 0.64443915989297673 0.84999999999999998
    endloop
  endfacet
  facet normal -0.065403129230143714 0.99785892323860337 0
    outer loop
      vertex 3.9801020972288984e-17 0.65000000000000002 0.74375000000000002
      vertex -0.084842024943033542 0.64443915989297673 0.84999999999999998
      vertex 3.9801020972288984e-17 0.65000000000000002 0.84999999999999998
    endloop
  endfacet
  facet normal -0.19509032201612717 0.98078528040323076 0
    outer loop
      vertex -0.084842024943033542 0.64443915989297673 0.74375000000000002
      vertex -0.16823237931663843 0.62785178708789446 0.74375000000000002
      vertex -0.16823237931663843 0.62785178708789446 0.84999999999999998
    endloop
  endfacet
  facet normal -0.19509032201612717 0.98078528040323076 0
    outer loop
      vertex -0.084842024943033542 0.64443915989297673 0.74375000000000002
      vertex -0.16823237931663843 0.62785178708789446 0.84999999999999998
      vertex -0.084842024943033542 0.64443915989297673 0.84999999999999998
    endloop
  endfacet
  facet normal -0.32143946530316131 0.94693012949510569 0
    outer loop
      vertex -0.16823237931663843 0.62785178708789446 0.74375000000000002
      vertex -0.24874423103730819 0.60052169613233652 0.74375000000000002
      vertex -0.24874423103730819 0.60052169613233652 0.84999999999999998
    endloop
  endfacet
  facet normal -0.32143946530316131 0.94693012949510569 0
    outer loop
      vertex -0.16823237931663843 0.62785178708789446 0.74375000000000002
      vertex -0.24874423103730819 0.60052169613233652 0.84999999999999998
      vertex -0.16823237931663843 0.62785178708789446 0.84999999999999998
    endloop
  endfacet
  facet normal -0.44228869021900213 0.89687274153268792 0
    outer loop
      vertex -0.24874423103730819 0.60052169613233652 0.74375000000000002
      vertex -0.32499999999999984 0.56291651245988517 0.74375000000000002
      vertex -0.32499999999999984 0.56291651245988517 0.84999999999999998
    endloop
  endfacet
  facet normal -0.44228869021900213 0.89687274153268792 0
    outer loop
      vertex -0.24874423103730819 0.60052169613233652 0.74375000000000002
      vertex -0.32499999999999984 0.56291651245988517 0.84999999999999998
      vertex -0.24874423103730819 0.60052169613233652 0.84999999999999998
    endloop
  endfacet
  facet normal -0.55557023301960129 0.8314696123025459 0
    outer loop
      vertex -0.32499999999999984 0.56291651245988517 0.74375000000000002
      vertex -0.39569492885566843 0.51567967118930291 0.74375000000000002
      vertex -0.39569492885566843 0.51567967118930291 0.84999999999999998
    endloop
  endfacet
  facet normal -0.55557023301960129 0.8314696123025459 0
    outer loop
      vertex -0.32499999999999984 0.56291651245988517 0.74375000000000002
      vertex -0.39569492885566843 0.51567967118930291 0.84999999999999998
      vertex -0.32499999999999984 0.56291651245988517 0.84999999999999998
    endloop
  endfacet
  facet normal -0.65934581510006907 0.75183980747897705 0
    outer loop
      vertex -0.39569492885566843 0.51567967118930291 0.74375000000000002
      vertex -0.45961940777125587 0.45961940777125593 0.74375000000000002
      vertex -0.45961940777125587 0.45961940777125593 0.84999999999999998
    endloop
  endfacet
  facet normal -0.65934581510006907 0.75183980747897705 0
    outer loop
      vertex -0.39569492885566843 0.51567967118930291 0.74375000000000002
      vertex -0.45961940777125587 0.45961940777125593 0.84999999999999998
      vertex -0.39569492885566843 0.51567967118930291 0.84999999999999998
    endloop
  endfacet
  facet normal -0.75183980747897694 0.65934581510006951 0
    outer loop
      vertex -0.45961940777125587 0.45961940777125593 0.74375000000000002
      vertex -0.5156796711893028 0.39569492885566859 0.74375000000000002
      vertex -0.5156796711893028 0.39569492885566859 0.84999999999999998
    endloop
  endfacet
  facet normal -0.75183980747897694 0.65934581510006951 0
    outer loop
      vertex -0.45961940777125587 0.45961940777125593 0.74375000000000002
      vertex -0.5156796711893028 0.39569492885566859 0.84999999999999998
      vertex -0.45961940777125587 0.45961940777125593 0.84999999999999998
    endloop
  endfacet
  facet normal -0.83146961230254557 0.55557023301960184 0
    outer loop
      vertex -0.5156796711893028 0.39569492885566859 0.74375000000000002
      vertex -0.56291651245988517 0.32499999999999996 0.74375000000000002
      vertex -0.56291651245988517 0.32499999999999996 0.84999999999999998
    endloop
  endfacet
  facet normal -0.83146961230254557 0.55557023301960184 0
    outer loop
      vertex -0.5156796711893028 0.39569492885566859 0.74375000000000002
      vertex -0.56291651245988517 0.32499999999999996 0.84999999999999998
      vertex -0.5156796711893028 0.39569492885566859 0.84999999999999998
    endloop
  endfacet
  facet normal -0.89687274153268814 0.44228869021900169 0
    outer loop
      vertex -0.56291651245988517 0.32499999999999996 0.74375000000000002
      vertex -0.60052169613233641 0.24874423103730844 0.74375000000000002
      vertex -0.60052169613233641 0.24874423103730844 0.84999999999999998
    endloop
  endfacet
  facet normal -0.89687274153268814 0.44228869021900169 0
    outer loop
      vertex -0.56291651245988517 0.32499999999999996 0.74375000000000002
      vertex -0.60052169613233641 0.24874423103730844 0.84999999999999998
      vertex -0.56291651245988517 0.32499999999999996 0.84999999999999998
    endloop
  endfacet
  facet normal -0.94693012949510569 0.32143946530316131 0
    outer loop
      vertex -0.60052169613233641 0.24874423103730844 0.74375000000000002
      vertex -0.62785178708789435 0.16823237931663867 0.74375000000000002
      vertex -0.62785178708789435 0.16823237931663867 0.84999999999999998
    endloop
  endfacet
  facet normal -0.94693012949510569 0.32143946530316131 0
    outer loop
      vertex -0.60052169613233641 0.24874423103730844 0.74375000000000002
      vertex -0.62785178708789435 0.16823237931663867 0.84999999999999998
      vertex -0.60052169613233641 0.24874423103730844 0.84999999999999998
    endloop
  endfacet
  facet normal -0.98078528040323054 0.19509032201612841 0
    outer loop
      vertex -0.62785178708789435 0.16823237931663867 0.74375000000000002
      vertex -0.64443915989297673 0.084842024943033792 0.74375000000000002
      vertex -0.64443915989297673 0.084842024943033792 0.84999999999999998
    endloop
  endfacet
  facet normal -0.98078528040323054 0.19509032201612841 0
    outer loop
      vertex -0.62785178708789435 0.16823237931663867 0.74375000000000002
      vertex -0.64443915989297673 0.084842024943033792 0.84999999999999998
      vertex -0.62785178708789435 0.16823237931663867 0.84999999999999998
    endloop
  endfacet
  facet normal -0.99785892323860359 0.065403129230143617 0
    outer loop
      vertex -0.64443915989297673 0.084842024943033792 0.74375000000000002
      vertex -0.65000000000000002 7.9602041944577967e-17 0.74375000000000002
      vertex -0.65000000000000002 7.9602041944577967e-17 0.84999999999999998
    endloop
  endfacet
  facet normal -0.99785892323860359 0.065403129230143617 0
    outer loop
      vertex -0.64443915989297673 0.084842024943033792 0.74375000000000002
      vertex -0.65000000000000002 7.9602041944577967e-17 0.84999999999999998
      vertex -0.64443915989297673 0.084842024943033792 0.84999999999999998
    endloop
  endfacet
  facet normal -0.99785892323860348 -0.065403129230143575 0
    outer loop
      vertex -0.65000000000000002 7.9602041944577967e-17 0.74375000000000002
      vertex -0.64443915989297673 -0.084842024943033653 0.74375000000000002
      vertex -0.64443915989297673 -0.084842024943033653 0.84999999999999998
    endloop
  endfacet
  facet normal -0.99785892323860348 -0.065403129230143575 0
    outer loop
      vertex -0.65000000000000002 7.9602041944577967e-17 0.74375000000000002
      vertex -0.64443915989297673 -0.084842024943033653 0.84999999999999998
      vertex -0.65000000000000002 7.9602041944577967e-17 0.84999999999999998
    endloop
  endfacet
  facet normal -0.98078528040323076 -0.19509032201612717 0
    outer loop
      vertex -0.64443915989297673 -0.084842024943033653 0.74375000000000002
      vertex -0.62785178708789446 -0.16823237931663854 0.74375000000000002
      vertex -0.62785178708789446 -0.16823237931663854 0.84999999999999998
    endloop
  endfacet
  facet normal -0.98078528040323076 -0.19509032201612717 0
    outer loop
      vertex -0.64443915989297673 -0.084842024943033653 0.74375000000000002
      vertex -0.62785178708789446 -0.16823237931663854 0.84999999999999998
      vertex -0.64443915989297673 -0.084842024943033653 0.84999999999999998
    endloop
  endfacet
  facet normal -0.94693012949510569 -0.32143946530316131 0
    outer loop
      vertex -0.62785178708789446 -0.16823237931663854 0.74375000000000002
      vertex -0.60052169613233652 -0.24874423103730831 0.74375000000000002
      vertex -0.60052169613233652 -0.24874423103730831 0.84999999999999998
    endloop
  endfacet
  facet normal -0.94693012949510569 -0.32143946530316131 0
    outer loop
      vertex -0.62785178708789446 -0.16823237931663854 0.74375000000000002
      vertex -0.60052169613233652 -0.24874423103730831 0.84999999999999998
      vertex -0.62785178708789446 -0.16823237931663854 0.84999999999999998
    endloop
  endfacet
  facet normal -0.89687274153268814 -0.44228869021900163 0
    outer loop
      vertex -0.60052169613233652 -0.24874423103730831 0.74375000000000002
      vertex -0.56291651245988528 -0.32499999999999984 0.74375000000000002
      vertex -0.56291651245988528 -0.32499999999999984 0.84999999999999998
    endloop
  endfacet
  facet normal -0.89687274153268814 -0.44228869021900163 0
    outer loop
      vertex -0.60052169613233652 -0.24874423103730831 0.74375000000000002
      vertex -0.56291651245988528 -0.32499999999999984 0.84999999999999998
      vertex -0.60052169613233652 -0.24874423103730831 0.84999999999999998
    endloop
  endfacet
  facet normal -0.83146961230254535 -0.55557023301960218 0
    outer loop
      vertex -0.56291651245988528 -0.32499999999999984 0.74375000000000002
      vertex -0.51567967118930291 -0.39569492885566843 0.74375000000000002
      vertex -0.51567967118930291 -0.39569492885566843 0.84999999999999998
    endloop
  endfacet
  facet normal -0.83146961230254535 -0.55557023301960218 0
    outer loop
      vertex -0.56291651245988528 -0.32499999999999984 0.74375000000000002
      vertex -0.51567967118930291 -0.39569492885566843 0.84999999999999998
      vertex -0.56291651245988528 -0.32499999999999984 0.84999999999999998
    endloop
  endfacet
  facet normal -0.75183980747897727 -0.65934581510006895 0
    outer loop
      vertex -0.51567967118930291 -0.39569492885566843 0.74375000000000002
      vertex -0.45961940777125615 -0.45961940777125565 0.74375000000000002
      vertex -0.45961940777125615 -0.45961940777125565 0.84999999999999998
    endloop
  endfacet
  facet normal -0.75183980747897727 -0.65934581510006895 0
    outer loop
      vertex -0.51567967118930291 -0.39569492885566843 0.74375000000000002
      vertex -0.45961940777125615 -0.45961940777125565 0.84999999999999998
      vertex -0.51567967118930291 -0.39569492885566843 0.84999999999999998
    endloop
  endfacet
  facet normal -0.65934581510006884 -0.75183980747897727 0
    outer loop
      vertex -0.45961940777125615 -0.45961940777125565 0.74375000000000002
      vertex -0.39569492885566859 -0.51567967118930269 0.74375000000000002
      vertex -0.39569492885566859 -0.51567967118930269 0.84999999999999998
    endloop
  endfacet
  facet normal -0.65934581510006884 -0.75183980747897727 0
    outer loop
      vertex -0.45961940777125615 -0.45961940777125565 0.74375000000000002
      vertex -0.39569492885566859 -0.51567967118930269 0.84999999999999998
      vertex -0.45961940777125615 -0.45961940777125565 0.84999999999999998
    endloop
  endfacet
  facet normal -0.55557023301960362 -0.83146961230254424 0
    outer loop
      vertex -0.39569492885566859 -0.51567967118930269 0.74375000000000002
      vertex -0.32500000000000029 -0.56291651245988505 0.74375000000000002
      vertex -0.32500000000000029 -0.56291651245988505 0.84999999999999998
    endloop
  endfacet
  facet normal -0.55557023301960362 -0.83146961230254424 0
    outer loop
      vertex -0.39569492885566859 -0.51567967118930269 0.74375000000000002
      vertex -0.32500000000000029 -0.56291651245988505 0.84999999999999998
      vertex -0.39569492885566859 -0.51567967118930269 0.84999999999999998
    endloop
  endfacet
  facet normal -0.44228869021900108 -0.89687274153268826 0
    outer loop
      vertex -0.32500000000000029 -0.56291651245988505 0.74375000000000002
      vertex -0.24874423103730819 -0.60052169613233652 0.74375000000000002
      vertex -0.24874423103730819 -0.60052169613233652 0.84999999999999998
    endloop
  endfacet
  facet normal -0.44228869021900108 -0.89687274153268826 0
    outer loop
      vertex -0.32500000000000029 -0.56291651245988505 0.74375000000000002
      vertex -0.24874423103730819 -0.60052169613233652 0.84999999999999998
      vertex -0.32500000000000029 -0.56291651245988505 0.84999999999999998
    endloop
  endfacet
  facet normal -0.32143946530316131 -0.94693012949510569 0
    outer loop
      vertex -0.24874423103730819 -0.60052169613233652 0.74375000000000002
      vertex -0.16823237931663843 -0.62785178708789446 0.74375000000000002
      vertex -0.16823237931663843 -0.62785178708789446 0.84999999999999998
    endloop
  endfacet
  facet normal -0.32143946530316131 -0.94693012949510569 0
    outer loop
      vertex -0.24874423103730819 -0.60052169613233652 0.74375000000000002
      vertex -0.16823237931663843 -0.62785178708789446 0.84999999999999998
      vertex -0.24874423103730819 -0.60052169613233652 0.84999999999999998
    endloop
  endfacet
  facet normal -0.19509032201612719 -0.98078528040323076 0
    outer loop
      vertex -0.16823237931663843 -0.62785178708789446 0.74375000000000002
      vertex -0.084842024943033556 -0.64443915989297673 0.74375000000000002
      vertex -0.084842024943033556 -0.64443915989297673 0.84999999999999998
    endloop
  endfacet
  facet normal -0.19509032201612719 -0.98078528040323076 0
    outer loop
      vertex -0.16823237931663843 -0.62785178708789446 0.74375000000000002
      vertex -0.084842024943033556 -0.64443915989297673 0.84999999999999998
      vertex -0.16823237931663843 -0.62785178708789446 0.84999999999999998
    endloop
  endfacet
  facet normal -0.065403129230143825 -0.99785892323860337 0
    outer loop
      vertex -0.084842024943033556 -0.64443915989297673 0.74375000000000002
      vertex -1.1940306291686693e-16 -0.65000000000000002 0.74375000000000002
      vertex -1.1940306291686693e-16 -0.65000000000000002 0.84999999999999998
    endloop
  endfacet
  facet normal -0.065403129230143825 -0.99785892323860337 0
    outer loop
      vertex -0.084842024943033556 -0.64443915989297673 0.74375000000000002
      vertex -1.1940306291686693e-16 -0.65000000000000002 0.84999999999999998
      vertex -0.084842024943033556 -0.64443915989297673 0.84999999999999998
    endloop
  endfacet
  facet normal 0.065403129230142493 -0.99785892323860359 0
    outer loop
      vertex -1.1940306291686693e-16 -0.65000000000000002 0.74375000000000002
      vertex 0.084842024943033334 -0.64443915989297684 0.74375000000000002
      vertex 0.084842024943033334 -0.64443915989297684 0.84999999999999998
    endloop
  endfacet
  facet normal 0.065403129230142493 -0.99785892323860359 0
    outer loop
      vertex -1.1940306291686693e-16 -0.65000000000000002 0.74375000000000002
      vertex 0.084842024943033334 -0.64443915989297684 0.84999999999999998
      vertex -1.1940306291686693e-16 -0.65000000000000002 0.84999999999999998
    endloop
  endfacet
  facet normal 0.19509032201612847 -0.98078528040323054 0
    outer loop
      vertex 0.084842024943033334 -0.64443915989297684 0.74375000000000002
      vertex 0.1682323793166382 -0.62785178708789446 0.74375000000000002
      vertex 0.1682323793166382 -0.62785178708789446 0.84999999999999998
    endloop
  endfacet
  facet normal 0.19509032201612847 -0.98078528040323054 0
    outer loop
      vertex 0.084842024943033334 -0.64443915989297684 0.74375000000000002
      vertex 0.1682323793166382 -0.62785178708789446 0.84999999999999998
      vertex 0.084842024943033334 -0.64443915989297684 0.84999999999999998
    endloop
  endfacet
  facet normal 0.32143946530316131 -0.94693012949510569 0
    outer loop
      vertex 0.1682323793166382 -0.62785178708789446 0.74375000000000002
      vertex 0.24874423103730797 -0.60052169613233652 0.74375000000000002
      vertex 0.24874423103730797 -0.60052169613233652 0.84999999999999998
    endloop
  endfacet
  facet normal 0.32143946530316131 -0.94693012949510569 0
    outer loop
      vertex 0.1682323793166382 -0.62785178708789446 0.74375000000000002
      vertex 0.24874423103730797 -0.60052169613233652 0.84999999999999998
      vertex 0.1682323793166382 -0.62785178708789446 0.84999999999999998
    endloop
  endfacet
  facet normal 0.44228869021900108 -0.89687274153268826 0
    outer loop
      vertex 0.24874423103730797 -0.60052169613233652 0.74375000000000002
      vertex 0.32500000000000007 -0.56291651245988505 0.74375000000000002
      vertex 0.32500000000000007 -0.56291651245988505 0.84999999999999998
    endloop
  endfacet
  facet normal 0.44228869021900108 -0.89687274153268826 0
    outer loop
      vertex 0.24874423103730797 -0.60052169613233652 0.74375000000000002
      vertex 0.32500000000000007 -0.56291651245988505 0.84999999999999998
      vertex 0.24874423103730797 -0.60052169613233652 0.84999999999999998
    endloop
  endfacet
  facet normal 0.55557023301960151 -0.83146961230254568 0
    outer loop
      vertex 0.32500000000000007 -0.56291651245988505 0.74375000000000002
      vertex 0.39569492885566793 -0.51567967118930325 0.74375000000000002
      vertex 0.39569492885566793 -0.51567967118930325 0.84999999999999998
    endloop
  endfacet
  facet normal 0.55557023301960151 -0.83146961230254568 0
    outer loop
      vertex 0.32500000000000007 -0.56291651245988505 0.74375000000000002
      vertex 0.39569492885566793 -0.51567967118930325 0.84999999999999998
      vertex 0.32500000000000007 -0.56291651245988505 0.84999999999999998
    endloop
  endfacet
  facet normal 0.65934581510006851 -0.75183980747897783 0
    outer loop
      vertex 0.39569492885566793 -0.51567967118930325 0.74375000000000002
      vertex 0.45961940777125582 -0.45961940777125598 0.74375000000000002
      vertex 0.45961940777125582 -0.45961940777125598 0.84999999999999998
    endloop
  endfacet
  facet normal 0.65934581510006851 -0.75183980747897783 0
    outer loop
      vertex 0.39569492885566793 -0.51567967118930325 0.74375000000000002
      vertex 0.45961940777125582 -0.45961940777125598 0.84999999999999998
      vertex 0.39569492885566793 -0.51567967118930325 0.84999999999999998
    endloop
  endfacet
  facet normal 0.75183980747897716 -0.65934581510006907 0
    outer loop
      vertex 0.45961940777125582 -0.45961940777125598 0.74375000000000002
      vertex 0.51567967118930269 -0.39569492885566865 0.74375000000000002
      vertex 0.51567967118930269 -0.39569492885566865 0.84999999999999998
    endloop
  endfacet
  facet normal 0.75183980747897716 -0.65934581510006907 0
    outer loop
      vertex 0.45961940777125582 -0.45961940777125598 0.74375000000000002
      vertex 0.51567967118930269 -0.39569492885566865 0.84999999999999998
      vertex 0.45961940777125582 -0.45961940777125598 0.84999999999999998
    endloop
  endfacet
  facet normal 0.83146961230254501 -0.5555702330196024 0
    outer loop
      vertex 0.51567967118930269 -0.39569492885566865 0.74375000000000002
      vertex 0.56291651245988494 -0.32500000000000029 0.74375000000000002
      vertex 0.56291651245988494 -0.32500000000000029 0.84999999999999998
    endloop
  endfacet
  facet normal 0.83146961230254501 -0.5555702330196024 0
    outer loop
      vertex 0.51567967118930269 -0.39569492885566865 0.74375000000000002
      vertex 0.56291651245988494 -0.32500000000000029 0.84999999999999998
      vertex 0.51567967118930269 -0.39569492885566865 0.84999999999999998
    endloop
  endfacet
  facet normal 0.89687274153268781 -0.44228869021900213 0
    outer loop
      vertex 0.56291651245988494 -0.32500000000000029 0.74375000000000002
      vertex 0.60052169613233652 -0.24874423103730822 0.74375000000000002
      vertex 0.60052169613233652 -0.24874423103730822 0.84999999999999998
    endloop
  endfacet
  facet normal 0.89687274153268781 -0.44228869021900213 0
    outer loop
      vertex 0.56291651245988494 -0.32500000000000029 0.74375000000000002
      vertex 0.60052169613233652 -0.24874423103730822 0.84999999999999998
      vertex 0.56291651245988494 -0.32500000000000029 0.84999999999999998
    endloop
  endfacet
  facet normal 0.94693012949510591 -0.32143946530316109 0
    outer loop
      vertex 0.60052169613233652 -0.24874423103730822 0.74375000000000002
      vertex 0.62785178708789424 -0.16823237931663904 0.74375000000000002
      vertex 0.62785178708789424 -0.16823237931663904 0.84999999999999998
    endloop
  endfacet
  facet normal 0.94693012949510591 -0.32143946530316109 0
    outer loop
      vertex 0.60052169613233652 -0.24874423103730822 0.74375000000000002
      vertex 0.62785178708789424 -0.16823237931663904 0.84999999999999998
      vertex 0.60052169613233652 -0.24874423103730822 0.84999999999999998
    endloop
  endfacet
  facet normal 0.98078528040323043 -0.19509032201612844 0
    outer loop
      vertex 0.62785178708789424 -0.16823237931663904 0.74375000000000002
      vertex 0.64443915989297673 -0.084842024943033598 0.74375000000000002
      vertex 0.64443915989297673 -0.084842024943033598 0.84999999999999998
    endloop
  endfacet
  facet normal 0.98078528040323043 -0.19509032201612844 0
    outer loop
      vertex 0.62785178708789424 -0.16823237931663904 0.74375000000000002
      vertex 0.64443915989297673 -0.084842024943033598 0.84999999999999998
      vertex 0.62785178708789424 -0.16823237931663904 0.84999999999999998
    endloop
  endfacet
  facet normal 0.99785892323860337 -0.0654031292301437 0
    outer loop
      vertex 0.64443915989297673 -0.084842024943033598 0.74375000000000002
      vertex 0.65000000000000002 0 0.74375000000000002
      vertex 0.65000000000000002 0 0.84999999999999998
    endloop
  endfacet
  facet normal 0.99785892323860337 -0.0654031292301437 0
    outer loop
      vertex 0.64443915989297673 -0.084842024943033598 0.74375000000000002
      vertex 0.65000000000000002 0 0.84999999999999998
      vertex 0.64443915989297673 -0.084842024943033598 0.84999999999999998
    endloop
  endfacet
  facet normal 0 0 -1
    outer loop
      vertex 0 0 -0.84999999999999998
      vertex 0.64443915989297673 0.084842024943033528 -0.84999999999999998
      vertex 0.65000000000000002 0 -0.84999999999999998
    endloop
  endfacet
  facet normal 0 0 1
    outer loop
      vertex 0 0 0.84999999999999998
      vertex 0.65000000000000002 0 0.84999999999999998
      vertex 0.64443915989297673 0.084842024943033528 0.84999999999999998
    endloop
  endfacet
  facet normal 0 0 -1
    outer loop
      vertex 0 0 -0.84999999999999998
      vertex 0.62785178708789446 0.16823237931663848 -0.84999999999999998
      vertex 0.64443915989297673 0.084842024943033528 -0.84999999999999998
    endloop
  endfacet
  facet normal 0 0 1
    outer loop
      vertex 0 0 0.84999999999999998
      vertex 0.64443915989297673 0.084842024943033528 0.84999999999999998
      vertex 0.62785178708789446 0.16823237931663848 0.84999999999999998
    endloop
  endfacet
  facet normal 0 0 -1
    outer loop
      vertex 0 0 -0.84999999999999998
      vertex 0.60052169613233641 0.24874423103730836 -0.84999999999999998
      vertex 0.62785178708789446 0.16823237931663848 -0.84999999999999998
    endloop
  endfacet
  facet normal 0 0 1
    outer loop
      vertex 0 0 0.84999999999999998
      vertex 0.62785178708789446 0.16823237931663848 0.84999999999999998
      vertex 0.60052169613233641 0.24874423103730836 0.84999999999999998
    endloop
  endfacet
  facet normal 0 0 -1
    outer loop
      vertex 0 0 -0.84999999999999998
      vertex 0.56291651245988517 0.32499999999999996 -0.84999999999999998
      vertex 0.60052169613233641 0.24874423103730836 -0.84999999999999998
    endloop
  endfacet
  facet normal 0 0 1
    outer loop
      vertex 0 0 0.84999999999999998
      vertex 0.60052169613233641 0.24874423103730836 0.84999999999999998
      vertex 0.56291651245988517 0.32499999999999996 0.84999999999999998
    endloop
  endfacet
  facet normal 0 0 -1
    outer loop
      vertex 0 0 -0.84999999999999998
      vertex 0.51567967118930291 0.39569492885566843 -0.84999999999999998
      vertex 0.56291651245988517 0.32499999999999996 -0.84999999999999998
    endloop
  endfacet
  facet normal 0 0 1
    outer loop
      vertex 0 0 0.84999999999999998
      vertex 0.56291651245988517 0.32499999999999996 0.84999999999999998
      vertex 0.51567967118930291 0.39569492885566843 0.84999999999999998
    endloop
  endfacet
  facet normal 0 0 -1
    outer loop
      vertex 0 0 -0.84999999999999998
      vertex 0.45961940777125593 0.45961940777125593 -0.84999999999999998
      vertex 0.51567967118930291 0.39569492885566843 -0.84999999999999998
    endloop
  endfacet
  facet normal 0 0 1
    outer loop
      vertex 0 0 0.84999999999999998
      vertex 0.51567967118930291 0.39569492885566843 0.84999999999999998
      vertex 0.45961940777125593 0.45961940777125593 0.84999999999999998
    endloop
  endfacet
  facet normal 0 0 -1
    outer loop
      vertex 0 0 -0.84999999999999998
      vertex 0.39569492885566843 0.51567967118930291 -0.84999999999999998
      vertex 0.45961940777125593 0.45961940777125593 -0.84999999999999998
    endloop
  endfacet
  facet normal 0 0 1
    outer loop
      vertex 0 0 0.84999999999999998
      vertex 0.45961940777125593 0.45961940777125593 0.84999999999999998
      vertex 0.39569492885566843 0.51567967118930291 0.84999999999999998
    endloop
  endfacet
  facet normal 0 0 -1
    outer loop
      vertex 0 0 -0.84999999999999998
      vertex 0.32500000000000007 0.56291651245988505 -0.84999999999999998
      vertex 0.39569492885566843 0.51567967118930291 -0.84999999999999998
    endloop
  endfacet
  facet normal 0 0 1
    outer loop
      vertex 0 0 0.84999999999999998
      vertex 0.39569492885566843 0.51567967118930291 0.84999999999999998
      vertex 0.32500000000000007 0.56291651245988505 0.84999999999999998
    endloop
  endfacet
  facet normal 0 0 -1
    outer loop
      vertex 0 0 -0.84999999999999998
      vertex 0.24874423103730842 0.60052169613233641 -0.84999999999999998
      vertex 0.32500000000000007 0.56291651245988505 -0.84999999999999998
    endloop
  endfacet
  facet normal 0 0 1
    outer loop
      vertex 0 0 0.84999999999999998
      vertex 0.32500000000000007 0.56291651245988505 0.84999999999999998
      vertex 0.24874423103730842 0.60052169613233641 0.84999999999999998
    endloop
  endfacet
  facet normal 0 0 -1
    outer loop
      vertex 0 0 -0.84999999999999998
      vertex 0.16823237931663848 0.62785178708789446 -0.84999999999999998
      vertex 0.24874423103730842 0.60052169613233641 -0.84999999999999998
    endloop
  endfacet
  facet normal 0 0 1
    outer loop
      vertex 0 0 0.84999999999999998
      vertex 0.24874423103730842 0.60052169613233641 0.84999999999999998
      vertex 0.16823237931663848 0.62785178708789446 0.84999999999999998
    endloop
  endfacet
  facet normal 0 0 -1
    outer loop
      vertex 0 0 -0.84999999999999998
      vertex 0.084842024943033612 0.64443915989297673 -0.84999999999999998
      vertex 0.16823237931663848 0.62785178708789446 -0.84999999999999998
    endloop
  endfacet
  facet normal 0 0 1
    outer loop
      vertex 0 0 0.84999999999999998
      vertex 0.16823237931663848 0.62785178708789446 0.84999999999999998
      vertex 0.084842024943033612 0.64443915989297673 0.84999999999999998
    endloop
  endfacet
  facet normal 0 0 -1
    outer loop
      vertex 0 0 -0.84999999999999998
      vertex 3.9801020972288984e-17 0.65000000000000002 -0.84999999999999998
      vertex 0.084842024943033612 0.64443915989297673 -0.84999999999999998
    endloop
  endfacet
  facet normal 0 0 1
    outer loop
      vertex 0 0 0.84999999999999998
      vertex 0.084842024943033612 0.64443915989297673 0.84999999999999998
      vertex 3.9801020972288984e-17 0.65000000000000002 0.84999999999999998
    endloop
  endfacet
  facet normal 0 0 -1
    outer loop
      vertex 0 0 -0.84999999999999998
      vertex -0.084842024943033542 0.64443915989297673 -0.84999999999999998
      vertex 3.9801020972288984e-17 0.65000000000000002 -0.84999999999999998
    endloop
  endfacet
  facet normal 0 -0 1
    outer loop
      vertex 0 0 0.84999999999999998
      vertex 3.9801020972288984e-17 0.65000000000000002 0.84999999999999998
      vertex -0.084842024943033542 0.64443915989297673 0.84999999999999998
    endloop
  endfacet
  facet normal 0 0 -1
    outer loop
      vertex 0 0 -0.84999999999999998
      vertex -0.16823237931663843 0.62785178708789446 -0.84999999999999998
      vertex -0.084842024943033542 0.64443915989297673 -0.84999999999999998
    endloop
  endfacet
  facet normal 0 0 1
    outer loop
      vertex 0 0 0.84999999999999998
      vertex -0.084842024943033542 0.64443915989297673 0.84999999999999998
      vertex -0.16823237931663843 0.62785178708789446 0.84999999999999998
    endloop
  endfacet
  facet normal 0 0 -1
    outer loop
      vertex 0 0 -0.84999999999999998
      vertex -0.24874423103730819 0.60052169613233652 -0.84999999999999998
      vertex -0.16823237931663843 0.62785178708789446 -0.84999999999999998
    endloop
  endfacet
  facet normal 0 0 1
    outer loop
      vertex 0 0 0.84999999999999998
      vertex -0.16823237931663843 0.62785178708789446 0.84999999999999998
      vertex -0.24874423103730819 0.60052169613233652 0.84999999999999998
    endloop
  endfacet
  facet normal 0 0 -1
    outer loop
      vertex 0 0 -0.84999999999999998
      vertex -0.32499999999999984 0.56291651245988517 -0.84999999999999998
      vertex -0.24874423103730819 0.60052169613233652 -0.84999999999999998
    endloop
  endfacet
  facet normal 0 0 1
    outer loop
      vertex 0 0 0.84999999999999998
      vertex -0.24874423103730819 0.60052169613233652 0.84999999999999998
      vertex -0.32499999999999984 0.56291651245988517 0.84999999999999998
    endloop
  endfacet
  facet normal 0 0 -1
    outer loop
      vertex 0 0 -0.84999999999999998
      vertex -0.39569492885566843 0.51567967118930291 -0.84999999999999998
      vertex -0.32499999999999984 0.56291651245988517 -0.84999999999999998
    endloop
  endfacet
  facet normal 0 0 1
    outer loop
      vertex 0 0 0.84999999999999998
      vertex -0.32499999999999984 0.56291651245988517 0.84999999999999998
      vertex -0.39569492885566843 0.51567967118930291 0.84999999999999998
    endloop
  endfacet
  facet normal 0 0 -1
    outer loop
      vertex 0 0 -0.84999999999999998
      vertex -0.45961940777125587 0.45961940777125593 -0.84999999999999998
      vertex -0.39569492885566843 0.51567967118930291 -0.84999999999999998
    endloop
  endfacet
  facet normal 0 0 1
    outer loop
      vertex 0 0 0.84999999999999998
      vertex -0.39569492885566843 0.51567967118930291 0.84999999999999998
      vertex -0.45961940777125587 0.45961940777125593 0.84999999999999998
    endloop
  endfacet
  facet normal 0 0 -1
    outer loop
      vertex 0 0 -0.84999999999999998
      vertex -0.5156796711893028 0.39569492885566859 -0.84999999999999998
      vertex -0.45961940777125587 0.45961940777125593 -0.84999999999999998
    endloop
  endfacet
  facet normal 0 0 1
    outer loop
      vertex 0 0 0.84999999999999998
      vertex -0.45961940777125587 0.45961940777125593 0.84999999999999998
      vertex -0.5156796711893028 0.39569492885566859 0.84999999999999998
    endloop
  endfacet
  facet normal 0 0 -1
    outer loop
      vertex 0 0 -0.84999999999999998
      vertex -0.56291651245988517 0.32499999999999996 -0.84999999999999998
      vertex -0.5156796711893028 0.39569492885566859 -0.84999999999999998
    endloop
  endfacet
  facet normal 0 0 1
    outer loop
      vertex 0 0 0.84999999999999998
      vertex -0.5156796711893028 0.39569492885566859 0.84999999999999998
      vertex -0.56291651245988517 0.32499999999999996 0.84999999999999998
    endloop
  endfacet
  facet normal 0 0 -1
    outer loop
      vertex 0 0 -0.84999999999999998
      vertex -0.60052169613233641 0.24874423103730844 -0.84999999999999998
      vertex -0.56291651245988517 0.32499999999999996 -0.84999999999999998
    endloop
  endfacet
  facet normal 0 0 1
    outer loop
      vertex 0 0 0.84999999999999998
      vertex -0.56291651245988517 0.32499999999999996 0.84999999999999998
      vertex -0.60052169613233641 0.24874423103730844 0.84999999999999998
    endloop
  endfacet
  facet normal 0 0 -1
    outer loop
      vertex 0 0 -0.84999999999999998
      vertex -0.62785178708789435 0.16823237931663867 -0.84999999999999998
      vertex -0.60052169613233641 0.24874423103730844 -0.84999999999999998
    endloop
  endfacet
  facet normal 0 0 1
    outer loop
      vertex 0 0 0.84999999999999998
      vertex -0.60052169613233641 0.24874423103730844 0.84999999999999998
      vertex -0.62785178708789435 0.16823237931663867 0.84999999999999998
    endloop
  endfacet
  facet normal 0 0 -1
    outer loop
      vertex 0 0 -0.84999999999999998
      vertex -0.64443915989297673 0.084842024943033792 -0.84999999999999998
      vertex -0.62785178708789435 0.16823237931663867 -0.84999999999999998
    endloop
  endfacet
  facet normal 0 0 1
    outer loop
      vertex 0 0 0.84999999999999998
      vertex -0.62785178708789435 0.16823237931663867 0.84999999999999998
      vertex -0.64443915989297673 0.084842024943033792 0.84999999999999998
    endloop
  endfacet
  facet normal 0 0 -1
    outer loop
      vertex 0 0 -0.84999999999999998
      vertex -0.65000000000000002 7.9602041944577967e-17 -0.84999999999999998
      vertex -0.64443915989297673 0.084842024943033792 -0.84999999999999998
    endloop
  endfacet
  facet normal 0 0 1
    outer loop
      vertex 0 0 0.84999999999999998
      vertex -0.64443915989297673 0.084842024943033792 0.84999999999999998
      vertex -0.65000000000000002 7.9602041944577967e-17 0.84999999999999998
    endloop
  endfacet
  facet normal -0 0 -1
    outer loop
      vertex 0 0 -0.84999999999999998
      vertex -0.64443915989297673 -0.084842024943033653 -0.84999999999999998
      vertex -0.65000000000000002 7.9602041944577967e-17 -0.84999999999999998
    endloop
  endfacet
  facet normal 0 0 1
    outer loop
      vertex 0 0 0.84999999999999998
      vertex -0.65000000000000002 7.9602041944577967e-17 0.84999999999999998
      vertex -0.64443915989297673 -0.084842024943033653 0.84999999999999998
    endloop
  endfacet
  facet normal 0 0 -1
    outer loop
      vertex 0 0 -0.84999999999999998
      vertex -0.62785178708789446 -0.16823237931663854 -0.84999999999999998
      vertex -0.64443915989297673 -0.084842024943033653 -0.84999999999999998
    endloop
  endfacet
  facet normal 0 0 1
    outer loop
      vertex 0 0 0.84999999999999998
      vertex -0.64443915989297673 -0.084842024943033653 0.84999999999999998
      vertex -0.62785178708789446 -0.16823237931663854 0.84999999999999998
    endloop
  endfacet
  facet normal 0 0 -1
    outer loop
      vertex 0 0 -0.84999999999999998
      vertex -0.60052169613233652 -0.24874423103730831 -0.84999999999999998
      vertex -0.62785178708789446 -0.16823237931663854 -0.84999999999999998
    endloop
  endfacet
  facet normal 0 0 1
    outer loop
      vertex 0 0 0.84999999999999998
      vertex -0.62785178708789446 -0.16823237931663854 0.84999999999999998
      vertex -0.60052169613233652 -0.24874423103730831 0.84999999999999998
    endloop
  endfacet
  facet normal 0 0 -1
    outer loop
      vertex 0 0 -0.84999999999999998
      vertex -0.56291651245988528 -0.32499999999999984 -0.84999999999999998
      vertex -0.60052169613233652 -0.24874423103730831 -0.84999999999999998
    endloop
  endfacet
  facet normal 0 0 1
    outer loop
      vertex 0 0 0.84999999999999998
      vertex -0.60052169613233652 -0.24874423103730831 0.84999999999999998
      vertex -0.56291651245988528 -0.32499999999999984 0.84999999999999998
    endloop
  endfacet
  facet normal 0 0 -1
    outer loop
      vertex 0 0 -0.84999999999999998
      vertex -0.51567967118930291 -0.39569492885566843 -0.84999999999999998
      vertex -0.56291651245988528 -0.32499999999999984 -0.84999999999999998
    endloop
  endfacet
  facet normal 0 0 1
    outer loop
      vertex 0 0 0.84999999999999998
      vertex -0.56291651245988528 -0.32499999999999984 0.84999999999999998
      vertex -0.51567967118930291 -0.39569492885566843 0.84999999999999998
    endloop
  endfacet
  facet normal 0 0 -1
    outer loop
      vertex 0 0 -0.84999999999999998
      vertex -0.45961940777125615 -0.45961940777125565 -0.84999999999999998
      vertex -0.51567967118930291 -0.39569492885566843 -0.84999999999999998
    endloop
  endfacet
  facet normal 0 0 1
    outer loop
      vertex 0 0 0.84999999999999998
      vertex -0.51567967118930291 -0.39569492885566843 0.84999999999999998
      vertex -0.45961940777125615 -0.45961940777125565 0.84999999999999998
    endloop
  endfacet
  facet normal 0 0 -1
    outer loop
      vertex 0 0 -0.84999999999999998
      vertex -0.39569492885566859 -0.51567967118930269 -0.84999999999999998
      vertex -0.45961940777125615 -0.45961940777125565 -0.84999999999999998
    endloop
  endfacet
  facet normal 0 0 1
    outer loop
      vertex 0 0 0.84999999999999998
      vertex -0.45961940777125615 -0.45961940777125565 0.84999999999999998
      vertex -0.39569492885566859 -0.51567967118930269 0.84999999999999998
    endloop
  endfacet
  facet normal 0 0 -1
    outer loop
      vertex 0 0 -0.84999999999999998
      vertex -0.32500000000000029 -0.56291651245988505 -0.84999999999999998
      vertex -0.39569492885566859 -0.51567967118930269 -0.84999999999999998
    endloop
  endfacet
  facet normal 0 0 1
    outer loop
      vertex 0 0 0.84999999999999998
      vertex -0.39569492885566859 -0.51567967118930269 0.84999999999999998
      vertex -0.32500000000000029 -0.56291651245988505 0.84999999999999998
    endloop
  endfacet
  facet normal 0 0 -1
    outer loop
      vertex 0 0 -0.84999999999999998
      vertex -0.24874423103730819 -0.60052169613233652 -0.84999999999999998
      vertex -0.32500000000000029 -0.56291651245988505 -0.84999999999999998
    endloop
  endfacet
  facet normal 0 0 1
    outer loop
      vertex 0 0 0.84999999999999998
      vertex -0.32500000000000029 -0.56291651245988505 0.84999999999999998
      vertex -0.24874423103730819 -0.60052169613233652 0.84999999999999998
    endloop
  endfacet
  facet normal 0 0 -1
    outer loop
      vertex 0 0 -0.84999999999999998
      vertex -0.16823237931663843 -0.62785178708789446 -0.84999999999999998
      vertex -0.24874423103730819 -0.60052169613233652 -0.84999999999999998
    endloop
  endfacet
  facet normal 0 0 1
    outer loop
      vertex 0 0 0.84999999999999998
      vertex -0.24874423103730819 -0.60052169613233652 0.84999999999999998
      vertex -0.16823237931663843 -0.62785178708789446 0.84999999999999998
    endloop
  endfacet
  facet normal 0 0 -1
    outer loop
      vertex 0 0 -0.84999999999999998
      vertex -0.084842024943033556 -0.64443915989297673 -0.84999999999999998
      vertex -0.16823237931663843 -0.62785178708789446 -0.84999999999999998
    endloop
  endfacet
  facet normal 0 0 1
    outer loop
      vertex 0 0 0.84999999999999998
      vertex -0.16823237931663843 -0.62785178708789446 0.84999999999999998
      vertex -0.084842024943033556 -0.64443915989297673 0.84999999999999998
    endloop
  endfacet
  facet normal 0 0 -1
    outer loop
      vertex 0 0 -0.84999999999999998
      vertex -1.1940306291686693e-16 -0.65000000000000002 -0.84999999999999998
      vertex -0.084842024943033556 -0.64443915989297673 -0.84999999999999998
    endloop
  endfacet
  facet normal 0 0 1
    outer loop
      vertex 0 0 0.84999999999999998
      vertex -0.084842024943033556 -0.64443915989297673 0.84999999999999998
      vertex -1.1940306291686693e-16 -0.65000000000000002 0.84999999999999998
    endloop
  endfacet
  facet normal 0 -0 -1
    outer loop
      vertex 0 0 -0.84999999999999998
      vertex 0.084842024943033334 -0.64443915989297684 -0.84999999999999998
      vertex -1.1940306291686693e-16 -0.65000000000000002 -0.84999999999999998
    endloop
  endfacet
  facet normal 0 0 1
    outer loop
      vertex 0 0 0.84999999999999998
      vertex -1.1940306291686693e-16 -0.65000000000000002 0.84999999999999998
      vertex 0.084842024943033334 -0.64443915989297684 0.84999999999999998
    endloop
  endfacet
  facet normal 0 0 -1
    outer loop
      vertex 0 0 -0.84999999999999998
      vertex 0.1682323793166382 -0.62785178708789446 -0.84999999999999998
      vertex 0.084842024943033334 -0.64443915989297684 -0.84999999999999998
    endloop
  endfacet
  facet normal 0 0 1
    outer loop
      vertex 0 0 0.84999999999999998
      vertex 0.084842024943033334 -0.64443915989297684 0.84999999999999998
      vertex 0.1682323793166382 -0.62785178708789446 0.84999999999999998
    endloop
  endfacet
  facet normal 0 0 -1
    outer loop
      vertex 0 0 -0.84999999999999998
      vertex 0.24874423103730797 -0.60052169613233652 -0.84999999999999998
      vertex 0.1682323793166382 -0.62785178708789446 -0.84999999999999998
    endloop
  endfacet
  facet normal 0 0 1
    outer loop
      vertex 0 0 0.84999999999999998
      vertex 0.1682323793166382 -0.62785178708789446 0.84999999999999998
      vertex 0.24874423103730797 -0.60052169613233652 0.84999999999999998
    endloop
  endfacet
  facet normal 0 0 -1
    outer loop
      vertex 0 0 -0.84999999999999998
      vertex 0.32500000000000007 -0.56291651245988505 -0.84999999999999998
      vertex 0.24874423103730797 -0.60052169613233652 -0.84999999999999998
    endloop
  endfacet
  facet normal 0 0 1
    outer loop
      vertex 0 0 0.84999999999999998
      vertex 0.24874423103730797 -0.60052169613233652 0.84999999999999998
      vertex 0.32500000000000007 -0.56291651245988505 0.84999999999999998
    endloop
  endfacet
  facet normal 0 0 -1
    outer loop
      vertex 0 0 -0.84999999999999998
      vertex 0.39569492885566793 -0.51567967118930325 -0.84999999999999998
      vertex 0.32500000000000007 -0.56291651245988505 -0.84999999999999998
    endloop
  endfacet
  facet normal 0 0 1
    outer loop
      vertex 0 0 0.84999999999999998
      vertex 0.32500000000000007 -0.56291651245988505 0.84999999999999998
      vertex 0.39569492885566793 -0.51567967118930325 0.84999999999999998
    endloop
  endfacet
  facet normal 0 0 -1
    outer loop
      vertex 0 0 -0.84999999999999998
      vertex 0.45961940777125582 -0.45961940777125598 -0.84999999999999998
      vertex 0.39569492885566793 -0.51567967118930325 -0.84999999999999998
    endloop
  endfacet
  facet normal 0 0 1
    outer loop
      vertex 0 0 0.84999999999999998
      vertex 0.39569492885566793 -0.51567967118930325 0.84999999999999998
      vertex 0.45961940777125582 -0.45961940777125598 0.84999999999999998
    endloop
  endfacet
  facet normal 0 0 -1
    outer loop
      vertex 0 0 -0.84999999999999998
      vertex 0.51567967118930269 -0.39569492885566865 -0.84999999999999998
      vertex 0.45961940777125582 -0.45961940777125598 -0.84999999999999998
    endloop
  endfacet
  facet normal 0 0 1
    outer loop
      vertex 0 0 0.84999999999999998
      vertex 0.45961940777125582 -0.45961940777125598 0.84999999999999998
      vertex 0.51567967118930269 -0.39569492885566865 0.84999999999999998
    endloop
  endfacet
  facet normal 0 0 -1
    outer loop
      vertex 0 0 -0.84999999999999998
      vertex 0.56291651245988494 -0.32500000000000029 -0.84999999999999998
      vertex 0.51567967118930269 -0.39569492885566865 -0.84999999999999998
    endloop
  endfacet
  facet normal 0 0 1
    outer loop
      vertex 0 0 0.84999999999999998
      vertex 0.51567967118930269 -0.39569492885566865 0.84999999999999998
      vertex 0.56291651245988494 -0.32500000000000029 0.84999999999999998
    endloop
  endfacet
  facet normal 0 0 -1
    outer loop
      vertex 0 0 -0.84999999999999998
      vertex 0.60052169613233652 -0.24874423103730822 -0.84999999999999998
      vertex 0.56291651245988494 -0.32500000000000029 -0.84999999999999998
    endloop
  endfacet
  facet normal 0 0 1
    outer loop
      vertex 0 0 0.84999999999999998
      vertex 0.56291651245988494 -0.32500000000000029 0.84999999999999998
      vertex 0.60052169613233652 -0.24874423103730822 0.84999999999999998
    endloop
  endfacet
  facet normal 0 0 -1
    outer loop
      vertex 0 0 -0.84999999999999998
      vertex 0.62785178708789424 -0.16823237931663904 -0.84999999999999998
      vertex 0.60052169613233652 -0.24874423103730822 -0.84999999999999998
    endloop
  endfacet
  facet normal 0 0 1
    outer loop
      vertex 0 0 0.84999999999999998
      vertex 0.60052169613233652 -0.24874423103730822 0.84999999999999998
      vertex 0.62785178708789424 -0.16823237931663904 0.84999999999999998
    endloop
  endfacet
  facet normal 0 0 -1
    outer loop
      vertex 0 0 -0.84999999999999998
      vertex 0.64443915989297673 -0.084842024943033598 -0.84999999999999998
      vertex 0.62785178708789424 -0.16823237931663904 -0.84999999999999998
    endloop
  endfacet
  facet normal 0 0 1
    outer loop
      vertex 0 0 0.84999999999999998
      vertex 0.62785178708789424 -0.16823237931663904 0.84999999999999998
      vertex 0.64443915989297673 -0.084842024943033598 0.84999999999999998
    endloop
  endfacet
  facet normal 0 0 -1
    outer loop
      vertex 0 0 -0.84999999999999998
      vertex 0.65000000000000002 0 -0.84999999999999998
      vertex 0.64443915989297673 -0.084842024943033598 -0.84999999999999998
    endloop
  endfacet
  facet normal -0 0 1
    outer loop
      vertex 0 0 0.84999999999999998
      vertex 0.64443915989297673 -0.084842024943033598 0.84999999999999998
      vertex 0.65000000000000002 0 0.84999999999999998
    endloop
  endfacet
endsolid cylinder
