solid torus
  facet normal 0.97876502113507624 0.064151648767623387 0.19468846746237803
    outer loop
      vertex 0.92999999999999994 0 0
      vertex 0.92204372107764354 0.12138935876464796 0
      vertex 0.90468579442012054 0.1191041443672462 0.088017189443970648
    endloop
  endfacet
  facet normal 0.97876502113507602 0.06415164876762261 0.194688467462379
    outer loop
      vertex 0.92999999999999994 0 0
      vertex 0.90468579442012054 0.1191041443672462 0.088017189443970648
      vertex 0.91249229247759589 0 0.088017189443970648
    endloop
  endfacet
  facet normal 0.83023763743378831 0.054416649716952654 0.55474705372984523
    outer loop
      vertex 0.91249229247759589 0 0.088017189443970648
      vertex 0.90468579442012054 0.1191041443672462 0.088017189443970648
      vertex 0.85525460143116216 0.11259640435152526 0.16263455967290594
    endloop
  endfacet
  facet normal 0.83023763743378853 0.054416649716953022 0.5547470537298449
    outer loop
      vertex 0.91249229247759589 0 0.088017189443970648
      vertex 0.85525460143116216 0.11259640435152526 0.16263455967290594
      vertex 0.86263455967290592 0 0.16263455967290594
    endloop
  endfacet
  facet normal 0.55520226164250042 0.036389878790901553 0.83091890421907955
    outer loop
      vertex 0.86263455967290592 0 0.16263455967290594
      vertex 0.85525460143116216 0.11259640435152526 0.16263455967290594
      vertex 0.78127559314845707 0.10285688314206851 0.21249229247759596
    endloop
  endfacet
  facet normal 0.55520226164250064 0.036389878790901643 0.83091890421907966
    outer loop
      vertex 0.86263455967290592 0 0.16263455967290594
      vertex 0.78127559314845707 0.10285688314206851 0.21249229247759596
      vertex 0.78801718944397059 0 0.21249229247759596
    endloop
  endfacet
  facet normal 0.19507437488030893 0.012785850036173461 0.98070510873753947
    outer loop
      vertex 0.78801718944397059 0 0.21249229247759596
      vertex 0.78127559314845707 0.10285688314206851 0.21249229247759596
      vertex 0.69401140296166719 0.09136833455403609 0.23000000000000001
    endloop
  endfacet
  facet normal 0.19507437488030899 0.012785850036173493 0.98070510873753958
    outer loop
      vertex 0.78801718944397059 0 0.21249229247759596
      vertex 0.69401140296166719 0.09136833455403609 0.23000000000000001
      vertex 0.69999999999999996 0 0.23000000000000001
    endloop
  endfacet
  facet normal -0.19507437488030893 -0.012785850036173489 0.98070510873753958
    outer loop
      vertex 0.69999999999999996 0 0.23000000000000001
      vertex 0.69401140296166719 0.09136833455403609 0.23000000000000001
      vertex 0.60674721277487731 0.079879785966003689 0.21249229247759596
    endloop
  endfacet
  facet normal -0.19507437488030896 -0.012785850036173533 0.98070510873753947
    outer loop
      vertex 0.69999999999999996 0 0.23000000000000001
      vertex 0.60674721277487731 0.079879785966003689 0.21249229247759596
      vertex 0.61198281055602932 0 0.21249229247759596
    endloop
  endfacet
  facet normal -0.55520226164250097 -0.036389878790901851 0.8309189042190791
    outer loop
      vertex 0.61198281055602932 0 0.21249229247759596
      vertex 0.60674721277487731 0.079879785966003689 0.21249229247759596
      vertex 0.53276820449217233 0.07014026475654693 0.16263455967290594
    endloop
  endfacet
  facet normal -0.55520226164250064 -0.03638987879090113 0.83091890421907943
    outer loop
      vertex 0.61198281055602932 0 0.21249229247759596
      vertex 0.53276820449217233 0.07014026475654693 0.16263455967290594
      vertex 0.53736544032709399 0 0.16263455967290594
    endloop
  endfacet
  facet normal -0.83023763743378831 -0.054416649716952342 0.55474705372984545
    outer loop
      vertex 0.53736544032709399 0 0.16263455967290594
      vertex 0.53276820449217233 0.07014026475654693 0.16263455967290594
      vertex 0.48333701150321395 0.063632524740825994 0.088017189443970675
    endloop
  endfacet
  facet normal -0.83023763743378842 -0.054416649716952877 0.55474705372984501
    outer loop
      vertex 0.53736544032709399 0 0.16263455967290594
      vertex 0.48333701150321395 0.063632524740825994 0.088017189443970675
      vertex 0.48750770752240402 0 0.088017189443970675
    endloop
  endfacet
  facet normal -0.97876502113507602 -0.064151648767622915 0.19468846746237917
    outer loop
      vertex 0.48750770752240402 0 0.088017189443970675
      vertex 0.48333701150321395 0.063632524740825994 0.088017189443970675
      vertex 0.46597908484569084 0.061347310343424236 2.8166876380389123e-17
    endloop
  endfacet
  facet normal -0.97876502113507591 -0.064151648767623151 0.194688467462379
    outer loop
      vertex 0.48750770752240402 0 0.088017189443970675
      vertex 0.46597908484569084 0.061347310343424236 2.8166876380389123e-17
      vertex 0.46999999999999997 0 2.8166876380389123e-17
    endloop
  endfacet
  facet normal -0.97876502113507602 -0.064151648767623179 -0.19468846746237853
    outer loop
      vertex 0.46999999999999997 0 2.8166876380389123e-17
      vertex 0.46597908484569084 0.061347310343424236 2.8166876380389123e-17
      vertex 0.4833370115032139 0.06363252474082598 -0.088017189443970634
    endloop
  endfacet
  facet normal -0.97876502113507613 -0.064151648767622943 -0.19468846746237839
    outer loop
      vertex 0.46999999999999997 0 2.8166876380389123e-17
      vertex 0.4833370115032139 0.06363252474082598 -0.088017189443970634
      vertex 0.48750770752240397 0 -0.088017189443970634
    endloop
  endfacet
  facet normal -0.83023763743378798 -0.05441664971695289 -0.55474705372984578
    outer loop
      vertex 0.48750770752240397 0 -0.088017189443970634
      vertex 0.4833370115032139 0.06363252474082598 -0.088017189443970634
      vertex 0.53276820449217233 0.07014026475654693 -0.16263455967290591
    endloop
  endfacet
  facet normal -0.83023763743378831 -0.05441664971695237 -0.55474705372984545
    outer loop
      vertex 0.48750770752240397 0 -0.088017189443970634
      vertex 0.53276820449217233 0.07014026475654693 -0.16263455967290591
      vertex 0.53736544032709399 0 -0.16263455967290591
    endloop
  endfacet
  facet normal -0.55520226164250142 -0.036389878790901192 -0.83091890421907888
    outer loop
      vertex 0.53736544032709399 0 -0.16263455967290591
      vertex 0.53276820449217233 0.07014026475654693 -0.16263455967290591
      vertex 0.6067472127748772 0.079879785966003675 -0.21249229247759591
    endloop
  endfacet
  facet normal -0.55520226164250097 -0.036389878790901886 -0.83091890421907921
    outer loop
      vertex 0.53736544032709399 0 -0.16263455967290591
      vertex 0.6067472127748772 0.079879785966003675 -0.21249229247759591
      vertex 0.61198281055602921 0 -0.21249229247759591
    endloop
  endfacet
  facet normal -0.19507437488030932 -0.012785850036173546 -0.98070510873753947
    outer loop
      vertex 0.61198281055602921 0 -0.21249229247759591
      vertex 0.6067472127748772 0.079879785966003675 -0.21249229247759591
      vertex 0.69401140296166719 0.09136833455403609 -0.23000000000000001
    endloop
  endfacet
  facet normal -0.19507437488030932 -0.0127858500361735 -0.98070510873753935
    outer loop
      vertex 0.61198281055602921 0 -0.21249229247759591
      vertex 0.69401140296166719 0.09136833455403609 -0.23000000000000001
      vertex 0.69999999999999996 0 -0.23000000000000001
    endloop
  endfacet
  facet normal 0.19507437488030901 0.012785850036173493 -0.98070510873753958
    outer loop
      vertex 0.69999999999999996 0 -0.23000000000000001
      vertex 0.69401140296166719 0.09136833455403609 -0.23000000000000001
      vertex 0.78127559314845718 0.10285688314206852 -0.21249229247759593
    endloop
  endfacet
  facet normal 0.19507437488030901 0.012785850036173461 -0.98070510873753947
    outer loop
      vertex 0.69999999999999996 0 -0.23000000000000001
      vertex 0.78127559314845718 0.10285688314206852 -0.21249229247759593
      vertex 0.7880171894439707 0 -0.21249229247759593
    endloop
  endfacet
  facet normal 0.55520226164250064 0.036389878790901664 -0.83091890421907943
    outer loop
      vertex 0.7880171894439707 0 -0.21249229247759593
      vertex 0.78127559314845718 0.10285688314206852 -0.21249229247759593
      vertex 0.85525460143116216 0.11259640435152526 -0.16263455967290597
    endloop
  endfacet
  facet normal 0.55520226164250075 0.036389878790901595 -0.83091890421907943
    outer loop
      vertex 0.7880171894439707 0 -0.21249229247759593
      vertex 0.85525460143116216 0.11259640435152526 -0.16263455967290597
      vertex 0.86263455967290592 0 -0.16263455967290597
    endloop
  endfacet
  facet normal 0.83023763743378787 0.054416649716952946 -0.55474705372984601
    outer loop
      vertex 0.86263455967290592 0 -0.16263455967290597
      vertex 0.85525460143116216 0.11259640435152526 -0.16263455967290597
      vertex 0.90468579442012054 0.1191041443672462 -0.0880171894439708
    endloop
  endfacet
  facet normal 0.83023763743378809 0.05441664971695262 -0.55474705372984556
    outer loop
      vertex 0.86263455967290592 0 -0.16263455967290597
      vertex 0.90468579442012054 0.1191041443672462 -0.0880171894439708
      vertex 0.91249229247759589 0 -0.0880171894439708
    endloop
  endfacet
  facet normal 0.97876502113507624 0.06415164876762261 -0.19468846746237761
    outer loop
      vertex 0.91249229247759589 0 -0.0880171894439708
      vertex 0.90468579442012054 0.1191041443672462 -0.0880171894439708
      vertex 0.92204372107764354 0.12138935876464796 0
    endloop
  endfacet
  facet normal 0.97876502113507591 0.064151648767623345 -0.19468846746237861
    outer loop
      vertex 0.91249229247759589 0 -0.0880171894439708
      vertex 0.92204372107764354 0.12138935876464796 0
      vertex 0.92999999999999994 0 0
    endloop
  endfacet
  facet normal 0.96201808025852431 0.19135729380625641 0.19468846746237811
    outer loop
      vertex 0.92204372107764354 0.12138935876464796 0
      vertex 0.89831101844883343 0.24070171194534426 0
      vertex 0.88139987159382804 0.23617038380246144 0.088017189443970648
    endloop
  endfacet
  facet normal 0.96201808025852431 0.19135729380625652 0.19468846746237797
    outer loop
      vertex 0.92204372107764354 0.12138935876464796 0
      vertex 0.88139987159382804 0.23617038380246144 0.088017189443970648
      vertex 0.90468579442012054 0.1191041443672462 0.088017189443970648
    endloop
  endfacet
  facet normal 0.81603204127193618 0.16231886518705529 0.55474705372984523
    outer loop
      vertex 0.90468579442012054 0.1191041443672462 0.088017189443970648
      vertex 0.88139987159382804 0.23617038380246144 0.088017189443970648
      vertex 0.83324099983755828 0.22326625300697495 0.16263455967290594
    endloop
  endfacet
  facet normal 0.81603204127193607 0.16231886518705504 0.55474705372984534
    outer loop
      vertex 0.90468579442012054 0.1191041443672462 0.088017189443970648
      vertex 0.83324099983755828 0.22326625300697495 0.16263455967290594
      vertex 0.85525460143116216 0.11259640435152526 0.16263455967290594
    endloop
  endfacet
  facet normal 0.5457025970146494 0.10854699545741103 0.83091890421907955
    outer loop
      vertex 0.85525460143116216 0.11259640435152526 0.16263455967290594
      vertex 0.83324099983755828 0.22326625300697495 0.16263455967290594
      vertex 0.76116615484365657 0.20395385649626066 0.21249229247759596
    endloop
  endfacet
  facet normal 0.5457025970146494 0.10854699545741103 0.83091890421907966
    outer loop
      vertex 0.85525460143116216 0.11259640435152526 0.16263455967290594
      vertex 0.76116615484365657 0.20395385649626066 0.21249229247759596
      vertex 0.78127559314845707 0.10285688314206851 0.21249229247759596
    endloop
  endfacet
  facet normal 0.19173659824127243 0.038138780669493735 0.98070510873753947
    outer loop
      vertex 0.78127559314845707 0.10285688314206851 0.21249229247759596
      vertex 0.76116615484365657 0.20395385649626066 0.21249229247759596
      vertex 0.67614807840234781 0.18117333157176452 0.23000000000000001
    endloop
  endfacet
  facet normal 0.19173659824127234 0.038138780669493617 0.98070510873753958
    outer loop
      vertex 0.78127559314845707 0.10285688314206851 0.21249229247759596
      vertex 0.67614807840234781 0.18117333157176452 0.23000000000000001
      vertex 0.69401140296166719 0.09136833455403609 0.23000000000000001
    endloop
  endfacet
  facet normal -0.1917365982412722 -0.038138780669493597 0.98070510873753958
    outer loop
      vertex 0.69401140296166719 0.09136833455403609 0.23000000000000001
      vertex 0.67614807840234781 0.18117333157176452 0.23000000000000001
      vertex 0.59113000196103893 0.15839280664726835 0.21249229247759596
    endloop
  endfacet
  facet normal -0.19173659824127229 -0.038138780669493784 0.98070510873753947
    outer loop
      vertex 0.69401140296166719 0.09136833455403609 0.23000000000000001
      vertex 0.59113000196103893 0.15839280664726835 0.21249229247759596
      vertex 0.60674721277487731 0.079879785966003689 0.21249229247759596
    endloop
  endfacet
  facet normal -0.54570259701464985 -0.10854699545741134 0.83091890421907921
    outer loop
      vertex 0.60674721277487731 0.079879785966003689 0.21249229247759596
      vertex 0.59113000196103893 0.15839280664726835 0.21249229247759596
      vertex 0.51905515696713733 0.13908041013655406 0.16263455967290594
    endloop
  endfacet
  facet normal -0.54570259701464996 -0.10854699545741144 0.8309189042190791
    outer loop
      vertex 0.60674721277487731 0.079879785966003689 0.21249229247759596
      vertex 0.51905515696713733 0.13908041013655406 0.16263455967290594
      vertex 0.53276820449217233 0.07014026475654693 0.16263455967290594
    endloop
  endfacet
  facet normal -0.81603204127193618 -0.16231886518705538 0.55474705372984523
    outer loop
      vertex 0.53276820449217233 0.07014026475654693 0.16263455967290594
      vertex 0.51905515696713733 0.13908041013655406 0.16263455967290594
      vertex 0.47089628521086757 0.12617627934106757 0.088017189443970675
    endloop
  endfacet
  facet normal -0.81603204127193607 -0.16231886518705499 0.55474705372984545
    outer loop
      vertex 0.53276820449217233 0.07014026475654693 0.16263455967290594
      vertex 0.47089628521086757 0.12617627934106757 0.088017189443970675
      vertex 0.48333701150321395 0.063632524740825994 0.088017189443970675
    endloop
  endfacet
  facet normal -0.9620180802585242 -0.19135729380625621 0.19468846746237928
    outer loop
      vertex 0.48333701150321395 0.063632524740825994 0.088017189443970675
      vertex 0.47089628521086757 0.12617627934106757 0.088017189443970675
      vertex 0.45398513835586207 0.12164495119818475 2.8166876380389123e-17
    endloop
  endfacet
  facet normal -0.96201808025852409 -0.19135729380625635 0.19468846746237917
    outer loop
      vertex 0.48333701150321395 0.063632524740825994 0.088017189443970675
      vertex 0.45398513835586207 0.12164495119818475 2.8166876380389123e-17
      vertex 0.46597908484569084 0.061347310343424236 2.8166876380389123e-17
    endloop
  endfacet
  facet normal -0.96201808025852431 -0.19135729380625638 -0.19468846746237869
    outer loop
      vertex 0.46597908484569084 0.061347310343424236 2.8166876380389123e-17
      vertex 0.45398513835586207 0.12164495119818475 2.8166876380389123e-17
      vertex 0.47089628521086752 0.12617627934106757 -0.088017189443970634
    endloop
  endfacet
  facet normal -0.96201808025852431 -0.19135729380625618 -0.19468846746237856
    outer loop
      vertex 0.46597908484569084 0.061347310343424236 2.8166876380389123e-17
      vertex 0.47089628521086752 0.12617627934106757 -0.088017189443970634
      vertex 0.4833370115032139 0.06363252474082598 -0.088017189443970634
    endloop
  endfacet
  facet normal -0.81603204127193596 -0.16231886518705493 -0.55474705372984556
    outer loop
      vertex 0.4833370115032139 0.06363252474082598 -0.088017189443970634
      vertex 0.47089628521086752 0.12617627934106757 -0.088017189443970634
      vertex 0.51905515696713733 0.13908041013655406 -0.16263455967290591
    endloop
  endfacet
  facet normal -0.81603204127193563 -0.16231886518705532 -0.55474705372984578
    outer loop
      vertex 0.4833370115032139 0.06363252474082598 -0.088017189443970634
      vertex 0.51905515696713733 0.13908041013655406 -0.16263455967290591
      vertex 0.53276820449217233 0.07014026475654693 -0.16263455967290591
    endloop
  endfacet
  facet normal -0.54570259701465029 -0.10854699545741146 -0.83091890421907899
    outer loop
      vertex 0.53276820449217233 0.07014026475654693 -0.16263455967290591
      vertex 0.51905515696713733 0.13908041013655406 -0.16263455967290591
      vertex 0.59113000196103882 0.15839280664726832 -0.21249229247759591
    endloop
  endfacet
  facet normal -0.54570259701465029 -0.10854699545741144 -0.83091890421907888
    outer loop
      vertex 0.53276820449217233 0.07014026475654693 -0.16263455967290591
      vertex 0.59113000196103882 0.15839280664726832 -0.21249229247759591
      vertex 0.6067472127748772 0.079879785966003675 -0.21249229247759591
    endloop
  endfacet
  facet normal -0.19173659824127248 -0.038138780669493832 -0.98070510873753935
    outer loop
      vertex 0.6067472127748772 0.079879785966003675 -0.21249229247759591
      vertex 0.59113000196103882 0.15839280664726832 -0.21249229247759591
      vertex 0.67614807840234781 0.18117333157176452 -0.23000000000000001
    endloop
  endfacet
  facet normal -0.19173659824127268 -0.038138780669493701 -0.98070510873753935
    outer loop
      vertex 0.6067472127748772 0.079879785966003675 -0.21249229247759591
      vertex 0.67614807840234781 0.18117333157176452 -0.23000000000000001
      vertex 0.69401140296166719 0.09136833455403609 -0.23000000000000001
    endloop
  endfacet
  facet normal 0.19173659824127251 0.038138780669493659 -0.98070510873753958
    outer loop
      vertex 0.69401140296166719 0.09136833455403609 -0.23000000000000001
      vertex 0.67614807840234781 0.18117333157176452 -0.23000000000000001
      vertex 0.76116615484365668 0.20395385649626069 -0.21249229247759593
    endloop
  endfacet
  facet normal 0.19173659824127234 0.038138780669493721 -0.98070510873753947
    outer loop
      vertex 0.69401140296166719 0.09136833455403609 -0.23000000000000001
      vertex 0.76116615484365668 0.20395385649626069 -0.21249229247759593
      vertex 0.78127559314845718 0.10285688314206852 -0.21249229247759593
    endloop
  endfacet
  facet normal 0.54570259701464963 0.10854699545741106 -0.83091890421907943
    outer loop
      vertex 0.78127559314845718 0.10285688314206852 -0.21249229247759593
      vertex 0.76116615484365668 0.20395385649626069 -0.21249229247759593
      vertex 0.83324099983755828 0.22326625300697495 -0.16263455967290597
    endloop
  endfacet
  facet normal 0.5457025970146494 0.10854699545741105 -0.83091890421907943
    outer loop
      vertex 0.78127559314845718 0.10285688314206852 -0.21249229247759593
      vertex 0.83324099983755828 0.22326625300697495 -0.16263455967290597
      vertex 0.85525460143116216 0.11259640435152526 -0.16263455967290597
    endloop
  endfacet
  facet normal 0.81603204127193574 0.16231886518705496 -0.55474705372984567
    outer loop
      vertex 0.85525460143116216 0.11259640435152526 -0.16263455967290597
      vertex 0.83324099983755828 0.22326625300697495 -0.16263455967290597
      vertex 0.88139987159382804 0.23617038380246144 -0.0880171894439708
    endloop
  endfacet
  facet normal 0.81603204127193563 0.16231886518705516 -0.5547470537298459
    outer loop
      vertex 0.85525460143116216 0.11259640435152526 -0.16263455967290597
      vertex 0.88139987159382804 0.23617038380246144 -0.0880171894439708
      vertex 0.90468579442012054 0.1191041443672462 -0.0880171894439708
    endloop
  endfacet
  facet normal 0.96201808025852442 0.19135729380625652 -0.19468846746237783
    outer loop
      vertex 0.90468579442012054 0.1191041443672462 -0.0880171894439708
      vertex 0.88139987159382804 0.23617038380246144 -0.0880171894439708
      vertex 0.89831101844883343 0.24070171194534426 0
    endloop
  endfacet
  facet normal 0.96201808025852442 0.19135729380625643 -0.19468846746237767
    outer loop
      vertex 0.90468579442012054 0.1191041443672462 -0.0880171894439708
      vertex 0.89831101844883343 0.24070171194534426 0
      vertex 0.92204372107764354 0.12138935876464796 0
    endloop
  endfacet
  facet normal 0.92881074330694724 0.31528876249360105 0.19468846746237875
    outer loop
      vertex 0.89831101844883343 0.24070171194534426 0
      vertex 0.85920796523549658 0.35589559209953348 0
      vertex 0.84303295259435362 0.34919568249201577 0.088017189443970648
    endloop
  endfacet
  facet normal 0.92881074330694724 0.3152887624936016 0.19468846746237811
    outer loop
      vertex 0.89831101844883343 0.24070171194534426 0
      vertex 0.84303295259435362 0.34919568249201577 0.088017189443970648
      vertex 0.88139987159382804 0.23617038380246144 0.088017189443970648
    endloop
  endfacet
  facet normal 0.78786391063709615 0.26744375987051694 0.55474705372984467
    outer loop
      vertex 0.88139987159382804 0.23617038380246144 0.088017189443970648
      vertex 0.84303295259435362 0.34919568249201577 0.088017189443970648
      vertex 0.79697041371868405 0.33011595417237549 0.16263455967290594
    endloop
  endfacet
  facet normal 0.78786391063709593 0.26744375987051644 0.55474705372984512
    outer loop
      vertex 0.88139987159382804 0.23617038380246144 0.088017189443970648
      vertex 0.79697041371868405 0.33011595417237549 0.16263455967290594
      vertex 0.83324099983755828 0.22326625300697495 0.16263455967290594
    endloop
  endfacet
  facet normal 0.52686580965453411 0.17884684293673236 0.83091890421907966
    outer loop
      vertex 0.83324099983755828 0.22326625300697495 0.16263455967290594
      vertex 0.79697041371868405 0.33011595417237549 0.16263455967290594
      vertex 0.72803295259435363 0.30156112281910985 0.21249229247759596
    endloop
  endfacet
  facet normal 0.52686580965453411 0.17884684293673253 0.83091890421907955
    outer loop
      vertex 0.83324099983755828 0.22326625300697495 0.16263455967290594
      vertex 0.72803295259435363 0.30156112281910985 0.21249229247759596
      vertex 0.76116615484365657 0.20395385649626066 0.21249229247759596
    endloop
  endfacet
  facet normal 0.18511815524689942 0.06283914619149164 0.98070510873753947
    outer loop
      vertex 0.76116615484365657 0.20395385649626066 0.21249229247759596
      vertex 0.72803295259435363 0.30156112281910985 0.21249229247759596
      vertex 0.64671567275790065 0.26787840265556284 0.23000000000000001
    endloop
  endfacet
  facet normal 0.18511815524689951 0.062839146191491793 0.98070510873753958
    outer loop
      vertex 0.76116615484365657 0.20395385649626066 0.21249229247759596
      vertex 0.64671567275790065 0.26787840265556284 0.23000000000000001
      vertex 0.67614807840234781 0.18117333157176452 0.23000000000000001
    endloop
  endfacet
  facet normal -0.18511815524689959 -0.062839146191491807 0.98070510873753958
    outer loop
      vertex 0.67614807840234781 0.18117333157176452 0.23000000000000001
      vertex 0.64671567275790065 0.26787840265556284 0.23000000000000001
      vertex 0.56539839292144778 0.23419568249201581 0.21249229247759596
    endloop
  endfacet
  facet normal -0.1851181552468994 -0.062839146191491349 0.98070510873753958
    outer loop
      vertex 0.67614807840234781 0.18117333157176452 0.23000000000000001
      vertex 0.56539839292144778 0.23419568249201581 0.21249229247759596
      vertex 0.59113000196103893 0.15839280664726835 0.21249229247759596
    endloop
  endfacet
  facet normal -0.52686580965453444 -0.17884684293673181 0.83091890421907966
    outer loop
      vertex 0.59113000196103893 0.15839280664726835 0.21249229247759596
      vertex 0.56539839292144778 0.23419568249201581 0.21249229247759596
      vertex 0.49646093179711737 0.20564085113875016 0.16263455967290594
    endloop
  endfacet
  facet normal -0.52686580965453467 -0.17884684293673278 0.83091890421907921
    outer loop
      vertex 0.59113000196103893 0.15839280664726835 0.21249229247759596
      vertex 0.49646093179711737 0.20564085113875016 0.16263455967290594
      vertex 0.51905515696713733 0.13908041013655406 0.16263455967290594
    endloop
  endfacet
  facet normal -0.78786391063709571 -0.26744375987051672 0.55474705372984523
    outer loop
      vertex 0.51905515696713733 0.13908041013655406 0.16263455967290594
      vertex 0.49646093179711737 0.20564085113875016 0.16263455967290594
      vertex 0.45039839292144773 0.18656112281910986 0.088017189443970675
    endloop
  endfacet
  facet normal -0.78786391063709582 -0.26744375987051677 0.55474705372984523
    outer loop
      vertex 0.51905515696713733 0.13908041013655406 0.16263455967290594
      vertex 0.45039839292144773 0.18656112281910986 0.088017189443970675
      vertex 0.47089628521086757 0.12617627934106757 0.088017189443970675
    endloop
  endfacet
  facet normal -0.92881074330694702 -0.31528876249360149 0.19468846746237925
    outer loop
      vertex 0.47089628521086757 0.12617627934106757 0.088017189443970675
      vertex 0.45039839292144773 0.18656112281910986 0.088017189443970675
      vertex 0.43422338028030472 0.17986121321159218 2.8166876380389123e-17
    endloop
  endfacet
  facet normal -0.92881074330694702 -0.31528876249360144 0.19468846746237922
    outer loop
      vertex 0.47089628521086757 0.12617627934106757 0.088017189443970675
      vertex 0.43422338028030472 0.17986121321159218 2.8166876380389123e-17
      vertex 0.45398513835586207 0.12164495119818475 2.8166876380389123e-17
    endloop
  endfacet
  facet normal -0.92881074330694713 -0.31528876249360155 -0.19468846746237867
    outer loop
      vertex 0.45398513835586207 0.12164495119818475 2.8166876380389123e-17
      vertex 0.43422338028030472 0.17986121321159218 2.8166876380389123e-17
      vertex 0.45039839292144768 0.18656112281910986 -0.088017189443970634
    endloop
  endfacet
  facet normal -0.92881074330694702 -0.31528876249360155 -0.19468846746237864
    outer loop
      vertex 0.45398513835586207 0.12164495119818475 2.8166876380389123e-17
      vertex 0.45039839292144768 0.18656112281910986 -0.088017189443970634
      vertex 0.47089628521086752 0.12617627934106757 -0.088017189443970634
    endloop
  endfacet
  facet normal -0.78786391063709549 -0.26744375987051672 -0.55474705372984567
    outer loop
      vertex 0.47089628521086752 0.12617627934106757 -0.088017189443970634
      vertex 0.45039839292144768 0.18656112281910986 -0.088017189443970634
      vertex 0.49646093179711737 0.20564085113875016 -0.16263455967290591
    endloop
  endfacet
  facet normal -0.7878639106370956 -0.26744375987051661 -0.55474705372984556
    outer loop
      vertex 0.47089628521086752 0.12617627934106757 -0.088017189443970634
      vertex 0.49646093179711737 0.20564085113875016 -0.16263455967290591
      vertex 0.51905515696713733 0.13908041013655406 -0.16263455967290591
    endloop
  endfacet
  facet normal -0.52686580965453444 -0.1788468429367327 -0.83091890421907932
    outer loop
      vertex 0.51905515696713733 0.13908041013655406 -0.16263455967290591
      vertex 0.49646093179711737 0.20564085113875016 -0.16263455967290591
      vertex 0.56539839292144767 0.23419568249201575 -0.21249229247759591
    endloop
  endfacet
  facet normal -0.52686580965453511 -0.17884684293673211 -0.83091890421907899
    outer loop
      vertex 0.51905515696713733 0.13908041013655406 -0.16263455967290591
      vertex 0.56539839292144767 0.23419568249201575 -0.21249229247759591
      vertex 0.59113000196103882 0.15839280664726832 -0.21249229247759591
    endloop
  endfacet
  facet normal -0.18511815524690001 -0.062839146191491585 -0.98070510873753935
    outer loop
      vertex 0.59113000196103882 0.15839280664726832 -0.21249229247759591
      vertex 0.56539839292144767 0.23419568249201575 -0.21249229247759591
      vertex 0.64671567275790065 0.26787840265556284 -0.23000000000000001
    endloop
  endfacet
  facet normal -0.18511815524689959 -0.062839146191491807 -0.98070510873753947
    outer loop
      vertex 0.59113000196103882 0.15839280664726832 -0.21249229247759591
      vertex 0.64671567275790065 0.26787840265556284 -0.23000000000000001
      vertex 0.67614807840234781 0.18117333157176452 -0.23000000000000001
    endloop
  endfacet
  facet normal 0.18511815524689937 0.062839146191491738 -0.98070510873753935
    outer loop
      vertex 0.67614807840234781 0.18117333157176452 -0.23000000000000001
      vertex 0.64671567275790065 0.26787840265556284 -0.23000000000000001
      vertex 0.72803295259435374 0.30156112281910991 -0.21249229247759593
    endloop
  endfacet
  facet normal 0.18511815524689956 0.062839146191491668 -0.98070510873753947
    outer loop
      vertex 0.67614807840234781 0.18117333157176452 -0.23000000000000001
      vertex 0.72803295259435374 0.30156112281910991 -0.21249229247759593
      vertex 0.76116615484365668 0.20395385649626069 -0.21249229247759593
    endloop
  endfacet
  facet normal 0.52686580965453433 0.17884684293673248 -0.83091890421907955
    outer loop
      vertex 0.76116615484365668 0.20395385649626069 -0.21249229247759593
      vertex 0.72803295259435374 0.30156112281910991 -0.21249229247759593
      vertex 0.79697041371868405 0.33011595417237549 -0.16263455967290597
    endloop
  endfacet
  facet normal 0.52686580965453444 0.17884684293673245 -0.83091890421907955
    outer loop
      vertex 0.76116615484365668 0.20395385649626069 -0.21249229247759593
      vertex 0.79697041371868405 0.33011595417237549 -0.16263455967290597
      vertex 0.83324099983755828 0.22326625300697495 -0.16263455967290597
    endloop
  endfacet
  facet normal 0.78786391063709582 0.26744375987051638 -0.55474705372984523
    outer loop
      vertex 0.83324099983755828 0.22326625300697495 -0.16263455967290597
      vertex 0.79697041371868405 0.33011595417237549 -0.16263455967290597
      vertex 0.84303295259435362 0.34919568249201577 -0.0880171894439708
    endloop
  endfacet
  facet normal 0.78786391063709538 0.26744375987051672 -0.55474705372984578
    outer loop
      vertex 0.83324099983755828 0.22326625300697495 -0.16263455967290597
      vertex 0.84303295259435362 0.34919568249201577 -0.0880171894439708
      vertex 0.88139987159382804 0.23617038380246144 -0.0880171894439708
    endloop
  endfacet
  facet normal 0.92881074330694724 0.31528876249360155 -0.1946884674623785
    outer loop
      vertex 0.88139987159382804 0.23617038380246144 -0.0880171894439708
      vertex 0.84303295259435362 0.34919568249201577 -0.0880171894439708
      vertex 0.85920796523549658 0.35589559209953348 0
    endloop
  endfacet
  facet normal 0.92881074330694757 0.31528876249360116 -0.19468846746237781
    outer loop
      vertex 0.88139987159382804 0.23617038380246144 -0.0880171894439708
      vertex 0.85920796523549658 0.35589559209953348 0
      vertex 0.89831101844883343 0.24070171194534426 0
    endloop
  endfacet
  facet normal 0.87971119702240053 0.43382555304011977 0.19468846746237839
    outer loop
      vertex 0.85920796523549658 0.35589559209953348 0
      vertex 0.80540362551952793 0.46499999999999991 0
      vertex 0.79024150604309817 0.45624614623879789 0.088017189443970648
    endloop
  endfacet
  facet normal 0.87971119702240053 0.43382555304011944 0.19468846746237883
    outer loop
      vertex 0.85920796523549658 0.35589559209953348 0
      vertex 0.79024150604309817 0.45624614623879789 0.088017189443970648
      vertex 0.84303295259435362 0.34919568249201577 0.088017189443970648
    endloop
  endfacet
  facet normal 0.74621521005411162 0.36799261767317326 0.55474705372984523
    outer loop
      vertex 0.84303295259435362 0.34919568249201577 0.088017189443970648
      vertex 0.79024150604309817 0.45624614623879789 0.088017189443970648
      vertex 0.74706344285913984 0.4313172798364529 0.16263455967290594
    endloop
  endfacet
  facet normal 0.74621521005411173 0.36799261767317409 0.55474705372984467
    outer loop
      vertex 0.84303295259435362 0.34919568249201577 0.088017189443970648
      vertex 0.74706344285913984 0.4313172798364529 0.16263455967290594
      vertex 0.79697041371868405 0.33011595417237549 0.16263455967290594
    endloop
  endfacet
  facet normal 0.49901420221643084 0.24608657134769316 0.83091890421907943
    outer loop
      vertex 0.79697041371868405 0.33011595417237549 0.16263455967290594
      vertex 0.74706344285913984 0.4313172798364529 0.16263455967290594
      vertex 0.68244290467729318 0.39400859472198524 0.21249229247759596
    endloop
  endfacet
  facet normal 0.49901420221643084 0.24608657134769288 0.83091890421907966
    outer loop
      vertex 0.79697041371868405 0.33011595417237549 0.16263455967290594
      vertex 0.68244290467729318 0.39400859472198524 0.21249229247759596
      vertex 0.72803295259435363 0.30156112281910985 0.21249229247759596
    endloop
  endfacet
  facet normal 0.17533228929180328 0.086464316499850091 0.98070510873753947
    outer loop
      vertex 0.72803295259435363 0.30156112281910985 0.21249229247759596
      vertex 0.68244290467729318 0.39400859472198524 0.21249229247759596
      vertex 0.60621778264910708 0.34999999999999992 0.23000000000000001
    endloop
  endfacet
  facet normal 0.17533228929180319 0.086464316499849994 0.98070510873753958
    outer loop
      vertex 0.72803295259435363 0.30156112281910985 0.21249229247759596
      vertex 0.60621778264910708 0.34999999999999992 0.23000000000000001
      vertex 0.64671567275790065 0.26787840265556284 0.23000000000000001
    endloop
  endfacet
  facet normal -0.17533228929180328 -0.08646431649985005 0.98070510873753958
    outer loop
      vertex 0.64671567275790065 0.26787840265556284 0.23000000000000001
      vertex 0.60621778264910708 0.34999999999999992 0.23000000000000001
      vertex 0.52999266062092099 0.30599140527801461 0.21249229247759596
    endloop
  endfacet
  facet normal -0.17533228929180333 -0.08646431649985023 0.98070510873753947
    outer loop
      vertex 0.64671567275790065 0.26787840265556284 0.23000000000000001
      vertex 0.52999266062092099 0.30599140527801461 0.21249229247759596
      vertex 0.56539839292144778 0.23419568249201581 0.21249229247759596
    endloop
  endfacet
  facet normal -0.49901420221643067 -0.2460865713476931 0.83091890421907966
    outer loop
      vertex 0.56539839292144778 0.23419568249201581 0.21249229247759596
      vertex 0.52999266062092099 0.30599140527801461 0.21249229247759596
      vertex 0.46537212243907428 0.26868272016354694 0.16263455967290594
    endloop
  endfacet
  facet normal -0.49901420221643061 -0.24608657134769313 0.83091890421907955
    outer loop
      vertex 0.56539839292144778 0.23419568249201581 0.21249229247759596
      vertex 0.46537212243907428 0.26868272016354694 0.16263455967290594
      vertex 0.49646093179711737 0.20564085113875016 0.16263455967290594
    endloop
  endfacet
  facet normal -0.7462152100541114 -0.36799261767317398 0.5547470537298449
    outer loop
      vertex 0.49646093179711737 0.20564085113875016 0.16263455967290594
      vertex 0.46537212243907428 0.26868272016354694 0.16263455967290594
      vertex 0.42219405925511599 0.24375385376120198 0.088017189443970675
    endloop
  endfacet
  facet normal -0.7462152100541114 -0.36799261767317348 0.55474705372984523
    outer loop
      vertex 0.49646093179711737 0.20564085113875016 0.16263455967290594
      vertex 0.42219405925511599 0.24375385376120198 0.088017189443970675
      vertex 0.45039839292144773 0.18656112281910986 0.088017189443970675
    endloop
  endfacet
  facet normal -0.8797111970224003 -0.4338255530401196 0.19468846746237889
    outer loop
      vertex 0.45039839292144773 0.18656112281910986 0.088017189443970675
      vertex 0.42219405925511599 0.24375385376120198 0.088017189443970675
      vertex 0.40703193977868618 0.23499999999999996 2.8166876380389123e-17
    endloop
  endfacet
  facet normal -0.87971119702240053 -0.43382555304011916 0.19468846746237922
    outer loop
      vertex 0.45039839292144773 0.18656112281910986 0.088017189443970675
      vertex 0.40703193977868618 0.23499999999999996 2.8166876380389123e-17
      vertex 0.43422338028030472 0.17986121321159218 2.8166876380389123e-17
    endloop
  endfacet
  facet normal -0.87971119702240064 -0.43382555304011933 -0.19468846746237825
    outer loop
      vertex 0.43422338028030472 0.17986121321159218 2.8166876380389123e-17
      vertex 0.40703193977868618 0.23499999999999996 2.8166876380389123e-17
      vertex 0.42219405925511594 0.24375385376120196 -0.088017189443970634
    endloop
  endfacet
  facet normal -0.87971119702240042 -0.43382555304011988 -0.19468846746237867
    outer loop
      vertex 0.43422338028030472 0.17986121321159218 2.8166876380389123e-17
      vertex 0.42219405925511594 0.24375385376120196 -0.088017189443970634
      vertex 0.45039839292144768 0.18656112281910986 -0.088017189443970634
    endloop
  endfacet
  facet normal -0.74621521005411129 -0.36799261767317354 -0.55474705372984534
    outer loop
      vertex 0.45039839292144768 0.18656112281910986 -0.088017189443970634
      vertex 0.42219405925511594 0.24375385376120196 -0.088017189443970634
      vertex 0.46537212243907428 0.26868272016354694 -0.16263455967290591
    endloop
  endfacet
  facet normal -0.74621521005411118 -0.36799261767317376 -0.55474705372984556
    outer loop
      vertex 0.45039839292144768 0.18656112281910986 -0.088017189443970634
      vertex 0.46537212243907428 0.26868272016354694 -0.16263455967290591
      vertex 0.49646093179711737 0.20564085113875016 -0.16263455967290591
    endloop
  endfacet
  facet normal -0.499014202216431 -0.24608657134769329 -0.83091890421907932
    outer loop
      vertex 0.49646093179711737 0.20564085113875016 -0.16263455967290591
      vertex 0.46537212243907428 0.26868272016354694 -0.16263455967290591
      vertex 0.52999266062092087 0.30599140527801455 -0.21249229247759591
    endloop
  endfacet
  facet normal -0.49901420221643111 -0.24608657134769332 -0.83091890421907932
    outer loop
      vertex 0.49646093179711737 0.20564085113875016 -0.16263455967290591
      vertex 0.52999266062092087 0.30599140527801455 -0.21249229247759591
      vertex 0.56539839292144767 0.23419568249201575 -0.21249229247759591
    endloop
  endfacet
  facet normal -0.1753322892918035 -0.086464316499850299 -0.98070510873753947
    outer loop
      vertex 0.56539839292144767 0.23419568249201575 -0.21249229247759591
      vertex 0.52999266062092087 0.30599140527801455 -0.21249229247759591
      vertex 0.60621778264910708 0.34999999999999992 -0.23000000000000001
    endloop
  endfacet
  facet normal -0.17533228929180367 -0.086464316499850258 -0.98070510873753935
    outer loop
      vertex 0.56539839292144767 0.23419568249201575 -0.21249229247759591
      vertex 0.60621778264910708 0.34999999999999992 -0.23000000000000001
      vertex 0.64671567275790065 0.26787840265556284 -0.23000000000000001
    endloop
  endfacet
  facet normal 0.17533228929180331 0.08646431649985005 -0.98070510873753958
    outer loop
      vertex 0.64671567275790065 0.26787840265556284 -0.23000000000000001
      vertex 0.60621778264910708 0.34999999999999992 -0.23000000000000001
      vertex 0.68244290467729329 0.39400859472198529 -0.21249229247759593
    endloop
  endfacet
  facet normal 0.17533228929180322 0.086464316499850077 -0.98070510873753947
    outer loop
      vertex 0.64671567275790065 0.26787840265556284 -0.23000000000000001
      vertex 0.68244290467729329 0.39400859472198529 -0.21249229247759593
      vertex 0.72803295259435374 0.30156112281910991 -0.21249229247759593
    endloop
  endfacet
  facet normal 0.49901420221643117 0.24608657134769304 -0.83091890421907932
    outer loop
      vertex 0.72803295259435374 0.30156112281910991 -0.21249229247759593
      vertex 0.68244290467729329 0.39400859472198529 -0.21249229247759593
      vertex 0.74706344285913984 0.4313172798364529 -0.16263455967290597
    endloop
  endfacet
  facet normal 0.49901420221643095 0.24608657134769318 -0.83091890421907955
    outer loop
      vertex 0.72803295259435374 0.30156112281910991 -0.21249229247759593
      vertex 0.74706344285913984 0.4313172798364529 -0.16263455967290597
      vertex 0.79697041371868405 0.33011595417237549 -0.16263455967290597
    endloop
  endfacet
  facet normal 0.74621521005411096 0.36799261767317359 -0.55474705372984601
    outer loop
      vertex 0.79697041371868405 0.33011595417237549 -0.16263455967290597
      vertex 0.74706344285913984 0.4313172798364529 -0.16263455967290597
      vertex 0.79024150604309817 0.45624614623879789 -0.0880171894439708
    endloop
  endfacet
  facet normal 0.74621521005411162 0.36799261767317326 -0.55474705372984534
    outer loop
      vertex 0.79697041371868405 0.33011595417237549 -0.16263455967290597
      vertex 0.79024150604309817 0.45624614623879789 -0.0880171894439708
      vertex 0.84303295259435362 0.34919568249201577 -0.0880171894439708
    endloop
  endfacet
  facet normal 0.87971119702240053 0.43382555304011949 -0.19468846746237803
    outer loop
      vertex 0.84303295259435362 0.34919568249201577 -0.0880171894439708
      vertex 0.79024150604309817 0.45624614623879789 -0.0880171894439708
      vertex 0.80540362551952793 0.46499999999999991 0
    endloop
  endfacet
  facet normal 0.87971119702240042 0.43382555304011977 -0.1946884674623785
    outer loop
      vertex 0.84303295259435362 0.34919568249201577 -0.0880171894439708
      vertex 0.80540362551952793 0.46499999999999991 0
      vertex 0.85920796523549658 0.35589559209953348 0
    endloop
  endfacet
  facet normal 0.81555954825477728 0.54493946809495597 0.19468846746237953
    outer loop
      vertex 0.80540362551952793 0.46499999999999991 0
      vertex 0.73781860647084863 0.56614812897811018 0
      vertex 0.72392880822710737 0.55549011192810471 0.088017189443970648
    endloop
  endfacet
  facet normal 0.81555954825477706 0.54493946809495675 0.19468846746237836
    outer loop
      vertex 0.80540362551952793 0.46499999999999991 0
      vertex 0.72392880822710737 0.55549011192810471 0.088017189443970648
      vertex 0.79024150604309817 0.45624614623879789 0.088017189443970648
    endloop
  endfacet
  facet normal 0.69179856033715859 0.46224501976061549 0.55474705372984456
    outer loop
      vertex 0.79024150604309817 0.45624614623879789 0.088017189443970648
      vertex 0.72392880822710737 0.55549011192810471 0.088017189443970648
      vertex 0.68437400936715875 0.52513864725878667 0.16263455967290594
    endloop
  endfacet
  facet normal 0.69179856033715847 0.46224501976061461 0.55474705372984523
    outer loop
      vertex 0.79024150604309817 0.45624614623879789 0.088017189443970648
      vertex 0.68437400936715875 0.52513864725878667 0.16263455967290594
      vertex 0.74706344285913984 0.4313172798364529 0.16263455967290594
    endloop
  endfacet
  facet normal 0.46262432342552928 0.30911569029480751 0.83091890421907966
    outer loop
      vertex 0.74706344285913984 0.4313172798364529 0.16263455967290594
      vertex 0.68437400936715875 0.52513864725878667 0.16263455967290594
      vertex 0.6251760694522851 0.47971447032934728 0.21249229247759596
    endloop
  endfacet
  facet normal 0.46262432342552939 0.30911569029480773 0.83091890421907955
    outer loop
      vertex 0.74706344285913984 0.4313172798364529 0.16263455967290594
      vertex 0.6251760694522851 0.47971447032934728 0.21249229247759596
      vertex 0.68244290467729318 0.39400859472198524 0.21249229247759596
    endloop
  endfacet
  facet normal 0.16254643925562989 0.10861005838045895 0.98070510873753947
    outer loop
      vertex 0.68244290467729318 0.39400859472198524 0.21249229247759596
      vertex 0.6251760694522851 0.47971447032934728 0.21249229247759596
      vertex 0.55534733820386462 0.42613300030610446 0.23000000000000001
    endloop
  endfacet
  facet normal 0.16254643925562987 0.10861005838045878 0.98070510873753958
    outer loop
      vertex 0.68244290467729318 0.39400859472198524 0.21249229247759596
      vertex 0.55534733820386462 0.42613300030610446 0.23000000000000001
      vertex 0.60621778264910708 0.34999999999999992 0.23000000000000001
    endloop
  endfacet
  facet normal -0.16254643925562978 -0.10861005838045872 0.98070510873753958
    outer loop
      vertex 0.60621778264910708 0.34999999999999992 0.23000000000000001
      vertex 0.55534733820386462 0.42613300030610446 0.23000000000000001
      vertex 0.48551860695544402 0.37255153028286159 0.21249229247759596
    endloop
  endfacet
  facet normal -0.16254643925562978 -0.10861005838045884 0.98070510873753947
    outer loop
      vertex 0.60621778264910708 0.34999999999999992 0.23000000000000001
      vertex 0.48551860695544402 0.37255153028286159 0.21249229247759596
      vertex 0.52999266062092099 0.30599140527801461 0.21249229247759596
    endloop
  endfacet
  facet normal -0.46262432342552934 -0.30911569029480768 0.83091890421907943
    outer loop
      vertex 0.52999266062092099 0.30599140527801461 0.21249229247759596
      vertex 0.48551860695544402 0.37255153028286159 0.21249229247759596
      vertex 0.42632066704057042 0.32712735335342213 0.16263455967290594
    endloop
  endfacet
  facet normal -0.46262432342552928 -0.30911569029480734 0.83091890421907966
    outer loop
      vertex 0.52999266062092099 0.30599140527801461 0.21249229247759596
      vertex 0.42632066704057042 0.32712735335342213 0.16263455967290594
      vertex 0.46537212243907428 0.26868272016354694 0.16263455967290594
    endloop
  endfacet
  facet normal -0.69179856033715881 -0.46224501976061461 0.55474705372984512
    outer loop
      vertex 0.46537212243907428 0.26868272016354694 0.16263455967290594
      vertex 0.42632066704057042 0.32712735335342213 0.16263455967290594
      vertex 0.38676586818062175 0.29677588868410409 0.088017189443970675
    endloop
  endfacet
  facet normal -0.6917985603371587 -0.46224501976061483 0.55474705372984501
    outer loop
      vertex 0.46537212243907428 0.26868272016354694 0.16263455967290594
      vertex 0.38676586818062175 0.29677588868410409 0.088017189443970675
      vertex 0.42219405925511599 0.24375385376120198 0.088017189443970675
    endloop
  endfacet
  facet normal -0.81555954825477728 -0.54493946809495597 0.19468846746237911
    outer loop
      vertex 0.42219405925511599 0.24375385376120198 0.088017189443970675
      vertex 0.38676586818062175 0.29677588868410409 0.088017189443970675
      vertex 0.37287606993688049 0.28611787163409869 2.8166876380389123e-17
    endloop
  endfacet
  facet normal -0.81555954825477717 -0.5449394680949563 0.19468846746237892
    outer loop
      vertex 0.42219405925511599 0.24375385376120198 0.088017189443970675
      vertex 0.37287606993688049 0.28611787163409869 2.8166876380389123e-17
      vertex 0.40703193977868618 0.23499999999999996 2.8166876380389123e-17
    endloop
  endfacet
  facet normal -0.81555954825477739 -0.5449394680949563 -0.19468846746237861
    outer loop
      vertex 0.40703193977868618 0.23499999999999996 2.8166876380389123e-17
      vertex 0.37287606993688049 0.28611787163409869 2.8166876380389123e-17
      vertex 0.3867658681806217 0.29677588868410409 -0.088017189443970634
    endloop
  endfacet
  facet normal -0.81555954825477761 -0.54493946809495586 -0.19468846746237825
    outer loop
      vertex 0.40703193977868618 0.23499999999999996 2.8166876380389123e-17
      vertex 0.3867658681806217 0.29677588868410409 -0.088017189443970634
      vertex 0.42219405925511594 0.24375385376120196 -0.088017189443970634
    endloop
  endfacet
  facet normal -0.69179856033715847 -0.46224501976061438 -0.55474705372984523
    outer loop
      vertex 0.42219405925511594 0.24375385376120196 -0.088017189443970634
      vertex 0.3867658681806217 0.29677588868410409 -0.088017189443970634
      vertex 0.42632066704057042 0.32712735335342213 -0.16263455967290591
    endloop
  endfacet
  facet normal -0.69179856033715859 -0.46224501976061444 -0.55474705372984534
    outer loop
      vertex 0.42219405925511594 0.24375385376120196 -0.088017189443970634
      vertex 0.42632066704057042 0.32712735335342213 -0.16263455967290591
      vertex 0.46537212243907428 0.26868272016354694 -0.16263455967290591
    endloop
  endfacet
  facet normal -0.46262432342552962 -0.30911569029480757 -0.83091890421907932
    outer loop
      vertex 0.46537212243907428 0.26868272016354694 -0.16263455967290591
      vertex 0.42632066704057042 0.32712735335342213 -0.16263455967290591
      vertex 0.48551860695544397 0.37255153028286153 -0.21249229247759591
    endloop
  endfacet
  facet normal -0.46262432342552967 -0.30911569029480751 -0.83091890421907943
    outer loop
      vertex 0.46537212243907428 0.26868272016354694 -0.16263455967290591
      vertex 0.48551860695544397 0.37255153028286153 -0.21249229247759591
      vertex 0.52999266062092087 0.30599140527801455 -0.21249229247759591
    endloop
  endfacet
  facet normal -0.16254643925563012 -0.10861005838045895 -0.98070510873753947
    outer loop
      vertex 0.52999266062092087 0.30599140527801455 -0.21249229247759591
      vertex 0.48551860695544397 0.37255153028286153 -0.21249229247759591
      vertex 0.55534733820386462 0.42613300030610446 -0.23000000000000001
    endloop
  endfacet
  facet normal -0.16254643925563014 -0.10861005838045892 -0.98070510873753935
    outer loop
      vertex 0.52999266062092087 0.30599140527801455 -0.21249229247759591
      vertex 0.55534733820386462 0.42613300030610446 -0.23000000000000001
      vertex 0.60621778264910708 0.34999999999999992 -0.23000000000000001
    endloop
  endfacet
  facet normal 0.16254643925563 0.10861005838045885 -0.98070510873753935
    outer loop
      vertex 0.60621778264910708 0.34999999999999992 -0.23000000000000001
      vertex 0.55534733820386462 0.42613300030610446 -0.23000000000000001
      vertex 0.62517606945228521 0.47971447032934733 -0.21249229247759593
    endloop
  endfacet
  facet normal 0.16254643925562984 0.10861005838045891 -0.98070510873753947
    outer loop
      vertex 0.60621778264910708 0.34999999999999992 -0.23000000000000001
      vertex 0.62517606945228521 0.47971447032934733 -0.21249229247759593
      vertex 0.68244290467729329 0.39400859472198529 -0.21249229247759593
    endloop
  endfacet
  facet normal 0.46262432342552945 0.30911569029480779 -0.83091890421907943
    outer loop
      vertex 0.68244290467729329 0.39400859472198529 -0.21249229247759593
      vertex 0.62517606945228521 0.47971447032934733 -0.21249229247759593
      vertex 0.68437400936715875 0.52513864725878667 -0.16263455967290597
    endloop
  endfacet
  facet normal 0.46262432342552967 0.30911569029480773 -0.83091890421907932
    outer loop
      vertex 0.68244290467729329 0.39400859472198529 -0.21249229247759593
      vertex 0.68437400936715875 0.52513864725878667 -0.16263455967290597
      vertex 0.74706344285913984 0.4313172798364529 -0.16263455967290597
    endloop
  endfacet
  facet normal 0.69179856033715847 0.46224501976061461 -0.55474705372984523
    outer loop
      vertex 0.74706344285913984 0.4313172798364529 -0.16263455967290597
      vertex 0.68437400936715875 0.52513864725878667 -0.16263455967290597
      vertex 0.72392880822710737 0.55549011192810471 -0.0880171894439708
    endloop
  endfacet
  facet normal 0.69179856033715781 0.46224501976061499 -0.5547470537298459
    outer loop
      vertex 0.74706344285913984 0.4313172798364529 -0.16263455967290597
      vertex 0.72392880822710737 0.55549011192810471 -0.0880171894439708
      vertex 0.79024150604309817 0.45624614623879789 -0.0880171894439708
    endloop
  endfacet
  facet normal 0.81555954825477683 0.54493946809495664 -0.19468846746237919
    outer loop
      vertex 0.79024150604309817 0.45624614623879789 -0.0880171894439708
      vertex 0.72392880822710737 0.55549011192810471 -0.0880171894439708
      vertex 0.73781860647084863 0.56614812897811018 0
    endloop
  endfacet
  facet normal 0.81555954825477739 0.54493946809495608 -0.19468846746237811
    outer loop
      vertex 0.79024150604309817 0.45624614623879789 -0.0880171894439708
      vertex 0.73781860647084863 0.56614812897811018 0
      vertex 0.80540362551952793 0.46499999999999991 0
    endloop
  endfacet
  facet normal 0.73745344950069047 0.64672931776492326 0.19468846746237803
    outer loop
      vertex 0.73781860647084863 0.56614812897811018 0
      vertex 0.65760930650348914 0.65760930650348914 0
      vertex 0.64522948779136657 0.64522948779136657 0.088017189443970648
    endloop
  endfacet
  facet normal 0.73745344950069103 0.64672931776492226 0.1946884674623795
    outer loop
      vertex 0.73781860647084863 0.56614812897811018 0
      vertex 0.64522948779136657 0.64522948779136657 0.088017189443970648
      vertex 0.72392880822710737 0.55549011192810471 0.088017189443970648
    endloop
  endfacet
  facet normal 0.62554504545004086 0.54858828140141891 0.55474705372984512
    outer loop
      vertex 0.72392880822710737 0.55549011192810471 0.088017189443970648
      vertex 0.64522948779136657 0.64522948779136657 0.088017189443970648
      vertex 0.60997474683058328 0.60997474683058328 0.16263455967290594
    endloop
  endfacet
  facet normal 0.62554504545004075 0.5485882814014198 0.55474705372984456
    outer loop
      vertex 0.72392880822710737 0.55549011192810471 0.088017189443970648
      vertex 0.60997474683058328 0.60997474683058328 0.16263455967290594
      vertex 0.68437400936715875 0.52513864725878667 0.16263455967290594
    endloop
  endfacet
  facet normal 0.41831881419712319 0.3668557540779171 0.83091890421907932
    outer loop
      vertex 0.68437400936715875 0.52513864725878667 0.16263455967290594
      vertex 0.60997474683058328 0.60997474683058328 0.16263455967290594
      vertex 0.55721229834739594 0.55721229834739594 0.21249229247759596
    endloop
  endfacet
  facet normal 0.41831881419712325 0.36685575407791665 0.83091890421907955
    outer loop
      vertex 0.68437400936715875 0.52513864725878667 0.16263455967290594
      vertex 0.55721229834739594 0.55721229834739594 0.21249229247759596
      vertex 0.6251760694522851 0.47971447032934728 0.21249229247759596
    endloop
  endfacet
  facet normal 0.14697937457740573 0.12889745204978054 0.98070510873753947
    outer loop
      vertex 0.6251760694522851 0.47971447032934728 0.21249229247759596
      vertex 0.55721229834739594 0.55721229834739594 0.21249229247759596
      vertex 0.49497474683058329 0.49497474683058329 0.23000000000000001
    endloop
  endfacet
  facet normal 0.14697937457740576 0.1288974520497807 0.98070510873753935
    outer loop
      vertex 0.6251760694522851 0.47971447032934728 0.21249229247759596
      vertex 0.49497474683058329 0.49497474683058329 0.23000000000000001
      vertex 0.55534733820386462 0.42613300030610446 0.23000000000000001
    endloop
  endfacet
  facet normal -0.14697937457740567 -0.12889745204978068 0.98070510873753958
    outer loop
      vertex 0.55534733820386462 0.42613300030610446 0.23000000000000001
      vertex 0.49497474683058329 0.49497474683058329 0.23000000000000001
      vertex 0.43273719531377064 0.43273719531377064 0.21249229247759596
    endloop
  endfacet
  facet normal -0.14697937457740562 -0.12889745204978054 0.98070510873753947
    outer loop
      vertex 0.55534733820386462 0.42613300030610446 0.23000000000000001
      vertex 0.43273719531377064 0.43273719531377064 0.21249229247759596
      vertex 0.48551860695544402 0.37255153028286159 0.21249229247759596
    endloop
  endfacet
  facet normal -0.41831881419712313 -0.36685575407791665 0.83091890421907955
    outer loop
      vertex 0.48551860695544402 0.37255153028286159 0.21249229247759596
      vertex 0.43273719531377064 0.43273719531377064 0.21249229247759596
      vertex 0.37997474683058324 0.37997474683058324 0.16263455967290594
    endloop
  endfacet
  facet normal -0.41831881419712313 -0.36685575407791687 0.83091890421907943
    outer loop
      vertex 0.48551860695544402 0.37255153028286159 0.21249229247759596
      vertex 0.37997474683058324 0.37997474683058324 0.16263455967290594
      vertex 0.42632066704057042 0.32712735335342213 0.16263455967290594
    endloop
  endfacet
  facet normal -0.62554504545004042 -0.54858828140141913 0.55474705372984545
    outer loop
      vertex 0.42632066704057042 0.32712735335342213 0.16263455967290594
      vertex 0.37997474683058324 0.37997474683058324 0.16263455967290594
      vertex 0.34472000586979995 0.34472000586979995 0.088017189443970675
    endloop
  endfacet
  facet normal -0.6255450454500403 -0.54858828140141969 0.55474705372984501
    outer loop
      vertex 0.42632066704057042 0.32712735335342213 0.16263455967290594
      vertex 0.34472000586979995 0.34472000586979995 0.088017189443970675
      vertex 0.38676586818062175 0.29677588868410409 0.088017189443970675
    endloop
  endfacet
  facet normal -0.73745344950069025 -0.64672931776492315 0.19468846746237892
    outer loop
      vertex 0.38676586818062175 0.29677588868410409 0.088017189443970675
      vertex 0.34472000586979995 0.34472000586979995 0.088017189443970675
      vertex 0.33234018715767732 0.33234018715767732 2.8166876380389123e-17
    endloop
  endfacet
  facet normal -0.73745344950069058 -0.64672931776492282 0.19468846746237911
    outer loop
      vertex 0.38676586818062175 0.29677588868410409 0.088017189443970675
      vertex 0.33234018715767732 0.33234018715767732 2.8166876380389123e-17
      vertex 0.37287606993688049 0.28611787163409869 2.8166876380389123e-17
    endloop
  endfacet
  facet normal -0.73745344950069058 -0.64672931776492293 -0.19468846746237886
    outer loop
      vertex 0.37287606993688049 0.28611787163409869 2.8166876380389123e-17
      vertex 0.33234018715767732 0.33234018715767732 2.8166876380389123e-17
      vertex 0.34472000586979995 0.34472000586979995 -0.088017189443970634
    endloop
  endfacet
  facet normal -0.73745344950069092 -0.64672931776492271 -0.19468846746237867
    outer loop
      vertex 0.37287606993688049 0.28611787163409869 2.8166876380389123e-17
      vertex 0.34472000586979995 0.34472000586979995 -0.088017189443970634
      vertex 0.3867658681806217 0.29677588868410409 -0.088017189443970634
    endloop
  endfacet
  facet normal -0.62554504545004064 -0.54858828140141924 -0.55474705372984534
    outer loop
      vertex 0.3867658681806217 0.29677588868410409 -0.088017189443970634
      vertex 0.34472000586979995 0.34472000586979995 -0.088017189443970634
      vertex 0.37997474683058324 0.37997474683058324 -0.16263455967290591
    endloop
  endfacet
  facet normal -0.62554504545004053 -0.54858828140141924 -0.55474705372984534
    outer loop
      vertex 0.3867658681806217 0.29677588868410409 -0.088017189443970634
      vertex 0.37997474683058324 0.37997474683058324 -0.16263455967290591
      vertex 0.42632066704057042 0.32712735335342213 -0.16263455967290591
    endloop
  endfacet
  facet normal -0.41831881419712352 -0.36685575407791715 -0.83091890421907921
    outer loop
      vertex 0.42632066704057042 0.32712735335342213 -0.16263455967290591
      vertex 0.37997474683058324 0.37997474683058324 -0.16263455967290591
      vertex 0.43273719531377053 0.43273719531377053 -0.21249229247759591
    endloop
  endfacet
  facet normal -0.41831881419712297 -0.36685575407791721 -0.83091890421907932
    outer loop
      vertex 0.42632066704057042 0.32712735335342213 -0.16263455967290591
      vertex 0.43273719531377053 0.43273719531377053 -0.21249229247759591
      vertex 0.48551860695544397 0.37255153028286153 -0.21249229247759591
    endloop
  endfacet
  facet normal -0.14697937457740579 -0.1288974520497809 -0.98070510873753947
    outer loop
      vertex 0.48551860695544397 0.37255153028286153 -0.21249229247759591
      vertex 0.43273719531377053 0.43273719531377053 -0.21249229247759591
      vertex 0.49497474683058329 0.49497474683058329 -0.23000000000000001
    endloop
  endfacet
  facet normal -0.14697937457740584 -0.12889745204978087 -0.98070510873753935
    outer loop
      vertex 0.48551860695544397 0.37255153028286153 -0.21249229247759591
      vertex 0.49497474683058329 0.49497474683058329 -0.23000000000000001
      vertex 0.55534733820386462 0.42613300030610446 -0.23000000000000001
    endloop
  endfacet
  facet normal 0.14697937457740562 0.12889745204978065 -0.98070510873753958
    outer loop
      vertex 0.55534733820386462 0.42613300030610446 -0.23000000000000001
      vertex 0.49497474683058329 0.49497474683058329 -0.23000000000000001
      vertex 0.55721229834739605 0.55721229834739605 -0.21249229247759593
    endloop
  endfacet
  facet normal 0.1469793745774059 0.12889745204978062 -0.98070510873753947
    outer loop
      vertex 0.55534733820386462 0.42613300030610446 -0.23000000000000001
      vertex 0.55721229834739605 0.55721229834739605 -0.21249229247759593
      vertex 0.62517606945228521 0.47971447032934733 -0.21249229247759593
    endloop
  endfacet
  facet normal 0.41831881419712397 0.36685575407791704 -0.8309189042190791
    outer loop
      vertex 0.62517606945228521 0.47971447032934733 -0.21249229247759593
      vertex 0.55721229834739605 0.55721229834739605 -0.21249229247759593
      vertex 0.60997474683058328 0.60997474683058328 -0.16263455967290597
    endloop
  endfacet
  facet normal 0.41831881419712302 0.36685575407791698 -0.83091890421907932
    outer loop
      vertex 0.62517606945228521 0.47971447032934733 -0.21249229247759593
      vertex 0.60997474683058328 0.60997474683058328 -0.16263455967290597
      vertex 0.68437400936715875 0.52513864725878667 -0.16263455967290597
    endloop
  endfacet
  facet normal 0.62554504545004019 0.54858828140141913 -0.55474705372984601
    outer loop
      vertex 0.68437400936715875 0.52513864725878667 -0.16263455967290597
      vertex 0.60997474683058328 0.60997474683058328 -0.16263455967290597
      vertex 0.64522948779136657 0.64522948779136657 -0.0880171894439708
    endloop
  endfacet
  facet normal 0.62554504545004086 0.54858828140141902 -0.55474705372984534
    outer loop
      vertex 0.68437400936715875 0.52513864725878667 -0.16263455967290597
      vertex 0.64522948779136657 0.64522948779136657 -0.0880171894439708
      vertex 0.72392880822710737 0.55549011192810471 -0.0880171894439708
    endloop
  endfacet
  facet normal 0.73745344950069125 0.6467293177649226 -0.1946884674623777
    outer loop
      vertex 0.72392880822710737 0.55549011192810471 -0.0880171894439708
      vertex 0.64522948779136657 0.64522948779136657 -0.0880171894439708
      vertex 0.65760930650348914 0.65760930650348914 0
    endloop
  endfacet
  facet normal 0.73745344950069036 0.64672931776492315 -0.19468846746237917
    outer loop
      vertex 0.72392880822710737 0.55549011192810471 -0.0880171894439708
      vertex 0.65760930650348914 0.65760930650348914 0
      vertex 0.73781860647084863 0.56614812897811018 0
    endloop
  endfacet
  facet normal 0.64672931776492304 0.73745344950069025 0.19468846746237947
    outer loop
      vertex 0.65760930650348914 0.65760930650348914 0
      vertex 0.56614812897811018 0.73781860647084863 0
      vertex 0.55549011192810471 0.72392880822710737 0.088017189443970648
    endloop
  endfacet
  facet normal 0.64672931776492237 0.73745344950069114 0.19468846746237806
    outer loop
      vertex 0.65760930650348914 0.65760930650348914 0
      vertex 0.55549011192810471 0.72392880822710737 0.088017189443970648
      vertex 0.64522948779136657 0.64522948779136657 0.088017189443970648
    endloop
  endfacet
  facet normal 0.54858828140141924 0.62554504545004119 0.55474705372984467
    outer loop
      vertex 0.64522948779136657 0.64522948779136657 0.088017189443970648
      vertex 0.55549011192810471 0.72392880822710737 0.088017189443970648
      vertex 0.52513864725878667 0.68437400936715875 0.16263455967290594
    endloop
  endfacet
  facet normal 0.54858828140141946 0.62554504545004053 0.55474705372984534
    outer loop
      vertex 0.64522948779136657 0.64522948779136657 0.088017189443970648
      vertex 0.52513864725878667 0.68437400936715875 0.16263455967290594
      vertex 0.60997474683058328 0.60997474683058328 0.16263455967290594
    endloop
  endfacet
  facet normal 0.36685575407791687 0.41831881419712297 0.83091890421907955
    outer loop
      vertex 0.60997474683058328 0.60997474683058328 0.16263455967290594
      vertex 0.52513864725878667 0.68437400936715875 0.16263455967290594
      vertex 0.47971447032934728 0.6251760694522851 0.21249229247759596
    endloop
  endfacet
  facet normal 0.36685575407791687 0.41831881419712352 0.83091890421907921
    outer loop
      vertex 0.60997474683058328 0.60997474683058328 0.16263455967290594
      vertex 0.47971447032934728 0.6251760694522851 0.21249229247759596
      vertex 0.55721229834739594 0.55721229834739594 0.21249229247759596
    endloop
  endfacet
  facet normal 0.12889745204978068 0.14697937457740587 0.98070510873753947
    outer loop
      vertex 0.55721229834739594 0.55721229834739594 0.21249229247759596
      vertex 0.47971447032934728 0.6251760694522851 0.21249229247759596
      vertex 0.42613300030610446 0.55534733820386462 0.23000000000000001
    endloop
  endfacet
  facet normal 0.12889745204978068 0.14697937457740565 0.98070510873753958
    outer loop
      vertex 0.55721229834739594 0.55721229834739594 0.21249229247759596
      vertex 0.42613300030610446 0.55534733820386462 0.23000000000000001
      vertex 0.49497474683058329 0.49497474683058329 0.23000000000000001
    endloop
  endfacet
  facet normal -0.12889745204978059 -0.14697937457740559 0.98070510873753958
    outer loop
      vertex 0.49497474683058329 0.49497474683058329 0.23000000000000001
      vertex 0.42613300030610446 0.55534733820386462 0.23000000000000001
      vertex 0.37255153028286159 0.48551860695544402 0.21249229247759596
    endloop
  endfacet
  facet normal -0.12889745204978059 -0.1469793745774057 0.98070510873753947
    outer loop
      vertex 0.49497474683058329 0.49497474683058329 0.23000000000000001
      vertex 0.37255153028286159 0.48551860695544402 0.21249229247759596
      vertex 0.43273719531377064 0.43273719531377064 0.21249229247759596
    endloop
  endfacet
  facet normal -0.36685575407791665 -0.41831881419712319 0.83091890421907955
    outer loop
      vertex 0.43273719531377064 0.43273719531377064 0.21249229247759596
      vertex 0.37255153028286159 0.48551860695544402 0.21249229247759596
      vertex 0.32712735335342213 0.42632066704057042 0.16263455967290594
    endloop
  endfacet
  facet normal -0.36685575407791671 -0.41831881419712302 0.83091890421907955
    outer loop
      vertex 0.43273719531377064 0.43273719531377064 0.21249229247759596
      vertex 0.32712735335342213 0.42632066704057042 0.16263455967290594
      vertex 0.37997474683058324 0.37997474683058324 0.16263455967290594
    endloop
  endfacet
  facet normal -0.54858828140141935 -0.62554504545004064 0.55474705372984512
    outer loop
      vertex 0.37997474683058324 0.37997474683058324 0.16263455967290594
      vertex 0.32712735335342213 0.42632066704057042 0.16263455967290594
      vertex 0.29677588868410409 0.38676586818062175 0.088017189443970675
    endloop
  endfacet
  facet normal -0.54858828140141958 -0.62554504545004019 0.55474705372984545
    outer loop
      vertex 0.37997474683058324 0.37997474683058324 0.16263455967290594
      vertex 0.29677588868410409 0.38676586818062175 0.088017189443970675
      vertex 0.34472000586979995 0.34472000586979995 0.088017189443970675
    endloop
  endfacet
  facet normal -0.64672931776492315 -0.73745344950069025 0.19468846746237917
    outer loop
      vertex 0.34472000586979995 0.34472000586979995 0.088017189443970675
      vertex 0.29677588868410409 0.38676586818062175 0.088017189443970675
      vertex 0.28611787163409869 0.37287606993688049 2.8166876380389123e-17
    endloop
  endfacet
  facet normal -0.64672931776492282 -0.73745344950069058 0.19468846746237886
    outer loop
      vertex 0.34472000586979995 0.34472000586979995 0.088017189443970675
      vertex 0.28611787163409869 0.37287606993688049 2.8166876380389123e-17
      vertex 0.33234018715767732 0.33234018715767732 2.8166876380389123e-17
    endloop
  endfacet
  facet normal -0.64672931776492293 -0.73745344950069058 -0.19468846746237864
    outer loop
      vertex 0.33234018715767732 0.33234018715767732 2.8166876380389123e-17
      vertex 0.28611787163409869 0.37287606993688049 2.8166876380389123e-17
      vertex 0.29677588868410409 0.3867658681806217 -0.088017189443970634
    endloop
  endfacet
  facet normal -0.6467293177649226 -0.73745344950069081 -0.19468846746237886
    outer loop
      vertex 0.33234018715767732 0.33234018715767732 2.8166876380389123e-17
      vertex 0.29677588868410409 0.3867658681806217 -0.088017189443970634
      vertex 0.34472000586979995 0.34472000586979995 -0.088017189443970634
    endloop
  endfacet
  facet normal -0.54858828140141924 -0.62554504545004064 -0.55474705372984523
    outer loop
      vertex 0.34472000586979995 0.34472000586979995 -0.088017189443970634
      vertex 0.29677588868410409 0.3867658681806217 -0.088017189443970634
      vertex 0.32712735335342213 0.42632066704057042 -0.16263455967290591
    endloop
  endfacet
  facet normal -0.54858828140141924 -0.62554504545004053 -0.55474705372984534
    outer loop
      vertex 0.34472000586979995 0.34472000586979995 -0.088017189443970634
      vertex 0.32712735335342213 0.42632066704057042 -0.16263455967290591
      vertex 0.37997474683058324 0.37997474683058324 -0.16263455967290591
    endloop
  endfacet
  facet normal -0.36685575407791693 -0.41831881419712325 -0.83091890421907932
    outer loop
      vertex 0.37997474683058324 0.37997474683058324 -0.16263455967290591
      vertex 0.32712735335342213 0.42632066704057042 -0.16263455967290591
      vertex 0.37255153028286153 0.48551860695544397 -0.21249229247759591
    endloop
  endfacet
  facet normal -0.36685575407791743 -0.41831881419712325 -0.83091890421907921
    outer loop
      vertex 0.37997474683058324 0.37997474683058324 -0.16263455967290591
      vertex 0.37255153028286153 0.48551860695544397 -0.21249229247759591
      vertex 0.43273719531377053 0.43273719531377053 -0.21249229247759591
    endloop
  endfacet
  facet normal -0.12889745204978093 -0.14697937457740584 -0.98070510873753935
    outer loop
      vertex 0.43273719531377053 0.43273719531377053 -0.21249229247759591
      vertex 0.37255153028286153 0.48551860695544397 -0.21249229247759591
      vertex 0.42613300030610446 0.55534733820386462 -0.23000000000000001
    endloop
  endfacet
  facet normal -0.12889745204978087 -0.14697937457740584 -0.98070510873753958
    outer loop
      vertex 0.43273719531377053 0.43273719531377053 -0.21249229247759591
      vertex 0.42613300030610446 0.55534733820386462 -0.23000000000000001
      vertex 0.49497474683058329 0.49497474683058329 -0.23000000000000001
    endloop
  endfacet
  facet normal 0.12889745204978081 0.14697937457740581 -0.98070510873753958
    outer loop
      vertex 0.49497474683058329 0.49497474683058329 -0.23000000000000001
      vertex 0.42613300030610446 0.55534733820386462 -0.23000000000000001
      vertex 0.47971447032934733 0.62517606945228521 -0.21249229247759593
    endloop
  endfacet
  facet normal 0.12889745204978048 0.14697937457740576 -0.98070510873753947
    outer loop
      vertex 0.49497474683058329 0.49497474683058329 -0.23000000000000001
      vertex 0.47971447032934733 0.62517606945228521 -0.21249229247759593
      vertex 0.55721229834739605 0.55721229834739605 -0.21249229247759593
    endloop
  endfacet
  facet normal 0.3668557540779166 0.41831881419712347 -0.83091890421907943
    outer loop
      vertex 0.55721229834739605 0.55721229834739605 -0.21249229247759593
      vertex 0.47971447032934733 0.62517606945228521 -0.21249229247759593
      vertex 0.52513864725878667 0.68437400936715875 -0.16263455967290597
    endloop
  endfacet
  facet normal 0.36685575407791732 0.41831881419712352 -0.83091890421907899
    outer loop
      vertex 0.55721229834739605 0.55721229834739605 -0.21249229247759593
      vertex 0.52513864725878667 0.68437400936715875 -0.16263455967290597
      vertex 0.60997474683058328 0.60997474683058328 -0.16263455967290597
    endloop
  endfacet
  facet normal 0.54858828140141946 0.62554504545004053 -0.55474705372984523
    outer loop
      vertex 0.60997474683058328 0.60997474683058328 -0.16263455967290597
      vertex 0.52513864725878667 0.68437400936715875 -0.16263455967290597
      vertex 0.55549011192810471 0.72392880822710737 -0.0880171894439708
    endloop
  endfacet
  facet normal 0.54858828140141869 0.62554504545004064 -0.55474705372984601
    outer loop
      vertex 0.60997474683058328 0.60997474683058328 -0.16263455967290597
      vertex 0.55549011192810471 0.72392880822710737 -0.0880171894439708
      vertex 0.64522948779136657 0.64522948779136657 -0.0880171894439708
    endloop
  endfacet
  facet normal 0.64672931776492237 0.73745344950069103 -0.19468846746237917
    outer loop
      vertex 0.64522948779136657 0.64522948779136657 -0.0880171894439708
      vertex 0.55549011192810471 0.72392880822710737 -0.0880171894439708
      vertex 0.56614812897811018 0.73781860647084863 0
    endloop
  endfacet
  facet normal 0.64672931776492326 0.73745344950069058 -0.19468846746237772
    outer loop
      vertex 0.64522948779136657 0.64522948779136657 -0.0880171894439708
      vertex 0.56614812897811018 0.73781860647084863 0
      vertex 0.65760930650348914 0.65760930650348914 0
    endloop
  endfacet
  facet normal 0.54493946809495608 0.8155595482547775 0.19468846746237845
    outer loop
      vertex 0.56614812897811018 0.73781860647084863 0
      vertex 0.46500000000000008 0.80540362551952782 0
      vertex 0.45624614623879806 0.79024150604309806 0.088017189443970648
    endloop
  endfacet
  facet normal 0.54493946809495675 0.81555954825477683 0.1946884674623795
    outer loop
      vertex 0.56614812897811018 0.73781860647084863 0
      vertex 0.45624614623879806 0.79024150604309806 0.088017189443970648
      vertex 0.55549011192810471 0.72392880822710737 0.088017189443970648
    endloop
  endfacet
  facet normal 0.46224501976061522 0.69179856033715814 0.55474705372984534
    outer loop
      vertex 0.55549011192810471 0.72392880822710737 0.088017189443970648
      vertex 0.45624614623879806 0.79024150604309806 0.088017189443970648
      vertex 0.43131727983645307 0.74706344285913973 0.16263455967290594
    endloop
  endfacet
  facet normal 0.46224501976061494 0.69179856033715892 0.55474705372984456
    outer loop
      vertex 0.55549011192810471 0.72392880822710737 0.088017189443970648
      vertex 0.43131727983645307 0.74706344285913973 0.16263455967290594
      vertex 0.52513864725878667 0.68437400936715875 0.16263455967290594
    endloop
  endfacet
  facet normal 0.30911569029480757 0.46262432342552939 0.83091890421907943
    outer loop
      vertex 0.52513864725878667 0.68437400936715875 0.16263455967290594
      vertex 0.43131727983645307 0.74706344285913973 0.16263455967290594
      vertex 0.39400859472198541 0.68244290467729307 0.21249229247759596
    endloop
  endfacet
  facet normal 0.30911569029480762 0.46262432342552934 0.83091890421907955
    outer loop
      vertex 0.52513864725878667 0.68437400936715875 0.16263455967290594
      vertex 0.39400859472198541 0.68244290467729307 0.21249229247759596
      vertex 0.47971447032934728 0.6251760694522851 0.21249229247759596
    endloop
  endfacet
  facet normal 0.10861005838045884 0.16254643925562973 0.98070510873753947
    outer loop
      vertex 0.47971447032934728 0.6251760694522851 0.21249229247759596
      vertex 0.39400859472198541 0.68244290467729307 0.21249229247759596
      vertex 0.35000000000000003 0.60621778264910697 0.23000000000000001
    endloop
  endfacet
  facet normal 0.1086100583804588 0.16254643925563003 0.98070510873753935
    outer loop
      vertex 0.47971447032934728 0.6251760694522851 0.21249229247759596
      vertex 0.35000000000000003 0.60621778264910697 0.23000000000000001
      vertex 0.42613300030610446 0.55534733820386462 0.23000000000000001
    endloop
  endfacet
  facet normal -0.10861005838045867 -0.16254643925562984 0.98070510873753935
    outer loop
      vertex 0.42613300030610446 0.55534733820386462 0.23000000000000001
      vertex 0.35000000000000003 0.60621778264910697 0.23000000000000001
      vertex 0.30599140527801472 0.52999266062092087 0.21249229247759596
    endloop
  endfacet
  facet normal -0.10861005838045873 -0.1625464392556297 0.98070510873753958
    outer loop
      vertex 0.42613300030610446 0.55534733820386462 0.23000000000000001
      vertex 0.30599140527801472 0.52999266062092087 0.21249229247759596
      vertex 0.37255153028286159 0.48551860695544402 0.21249229247759596
    endloop
  endfacet
  facet normal -0.30911569029480757 -0.4626243234255295 0.83091890421907955
    outer loop
      vertex 0.37255153028286159 0.48551860695544402 0.21249229247759596
      vertex 0.30599140527801472 0.52999266062092087 0.21249229247759596
      vertex 0.26868272016354705 0.46537212243907422 0.16263455967290594
    endloop
  endfacet
  facet normal -0.30911569029480757 -0.46262432342552934 0.83091890421907943
    outer loop
      vertex 0.37255153028286159 0.48551860695544402 0.21249229247759596
      vertex 0.26868272016354705 0.46537212243907422 0.16263455967290594
      vertex 0.32712735335342213 0.42632066704057042 0.16263455967290594
    endloop
  endfacet
  facet normal -0.46224501976061477 -0.69179856033715859 0.55474705372984512
    outer loop
      vertex 0.32712735335342213 0.42632066704057042 0.16263455967290594
      vertex 0.26868272016354705 0.46537212243907422 0.16263455967290594
      vertex 0.24375385376120207 0.42219405925511594 0.088017189443970675
    endloop
  endfacet
  facet normal -0.46224501976061461 -0.69179856033715859 0.55474705372984501
    outer loop
      vertex 0.32712735335342213 0.42632066704057042 0.16263455967290594
      vertex 0.24375385376120207 0.42219405925511594 0.088017189443970675
      vertex 0.29677588868410409 0.38676586818062175 0.088017189443970675
    endloop
  endfacet
  facet normal -0.54493946809495608 -0.81555954825477739 0.19468846746237892
    outer loop
      vertex 0.29677588868410409 0.38676586818062175 0.088017189443970675
      vertex 0.24375385376120207 0.42219405925511594 0.088017189443970675
      vertex 0.23500000000000004 0.40703193977868612 2.8166876380389123e-17
    endloop
  endfacet
  facet normal -0.5449394680949563 -0.81555954825477717 0.19468846746237919
    outer loop
      vertex 0.29677588868410409 0.38676586818062175 0.088017189443970675
      vertex 0.23500000000000004 0.40703193977868612 2.8166876380389123e-17
      vertex 0.28611787163409869 0.37287606993688049 2.8166876380389123e-17
    endloop
  endfacet
  facet normal -0.5449394680949563 -0.81555954825477739 -0.19468846746237822
    outer loop
      vertex 0.28611787163409869 0.37287606993688049 2.8166876380389123e-17
      vertex 0.23500000000000004 0.40703193977868612 2.8166876380389123e-17
      vertex 0.24375385376120204 0.42219405925511588 -0.088017189443970634
    endloop
  endfacet
  facet normal -0.54493946809495586 -0.81555954825477761 -0.19468846746237864
    outer loop
      vertex 0.28611787163409869 0.37287606993688049 2.8166876380389123e-17
      vertex 0.24375385376120204 0.42219405925511588 -0.088017189443970634
      vertex 0.29677588868410409 0.3867658681806217 -0.088017189443970634
    endloop
  endfacet
  facet normal -0.46224501976061444 -0.69179856033715847 -0.55474705372984545
    outer loop
      vertex 0.29677588868410409 0.3867658681806217 -0.088017189443970634
      vertex 0.24375385376120204 0.42219405925511588 -0.088017189443970634
      vertex 0.26868272016354705 0.46537212243907422 -0.16263455967290591
    endloop
  endfacet
  facet normal -0.46224501976061466 -0.69179856033715847 -0.55474705372984534
    outer loop
      vertex 0.29677588868410409 0.3867658681806217 -0.088017189443970634
      vertex 0.26868272016354705 0.46537212243907422 -0.16263455967290591
      vertex 0.32712735335342213 0.42632066704057042 -0.16263455967290591
    endloop
  endfacet
  facet normal -0.30911569029480779 -0.46262432342552978 -0.8309189042190791
    outer loop
      vertex 0.32712735335342213 0.42632066704057042 -0.16263455967290591
      vertex 0.26868272016354705 0.46537212243907422 -0.16263455967290591
      vertex 0.30599140527801466 0.52999266062092076 -0.21249229247759591
    endloop
  endfacet
  facet normal -0.30911569029480734 -0.46262432342552984 -0.83091890421907932
    outer loop
      vertex 0.32712735335342213 0.42632066704057042 -0.16263455967290591
      vertex 0.30599140527801466 0.52999266062092076 -0.21249229247759591
      vertex 0.37255153028286153 0.48551860695544397 -0.21249229247759591
    endloop
  endfacet
  facet normal -0.10861005838045888 -0.16254643925563014 -0.98070510873753947
    outer loop
      vertex 0.37255153028286153 0.48551860695544397 -0.21249229247759591
      vertex 0.30599140527801466 0.52999266062092076 -0.21249229247759591
      vertex 0.35000000000000003 0.60621778264910697 -0.23000000000000001
    endloop
  endfacet
  facet normal -0.1086100583804589 -0.16254643925563017 -0.98070510873753935
    outer loop
      vertex 0.37255153028286153 0.48551860695544397 -0.21249229247759591
      vertex 0.35000000000000003 0.60621778264910697 -0.23000000000000001
      vertex 0.42613300030610446 0.55534733820386462 -0.23000000000000001
    endloop
  endfacet
  facet normal 0.10861005838045869 0.16254643925562987 -0.98070510873753958
    outer loop
      vertex 0.42613300030610446 0.55534733820386462 -0.23000000000000001
      vertex 0.35000000000000003 0.60621778264910697 -0.23000000000000001
      vertex 0.39400859472198546 0.68244290467729318 -0.21249229247759593
    endloop
  endfacet
  facet normal 0.10861005838045899 0.16254643925562992 -0.98070510873753947
    outer loop
      vertex 0.42613300030610446 0.55534733820386462 -0.23000000000000001
      vertex 0.39400859472198546 0.68244290467729318 -0.21249229247759593
      vertex 0.47971447032934733 0.62517606945228521 -0.21249229247759593
    endloop
  endfacet
  facet normal 0.30911569029480784 0.46262432342552956 -0.83091890421907943
    outer loop
      vertex 0.47971447032934733 0.62517606945228521 -0.21249229247759593
      vertex 0.39400859472198546 0.68244290467729318 -0.21249229247759593
      vertex 0.43131727983645307 0.74706344285913973 -0.16263455967290597
    endloop
  endfacet
  facet normal 0.30911569029480757 0.46262432342552945 -0.83091890421907943
    outer loop
      vertex 0.47971447032934733 0.62517606945228521 -0.21249229247759593
      vertex 0.43131727983645307 0.74706344285913973 -0.16263455967290597
      vertex 0.52513864725878667 0.68437400936715875 -0.16263455967290597
    endloop
  endfacet
  facet normal 0.4622450197606145 0.69179856033715814 -0.5547470537298459
    outer loop
      vertex 0.52513864725878667 0.68437400936715875 -0.16263455967290597
      vertex 0.43131727983645307 0.74706344285913973 -0.16263455967290597
      vertex 0.45624614623879806 0.79024150604309806 -0.0880171894439708
    endloop
  endfacet
  facet normal 0.46224501976061527 0.69179856033715814 -0.55474705372984523
    outer loop
      vertex 0.52513864725878667 0.68437400936715875 -0.16263455967290597
      vertex 0.45624614623879806 0.79024150604309806 -0.0880171894439708
      vertex 0.55549011192810471 0.72392880822710737 -0.0880171894439708
    endloop
  endfacet
  facet normal 0.54493946809495675 0.81555954825477694 -0.19468846746237811
    outer loop
      vertex 0.55549011192810471 0.72392880822710737 -0.0880171894439708
      vertex 0.45624614623879806 0.79024150604309806 -0.0880171894439708
      vertex 0.46500000000000008 0.80540362551952782 0
    endloop
  endfacet
  facet normal 0.54493946809495608 0.81555954825477728 -0.19468846746237917
    outer loop
      vertex 0.55549011192810471 0.72392880822710737 -0.0880171894439708
      vertex 0.46500000000000008 0.80540362551952782 0
      vertex 0.56614812897811018 0.73781860647084863 0
    endloop
  endfacet
  facet normal 0.43382555304012005 0.87971119702240019 0.19468846746237883
    outer loop
      vertex 0.46500000000000008 0.80540362551952782 0
      vertex 0.35589559209953353 0.85920796523549658 0
      vertex 0.34919568249201582 0.84303295259435362 0.088017189443970648
    endloop
  endfacet
  facet normal 0.43382555304011977 0.8797111970224003 0.19468846746237833
    outer loop
      vertex 0.46500000000000008 0.80540362551952782 0
      vertex 0.34919568249201582 0.84303295259435362 0.088017189443970648
      vertex 0.45624614623879806 0.79024150604309806 0.088017189443970648
    endloop
  endfacet
  facet normal 0.36799261767317376 0.74621521005411173 0.55474705372984467
    outer loop
      vertex 0.45624614623879806 0.79024150604309806 0.088017189443970648
      vertex 0.34919568249201582 0.84303295259435362 0.088017189443970648
      vertex 0.33011595417237555 0.79697041371868405 0.16263455967290594
    endloop
  endfacet
  facet normal 0.3679926176731742 0.74621521005411118 0.55474705372984534
    outer loop
      vertex 0.45624614623879806 0.79024150604309806 0.088017189443970648
      vertex 0.33011595417237555 0.79697041371868405 0.16263455967290594
      vertex 0.43131727983645307 0.74706344285913973 0.16263455967290594
    endloop
  endfacet
  facet normal 0.24608657134769332 0.49901420221643067 0.83091890421907966
    outer loop
      vertex 0.43131727983645307 0.74706344285913973 0.16263455967290594
      vertex 0.33011595417237555 0.79697041371868405 0.16263455967290594
      vertex 0.30156112281910991 0.72803295259435363 0.21249229247759596
    endloop
  endfacet
  facet normal 0.24608657134769316 0.49901420221643089 0.83091890421907932
    outer loop
      vertex 0.43131727983645307 0.74706344285913973 0.16263455967290594
      vertex 0.30156112281910991 0.72803295259435363 0.21249229247759596
      vertex 0.39400859472198541 0.68244290467729307 0.21249229247759596
    endloop
  endfacet
  facet normal 0.086464316499850119 0.17533228929180311 0.98070510873753947
    outer loop
      vertex 0.39400859472198541 0.68244290467729307 0.21249229247759596
      vertex 0.30156112281910991 0.72803295259435363 0.21249229247759596
      vertex 0.26787840265556284 0.64671567275790065 0.23000000000000001
    endloop
  endfacet
  facet normal 0.086464316499850119 0.17533228929180322 0.98070510873753958
    outer loop
      vertex 0.39400859472198541 0.68244290467729307 0.21249229247759596
      vertex 0.26787840265556284 0.64671567275790065 0.23000000000000001
      vertex 0.35000000000000003 0.60621778264910697 0.23000000000000001
    endloop
  endfacet
  facet normal -0.086464316499850202 -0.17533228929180333 0.98070510873753935
    outer loop
      vertex 0.35000000000000003 0.60621778264910697 0.23000000000000001
      vertex 0.26787840265556284 0.64671567275790065 0.23000000000000001
      vertex 0.23419568249201583 0.56539839292144778 0.21249229247759596
    endloop
  endfacet
  facet normal -0.086464316499850313 -0.17533228929180314 0.98070510873753947
    outer loop
      vertex 0.35000000000000003 0.60621778264910697 0.23000000000000001
      vertex 0.23419568249201583 0.56539839292144778 0.21249229247759596
      vertex 0.30599140527801472 0.52999266062092087 0.21249229247759596
    endloop
  endfacet
  facet normal -0.24608657134769349 -0.49901420221643056 0.83091890421907955
    outer loop
      vertex 0.30599140527801472 0.52999266062092087 0.21249229247759596
      vertex 0.23419568249201583 0.56539839292144778 0.21249229247759596
      vertex 0.20564085113875019 0.49646093179711737 0.16263455967290594
    endloop
  endfacet
  facet normal -0.24608657134769332 -0.49901420221643089 0.83091890421907943
    outer loop
      vertex 0.30599140527801472 0.52999266062092087 0.21249229247759596
      vertex 0.20564085113875019 0.49646093179711737 0.16263455967290594
      vertex 0.26868272016354705 0.46537212243907422 0.16263455967290594
    endloop
  endfacet
  facet normal -0.36799261767317404 -0.74621521005411129 0.55474705372984534
    outer loop
      vertex 0.26868272016354705 0.46537212243907422 0.16263455967290594
      vertex 0.20564085113875019 0.49646093179711737 0.16263455967290594
      vertex 0.18656112281910989 0.45039839292144773 0.088017189443970675
    endloop
  endfacet
  facet normal -0.36799261767317382 -0.7462152100541114 0.55474705372984512
    outer loop
      vertex 0.26868272016354705 0.46537212243907422 0.16263455967290594
      vertex 0.18656112281910989 0.45039839292144773 0.088017189443970675
      vertex 0.24375385376120207 0.42219405925511594 0.088017189443970675
    endloop
  endfacet
  facet normal -0.43382555304011999 -0.87971119702240019 0.19468846746237922
    outer loop
      vertex 0.24375385376120207 0.42219405925511594 0.088017189443970675
      vertex 0.18656112281910989 0.45039839292144773 0.088017189443970675
      vertex 0.17986121321159221 0.43422338028030472 2.8166876380389123e-17
    endloop
  endfacet
  facet normal -0.4338255530401196 -0.87971119702240053 0.19468846746237892
    outer loop
      vertex 0.24375385376120207 0.42219405925511594 0.088017189443970675
      vertex 0.17986121321159221 0.43422338028030472 2.8166876380389123e-17
      vertex 0.23500000000000004 0.40703193977868612 2.8166876380389123e-17
    endloop
  endfacet
  facet normal -0.4338255530401196 -0.87971119702240053 -0.19468846746237867
    outer loop
      vertex 0.23500000000000004 0.40703193977868612 2.8166876380389123e-17
      vertex 0.17986121321159221 0.43422338028030472 2.8166876380389123e-17
      vertex 0.18656112281910989 0.45039839292144768 -0.088017189443970634
    endloop
  endfacet
  facet normal -0.43382555304012027 -0.8797111970224003 -0.19468846746237828
    outer loop
      vertex 0.23500000000000004 0.40703193977868612 2.8166876380389123e-17
      vertex 0.18656112281910989 0.45039839292144768 -0.088017189443970634
      vertex 0.24375385376120204 0.42219405925511588 -0.088017189443970634
    endloop
  endfacet
  facet normal -0.36799261767317376 -0.74621521005411096 -0.55474705372984556
    outer loop
      vertex 0.24375385376120204 0.42219405925511588 -0.088017189443970634
      vertex 0.18656112281910989 0.45039839292144768 -0.088017189443970634
      vertex 0.20564085113875019 0.49646093179711737 -0.16263455967290591
    endloop
  endfacet
  facet normal -0.36799261767317404 -0.74621521005411107 -0.55474705372984556
    outer loop
      vertex 0.24375385376120204 0.42219405925511588 -0.088017189443970634
      vertex 0.20564085113875019 0.49646093179711737 -0.16263455967290591
      vertex 0.26868272016354705 0.46537212243907422 -0.16263455967290591
    endloop
  endfacet
  facet normal -0.24608657134769341 -0.499014202216431 -0.83091890421907932
    outer loop
      vertex 0.26868272016354705 0.46537212243907422 -0.16263455967290591
      vertex 0.20564085113875019 0.49646093179711737 -0.16263455967290591
      vertex 0.23419568249201578 0.56539839292144767 -0.21249229247759591
    endloop
  endfacet
  facet normal -0.24608657134769374 -0.49901420221643106 -0.83091890421907921
    outer loop
      vertex 0.26868272016354705 0.46537212243907422 -0.16263455967290591
      vertex 0.23419568249201578 0.56539839292144767 -0.21249229247759591
      vertex 0.30599140527801466 0.52999266062092076 -0.21249229247759591
    endloop
  endfacet
  facet normal -0.086464316499850521 -0.17533228929180358 -0.98070510873753935
    outer loop
      vertex 0.30599140527801466 0.52999266062092076 -0.21249229247759591
      vertex 0.23419568249201578 0.56539839292144767 -0.21249229247759591
      vertex 0.26787840265556284 0.64671567275790065 -0.23000000000000001
    endloop
  endfacet
  facet normal -0.086464316499850286 -0.17533228929180353 -0.98070510873753958
    outer loop
      vertex 0.30599140527801466 0.52999266062092076 -0.21249229247759591
      vertex 0.26787840265556284 0.64671567275790065 -0.23000000000000001
      vertex 0.35000000000000003 0.60621778264910697 -0.23000000000000001
    endloop
  endfacet
  facet normal 0.086464316499850105 0.17533228929180317 -0.98070510873753935
    outer loop
      vertex 0.35000000000000003 0.60621778264910697 -0.23000000000000001
      vertex 0.26787840265556284 0.64671567275790065 -0.23000000000000001
      vertex 0.30156112281910996 0.72803295259435374 -0.21249229247759593
    endloop
  endfacet
  facet normal 0.086464316499850175 0.17533228929180317 -0.98070510873753947
    outer loop
      vertex 0.35000000000000003 0.60621778264910697 -0.23000000000000001
      vertex 0.30156112281910996 0.72803295259435374 -0.21249229247759593
      vertex 0.39400859472198546 0.68244290467729318 -0.21249229247759593
    endloop
  endfacet
  facet normal 0.24608657134769316 0.49901420221643089 -0.83091890421907932
    outer loop
      vertex 0.39400859472198546 0.68244290467729318 -0.21249229247759593
      vertex 0.30156112281910996 0.72803295259435374 -0.21249229247759593
      vertex 0.33011595417237555 0.79697041371868405 -0.16263455967290597
    endloop
  endfacet
  facet normal 0.24608657134769349 0.49901420221643111 -0.83091890421907932
    outer loop
      vertex 0.39400859472198546 0.68244290467729318 -0.21249229247759593
      vertex 0.33011595417237555 0.79697041371868405 -0.16263455967290597
      vertex 0.43131727983645307 0.74706344285913973 -0.16263455967290597
    endloop
  endfacet
  facet normal 0.3679926176731742 0.74621521005411118 -0.55474705372984523
    outer loop
      vertex 0.43131727983645307 0.74706344285913973 -0.16263455967290597
      vertex 0.33011595417237555 0.79697041371868405 -0.16263455967290597
      vertex 0.34919568249201582 0.84303295259435362 -0.0880171894439708
    endloop
  endfacet
  facet normal 0.36799261767317343 0.74621521005411096 -0.55474705372984601
    outer loop
      vertex 0.43131727983645307 0.74706344285913973 -0.16263455967290597
      vertex 0.34919568249201582 0.84303295259435362 -0.0880171894439708
      vertex 0.45624614623879806 0.79024150604309806 -0.0880171894439708
    endloop
  endfacet
  facet normal 0.43382555304011983 0.87971119702240042 -0.19468846746237845
    outer loop
      vertex 0.45624614623879806 0.79024150604309806 -0.0880171894439708
      vertex 0.34919568249201582 0.84303295259435362 -0.0880171894439708
      vertex 0.35589559209953353 0.85920796523549658 0
    endloop
  endfacet
  facet normal 0.43382555304012016 0.87971119702240042 -0.19468846746237811
    outer loop
      vertex 0.45624614623879806 0.79024150604309806 -0.0880171894439708
      vertex 0.35589559209953353 0.85920796523549658 0
      vertex 0.46500000000000008 0.80540362551952782 0
    endloop
  endfacet
  facet normal 0.31528876249360099 0.92881074330694746 0.19468846746237817
    outer loop
      vertex 0.35589559209953353 0.85920796523549658 0
      vertex 0.24070171194534426 0.89831101844883343 0
      vertex 0.23617038380246144 0.88139987159382804 0.088017189443970648
    endloop
  endfacet
  facet normal 0.31528876249360144 0.92881074330694713 0.19468846746237881
    outer loop
      vertex 0.35589559209953353 0.85920796523549658 0
      vertex 0.23617038380246144 0.88139987159382804 0.088017189443970648
      vertex 0.34919568249201582 0.84303295259435362 0.088017189443970648
    endloop
  endfacet
  facet normal 0.26744375987051672 0.78786391063709582 0.55474705372984512
    outer loop
      vertex 0.34919568249201582 0.84303295259435362 0.088017189443970648
      vertex 0.23617038380246144 0.88139987159382804 0.088017189443970648
      vertex 0.22326625300697495 0.83324099983755828 0.16263455967290594
    endloop
  endfacet
  facet normal 0.26744375987051644 0.78786391063709627 0.55474705372984479
    outer loop
      vertex 0.34919568249201582 0.84303295259435362 0.088017189443970648
      vertex 0.22326625300697495 0.83324099983755828 0.16263455967290594
      vertex 0.33011595417237555 0.79697041371868405 0.16263455967290594
    endloop
  endfacet
  facet normal 0.17884684293673234 0.52686580965453433 0.83091890421907966
    outer loop
      vertex 0.33011595417237555 0.79697041371868405 0.16263455967290594
      vertex 0.22326625300697495 0.83324099983755828 0.16263455967290594
      vertex 0.20395385649626066 0.76116615484365657 0.21249229247759596
    endloop
  endfacet
  facet normal 0.17884684293673236 0.52686580965453411 0.83091890421907966
    outer loop
      vertex 0.33011595417237555 0.79697041371868405 0.16263455967290594
      vertex 0.20395385649626066 0.76116615484365657 0.21249229247759596
      vertex 0.30156112281910991 0.72803295259435363 0.21249229247759596
    endloop
  endfacet
  facet normal 0.06283914619149164 0.18511815524689954 0.98070510873753947
    outer loop
      vertex 0.30156112281910991 0.72803295259435363 0.21249229247759596
      vertex 0.20395385649626066 0.76116615484365657 0.21249229247759596
      vertex 0.18117333157176452 0.67614807840234781 0.23000000000000001
    endloop
  endfacet
  facet normal 0.062839146191491738 0.18511815524689937 0.98070510873753958
    outer loop
      vertex 0.30156112281910991 0.72803295259435363 0.21249229247759596
      vertex 0.18117333157176452 0.67614807840234781 0.23000000000000001
      vertex 0.26787840265556284 0.64671567275790065 0.23000000000000001
    endloop
  endfacet
  facet normal -0.062839146191491696 -0.18511815524689929 0.98070510873753958
    outer loop
      vertex 0.26787840265556284 0.64671567275790065 0.23000000000000001
      vertex 0.18117333157176452 0.67614807840234781 0.23000000000000001
      vertex 0.15839280664726835 0.59113000196103893 0.21249229247759596
    endloop
  endfacet
  facet normal -0.06283914619149146 -0.18511815524689973 0.98070510873753947
    outer loop
      vertex 0.26787840265556284 0.64671567275790065 0.23000000000000001
      vertex 0.15839280664726835 0.59113000196103893 0.21249229247759596
      vertex 0.23419568249201583 0.56539839292144778 0.21249229247759596
    endloop
  endfacet
  facet normal -0.17884684293673189 -0.52686580965453489 0.83091890421907921
    outer loop
      vertex 0.23419568249201583 0.56539839292144778 0.21249229247759596
      vertex 0.15839280664726835 0.59113000196103893 0.21249229247759596
      vertex 0.13908041013655406 0.51905515696713733 0.16263455967290594
    endloop
  endfacet
  facet normal -0.17884684293673253 -0.526865809654534 0.83091890421907966
    outer loop
      vertex 0.23419568249201583 0.56539839292144778 0.21249229247759596
      vertex 0.13908041013655406 0.51905515696713733 0.16263455967290594
      vertex 0.20564085113875019 0.49646093179711737 0.16263455967290594
    endloop
  endfacet
  facet normal -0.26744375987051661 -0.78786391063709582 0.55474705372984523
    outer loop
      vertex 0.20564085113875019 0.49646093179711737 0.16263455967290594
      vertex 0.13908041013655406 0.51905515696713733 0.16263455967290594
      vertex 0.12617627934106757 0.47089628521086757 0.088017189443970675
    endloop
  endfacet
  facet normal -0.26744375987051666 -0.78786391063709582 0.55474705372984534
    outer loop
      vertex 0.20564085113875019 0.49646093179711737 0.16263455967290594
      vertex 0.12617627934106757 0.47089628521086757 0.088017189443970675
      vertex 0.18656112281910989 0.45039839292144773 0.088017189443970675
    endloop
  endfacet
  facet normal -0.31528876249360133 -0.92881074330694702 0.19468846746237928
    outer loop
      vertex 0.18656112281910989 0.45039839292144773 0.088017189443970675
      vertex 0.12617627934106757 0.47089628521086757 0.088017189443970675
      vertex 0.12164495119818475 0.45398513835586207 2.8166876380389123e-17
    endloop
  endfacet
  facet normal -0.31528876249360138 -0.92881074330694713 0.19468846746237931
    outer loop
      vertex 0.18656112281910989 0.45039839292144773 0.088017189443970675
      vertex 0.12164495119818475 0.45398513835586207 2.8166876380389123e-17
      vertex 0.17986121321159221 0.43422338028030472 2.8166876380389123e-17
    endloop
  endfacet
  facet normal -0.31528876249360138 -0.92881074330694713 -0.19468846746237867
    outer loop
      vertex 0.17986121321159221 0.43422338028030472 2.8166876380389123e-17
      vertex 0.12164495119818475 0.45398513835586207 2.8166876380389123e-17
      vertex 0.12617627934106757 0.47089628521086752 -0.088017189443970634
    endloop
  endfacet
  facet normal -0.31528876249360138 -0.92881074330694702 -0.19468846746237864
    outer loop
      vertex 0.17986121321159221 0.43422338028030472 2.8166876380389123e-17
      vertex 0.12617627934106757 0.47089628521086752 -0.088017189443970634
      vertex 0.18656112281910989 0.45039839292144768 -0.088017189443970634
    endloop
  endfacet
  facet normal -0.26744375987051661 -0.7878639106370956 -0.55474705372984545
    outer loop
      vertex 0.18656112281910989 0.45039839292144768 -0.088017189443970634
      vertex 0.12617627934106757 0.47089628521086752 -0.088017189443970634
      vertex 0.13908041013655406 0.51905515696713733 -0.16263455967290591
    endloop
  endfacet
  facet normal -0.2674437598705165 -0.78786391063709549 -0.55474705372984556
    outer loop
      vertex 0.18656112281910989 0.45039839292144768 -0.088017189443970634
      vertex 0.13908041013655406 0.51905515696713733 -0.16263455967290591
      vertex 0.20564085113875019 0.49646093179711737 -0.16263455967290591
    endloop
  endfacet
  facet normal -0.17884684293673281 -0.526865809654535 -0.83091890421907888
    outer loop
      vertex 0.20564085113875019 0.49646093179711737 -0.16263455967290591
      vertex 0.13908041013655406 0.51905515696713733 -0.16263455967290591
      vertex 0.15839280664726832 0.59113000196103882 -0.21249229247759591
    endloop
  endfacet
  facet normal -0.17884684293673184 -0.52686580965453478 -0.83091890421907932
    outer loop
      vertex 0.20564085113875019 0.49646093179711737 -0.16263455967290591
      vertex 0.15839280664726832 0.59113000196103882 -0.21249229247759591
      vertex 0.23419568249201578 0.56539839292144767 -0.21249229247759591
    endloop
  endfacet
  facet normal -0.06283914619149146 -0.1851181552468997 -0.98070510873753947
    outer loop
      vertex 0.23419568249201578 0.56539839292144767 -0.21249229247759591
      vertex 0.15839280664726832 0.59113000196103882 -0.21249229247759591
      vertex 0.18117333157176452 0.67614807840234781 -0.23000000000000001
    endloop
  endfacet
  facet normal -0.062839146191491918 -0.1851181552468999 -0.98070510873753935
    outer loop
      vertex 0.23419568249201578 0.56539839292144767 -0.21249229247759591
      vertex 0.18117333157176452 0.67614807840234781 -0.23000000000000001
      vertex 0.26787840265556284 0.64671567275790065 -0.23000000000000001
    endloop
  endfacet
  facet normal 0.062839146191491793 0.18511815524689954 -0.98070510873753935
    outer loop
      vertex 0.26787840265556284 0.64671567275790065 -0.23000000000000001
      vertex 0.18117333157176452 0.67614807840234781 -0.23000000000000001
      vertex 0.20395385649626069 0.76116615484365668 -0.21249229247759593
    endloop
  endfacet
  facet normal 0.062839146191491585 0.18511815524689948 -0.98070510873753958
    outer loop
      vertex 0.26787840265556284 0.64671567275790065 -0.23000000000000001
      vertex 0.20395385649626069 0.76116615484365668 -0.21249229247759593
      vertex 0.30156112281910996 0.72803295259435374 -0.21249229247759593
    endloop
  endfacet
  facet normal 0.17884684293673236 0.52686580965453422 -0.83091890421907932
    outer loop
      vertex 0.30156112281910996 0.72803295259435374 -0.21249229247759593
      vertex 0.20395385649626069 0.76116615484365668 -0.21249229247759593
      vertex 0.22326625300697495 0.83324099983755828 -0.16263455967290597
    endloop
  endfacet
  facet normal 0.17884684293673239 0.52686580965453433 -0.83091890421907943
    outer loop
      vertex 0.30156112281910996 0.72803295259435374 -0.21249229247759593
      vertex 0.22326625300697495 0.83324099983755828 -0.16263455967290597
      vertex 0.33011595417237555 0.79697041371868405 -0.16263455967290597
    endloop
  endfacet
  facet normal 0.26744375987051622 0.7878639106370956 -0.55474705372984567
    outer loop
      vertex 0.33011595417237555 0.79697041371868405 -0.16263455967290597
      vertex 0.22326625300697495 0.83324099983755828 -0.16263455967290597
      vertex 0.23617038380246144 0.88139987159382804 -0.0880171894439708
    endloop
  endfacet
  facet normal 0.26744375987051666 0.78786391063709571 -0.55474705372984523
    outer loop
      vertex 0.33011595417237555 0.79697041371868405 -0.16263455967290597
      vertex 0.23617038380246144 0.88139987159382804 -0.0880171894439708
      vertex 0.34919568249201582 0.84303295259435362 -0.0880171894439708
    endloop
  endfacet
  facet normal 0.31528876249360149 0.92881074330694735 -0.19468846746237778
    outer loop
      vertex 0.34919568249201582 0.84303295259435362 -0.0880171894439708
      vertex 0.23617038380246144 0.88139987159382804 -0.0880171894439708
      vertex 0.24070171194534426 0.89831101844883343 0
    endloop
  endfacet
  facet normal 0.31528876249360099 0.92881074330694746 -0.19468846746237842
    outer loop
      vertex 0.34919568249201582 0.84303295259435362 -0.0880171894439708
      vertex 0.24070171194534426 0.89831101844883343 0
      vertex 0.35589559209953353 0.85920796523549658 0
    endloop
  endfacet
  facet normal 0.19135729380625663 0.96201808025852431 0.194688467462378
    outer loop
      vertex 0.24070171194534426 0.89831101844883343 0
      vertex 0.12138935876464808 0.92204372107764354 0
      vertex 0.11910414436724633 0.90468579442012054 0.088017189443970648
    endloop
  endfacet
  facet normal 0.19135729380625668 0.96201808025852431 0.19468846746237814
    outer loop
      vertex 0.24070171194534426 0.89831101844883343 0
      vertex 0.11910414436724633 0.90468579442012054 0.088017189443970648
      vertex 0.23617038380246144 0.88139987159382804 0.088017189443970648
    endloop
  endfacet
  facet normal 0.16231886518705543 0.81603204127193607 0.55474705372984534
    outer loop
      vertex 0.23617038380246144 0.88139987159382804 0.088017189443970648
      vertex 0.11910414436724633 0.90468579442012054 0.088017189443970648
      vertex 0.11259640435152539 0.85525460143116216 0.16263455967290594
    endloop
  endfacet
  facet normal 0.16231886518705521 0.81603204127193618 0.55474705372984512
    outer loop
      vertex 0.23617038380246144 0.88139987159382804 0.088017189443970648
      vertex 0.11259640435152539 0.85525460143116216 0.16263455967290594
      vertex 0.22326625300697495 0.83324099983755828 0.16263455967290594
    endloop
  endfacet
  facet normal 0.10854699545741116 0.5457025970146494 0.83091890421907943
    outer loop
      vertex 0.22326625300697495 0.83324099983755828 0.16263455967290594
      vertex 0.11259640435152539 0.85525460143116216 0.16263455967290594
      vertex 0.10285688314206862 0.78127559314845707 0.21249229247759596
    endloop
  endfacet
  facet normal 0.10854699545741113 0.5457025970146494 0.83091890421907955
    outer loop
      vertex 0.22326625300697495 0.83324099983755828 0.16263455967290594
      vertex 0.10285688314206862 0.78127559314845707 0.21249229247759596
      vertex 0.20395385649626066 0.76116615484365657 0.21249229247759596
    endloop
  endfacet
  facet normal 0.038138780669493756 0.19173659824127232 0.98070510873753947
    outer loop
      vertex 0.20395385649626066 0.76116615484365657 0.21249229247759596
      vertex 0.10285688314206862 0.78127559314845707 0.21249229247759596
      vertex 0.091368334554036187 0.69401140296166719 0.23000000000000001
    endloop
  endfacet
  facet normal 0.038138780669493708 0.19173659824127243 0.98070510873753958
    outer loop
      vertex 0.20395385649626066 0.76116615484365657 0.21249229247759596
      vertex 0.091368334554036187 0.69401140296166719 0.23000000000000001
      vertex 0.18117333157176452 0.67614807840234781 0.23000000000000001
    endloop
  endfacet
  facet normal -0.038138780669493666 -0.19173659824127234 0.98070510873753958
    outer loop
      vertex 0.18117333157176452 0.67614807840234781 0.23000000000000001
      vertex 0.091368334554036187 0.69401140296166719 0.23000000000000001
      vertex 0.079879785966003772 0.60674721277487731 0.21249229247759596
    endloop
  endfacet
  facet normal -0.038138780669493791 -0.19173659824127218 0.98070510873753958
    outer loop
      vertex 0.18117333157176452 0.67614807840234781 0.23000000000000001
      vertex 0.079879785966003772 0.60674721277487731 0.21249229247759596
      vertex 0.15839280664726835 0.59113000196103893 0.21249229247759596
    endloop
  endfacet
  facet normal -0.10854699545741146 -0.54570259701465007 0.83091890421907921
    outer loop
      vertex 0.15839280664726835 0.59113000196103893 0.21249229247759596
      vertex 0.079879785966003772 0.60674721277487731 0.21249229247759596
      vertex 0.070140264756546999 0.53276820449217233 0.16263455967290594
    endloop
  endfacet
  facet normal -0.10854699545741152 -0.54570259701464985 0.8309189042190791
    outer loop
      vertex 0.15839280664726835 0.59113000196103893 0.21249229247759596
      vertex 0.070140264756546999 0.53276820449217233 0.16263455967290594
      vertex 0.13908041013655406 0.51905515696713733 0.16263455967290594
    endloop
  endfacet
  facet normal -0.16231886518705549 -0.81603204127193585 0.55474705372984545
    outer loop
      vertex 0.13908041013655406 0.51905515696713733 0.16263455967290594
      vertex 0.070140264756546999 0.53276820449217233 0.16263455967290594
      vertex 0.063632524740826063 0.48333701150321395 0.088017189443970675
    endloop
  endfacet
  facet normal -0.16231886518705513 -0.81603204127193607 0.55474705372984523
    outer loop
      vertex 0.13908041013655406 0.51905515696713733 0.16263455967290594
      vertex 0.063632524740826063 0.48333701150321395 0.088017189443970675
      vertex 0.12617627934106757 0.47089628521086757 0.088017189443970675
    endloop
  endfacet
  facet normal -0.19135729380625643 -0.96201808025852409 0.19468846746237917
    outer loop
      vertex 0.12617627934106757 0.47089628521086757 0.088017189443970675
      vertex 0.063632524740826063 0.48333701150321395 0.088017189443970675
      vertex 0.061347310343424298 0.46597908484569084 2.8166876380389123e-17
    endloop
  endfacet
  facet normal -0.1913572938062566 -0.96201808025852409 0.19468846746237933
    outer loop
      vertex 0.12617627934106757 0.47089628521086757 0.088017189443970675
      vertex 0.061347310343424298 0.46597908484569084 2.8166876380389123e-17
      vertex 0.12164495119818475 0.45398513835586207 2.8166876380389123e-17
    endloop
  endfacet
  facet normal -0.1913572938062566 -0.9620180802585242 -0.19468846746237856
    outer loop
      vertex 0.12164495119818475 0.45398513835586207 2.8166876380389123e-17
      vertex 0.061347310343424298 0.46597908484569084 2.8166876380389123e-17
      vertex 0.063632524740826049 0.4833370115032139 -0.088017189443970634
    endloop
  endfacet
  facet normal -0.19135729380625632 -0.96201808025852431 -0.19468846746237867
    outer loop
      vertex 0.12164495119818475 0.45398513835586207 2.8166876380389123e-17
      vertex 0.063632524740826049 0.4833370115032139 -0.088017189443970634
      vertex 0.12617627934106757 0.47089628521086752 -0.088017189443970634
    endloop
  endfacet
  facet normal -0.16231886518705507 -0.81603204127193563 -0.55474705372984578
    outer loop
      vertex 0.12617627934106757 0.47089628521086752 -0.088017189443970634
      vertex 0.063632524740826049 0.4833370115032139 -0.088017189443970634
      vertex 0.070140264756546999 0.53276820449217233 -0.16263455967290591
    endloop
  endfacet
  facet normal -0.1623188651870556 -0.81603204127193585 -0.55474705372984556
    outer loop
      vertex 0.12617627934106757 0.47089628521086752 -0.088017189443970634
      vertex 0.070140264756546999 0.53276820449217233 -0.16263455967290591
      vertex 0.13908041013655406 0.51905515696713733 -0.16263455967290591
    endloop
  endfacet
  facet normal -0.10854699545741155 -0.54570259701465029 -0.83091890421907899
    outer loop
      vertex 0.13908041013655406 0.51905515696713733 -0.16263455967290591
      vertex 0.070140264756546999 0.53276820449217233 -0.16263455967290591
      vertex 0.079879785966003758 0.6067472127748772 -0.21249229247759591
    endloop
  endfacet
  facet normal -0.1085469954574116 -0.54570259701465018 -0.83091890421907899
    outer loop
      vertex 0.13908041013655406 0.51905515696713733 -0.16263455967290591
      vertex 0.079879785966003758 0.6067472127748772 -0.21249229247759591
      vertex 0.15839280664726832 0.59113000196103882 -0.21249229247759591
    endloop
  endfacet
  facet normal -0.038138780669493902 -0.19173659824127265 -0.98070510873753947
    outer loop
      vertex 0.15839280664726832 0.59113000196103882 -0.21249229247759591
      vertex 0.079879785966003758 0.6067472127748772 -0.21249229247759591
      vertex 0.091368334554036187 0.69401140296166719 -0.23000000000000001
    endloop
  endfacet
  facet normal -0.038138780669493708 -0.19173659824127251 -0.98070510873753935
    outer loop
      vertex 0.15839280664726832 0.59113000196103882 -0.21249229247759591
      vertex 0.091368334554036187 0.69401140296166719 -0.23000000000000001
      vertex 0.18117333157176452 0.67614807840234781 -0.23000000000000001
    endloop
  endfacet
  facet normal 0.038138780669493673 0.19173659824127237 -0.98070510873753958
    outer loop
      vertex 0.18117333157176452 0.67614807840234781 -0.23000000000000001
      vertex 0.091368334554036187 0.69401140296166719 -0.23000000000000001
      vertex 0.10285688314206863 0.78127559314845718 -0.21249229247759593
    endloop
  endfacet
  facet normal 0.038138780669493784 0.19173659824127248 -0.98070510873753947
    outer loop
      vertex 0.18117333157176452 0.67614807840234781 -0.23000000000000001
      vertex 0.10285688314206863 0.78127559314845718 -0.21249229247759593
      vertex 0.20395385649626069 0.76116615484365668 -0.21249229247759593
    endloop
  endfacet
  facet normal 0.10854699545741116 0.54570259701464952 -0.83091890421907932
    outer loop
      vertex 0.20395385649626069 0.76116615484365668 -0.21249229247759593
      vertex 0.10285688314206863 0.78127559314845718 -0.21249229247759593
      vertex 0.11259640435152539 0.85525460143116216 -0.16263455967290597
    endloop
  endfacet
  facet normal 0.10854699545741123 0.54570259701464952 -0.83091890421907943
    outer loop
      vertex 0.20395385649626069 0.76116615484365668 -0.21249229247759593
      vertex 0.11259640435152539 0.85525460143116216 -0.16263455967290597
      vertex 0.22326625300697495 0.83324099983755828 -0.16263455967290597
    endloop
  endfacet
  facet normal 0.16231886518705513 0.81603204127193563 -0.5547470537298459
    outer loop
      vertex 0.22326625300697495 0.83324099983755828 -0.16263455967290597
      vertex 0.11259640435152539 0.85525460143116216 -0.16263455967290597
      vertex 0.11910414436724633 0.90468579442012054 -0.0880171894439708
    endloop
  endfacet
  facet normal 0.16231886518705538 0.81603204127193563 -0.55474705372984578
    outer loop
      vertex 0.22326625300697495 0.83324099983755828 -0.16263455967290597
      vertex 0.11910414436724633 0.90468579442012054 -0.0880171894439708
      vertex 0.23617038380246144 0.88139987159382804 -0.0880171894439708
    endloop
  endfacet
  facet normal 0.19135729380625671 0.96201808025852431 -0.1946884674623777
    outer loop
      vertex 0.23617038380246144 0.88139987159382804 -0.0880171894439708
      vertex 0.11910414436724633 0.90468579442012054 -0.0880171894439708
      vertex 0.12138935876464808 0.92204372107764354 0
    endloop
  endfacet
  facet normal 0.19135729380625663 0.96201808025852442 -0.19468846746237781
    outer loop
      vertex 0.23617038380246144 0.88139987159382804 -0.0880171894439708
      vertex 0.12138935876464808 0.92204372107764354 0
      vertex 0.24070171194534426 0.89831101844883343 0
    endloop
  endfacet
  facet normal 0.064151648767623318 0.97876502113507591 0.19468846746237894
    outer loop
      vertex 0.12138935876464808 0.92204372107764354 0
      vertex 5.6946076160351921e-17 0.92999999999999994 0
      vertex 5.5874038261465907e-17 0.91249229247759589 0.088017189443970648
    endloop
  endfacet
  facet normal 0.064151648767622568 0.97876502113507624 0.19468846746237797
    outer loop
      vertex 0.12138935876464808 0.92204372107764354 0
      vertex 5.5874038261465907e-17 0.91249229247759589 0.088017189443970648
      vertex 0.11910414436724633 0.90468579442012054 0.088017189443970648
    endloop
  endfacet
  facet normal 0.054416649716952634 0.83023763743378853 0.55474705372984501
    outer loop
      vertex 0.11910414436724633 0.90468579442012054 0.088017189443970648
      vertex 5.5874038261465907e-17 0.91249229247759589 0.088017189443970648
      vertex 5.2821132616865534e-17 0.86263455967290592 0.16263455967290594
    endloop
  endfacet
  facet normal 0.05441664971695296 0.8302376374337882 0.55474705372984523
    outer loop
      vertex 0.11910414436724633 0.90468579442012054 0.088017189443970648
      vertex 5.2821132616865534e-17 0.86263455967290592 0.16263455967290594
      vertex 0.11259640435152539 0.85525460143116216 0.16263455967290594
    endloop
  endfacet
  facet normal 0.036389878790901539 0.55520226164250053 0.83091890421907943
    outer loop
      vertex 0.11259640435152539 0.85525460143116216 0.16263455967290594
      vertex 5.2821132616865534e-17 0.86263455967290592 0.16263455967290594
      vertex 4.8252136436282599e-17 0.78801718944397059 0.21249229247759596
    endloop
  endfacet
  facet normal 0.036389878790901616 0.55520226164250053 0.83091890421907955
    outer loop
      vertex 0.11259640435152539 0.85525460143116216 0.16263455967290594
      vertex 4.8252136436282599e-17 0.78801718944397059 0.21249229247759596
      vertex 0.10285688314206862 0.78127559314845707 0.21249229247759596
    endloop
  endfacet
  facet normal 0.012785850036173455 0.19507437488030896 0.98070510873753947
    outer loop
      vertex 0.10285688314206862 0.78127559314845707 0.21249229247759596
      vertex 4.8252136436282599e-17 0.78801718944397059 0.21249229247759596
      vertex 4.286263797015736e-17 0.69999999999999996 0.23000000000000001
    endloop
  endfacet
  facet normal 0.012785850036173484 0.19507437488030896 0.98070510873753958
    outer loop
      vertex 0.10285688314206862 0.78127559314845707 0.21249229247759596
      vertex 4.286263797015736e-17 0.69999999999999996 0.23000000000000001
      vertex 0.091368334554036187 0.69401140296166719 0.23000000000000001
    endloop
  endfacet
  facet normal -0.012785850036173484 -0.19507437488030899 0.98070510873753958
    outer loop
      vertex 0.091368334554036187 0.69401140296166719 0.23000000000000001
      vertex 4.286263797015736e-17 0.69999999999999996 0.23000000000000001
      vertex 3.7473139504032121e-17 0.61198281055602932 0.21249229247759596
    endloop
  endfacet
  facet normal -0.012785850036173522 -0.19507437488030893 0.98070510873753947
    outer loop
      vertex 0.091368334554036187 0.69401140296166719 0.23000000000000001
      vertex 3.7473139504032121e-17 0.61198281055602932 0.21249229247759596
      vertex 0.079879785966003772 0.60674721277487731 0.21249229247759596
    endloop
  endfacet
  facet normal -0.036389878790901803 -0.55520226164250053 0.83091890421907932
    outer loop
      vertex 0.079879785966003772 0.60674721277487731 0.21249229247759596
      vertex 3.7473139504032121e-17 0.61198281055602932 0.21249229247759596
      vertex 3.2904143323449185e-17 0.53736544032709399 0.16263455967290594
    endloop
  endfacet
  facet normal -0.036389878790901144 -0.55520226164250108 0.83091890421907921
    outer loop
      vertex 0.079879785966003772 0.60674721277487731 0.21249229247759596
      vertex 3.2904143323449185e-17 0.53736544032709399 0.16263455967290594
      vertex 0.070140264756546999 0.53276820449217233 0.16263455967290594
    endloop
  endfacet
  facet normal -0.054416649716952328 -0.83023763743378853 0.55474705372984512
    outer loop
      vertex 0.070140264756546999 0.53276820449217233 0.16263455967290594
      vertex 3.2904143323449185e-17 0.53736544032709399 0.16263455967290594
      vertex 2.9851237678848806e-17 0.48750770752240402 0.088017189443970675
    endloop
  endfacet
  facet normal -0.054416649716952904 -0.8302376374337882 0.55474705372984545
    outer loop
      vertex 0.070140264756546999 0.53276820449217233 0.16263455967290594
      vertex 2.9851237678848806e-17 0.48750770752240402 0.088017189443970675
      vertex 0.063632524740826063 0.48333701150321395 0.088017189443970675
    endloop
  endfacet
  facet normal -0.06415164876762286 -0.97876502113507591 0.194688467462379
    outer loop
      vertex 0.063632524740826063 0.48333701150321395 0.088017189443970675
      vertex 2.9851237678848806e-17 0.48750770752240402 0.088017189443970675
      vertex 2.8779199779962798e-17 0.46999999999999997 2.8166876380389123e-17
    endloop
  endfacet
  facet normal -0.064151648767623165 -0.97876502113507591 0.19468846746237922
    outer loop
      vertex 0.063632524740826063 0.48333701150321395 0.088017189443970675
      vertex 2.8779199779962798e-17 0.46999999999999997 2.8166876380389123e-17
      vertex 0.061347310343424298 0.46597908484569084 2.8166876380389123e-17
    endloop
  endfacet
  facet normal -0.064151648767623151 -0.97876502113507613 -0.19468846746237836
    outer loop
      vertex 0.061347310343424298 0.46597908484569084 2.8166876380389123e-17
      vertex 2.8779199779962798e-17 0.46999999999999997 2.8166876380389123e-17
      vertex 2.98512376788488e-17 0.48750770752240397 -0.088017189443970634
    endloop
  endfacet
  facet normal -0.064151648767622887 -0.97876502113507602 -0.19468846746237856
    outer loop
      vertex 0.061347310343424298 0.46597908484569084 2.8166876380389123e-17
      vertex 2.98512376788488e-17 0.48750770752240397 -0.088017189443970634
      vertex 0.063632524740826049 0.4833370115032139 -0.088017189443970634
    endloop
  endfacet
  facet normal -0.054416649716952877 -0.83023763743378831 -0.55474705372984545
    outer loop
      vertex 0.063632524740826049 0.4833370115032139 -0.088017189443970634
      vertex 2.98512376788488e-17 0.48750770752240397 -0.088017189443970634
      vertex 3.2904143323449185e-17 0.53736544032709399 -0.16263455967290591
    endloop
  endfacet
  facet normal -0.054416649716952328 -0.83023763743378809 -0.55474705372984578
    outer loop
      vertex 0.063632524740826049 0.4833370115032139 -0.088017189443970634
      vertex 3.2904143323449185e-17 0.53736544032709399 -0.16263455967290591
      vertex 0.070140264756546999 0.53276820449217233 -0.16263455967290591
    endloop
  endfacet
  facet normal -0.036389878790901137 -0.55520226164250097 -0.83091890421907921
    outer loop
      vertex 0.070140264756546999 0.53276820449217233 -0.16263455967290591
      vertex 3.2904143323449185e-17 0.53736544032709399 -0.16263455967290591
      vertex 3.7473139504032108e-17 0.61198281055602921 -0.21249229247759591
    endloop
  endfacet
  facet normal -0.036389878790901838 -0.55520226164250142 -0.83091890421907899
    outer loop
      vertex 0.070140264756546999 0.53276820449217233 -0.16263455967290591
      vertex 3.7473139504032108e-17 0.61198281055602921 -0.21249229247759591
      vertex 0.079879785966003758 0.6067472127748772 -0.21249229247759591
    endloop
  endfacet
  facet normal -0.012785850036173543 -0.19507437488030932 -0.98070510873753947
    outer loop
      vertex 0.079879785966003758 0.6067472127748772 -0.21249229247759591
      vertex 3.7473139504032108e-17 0.61198281055602921 -0.21249229247759591
      vertex 4.286263797015736e-17 0.69999999999999996 -0.23000000000000001
    endloop
  endfacet
  facet normal -0.012785850036173493 -0.19507437488030932 -0.98070510873753935
    outer loop
      vertex 0.079879785966003758 0.6067472127748772 -0.21249229247759591
      vertex 4.286263797015736e-17 0.69999999999999996 -0.23000000000000001
      vertex 0.091368334554036187 0.69401140296166719 -0.23000000000000001
    endloop
  endfacet
  facet normal 0.012785850036173486 0.19507437488030899 -0.98070510873753935
    outer loop
      vertex 0.091368334554036187 0.69401140296166719 -0.23000000000000001
      vertex 4.286263797015736e-17 0.69999999999999996 -0.23000000000000001
      vertex 4.8252136436282611e-17 0.7880171894439707 -0.21249229247759593
    endloop
  endfacet
  facet normal 0.012785850036173453 0.19507437488030899 -0.98070510873753947
    outer loop
      vertex 0.091368334554036187 0.69401140296166719 -0.23000000000000001
      vertex 4.8252136436282611e-17 0.7880171894439707 -0.21249229247759593
      vertex 0.10285688314206863 0.78127559314845718 -0.21249229247759593
    endloop
  endfacet
  facet normal 0.036389878790901643 0.55520226164250064 -0.83091890421907932
    outer loop
      vertex 0.10285688314206863 0.78127559314845718 -0.21249229247759593
      vertex 4.8252136436282611e-17 0.7880171894439707 -0.21249229247759593
      vertex 5.2821132616865534e-17 0.86263455967290592 -0.16263455967290597
    endloop
  endfacet
  facet normal 0.03638987879090156 0.55520226164250053 -0.83091890421907943
    outer loop
      vertex 0.10285688314206863 0.78127559314845718 -0.21249229247759593
      vertex 5.2821132616865534e-17 0.86263455967290592 -0.16263455967290597
      vertex 0.11259640435152539 0.85525460143116216 -0.16263455967290597
    endloop
  endfacet
  facet normal 0.054416649716952932 0.83023763743378809 -0.55474705372984556
    outer loop
      vertex 0.11259640435152539 0.85525460143116216 -0.16263455967290597
      vertex 5.2821132616865534e-17 0.86263455967290592 -0.16263455967290597
      vertex 5.5874038261465907e-17 0.91249229247759589 -0.0880171894439708
    endloop
  endfacet
  facet normal 0.054416649716952543 0.83023763743378787 -0.55474705372984601
    outer loop
      vertex 0.11259640435152539 0.85525460143116216 -0.16263455967290597
      vertex 5.5874038261465907e-17 0.91249229247759589 -0.0880171894439708
      vertex 0.11910414436724633 0.90468579442012054 -0.0880171894439708
    endloop
  endfacet
  facet normal 0.064151648767622568 0.97876502113507602 -0.19468846746237867
    outer loop
      vertex 0.11910414436724633 0.90468579442012054 -0.0880171894439708
      vertex 5.5874038261465907e-17 0.91249229247759589 -0.0880171894439708
      vertex 5.6946076160351921e-17 0.92999999999999994 0
    endloop
  endfacet
  facet normal 0.064151648767623345 0.97876502113507624 -0.19468846746237764
    outer loop
      vertex 0.11910414436724633 0.90468579442012054 -0.0880171894439708
      vertex 5.6946076160351921e-17 0.92999999999999994 0
      vertex 0.12138935876464808 0.92204372107764354 0
    endloop
  endfacet
  facet normal -0.064151648767623332 0.97876502113507613 0.194688467462378
    outer loop
      vertex 5.6946076160351921e-17 0.92999999999999994 0
      vertex -0.12138935876464799 0.92204372107764354 0
      vertex -0.11910414436724623 0.90468579442012054 0.088017189443970648
    endloop
  endfacet
  facet normal -0.064151648767622568 0.97876502113507602 0.194688467462379
    outer loop
      vertex 5.6946076160351921e-17 0.92999999999999994 0
      vertex -0.11910414436724623 0.90468579442012054 0.088017189443970648
      vertex 5.5874038261465907e-17 0.91249229247759589 0.088017189443970648
    endloop
  endfacet
  facet normal -0.054416649716952606 0.83023763743378831 0.55474705372984534
    outer loop
      vertex 5.5874038261465907e-17 0.91249229247759589 0.088017189443970648
      vertex -0.11910414436724623 0.90468579442012054 0.088017189443970648
      vertex -0.11259640435152529 0.85525460143116216 0.16263455967290594
    endloop
  endfacet
  facet normal -0.054416649716952974 0.83023763743378853 0.5547470537298449
    outer loop
      vertex 5.5874038261465907e-17 0.91249229247759589 0.088017189443970648
      vertex -0.11259640435152529 0.85525460143116216 0.16263455967290594
      vertex 5.2821132616865534e-17 0.86263455967290592 0.16263455967290594
    endloop
  endfacet
  facet normal -0.036389878790901525 0.55520226164250042 0.83091890421907955
    outer loop
      vertex 5.2821132616865534e-17 0.86263455967290592 0.16263455967290594
      vertex -0.11259640435152529 0.85525460143116216 0.16263455967290594
      vertex -0.10285688314206852 0.78127559314845707 0.21249229247759596
    endloop
  endfacet
  facet normal -0.036389878790901622 0.55520226164250064 0.83091890421907955
    outer loop
      vertex 5.2821132616865534e-17 0.86263455967290592 0.16263455967290594
      vertex -0.10285688314206852 0.78127559314845707 0.21249229247759596
      vertex 4.8252136436282599e-17 0.78801718944397059 0.21249229247759596
    endloop
  endfacet
  facet normal -0.012785850036173455 0.19507437488030893 0.98070510873753947
    outer loop
      vertex 4.8252136436282599e-17 0.78801718944397059 0.21249229247759596
      vertex -0.10285688314206852 0.78127559314845707 0.21249229247759596
      vertex -0.091368334554036118 0.69401140296166719 0.23000000000000001
    endloop
  endfacet
  facet normal -0.012785850036173482 0.19507437488030896 0.98070510873753958
    outer loop
      vertex 4.8252136436282599e-17 0.78801718944397059 0.21249229247759596
      vertex -0.091368334554036118 0.69401140296166719 0.23000000000000001
      vertex 4.286263797015736e-17 0.69999999999999996 0.23000000000000001
    endloop
  endfacet
  facet normal 0.012785850036173479 -0.19507437488030893 0.98070510873753958
    outer loop
      vertex 4.286263797015736e-17 0.69999999999999996 0.23000000000000001
      vertex -0.091368334554036118 0.69401140296166719 0.23000000000000001
      vertex -0.079879785966003702 0.60674721277487731 0.21249229247759596
    endloop
  endfacet
  facet normal 0.012785850036173524 -0.19507437488030896 0.98070510873753947
    outer loop
      vertex 4.286263797015736e-17 0.69999999999999996 0.23000000000000001
      vertex -0.079879785966003702 0.60674721277487731 0.21249229247759596
      vertex 3.7473139504032121e-17 0.61198281055602932 0.21249229247759596
    endloop
  endfacet
  facet normal 0.036389878790901838 -0.55520226164250108 0.83091890421907921
    outer loop
      vertex 3.7473139504032121e-17 0.61198281055602932 0.21249229247759596
      vertex -0.079879785966003702 0.60674721277487731 0.21249229247759596
      vertex -0.070140264756546944 0.53276820449217233 0.16263455967290594
    endloop
  endfacet
  facet normal 0.036389878790901102 -0.55520226164250064 0.83091890421907955
    outer loop
      vertex 3.7473139504032121e-17 0.61198281055602932 0.21249229247759596
      vertex -0.070140264756546944 0.53276820449217233 0.16263455967290594
      vertex 3.2904143323449185e-17 0.53736544032709399 0.16263455967290594
    endloop
  endfacet
  facet normal 0.054416649716952308 -0.8302376374337882 0.55474705372984545
    outer loop
      vertex 3.2904143323449185e-17 0.53736544032709399 0.16263455967290594
      vertex -0.070140264756546944 0.53276820449217233 0.16263455967290594
      vertex -0.063632524740826008 0.48333701150321395 0.088017189443970675
    endloop
  endfacet
  facet normal 0.054416649716952842 -0.83023763743378853 0.55474705372984512
    outer loop
      vertex 3.2904143323449185e-17 0.53736544032709399 0.16263455967290594
      vertex -0.063632524740826008 0.48333701150321395 0.088017189443970675
      vertex 2.9851237678848806e-17 0.48750770752240402 0.088017189443970675
    endloop
  endfacet
  facet normal 0.06415164876762286 -0.97876502113507591 0.19468846746237914
    outer loop
      vertex 2.9851237678848806e-17 0.48750770752240402 0.088017189443970675
      vertex -0.063632524740826008 0.48333701150321395 0.088017189443970675
      vertex -0.061347310343424249 0.46597908484569084 2.8166876380389123e-17
    endloop
  endfacet
  facet normal 0.064151648767623123 -0.97876502113507613 0.19468846746237903
    outer loop
      vertex 2.9851237678848806e-17 0.48750770752240402 0.088017189443970675
      vertex -0.061347310343424249 0.46597908484569084 2.8166876380389123e-17
      vertex 2.8779199779962798e-17 0.46999999999999997 2.8166876380389123e-17
    endloop
  endfacet
  facet normal 0.064151648767623137 -0.97876502113507613 -0.19468846746237853
    outer loop
      vertex 2.8779199779962798e-17 0.46999999999999997 2.8166876380389123e-17
      vertex -0.061347310343424249 0.46597908484569084 2.8166876380389123e-17
      vertex -0.063632524740825994 0.4833370115032139 -0.088017189443970634
    endloop
  endfacet
  facet normal 0.064151648767622887 -0.97876502113507602 -0.19468846746237833
    outer loop
      vertex 2.8779199779962798e-17 0.46999999999999997 2.8166876380389123e-17
      vertex -0.063632524740825994 0.4833370115032139 -0.088017189443970634
      vertex 2.98512376788488e-17 0.48750770752240397 -0.088017189443970634
    endloop
  endfacet
  facet normal 0.054416649716952849 -0.83023763743378798 -0.55474705372984578
    outer loop
      vertex 2.98512376788488e-17 0.48750770752240397 -0.088017189443970634
      vertex -0.063632524740825994 0.4833370115032139 -0.088017189443970634
      vertex -0.070140264756546944 0.53276820449217233 -0.16263455967290591
    endloop
  endfacet
  facet normal 0.054416649716952342 -0.8302376374337882 -0.55474705372984545
    outer loop
      vertex 2.98512376788488e-17 0.48750770752240397 -0.088017189443970634
      vertex -0.070140264756546944 0.53276820449217233 -0.16263455967290591
      vertex 3.2904143323449185e-17 0.53736544032709399 -0.16263455967290591
    endloop
  endfacet
  facet normal 0.036389878790901171 -0.55520226164250153 -0.83091890421907888
    outer loop
      vertex 3.2904143323449185e-17 0.53736544032709399 -0.16263455967290591
      vertex -0.070140264756546944 0.53276820449217233 -0.16263455967290591
      vertex -0.079879785966003689 0.6067472127748772 -0.21249229247759591
    endloop
  endfacet
  facet normal 0.036389878790901865 -0.55520226164250086 -0.83091890421907921
    outer loop
      vertex 3.2904143323449185e-17 0.53736544032709399 -0.16263455967290591
      vertex -0.079879785966003689 0.6067472127748772 -0.21249229247759591
      vertex 3.7473139504032108e-17 0.61198281055602921 -0.21249229247759591
    endloop
  endfacet
  facet normal 0.012785850036173534 -0.19507437488030926 -0.98070510873753935
    outer loop
      vertex 3.7473139504032108e-17 0.61198281055602921 -0.21249229247759591
      vertex -0.079879785966003689 0.6067472127748772 -0.21249229247759591
      vertex -0.091368334554036118 0.69401140296166719 -0.23000000000000001
    endloop
  endfacet
  facet normal 0.012785850036173493 -0.19507437488030932 -0.98070510873753958
    outer loop
      vertex 3.7473139504032108e-17 0.61198281055602921 -0.21249229247759591
      vertex -0.091368334554036118 0.69401140296166719 -0.23000000000000001
      vertex 4.286263797015736e-17 0.69999999999999996 -0.23000000000000001
    endloop
  endfacet
  facet normal -0.012785850036173486 0.19507437488030901 -0.98070510873753958
    outer loop
      vertex 4.286263797015736e-17 0.69999999999999996 -0.23000000000000001
      vertex -0.091368334554036118 0.69401140296166719 -0.23000000000000001
      vertex -0.10285688314206853 0.78127559314845718 -0.21249229247759593
    endloop
  endfacet
  facet normal -0.012785850036173455 0.19507437488030899 -0.98070510873753947
    outer loop
      vertex 4.286263797015736e-17 0.69999999999999996 -0.23000000000000001
      vertex -0.10285688314206853 0.78127559314845718 -0.21249229247759593
      vertex 4.8252136436282611e-17 0.7880171894439707 -0.21249229247759593
    endloop
  endfacet
  facet normal -0.036389878790901643 0.55520226164250064 -0.83091890421907943
    outer loop
      vertex 4.8252136436282611e-17 0.7880171894439707 -0.21249229247759593
      vertex -0.10285688314206853 0.78127559314845718 -0.21249229247759593
      vertex -0.11259640435152529 0.85525460143116216 -0.16263455967290597
    endloop
  endfacet
  facet normal -0.036389878790901567 0.55520226164250064 -0.83091890421907932
    outer loop
      vertex 4.8252136436282611e-17 0.7880171894439707 -0.21249229247759593
      vertex -0.11259640435152529 0.85525460143116216 -0.16263455967290597
      vertex 5.2821132616865534e-17 0.86263455967290592 -0.16263455967290597
    endloop
  endfacet
  facet normal -0.054416649716952904 0.83023763743378787 -0.55474705372984601
    outer loop
      vertex 5.2821132616865534e-17 0.86263455967290592 -0.16263455967290597
      vertex -0.11259640435152529 0.85525460143116216 -0.16263455967290597
      vertex -0.11910414436724623 0.90468579442012054 -0.0880171894439708
    endloop
  endfacet
  facet normal -0.054416649716952599 0.8302376374337882 -0.55474705372984567
    outer loop
      vertex 5.2821132616865534e-17 0.86263455967290592 -0.16263455967290597
      vertex -0.11910414436724623 0.90468579442012054 -0.0880171894439708
      vertex 5.5874038261465907e-17 0.91249229247759589 -0.0880171894439708
    endloop
  endfacet
  facet normal -0.064151648767622582 0.97876502113507635 -0.1946884674623777
    outer loop
      vertex 5.5874038261465907e-17 0.91249229247759589 -0.0880171894439708
      vertex -0.11910414436724623 0.90468579442012054 -0.0880171894439708
      vertex -0.12138935876464799 0.92204372107764354 0
    endloop
  endfacet
  facet normal -0.064151648767623304 0.97876502113507602 -0.19468846746237867
    outer loop
      vertex 5.5874038261465907e-17 0.91249229247759589 -0.0880171894439708
      vertex -0.12138935876464799 0.92204372107764354 0
      vertex 5.6946076160351921e-17 0.92999999999999994 0
    endloop
  endfacet
  facet normal -0.1913572938062566 0.96201808025852431 0.19468846746237817
    outer loop
      vertex -0.12138935876464799 0.92204372107764354 0
      vertex -0.24070171194534418 0.89831101844883343 0
      vertex -0.23617038380246133 0.88139987159382804 0.088017189443970648
    endloop
  endfacet
  facet normal -0.19135729380625674 0.96201808025852431 0.194688467462378
    outer loop
      vertex -0.12138935876464799 0.92204372107764354 0
      vertex -0.23617038380246133 0.88139987159382804 0.088017189443970648
      vertex -0.11910414436724623 0.90468579442012054 0.088017189443970648
    endloop
  endfacet
  facet normal -0.16231886518705549 0.81603204127193618 0.55474705372984512
    outer loop
      vertex -0.11910414436724623 0.90468579442012054 0.088017189443970648
      vertex -0.23617038380246133 0.88139987159382804 0.088017189443970648
      vertex -0.22326625300697486 0.83324099983755828 0.16263455967290594
    endloop
  endfacet
  facet normal -0.16231886518705521 0.81603204127193607 0.55474705372984545
    outer loop
      vertex -0.11910414436724623 0.90468579442012054 0.088017189443970648
      vertex -0.22326625300697486 0.83324099983755828 0.16263455967290594
      vertex -0.11259640435152529 0.85525460143116216 0.16263455967290594
    endloop
  endfacet
  facet normal -0.10854699545741114 0.5457025970146494 0.83091890421907955
    outer loop
      vertex -0.11259640435152529 0.85525460143116216 0.16263455967290594
      vertex -0.22326625300697486 0.83324099983755828 0.16263455967290594
      vertex -0.20395385649626058 0.76116615484365657 0.21249229247759596
    endloop
  endfacet
  facet normal -0.10854699545741113 0.5457025970146494 0.83091890421907955
    outer loop
      vertex -0.11259640435152529 0.85525460143116216 0.16263455967290594
      vertex -0.20395385649626058 0.76116615484365657 0.21249229247759596
      vertex -0.10285688314206852 0.78127559314845707 0.21249229247759596
    endloop
  endfacet
  facet normal -0.03813878066949377 0.19173659824127243 0.98070510873753947
    outer loop
      vertex -0.10285688314206852 0.78127559314845707 0.21249229247759596
      vertex -0.20395385649626058 0.76116615484365657 0.21249229247759596
      vertex -0.18117333157176443 0.67614807840234781 0.23000000000000001
    endloop
  endfacet
  facet normal -0.038138780669493666 0.19173659824127232 0.98070510873753958
    outer loop
      vertex -0.10285688314206852 0.78127559314845707 0.21249229247759596
      vertex -0.18117333157176443 0.67614807840234781 0.23000000000000001
      vertex -0.091368334554036118 0.69401140296166719 0.23000000000000001
    endloop
  endfacet
  facet normal 0.038138780669493645 -0.1917365982412722 0.98070510873753958
    outer loop
      vertex -0.091368334554036118 0.69401140296166719 0.23000000000000001
      vertex -0.18117333157176443 0.67614807840234781 0.23000000000000001
      vertex -0.15839280664726829 0.59113000196103893 0.21249229247759596
    endloop
  endfacet
  facet normal 0.038138780669493819 -0.19173659824127232 0.98070510873753958
    outer loop
      vertex -0.091368334554036118 0.69401140296166719 0.23000000000000001
      vertex -0.15839280664726829 0.59113000196103893 0.21249229247759596
      vertex -0.079879785966003702 0.60674721277487731 0.21249229247759596
    endloop
  endfacet
  facet normal 0.10854699545741144 -0.54570259701464985 0.83091890421907921
    outer loop
      vertex -0.079879785966003702 0.60674721277487731 0.21249229247759596
      vertex -0.15839280664726829 0.59113000196103893 0.21249229247759596
      vertex -0.13908041013655401 0.51905515696713733 0.16263455967290594
    endloop
  endfacet
  facet normal 0.10854699545741155 -0.54570259701464996 0.83091890421907921
    outer loop
      vertex -0.079879785966003702 0.60674721277487731 0.21249229247759596
      vertex -0.13908041013655401 0.51905515696713733 0.16263455967290594
      vertex -0.070140264756546944 0.53276820449217233 0.16263455967290594
    endloop
  endfacet
  facet normal 0.16231886518705552 -0.81603204127193596 0.55474705372984512
    outer loop
      vertex -0.070140264756546944 0.53276820449217233 0.16263455967290594
      vertex -0.13908041013655401 0.51905515696713733 0.16263455967290594
      vertex -0.12617627934106751 0.47089628521086757 0.088017189443970675
    endloop
  endfacet
  facet normal 0.16231886518705516 -0.81603204127193585 0.55474705372984534
    outer loop
      vertex -0.070140264756546944 0.53276820449217233 0.16263455967290594
      vertex -0.12617627934106751 0.47089628521086757 0.088017189443970675
      vertex -0.063632524740826008 0.48333701150321395 0.088017189443970675
    endloop
  endfacet
  facet normal 0.19135729380625643 -0.96201808025852409 0.19468846746237928
    outer loop
      vertex -0.063632524740826008 0.48333701150321395 0.088017189443970675
      vertex -0.12617627934106751 0.47089628521086757 0.088017189443970675
      vertex -0.12164495119818469 0.45398513835586207 2.8166876380389123e-17
    endloop
  endfacet
  facet normal 0.19135729380625655 -0.96201808025852409 0.19468846746237914
    outer loop
      vertex -0.063632524740826008 0.48333701150321395 0.088017189443970675
      vertex -0.12164495119818469 0.45398513835586207 2.8166876380389123e-17
      vertex -0.061347310343424249 0.46597908484569084 2.8166876380389123e-17
    endloop
  endfacet
  facet normal 0.19135729380625663 -0.9620180802585242 -0.19468846746237869
    outer loop
      vertex -0.061347310343424249 0.46597908484569084 2.8166876380389123e-17
      vertex -0.12164495119818469 0.45398513835586207 2.8166876380389123e-17
      vertex -0.12617627934106751 0.47089628521086752 -0.088017189443970634
    endloop
  endfacet
  facet normal 0.19135729380625641 -0.96201808025852431 -0.19468846746237853
    outer loop
      vertex -0.061347310343424249 0.46597908484569084 2.8166876380389123e-17
      vertex -0.12617627934106751 0.47089628521086752 -0.088017189443970634
      vertex -0.063632524740825994 0.4833370115032139 -0.088017189443970634
    endloop
  endfacet
  facet normal 0.16231886518705513 -0.81603204127193596 -0.55474705372984556
    outer loop
      vertex -0.063632524740825994 0.4833370115032139 -0.088017189443970634
      vertex -0.12617627934106751 0.47089628521086752 -0.088017189443970634
      vertex -0.13908041013655401 0.51905515696713733 -0.16263455967290591
    endloop
  endfacet
  facet normal 0.16231886518705549 -0.81603204127193563 -0.55474705372984578
    outer loop
      vertex -0.063632524740825994 0.4833370115032139 -0.088017189443970634
      vertex -0.13908041013655401 0.51905515696713733 -0.16263455967290591
      vertex -0.070140264756546944 0.53276820449217233 -0.16263455967290591
    endloop
  endfacet
  facet normal 0.10854699545741155 -0.54570259701465029 -0.83091890421907899
    outer loop
      vertex -0.070140264756546944 0.53276820449217233 -0.16263455967290591
      vertex -0.13908041013655401 0.51905515696713733 -0.16263455967290591
      vertex -0.15839280664726826 0.59113000196103882 -0.21249229247759591
    endloop
  endfacet
  facet normal 0.10854699545741153 -0.54570259701465029 -0.83091890421907899
    outer loop
      vertex -0.070140264756546944 0.53276820449217233 -0.16263455967290591
      vertex -0.15839280664726826 0.59113000196103882 -0.21249229247759591
      vertex -0.079879785966003689 0.6067472127748772 -0.21249229247759591
    endloop
  endfacet
  facet normal 0.038138780669493867 -0.19173659824127248 -0.98070510873753947
    outer loop
      vertex -0.079879785966003689 0.6067472127748772 -0.21249229247759591
      vertex -0.15839280664726826 0.59113000196103882 -0.21249229247759591
      vertex -0.18117333157176443 0.67614807840234781 -0.23000000000000001
    endloop
  endfacet
  facet normal 0.038138780669493749 -0.19173659824127268 -0.98070510873753935
    outer loop
      vertex -0.079879785966003689 0.6067472127748772 -0.21249229247759591
      vertex -0.18117333157176443 0.67614807840234781 -0.23000000000000001
      vertex -0.091368334554036118 0.69401140296166719 -0.23000000000000001
    endloop
  endfacet
  facet normal -0.038138780669493701 0.19173659824127248 -0.98070510873753958
    outer loop
      vertex -0.091368334554036118 0.69401140296166719 -0.23000000000000001
      vertex -0.18117333157176443 0.67614807840234781 -0.23000000000000001
      vertex -0.2039538564962606 0.76116615484365668 -0.21249229247759593
    endloop
  endfacet
  facet normal -0.038138780669493763 0.1917365982412724 -0.98070510873753947
    outer loop
      vertex -0.091368334554036118 0.69401140296166719 -0.23000000000000001
      vertex -0.2039538564962606 0.76116615484365668 -0.21249229247759593
      vertex -0.10285688314206853 0.78127559314845718 -0.21249229247759593
    endloop
  endfacet
  facet normal -0.10854699545741114 0.54570259701464952 -0.83091890421907943
    outer loop
      vertex -0.10285688314206853 0.78127559314845718 -0.21249229247759593
      vertex -0.2039538564962606 0.76116615484365668 -0.21249229247759593
      vertex -0.22326625300697486 0.83324099983755828 -0.16263455967290597
    endloop
  endfacet
  facet normal -0.10854699545741116 0.54570259701464963 -0.83091890421907943
    outer loop
      vertex -0.10285688314206853 0.78127559314845718 -0.21249229247759593
      vertex -0.22326625300697486 0.83324099983755828 -0.16263455967290597
      vertex -0.11259640435152529 0.85525460143116216 -0.16263455967290597
    endloop
  endfacet
  facet normal -0.1623188651870551 0.81603204127193574 -0.55474705372984567
    outer loop
      vertex -0.11259640435152529 0.85525460143116216 -0.16263455967290597
      vertex -0.22326625300697486 0.83324099983755828 -0.16263455967290597
      vertex -0.23617038380246133 0.88139987159382804 -0.0880171894439708
    endloop
  endfacet
  facet normal -0.16231886518705535 0.81603204127193552 -0.5547470537298459
    outer loop
      vertex -0.11259640435152529 0.85525460143116216 -0.16263455967290597
      vertex -0.23617038380246133 0.88139987159382804 -0.0880171894439708
      vertex -0.11910414436724623 0.90468579442012054 -0.0880171894439708
    endloop
  endfacet
  facet normal -0.19135729380625674 0.96201808025852431 -0.19468846746237789
    outer loop
      vertex -0.11910414436724623 0.90468579442012054 -0.0880171894439708
      vertex -0.23617038380246133 0.88139987159382804 -0.0880171894439708
      vertex -0.24070171194534418 0.89831101844883343 0
    endloop
  endfacet
  facet normal -0.1913572938062566 0.96201808025852442 -0.19468846746237767
    outer loop
      vertex -0.11910414436724623 0.90468579442012054 -0.0880171894439708
      vertex -0.24070171194534418 0.89831101844883343 0
      vertex -0.12138935876464799 0.92204372107764354 0
    endloop
  endfacet
  facet normal -0.31528876249360077 0.92881074330694746 0.19468846746237856
    outer loop
      vertex -0.24070171194534418 0.89831101844883343 0
      vertex -0.3558955920995332 0.8592079652354967 0
      vertex -0.34919568249201555 0.84303295259435373 0.088017189443970648
    endloop
  endfacet
  facet normal -0.3152887624936011 0.92881074330694746 0.19468846746237825
    outer loop
      vertex -0.24070171194534418 0.89831101844883343 0
      vertex -0.34919568249201555 0.84303295259435373 0.088017189443970648
      vertex -0.23617038380246133 0.88139987159382804 0.088017189443970648
    endloop
  endfacet
  facet normal -0.2674437598705165 0.78786391063709627 0.55474705372984467
    outer loop
      vertex -0.23617038380246133 0.88139987159382804 0.088017189443970648
      vertex -0.34919568249201555 0.84303295259435373 0.088017189443970648
      vertex -0.33011595417237527 0.79697041371868416 0.16263455967290594
    endloop
  endfacet
  facet normal -0.26744375987051605 0.78786391063709615 0.55474705372984501
    outer loop
      vertex -0.23617038380246133 0.88139987159382804 0.088017189443970648
      vertex -0.33011595417237527 0.79697041371868416 0.16263455967290594
      vertex -0.22326625300697486 0.83324099983755828 0.16263455967290594
    endloop
  endfacet
  facet normal -0.17884684293673211 0.52686580965453433 0.83091890421907966
    outer loop
      vertex -0.22326625300697486 0.83324099983755828 0.16263455967290594
      vertex -0.33011595417237527 0.79697041371868416 0.16263455967290594
      vertex -0.30156112281910963 0.72803295259435374 0.21249229247759596
    endloop
  endfacet
  facet normal -0.17884684293673217 0.52686580965453433 0.83091890421907966
    outer loop
      vertex -0.22326625300697486 0.83324099983755828 0.16263455967290594
      vertex -0.30156112281910963 0.72803295259435374 0.21249229247759596
      vertex -0.20395385649626058 0.76116615484365657 0.21249229247759596
    endloop
  endfacet
  facet normal -0.062839146191491529 0.18511815524689948 0.98070510873753947
    outer loop
      vertex -0.20395385649626058 0.76116615484365657 0.21249229247759596
      vertex -0.30156112281910963 0.72803295259435374 0.21249229247759596
      vertex -0.26787840265556262 0.64671567275790076 0.23000000000000001
    endloop
  endfacet
  facet normal -0.062839146191491654 0.18511815524689956 0.98070510873753958
    outer loop
      vertex -0.20395385649626058 0.76116615484365657 0.21249229247759596
      vertex -0.26787840265556262 0.64671567275790076 0.23000000000000001
      vertex -0.18117333157176443 0.67614807840234781 0.23000000000000001
    endloop
  endfacet
  facet normal 0.062839146191491627 -0.18511815524689945 0.98070510873753958
    outer loop
      vertex -0.18117333157176443 0.67614807840234781 0.23000000000000001
      vertex -0.26787840265556262 0.64671567275790076 0.23000000000000001
      vertex -0.23419568249201564 0.56539839292144778 0.21249229247759596
    endloop
  endfacet
  facet normal 0.062839146191491446 -0.18511815524689937 0.98070510873753958
    outer loop
      vertex -0.18117333157176443 0.67614807840234781 0.23000000000000001
      vertex -0.23419568249201564 0.56539839292144778 0.21249229247759596
      vertex -0.15839280664726829 0.59113000196103893 0.21249229247759596
    endloop
  endfacet
  facet normal 0.17884684293673211 -0.52686580965453456 0.83091890421907943
    outer loop
      vertex -0.15839280664726829 0.59113000196103893 0.21249229247759596
      vertex -0.23419568249201564 0.56539839292144778 0.21249229247759596
      vertex -0.20564085113875002 0.49646093179711742 0.16263455967290594
    endloop
  endfacet
  facet normal 0.17884684293673259 -0.52686580965453467 0.83091890421907921
    outer loop
      vertex -0.15839280664726829 0.59113000196103893 0.21249229247759596
      vertex -0.20564085113875002 0.49646093179711742 0.16263455967290594
      vertex -0.13908041013655401 0.51905515696713733 0.16263455967290594
    endloop
  endfacet
  facet normal 0.26744375987051644 -0.78786391063709582 0.55474705372984523
    outer loop
      vertex -0.13908041013655401 0.51905515696713733 0.16263455967290594
      vertex -0.20564085113875002 0.49646093179711742 0.16263455967290594
      vertex -0.18656112281910975 0.45039839292144779 0.088017189443970675
    endloop
  endfacet
  facet normal 0.26744375987051644 -0.78786391063709582 0.55474705372984512
    outer loop
      vertex -0.13908041013655401 0.51905515696713733 0.16263455967290594
      vertex -0.18656112281910975 0.45039839292144779 0.088017189443970675
      vertex -0.12617627934106751 0.47089628521086757 0.088017189443970675
    endloop
  endfacet
  facet normal 0.31528876249360105 -0.92881074330694724 0.19468846746237922
    outer loop
      vertex -0.12617627934106751 0.47089628521086757 0.088017189443970675
      vertex -0.18656112281910975 0.45039839292144779 0.088017189443970675
      vertex -0.17986121321159207 0.43422338028030477 2.8166876380389123e-17
    endloop
  endfacet
  facet normal 0.31528876249360094 -0.92881074330694724 0.19468846746237925
    outer loop
      vertex -0.12617627934106751 0.47089628521086757 0.088017189443970675
      vertex -0.17986121321159207 0.43422338028030477 2.8166876380389123e-17
      vertex -0.12164495119818469 0.45398513835586207 2.8166876380389123e-17
    endloop
  endfacet
  facet normal 0.31528876249360105 -0.92881074330694735 -0.19468846746237856
    outer loop
      vertex -0.12164495119818469 0.45398513835586207 2.8166876380389123e-17
      vertex -0.17986121321159207 0.43422338028030477 2.8166876380389123e-17
      vertex -0.18656112281910972 0.45039839292144773 -0.088017189443970634
    endloop
  endfacet
  facet normal 0.31528876249360116 -0.92881074330694724 -0.19468846746237867
    outer loop
      vertex -0.12164495119818469 0.45398513835586207 2.8166876380389123e-17
      vertex -0.18656112281910972 0.45039839292144773 -0.088017189443970634
      vertex -0.12617627934106751 0.47089628521086752 -0.088017189443970634
    endloop
  endfacet
  facet normal 0.26744375987051644 -0.7878639106370956 -0.55474705372984556
    outer loop
      vertex -0.12617627934106751 0.47089628521086752 -0.088017189443970634
      vertex -0.18656112281910972 0.45039839292144773 -0.088017189443970634
      vertex -0.20564085113875002 0.49646093179711742 -0.16263455967290591
    endloop
  endfacet
  facet normal 0.26744375987051633 -0.78786391063709571 -0.55474705372984556
    outer loop
      vertex -0.12617627934106751 0.47089628521086752 -0.088017189443970634
      vertex -0.20564085113875002 0.49646093179711742 -0.16263455967290591
      vertex -0.13908041013655401 0.51905515696713733 -0.16263455967290591
    endloop
  endfacet
  facet normal 0.17884684293673261 -0.52686580965453478 -0.83091890421907899
    outer loop
      vertex -0.13908041013655401 0.51905515696713733 -0.16263455967290591
      vertex -0.20564085113875002 0.49646093179711742 -0.16263455967290591
      vertex -0.23419568249201558 0.56539839292144767 -0.21249229247759591
    endloop
  endfacet
  facet normal 0.17884684293673236 -0.52686580965453511 -0.83091890421907888
    outer loop
      vertex -0.13908041013655401 0.51905515696713733 -0.16263455967290591
      vertex -0.23419568249201558 0.56539839292144767 -0.21249229247759591
      vertex -0.15839280664726826 0.59113000196103882 -0.21249229247759591
    endloop
  endfacet
  facet normal 0.062839146191491613 -0.18511815524689981 -0.98070510873753947
    outer loop
      vertex -0.15839280664726826 0.59113000196103882 -0.21249229247759591
      vertex -0.23419568249201558 0.56539839292144767 -0.21249229247759591
      vertex -0.26787840265556262 0.64671567275790076 -0.23000000000000001
    endloop
  endfacet
  facet normal 0.062839146191491696 -0.18511815524689965 -0.98070510873753935
    outer loop
      vertex -0.15839280664726826 0.59113000196103882 -0.21249229247759591
      vertex -0.26787840265556262 0.64671567275790076 -0.23000000000000001
      vertex -0.18117333157176443 0.67614807840234781 -0.23000000000000001
    endloop
  endfacet
  facet normal -0.06283914619149164 0.18511815524689948 -0.98070510873753958
    outer loop
      vertex -0.18117333157176443 0.67614807840234781 -0.23000000000000001
      vertex -0.26787840265556262 0.64671567275790076 -0.23000000000000001
      vertex -0.30156112281910968 0.72803295259435385 -0.21249229247759593
    endloop
  endfacet
  facet normal -0.062839146191491557 0.18511815524689962 -0.98070510873753947
    outer loop
      vertex -0.18117333157176443 0.67614807840234781 -0.23000000000000001
      vertex -0.30156112281910968 0.72803295259435385 -0.21249229247759593
      vertex -0.2039538564962606 0.76116615484365668 -0.21249229247759593
    endloop
  endfacet
  facet normal -0.17884684293673217 0.52686580965453444 -0.83091890421907943
    outer loop
      vertex -0.2039538564962606 0.76116615484365668 -0.21249229247759593
      vertex -0.30156112281910968 0.72803295259435385 -0.21249229247759593
      vertex -0.33011595417237527 0.79697041371868416 -0.16263455967290597
    endloop
  endfacet
  facet normal -0.17884684293673214 0.52686580965453444 -0.83091890421907943
    outer loop
      vertex -0.2039538564962606 0.76116615484365668 -0.21249229247759593
      vertex -0.33011595417237527 0.79697041371868416 -0.16263455967290597
      vertex -0.22326625300697486 0.83324099983755828 -0.16263455967290597
    endloop
  endfacet
  facet normal -0.267443759870516 0.78786391063709604 -0.55474705372984523
    outer loop
      vertex -0.22326625300697486 0.83324099983755828 -0.16263455967290597
      vertex -0.33011595417237527 0.79697041371868416 -0.16263455967290597
      vertex -0.34919568249201555 0.84303295259435373 -0.0880171894439708
    endloop
  endfacet
  facet normal -0.26744375987051627 0.7878639106370956 -0.55474705372984567
    outer loop
      vertex -0.22326625300697486 0.83324099983755828 -0.16263455967290597
      vertex -0.34919568249201555 0.84303295259435373 -0.0880171894439708
      vertex -0.23617038380246133 0.88139987159382804 -0.0880171894439708
    endloop
  endfacet
  facet normal -0.31528876249360105 0.92881074330694746 -0.19468846746237828
    outer loop
      vertex -0.23617038380246133 0.88139987159382804 -0.0880171894439708
      vertex -0.34919568249201555 0.84303295259435373 -0.0880171894439708
      vertex -0.3558955920995332 0.8592079652354967 0
    endloop
  endfacet
  facet normal -0.31528876249360083 0.92881074330694757 -0.19468846746237789
    outer loop
      vertex -0.23617038380246133 0.88139987159382804 -0.0880171894439708
      vertex -0.3558955920995332 0.8592079652354967 0
      vertex -0.24070171194534418 0.89831101844883343 0
    endloop
  endfacet
  facet normal -0.4338255530401201 0.8797111970224003 0.19468846746237839
    outer loop
      vertex -0.3558955920995332 0.8592079652354967 0
      vertex -0.46499999999999975 0.80540362551952793 0
      vertex -0.45624614623879772 0.79024150604309817 0.088017189443970648
    endloop
  endfacet
  facet normal -0.43382555304011999 0.87971119702240042 0.19468846746237856
    outer loop
      vertex -0.3558955920995332 0.8592079652354967 0
      vertex -0.45624614623879772 0.79024150604309817 0.088017189443970648
      vertex -0.34919568249201555 0.84303295259435373 0.088017189443970648
    endloop
  endfacet
  facet normal -0.36799261767317376 0.7462152100541114 0.55474705372984512
    outer loop
      vertex -0.34919568249201555 0.84303295259435373 0.088017189443970648
      vertex -0.45624614623879772 0.79024150604309817 0.088017189443970648
      vertex -0.43131727983645279 0.74706344285913984 0.16263455967290594
    endloop
  endfacet
  facet normal -0.36799261767317432 0.74621521005411151 0.55474705372984467
    outer loop
      vertex -0.34919568249201555 0.84303295259435373 0.088017189443970648
      vertex -0.43131727983645279 0.74706344285913984 0.16263455967290594
      vertex -0.33011595417237527 0.79697041371868416 0.16263455967290594
    endloop
  endfacet
  facet normal -0.24608657134769335 0.49901420221643078 0.83091890421907943
    outer loop
      vertex -0.33011595417237527 0.79697041371868416 0.16263455967290594
      vertex -0.43131727983645279 0.74706344285913984 0.16263455967290594
      vertex -0.39400859472198513 0.68244290467729318 0.21249229247759596
    endloop
  endfacet
  facet normal -0.24608657134769307 0.49901420221643061 0.83091890421907966
    outer loop
      vertex -0.33011595417237527 0.79697041371868416 0.16263455967290594
      vertex -0.39400859472198513 0.68244290467729318 0.21249229247759596
      vertex -0.30156112281910963 0.72803295259435374 0.21249229247759596
    endloop
  endfacet
  facet normal -0.086464316499850175 0.17533228929180322 0.98070510873753947
    outer loop
      vertex -0.30156112281910963 0.72803295259435374 0.21249229247759596
      vertex -0.39400859472198513 0.68244290467729318 0.21249229247759596
      vertex -0.34999999999999981 0.60621778264910708 0.23000000000000001
    endloop
  endfacet
  facet normal -0.086464316499850133 0.17533228929180322 0.98070510873753958
    outer loop
      vertex -0.30156112281910963 0.72803295259435374 0.21249229247759596
      vertex -0.34999999999999981 0.60621778264910708 0.23000000000000001
      vertex -0.26787840265556262 0.64671567275790076 0.23000000000000001
    endloop
  endfacet
  facet normal 0.086464316499850161 -0.17533228929180325 0.98070510873753958
    outer loop
      vertex -0.26787840265556262 0.64671567275790076 0.23000000000000001
      vertex -0.34999999999999981 0.60621778264910708 0.23000000000000001
      vertex -0.30599140527801455 0.52999266062092099 0.21249229247759596
    endloop
  endfacet
  facet normal 0.086464316499850022 -0.17533228929180322 0.98070510873753947
    outer loop
      vertex -0.26787840265556262 0.64671567275790076 0.23000000000000001
      vertex -0.30599140527801455 0.52999266062092099 0.21249229247759596
      vertex -0.23419568249201564 0.56539839292144778 0.21249229247759596
    endloop
  endfacet
  facet normal 0.2460865713476928 -0.49901420221643084 0.83091890421907966
    outer loop
      vertex -0.23419568249201564 0.56539839292144778 0.21249229247759596
      vertex -0.30599140527801455 0.52999266062092099 0.21249229247759596
      vertex -0.26868272016354688 0.46537212243907428 0.16263455967290594
    endloop
  endfacet
  facet normal 0.24608657134769343 -0.49901420221643095 0.83091890421907932
    outer loop
      vertex -0.23419568249201564 0.56539839292144778 0.21249229247759596
      vertex -0.26868272016354688 0.46537212243907428 0.16263455967290594
      vertex -0.20564085113875002 0.49646093179711742 0.16263455967290594
    endloop
  endfacet
  facet normal 0.36799261767317409 -0.74621521005411129 0.55474705372984512
    outer loop
      vertex -0.20564085113875002 0.49646093179711742 0.16263455967290594
      vertex -0.26868272016354688 0.46537212243907428 0.16263455967290594
      vertex -0.2437538537612019 0.42219405925511599 0.088017189443970675
    endloop
  endfacet
  facet normal 0.36799261767317398 -0.74621521005411129 0.55474705372984523
    outer loop
      vertex -0.20564085113875002 0.49646093179711742 0.16263455967290594
      vertex -0.2437538537612019 0.42219405925511599 0.088017189443970675
      vertex -0.18656112281910975 0.45039839292144779 0.088017189443970675
    endloop
  endfacet
  facet normal 0.43382555304012016 -0.87971119702240008 0.19468846746237897
    outer loop
      vertex -0.18656112281910975 0.45039839292144779 0.088017189443970675
      vertex -0.2437538537612019 0.42219405925511599 0.088017189443970675
      vertex -0.23499999999999988 0.40703193977868618 2.8166876380389123e-17
    endloop
  endfacet
  facet normal 0.43382555304011977 -0.8797111970224003 0.19468846746237922
    outer loop
      vertex -0.18656112281910975 0.45039839292144779 0.088017189443970675
      vertex -0.23499999999999988 0.40703193977868618 2.8166876380389123e-17
      vertex -0.17986121321159207 0.43422338028030477 2.8166876380389123e-17
    endloop
  endfacet
  facet normal 0.43382555304011983 -0.87971119702240042 -0.19468846746237825
    outer loop
      vertex -0.17986121321159207 0.43422338028030477 2.8166876380389123e-17
      vertex -0.23499999999999988 0.40703193977868618 2.8166876380389123e-17
      vertex -0.24375385376120187 0.42219405925511594 -0.088017189443970634
    endloop
  endfacet
  facet normal 0.43382555304012016 -0.8797111970224003 -0.1946884674623785
    outer loop
      vertex -0.17986121321159207 0.43422338028030477 2.8166876380389123e-17
      vertex -0.24375385376120187 0.42219405925511594 -0.088017189443970634
      vertex -0.18656112281910972 0.45039839292144773 -0.088017189443970634
    endloop
  endfacet
  facet normal 0.36799261767317387 -0.74621521005411118 -0.55474705372984556
    outer loop
      vertex -0.18656112281910972 0.45039839292144773 -0.088017189443970634
      vertex -0.24375385376120187 0.42219405925511594 -0.088017189443970634
      vertex -0.26868272016354688 0.46537212243907428 -0.16263455967290591
    endloop
  endfacet
  facet normal 0.36799261767317393 -0.74621521005411096 -0.55474705372984556
    outer loop
      vertex -0.18656112281910972 0.45039839292144773 -0.088017189443970634
      vertex -0.26868272016354688 0.46537212243907428 -0.16263455967290591
      vertex -0.20564085113875002 0.49646093179711742 -0.16263455967290591
    endloop
  endfacet
  facet normal 0.24608657134769341 -0.499014202216431 -0.83091890421907932
    outer loop
      vertex -0.20564085113875002 0.49646093179711742 -0.16263455967290591
      vertex -0.26868272016354688 0.46537212243907428 -0.16263455967290591
      vertex -0.30599140527801449 0.52999266062092087 -0.21249229247759591
    endloop
  endfacet
  facet normal 0.24608657134769313 -0.4990142022164315 -0.83091890421907921
    outer loop
      vertex -0.20564085113875002 0.49646093179711742 -0.16263455967290591
      vertex -0.30599140527801449 0.52999266062092087 -0.21249229247759591
      vertex -0.23419568249201558 0.56539839292144767 -0.21249229247759591
    endloop
  endfacet
  facet normal 0.08646431649985023 -0.17533228929180364 -0.98070510873753947
    outer loop
      vertex -0.23419568249201558 0.56539839292144767 -0.21249229247759591
      vertex -0.30599140527801449 0.52999266062092087 -0.21249229247759591
      vertex -0.34999999999999981 0.60621778264910708 -0.23000000000000001
    endloop
  endfacet
  facet normal 0.086464316499850286 -0.17533228929180356 -0.98070510873753958
    outer loop
      vertex -0.23419568249201558 0.56539839292144767 -0.21249229247759591
      vertex -0.34999999999999981 0.60621778264910708 -0.23000000000000001
      vertex -0.26787840265556262 0.64671567275790076 -0.23000000000000001
    endloop
  endfacet
  facet normal -0.086464316499850147 0.17533228929180325 -0.98070510873753935
    outer loop
      vertex -0.26787840265556262 0.64671567275790076 -0.23000000000000001
      vertex -0.34999999999999981 0.60621778264910708 -0.23000000000000001
      vertex -0.39400859472198518 0.68244290467729329 -0.21249229247759593
    endloop
  endfacet
  facet normal -0.086464316499850147 0.17533228929180319 -0.98070510873753947
    outer loop
      vertex -0.26787840265556262 0.64671567275790076 -0.23000000000000001
      vertex -0.39400859472198518 0.68244290467729329 -0.21249229247759593
      vertex -0.30156112281910968 0.72803295259435385 -0.21249229247759593
    endloop
  endfacet
  facet normal -0.24608657134769324 0.49901420221643111 -0.83091890421907932
    outer loop
      vertex -0.30156112281910968 0.72803295259435385 -0.21249229247759593
      vertex -0.39400859472198518 0.68244290467729329 -0.21249229247759593
      vertex -0.43131727983645279 0.74706344285913984 -0.16263455967290597
    endloop
  endfacet
  facet normal -0.24608657134769341 0.49901420221643078 -0.83091890421907943
    outer loop
      vertex -0.30156112281910968 0.72803295259435385 -0.21249229247759593
      vertex -0.43131727983645279 0.74706344285913984 -0.16263455967290597
      vertex -0.33011595417237527 0.79697041371868416 -0.16263455967290597
    endloop
  endfacet
  facet normal -0.36799261767317398 0.74621521005411073 -0.55474705372984567
    outer loop
      vertex -0.33011595417237527 0.79697041371868416 -0.16263455967290597
      vertex -0.43131727983645279 0.74706344285913984 -0.16263455967290597
      vertex -0.45624614623879772 0.79024150604309817 -0.0880171894439708
    endloop
  endfacet
  facet normal -0.36799261767317365 0.7462152100541114 -0.55474705372984512
    outer loop
      vertex -0.33011595417237527 0.79697041371868416 -0.16263455967290597
      vertex -0.45624614623879772 0.79024150604309817 -0.0880171894439708
      vertex -0.34919568249201555 0.84303295259435373 -0.0880171894439708
    endloop
  endfacet
  facet normal -0.4338255530401201 0.87971119702240042 -0.19468846746237808
    outer loop
      vertex -0.34919568249201555 0.84303295259435373 -0.0880171894439708
      vertex -0.45624614623879772 0.79024150604309817 -0.0880171894439708
      vertex -0.46499999999999975 0.80540362551952793 0
    endloop
  endfacet
  facet normal -0.43382555304012016 0.87971119702240019 -0.1946884674623782
    outer loop
      vertex -0.34919568249201555 0.84303295259435373 -0.0880171894439708
      vertex -0.46499999999999975 0.80540362551952793 0
      vertex -0.3558955920995332 0.8592079652354967 0
    endloop
  endfacet
  facet normal -0.5449394680949553 0.81555954825477772 0.19468846746237936
    outer loop
      vertex -0.46499999999999975 0.80540362551952793 0
      vertex -0.56614812897811018 0.73781860647084863 0
      vertex -0.55549011192810471 0.72392880822710737 0.088017189443970648
    endloop
  endfacet
  facet normal -0.54493946809495608 0.81555954825477739 0.19468846746237839
    outer loop
      vertex -0.46499999999999975 0.80540362551952793 0
      vertex -0.55549011192810471 0.72392880822710737 0.088017189443970648
      vertex -0.45624614623879772 0.79024150604309817 0.088017189443970648
    endloop
  endfacet
  facet normal -0.46224501976061499 0.69179856033715892 0.55474705372984456
    outer loop
      vertex -0.45624614623879772 0.79024150604309817 0.088017189443970648
      vertex -0.55549011192810471 0.72392880822710737 0.088017189443970648
      vertex -0.52513864725878667 0.68437400936715875 0.16263455967290594
    endloop
  endfacet
  facet normal -0.46224501976061427 0.69179856033715881 0.55474705372984501
    outer loop
      vertex -0.45624614623879772 0.79024150604309817 0.088017189443970648
      vertex -0.52513864725878667 0.68437400936715875 0.16263455967290594
      vertex -0.43131727983645279 0.74706344285913984 0.16263455967290594
    endloop
  endfacet
  facet normal -0.30911569029480729 0.4626243234255295 0.83091890421907955
    outer loop
      vertex -0.43131727983645279 0.74706344285913984 0.16263455967290594
      vertex -0.52513864725878667 0.68437400936715875 0.16263455967290594
      vertex -0.47971447032934728 0.6251760694522851 0.21249229247759596
    endloop
  endfacet
  facet normal -0.3091156902948074 0.4626243234255295 0.83091890421907943
    outer loop
      vertex -0.43131727983645279 0.74706344285913984 0.16263455967290594
      vertex -0.47971447032934728 0.6251760694522851 0.21249229247759596
      vertex -0.39400859472198513 0.68244290467729318 0.21249229247759596
    endloop
  endfacet
  facet normal -0.10861005838045887 0.16254643925562998 0.98070510873753947
    outer loop
      vertex -0.39400859472198513 0.68244290467729318 0.21249229247759596
      vertex -0.47971447032934728 0.6251760694522851 0.21249229247759596
      vertex -0.42613300030610446 0.55534733820386462 0.23000000000000001
    endloop
  endfacet
  facet normal -0.10861005838045865 0.16254643925562992 0.98070510873753935
    outer loop
      vertex -0.39400859472198513 0.68244290467729318 0.21249229247759596
      vertex -0.42613300030610446 0.55534733820386462 0.23000000000000001
      vertex -0.34999999999999981 0.60621778264910708 0.23000000000000001
    endloop
  endfacet
  facet normal 0.10861005838045858 -0.16254643925562981 0.98070510873753947
    outer loop
      vertex -0.34999999999999981 0.60621778264910708 0.23000000000000001
      vertex -0.42613300030610446 0.55534733820386462 0.23000000000000001
      vertex -0.37255153028286159 0.48551860695544402 0.21249229247759596
    endloop
  endfacet
  facet normal 0.10861005838045881 -0.16254643925562989 0.98070510873753947
    outer loop
      vertex -0.34999999999999981 0.60621778264910708 0.23000000000000001
      vertex -0.37255153028286159 0.48551860695544402 0.21249229247759596
      vertex -0.30599140527801455 0.52999266062092099 0.21249229247759596
    endloop
  endfacet
  facet normal 0.30911569029480751 -0.46262432342552945 0.83091890421907943
    outer loop
      vertex -0.30599140527801455 0.52999266062092099 0.21249229247759596
      vertex -0.37255153028286159 0.48551860695544402 0.21249229247759596
      vertex -0.32712735335342213 0.42632066704057042 0.16263455967290594
    endloop
  endfacet
  facet normal 0.30911569029480712 -0.46262432342552945 0.83091890421907966
    outer loop
      vertex -0.30599140527801455 0.52999266062092099 0.21249229247759596
      vertex -0.32712735335342213 0.42632066704057042 0.16263455967290594
      vertex -0.26868272016354688 0.46537212243907428 0.16263455967290594
    endloop
  endfacet
  facet normal 0.46224501976061422 -0.69179856033715892 0.55474705372984501
    outer loop
      vertex -0.26868272016354688 0.46537212243907428 0.16263455967290594
      vertex -0.32712735335342213 0.42632066704057042 0.16263455967290594
      vertex -0.29677588868410409 0.38676586818062175 0.088017189443970675
    endloop
  endfacet
  facet normal 0.46224501976061427 -0.69179856033715892 0.55474705372984512
    outer loop
      vertex -0.26868272016354688 0.46537212243907428 0.16263455967290594
      vertex -0.29677588868410409 0.38676586818062175 0.088017189443970675
      vertex -0.2437538537612019 0.42219405925511599 0.088017189443970675
    endloop
  endfacet
  facet normal 0.54493946809495553 -0.81555954825477772 0.19468846746237917
    outer loop
      vertex -0.2437538537612019 0.42219405925511599 0.088017189443970675
      vertex -0.29677588868410409 0.38676586818062175 0.088017189443970675
      vertex -0.28611787163409869 0.37287606993688049 2.8166876380389123e-17
    endloop
  endfacet
  facet normal 0.54493946809495564 -0.81555954825477761 0.19468846746237892
    outer loop
      vertex -0.2437538537612019 0.42219405925511599 0.088017189443970675
      vertex -0.28611787163409869 0.37287606993688049 2.8166876380389123e-17
      vertex -0.23499999999999988 0.40703193977868618 2.8166876380389123e-17
    endloop
  endfacet
  facet normal 0.54493946809495575 -0.81555954825477772 -0.19468846746237864
    outer loop
      vertex -0.23499999999999988 0.40703193977868618 2.8166876380389123e-17
      vertex -0.28611787163409869 0.37287606993688049 2.8166876380389123e-17
      vertex -0.29677588868410409 0.3867658681806217 -0.088017189443970634
    endloop
  endfacet
  facet normal 0.54493946809495541 -0.81555954825477817 -0.19468846746237831
    outer loop
      vertex -0.23499999999999988 0.40703193977868618 2.8166876380389123e-17
      vertex -0.29677588868410409 0.3867658681806217 -0.088017189443970634
      vertex -0.24375385376120187 0.42219405925511594 -0.088017189443970634
    endloop
  endfacet
  facet normal 0.462245019760614 -0.69179856033715892 -0.55474705372984534
    outer loop
      vertex -0.24375385376120187 0.42219405925511594 -0.088017189443970634
      vertex -0.29677588868410409 0.3867658681806217 -0.088017189443970634
      vertex -0.32712735335342213 0.42632066704057042 -0.16263455967290591
    endloop
  endfacet
  facet normal 0.46224501976061416 -0.6917985603371587 -0.55474705372984556
    outer loop
      vertex -0.24375385376120187 0.42219405925511594 -0.088017189443970634
      vertex -0.32712735335342213 0.42632066704057042 -0.16263455967290591
      vertex -0.26868272016354688 0.46537212243907428 -0.16263455967290591
    endloop
  endfacet
  facet normal 0.30911569029480734 -0.46262432342552978 -0.83091890421907943
    outer loop
      vertex -0.26868272016354688 0.46537212243907428 -0.16263455967290591
      vertex -0.32712735335342213 0.42632066704057042 -0.16263455967290591
      vertex -0.37255153028286153 0.48551860695544397 -0.21249229247759591
    endloop
  endfacet
  facet normal 0.30911569029480734 -0.46262432342552973 -0.83091890421907932
    outer loop
      vertex -0.26868272016354688 0.46537212243907428 -0.16263455967290591
      vertex -0.37255153028286153 0.48551860695544397 -0.21249229247759591
      vertex -0.30599140527801449 0.52999266062092087 -0.21249229247759591
    endloop
  endfacet
  facet normal 0.10861005838045888 -0.16254643925563014 -0.98070510873753935
    outer loop
      vertex -0.30599140527801449 0.52999266062092087 -0.21249229247759591
      vertex -0.37255153028286153 0.48551860695544397 -0.21249229247759591
      vertex -0.42613300030610446 0.55534733820386462 -0.23000000000000001
    endloop
  endfacet
  facet normal 0.10861005838045888 -0.16254643925563031 -0.98070510873753947
    outer loop
      vertex -0.30599140527801449 0.52999266062092087 -0.21249229247759591
      vertex -0.42613300030610446 0.55534733820386462 -0.23000000000000001
      vertex -0.34999999999999981 0.60621778264910708 -0.23000000000000001
    endloop
  endfacet
  facet normal -0.10861005838045877 0.16254643925563009 -0.98070510873753935
    outer loop
      vertex -0.34999999999999981 0.60621778264910708 -0.23000000000000001
      vertex -0.42613300030610446 0.55534733820386462 -0.23000000000000001
      vertex -0.47971447032934733 0.62517606945228521 -0.21249229247759593
    endloop
  endfacet
  facet normal -0.10861005838045881 0.16254643925562989 -0.98070510873753958
    outer loop
      vertex -0.34999999999999981 0.60621778264910708 -0.23000000000000001
      vertex -0.47971447032934733 0.62517606945228521 -0.21249229247759593
      vertex -0.39400859472198518 0.68244290467729329 -0.21249229247759593
    endloop
  endfacet
  facet normal -0.30911569029480745 0.46262432342552956 -0.83091890421907943
    outer loop
      vertex -0.39400859472198518 0.68244290467729329 -0.21249229247759593
      vertex -0.47971447032934733 0.62517606945228521 -0.21249229247759593
      vertex -0.52513864725878667 0.68437400936715875 -0.16263455967290597
    endloop
  endfacet
  facet normal -0.3091156902948074 0.46262432342552967 -0.83091890421907932
    outer loop
      vertex -0.39400859472198518 0.68244290467729329 -0.21249229247759593
      vertex -0.52513864725878667 0.68437400936715875 -0.16263455967290597
      vertex -0.43131727983645279 0.74706344285913984 -0.16263455967290597
    endloop
  endfacet
  facet normal -0.46224501976061433 0.69179856033715881 -0.55474705372984523
    outer loop
      vertex -0.43131727983645279 0.74706344285913984 -0.16263455967290597
      vertex -0.52513864725878667 0.68437400936715875 -0.16263455967290597
      vertex -0.55549011192810471 0.72392880822710737 -0.0880171894439708
    endloop
  endfacet
  facet normal -0.4622450197606145 0.69179856033715825 -0.55474705372984567
    outer loop
      vertex -0.43131727983645279 0.74706344285913984 -0.16263455967290597
      vertex -0.55549011192810471 0.72392880822710737 -0.0880171894439708
      vertex -0.45624614623879772 0.79024150604309817 -0.0880171894439708
    endloop
  endfacet
  facet normal -0.54493946809495608 0.81555954825477739 -0.19468846746237908
    outer loop
      vertex -0.45624614623879772 0.79024150604309817 -0.0880171894439708
      vertex -0.55549011192810471 0.72392880822710737 -0.0880171894439708
      vertex -0.56614812897811018 0.73781860647084863 0
    endloop
  endfacet
  facet normal -0.54493946809495553 0.81555954825477794 -0.19468846746237814
    outer loop
      vertex -0.45624614623879772 0.79024150604309817 -0.0880171894439708
      vertex -0.56614812897811018 0.73781860647084863 0
      vertex -0.46499999999999975 0.80540362551952793 0
    endloop
  endfacet
  facet normal -0.64672931776492315 0.73745344950069036 0.19468846746237886
    outer loop
      vertex -0.56614812897811018 0.73781860647084863 0
      vertex -0.65760930650348914 0.65760930650348914 0
      vertex -0.64522948779136646 0.64522948779136657 0.088017189443970648
    endloop
  endfacet
  facet normal -0.64672931776492271 0.73745344950069058 0.1946884674623795
    outer loop
      vertex -0.56614812897811018 0.73781860647084863 0
      vertex -0.64522948779136646 0.64522948779136657 0.088017189443970648
      vertex -0.55549011192810471 0.72392880822710737 0.088017189443970648
    endloop
  endfacet
  facet normal -0.54858828140141935 0.62554504545004053 0.55474705372984534
    outer loop
      vertex -0.55549011192810471 0.72392880822710737 0.088017189443970648
      vertex -0.64522948779136646 0.64522948779136657 0.088017189443970648
      vertex -0.60997474683058317 0.60997474683058328 0.16263455967290594
    endloop
  endfacet
  facet normal -0.54858828140142024 0.62554504545004042 0.55474705372984456
    outer loop
      vertex -0.55549011192810471 0.72392880822710737 0.088017189443970648
      vertex -0.60997474683058317 0.60997474683058328 0.16263455967290594
      vertex -0.52513864725878667 0.68437400936715875 0.16263455967290594
    endloop
  endfacet
  facet normal -0.36685575407791737 0.41831881419712302 0.83091890421907932
    outer loop
      vertex -0.52513864725878667 0.68437400936715875 0.16263455967290594
      vertex -0.60997474683058317 0.60997474683058328 0.16263455967290594
      vertex -0.55721229834739583 0.55721229834739594 0.21249229247759596
    endloop
  endfacet
  facet normal -0.36685575407791693 0.41831881419712291 0.83091890421907955
    outer loop
      vertex -0.52513864725878667 0.68437400936715875 0.16263455967290594
      vertex -0.55721229834739583 0.55721229834739594 0.21249229247759596
      vertex -0.47971447032934728 0.6251760694522851 0.21249229247759596
    endloop
  endfacet
  facet normal -0.12889745204978068 0.14697937457740565 0.98070510873753947
    outer loop
      vertex -0.47971447032934728 0.6251760694522851 0.21249229247759596
      vertex -0.55721229834739583 0.55721229834739594 0.21249229247759596
      vertex -0.49497474683058318 0.49497474683058329 0.23000000000000001
    endloop
  endfacet
  facet normal -0.12889745204978087 0.14697937457740567 0.98070510873753958
    outer loop
      vertex -0.47971447032934728 0.6251760694522851 0.21249229247759596
      vertex -0.49497474683058318 0.49497474683058329 0.23000000000000001
      vertex -0.42613300030610446 0.55534733820386462 0.23000000000000001
    endloop
  endfacet
  facet normal 0.12889745204978073 -0.14697937457740551 0.98070510873753935
    outer loop
      vertex -0.42613300030610446 0.55534733820386462 0.23000000000000001
      vertex -0.49497474683058318 0.49497474683058329 0.23000000000000001
      vertex -0.43273719531377053 0.43273719531377064 0.21249229247759596
    endloop
  endfacet
  facet normal 0.1288974520497807 -0.14697937457740554 0.98070510873753958
    outer loop
      vertex -0.42613300030610446 0.55534733820386462 0.23000000000000001
      vertex -0.43273719531377053 0.43273719531377064 0.21249229247759596
      vertex -0.37255153028286159 0.48551860695544402 0.21249229247759596
    endloop
  endfacet
  facet normal 0.36685575407791715 -0.41831881419712297 0.83091890421907955
    outer loop
      vertex -0.37255153028286159 0.48551860695544402 0.21249229247759596
      vertex -0.43273719531377053 0.43273719531377064 0.21249229247759596
      vertex -0.37997474683058319 0.37997474683058324 0.16263455967290594
    endloop
  endfacet
  facet normal 0.36685575407791704 -0.41831881419712297 0.83091890421907943
    outer loop
      vertex -0.37255153028286159 0.48551860695544402 0.21249229247759596
      vertex -0.37997474683058319 0.37997474683058324 0.16263455967290594
      vertex -0.32712735335342213 0.42632066704057042 0.16263455967290594
    endloop
  endfacet
  facet normal 0.54858828140141958 -0.6255450454500403 0.55474705372984534
    outer loop
      vertex -0.32712735335342213 0.42632066704057042 0.16263455967290594
      vertex -0.37997474683058319 0.37997474683058324 0.16263455967290594
      vertex -0.34472000586979989 0.34472000586979995 0.088017189443970675
    endloop
  endfacet
  facet normal 0.54858828140142013 -0.62554504545004008 0.55474705372984501
    outer loop
      vertex -0.32712735335342213 0.42632066704057042 0.16263455967290594
      vertex -0.34472000586979989 0.34472000586979995 0.088017189443970675
      vertex -0.29677588868410409 0.38676586818062175 0.088017189443970675
    endloop
  endfacet
  facet normal 0.64672931776492348 -0.73745344950069003 0.19468846746237894
    outer loop
      vertex -0.29677588868410409 0.38676586818062175 0.088017189443970675
      vertex -0.34472000586979989 0.34472000586979995 0.088017189443970675
      vertex -0.33234018715767727 0.33234018715767732 2.8166876380389123e-17
    endloop
  endfacet
  facet normal 0.64672931776492326 -0.73745344950069014 0.19468846746237908
    outer loop
      vertex -0.29677588868410409 0.38676586818062175 0.088017189443970675
      vertex -0.33234018715767727 0.33234018715767732 2.8166876380389123e-17
      vertex -0.28611787163409869 0.37287606993688049 2.8166876380389123e-17
    endloop
  endfacet
  facet normal 0.64672931776492337 -0.73745344950069025 -0.19468846746237889
    outer loop
      vertex -0.28611787163409869 0.37287606993688049 2.8166876380389123e-17
      vertex -0.33234018715767727 0.33234018715767732 2.8166876380389123e-17
      vertex -0.34472000586979989 0.34472000586979995 -0.088017189443970634
    endloop
  endfacet
  facet normal 0.64672931776492315 -0.73745344950069047 -0.19468846746237864
    outer loop
      vertex -0.28611787163409869 0.37287606993688049 2.8166876380389123e-17
      vertex -0.34472000586979989 0.34472000586979995 -0.088017189443970634
      vertex -0.29677588868410409 0.3867658681806217 -0.088017189443970634
    endloop
  endfacet
  facet normal 0.54858828140141958 -0.6255450454500403 -0.55474705372984534
    outer loop
      vertex -0.29677588868410409 0.3867658681806217 -0.088017189443970634
      vertex -0.34472000586979989 0.34472000586979995 -0.088017189443970634
      vertex -0.37997474683058319 0.37997474683058324 -0.16263455967290591
    endloop
  endfacet
  facet normal 0.54858828140141946 -0.6255450454500403 -0.55474705372984534
    outer loop
      vertex -0.29677588868410409 0.3867658681806217 -0.088017189443970634
      vertex -0.37997474683058319 0.37997474683058324 -0.16263455967290591
      vertex -0.32712735335342213 0.42632066704057042 -0.16263455967290591
    endloop
  endfacet
  facet normal 0.36685575407791732 -0.4183188141971233 -0.8309189042190791
    outer loop
      vertex -0.32712735335342213 0.42632066704057042 -0.16263455967290591
      vertex -0.37997474683058319 0.37997474683058324 -0.16263455967290591
      vertex -0.43273719531377047 0.43273719531377053 -0.21249229247759591
    endloop
  endfacet
  facet normal 0.36685575407791743 -0.41831881419712286 -0.83091890421907932
    outer loop
      vertex -0.32712735335342213 0.42632066704057042 -0.16263455967290591
      vertex -0.43273719531377047 0.43273719531377053 -0.21249229247759591
      vertex -0.37255153028286153 0.48551860695544397 -0.21249229247759591
    endloop
  endfacet
  facet normal 0.12889745204978101 -0.14697937457740581 -0.98070510873753947
    outer loop
      vertex -0.37255153028286153 0.48551860695544397 -0.21249229247759591
      vertex -0.43273719531377047 0.43273719531377053 -0.21249229247759591
      vertex -0.49497474683058318 0.49497474683058329 -0.23000000000000001
    endloop
  endfacet
  facet normal 0.12889745204978101 -0.14697937457740579 -0.98070510873753935
    outer loop
      vertex -0.37255153028286153 0.48551860695544397 -0.21249229247759591
      vertex -0.49497474683058318 0.49497474683058329 -0.23000000000000001
      vertex -0.42613300030610446 0.55534733820386462 -0.23000000000000001
    endloop
  endfacet
  facet normal -0.12889745204978079 0.14697937457740556 -0.98070510873753958
    outer loop
      vertex -0.42613300030610446 0.55534733820386462 -0.23000000000000001
      vertex -0.49497474683058318 0.49497474683058329 -0.23000000000000001
      vertex -0.55721229834739594 0.55721229834739605 -0.21249229247759593
    endloop
  endfacet
  facet normal -0.1288974520497807 0.14697937457740581 -0.98070510873753947
    outer loop
      vertex -0.42613300030610446 0.55534733820386462 -0.23000000000000001
      vertex -0.55721229834739594 0.55721229834739605 -0.21249229247759593
      vertex -0.47971447032934733 0.62517606945228521 -0.21249229247759593
    endloop
  endfacet
  facet normal -0.36685575407791726 0.41831881419712358 -0.83091890421907899
    outer loop
      vertex -0.47971447032934733 0.62517606945228521 -0.21249229247759593
      vertex -0.55721229834739594 0.55721229834739605 -0.21249229247759593
      vertex -0.60997474683058317 0.60997474683058328 -0.16263455967290597
    endloop
  endfacet
  facet normal -0.36685575407791732 0.41831881419712286 -0.83091890421907932
    outer loop
      vertex -0.47971447032934733 0.62517606945228521 -0.21249229247759593
      vertex -0.60997474683058317 0.60997474683058328 -0.16263455967290597
      vertex -0.52513864725878667 0.68437400936715875 -0.16263455967290597
    endloop
  endfacet
  facet normal -0.54858828140141946 0.62554504545003975 -0.5547470537298459
    outer loop
      vertex -0.52513864725878667 0.68437400936715875 -0.16263455967290597
      vertex -0.60997474683058317 0.60997474683058328 -0.16263455967290597
      vertex -0.64522948779136646 0.64522948779136657 -0.0880171894439708
    endloop
  endfacet
  facet normal -0.54858828140141935 0.62554504545004053 -0.55474705372984523
    outer loop
      vertex -0.52513864725878667 0.68437400936715875 -0.16263455967290597
      vertex -0.64522948779136646 0.64522948779136657 -0.0880171894439708
      vertex -0.55549011192810471 0.72392880822710737 -0.0880171894439708
    endloop
  endfacet
  facet normal -0.64672931776492282 0.73745344950069081 -0.19468846746237845
    outer loop
      vertex -0.55549011192810471 0.72392880822710737 -0.0880171894439708
      vertex -0.64522948779136646 0.64522948779136657 -0.0880171894439708
      vertex -0.65760930650348914 0.65760930650348914 0
    endloop
  endfacet
  facet normal -0.64672931776492315 0.73745344950069036 -0.19468846746237917
    outer loop
      vertex -0.55549011192810471 0.72392880822710737 -0.0880171894439708
      vertex -0.65760930650348914 0.65760930650348914 0
      vertex -0.56614812897811018 0.73781860647084863 0
    endloop
  endfacet
  facet normal -0.73745344950069014 0.64672931776492359 0.19468846746237858
    outer loop
      vertex -0.65760930650348914 0.65760930650348914 0
      vertex -0.73781860647084851 0.5661481289781104 0
      vertex -0.72392880822710737 0.55549011192810493 0.088017189443970648
    endloop
  endfacet
  facet normal -0.73745344950068981 0.64672931776492371 0.19468846746237897
    outer loop
      vertex -0.65760930650348914 0.65760930650348914 0
      vertex -0.72392880822710737 0.55549011192810493 0.088017189443970648
      vertex -0.64522948779136646 0.64522948779136657 0.088017189443970648
    endloop
  endfacet
  facet normal -0.62554504545003986 0.54858828140142024 0.55474705372984523
    outer loop
      vertex -0.64522948779136646 0.64522948779136657 0.088017189443970648
      vertex -0.72392880822710737 0.55549011192810493 0.088017189443970648
      vertex -0.68437400936715864 0.52513864725878689 0.16263455967290594
    endloop
  endfacet
  facet normal -0.62554504545003964 0.54858828140142024 0.55474705372984534
    outer loop
      vertex -0.64522948779136646 0.64522948779136657 0.088017189443970648
      vertex -0.68437400936715864 0.52513864725878689 0.16263455967290594
      vertex -0.60997474683058317 0.60997474683058328 0.16263455967290594
    endloop
  endfacet
  facet normal -0.41831881419712241 0.36685575407791732 0.83091890421907977
    outer loop
      vertex -0.60997474683058317 0.60997474683058328 0.16263455967290594
      vertex -0.68437400936715864 0.52513864725878689 0.16263455967290594
      vertex -0.62517606945228499 0.47971447032934744 0.21249229247759596
    endloop
  endfacet
  facet normal -0.41831881419712302 0.36685575407791726 0.83091890421907921
    outer loop
      vertex -0.60997474683058317 0.60997474683058328 0.16263455967290594
      vertex -0.62517606945228499 0.47971447032934744 0.21249229247759596
      vertex -0.55721229834739583 0.55721229834739594 0.21249229247759596
    endloop
  endfacet
  facet normal -0.14697937457740565 0.12889745204978076 0.98070510873753947
    outer loop
      vertex -0.55721229834739583 0.55721229834739594 0.21249229247759596
      vertex -0.62517606945228499 0.47971447032934744 0.21249229247759596
      vertex -0.5553473382038645 0.42613300030610457 0.23000000000000001
    endloop
  endfacet
  facet normal -0.14697937457740554 0.12889745204978076 0.98070510873753935
    outer loop
      vertex -0.55721229834739583 0.55721229834739594 0.21249229247759596
      vertex -0.5553473382038645 0.42613300030610457 0.23000000000000001
      vertex -0.49497474683058318 0.49497474683058329 0.23000000000000001
    endloop
  endfacet
  facet normal 0.14697937457740551 -0.12889745204978073 0.98070510873753935
    outer loop
      vertex -0.49497474683058318 0.49497474683058329 0.23000000000000001
      vertex -0.5553473382038645 0.42613300030610457 0.23000000000000001
      vertex -0.48551860695544397 0.3725515302828617 0.21249229247759596
    endloop
  endfacet
  facet normal 0.14697937457740554 -0.12889745204978076 0.98070510873753947
    outer loop
      vertex -0.49497474683058318 0.49497474683058329 0.23000000000000001
      vertex -0.48551860695544397 0.3725515302828617 0.21249229247759596
      vertex -0.43273719531377053 0.43273719531377064 0.21249229247759596
    endloop
  endfacet
  facet normal 0.41831881419712269 -0.36685575407791737 0.83091890421907955
    outer loop
      vertex -0.43273719531377053 0.43273719531377064 0.21249229247759596
      vertex -0.48551860695544397 0.3725515302828617 0.21249229247759596
      vertex -0.42632066704057037 0.32712735335342225 0.16263455967290594
    endloop
  endfacet
  facet normal 0.4183188141971228 -0.36685575407791732 0.83091890421907955
    outer loop
      vertex -0.43273719531377053 0.43273719531377064 0.21249229247759596
      vertex -0.42632066704057037 0.32712735335342225 0.16263455967290594
      vertex -0.37997474683058319 0.37997474683058324 0.16263455967290594
    endloop
  endfacet
  facet normal 0.62554504545004019 -0.54858828140142002 0.55474705372984512
    outer loop
      vertex -0.37997474683058319 0.37997474683058324 0.16263455967290594
      vertex -0.42632066704057037 0.32712735335342225 0.16263455967290594
      vertex -0.3867658681806217 0.29677588868410421 0.088017189443970675
    endloop
  endfacet
  facet normal 0.62554504545003953 -0.54858828140142035 0.55474705372984545
    outer loop
      vertex -0.37997474683058319 0.37997474683058324 0.16263455967290594
      vertex -0.3867658681806217 0.29677588868410421 0.088017189443970675
      vertex -0.34472000586979989 0.34472000586979995 0.088017189443970675
    endloop
  endfacet
  facet normal 0.73745344950068947 -0.64672931776492393 0.19468846746237908
    outer loop
      vertex -0.34472000586979989 0.34472000586979995 0.088017189443970675
      vertex -0.3867658681806217 0.29677588868410421 0.088017189443970675
      vertex -0.37287606993688044 0.2861178716340988 2.8166876380389123e-17
    endloop
  endfacet
  facet normal 0.73745344950068992 -0.64672931776492382 0.19468846746237892
    outer loop
      vertex -0.34472000586979989 0.34472000586979995 0.088017189443970675
      vertex -0.37287606993688044 0.2861178716340988 2.8166876380389123e-17
      vertex -0.33234018715767727 0.33234018715767732 2.8166876380389123e-17
    endloop
  endfacet
  facet normal 0.73745344950068992 -0.64672931776492382 -0.19468846746237861
    outer loop
      vertex -0.33234018715767727 0.33234018715767732 2.8166876380389123e-17
      vertex -0.37287606993688044 0.2861178716340988 2.8166876380389123e-17
      vertex -0.38676586818062164 0.29677588868410421 -0.088017189443970634
    endloop
  endfacet
  facet normal 0.73745344950069014 -0.64672931776492348 -0.19468846746237886
    outer loop
      vertex -0.33234018715767727 0.33234018715767732 2.8166876380389123e-17
      vertex -0.38676586818062164 0.29677588868410421 -0.088017189443970634
      vertex -0.34472000586979989 0.34472000586979995 -0.088017189443970634
    endloop
  endfacet
  facet normal 0.62554504545004008 -0.54858828140142002 -0.55474705372984534
    outer loop
      vertex -0.34472000586979989 0.34472000586979995 -0.088017189443970634
      vertex -0.38676586818062164 0.29677588868410421 -0.088017189443970634
      vertex -0.42632066704057037 0.32712735335342225 -0.16263455967290591
    endloop
  endfacet
  facet normal 0.62554504545003997 -0.54858828140141991 -0.55474705372984523
    outer loop
      vertex -0.34472000586979989 0.34472000586979995 -0.088017189443970634
      vertex -0.42632066704057037 0.32712735335342225 -0.16263455967290591
      vertex -0.37997474683058319 0.37997474683058324 -0.16263455967290591
    endloop
  endfacet
  facet normal 0.41831881419712302 -0.36685575407791748 -0.83091890421907921
    outer loop
      vertex -0.37997474683058319 0.37997474683058324 -0.16263455967290591
      vertex -0.42632066704057037 0.32712735335342225 -0.16263455967290591
      vertex -0.48551860695544385 0.37255153028286164 -0.21249229247759591
    endloop
  endfacet
  facet normal 0.41831881419712308 -0.3668557540779176 -0.83091890421907921
    outer loop
      vertex -0.37997474683058319 0.37997474683058324 -0.16263455967290591
      vertex -0.48551860695544385 0.37255153028286164 -0.21249229247759591
      vertex -0.43273719531377047 0.43273719531377053 -0.21249229247759591
    endloop
  endfacet
  facet normal 0.14697937457740579 -0.12889745204978098 -0.98070510873753947
    outer loop
      vertex -0.43273719531377047 0.43273719531377053 -0.21249229247759591
      vertex -0.48551860695544385 0.37255153028286164 -0.21249229247759591
      vertex -0.5553473382038645 0.42613300030610457 -0.23000000000000001
    endloop
  endfacet
  facet normal 0.14697937457740576 -0.12889745204978104 -0.98070510873753935
    outer loop
      vertex -0.43273719531377047 0.43273719531377053 -0.21249229247759591
      vertex -0.5553473382038645 0.42613300030610457 -0.23000000000000001
      vertex -0.49497474683058318 0.49497474683058329 -0.23000000000000001
    endloop
  endfacet
  facet normal -0.14697937457740567 0.1288974520497809 -0.98070510873753958
    outer loop
      vertex -0.49497474683058318 0.49497474683058329 -0.23000000000000001
      vertex -0.5553473382038645 0.42613300030610457 -0.23000000000000001
      vertex -0.6251760694522851 0.4797144703293475 -0.21249229247759593
    endloop
  endfacet
  facet normal -0.14697937457740562 0.12889745204978062 -0.98070510873753947
    outer loop
      vertex -0.49497474683058318 0.49497474683058329 -0.23000000000000001
      vertex -0.6251760694522851 0.4797144703293475 -0.21249229247759593
      vertex -0.55721229834739594 0.55721229834739605 -0.21249229247759593
    endloop
  endfacet
  facet normal -0.41831881419712297 0.36685575407791698 -0.83091890421907955
    outer loop
      vertex -0.55721229834739594 0.55721229834739605 -0.21249229247759593
      vertex -0.6251760694522851 0.4797144703293475 -0.21249229247759593
      vertex -0.68437400936715864 0.52513864725878689 -0.16263455967290597
    endloop
  endfacet
  facet normal -0.41831881419712308 0.36685575407791793 -0.8309189042190791
    outer loop
      vertex -0.55721229834739594 0.55721229834739605 -0.21249229247759593
      vertex -0.68437400936715864 0.52513864725878689 -0.16263455967290597
      vertex -0.60997474683058317 0.60997474683058328 -0.16263455967290597
    endloop
  endfacet
  facet normal -0.62554504545003953 0.54858828140141991 -0.55474705372984578
    outer loop
      vertex -0.60997474683058317 0.60997474683058328 -0.16263455967290597
      vertex -0.68437400936715864 0.52513864725878689 -0.16263455967290597
      vertex -0.72392880822710737 0.55549011192810493 -0.0880171894439708
    endloop
  endfacet
  facet normal -0.62554504545003942 0.54858828140141991 -0.5547470537298459
    outer loop
      vertex -0.60997474683058317 0.60997474683058328 -0.16263455967290597
      vertex -0.72392880822710737 0.55549011192810493 -0.0880171894439708
      vertex -0.64522948779136646 0.64522948779136657 -0.0880171894439708
    endloop
  endfacet
  facet normal -0.73745344950069003 0.64672931776492382 -0.19468846746237822
    outer loop
      vertex -0.64522948779136646 0.64522948779136657 -0.0880171894439708
      vertex -0.72392880822710737 0.55549011192810493 -0.0880171894439708
      vertex -0.73781860647084851 0.5661481289781104 0
    endloop
  endfacet
  facet normal -0.73745344950069003 0.64672931776492371 -0.19468846746237864
    outer loop
      vertex -0.64522948779136646 0.64522948779136657 -0.0880171894439708
      vertex -0.73781860647084851 0.5661481289781104 0
      vertex -0.65760930650348914 0.65760930650348914 0
    endloop
  endfacet
  facet normal -0.81555954825477761 0.54493946809495597 0.19468846746237839
    outer loop
      vertex -0.73781860647084851 0.5661481289781104 0
      vertex -0.80540362551952793 0.46499999999999991 0
      vertex -0.79024150604309817 0.45624614623879789 0.088017189443970648
    endloop
  endfacet
  facet normal -0.81555954825477761 0.54493946809495597 0.19468846746237847
    outer loop
      vertex -0.73781860647084851 0.5661481289781104 0
      vertex -0.79024150604309817 0.45624614623879789 0.088017189443970648
      vertex -0.72392880822710737 0.55549011192810493 0.088017189443970648
    endloop
  endfacet
  facet normal -0.6917985603371587 0.46224501976061455 0.55474705372984523
    outer loop
      vertex -0.72392880822710737 0.55549011192810493 0.088017189443970648
      vertex -0.79024150604309817 0.45624614623879789 0.088017189443970648
      vertex -0.74706344285913984 0.4313172798364529 0.16263455967290594
    endloop
  endfacet
  facet normal -0.69179856033715859 0.46224501976061444 0.55474705372984523
    outer loop
      vertex -0.72392880822710737 0.55549011192810493 0.088017189443970648
      vertex -0.74706344285913984 0.4313172798364529 0.16263455967290594
      vertex -0.68437400936715864 0.52513864725878689 0.16263455967290594
    endloop
  endfacet
  facet normal -0.4626243234255295 0.30911569029480745 0.83091890421907943
    outer loop
      vertex -0.68437400936715864 0.52513864725878689 0.16263455967290594
      vertex -0.74706344285913984 0.4313172798364529 0.16263455967290594
      vertex -0.68244290467729318 0.39400859472198524 0.21249229247759596
    endloop
  endfacet
  facet normal -0.46262432342552912 0.30911569029480757 0.83091890421907966
    outer loop
      vertex -0.68437400936715864 0.52513864725878689 0.16263455967290594
      vertex -0.68244290467729318 0.39400859472198524 0.21249229247759596
      vertex -0.62517606945228499 0.47971447032934744 0.21249229247759596
    endloop
  endfacet
  facet normal -0.16254643925562981 0.1086100583804589 0.98070510873753958
    outer loop
      vertex -0.62517606945228499 0.47971447032934744 0.21249229247759596
      vertex -0.68244290467729318 0.39400859472198524 0.21249229247759596
      vertex -0.60621778264910708 0.34999999999999992 0.23000000000000001
    endloop
  endfacet
  facet normal -0.16254643925562989 0.10861005838045887 0.98070510873753935
    outer loop
      vertex -0.62517606945228499 0.47971447032934744 0.21249229247759596
      vertex -0.60621778264910708 0.34999999999999992 0.23000000000000001
      vertex -0.5553473382038645 0.42613300030610457 0.23000000000000001
    endloop
  endfacet
  facet normal 0.16254643925562981 -0.10861005838045881 0.98070510873753947
    outer loop
      vertex -0.5553473382038645 0.42613300030610457 0.23000000000000001
      vertex -0.60621778264910708 0.34999999999999992 0.23000000000000001
      vertex -0.52999266062092099 0.30599140527801461 0.21249229247759596
    endloop
  endfacet
  facet normal 0.16254643925562975 -0.10861005838045881 0.98070510873753947
    outer loop
      vertex -0.5553473382038645 0.42613300030610457 0.23000000000000001
      vertex -0.52999266062092099 0.30599140527801461 0.21249229247759596
      vertex -0.48551860695544397 0.3725515302828617 0.21249229247759596
    endloop
  endfacet
  facet normal 0.46262432342552923 -0.30911569029480751 0.83091890421907966
    outer loop
      vertex -0.48551860695544397 0.3725515302828617 0.21249229247759596
      vertex -0.52999266062092099 0.30599140527801461 0.21249229247759596
      vertex -0.46537212243907428 0.26868272016354694 0.16263455967290594
    endloop
  endfacet
  facet normal 0.46262432342552956 -0.30911569029480734 0.83091890421907943
    outer loop
      vertex -0.48551860695544397 0.3725515302828617 0.21249229247759596
      vertex -0.46537212243907428 0.26868272016354694 0.16263455967290594
      vertex -0.42632066704057037 0.32712735335342225 0.16263455967290594
    endloop
  endfacet
  facet normal 0.69179856033715881 -0.4622450197606145 0.55474705372984501
    outer loop
      vertex -0.42632066704057037 0.32712735335342225 0.16263455967290594
      vertex -0.46537212243907428 0.26868272016354694 0.16263455967290594
      vertex -0.42219405925511599 0.24375385376120198 0.088017189443970675
    endloop
  endfacet
  facet normal 0.6917985603371587 -0.46224501976061444 0.55474705372984501
    outer loop
      vertex -0.42632066704057037 0.32712735335342225 0.16263455967290594
      vertex -0.42219405925511599 0.24375385376120198 0.088017189443970675
      vertex -0.3867658681806217 0.29677588868410421 0.088017189443970675
    endloop
  endfacet
  facet normal 0.8155595482547775 -0.54493946809495586 0.19468846746237894
    outer loop
      vertex -0.3867658681806217 0.29677588868410421 0.088017189443970675
      vertex -0.42219405925511599 0.24375385376120198 0.088017189443970675
      vertex -0.40703193977868618 0.23499999999999996 2.8166876380389123e-17
    endloop
  endfacet
  facet normal 0.81555954825477739 -0.54493946809495608 0.19468846746237914
    outer loop
      vertex -0.3867658681806217 0.29677588868410421 0.088017189443970675
      vertex -0.40703193977868618 0.23499999999999996 2.8166876380389123e-17
      vertex -0.37287606993688044 0.2861178716340988 2.8166876380389123e-17
    endloop
  endfacet
  facet normal 0.81555954825477739 -0.54493946809495608 -0.19468846746237828
    outer loop
      vertex -0.37287606993688044 0.2861178716340988 2.8166876380389123e-17
      vertex -0.40703193977868618 0.23499999999999996 2.8166876380389123e-17
      vertex -0.42219405925511594 0.24375385376120196 -0.088017189443970634
    endloop
  endfacet
  facet normal 0.81555954825477783 -0.54493946809495564 -0.19468846746237864
    outer loop
      vertex -0.37287606993688044 0.2861178716340988 2.8166876380389123e-17
      vertex -0.42219405925511594 0.24375385376120196 -0.088017189443970634
      vertex -0.38676586818062164 0.29677588868410421 -0.088017189443970634
    endloop
  endfacet
  facet normal 0.6917985603371587 -0.46224501976061427 -0.55474705372984545
    outer loop
      vertex -0.38676586818062164 0.29677588868410421 -0.088017189443970634
      vertex -0.42219405925511594 0.24375385376120196 -0.088017189443970634
      vertex -0.46537212243907428 0.26868272016354694 -0.16263455967290591
    endloop
  endfacet
  facet normal 0.69179856033715859 -0.46224501976061438 -0.55474705372984534
    outer loop
      vertex -0.38676586818062164 0.29677588868410421 -0.088017189443970634
      vertex -0.46537212243907428 0.26868272016354694 -0.16263455967290591
      vertex -0.42632066704057037 0.32712735335342225 -0.16263455967290591
    endloop
  endfacet
  facet normal 0.46262432342552967 -0.30911569029480745 -0.83091890421907932
    outer loop
      vertex -0.42632066704057037 0.32712735335342225 -0.16263455967290591
      vertex -0.46537212243907428 0.26868272016354694 -0.16263455967290591
      vertex -0.52999266062092087 0.30599140527801455 -0.21249229247759591
    endloop
  endfacet
  facet normal 0.46262432342552978 -0.30911569029480784 -0.83091890421907921
    outer loop
      vertex -0.42632066704057037 0.32712735335342225 -0.16263455967290591
      vertex -0.52999266062092087 0.30599140527801455 -0.21249229247759591
      vertex -0.48551860695544385 0.37255153028286164 -0.21249229247759591
    endloop
  endfacet
  facet normal 0.16254643925563006 -0.10861005838045901 -0.98070510873753947
    outer loop
      vertex -0.48551860695544385 0.37255153028286164 -0.21249229247759591
      vertex -0.52999266062092087 0.30599140527801455 -0.21249229247759591
      vertex -0.60621778264910708 0.34999999999999992 -0.23000000000000001
    endloop
  endfacet
  facet normal 0.16254643925563009 -0.10861005838045901 -0.98070510873753947
    outer loop
      vertex -0.48551860695544385 0.37255153028286164 -0.21249229247759591
      vertex -0.60621778264910708 0.34999999999999992 -0.23000000000000001
      vertex -0.5553473382038645 0.42613300030610457 -0.23000000000000001
    endloop
  endfacet
  facet normal -0.16254643925562987 0.10861005838045884 -0.98070510873753947
    outer loop
      vertex -0.5553473382038645 0.42613300030610457 -0.23000000000000001
      vertex -0.60621778264910708 0.34999999999999992 -0.23000000000000001
      vertex -0.68244290467729329 0.39400859472198529 -0.21249229247759593
    endloop
  endfacet
  facet normal -0.16254643925562987 0.10861005838045894 -0.98070510873753935
    outer loop
      vertex -0.5553473382038645 0.42613300030610457 -0.23000000000000001
      vertex -0.68244290467729329 0.39400859472198529 -0.21249229247759593
      vertex -0.6251760694522851 0.4797144703293475 -0.21249229247759593
    endloop
  endfacet
  facet normal -0.46262432342552962 0.30911569029480784 -0.83091890421907921
    outer loop
      vertex -0.6251760694522851 0.4797144703293475 -0.21249229247759593
      vertex -0.68244290467729329 0.39400859472198529 -0.21249229247759593
      vertex -0.74706344285913984 0.4313172798364529 -0.16263455967290597
    endloop
  endfacet
  facet normal -0.46262432342552939 0.3091156902948074 -0.83091890421907955
    outer loop
      vertex -0.6251760694522851 0.4797144703293475 -0.21249229247759593
      vertex -0.74706344285913984 0.4313172798364529 -0.16263455967290597
      vertex -0.68437400936715864 0.52513864725878689 -0.16263455967290597
    endloop
  endfacet
  facet normal -0.69179856033715825 0.46224501976061422 -0.5547470537298459
    outer loop
      vertex -0.68437400936715864 0.52513864725878689 -0.16263455967290597
      vertex -0.74706344285913984 0.4313172798364529 -0.16263455967290597
      vertex -0.79024150604309817 0.45624614623879789 -0.0880171894439708
    endloop
  endfacet
  facet normal -0.69179856033715825 0.46224501976061416 -0.5547470537298459
    outer loop
      vertex -0.68437400936715864 0.52513864725878689 -0.16263455967290597
      vertex -0.79024150604309817 0.45624614623879789 -0.0880171894439708
      vertex -0.72392880822710737 0.55549011192810493 -0.0880171894439708
    endloop
  endfacet
  facet normal -0.81555954825477772 0.54493946809495597 -0.19468846746237808
    outer loop
      vertex -0.72392880822710737 0.55549011192810493 -0.0880171894439708
      vertex -0.79024150604309817 0.45624614623879789 -0.0880171894439708
      vertex -0.80540362551952793 0.46499999999999991 0
    endloop
  endfacet
  facet normal -0.81555954825477761 0.54493946809495597 -0.19468846746237817
    outer loop
      vertex -0.72392880822710737 0.55549011192810493 -0.0880171894439708
      vertex -0.80540362551952793 0.46499999999999991 0
      vertex -0.73781860647084851 0.5661481289781104 0
    endloop
  endfacet
  facet normal -0.87971119702240008 0.43382555304012005 0.19468846746237883
    outer loop
      vertex -0.80540362551952793 0.46499999999999991 0
      vertex -0.85920796523549658 0.35589559209953359 0
      vertex -0.84303295259435362 0.34919568249201588 0.088017189443970648
    endloop
  endfacet
  facet normal -0.87971119702240042 0.43382555304011988 0.19468846746237842
    outer loop
      vertex -0.80540362551952793 0.46499999999999991 0
      vertex -0.84303295259435362 0.34919568249201588 0.088017189443970648
      vertex -0.79024150604309817 0.45624614623879789 0.088017189443970648
    endloop
  endfacet
  facet normal -0.74621521005411184 0.36799261767317382 0.55474705372984467
    outer loop
      vertex -0.79024150604309817 0.45624614623879789 0.088017189443970648
      vertex -0.84303295259435362 0.34919568249201588 0.088017189443970648
      vertex -0.79697041371868405 0.3301159541723756 0.16263455967290594
    endloop
  endfacet
  facet normal -0.74621521005411118 0.36799261767317415 0.55474705372984534
    outer loop
      vertex -0.79024150604309817 0.45624614623879789 0.088017189443970648
      vertex -0.79697041371868405 0.3301159541723756 0.16263455967290594
      vertex -0.74706344285913984 0.4313172798364529 0.16263455967290594
    endloop
  endfacet
  facet normal -0.49901420221643061 0.24608657134769327 0.83091890421907966
    outer loop
      vertex -0.74706344285913984 0.4313172798364529 0.16263455967290594
      vertex -0.79697041371868405 0.3301159541723756 0.16263455967290594
      vertex -0.72803295259435363 0.30156112281910996 0.21249229247759596
    endloop
  endfacet
  facet normal -0.49901420221643084 0.24608657134769316 0.83091890421907932
    outer loop
      vertex -0.74706344285913984 0.4313172798364529 0.16263455967290594
      vertex -0.72803295259435363 0.30156112281910996 0.21249229247759596
      vertex -0.68244290467729318 0.39400859472198524 0.21249229247759596
    endloop
  endfacet
  facet normal -0.17533228929180311 0.086464316499850119 0.98070510873753947
    outer loop
      vertex -0.68244290467729318 0.39400859472198524 0.21249229247759596
      vertex -0.72803295259435363 0.30156112281910996 0.21249229247759596
      vertex -0.64671567275790065 0.2678784026555629 0.23000000000000001
    endloop
  endfacet
  facet normal -0.17533228929180328 0.086464316499850105 0.98070510873753958
    outer loop
      vertex -0.68244290467729318 0.39400859472198524 0.21249229247759596
      vertex -0.64671567275790065 0.2678784026555629 0.23000000000000001
      vertex -0.60621778264910708 0.34999999999999992 0.23000000000000001
    endloop
  endfacet
  facet normal 0.17533228929180339 -0.086464316499850161 0.98070510873753947
    outer loop
      vertex -0.60621778264910708 0.34999999999999992 0.23000000000000001
      vertex -0.64671567275790065 0.2678784026555629 0.23000000000000001
      vertex -0.56539839292144778 0.23419568249201586 0.21249229247759596
    endloop
  endfacet
  facet normal 0.17533228929180317 -0.086464316499850244 0.98070510873753958
    outer loop
      vertex -0.60621778264910708 0.34999999999999992 0.23000000000000001
      vertex -0.56539839292144778 0.23419568249201586 0.21249229247759596
      vertex -0.52999266062092099 0.30599140527801461 0.21249229247759596
    endloop
  endfacet
  facet normal 0.49901420221643067 -0.24608657134769327 0.83091890421907966
    outer loop
      vertex -0.52999266062092099 0.30599140527801461 0.21249229247759596
      vertex -0.56539839292144778 0.23419568249201586 0.21249229247759596
      vertex -0.49646093179711737 0.20564085113875022 0.16263455967290594
    endloop
  endfacet
  facet normal 0.49901420221643067 -0.24608657134769329 0.83091890421907966
    outer loop
      vertex -0.52999266062092099 0.30599140527801461 0.21249229247759596
      vertex -0.49646093179711737 0.20564085113875022 0.16263455967290594
      vertex -0.46537212243907428 0.26868272016354694 0.16263455967290594
    endloop
  endfacet
  facet normal 0.74621521005411118 -0.3679926176731742 0.55474705372984523
    outer loop
      vertex -0.46537212243907428 0.26868272016354694 0.16263455967290594
      vertex -0.49646093179711737 0.20564085113875022 0.16263455967290594
      vertex -0.45039839292144773 0.18656112281910991 0.088017189443970675
    endloop
  endfacet
  facet normal 0.74621521005411162 -0.36799261767317387 0.55474705372984501
    outer loop
      vertex -0.46537212243907428 0.26868272016354694 0.16263455967290594
      vertex -0.45039839292144773 0.18656112281910991 0.088017189443970675
      vertex -0.42219405925511599 0.24375385376120198 0.088017189443970675
    endloop
  endfacet
  facet normal 0.87971119702240008 -0.43382555304011994 0.19468846746237922
    outer loop
      vertex -0.42219405925511599 0.24375385376120198 0.088017189443970675
      vertex -0.45039839292144773 0.18656112281910991 0.088017189443970675
      vertex -0.43422338028030472 0.17986121321159224 2.8166876380389123e-17
    endloop
  endfacet
  facet normal 0.87971119702240042 -0.43382555304011966 0.19468846746237894
    outer loop
      vertex -0.42219405925511599 0.24375385376120198 0.088017189443970675
      vertex -0.43422338028030472 0.17986121321159224 2.8166876380389123e-17
      vertex -0.40703193977868618 0.23499999999999996 2.8166876380389123e-17
    endloop
  endfacet
  facet normal 0.87971119702240042 -0.43382555304011966 -0.19468846746237867
    outer loop
      vertex -0.40703193977868618 0.23499999999999996 2.8166876380389123e-17
      vertex -0.43422338028030472 0.17986121321159224 2.8166876380389123e-17
      vertex -0.45039839292144768 0.18656112281910991 -0.088017189443970634
    endloop
  endfacet
  facet normal 0.87971119702240019 -0.43382555304012027 -0.19468846746237825
    outer loop
      vertex -0.40703193977868618 0.23499999999999996 2.8166876380389123e-17
      vertex -0.45039839292144768 0.18656112281910991 -0.088017189443970634
      vertex -0.42219405925511594 0.24375385376120196 -0.088017189443970634
    endloop
  endfacet
  facet normal 0.74621521005411096 -0.36799261767317376 -0.55474705372984556
    outer loop
      vertex -0.42219405925511594 0.24375385376120196 -0.088017189443970634
      vertex -0.45039839292144768 0.18656112281910991 -0.088017189443970634
      vertex -0.49646093179711737 0.20564085113875022 -0.16263455967290591
    endloop
  endfacet
  facet normal 0.74621521005411107 -0.36799261767317415 -0.55474705372984534
    outer loop
      vertex -0.42219405925511594 0.24375385376120196 -0.088017189443970634
      vertex -0.49646093179711737 0.20564085113875022 -0.16263455967290591
      vertex -0.46537212243907428 0.26868272016354694 -0.16263455967290591
    endloop
  endfacet
  facet normal 0.49901420221643089 -0.24608657134769346 -0.83091890421907932
    outer loop
      vertex -0.46537212243907428 0.26868272016354694 -0.16263455967290591
      vertex -0.49646093179711737 0.20564085113875022 -0.16263455967290591
      vertex -0.56539839292144767 0.23419568249201583 -0.21249229247759591
    endloop
  endfacet
  facet normal 0.49901420221643089 -0.24608657134769352 -0.83091890421907932
    outer loop
      vertex -0.46537212243907428 0.26868272016354694 -0.16263455967290591
      vertex -0.56539839292144767 0.23419568249201583 -0.21249229247759591
      vertex -0.52999266062092087 0.30599140527801455 -0.21249229247759591
    endloop
  endfacet
  facet normal 0.17533228929180361 -0.086464316499850466 -0.98070510873753947
    outer loop
      vertex -0.52999266062092087 0.30599140527801455 -0.21249229247759591
      vertex -0.56539839292144767 0.23419568249201583 -0.21249229247759591
      vertex -0.64671567275790065 0.2678784026555629 -0.23000000000000001
    endloop
  endfacet
  facet normal 0.17533228929180356 -0.086464316499850202 -0.98070510873753935
    outer loop
      vertex -0.52999266062092087 0.30599140527801455 -0.21249229247759591
      vertex -0.64671567275790065 0.2678784026555629 -0.23000000000000001
      vertex -0.60621778264910708 0.34999999999999992 -0.23000000000000001
    endloop
  endfacet
  facet normal -0.17533228929180317 0.08646431649985005 -0.98070510873753958
    outer loop
      vertex -0.60621778264910708 0.34999999999999992 -0.23000000000000001
      vertex -0.64671567275790065 0.2678784026555629 -0.23000000000000001
      vertex -0.72803295259435374 0.30156112281911002 -0.21249229247759593
    endloop
  endfacet
  facet normal -0.17533228929180322 0.086464316499850175 -0.98070510873753947
    outer loop
      vertex -0.60621778264910708 0.34999999999999992 -0.23000000000000001
      vertex -0.72803295259435374 0.30156112281911002 -0.21249229247759593
      vertex -0.68244290467729329 0.39400859472198529 -0.21249229247759593
    endloop
  endfacet
  facet normal -0.49901420221643089 0.24608657134769318 -0.83091890421907955
    outer loop
      vertex -0.68244290467729329 0.39400859472198529 -0.21249229247759593
      vertex -0.72803295259435374 0.30156112281911002 -0.21249229247759593
      vertex -0.79697041371868405 0.3301159541723756 -0.16263455967290597
    endloop
  endfacet
  facet normal -0.49901420221643095 0.24608657134769349 -0.83091890421907932
    outer loop
      vertex -0.68244290467729329 0.39400859472198529 -0.21249229247759593
      vertex -0.79697041371868405 0.3301159541723756 -0.16263455967290597
      vertex -0.74706344285913984 0.4313172798364529 -0.16263455967290597
    endloop
  endfacet
  facet normal -0.74621521005411107 0.36799261767317409 -0.55474705372984534
    outer loop
      vertex -0.74706344285913984 0.4313172798364529 -0.16263455967290597
      vertex -0.79697041371868405 0.3301159541723756 -0.16263455967290597
      vertex -0.84303295259435362 0.34919568249201588 -0.0880171894439708
    endloop
  endfacet
  facet normal -0.74621521005411107 0.36799261767317343 -0.55474705372984601
    outer loop
      vertex -0.74706344285913984 0.4313172798364529 -0.16263455967290597
      vertex -0.84303295259435362 0.34919568249201588 -0.0880171894439708
      vertex -0.79024150604309817 0.45624614623879789 -0.0880171894439708
    endloop
  endfacet
  facet normal -0.8797111970224003 0.43382555304011977 -0.1946884674623785
    outer loop
      vertex -0.79024150604309817 0.45624614623879789 -0.0880171894439708
      vertex -0.84303295259435362 0.34919568249201588 -0.0880171894439708
      vertex -0.85920796523549658 0.35589559209953359 0
    endloop
  endfacet
  facet normal -0.8797111970224003 0.4338255530401201 -0.19468846746237806
    outer loop
      vertex -0.79024150604309817 0.45624614623879789 -0.0880171894439708
      vertex -0.85920796523549658 0.35589559209953359 0
      vertex -0.80540362551952793 0.46499999999999991 0
    endloop
  endfacet
  facet normal -0.92881074330694746 0.31528876249360072 0.19468846746237822
    outer loop
      vertex -0.85920796523549658 0.35589559209953359 0
      vertex -0.89831101844883332 0.24070171194534454 0
      vertex -0.88139987159382793 0.23617038380246169 0.088017189443970648
    endloop
  endfacet
  facet normal -0.92881074330694724 0.31528876249360116 0.19468846746237881
    outer loop
      vertex -0.85920796523549658 0.35589559209953359 0
      vertex -0.88139987159382793 0.23617038380246169 0.088017189443970648
      vertex -0.84303295259435362 0.34919568249201588 0.088017189443970648
    endloop
  endfacet
  facet normal -0.78786391063709593 0.26744375987051644 0.55474705372984512
    outer loop
      vertex -0.84303295259435362 0.34919568249201588 0.088017189443970648
      vertex -0.88139987159382793 0.23617038380246169 0.088017189443970648
      vertex -0.83324099983755817 0.2232662530069752 0.16263455967290594
    endloop
  endfacet
  facet normal -0.78786391063709638 0.26744375987051611 0.55474705372984467
    outer loop
      vertex -0.84303295259435362 0.34919568249201588 0.088017189443970648
      vertex -0.83324099983755817 0.2232662530069752 0.16263455967290594
      vertex -0.79697041371868405 0.3301159541723756 0.16263455967290594
    endloop
  endfacet
  facet normal -0.52686580965453433 0.17884684293673211 0.83091890421907966
    outer loop
      vertex -0.79697041371868405 0.3301159541723756 0.16263455967290594
      vertex -0.83324099983755817 0.2232662530069752 0.16263455967290594
      vertex -0.76116615484365646 0.20395385649626088 0.21249229247759596
    endloop
  endfacet
  facet normal -0.52686580965453422 0.17884684293673211 0.83091890421907966
    outer loop
      vertex -0.79697041371868405 0.3301159541723756 0.16263455967290594
      vertex -0.76116615484365646 0.20395385649626088 0.21249229247759596
      vertex -0.72803295259435363 0.30156112281910996 0.21249229247759596
    endloop
  endfacet
  facet normal -0.18511815524689951 0.062839146191491529 0.98070510873753947
    outer loop
      vertex -0.72803295259435363 0.30156112281910996 0.21249229247759596
      vertex -0.76116615484365646 0.20395385649626088 0.21249229247759596
      vertex -0.6761480784023477 0.18117333157176471 0.23000000000000001
    endloop
  endfacet
  facet normal -0.18511815524689937 0.062839146191491613 0.98070510873753958
    outer loop
      vertex -0.72803295259435363 0.30156112281910996 0.21249229247759596
      vertex -0.6761480784023477 0.18117333157176471 0.23000000000000001
      vertex -0.64671567275790065 0.2678784026555629 0.23000000000000001
    endloop
  endfacet
  facet normal 0.18511815524689954 -0.062839146191491654 0.98070510873753958
    outer loop
      vertex -0.64671567275790065 0.2678784026555629 0.23000000000000001
      vertex -0.6761480784023477 0.18117333157176471 0.23000000000000001
      vertex -0.59113000196103893 0.15839280664726854 0.21249229247759596
    endloop
  endfacet
  facet normal 0.18511815524689967 -0.062839146191491571 0.98070510873753958
    outer loop
      vertex -0.64671567275790065 0.2678784026555629 0.23000000000000001
      vertex -0.59113000196103893 0.15839280664726854 0.21249229247759596
      vertex -0.56539839292144778 0.23419568249201586 0.21249229247759596
    endloop
  endfacet
  facet normal 0.52686580965453411 -0.17884684293673203 0.83091890421907955
    outer loop
      vertex -0.56539839292144778 0.23419568249201586 0.21249229247759596
      vertex -0.59113000196103893 0.15839280664726854 0.21249229247759596
      vertex -0.51905515696713722 0.1390804101365542 0.16263455967290594
    endloop
  endfacet
  facet normal 0.52686580965453422 -0.17884684293673206 0.83091890421907955
    outer loop
      vertex -0.56539839292144778 0.23419568249201586 0.21249229247759596
      vertex -0.51905515696713722 0.1390804101365542 0.16263455967290594
      vertex -0.49646093179711737 0.20564085113875022 0.16263455967290594
    endloop
  endfacet
  facet normal 0.78786391063709627 -0.26744375987051594 0.5547470537298449
    outer loop
      vertex -0.49646093179711737 0.20564085113875022 0.16263455967290594
      vertex -0.51905515696713722 0.1390804101365542 0.16263455967290594
      vertex -0.47089628521086752 0.1261762793410677 0.088017189443970675
    endloop
  endfacet
  facet normal 0.78786391063709582 -0.26744375987051644 0.55474705372984523
    outer loop
      vertex -0.49646093179711737 0.20564085113875022 0.16263455967290594
      vertex -0.47089628521086752 0.1261762793410677 0.088017189443970675
      vertex -0.45039839292144773 0.18656112281910991 0.088017189443970675
    endloop
  endfacet
  facet normal 0.92881074330694702 -0.31528876249360116 0.19468846746237931
    outer loop
      vertex -0.45039839292144773 0.18656112281910991 0.088017189443970675
      vertex -0.47089628521086752 0.1261762793410677 0.088017189443970675
      vertex -0.45398513835586202 0.12164495119818487 2.8166876380389123e-17
    endloop
  endfacet
  facet normal 0.92881074330694724 -0.31528876249360105 0.19468846746237925
    outer loop
      vertex -0.45039839292144773 0.18656112281910991 0.088017189443970675
      vertex -0.45398513835586202 0.12164495119818487 2.8166876380389123e-17
      vertex -0.43422338028030472 0.17986121321159224 2.8166876380389123e-17
    endloop
  endfacet
  facet normal 0.92881074330694724 -0.31528876249360105 -0.19468846746237869
    outer loop
      vertex -0.43422338028030472 0.17986121321159224 2.8166876380389123e-17
      vertex -0.45398513835586202 0.12164495119818487 2.8166876380389123e-17
      vertex -0.47089628521086746 0.1261762793410677 -0.088017189443970634
    endloop
  endfacet
  facet normal 0.92881074330694724 -0.31528876249360116 -0.19468846746237864
    outer loop
      vertex -0.43422338028030472 0.17986121321159224 2.8166876380389123e-17
      vertex -0.47089628521086746 0.1261762793410677 -0.088017189443970634
      vertex -0.45039839292144768 0.18656112281910991 -0.088017189443970634
    endloop
  endfacet
  facet normal 0.78786391063709582 -0.2674437598705165 -0.55474705372984512
    outer loop
      vertex -0.45039839292144768 0.18656112281910991 -0.088017189443970634
      vertex -0.47089628521086746 0.1261762793410677 -0.088017189443970634
      vertex -0.51905515696713722 0.1390804101365542 -0.16263455967290591
    endloop
  endfacet
  facet normal 0.78786391063709582 -0.26744375987051577 -0.55474705372984556
    outer loop
      vertex -0.45039839292144768 0.18656112281910991 -0.088017189443970634
      vertex -0.51905515696713722 0.1390804101365542 -0.16263455967290591
      vertex -0.49646093179711737 0.20564085113875022 -0.16263455967290591
    endloop
  endfacet
  facet normal 0.52686580965453467 -0.17884684293673214 -0.83091890421907932
    outer loop
      vertex -0.49646093179711737 0.20564085113875022 -0.16263455967290591
      vertex -0.51905515696713722 0.1390804101365542 -0.16263455967290591
      vertex -0.59113000196103882 0.15839280664726849 -0.21249229247759591
    endloop
  endfacet
  facet normal 0.52686580965453467 -0.17884684293673206 -0.83091890421907943
    outer loop
      vertex -0.49646093179711737 0.20564085113875022 -0.16263455967290591
      vertex -0.59113000196103882 0.15839280664726849 -0.21249229247759591
      vertex -0.56539839292144767 0.23419568249201583 -0.21249229247759591
    endloop
  endfacet
  facet normal 0.18511815524689987 -0.062839146191491613 -0.98070510873753947
    outer loop
      vertex -0.56539839292144767 0.23419568249201583 -0.21249229247759591
      vertex -0.59113000196103882 0.15839280664726849 -0.21249229247759591
      vertex -0.6761480784023477 0.18117333157176471 -0.23000000000000001
    endloop
  endfacet
  facet normal 0.18511815524689995 -0.062839146191491793 -0.98070510873753935
    outer loop
      vertex -0.56539839292144767 0.23419568249201583 -0.21249229247759591
      vertex -0.6761480784023477 0.18117333157176471 -0.23000000000000001
      vertex -0.64671567275790065 0.2678784026555629 -0.23000000000000001
    endloop
  endfacet
  facet normal -0.18511815524689954 0.062839146191491668 -0.98070510873753958
    outer loop
      vertex -0.64671567275790065 0.2678784026555629 -0.23000000000000001
      vertex -0.6761480784023477 0.18117333157176471 -0.23000000000000001
      vertex -0.76116615484365657 0.20395385649626091 -0.21249229247759593
    endloop
  endfacet
  facet normal -0.18511815524689945 0.062839146191491502 -0.98070510873753947
    outer loop
      vertex -0.64671567275790065 0.2678784026555629 -0.23000000000000001
      vertex -0.76116615484365657 0.20395385649626091 -0.21249229247759593
      vertex -0.72803295259435374 0.30156112281911002 -0.21249229247759593
    endloop
  endfacet
  facet normal -0.52686580965453444 0.17884684293673211 -0.83091890421907955
    outer loop
      vertex -0.72803295259435374 0.30156112281911002 -0.21249229247759593
      vertex -0.76116615484365657 0.20395385649626091 -0.21249229247759593
      vertex -0.83324099983755817 0.2232662530069752 -0.16263455967290597
    endloop
  endfacet
  facet normal -0.52686580965453444 0.17884684293673217 -0.83091890421907943
    outer loop
      vertex -0.72803295259435374 0.30156112281911002 -0.21249229247759593
      vertex -0.83324099983755817 0.2232662530069752 -0.16263455967290597
      vertex -0.79697041371868405 0.3301159541723756 -0.16263455967290597
    endloop
  endfacet
  facet normal -0.78786391063709571 0.26744375987051588 -0.55474705372984578
    outer loop
      vertex -0.79697041371868405 0.3301159541723756 -0.16263455967290597
      vertex -0.83324099983755817 0.2232662530069752 -0.16263455967290597
      vertex -0.88139987159382793 0.23617038380246169 -0.0880171894439708
    endloop
  endfacet
  facet normal -0.78786391063709582 0.26744375987051638 -0.55474705372984534
    outer loop
      vertex -0.79697041371868405 0.3301159541723756 -0.16263455967290597
      vertex -0.88139987159382793 0.23617038380246169 -0.0880171894439708
      vertex -0.84303295259435362 0.34919568249201588 -0.0880171894439708
    endloop
  endfacet
  facet normal -0.92881074330694746 0.3152887624936011 -0.19468846746237789
    outer loop
      vertex -0.84303295259435362 0.34919568249201588 -0.0880171894439708
      vertex -0.88139987159382793 0.23617038380246169 -0.0880171894439708
      vertex -0.89831101844883332 0.24070171194534454 0
    endloop
  endfacet
  facet normal -0.92881074330694746 0.31528876249360066 -0.19468846746237842
    outer loop
      vertex -0.84303295259435362 0.34919568249201588 -0.0880171894439708
      vertex -0.89831101844883332 0.24070171194534454 0
      vertex -0.85920796523549658 0.35589559209953359 0
    endloop
  endfacet
  facet normal -0.9620180802585242 0.19135729380625749 0.19468846746237803
    outer loop
      vertex -0.89831101844883332 0.24070171194534454 0
      vertex -0.92204372107764354 0.12138935876464835 0
      vertex -0.90468579442012054 0.11910414436724658 0.088017189443970648
    endloop
  endfacet
  facet normal -0.96201808025852409 0.1913572938062576 0.19468846746237822
    outer loop
      vertex -0.89831101844883332 0.24070171194534454 0
      vertex -0.90468579442012054 0.11910414436724658 0.088017189443970648
      vertex -0.88139987159382793 0.23617038380246169 0.088017189443970648
    endloop
  endfacet
  facet normal -0.81603204127193596 0.16231886518705615 0.55474705372984534
    outer loop
      vertex -0.88139987159382793 0.23617038380246169 0.088017189443970648
      vertex -0.90468579442012054 0.11910414436724658 0.088017189443970648
      vertex -0.85525460143116216 0.11259640435152563 0.16263455967290594
    endloop
  endfacet
  facet normal -0.81603204127193596 0.16231886518705599 0.55474705372984512
    outer loop
      vertex -0.88139987159382793 0.23617038380246169 0.088017189443970648
      vertex -0.85525460143116216 0.11259640435152563 0.16263455967290594
      vertex -0.83324099983755817 0.2232662530069752 0.16263455967290594
    endloop
  endfacet
  facet normal -0.54570259701464929 0.10854699545741166 0.83091890421907955
    outer loop
      vertex -0.83324099983755817 0.2232662530069752 0.16263455967290594
      vertex -0.85525460143116216 0.11259640435152563 0.16263455967290594
      vertex -0.78127559314845707 0.10285688314206883 0.21249229247759596
    endloop
  endfacet
  facet normal -0.54570259701464918 0.1085469954574117 0.83091890421907966
    outer loop
      vertex -0.83324099983755817 0.2232662530069752 0.16263455967290594
      vertex -0.78127559314845707 0.10285688314206883 0.21249229247759596
      vertex -0.76116615484365646 0.20395385649626088 0.21249229247759596
    endloop
  endfacet
  facet normal -0.19173659824127226 0.038138780669493957 0.98070510873753947
    outer loop
      vertex -0.76116615484365646 0.20395385649626088 0.21249229247759596
      vertex -0.78127559314845707 0.10285688314206883 0.21249229247759596
      vertex -0.69401140296166719 0.091368334554036382 0.23000000000000001
    endloop
  endfacet
  facet normal -0.19173659824127232 0.038138780669493923 0.98070510873753935
    outer loop
      vertex -0.76116615484365646 0.20395385649626088 0.21249229247759596
      vertex -0.69401140296166719 0.091368334554036382 0.23000000000000001
      vertex -0.6761480784023477 0.18117333157176471 0.23000000000000001
    endloop
  endfacet
  facet normal 0.19173659824127226 -0.038138780669493888 0.98070510873753935
    outer loop
      vertex -0.6761480784023477 0.18117333157176471 0.23000000000000001
      vertex -0.69401140296166719 0.091368334554036382 0.23000000000000001
      vertex -0.60674721277487731 0.079879785966003938 0.21249229247759596
    endloop
  endfacet
  facet normal 0.19173659824127237 -0.038138780669493853 0.98070510873753947
    outer loop
      vertex -0.6761480784023477 0.18117333157176471 0.23000000000000001
      vertex -0.60674721277487731 0.079879785966003938 0.21249229247759596
      vertex -0.59113000196103893 0.15839280664726854 0.21249229247759596
    endloop
  endfacet
  facet normal 0.54570259701464985 -0.10854699545741141 0.8309189042190791
    outer loop
      vertex -0.59113000196103893 0.15839280664726854 0.21249229247759596
      vertex -0.60674721277487731 0.079879785966003938 0.21249229247759596
      vertex -0.53276820449217233 0.070140264756547152 0.16263455967290594
    endloop
  endfacet
  facet normal 0.54570259701464907 -0.1085469954574122 0.83091890421907955
    outer loop
      vertex -0.59113000196103893 0.15839280664726854 0.21249229247759596
      vertex -0.53276820449217233 0.070140264756547152 0.16263455967290594
      vertex -0.51905515696713722 0.1390804101365542 0.16263455967290594
    endloop
  endfacet
  facet normal 0.81603204127193563 -0.16231886518705682 0.55474705372984545
    outer loop
      vertex -0.51905515696713722 0.1390804101365542 0.16263455967290594
      vertex -0.53276820449217233 0.070140264756547152 0.16263455967290594
      vertex -0.48333701150321395 0.063632524740826188 0.088017189443970675
    endloop
  endfacet
  facet normal 0.81603204127193629 -0.16231886518705596 0.55474705372984479
    outer loop
      vertex -0.51905515696713722 0.1390804101365542 0.16263455967290594
      vertex -0.48333701150321395 0.063632524740826188 0.088017189443970675
      vertex -0.47089628521086752 0.1261762793410677 0.088017189443970675
    endloop
  endfacet
  facet normal 0.96201808025852398 -0.19135729380625716 0.19468846746237917
    outer loop
      vertex -0.47089628521086752 0.1261762793410677 0.088017189443970675
      vertex -0.48333701150321395 0.063632524740826188 0.088017189443970675
      vertex -0.46597908484569084 0.06134731034342443 2.8166876380389123e-17
    endloop
  endfacet
  facet normal 0.96201808025852398 -0.19135729380625741 0.19468846746237933
    outer loop
      vertex -0.47089628521086752 0.1261762793410677 0.088017189443970675
      vertex -0.46597908484569084 0.06134731034342443 2.8166876380389123e-17
      vertex -0.45398513835586202 0.12164495119818487 2.8166876380389123e-17
    endloop
  endfacet
  facet normal 0.96201808025852409 -0.19135729380625746 -0.19468846746237858
    outer loop
      vertex -0.45398513835586202 0.12164495119818487 2.8166876380389123e-17
      vertex -0.46597908484569084 0.06134731034342443 2.8166876380389123e-17
      vertex -0.4833370115032139 0.063632524740826188 -0.088017189443970634
    endloop
  endfacet
  facet normal 0.96201808025852409 -0.19135729380625721 -0.19468846746237869
    outer loop
      vertex -0.45398513835586202 0.12164495119818487 2.8166876380389123e-17
      vertex -0.4833370115032139 0.063632524740826188 -0.088017189443970634
      vertex -0.47089628521086746 0.1261762793410677 -0.088017189443970634
    endloop
  endfacet
  facet normal 0.81603204127193552 -0.16231886518705577 -0.55474705372984578
    outer loop
      vertex -0.47089628521086746 0.1261762793410677 -0.088017189443970634
      vertex -0.4833370115032139 0.063632524740826188 -0.088017189443970634
      vertex -0.53276820449217233 0.070140264756547152 -0.16263455967290591
    endloop
  endfacet
  facet normal 0.81603204127193574 -0.16231886518705679 -0.55474705372984523
    outer loop
      vertex -0.47089628521086746 0.1261762793410677 -0.088017189443970634
      vertex -0.53276820449217233 0.070140264756547152 -0.16263455967290591
      vertex -0.51905515696713722 0.1390804101365542 -0.16263455967290591
    endloop
  endfacet
  facet normal 0.54570259701465007 -0.10854699545741243 -0.83091890421907899
    outer loop
      vertex -0.51905515696713722 0.1390804101365542 -0.16263455967290591
      vertex -0.53276820449217233 0.070140264756547152 -0.16263455967290591
      vertex -0.6067472127748772 0.079879785966003924 -0.21249229247759591
    endloop
  endfacet
  facet normal 0.54570259701464963 -0.10854699545741144 -0.83091890421907932
    outer loop
      vertex -0.51905515696713722 0.1390804101365542 -0.16263455967290591
      vertex -0.6067472127748772 0.079879785966003924 -0.21249229247759591
      vertex -0.59113000196103882 0.15839280664726849 -0.21249229247759591
    endloop
  endfacet
  facet normal 0.19173659824127262 -0.038138780669493902 -0.98070510873753947
    outer loop
      vertex -0.59113000196103882 0.15839280664726849 -0.21249229247759591
      vertex -0.6067472127748772 0.079879785966003924 -0.21249229247759591
      vertex -0.69401140296166719 0.091368334554036382 -0.23000000000000001
    endloop
  endfacet
  facet normal 0.19173659824127268 -0.038138780669493978 -0.98070510873753935
    outer loop
      vertex -0.59113000196103882 0.15839280664726849 -0.21249229247759591
      vertex -0.69401140296166719 0.091368334554036382 -0.23000000000000001
      vertex -0.6761480784023477 0.18117333157176471 -0.23000000000000001
    endloop
  endfacet
  facet normal -0.19173659824127234 0.038138780669493902 -0.98070510873753958
    outer loop
      vertex -0.6761480784023477 0.18117333157176471 -0.23000000000000001
      vertex -0.69401140296166719 0.091368334554036382 -0.23000000000000001
      vertex -0.78127559314845718 0.10285688314206884 -0.21249229247759593
    endloop
  endfacet
  facet normal -0.1917365982412724 0.038138780669493978 -0.98070510873753947
    outer loop
      vertex -0.6761480784023477 0.18117333157176471 -0.23000000000000001
      vertex -0.78127559314845718 0.10285688314206884 -0.21249229247759593
      vertex -0.76116615484365657 0.20395385649626091 -0.21249229247759593
    endloop
  endfacet
  facet normal -0.5457025970146494 0.10854699545741173 -0.83091890421907955
    outer loop
      vertex -0.76116615484365657 0.20395385649626091 -0.21249229247759593
      vertex -0.78127559314845718 0.10285688314206884 -0.21249229247759593
      vertex -0.85525460143116216 0.11259640435152563 -0.16263455967290597
    endloop
  endfacet
  facet normal -0.5457025970146494 0.1085469954574117 -0.83091890421907943
    outer loop
      vertex -0.76116615484365657 0.20395385649626091 -0.21249229247759593
      vertex -0.85525460143116216 0.11259640435152563 -0.16263455967290597
      vertex -0.83324099983755817 0.2232662530069752 -0.16263455967290597
    endloop
  endfacet
  facet normal -0.8160320412719354 0.16231886518705588 -0.55474705372984601
    outer loop
      vertex -0.83324099983755817 0.2232662530069752 -0.16263455967290597
      vertex -0.85525460143116216 0.11259640435152563 -0.16263455967290597
      vertex -0.90468579442012054 0.11910414436724658 -0.0880171894439708
    endloop
  endfacet
  facet normal -0.81603204127193552 0.16231886518705607 -0.55474705372984578
    outer loop
      vertex -0.83324099983755817 0.2232662530069752 -0.16263455967290597
      vertex -0.90468579442012054 0.11910414436724658 -0.0880171894439708
      vertex -0.88139987159382793 0.23617038380246169 -0.0880171894439708
    endloop
  endfacet
  facet normal -0.9620180802585242 0.1913572938062576 -0.1946884674623777
    outer loop
      vertex -0.88139987159382793 0.23617038380246169 -0.0880171894439708
      vertex -0.90468579442012054 0.11910414436724658 -0.0880171894439708
      vertex -0.92204372107764354 0.12138935876464835 0
    endloop
  endfacet
  facet normal -0.9620180802585242 0.19135729380625741 -0.19468846746237783
    outer loop
      vertex -0.88139987159382793 0.23617038380246169 -0.0880171894439708
      vertex -0.92204372107764354 0.12138935876464835 0
      vertex -0.89831101844883332 0.24070171194534454 0
    endloop
  endfacet
  facet normal -0.97876502113507602 0.064151648767623221 0.194688467462379
    outer loop
      vertex -0.92204372107764354 0.12138935876464835 0
      vertex -0.92999999999999994 1.1389215232070384e-16 0
      vertex -0.91249229247759589 1.1174807652293181e-16 0.088017189443970648
    endloop
  endfacet
  facet normal -0.97876502113507624 0.064151648767622471 0.194688467462378
    outer loop
      vertex -0.92204372107764354 0.12138935876464835 0
      vertex -0.91249229247759589 1.1174807652293181e-16 0.088017189443970648
      vertex -0.90468579442012054 0.11910414436724658 0.088017189443970648
    endloop
  endfacet
  facet normal -0.83023763743378853 0.05441664971695255 0.5547470537298449
    outer loop
      vertex -0.90468579442012054 0.11910414436724658 0.088017189443970648
      vertex -0.91249229247759589 1.1174807652293181e-16 0.088017189443970648
      vertex -0.86263455967290592 1.0564226523373107e-16 0.16263455967290594
    endloop
  endfacet
  facet normal -0.83023763743378831 0.05441664971695289 0.55474705372984534
    outer loop
      vertex -0.90468579442012054 0.11910414436724658 0.088017189443970648
      vertex -0.86263455967290592 1.0564226523373107e-16 0.16263455967290594
      vertex -0.85525460143116216 0.11259640435152563 0.16263455967290594
    endloop
  endfacet
  facet normal -0.55520226164250064 0.036389878790901484 0.83091890421907955
    outer loop
      vertex -0.85525460143116216 0.11259640435152563 0.16263455967290594
      vertex -0.86263455967290592 1.0564226523373107e-16 0.16263455967290594
      vertex -0.78801718944397059 9.6504272872565198e-17 0.21249229247759596
    endloop
  endfacet
  facet normal -0.55520226164250053 0.03638987879090156 0.83091890421907955
    outer loop
      vertex -0.85525460143116216 0.11259640435152563 0.16263455967290594
      vertex -0.78801718944397059 9.6504272872565198e-17 0.21249229247759596
      vertex -0.78127559314845707 0.10285688314206883 0.21249229247759596
    endloop
  endfacet
  facet normal -0.19507437488030896 0.012785850036173435 0.98070510873753947
    outer loop
      vertex -0.78127559314845707 0.10285688314206883 0.21249229247759596
      vertex -0.78801718944397059 9.6504272872565198e-17 0.21249229247759596
      vertex -0.69999999999999996 8.572527594031472e-17 0.23000000000000001
    endloop
  endfacet
  facet normal -0.1950743748803089 0.012785850036173458 0.98070510873753935
    outer loop
      vertex -0.78127559314845707 0.10285688314206883 0.21249229247759596
      vertex -0.69999999999999996 8.572527594031472e-17 0.23000000000000001
      vertex -0.69401140296166719 0.091368334554036382 0.23000000000000001
    endloop
  endfacet
  facet normal 0.19507437488030893 -0.01278585003617346 0.98070510873753935
    outer loop
      vertex -0.69401140296166719 0.091368334554036382 0.23000000000000001
      vertex -0.69999999999999996 8.572527594031472e-17 0.23000000000000001
      vertex -0.61198281055602932 7.4946279008064241e-17 0.21249229247759596
    endloop
  endfacet
  facet normal 0.19507437488030893 -0.012785850036173501 0.98070510873753947
    outer loop
      vertex -0.69401140296166719 0.091368334554036382 0.23000000000000001
      vertex -0.61198281055602932 7.4946279008064241e-17 0.21249229247759596
      vertex -0.60674721277487731 0.079879785966003938 0.21249229247759596
    endloop
  endfacet
  facet normal 0.55520226164250064 -0.03638987879090174 0.83091890421907943
    outer loop
      vertex -0.60674721277487731 0.079879785966003938 0.21249229247759596
      vertex -0.61198281055602932 7.4946279008064241e-17 0.21249229247759596
      vertex -0.53736544032709399 6.5808286646898371e-17 0.16263455967290594
    endloop
  endfacet
  facet normal 0.55520226164250108 -0.036389878790901081 0.8309189042190791
    outer loop
      vertex -0.60674721277487731 0.079879785966003938 0.21249229247759596
      vertex -0.53736544032709399 6.5808286646898371e-17 0.16263455967290594
      vertex -0.53276820449217233 0.070140264756547152 0.16263455967290594
    endloop
  endfacet
  facet normal 0.83023763743378842 -0.054416649716952231 0.55474705372984501
    outer loop
      vertex -0.53276820449217233 0.070140264756547152 0.16263455967290594
      vertex -0.53736544032709399 6.5808286646898371e-17 0.16263455967290594
      vertex -0.48750770752240402 5.9702475357697612e-17 0.088017189443970675
    endloop
  endfacet
  facet normal 0.83023763743378831 -0.054416649716952821 0.55474705372984556
    outer loop
      vertex -0.53276820449217233 0.070140264756547152 0.16263455967290594
      vertex -0.48750770752240402 5.9702475357697612e-17 0.088017189443970675
      vertex -0.48333701150321395 0.063632524740826188 0.088017189443970675
    endloop
  endfacet
  facet normal 0.97876502113507591 -0.064151648767622763 0.194688467462379
    outer loop
      vertex -0.48333701150321395 0.063632524740826188 0.088017189443970675
      vertex -0.48750770752240402 5.9702475357697612e-17 0.088017189443970675
      vertex -0.46999999999999997 5.7558399559925597e-17 2.8166876380389123e-17
    endloop
  endfacet
  facet normal 0.97876502113507591 -0.064151648767623054 0.19468846746237914
    outer loop
      vertex -0.48333701150321395 0.063632524740826188 0.088017189443970675
      vertex -0.46999999999999997 5.7558399559925597e-17 2.8166876380389123e-17
      vertex -0.46597908484569084 0.06134731034342443 2.8166876380389123e-17
    endloop
  endfacet
  facet normal 0.97876502113507613 -0.06415164876762304 -0.19468846746237836
    outer loop
      vertex -0.46597908484569084 0.06134731034342443 2.8166876380389123e-17
      vertex -0.46999999999999997 5.7558399559925597e-17 2.8166876380389123e-17
      vertex -0.48750770752240397 5.97024753576976e-17 -0.088017189443970634
    endloop
  endfacet
  facet normal 0.97876502113507602 -0.06415164876762279 -0.19468846746237853
    outer loop
      vertex -0.46597908484569084 0.06134731034342443 2.8166876380389123e-17
      vertex -0.48750770752240397 5.97024753576976e-17 -0.088017189443970634
      vertex -0.4833370115032139 0.063632524740826188 -0.088017189443970634
    endloop
  endfacet
  facet normal 0.83023763743378831 -0.054416649716952786 -0.55474705372984556
    outer loop
      vertex -0.4833370115032139 0.063632524740826188 -0.088017189443970634
      vertex -0.48750770752240397 5.97024753576976e-17 -0.088017189443970634
      vertex -0.53736544032709399 6.5808286646898371e-17 -0.16263455967290591
    endloop
  endfacet
  facet normal 0.83023763743378798 -0.054416649716952238 -0.55474705372984578
    outer loop
      vertex -0.4833370115032139 0.063632524740826188 -0.088017189443970634
      vertex -0.53736544032709399 6.5808286646898371e-17 -0.16263455967290591
      vertex -0.53276820449217233 0.070140264756547152 -0.16263455967290591
    endloop
  endfacet
  facet normal 0.55520226164250086 -0.036389878790901081 -0.83091890421907921
    outer loop
      vertex -0.53276820449217233 0.070140264756547152 -0.16263455967290591
      vertex -0.53736544032709399 6.5808286646898371e-17 -0.16263455967290591
      vertex -0.61198281055602921 7.4946279008064216e-17 -0.21249229247759591
    endloop
  endfacet
  facet normal 0.55520226164250142 -0.036389878790901775 -0.83091890421907899
    outer loop
      vertex -0.53276820449217233 0.070140264756547152 -0.16263455967290591
      vertex -0.61198281055602921 7.4946279008064216e-17 -0.21249229247759591
      vertex -0.6067472127748772 0.079879785966003924 -0.21249229247759591
    endloop
  endfacet
  facet normal 0.19507437488030935 -0.012785850036173519 -0.98070510873753935
    outer loop
      vertex -0.6067472127748772 0.079879785966003924 -0.21249229247759591
      vertex -0.61198281055602921 7.4946279008064216e-17 -0.21249229247759591
      vertex -0.69999999999999996 8.572527594031472e-17 -0.23000000000000001
    endloop
  endfacet
  facet normal 0.19507437488030932 -0.01278585003617347 -0.98070510873753947
    outer loop
      vertex -0.6067472127748772 0.079879785966003924 -0.21249229247759591
      vertex -0.69999999999999996 8.572527594031472e-17 -0.23000000000000001
      vertex -0.69401140296166719 0.091368334554036382 -0.23000000000000001
    endloop
  endfacet
  facet normal -0.19507437488030901 0.012785850036173463 -0.98070510873753947
    outer loop
      vertex -0.69401140296166719 0.091368334554036382 -0.23000000000000001
      vertex -0.69999999999999996 8.572527594031472e-17 -0.23000000000000001
      vertex -0.7880171894439707 9.6504272872565223e-17 -0.21249229247759593
    endloop
  endfacet
  facet normal -0.19507437488030899 0.012785850036173434 -0.98070510873753958
    outer loop
      vertex -0.69401140296166719 0.091368334554036382 -0.23000000000000001
      vertex -0.7880171894439707 9.6504272872565223e-17 -0.21249229247759593
      vertex -0.78127559314845718 0.10285688314206884 -0.21249229247759593
    endloop
  endfacet
  facet normal -0.55520226164250075 0.036389878790901595 -0.83091890421907943
    outer loop
      vertex -0.78127559314845718 0.10285688314206884 -0.21249229247759593
      vertex -0.7880171894439707 9.6504272872565223e-17 -0.21249229247759593
      vertex -0.86263455967290592 1.0564226523373107e-16 -0.16263455967290597
    endloop
  endfacet
  facet normal -0.55520226164250053 0.036389878790901505 -0.83091890421907955
    outer loop
      vertex -0.78127559314845718 0.10285688314206884 -0.21249229247759593
      vertex -0.86263455967290592 1.0564226523373107e-16 -0.16263455967290597
      vertex -0.85525460143116216 0.11259640435152563 -0.16263455967290597
    endloop
  endfacet
  facet normal -0.83023763743378809 0.054416649716952835 -0.55474705372984545
    outer loop
      vertex -0.85525460143116216 0.11259640435152563 -0.16263455967290597
      vertex -0.86263455967290592 1.0564226523373107e-16 -0.16263455967290597
      vertex -0.91249229247759589 1.1174807652293181e-16 -0.0880171894439708
    endloop
  endfacet
  facet normal -0.83023763743378787 0.054416649716952446 -0.5547470537298459
    outer loop
      vertex -0.85525460143116216 0.11259640435152563 -0.16263455967290597
      vertex -0.91249229247759589 1.1174807652293181e-16 -0.0880171894439708
      vertex -0.90468579442012054 0.11910414436724658 -0.0880171894439708
    endloop
  endfacet
  facet normal -0.97876502113507613 0.064151648767622457 -0.19468846746237864
    outer loop
      vertex -0.90468579442012054 0.11910414436724658 -0.0880171894439708
      vertex -0.91249229247759589 1.1174807652293181e-16 -0.0880171894439708
      vertex -0.92999999999999994 1.1389215232070384e-16 0
    endloop
  endfacet
  facet normal -0.97876502113507635 0.064151648767623248 -0.1946884674623777
    outer loop
      vertex -0.90468579442012054 0.11910414436724658 -0.0880171894439708
      vertex -0.92999999999999994 1.1389215232070384e-16 0
      vertex -0.92204372107764354 0.12138935876464835 0
    endloop
  endfacet
  facet normal -0.97876502113507613 -0.064151648767623221 0.19468846746237797
    outer loop
      vertex -0.92999999999999994 1.1389215232070384e-16 0
      vertex -0.92204372107764354 -0.12138935876464814 0
      vertex -0.90468579442012054 -0.11910414436724638 0.088017189443970648
    endloop
  endfacet
  facet normal -0.97876502113507602 -0.064151648767622457 0.194688467462379
    outer loop
      vertex -0.92999999999999994 1.1389215232070384e-16 0
      vertex -0.90468579442012054 -0.11910414436724638 0.088017189443970648
      vertex -0.91249229247759589 1.1174807652293181e-16 0.088017189443970648
    endloop
  endfacet
  facet normal -0.83023763743378831 -0.054416649716952509 0.55474705372984523
    outer loop
      vertex -0.91249229247759589 1.1174807652293181e-16 0.088017189443970648
      vertex -0.90468579442012054 -0.11910414436724638 0.088017189443970648
      vertex -0.85525460143116216 -0.11259640435152543 0.16263455967290594
    endloop
  endfacet
  facet normal -0.83023763743378864 -0.05441664971695289 0.55474705372984501
    outer loop
      vertex -0.91249229247759589 1.1174807652293181e-16 0.088017189443970648
      vertex -0.85525460143116216 -0.11259640435152543 0.16263455967290594
      vertex -0.86263455967290592 1.0564226523373107e-16 0.16263455967290594
    endloop
  endfacet
  facet normal -0.55520226164250042 -0.036389878790901463 0.83091890421907943
    outer loop
      vertex -0.86263455967290592 1.0564226523373107e-16 0.16263455967290594
      vertex -0.85525460143116216 -0.11259640435152543 0.16263455967290594
      vertex -0.78127559314845707 -0.10285688314206866 0.21249229247759596
    endloop
  endfacet
  facet normal -0.55520226164250053 -0.036389878790901553 0.83091890421907943
    outer loop
      vertex -0.86263455967290592 1.0564226523373107e-16 0.16263455967290594
      vertex -0.78127559314845707 -0.10285688314206866 0.21249229247759596
      vertex -0.78801718944397059 9.6504272872565198e-17 0.21249229247759596
    endloop
  endfacet
  facet normal -0.19507437488030896 -0.012785850036173432 0.98070510873753947
    outer loop
      vertex -0.78801718944397059 9.6504272872565198e-17 0.21249229247759596
      vertex -0.78127559314845707 -0.10285688314206866 0.21249229247759596
      vertex -0.69401140296166719 -0.091368334554036229 0.23000000000000001
    endloop
  endfacet
  facet normal -0.19507437488030896 -0.01278585003617346 0.98070510873753935
    outer loop
      vertex -0.78801718944397059 9.6504272872565198e-17 0.21249229247759596
      vertex -0.69401140296166719 -0.091368334554036229 0.23000000000000001
      vertex -0.69999999999999996 8.572527594031472e-17 0.23000000000000001
    endloop
  endfacet
  facet normal 0.19507437488030893 0.012785850036173458 0.98070510873753935
    outer loop
      vertex -0.69999999999999996 8.572527594031472e-17 0.23000000000000001
      vertex -0.69401140296166719 -0.091368334554036229 0.23000000000000001
      vertex -0.60674721277487731 -0.079879785966003813 0.21249229247759596
    endloop
  endfacet
  facet normal 0.19507437488030896 0.0127858500361735 0.98070510873753947
    outer loop
      vertex -0.69999999999999996 8.572527594031472e-17 0.23000000000000001
      vertex -0.60674721277487731 -0.079879785966003813 0.21249229247759596
      vertex -0.61198281055602932 7.4946279008064241e-17 0.21249229247759596
    endloop
  endfacet
  facet normal 0.55520226164250097 0.036389878790901761 0.83091890421907921
    outer loop
      vertex -0.61198281055602932 7.4946279008064241e-17 0.21249229247759596
      vertex -0.60674721277487731 -0.079879785966003813 0.21249229247759596
      vertex -0.53276820449217233 -0.070140264756547027 0.16263455967290594
    endloop
  endfacet
  facet normal 0.55520226164250064 0.036389878790901047 0.83091890421907955
    outer loop
      vertex -0.61198281055602932 7.4946279008064241e-17 0.21249229247759596
      vertex -0.53276820449217233 -0.070140264756547027 0.16263455967290594
      vertex -0.53736544032709399 6.5808286646898371e-17 0.16263455967290594
    endloop
  endfacet
  facet normal 0.83023763743378831 0.054416649716952217 0.55474705372984545
    outer loop
      vertex -0.53736544032709399 6.5808286646898371e-17 0.16263455967290594
      vertex -0.53276820449217233 -0.070140264756547027 0.16263455967290594
      vertex -0.48333701150321395 -0.063632524740826091 0.088017189443970675
    endloop
  endfacet
  facet normal 0.83023763743378842 0.054416649716952745 0.55474705372984512
    outer loop
      vertex -0.53736544032709399 6.5808286646898371e-17 0.16263455967290594
      vertex -0.48333701150321395 -0.063632524740826091 0.088017189443970675
      vertex -0.48750770752240402 5.9702475357697612e-17 0.088017189443970675
    endloop
  endfacet
  facet normal 0.97876502113507613 0.064151648767622763 0.19468846746237922
    outer loop
      vertex -0.48750770752240402 5.9702475357697612e-17 0.088017189443970675
      vertex -0.48333701150321395 -0.063632524740826091 0.088017189443970675
      vertex -0.46597908484569084 -0.061347310343424326 2.8166876380389123e-17
    endloop
  endfacet
  facet normal 0.97876502113507602 0.064151648767622999 0.194688467462379
    outer loop
      vertex -0.48750770752240402 5.9702475357697612e-17 0.088017189443970675
      vertex -0.46597908484569084 -0.061347310343424326 2.8166876380389123e-17
      vertex -0.46999999999999997 5.7558399559925597e-17 2.8166876380389123e-17
    endloop
  endfacet
  facet normal 0.97876502113507613 0.064151648767623026 -0.19468846746237853
    outer loop
      vertex -0.46999999999999997 5.7558399559925597e-17 2.8166876380389123e-17
      vertex -0.46597908484569084 -0.061347310343424326 2.8166876380389123e-17
      vertex -0.4833370115032139 -0.063632524740826077 -0.088017189443970634
    endloop
  endfacet
  facet normal 0.97876502113507613 0.064151648767622776 -0.19468846746237836
    outer loop
      vertex -0.46999999999999997 5.7558399559925597e-17 2.8166876380389123e-17
      vertex -0.4833370115032139 -0.063632524740826077 -0.088017189443970634
      vertex -0.48750770752240397 5.97024753576976e-17 -0.088017189443970634
    endloop
  endfacet
  facet normal 0.83023763743378809 0.054416649716952765 -0.5547470537298459
    outer loop
      vertex -0.48750770752240397 5.97024753576976e-17 -0.088017189443970634
      vertex -0.4833370115032139 -0.063632524740826077 -0.088017189443970634
      vertex -0.53276820449217233 -0.070140264756547027 -0.16263455967290591
    endloop
  endfacet
  facet normal 0.8302376374337882 0.054416649716952245 -0.55474705372984545
    outer loop
      vertex -0.48750770752240397 5.97024753576976e-17 -0.088017189443970634
      vertex -0.53276820449217233 -0.070140264756547027 -0.16263455967290591
      vertex -0.53736544032709399 6.5808286646898371e-17 -0.16263455967290591
    endloop
  endfacet
  facet normal 0.55520226164250153 0.036389878790901116 -0.83091890421907888
    outer loop
      vertex -0.53736544032709399 6.5808286646898371e-17 -0.16263455967290591
      vertex -0.53276820449217233 -0.070140264756547027 -0.16263455967290591
      vertex -0.6067472127748772 -0.0798797859660038 -0.21249229247759591
    endloop
  endfacet
  facet normal 0.55520226164250097 0.036389878790901789 -0.83091890421907921
    outer loop
      vertex -0.53736544032709399 6.5808286646898371e-17 -0.16263455967290591
      vertex -0.6067472127748772 -0.0798797859660038 -0.21249229247759591
      vertex -0.61198281055602921 7.4946279008064216e-17 -0.21249229247759591
    endloop
  endfacet
  facet normal 0.19507437488030926 0.012785850036173513 -0.98070510873753935
    outer loop
      vertex -0.61198281055602921 7.4946279008064216e-17 -0.21249229247759591
      vertex -0.6067472127748772 -0.0798797859660038 -0.21249229247759591
      vertex -0.69401140296166719 -0.091368334554036229 -0.23000000000000001
    endloop
  endfacet
  facet normal 0.19507437488030929 0.012785850036173467 -0.98070510873753947
    outer loop
      vertex -0.61198281055602921 7.4946279008064216e-17 -0.21249229247759591
      vertex -0.69401140296166719 -0.091368334554036229 -0.23000000000000001
      vertex -0.69999999999999996 8.572527594031472e-17 -0.23000000000000001
    endloop
  endfacet
  facet normal -0.19507437488030899 -0.012785850036173461 -0.98070510873753947
    outer loop
      vertex -0.69999999999999996 8.572527594031472e-17 -0.23000000000000001
      vertex -0.69401140296166719 -0.091368334554036229 -0.23000000000000001
      vertex -0.78127559314845718 -0.10285688314206867 -0.21249229247759593
    endloop
  endfacet
  facet normal -0.19507437488030901 -0.01278585003617343 -0.98070510873753958
    outer loop
      vertex -0.69999999999999996 8.572527594031472e-17 -0.23000000000000001
      vertex -0.78127559314845718 -0.10285688314206867 -0.21249229247759593
      vertex -0.7880171894439707 9.6504272872565223e-17 -0.21249229247759593
    endloop
  endfacet
  facet normal -0.55520226164250064 -0.036389878790901574 -0.83091890421907955
    outer loop
      vertex -0.7880171894439707 9.6504272872565223e-17 -0.21249229247759593
      vertex -0.78127559314845718 -0.10285688314206867 -0.21249229247759593
      vertex -0.85525460143116216 -0.11259640435152543 -0.16263455967290597
    endloop
  endfacet
  facet normal -0.55520226164250075 -0.036389878790901505 -0.83091890421907932
    outer loop
      vertex -0.7880171894439707 9.6504272872565223e-17 -0.21249229247759593
      vertex -0.85525460143116216 -0.11259640435152543 -0.16263455967290597
      vertex -0.86263455967290592 1.0564226523373107e-16 -0.16263455967290597
    endloop
  endfacet
  facet normal -0.83023763743378787 -0.054416649716952807 -0.5547470537298459
    outer loop
      vertex -0.86263455967290592 1.0564226523373107e-16 -0.16263455967290597
      vertex -0.85525460143116216 -0.11259640435152543 -0.16263455967290597
      vertex -0.90468579442012054 -0.11910414436724638 -0.0880171894439708
    endloop
  endfacet
  facet normal -0.8302376374337882 -0.054416649716952502 -0.55474705372984556
    outer loop
      vertex -0.86263455967290592 1.0564226523373107e-16 -0.16263455967290597
      vertex -0.90468579442012054 -0.11910414436724638 -0.0880171894439708
      vertex -0.91249229247759589 1.1174807652293181e-16 -0.0880171894439708
    endloop
  endfacet
  facet normal -0.97876502113507624 -0.064151648767622457 -0.19468846746237764
    outer loop
      vertex -0.91249229247759589 1.1174807652293181e-16 -0.0880171894439708
      vertex -0.90468579442012054 -0.11910414436724638 -0.0880171894439708
      vertex -0.92204372107764354 -0.12138935876464814 0
    endloop
  endfacet
  facet normal -0.97876502113507602 -0.064151648767623193 -0.19468846746237864
    outer loop
      vertex -0.91249229247759589 1.1174807652293181e-16 -0.0880171894439708
      vertex -0.92204372107764354 -0.12138935876464814 0
      vertex -0.92999999999999994 1.1389215232070384e-16 0
    endloop
  endfacet
  facet normal -0.96201808025852431 -0.19135729380625663 0.19468846746237814
    outer loop
      vertex -0.92204372107764354 -0.12138935876464814 0
      vertex -0.89831101844883343 -0.24070171194534432 0
      vertex -0.88139987159382804 -0.2361703838024615 0.088017189443970648
    endloop
  endfacet
  facet normal -0.96201808025852431 -0.19135729380625674 0.194688467462378
    outer loop
      vertex -0.92204372107764354 -0.12138935876464814 0
      vertex -0.88139987159382804 -0.2361703838024615 0.088017189443970648
      vertex -0.90468579442012054 -0.11910414436724638 0.088017189443970648
    endloop
  endfacet
  facet normal -0.81603204127193607 -0.16231886518705543 0.55474705372984512
    outer loop
      vertex -0.90468579442012054 -0.11910414436724638 0.088017189443970648
      vertex -0.88139987159382804 -0.2361703838024615 0.088017189443970648
      vertex -0.83324099983755828 -0.223266253006975 0.16263455967290594
    endloop
  endfacet
  facet normal -0.81603204127193607 -0.16231886518705518 0.55474705372984534
    outer loop
      vertex -0.90468579442012054 -0.11910414436724638 0.088017189443970648
      vertex -0.83324099983755828 -0.223266253006975 0.16263455967290594
      vertex -0.85525460143116216 -0.11259640435152543 0.16263455967290594
    endloop
  endfacet
  facet normal -0.5457025970146494 -0.10854699545741114 0.83091890421907966
    outer loop
      vertex -0.85525460143116216 -0.11259640435152543 0.16263455967290594
      vertex -0.83324099983755828 -0.223266253006975 0.16263455967290594
      vertex -0.76116615484365657 -0.20395385649626069 0.21249229247759596
    endloop
  endfacet
  facet normal -0.5457025970146494 -0.10854699545741116 0.83091890421907955
    outer loop
      vertex -0.85525460143116216 -0.11259640435152543 0.16263455967290594
      vertex -0.76116615484365657 -0.20395385649626069 0.21249229247759596
      vertex -0.78127559314845707 -0.10285688314206866 0.21249229247759596
    endloop
  endfacet
  facet normal -0.1917365982412724 -0.038138780669493777 0.98070510873753947
    outer loop
      vertex -0.78127559314845707 -0.10285688314206866 0.21249229247759596
      vertex -0.76116615484365657 -0.20395385649626069 0.21249229247759596
      vertex -0.67614807840234781 -0.18117333157176455 0.23000000000000001
    endloop
  endfacet
  facet normal -0.19173659824127234 -0.038138780669493666 0.98070510873753958
    outer loop
      vertex -0.78127559314845707 -0.10285688314206866 0.21249229247759596
      vertex -0.67614807840234781 -0.18117333157176455 0.23000000000000001
      vertex -0.69401140296166719 -0.091368334554036229 0.23000000000000001
    endloop
  endfacet
  facet normal 0.1917365982412722 0.038138780669493645 0.98070510873753958
    outer loop
      vertex -0.69401140296166719 -0.091368334554036229 0.23000000000000001
      vertex -0.67614807840234781 -0.18117333157176455 0.23000000000000001
      vertex -0.59113000196103893 -0.1583928066472684 0.21249229247759596
    endloop
  endfacet
  facet normal 0.19173659824127232 0.038138780669493819 0.98070510873753958
    outer loop
      vertex -0.69401140296166719 -0.091368334554036229 0.23000000000000001
      vertex -0.59113000196103893 -0.1583928066472684 0.21249229247759596
      vertex -0.60674721277487731 -0.079879785966003813 0.21249229247759596
    endloop
  endfacet
  facet normal 0.54570259701464985 0.10854699545741144 0.83091890421907921
    outer loop
      vertex -0.60674721277487731 -0.079879785966003813 0.21249229247759596
      vertex -0.59113000196103893 -0.1583928066472684 0.21249229247759596
      vertex -0.51905515696713733 -0.13908041013655409 0.16263455967290594
    endloop
  endfacet
  facet normal 0.54570259701464985 0.10854699545741152 0.8309189042190791
    outer loop
      vertex -0.60674721277487731 -0.079879785966003813 0.21249229247759596
      vertex -0.51905515696713733 -0.13908041013655409 0.16263455967290594
      vertex -0.53276820449217233 -0.070140264756547027 0.16263455967290594
    endloop
  endfacet
  facet normal 0.81603204127193596 0.16231886518705552 0.55474705372984512
    outer loop
      vertex -0.53276820449217233 -0.070140264756547027 0.16263455967290594
      vertex -0.51905515696713733 -0.13908041013655409 0.16263455967290594
      vertex -0.47089628521086757 -0.12617627934106759 0.088017189443970675
    endloop
  endfacet
  facet normal 0.81603204127193585 0.16231886518705516 0.55474705372984534
    outer loop
      vertex -0.53276820449217233 -0.070140264756547027 0.16263455967290594
      vertex -0.47089628521086757 -0.12617627934106759 0.088017189443970675
      vertex -0.48333701150321395 -0.063632524740826091 0.088017189443970675
    endloop
  endfacet
  facet normal 0.96201808025852409 0.19135729380625643 0.19468846746237933
    outer loop
      vertex -0.48333701150321395 -0.063632524740826091 0.088017189443970675
      vertex -0.47089628521086757 -0.12617627934106759 0.088017189443970675
      vertex -0.45398513835586207 -0.12164495119818476 2.8166876380389123e-17
    endloop
  endfacet
  facet normal 0.96201808025852409 0.1913572938062566 0.19468846746237917
    outer loop
      vertex -0.48333701150321395 -0.063632524740826091 0.088017189443970675
      vertex -0.45398513835586207 -0.12164495119818476 2.8166876380389123e-17
      vertex -0.46597908484569084 -0.061347310343424326 2.8166876380389123e-17
    endloop
  endfacet
  facet normal 0.9620180802585242 0.19135729380625663 -0.19468846746237869
    outer loop
      vertex -0.46597908484569084 -0.061347310343424326 2.8166876380389123e-17
      vertex -0.45398513835586207 -0.12164495119818476 2.8166876380389123e-17
      vertex -0.47089628521086752 -0.12617627934106759 -0.088017189443970634
    endloop
  endfacet
  facet normal 0.96201808025852431 0.19135729380625641 -0.19468846746237853
    outer loop
      vertex -0.46597908484569084 -0.061347310343424326 2.8166876380389123e-17
      vertex -0.47089628521086752 -0.12617627934106759 -0.088017189443970634
      vertex -0.4833370115032139 -0.063632524740826077 -0.088017189443970634
    endloop
  endfacet
  facet normal 0.81603204127193596 0.16231886518705513 -0.55474705372984556
    outer loop
      vertex -0.4833370115032139 -0.063632524740826077 -0.088017189443970634
      vertex -0.47089628521086752 -0.12617627934106759 -0.088017189443970634
      vertex -0.51905515696713733 -0.13908041013655409 -0.16263455967290591
    endloop
  endfacet
  facet normal 0.81603204127193563 0.16231886518705549 -0.55474705372984578
    outer loop
      vertex -0.4833370115032139 -0.063632524740826077 -0.088017189443970634
      vertex -0.51905515696713733 -0.13908041013655409 -0.16263455967290591
      vertex -0.53276820449217233 -0.070140264756547027 -0.16263455967290591
    endloop
  endfacet
  facet normal 0.54570259701465029 0.10854699545741155 -0.83091890421907899
    outer loop
      vertex -0.53276820449217233 -0.070140264756547027 -0.16263455967290591
      vertex -0.51905515696713733 -0.13908041013655409 -0.16263455967290591
      vertex -0.59113000196103882 -0.15839280664726837 -0.21249229247759591
    endloop
  endfacet
  facet normal 0.54570259701465029 0.10854699545741152 -0.83091890421907899
    outer loop
      vertex -0.53276820449217233 -0.070140264756547027 -0.16263455967290591
      vertex -0.59113000196103882 -0.15839280664726837 -0.21249229247759591
      vertex -0.6067472127748772 -0.0798797859660038 -0.21249229247759591
    endloop
  endfacet
  facet normal 0.19173659824127248 0.038138780669493867 -0.98070510873753947
    outer loop
      vertex -0.6067472127748772 -0.0798797859660038 -0.21249229247759591
      vertex -0.59113000196103882 -0.15839280664726837 -0.21249229247759591
      vertex -0.67614807840234781 -0.18117333157176455 -0.23000000000000001
    endloop
  endfacet
  facet normal 0.19173659824127268 0.038138780669493749 -0.98070510873753935
    outer loop
      vertex -0.6067472127748772 -0.0798797859660038 -0.21249229247759591
      vertex -0.67614807840234781 -0.18117333157176455 -0.23000000000000001
      vertex -0.69401140296166719 -0.091368334554036229 -0.23000000000000001
    endloop
  endfacet
  facet normal -0.19173659824127248 -0.038138780669493701 -0.98070510873753958
    outer loop
      vertex -0.69401140296166719 -0.091368334554036229 -0.23000000000000001
      vertex -0.67614807840234781 -0.18117333157176455 -0.23000000000000001
      vertex -0.76116615484365668 -0.20395385649626072 -0.21249229247759593
    endloop
  endfacet
  facet normal -0.19173659824127237 -0.03813878066949377 -0.98070510873753947
    outer loop
      vertex -0.69401140296166719 -0.091368334554036229 -0.23000000000000001
      vertex -0.76116615484365668 -0.20395385649626072 -0.21249229247759593
      vertex -0.78127559314845718 -0.10285688314206867 -0.21249229247759593
    endloop
  endfacet
  facet normal -0.54570259701464952 -0.10854699545741116 -0.83091890421907932
    outer loop
      vertex -0.78127559314845718 -0.10285688314206867 -0.21249229247759593
      vertex -0.76116615484365668 -0.20395385649626072 -0.21249229247759593
      vertex -0.83324099983755828 -0.223266253006975 -0.16263455967290597
    endloop
  endfacet
  facet normal -0.54570259701464963 -0.10854699545741116 -0.83091890421907943
    outer loop
      vertex -0.78127559314845718 -0.10285688314206867 -0.21249229247759593
      vertex -0.83324099983755828 -0.223266253006975 -0.16263455967290597
      vertex -0.85525460143116216 -0.11259640435152543 -0.16263455967290597
    endloop
  endfacet
  facet normal -0.81603204127193574 -0.1623188651870551 -0.55474705372984567
    outer loop
      vertex -0.85525460143116216 -0.11259640435152543 -0.16263455967290597
      vertex -0.83324099983755828 -0.223266253006975 -0.16263455967290597
      vertex -0.88139987159382804 -0.2361703838024615 -0.0880171894439708
    endloop
  endfacet
  facet normal -0.81603204127193552 -0.16231886518705535 -0.55474705372984601
    outer loop
      vertex -0.85525460143116216 -0.11259640435152543 -0.16263455967290597
      vertex -0.88139987159382804 -0.2361703838024615 -0.0880171894439708
      vertex -0.90468579442012054 -0.11910414436724638 -0.0880171894439708
    endloop
  endfacet
  facet normal -0.96201808025852431 -0.19135729380625671 -0.19468846746237781
    outer loop
      vertex -0.90468579442012054 -0.11910414436724638 -0.0880171894439708
      vertex -0.88139987159382804 -0.2361703838024615 -0.0880171894439708
      vertex -0.89831101844883343 -0.24070171194534432 0
    endloop
  endfacet
  facet normal -0.96201808025852442 -0.19135729380625663 -0.1946884674623777
    outer loop
      vertex -0.90468579442012054 -0.11910414436724638 -0.0880171894439708
      vertex -0.89831101844883343 -0.24070171194534432 0
      vertex -0.92204372107764354 -0.12138935876464814 0
    endloop
  endfacet
  facet normal -0.92881074330694746 -0.31528876249360072 0.19468846746237861
    outer loop
      vertex -0.89831101844883343 -0.24070171194534432 0
      vertex -0.8592079652354967 -0.35589559209953336 0
      vertex -0.84303295259435373 -0.34919568249201571 0.088017189443970648
    endloop
  endfacet
  facet normal -0.92881074330694735 -0.31528876249360105 0.19468846746237811
    outer loop
      vertex -0.89831101844883343 -0.24070171194534432 0
      vertex -0.84303295259435373 -0.34919568249201571 0.088017189443970648
      vertex -0.88139987159382804 -0.2361703838024615 0.088017189443970648
    endloop
  endfacet
  facet normal -0.78786391063709615 -0.26744375987051644 0.55474705372984479
    outer loop
      vertex -0.88139987159382804 -0.2361703838024615 0.088017189443970648
      vertex -0.84303295259435373 -0.34919568249201571 0.088017189443970648
      vertex -0.79697041371868416 -0.33011595417237538 0.16263455967290594
    endloop
  endfacet
  facet normal -0.78786391063709593 -0.26744375987051611 0.55474705372984512
    outer loop
      vertex -0.88139987159382804 -0.2361703838024615 0.088017189443970648
      vertex -0.79697041371868416 -0.33011595417237538 0.16263455967290594
      vertex -0.83324099983755828 -0.223266253006975 0.16263455967290594
    endloop
  endfacet
  facet normal -0.52686580965453422 -0.17884684293673217 0.83091890421907943
    outer loop
      vertex -0.83324099983755828 -0.223266253006975 0.16263455967290594
      vertex -0.79697041371868416 -0.33011595417237538 0.16263455967290594
      vertex -0.72803295259435374 -0.30156112281910979 0.21249229247759596
    endloop
  endfacet
  facet normal -0.52686580965453422 -0.17884684293673203 0.83091890421907955
    outer loop
      vertex -0.83324099983755828 -0.223266253006975 0.16263455967290594
      vertex -0.72803295259435374 -0.30156112281910979 0.21249229247759596
      vertex -0.76116615484365657 -0.20395385649626069 0.21249229247759596
    endloop
  endfacet
  facet normal -0.18511815524689942 -0.062839146191491488 0.98070510873753947
    outer loop
      vertex -0.76116615484365657 -0.20395385649626069 0.21249229247759596
      vertex -0.72803295259435374 -0.30156112281910979 0.21249229247759596
      vertex -0.64671567275790076 -0.26787840265556273 0.23000000000000001
    endloop
  endfacet
  facet normal -0.18511815524689956 -0.062839146191491654 0.98070510873753958
    outer loop
      vertex -0.76116615484365657 -0.20395385649626069 0.21249229247759596
      vertex -0.64671567275790076 -0.26787840265556273 0.23000000000000001
      vertex -0.67614807840234781 -0.18117333157176455 0.23000000000000001
    endloop
  endfacet
  facet normal 0.18511815524689945 0.062839146191491627 0.98070510873753958
    outer loop
      vertex -0.67614807840234781 -0.18117333157176455 0.23000000000000001
      vertex -0.64671567275790076 -0.26787840265556273 0.23000000000000001
      vertex -0.56539839292144778 -0.23419568249201572 0.21249229247759596
    endloop
  endfacet
  facet normal 0.18511815524689934 0.06283914619149146 0.98070510873753958
    outer loop
      vertex -0.67614807840234781 -0.18117333157176455 0.23000000000000001
      vertex -0.56539839292144778 -0.23419568249201572 0.21249229247759596
      vertex -0.59113000196103893 -0.1583928066472684 0.21249229247759596
    endloop
  endfacet
  facet normal 0.52686580965453456 0.17884684293673217 0.83091890421907932
    outer loop
      vertex -0.59113000196103893 -0.1583928066472684 0.21249229247759596
      vertex -0.56539839292144778 -0.23419568249201572 0.21249229247759596
      vertex -0.49646093179711742 -0.20564085113875011 0.16263455967290594
    endloop
  endfacet
  facet normal 0.52686580965453467 0.17884684293673259 0.83091890421907921
    outer loop
      vertex -0.59113000196103893 -0.1583928066472684 0.21249229247759596
      vertex -0.49646093179711742 -0.20564085113875011 0.16263455967290594
      vertex -0.51905515696713733 -0.13908041013655409 0.16263455967290594
    endloop
  endfacet
  facet normal 0.78786391063709582 0.26744375987051644 0.55474705372984534
    outer loop
      vertex -0.51905515696713733 -0.13908041013655409 0.16263455967290594
      vertex -0.49646093179711742 -0.20564085113875011 0.16263455967290594
      vertex -0.45039839292144779 -0.1865611228191098 0.088017189443970675
    endloop
  endfacet
  facet normal 0.78786391063709582 0.26744375987051661 0.55474705372984523
    outer loop
      vertex -0.51905515696713733 -0.13908041013655409 0.16263455967290594
      vertex -0.45039839292144779 -0.1865611228191098 0.088017189443970675
      vertex -0.47089628521086757 -0.12617627934106759 0.088017189443970675
    endloop
  endfacet
  facet normal 0.92881074330694702 0.31528876249360116 0.19468846746237925
    outer loop
      vertex -0.47089628521086757 -0.12617627934106759 0.088017189443970675
      vertex -0.45039839292144779 -0.1865611228191098 0.088017189443970675
      vertex -0.43422338028030477 -0.17986121321159212 2.8166876380389123e-17
    endloop
  endfacet
  facet normal 0.92881074330694724 0.31528876249360105 0.19468846746237933
    outer loop
      vertex -0.47089628521086757 -0.12617627934106759 0.088017189443970675
      vertex -0.43422338028030477 -0.17986121321159212 2.8166876380389123e-17
      vertex -0.45398513835586207 -0.12164495119818476 2.8166876380389123e-17
    endloop
  endfacet
  facet normal 0.92881074330694724 0.31528876249360105 -0.19468846746237861
    outer loop
      vertex -0.45398513835586207 -0.12164495119818476 2.8166876380389123e-17
      vertex -0.43422338028030477 -0.17986121321159212 2.8166876380389123e-17
      vertex -0.45039839292144773 -0.1865611228191098 -0.088017189443970634
    endloop
  endfacet
  facet normal 0.92881074330694735 0.31528876249360116 -0.19468846746237869
    outer loop
      vertex -0.45398513835586207 -0.12164495119818476 2.8166876380389123e-17
      vertex -0.45039839292144773 -0.1865611228191098 -0.088017189443970634
      vertex -0.47089628521086752 -0.12617627934106759 -0.088017189443970634
    endloop
  endfacet
  facet normal 0.7878639106370956 0.26744375987051644 -0.55474705372984556
    outer loop
      vertex -0.47089628521086752 -0.12617627934106759 -0.088017189443970634
      vertex -0.45039839292144773 -0.1865611228191098 -0.088017189443970634
      vertex -0.49646093179711742 -0.20564085113875011 -0.16263455967290591
    endloop
  endfacet
  facet normal 0.78786391063709571 0.26744375987051633 -0.55474705372984556
    outer loop
      vertex -0.47089628521086752 -0.12617627934106759 -0.088017189443970634
      vertex -0.49646093179711742 -0.20564085113875011 -0.16263455967290591
      vertex -0.51905515696713733 -0.13908041013655409 -0.16263455967290591
    endloop
  endfacet
  facet normal 0.52686580965453478 0.17884684293673259 -0.83091890421907921
    outer loop
      vertex -0.51905515696713733 -0.13908041013655409 -0.16263455967290591
      vertex -0.49646093179711742 -0.20564085113875011 -0.16263455967290591
      vertex -0.56539839292144767 -0.23419568249201569 -0.21249229247759591
    endloop
  endfacet
  facet normal 0.52686580965453511 0.17884684293673234 -0.83091890421907899
    outer loop
      vertex -0.51905515696713733 -0.13908041013655409 -0.16263455967290591
      vertex -0.56539839292144767 -0.23419568249201569 -0.21249229247759591
      vertex -0.59113000196103882 -0.15839280664726837 -0.21249229247759591
    endloop
  endfacet
  facet normal 0.18511815524689981 0.062839146191491613 -0.98070510873753947
    outer loop
      vertex -0.59113000196103882 -0.15839280664726837 -0.21249229247759591
      vertex -0.56539839292144767 -0.23419568249201569 -0.21249229247759591
      vertex -0.64671567275790076 -0.26787840265556273 -0.23000000000000001
    endloop
  endfacet
  facet normal 0.18511815524689965 0.062839146191491696 -0.98070510873753935
    outer loop
      vertex -0.59113000196103882 -0.15839280664726837 -0.21249229247759591
      vertex -0.64671567275790076 -0.26787840265556273 -0.23000000000000001
      vertex -0.67614807840234781 -0.18117333157176455 -0.23000000000000001
    endloop
  endfacet
  facet normal -0.18511815524689948 -0.06283914619149164 -0.98070510873753958
    outer loop
      vertex -0.67614807840234781 -0.18117333157176455 -0.23000000000000001
      vertex -0.64671567275790076 -0.26787840265556273 -0.23000000000000001
      vertex -0.72803295259435385 -0.30156112281910979 -0.21249229247759593
    endloop
  endfacet
  facet normal -0.18511815524689962 -0.062839146191491557 -0.98070510873753947
    outer loop
      vertex -0.67614807840234781 -0.18117333157176455 -0.23000000000000001
      vertex -0.72803295259435385 -0.30156112281910979 -0.21249229247759593
      vertex -0.76116615484365668 -0.20395385649626072 -0.21249229247759593
    endloop
  endfacet
  facet normal -0.52686580965453444 -0.17884684293673217 -0.83091890421907943
    outer loop
      vertex -0.76116615484365668 -0.20395385649626072 -0.21249229247759593
      vertex -0.72803295259435385 -0.30156112281910979 -0.21249229247759593
      vertex -0.79697041371868416 -0.33011595417237538 -0.16263455967290597
    endloop
  endfacet
  facet normal -0.52686580965453433 -0.17884684293673217 -0.83091890421907943
    outer loop
      vertex -0.76116615484365668 -0.20395385649626072 -0.21249229247759593
      vertex -0.79697041371868416 -0.33011595417237538 -0.16263455967290597
      vertex -0.83324099983755828 -0.223266253006975 -0.16263455967290597
    endloop
  endfacet
  facet normal -0.78786391063709593 -0.267443759870516 -0.55474705372984545
    outer loop
      vertex -0.83324099983755828 -0.223266253006975 -0.16263455967290597
      vertex -0.79697041371868416 -0.33011595417237538 -0.16263455967290597
      vertex -0.84303295259435373 -0.34919568249201571 -0.0880171894439708
    endloop
  endfacet
  facet normal -0.7878639106370956 -0.26744375987051622 -0.55474705372984578
    outer loop
      vertex -0.83324099983755828 -0.223266253006975 -0.16263455967290597
      vertex -0.84303295259435373 -0.34919568249201571 -0.0880171894439708
      vertex -0.88139987159382804 -0.2361703838024615 -0.0880171894439708
    endloop
  endfacet
  facet normal -0.92881074330694746 -0.31528876249360105 -0.19468846746237828
    outer loop
      vertex -0.88139987159382804 -0.2361703838024615 -0.0880171894439708
      vertex -0.84303295259435373 -0.34919568249201571 -0.0880171894439708
      vertex -0.8592079652354967 -0.35589559209953336 0
    endloop
  endfacet
  facet normal -0.92881074330694757 -0.31528876249360072 -0.19468846746237781
    outer loop
      vertex -0.88139987159382804 -0.2361703838024615 -0.0880171894439708
      vertex -0.8592079652354967 -0.35589559209953336 0
      vertex -0.89831101844883343 -0.24070171194534432 0
    endloop
  endfacet
  facet normal -0.87971119702239997 -0.43382555304011999 0.19468846746237944
    outer loop
      vertex -0.8592079652354967 -0.35589559209953336 0
      vertex -0.80540362551952804 -0.46499999999999969 0
      vertex -0.79024150604309817 -0.45624614623879767 0.088017189443970648
    endloop
  endfacet
  facet normal -0.87971119702239986 -0.4338255530401206 0.1946884674623785
    outer loop
      vertex -0.8592079652354967 -0.35589559209953336 0
      vertex -0.79024150604309817 -0.45624614623879767 0.088017189443970648
      vertex -0.84303295259435373 -0.34919568249201571 0.088017189443970648
    endloop
  endfacet
  facet normal -0.74621521005411151 -0.36799261767317459 0.55474705372984434
    outer loop
      vertex -0.84303295259435373 -0.34919568249201571 0.088017189443970648
      vertex -0.79024150604309817 -0.45624614623879767 0.088017189443970648
      vertex -0.74706344285913995 -0.43131727983645274 0.16263455967290594
    endloop
  endfacet
  facet normal -0.7462152100541114 -0.36799261767317415 0.55474705372984479
    outer loop
      vertex -0.84303295259435373 -0.34919568249201571 0.088017189443970648
      vertex -0.74706344285913995 -0.43131727983645274 0.16263455967290594
      vertex -0.79697041371868416 -0.33011595417237538 0.16263455967290594
    endloop
  endfacet
  facet normal -0.49901420221643084 -0.24608657134769327 0.83091890421907943
    outer loop
      vertex -0.79697041371868416 -0.33011595417237538 0.16263455967290594
      vertex -0.74706344285913995 -0.43131727983645274 0.16263455967290594
      vertex -0.68244290467729329 -0.39400859472198507 0.21249229247759596
    endloop
  endfacet
  facet normal -0.49901420221643072 -0.24608657134769316 0.83091890421907955
    outer loop
      vertex -0.79697041371868416 -0.33011595417237538 0.16263455967290594
      vertex -0.68244290467729329 -0.39400859472198507 0.21249229247759596
      vertex -0.72803295259435374 -0.30156112281910979 0.21249229247759596
    endloop
  endfacet
  facet normal -0.17533228929180306 -0.086464316499850091 0.98070510873753947
    outer loop
      vertex -0.72803295259435374 -0.30156112281910979 0.21249229247759596
      vertex -0.68244290467729329 -0.39400859472198507 0.21249229247759596
      vertex -0.60621778264910708 -0.34999999999999981 0.23000000000000001
    endloop
  endfacet
  facet normal -0.17533228929180308 -0.086464316499850202 0.98070510873753935
    outer loop
      vertex -0.72803295259435374 -0.30156112281910979 0.21249229247759596
      vertex -0.60621778264910708 -0.34999999999999981 0.23000000000000001
      vertex -0.64671567275790076 -0.26787840265556273 0.23000000000000001
    endloop
  endfacet
  facet normal 0.17533228929180317 0.08646431649985023 0.98070510873753935
    outer loop
      vertex -0.64671567275790076 -0.26787840265556273 0.23000000000000001
      vertex -0.60621778264910708 -0.34999999999999981 0.23000000000000001
      vertex -0.52999266062092099 -0.30599140527801449 0.21249229247759596
    endloop
  endfacet
  facet normal 0.17533228929180317 0.086464316499850147 0.98070510873753958
    outer loop
      vertex -0.64671567275790076 -0.26787840265556273 0.23000000000000001
      vertex -0.52999266062092099 -0.30599140527801449 0.21249229247759596
      vertex -0.56539839292144778 -0.23419568249201572 0.21249229247759596
    endloop
  endfacet
  facet normal 0.49901420221643089 0.24608657134769329 0.83091890421907955
    outer loop
      vertex -0.56539839292144778 -0.23419568249201572 0.21249229247759596
      vertex -0.52999266062092099 -0.30599140527801449 0.21249229247759596
      vertex -0.46537212243907433 -0.26868272016354683 0.16263455967290594
    endloop
  endfacet
  facet normal 0.49901420221643089 0.24608657134769338 0.83091890421907932
    outer loop
      vertex -0.56539839292144778 -0.23419568249201572 0.21249229247759596
      vertex -0.46537212243907433 -0.26868272016354683 0.16263455967290594
      vertex -0.49646093179711742 -0.20564085113875011 0.16263455967290594
    endloop
  endfacet
  facet normal 0.74621521005411129 0.36799261767317432 0.55474705372984501
    outer loop
      vertex -0.49646093179711742 -0.20564085113875011 0.16263455967290594
      vertex -0.46537212243907433 -0.26868272016354683 0.16263455967290594
      vertex -0.42219405925511605 -0.24375385376120187 0.088017189443970675
    endloop
  endfacet
  facet normal 0.7462152100541114 0.36799261767317382 0.55474705372984523
    outer loop
      vertex -0.49646093179711742 -0.20564085113875011 0.16263455967290594
      vertex -0.42219405925511605 -0.24375385376120187 0.088017189443970675
      vertex -0.45039839292144779 -0.1865611228191098 0.088017189443970675
    endloop
  endfacet
  facet normal 0.87971119702240019 0.43382555304011999 0.19468846746237894
    outer loop
      vertex -0.45039839292144779 -0.1865611228191098 0.088017189443970675
      vertex -0.42219405925511605 -0.24375385376120187 0.088017189443970675
      vertex -0.40703193977868624 -0.23499999999999985 2.8166876380389123e-17
    endloop
  endfacet
  facet normal 0.87971119702240042 0.43382555304011955 0.19468846746237925
    outer loop
      vertex -0.45039839292144779 -0.1865611228191098 0.088017189443970675
      vertex -0.40703193977868624 -0.23499999999999985 2.8166876380389123e-17
      vertex -0.43422338028030477 -0.17986121321159212 2.8166876380389123e-17
    endloop
  endfacet
  facet normal 0.87971119702240053 0.43382555304011972 -0.19468846746237828
    outer loop
      vertex -0.43422338028030477 -0.17986121321159212 2.8166876380389123e-17
      vertex -0.40703193977868624 -0.23499999999999985 2.8166876380389123e-17
      vertex -0.42219405925511599 -0.24375385376120184 -0.088017189443970634
    endloop
  endfacet
  facet normal 0.87971119702240019 0.43382555304012016 -0.19468846746237864
    outer loop
      vertex -0.43422338028030477 -0.17986121321159212 2.8166876380389123e-17
      vertex -0.42219405925511599 -0.24375385376120184 -0.088017189443970634
      vertex -0.45039839292144773 -0.1865611228191098 -0.088017189443970634
    endloop
  endfacet
  facet normal 0.74621521005411118 0.36799261767317387 -0.55474705372984534
    outer loop
      vertex -0.45039839292144773 -0.1865611228191098 -0.088017189443970634
      vertex -0.42219405925511599 -0.24375385376120184 -0.088017189443970634
      vertex -0.46537212243907433 -0.26868272016354683 -0.16263455967290591
    endloop
  endfacet
  facet normal 0.74621521005411096 0.36799261767317404 -0.55474705372984556
    outer loop
      vertex -0.45039839292144773 -0.1865611228191098 -0.088017189443970634
      vertex -0.46537212243907433 -0.26868272016354683 -0.16263455967290591
      vertex -0.49646093179711742 -0.20564085113875011 -0.16263455967290591
    endloop
  endfacet
  facet normal 0.49901420221643111 0.2460865713476936 -0.83091890421907921
    outer loop
      vertex -0.49646093179711742 -0.20564085113875011 -0.16263455967290591
      vertex -0.46537212243907433 -0.26868272016354683 -0.16263455967290591
      vertex -0.52999266062092087 -0.30599140527801444 -0.21249229247759591
    endloop
  endfacet
  facet normal 0.49901420221643111 0.24608657134769354 -0.8309189042190791
    outer loop
      vertex -0.49646093179711742 -0.20564085113875011 -0.16263455967290591
      vertex -0.52999266062092087 -0.30599140527801444 -0.21249229247759591
      vertex -0.56539839292144767 -0.23419568249201569 -0.21249229247759591
    endloop
  endfacet
  facet normal 0.17533228929180347 0.086464316499850355 -0.98070510873753947
    outer loop
      vertex -0.56539839292144767 -0.23419568249201569 -0.21249229247759591
      vertex -0.52999266062092087 -0.30599140527801444 -0.21249229247759591
      vertex -0.60621778264910708 -0.34999999999999981 -0.23000000000000001
    endloop
  endfacet
  facet normal 0.17533228929180342 0.086464316499850369 -0.98070510873753935
    outer loop
      vertex -0.56539839292144767 -0.23419568249201569 -0.21249229247759591
      vertex -0.60621778264910708 -0.34999999999999981 -0.23000000000000001
      vertex -0.64671567275790076 -0.26787840265556273 -0.23000000000000001
    endloop
  endfacet
  facet normal -0.17533228929180328 -0.086464316499850272 -0.98070510873753958
    outer loop
      vertex -0.64671567275790076 -0.26787840265556273 -0.23000000000000001
      vertex -0.60621778264910708 -0.34999999999999981 -0.23000000000000001
      vertex -0.68244290467729329 -0.39400859472198513 -0.21249229247759593
    endloop
  endfacet
  facet normal -0.17533228929180314 -0.086464316499850286 -0.98070510873753947
    outer loop
      vertex -0.64671567275790076 -0.26787840265556273 -0.23000000000000001
      vertex -0.68244290467729329 -0.39400859472198513 -0.21249229247759593
      vertex -0.72803295259435385 -0.30156112281910979 -0.21249229247759593
    endloop
  endfacet
  facet normal -0.49901420221643045 -0.24608657134769338 -0.83091890421907966
    outer loop
      vertex -0.72803295259435385 -0.30156112281910979 -0.21249229247759593
      vertex -0.68244290467729329 -0.39400859472198513 -0.21249229247759593
      vertex -0.74706344285913995 -0.43131727983645274 -0.16263455967290597
    endloop
  endfacet
  facet normal -0.49901420221643095 -0.24608657134769329 -0.83091890421907943
    outer loop
      vertex -0.72803295259435385 -0.30156112281910979 -0.21249229247759593
      vertex -0.74706344285913995 -0.43131727983645274 -0.16263455967290597
      vertex -0.79697041371868416 -0.33011595417237538 -0.16263455967290597
    endloop
  endfacet
  facet normal -0.7462152100541114 -0.36799261767317404 -0.55474705372984501
    outer loop
      vertex -0.79697041371868416 -0.33011595417237538 -0.16263455967290597
      vertex -0.74706344285913995 -0.43131727983645274 -0.16263455967290597
      vertex -0.79024150604309817 -0.45624614623879767 -0.0880171894439708
    endloop
  endfacet
  facet normal -0.74621521005411096 -0.36799261767317432 -0.55474705372984556
    outer loop
      vertex -0.79697041371868416 -0.33011595417237538 -0.16263455967290597
      vertex -0.79024150604309817 -0.45624614623879767 -0.0880171894439708
      vertex -0.84303295259435373 -0.34919568249201571 -0.0880171894439708
    endloop
  endfacet
  facet normal -0.87971119702239986 -0.43382555304012066 -0.19468846746237922
    outer loop
      vertex -0.84303295259435373 -0.34919568249201571 -0.0880171894439708
      vertex -0.79024150604309817 -0.45624614623879767 -0.0880171894439708
      vertex -0.80540362551952804 -0.46499999999999969 0
    endloop
  endfacet
  facet normal -0.8797111970224003 -0.43382555304012016 -0.19468846746237825
    outer loop
      vertex -0.84303295259435373 -0.34919568249201571 -0.0880171894439708
      vertex -0.80540362551952804 -0.46499999999999969 0
      vertex -0.8592079652354967 -0.35589559209953336 0
    endloop
  endfacet
  facet normal -0.8155595482547775 -0.54493946809495597 0.19468846746237939
    outer loop
      vertex -0.80540362551952804 -0.46499999999999969 0
      vertex -0.73781860647084863 -0.56614812897811018 0
      vertex -0.72392880822710737 -0.55549011192810471 0.088017189443970648
    endloop
  endfacet
  facet normal -0.81555954825477739 -0.54493946809495586 0.19468846746237942
    outer loop
      vertex -0.80540362551952804 -0.46499999999999969 0
      vertex -0.72392880822710737 -0.55549011192810471 0.088017189443970648
      vertex -0.79024150604309817 -0.45624614623879767 0.088017189443970648
    endloop
  endfacet
  facet normal -0.69179856033715914 -0.46224501976061483 0.55474705372984445
    outer loop
      vertex -0.79024150604309817 -0.45624614623879767 0.088017189443970648
      vertex -0.72392880822710737 -0.55549011192810471 0.088017189443970648
      vertex -0.68437400936715875 -0.52513864725878667 0.16263455967290594
    endloop
  endfacet
  facet normal -0.69179856033715903 -0.46224501976061488 0.55474705372984434
    outer loop
      vertex -0.79024150604309817 -0.45624614623879767 0.088017189443970648
      vertex -0.68437400936715875 -0.52513864725878667 0.16263455967290594
      vertex -0.74706344285913995 -0.43131727983645274 0.16263455967290594
    endloop
  endfacet
  facet normal -0.46262432342552945 -0.30911569029480751 0.83091890421907955
    outer loop
      vertex -0.74706344285913995 -0.43131727983645274 0.16263455967290594
      vertex -0.68437400936715875 -0.52513864725878667 0.16263455967290594
      vertex -0.6251760694522851 -0.47971447032934728 0.21249229247759596
    endloop
  endfacet
  facet normal -0.46262432342552939 -0.30911569029480768 0.83091890421907943
    outer loop
      vertex -0.74706344285913995 -0.43131727983645274 0.16263455967290594
      vertex -0.6251760694522851 -0.47971447032934728 0.21249229247759596
      vertex -0.68244290467729329 -0.39400859472198507 0.21249229247759596
    endloop
  endfacet
  facet normal -0.16254643925562992 -0.10861005838045897 0.98070510873753947
    outer loop
      vertex -0.68244290467729329 -0.39400859472198507 0.21249229247759596
      vertex -0.6251760694522851 -0.47971447032934728 0.21249229247759596
      vertex -0.55534733820386462 -0.42613300030610446 0.23000000000000001
    endloop
  endfacet
  facet normal -0.16254643925562984 -0.10861005838045856 0.98070510873753947
    outer loop
      vertex -0.68244290467729329 -0.39400859472198507 0.21249229247759596
      vertex -0.55534733820386462 -0.42613300030610446 0.23000000000000001
      vertex -0.60621778264910708 -0.34999999999999981 0.23000000000000001
    endloop
  endfacet
  facet normal 0.16254643925562981 0.10861005838045858 0.98070510873753947
    outer loop
      vertex -0.60621778264910708 -0.34999999999999981 0.23000000000000001
      vertex -0.55534733820386462 -0.42613300030610446 0.23000000000000001
      vertex -0.48551860695544402 -0.37255153028286159 0.21249229247759596
    endloop
  endfacet
  facet normal 0.16254643925562987 0.1086100583804587 0.98070510873753947
    outer loop
      vertex -0.60621778264910708 -0.34999999999999981 0.23000000000000001
      vertex -0.48551860695544402 -0.37255153028286159 0.21249229247759596
      vertex -0.52999266062092099 -0.30599140527801449 0.21249229247759596
    endloop
  endfacet
  facet normal 0.4626243234255295 0.30911569029480734 0.83091890421907943
    outer loop
      vertex -0.52999266062092099 -0.30599140527801449 0.21249229247759596
      vertex -0.48551860695544402 -0.37255153028286159 0.21249229247759596
      vertex -0.42632066704057042 -0.32712735335342213 0.16263455967290594
    endloop
  endfacet
  facet normal 0.46262432342552956 0.30911569029480729 0.83091890421907943
    outer loop
      vertex -0.52999266062092099 -0.30599140527801449 0.21249229247759596
      vertex -0.42632066704057042 -0.32712735335342213 0.16263455967290594
      vertex -0.46537212243907433 -0.26868272016354683 0.16263455967290594
    endloop
  endfacet
  facet normal 0.69179856033715881 0.46224501976061444 0.55474705372984501
    outer loop
      vertex -0.46537212243907433 -0.26868272016354683 0.16263455967290594
      vertex -0.42632066704057042 -0.32712735335342213 0.16263455967290594
      vertex -0.38676586818062175 -0.29677588868410409 0.088017189443970675
    endloop
  endfacet
  facet normal 0.69179856033715881 0.4622450197606145 0.5547470537298449
    outer loop
      vertex -0.46537212243907433 -0.26868272016354683 0.16263455967290594
      vertex -0.38676586818062175 -0.29677588868410409 0.088017189443970675
      vertex -0.42219405925511605 -0.24375385376120187 0.088017189443970675
    endloop
  endfacet
  facet normal 0.8155595482547775 0.54493946809495586 0.19468846746237917
    outer loop
      vertex -0.42219405925511605 -0.24375385376120187 0.088017189443970675
      vertex -0.38676586818062175 -0.29677588868410409 0.088017189443970675
      vertex -0.37287606993688049 -0.28611787163409869 2.8166876380389123e-17
    endloop
  endfacet
  facet normal 0.81555954825477739 0.54493946809495608 0.19468846746237894
    outer loop
      vertex -0.42219405925511605 -0.24375385376120187 0.088017189443970675
      vertex -0.37287606993688049 -0.28611787163409869 2.8166876380389123e-17
      vertex -0.40703193977868624 -0.23499999999999985 2.8166876380389123e-17
    endloop
  endfacet
  facet normal 0.81555954825477739 0.54493946809495608 -0.19468846746237864
    outer loop
      vertex -0.40703193977868624 -0.23499999999999985 2.8166876380389123e-17
      vertex -0.37287606993688049 -0.28611787163409869 2.8166876380389123e-17
      vertex -0.3867658681806217 -0.29677588868410409 -0.088017189443970634
    endloop
  endfacet
  facet normal 0.81555954825477772 0.54493946809495564 -0.1946884674623782
    outer loop
      vertex -0.40703193977868624 -0.23499999999999985 2.8166876380389123e-17
      vertex -0.3867658681806217 -0.29677588868410409 -0.088017189443970634
      vertex -0.42219405925511599 -0.24375385376120184 -0.088017189443970634
    endloop
  endfacet
  facet normal 0.6917985603371587 0.46224501976061427 -0.55474705372984523
    outer loop
      vertex -0.42219405925511599 -0.24375385376120184 -0.088017189443970634
      vertex -0.3867658681806217 -0.29677588868410409 -0.088017189443970634
      vertex -0.42632066704057042 -0.32712735335342213 -0.16263455967290591
    endloop
  endfacet
  facet normal 0.69179856033715859 0.46224501976061433 -0.55474705372984534
    outer loop
      vertex -0.42219405925511599 -0.24375385376120184 -0.088017189443970634
      vertex -0.42632066704057042 -0.32712735335342213 -0.16263455967290591
      vertex -0.46537212243907433 -0.26868272016354683 -0.16263455967290591
    endloop
  endfacet
  facet normal 0.46262432342552967 0.30911569029480745 -0.83091890421907932
    outer loop
      vertex -0.46537212243907433 -0.26868272016354683 -0.16263455967290591
      vertex -0.42632066704057042 -0.32712735335342213 -0.16263455967290591
      vertex -0.48551860695544397 -0.37255153028286153 -0.21249229247759591
    endloop
  endfacet
  facet normal 0.46262432342553006 0.30911569029480729 -0.8309189042190791
    outer loop
      vertex -0.46537212243907433 -0.26868272016354683 -0.16263455967290591
      vertex -0.48551860695544397 -0.37255153028286153 -0.21249229247759591
      vertex -0.52999266062092087 -0.30599140527801444 -0.21249229247759591
    endloop
  endfacet
  facet normal 0.1625464392556302 0.10861005838045883 -0.98070510873753935
    outer loop
      vertex -0.52999266062092087 -0.30599140527801444 -0.21249229247759591
      vertex -0.48551860695544397 -0.37255153028286153 -0.21249229247759591
      vertex -0.55534733820386462 -0.42613300030610446 -0.23000000000000001
    endloop
  endfacet
  facet normal 0.1625464392556302 0.10861005838045881 -0.98070510873753947
    outer loop
      vertex -0.52999266062092087 -0.30599140527801444 -0.21249229247759591
      vertex -0.55534733820386462 -0.42613300030610446 -0.23000000000000001
      vertex -0.60621778264910708 -0.34999999999999981 -0.23000000000000001
    endloop
  endfacet
  facet normal -0.16254643925563009 -0.10861005838045877 -0.98070510873753935
    outer loop
      vertex -0.60621778264910708 -0.34999999999999981 -0.23000000000000001
      vertex -0.55534733820386462 -0.42613300030610446 -0.23000000000000001
      vertex -0.62517606945228521 -0.47971447032934733 -0.21249229247759593
    endloop
  endfacet
  facet normal -0.16254643925562998 -0.10861005838045878 -0.98070510873753958
    outer loop
      vertex -0.60621778264910708 -0.34999999999999981 -0.23000000000000001
      vertex -0.62517606945228521 -0.47971447032934733 -0.21249229247759593
      vertex -0.68244290467729329 -0.39400859472198513 -0.21249229247759593
    endloop
  endfacet
  facet normal -0.46262432342552978 -0.30911569029480734 -0.83091890421907943
    outer loop
      vertex -0.68244290467729329 -0.39400859472198513 -0.21249229247759593
      vertex -0.62517606945228521 -0.47971447032934733 -0.21249229247759593
      vertex -0.68437400936715875 -0.52513864725878667 -0.16263455967290597
    endloop
  endfacet
  facet normal -0.46262432342552923 -0.30911569029480745 -0.83091890421907955
    outer loop
      vertex -0.68244290467729329 -0.39400859472198513 -0.21249229247759593
      vertex -0.68437400936715875 -0.52513864725878667 -0.16263455967290597
      vertex -0.74706344285913995 -0.43131727983645274 -0.16263455967290597
    endloop
  endfacet
  facet normal -0.69179856033715859 -0.46224501976061472 -0.55474705372984512
    outer loop
      vertex -0.74706344285913995 -0.43131727983645274 -0.16263455967290597
      vertex -0.68437400936715875 -0.52513864725878667 -0.16263455967290597
      vertex -0.72392880822710737 -0.55549011192810471 -0.0880171894439708
    endloop
  endfacet
  facet normal -0.6917985603371587 -0.46224501976061455 -0.55474705372984501
    outer loop
      vertex -0.74706344285913995 -0.43131727983645274 -0.16263455967290597
      vertex -0.72392880822710737 -0.55549011192810471 -0.0880171894439708
      vertex -0.79024150604309817 -0.45624614623879767 -0.0880171894439708
    endloop
  endfacet
  facet normal -0.81555954825477739 -0.54493946809495586 -0.19468846746237917
    outer loop
      vertex -0.79024150604309817 -0.45624614623879767 -0.0880171894439708
      vertex -0.72392880822710737 -0.55549011192810471 -0.0880171894439708
      vertex -0.73781860647084863 -0.56614812897811018 0
    endloop
  endfacet
  facet normal -0.8155595482547775 -0.54493946809495575 -0.19468846746237911
    outer loop
      vertex -0.79024150604309817 -0.45624614623879767 -0.0880171894439708
      vertex -0.73781860647084863 -0.56614812897811018 0
      vertex -0.80540362551952804 -0.46499999999999969 0
    endloop
  endfacet
  facet normal -0.73745344950069058 -0.64672931776492304 0.19468846746237894
    outer loop
      vertex -0.73781860647084863 -0.56614812897811018 0
      vertex -0.65760930650348948 -0.65760930650348881 0
      vertex -0.64522948779136691 -0.64522948779136613 0.088017189443970648
    endloop
  endfacet
  facet normal -0.73745344950069069 -0.64672931776492248 0.1946884674623795
    outer loop
      vertex -0.73781860647084863 -0.56614812897811018 0
      vertex -0.64522948779136691 -0.64522948779136613 0.088017189443970648
      vertex -0.72392880822710737 -0.55549011192810471 0.088017189443970648
    endloop
  endfacet
  facet normal -0.62554504545004097 -0.54858828140141946 0.55474705372984467
    outer loop
      vertex -0.72392880822710737 -0.55549011192810471 0.088017189443970648
      vertex -0.64522948779136691 -0.64522948779136613 0.088017189443970648
      vertex -0.60997474683058361 -0.60997474683058295 0.16263455967290594
    endloop
  endfacet
  facet normal -0.62554504545004097 -0.54858828140141958 0.55474705372984456
    outer loop
      vertex -0.72392880822710737 -0.55549011192810471 0.088017189443970648
      vertex -0.60997474683058361 -0.60997474683058295 0.16263455967290594
      vertex -0.68437400936715875 -0.52513864725878667 0.16263455967290594
    endloop
  endfacet
  facet normal -0.41831881419712297 -0.36685575407791671 0.83091890421907955
    outer loop
      vertex -0.68437400936715875 -0.52513864725878667 0.16263455967290594
      vertex -0.60997474683058361 -0.60997474683058295 0.16263455967290594
      vertex -0.55721229834739616 -0.55721229834739561 0.21249229247759596
    endloop
  endfacet
  facet normal -0.41831881419712302 -0.36685575407791682 0.83091890421907955
    outer loop
      vertex -0.68437400936715875 -0.52513864725878667 0.16263455967290594
      vertex -0.55721229834739616 -0.55721229834739561 0.21249229247759596
      vertex -0.6251760694522851 -0.47971447032934728 0.21249229247759596
    endloop
  endfacet
  facet normal -0.14697937457740565 -0.12889745204978062 0.98070510873753935
    outer loop
      vertex -0.6251760694522851 -0.47971447032934728 0.21249229247759596
      vertex -0.55721229834739616 -0.55721229834739561 0.21249229247759596
      vertex -0.49497474683058351 -0.49497474683058296 0.23000000000000001
    endloop
  endfacet
  facet normal -0.14697937457740573 -0.12889745204978084 0.98070510873753947
    outer loop
      vertex -0.6251760694522851 -0.47971447032934728 0.21249229247759596
      vertex -0.49497474683058351 -0.49497474683058296 0.23000000000000001
      vertex -0.55534733820386462 -0.42613300030610446 0.23000000000000001
    endloop
  endfacet
  facet normal 0.14697937457740556 0.12889745204978073 0.98070510873753947
    outer loop
      vertex -0.55534733820386462 -0.42613300030610446 0.23000000000000001
      vertex -0.49497474683058351 -0.49497474683058296 0.23000000000000001
      vertex -0.43273719531377081 -0.43273719531377036 0.21249229247759596
    endloop
  endfacet
  facet normal 0.14697937457740554 0.12889745204978062 0.98070510873753947
    outer loop
      vertex -0.55534733820386462 -0.42613300030610446 0.23000000000000001
      vertex -0.43273719531377081 -0.43273719531377036 0.21249229247759596
      vertex -0.48551860695544402 -0.37255153028286159 0.21249229247759596
    endloop
  endfacet
  facet normal 0.41831881419712297 0.36685575407791704 0.83091890421907943
    outer loop
      vertex -0.48551860695544402 -0.37255153028286159 0.21249229247759596
      vertex -0.43273719531377081 -0.43273719531377036 0.21249229247759596
      vertex -0.37997474683058341 -0.37997474683058302 0.16263455967290594
    endloop
  endfacet
  facet normal 0.41831881419712308 0.36685575407791693 0.83091890421907955
    outer loop
      vertex -0.48551860695544402 -0.37255153028286159 0.21249229247759596
      vertex -0.37997474683058341 -0.37997474683058302 0.16263455967290594
      vertex -0.42632066704057042 -0.32712735335342213 0.16263455967290594
    endloop
  endfacet
  facet normal 0.62554504545004042 0.54858828140141946 0.55474705372984556
    outer loop
      vertex -0.42632066704057042 -0.32712735335342213 0.16263455967290594
      vertex -0.37997474683058341 -0.37997474683058302 0.16263455967290594
      vertex -0.34472000586980012 -0.34472000586979973 0.088017189443970675
    endloop
  endfacet
  facet normal 0.62554504545004019 0.54858828140142002 0.55474705372984501
    outer loop
      vertex -0.42632066704057042 -0.32712735335342213 0.16263455967290594
      vertex -0.34472000586980012 -0.34472000586979973 0.088017189443970675
      vertex -0.38676586818062175 -0.29677588868410409 0.088017189443970675
    endloop
  endfacet
  facet normal 0.73745344950069025 0.64672931776492337 0.1946884674623785
    outer loop
      vertex -0.38676586818062175 -0.29677588868410409 0.088017189443970675
      vertex -0.34472000586980012 -0.34472000586979973 0.088017189443970675
      vertex -0.33234018715767749 -0.33234018715767716 2.8166876380389123e-17
    endloop
  endfacet
  facet normal 0.73745344950069069 0.64672931776492271 0.19468846746237914
    outer loop
      vertex -0.38676586818062175 -0.29677588868410409 0.088017189443970675
      vertex -0.33234018715767749 -0.33234018715767716 2.8166876380389123e-17
      vertex -0.37287606993688049 -0.28611787163409869 2.8166876380389123e-17
    endloop
  endfacet
  facet normal 0.73745344950069081 0.64672931776492282 -0.1946884674623785
    outer loop
      vertex -0.37287606993688049 -0.28611787163409869 2.8166876380389123e-17
      vertex -0.33234018715767749 -0.33234018715767716 2.8166876380389123e-17
      vertex -0.34472000586980012 -0.34472000586979973 -0.088017189443970634
    endloop
  endfacet
  facet normal 0.73745344950069058 0.64672931776492293 -0.19468846746237867
    outer loop
      vertex -0.37287606993688049 -0.28611787163409869 2.8166876380389123e-17
      vertex -0.34472000586980012 -0.34472000586979973 -0.088017189443970634
      vertex -0.3867658681806217 -0.29677588868410409 -0.088017189443970634
    endloop
  endfacet
  facet normal 0.62554504545004042 0.54858828140141946 -0.55474705372984534
    outer loop
      vertex -0.3867658681806217 -0.29677588868410409 -0.088017189443970634
      vertex -0.34472000586980012 -0.34472000586979973 -0.088017189443970634
      vertex -0.37997474683058341 -0.37997474683058302 -0.16263455967290591
    endloop
  endfacet
  facet normal 0.62554504545004053 0.54858828140141935 -0.55474705372984534
    outer loop
      vertex -0.3867658681806217 -0.29677588868410409 -0.088017189443970634
      vertex -0.37997474683058341 -0.37997474683058302 -0.16263455967290591
      vertex -0.42632066704057042 -0.32712735335342213 -0.16263455967290591
    endloop
  endfacet
  facet normal 0.41831881419712341 0.36685575407791726 -0.8309189042190791
    outer loop
      vertex -0.42632066704057042 -0.32712735335342213 -0.16263455967290591
      vertex -0.37997474683058341 -0.37997474683058302 -0.16263455967290591
      vertex -0.43273719531377075 -0.43273719531377025 -0.21249229247759591
    endloop
  endfacet
  facet normal 0.41831881419712297 0.36685575407791737 -0.83091890421907943
    outer loop
      vertex -0.42632066704057042 -0.32712735335342213 -0.16263455967290591
      vertex -0.43273719531377075 -0.43273719531377025 -0.21249229247759591
      vertex -0.48551860695544397 -0.37255153028286153 -0.21249229247759591
    endloop
  endfacet
  facet normal 0.14697937457740581 0.12889745204978098 -0.98070510873753935
    outer loop
      vertex -0.48551860695544397 -0.37255153028286153 -0.21249229247759591
      vertex -0.43273719531377075 -0.43273719531377025 -0.21249229247759591
      vertex -0.49497474683058351 -0.49497474683058296 -0.23000000000000001
    endloop
  endfacet
  facet normal 0.14697937457740584 0.12889745204978098 -0.98070510873753947
    outer loop
      vertex -0.48551860695544397 -0.37255153028286153 -0.21249229247759591
      vertex -0.49497474683058351 -0.49497474683058296 -0.23000000000000001
      vertex -0.55534733820386462 -0.42613300030610446 -0.23000000000000001
    endloop
  endfacet
  facet normal -0.14697937457740567 -0.12889745204978084 -0.98070510873753947
    outer loop
      vertex -0.55534733820386462 -0.42613300030610446 -0.23000000000000001
      vertex -0.49497474683058351 -0.49497474683058296 -0.23000000000000001
      vertex -0.55721229834739627 -0.55721229834739561 -0.21249229247759593
    endloop
  endfacet
  facet normal -0.14697937457740573 -0.12889745204978079 -0.98070510873753935
    outer loop
      vertex -0.55534733820386462 -0.42613300030610446 -0.23000000000000001
      vertex -0.55721229834739627 -0.55721229834739561 -0.21249229247759593
      vertex -0.62517606945228521 -0.47971447032934733 -0.21249229247759593
    endloop
  endfacet
  facet normal -0.41831881419712286 -0.36685575407791698 -0.83091890421907966
    outer loop
      vertex -0.62517606945228521 -0.47971447032934733 -0.21249229247759593
      vertex -0.55721229834739627 -0.55721229834739561 -0.21249229247759593
      vertex -0.60997474683058361 -0.60997474683058295 -0.16263455967290597
    endloop
  endfacet
  facet normal -0.41831881419712319 -0.36685575407791687 -0.83091890421907932
    outer loop
      vertex -0.62517606945228521 -0.47971447032934733 -0.21249229247759593
      vertex -0.60997474683058361 -0.60997474683058295 -0.16263455967290597
      vertex -0.68437400936715875 -0.52513864725878667 -0.16263455967290597
    endloop
  endfacet
  facet normal -0.62554504545004064 -0.54858828140141935 -0.55474705372984534
    outer loop
      vertex -0.68437400936715875 -0.52513864725878667 -0.16263455967290597
      vertex -0.60997474683058361 -0.60997474683058295 -0.16263455967290597
      vertex -0.64522948779136691 -0.64522948779136613 -0.0880171894439708
    endloop
  endfacet
  facet normal -0.62554504545004053 -0.54858828140141913 -0.55474705372984523
    outer loop
      vertex -0.68437400936715875 -0.52513864725878667 -0.16263455967290597
      vertex -0.64522948779136691 -0.64522948779136613 -0.0880171894439708
      vertex -0.72392880822710737 -0.55549011192810471 -0.0880171894439708
    endloop
  endfacet
  facet normal -0.73745344950069092 -0.6467293177649226 -0.19468846746237856
    outer loop
      vertex -0.72392880822710737 -0.55549011192810471 -0.0880171894439708
      vertex -0.64522948779136691 -0.64522948779136613 -0.0880171894439708
      vertex -0.65760930650348948 -0.65760930650348881 0
    endloop
  endfacet
  facet normal -0.73745344950069047 -0.64672931776492293 -0.19468846746237919
    outer loop
      vertex -0.72392880822710737 -0.55549011192810471 -0.0880171894439708
      vertex -0.65760930650348948 -0.65760930650348881 0
      vertex -0.73781860647084863 -0.56614812897811018 0
    endloop
  endfacet
  facet normal -0.64672931776492326 -0.73745344950069036 0.1946884674623785
    outer loop
      vertex -0.65760930650348948 -0.65760930650348881 0
      vertex -0.5661481289781104 -0.7378186064708484 0
      vertex -0.55549011192810493 -0.72392880822710726 0.088017189443970648
    endloop
  endfacet
  facet normal -0.64672931776492348 -0.73745344950069014 0.19468846746237894
    outer loop
      vertex -0.65760930650348948 -0.65760930650348881 0
      vertex -0.55549011192810493 -0.72392880822710726 0.088017189443970648
      vertex -0.64522948779136691 -0.64522948779136613 0.088017189443970648
    endloop
  endfacet
  facet normal -0.54858828140142002 -0.62554504545004008 0.55474705372984523
    outer loop
      vertex -0.64522948779136691 -0.64522948779136613 0.088017189443970648
      vertex -0.55549011192810493 -0.72392880822710726 0.088017189443970648
      vertex -0.52513864725878689 -0.68437400936715853 0.16263455967290594
    endloop
  endfacet
  facet normal -0.54858828140141969 -0.62554504545004075 0.55474705372984456
    outer loop
      vertex -0.64522948779136691 -0.64522948779136613 0.088017189443970648
      vertex -0.52513864725878689 -0.68437400936715853 0.16263455967290594
      vertex -0.60997474683058361 -0.60997474683058295 0.16263455967290594
    endloop
  endfacet
  facet normal -0.36685575407791715 -0.41831881419712319 0.83091890421907932
    outer loop
      vertex -0.60997474683058361 -0.60997474683058295 0.16263455967290594
      vertex -0.52513864725878689 -0.68437400936715853 0.16263455967290594
      vertex -0.47971447032934744 -0.62517606945228499 0.21249229247759596
    endloop
  endfacet
  facet normal -0.3668557540779171 -0.41831881419712263 0.83091890421907955
    outer loop
      vertex -0.60997474683058361 -0.60997474683058295 0.16263455967290594
      vertex -0.47971447032934744 -0.62517606945228499 0.21249229247759596
      vertex -0.55721229834739616 -0.55721229834739561 0.21249229247759596
    endloop
  endfacet
  facet normal -0.1288974520497807 -0.14697937457740551 0.98070510873753947
    outer loop
      vertex -0.55721229834739616 -0.55721229834739561 0.21249229247759596
      vertex -0.47971447032934744 -0.62517606945228499 0.21249229247759596
      vertex -0.42613300030610457 -0.55534733820386439 0.23000000000000001
    endloop
  endfacet
  facet normal -0.12889745204978068 -0.14697937457740565 0.98070510873753935
    outer loop
      vertex -0.55721229834739616 -0.55721229834739561 0.21249229247759596
      vertex -0.42613300030610457 -0.55534733820386439 0.23000000000000001
      vertex -0.49497474683058351 -0.49497474683058296 0.23000000000000001
    endloop
  endfacet
  facet normal 0.1288974520497807 0.14697937457740567 0.98070510873753935
    outer loop
      vertex -0.49497474683058351 -0.49497474683058296 0.23000000000000001
      vertex -0.42613300030610457 -0.55534733820386439 0.23000000000000001
      vertex -0.3725515302828617 -0.48551860695544391 0.21249229247759596
    endloop
  endfacet
  facet normal 0.12889745204978073 0.14697937457740562 0.98070510873753947
    outer loop
      vertex -0.49497474683058351 -0.49497474683058296 0.23000000000000001
      vertex -0.3725515302828617 -0.48551860695544391 0.21249229247759596
      vertex -0.43273719531377081 -0.43273719531377036 0.21249229247759596
    endloop
  endfacet
  facet normal 0.36685575407791721 0.41831881419712286 0.83091890421907955
    outer loop
      vertex -0.43273719531377081 -0.43273719531377036 0.21249229247759596
      vertex -0.3725515302828617 -0.48551860695544391 0.21249229247759596
      vertex -0.32712735335342225 -0.42632066704057031 0.16263455967290594
    endloop
  endfacet
  facet normal 0.3668557540779171 0.41831881419712297 0.83091890421907943
    outer loop
      vertex -0.43273719531377081 -0.43273719531377036 0.21249229247759596
      vertex -0.32712735335342225 -0.42632066704057031 0.16263455967290594
      vertex -0.37997474683058341 -0.37997474683058302 0.16263455967290594
    endloop
  endfacet
  facet normal 0.5485882814014198 0.6255450454500403 0.55474705372984512
    outer loop
      vertex -0.37997474683058341 -0.37997474683058302 0.16263455967290594
      vertex -0.32712735335342225 -0.42632066704057031 0.16263455967290594
      vertex -0.29677588868410421 -0.38676586818062164 0.088017189443970675
    endloop
  endfacet
  facet normal 0.54858828140142013 0.62554504545003975 0.55474705372984545
    outer loop
      vertex -0.37997474683058341 -0.37997474683058302 0.16263455967290594
      vertex -0.29677588868410421 -0.38676586818062164 0.088017189443970675
      vertex -0.34472000586980012 -0.34472000586979973 0.088017189443970675
    endloop
  endfacet
  facet normal 0.64672931776492371 0.73745344950068992 0.19468846746237914
    outer loop
      vertex -0.34472000586980012 -0.34472000586979973 0.088017189443970675
      vertex -0.29677588868410421 -0.38676586818062164 0.088017189443970675
      vertex -0.2861178716340988 -0.37287606993688038 2.8166876380389123e-17
    endloop
  endfacet
  facet normal 0.64672931776492304 0.73745344950069058 0.19468846746237847
    outer loop
      vertex -0.34472000586980012 -0.34472000586979973 0.088017189443970675
      vertex -0.2861178716340988 -0.37287606993688038 2.8166876380389123e-17
      vertex -0.33234018715767749 -0.33234018715767716 2.8166876380389123e-17
    endloop
  endfacet
  facet normal 0.64672931776492304 0.73745344950069058 -0.19468846746237864
    outer loop
      vertex -0.33234018715767749 -0.33234018715767716 2.8166876380389123e-17
      vertex -0.2861178716340988 -0.37287606993688038 2.8166876380389123e-17
      vertex -0.29677588868410421 -0.38676586818062159 -0.088017189443970634
    endloop
  endfacet
  facet normal 0.64672931776492326 0.73745344950069047 -0.19468846746237842
    outer loop
      vertex -0.33234018715767749 -0.33234018715767716 2.8166876380389123e-17
      vertex -0.29677588868410421 -0.38676586818062159 -0.088017189443970634
      vertex -0.34472000586980012 -0.34472000586979973 -0.088017189443970634
    endloop
  endfacet
  facet normal 0.54858828140141969 0.62554504545004008 -0.55474705372984523
    outer loop
      vertex -0.34472000586980012 -0.34472000586979973 -0.088017189443970634
      vertex -0.29677588868410421 -0.38676586818062159 -0.088017189443970634
      vertex -0.32712735335342225 -0.42632066704057031 -0.16263455967290591
    endloop
  endfacet
  facet normal 0.54858828140141958 0.62554504545004019 -0.55474705372984534
    outer loop
      vertex -0.34472000586980012 -0.34472000586979973 -0.088017189443970634
      vertex -0.32712735335342225 -0.42632066704057031 -0.16263455967290591
      vertex -0.37997474683058341 -0.37997474683058302 -0.16263455967290591
    endloop
  endfacet
  facet normal 0.36685575407791737 0.41831881419712325 -0.83091890421907921
    outer loop
      vertex -0.37997474683058341 -0.37997474683058302 -0.16263455967290591
      vertex -0.32712735335342225 -0.42632066704057031 -0.16263455967290591
      vertex -0.37255153028286164 -0.4855186069554438 -0.21249229247759591
    endloop
  endfacet
  facet normal 0.36685575407791754 0.41831881419712313 -0.83091890421907921
    outer loop
      vertex -0.37997474683058341 -0.37997474683058302 -0.16263455967290591
      vertex -0.37255153028286164 -0.4855186069554438 -0.21249229247759591
      vertex -0.43273719531377075 -0.43273719531377025 -0.21249229247759591
    endloop
  endfacet
  facet normal 0.12889745204978101 0.1469793745774059 -0.98070510873753935
    outer loop
      vertex -0.43273719531377075 -0.43273719531377025 -0.21249229247759591
      vertex -0.37255153028286164 -0.4855186069554438 -0.21249229247759591
      vertex -0.42613300030610457 -0.55534733820386439 -0.23000000000000001
    endloop
  endfacet
  facet normal 0.12889745204978093 0.1469793745774059 -0.98070510873753947
    outer loop
      vertex -0.43273719531377075 -0.43273719531377025 -0.21249229247759591
      vertex -0.42613300030610457 -0.55534733820386439 -0.23000000000000001
      vertex -0.49497474683058351 -0.49497474683058296 -0.23000000000000001
    endloop
  endfacet
  facet normal -0.12889745204978079 -0.14697937457740573 -0.98070510873753935
    outer loop
      vertex -0.49497474683058351 -0.49497474683058296 -0.23000000000000001
      vertex -0.42613300030610457 -0.55534733820386439 -0.23000000000000001
      vertex -0.4797144703293475 -0.62517606945228499 -0.21249229247759593
    endloop
  endfacet
  facet normal -0.12889745204978079 -0.14697937457740573 -0.98070510873753958
    outer loop
      vertex -0.49497474683058351 -0.49497474683058296 -0.23000000000000001
      vertex -0.4797144703293475 -0.62517606945228499 -0.21249229247759593
      vertex -0.55721229834739627 -0.55721229834739561 -0.21249229247759593
    endloop
  endfacet
  facet normal -0.3668557540779171 -0.41831881419712297 -0.83091890421907955
    outer loop
      vertex -0.55721229834739627 -0.55721229834739561 -0.21249229247759593
      vertex -0.4797144703293475 -0.62517606945228499 -0.21249229247759593
      vertex -0.52513864725878689 -0.68437400936715853 -0.16263455967290597
    endloop
  endfacet
  facet normal -0.36685575407791682 -0.41831881419712291 -0.83091890421907955
    outer loop
      vertex -0.55721229834739627 -0.55721229834739561 -0.21249229247759593
      vertex -0.52513864725878689 -0.68437400936715853 -0.16263455967290597
      vertex -0.60997474683058361 -0.60997474683058295 -0.16263455967290597
    endloop
  endfacet
  facet normal -0.54858828140141924 -0.62554504545004008 -0.55474705372984578
    outer loop
      vertex -0.60997474683058361 -0.60997474683058295 -0.16263455967290597
      vertex -0.52513864725878689 -0.68437400936715853 -0.16263455967290597
      vertex -0.55549011192810493 -0.72392880822710726 -0.0880171894439708
    endloop
  endfacet
  facet normal -0.54858828140141991 -0.62554504545004008 -0.55474705372984523
    outer loop
      vertex -0.60997474683058361 -0.60997474683058295 -0.16263455967290597
      vertex -0.55549011192810493 -0.72392880822710726 -0.0880171894439708
      vertex -0.64522948779136691 -0.64522948779136613 -0.0880171894439708
    endloop
  endfacet
  facet normal -0.64672931776492348 -0.73745344950069025 -0.19468846746237831
    outer loop
      vertex -0.64522948779136691 -0.64522948779136613 -0.0880171894439708
      vertex -0.55549011192810493 -0.72392880822710726 -0.0880171894439708
      vertex -0.5661481289781104 -0.7378186064708484 0
    endloop
  endfacet
  facet normal -0.64672931776492326 -0.73745344950069036 -0.19468846746237864
    outer loop
      vertex -0.64522948779136691 -0.64522948779136613 -0.0880171894439708
      vertex -0.5661481289781104 -0.7378186064708484 0
      vertex -0.65760930650348948 -0.65760930650348881 0
    endloop
  endfacet
  facet normal -0.54493946809495686 -0.81555954825477683 0.19468846746237842
    outer loop
      vertex -0.5661481289781104 -0.7378186064708484 0
      vertex -0.46500000000000036 -0.80540362551952771 0
      vertex -0.45624614623879833 -0.79024150604309795 0.088017189443970648
    endloop
  endfacet
  facet normal -0.54493946809495708 -0.81555954825477683 0.19468846746237853
    outer loop
      vertex -0.5661481289781104 -0.7378186064708484 0
      vertex -0.45624614623879833 -0.79024150604309795 0.088017189443970648
      vertex -0.55549011192810493 -0.72392880822710726 0.088017189443970648
    endloop
  endfacet
  facet normal -0.46224501976061538 -0.69179856033715803 0.55474705372984523
    outer loop
      vertex -0.55549011192810493 -0.72392880822710726 0.088017189443970648
      vertex -0.45624614623879833 -0.79024150604309795 0.088017189443970648
      vertex -0.43131727983645335 -0.74706344285913961 0.16263455967290594
    endloop
  endfacet
  facet normal -0.46224501976061533 -0.69179856033715803 0.55474705372984512
    outer loop
      vertex -0.55549011192810493 -0.72392880822710726 0.088017189443970648
      vertex -0.43131727983645335 -0.74706344285913961 0.16263455967290594
      vertex -0.52513864725878689 -0.68437400936715853 0.16263455967290594
    endloop
  endfacet
  facet normal -0.30911569029480801 -0.46262432342552895 0.83091890421907943
    outer loop
      vertex -0.52513864725878689 -0.68437400936715853 0.16263455967290594
      vertex -0.43131727983645335 -0.74706344285913961 0.16263455967290594
      vertex -0.39400859472198563 -0.68244290467729296 0.21249229247759596
    endloop
  endfacet
  facet normal -0.30911569029480801 -0.4626243234255295 0.83091890421907932
    outer loop
      vertex -0.52513864725878689 -0.68437400936715853 0.16263455967290594
      vertex -0.39400859472198563 -0.68244290467729296 0.21249229247759596
      vertex -0.47971447032934744 -0.62517606945228499 0.21249229247759596
    endloop
  endfacet
  facet normal -0.10861005838045895 -0.16254643925562978 0.98070510873753947
    outer loop
      vertex -0.47971447032934744 -0.62517606945228499 0.21249229247759596
      vertex -0.39400859472198563 -0.68244290467729296 0.21249229247759596
      vertex -0.35000000000000031 -0.60621778264910686 0.23000000000000001
    endloop
  endfacet
  facet normal -0.10861005838045895 -0.16254643925562956 0.98070510873753958
    outer loop
      vertex -0.47971447032934744 -0.62517606945228499 0.21249229247759596
      vertex -0.35000000000000031 -0.60621778264910686 0.23000000000000001
      vertex -0.42613300030610457 -0.55534733820386439 0.23000000000000001
    endloop
  endfacet
  facet normal 0.10861005838045901 0.16254643925562964 0.98070510873753958
    outer loop
      vertex -0.42613300030610457 -0.55534733820386439 0.23000000000000001
      vertex -0.35000000000000031 -0.60621778264910686 0.23000000000000001
      vertex -0.30599140527801494 -0.52999266062092076 0.21249229247759596
    endloop
  endfacet
  facet normal 0.10861005838045902 0.16254643925562987 0.98070510873753958
    outer loop
      vertex -0.42613300030610457 -0.55534733820386439 0.23000000000000001
      vertex -0.30599140527801494 -0.52999266062092076 0.21249229247759596
      vertex -0.3725515302828617 -0.48551860695544391 0.21249229247759596
    endloop
  endfacet
  facet normal 0.3091156902948079 0.46262432342552928 0.83091890421907943
    outer loop
      vertex -0.3725515302828617 -0.48551860695544391 0.21249229247759596
      vertex -0.30599140527801494 -0.52999266062092076 0.21249229247759596
      vertex -0.26868272016354722 -0.46537212243907417 0.16263455967290594
    endloop
  endfacet
  facet normal 0.30911569029480807 0.462624323425529 0.83091890421907943
    outer loop
      vertex -0.3725515302828617 -0.48551860695544391 0.21249229247759596
      vertex -0.26868272016354722 -0.46537212243907417 0.16263455967290594
      vertex -0.32712735335342225 -0.42632066704057031 0.16263455967290594
    endloop
  endfacet
  facet normal 0.46224501976061549 0.69179856033715814 0.55474705372984501
    outer loop
      vertex -0.32712735335342225 -0.42632066704057031 0.16263455967290594
      vertex -0.26868272016354722 -0.46537212243907417 0.16263455967290594
      vertex -0.24375385376120223 -0.42219405925511588 0.088017189443970675
    endloop
  endfacet
  facet normal 0.46224501976061555 0.69179856033715803 0.55474705372984512
    outer loop
      vertex -0.32712735335342225 -0.42632066704057031 0.16263455967290594
      vertex -0.24375385376120223 -0.42219405925511588 0.088017189443970675
      vertex -0.29677588868410421 -0.38676586818062164 0.088017189443970675
    endloop
  endfacet
  facet normal 0.54493946809495708 0.81555954825477683 0.19468846746237894
    outer loop
      vertex -0.29677588868410421 -0.38676586818062164 0.088017189443970675
      vertex -0.24375385376120223 -0.42219405925511588 0.088017189443970675
      vertex -0.23500000000000021 -0.40703193977868607 2.8166876380389123e-17
    endloop
  endfacet
  facet normal 0.54493946809495719 0.8155595482547765 0.19468846746237911
    outer loop
      vertex -0.29677588868410421 -0.38676586818062164 0.088017189443970675
      vertex -0.23500000000000021 -0.40703193977868607 2.8166876380389123e-17
      vertex -0.2861178716340988 -0.37287606993688038 2.8166876380389123e-17
    endloop
  endfacet
  facet normal 0.54493946809495741 0.81555954825477672 -0.19468846746237828
    outer loop
      vertex -0.2861178716340988 -0.37287606993688038 2.8166876380389123e-17
      vertex -0.23500000000000021 -0.40703193977868607 2.8166876380389123e-17
      vertex -0.2437538537612022 -0.42219405925511583 -0.088017189443970634
    endloop
  endfacet
  facet normal 0.54493946809495697 0.81555954825477694 -0.19468846746237864
    outer loop
      vertex -0.2861178716340988 -0.37287606993688038 2.8166876380389123e-17
      vertex -0.2437538537612022 -0.42219405925511583 -0.088017189443970634
      vertex -0.29677588868410421 -0.38676586818062159 -0.088017189443970634
    endloop
  endfacet
  facet normal 0.46224501976061516 0.69179856033715781 -0.55474705372984545
    outer loop
      vertex -0.29677588868410421 -0.38676586818062159 -0.088017189443970634
      vertex -0.2437538537612022 -0.42219405925511583 -0.088017189443970634
      vertex -0.26868272016354722 -0.46537212243907417 -0.16263455967290591
    endloop
  endfacet
  facet normal 0.46224501976061544 0.69179856033715803 -0.55474705372984534
    outer loop
      vertex -0.29677588868410421 -0.38676586818062159 -0.088017189443970634
      vertex -0.26868272016354722 -0.46537212243907417 -0.16263455967290591
      vertex -0.32712735335342225 -0.42632066704057031 -0.16263455967290591
    endloop
  endfacet
  facet normal 0.30911569029480812 0.46262432342552912 -0.83091890421907943
    outer loop
      vertex -0.32712735335342225 -0.42632066704057031 -0.16263455967290591
      vertex -0.26868272016354722 -0.46537212243907417 -0.16263455967290591
      vertex -0.30599140527801488 -0.52999266062092076 -0.21249229247759591
    endloop
  endfacet
  facet normal 0.30911569029480862 0.46262432342552912 -0.83091890421907921
    outer loop
      vertex -0.32712735335342225 -0.42632066704057031 -0.16263455967290591
      vertex -0.30599140527801488 -0.52999266062092076 -0.21249229247759591
      vertex -0.37255153028286164 -0.4855186069554438 -0.21249229247759591
    endloop
  endfacet
  facet normal 0.1086100583804594 0.16254643925563003 -0.98070510873753947
    outer loop
      vertex -0.37255153028286164 -0.4855186069554438 -0.21249229247759591
      vertex -0.30599140527801488 -0.52999266062092076 -0.21249229247759591
      vertex -0.35000000000000031 -0.60621778264910686 -0.23000000000000001
    endloop
  endfacet
  facet normal 0.10861005838045927 0.16254643925563003 -0.98070510873753935
    outer loop
      vertex -0.37255153028286164 -0.4855186069554438 -0.21249229247759591
      vertex -0.35000000000000031 -0.60621778264910686 -0.23000000000000001
      vertex -0.42613300030610457 -0.55534733820386439 -0.23000000000000001
    endloop
  endfacet
  facet normal -0.10861005838045906 -0.16254643925562973 -0.98070510873753958
    outer loop
      vertex -0.42613300030610457 -0.55534733820386439 -0.23000000000000001
      vertex -0.35000000000000031 -0.60621778264910686 -0.23000000000000001
      vertex -0.39400859472198568 -0.68244290467729307 -0.21249229247759593
    endloop
  endfacet
  facet normal -0.10861005838045912 -0.16254643925562973 -0.98070510873753947
    outer loop
      vertex -0.42613300030610457 -0.55534733820386439 -0.23000000000000001
      vertex -0.39400859472198568 -0.68244290467729307 -0.21249229247759593
      vertex -0.4797144703293475 -0.62517606945228499 -0.21249229247759593
    endloop
  endfacet
  facet normal -0.30911569029480829 -0.462624323425529 -0.83091890421907943
    outer loop
      vertex -0.4797144703293475 -0.62517606945228499 -0.21249229247759593
      vertex -0.39400859472198568 -0.68244290467729307 -0.21249229247759593
      vertex -0.43131727983645335 -0.74706344285913961 -0.16263455967290597
    endloop
  endfacet
  facet normal -0.30911569029480807 -0.462624323425529 -0.83091890421907943
    outer loop
      vertex -0.4797144703293475 -0.62517606945228499 -0.21249229247759593
      vertex -0.43131727983645335 -0.74706344285913961 -0.16263455967290597
      vertex -0.52513864725878689 -0.68437400936715853 -0.16263455967290597
    endloop
  endfacet
  facet normal -0.46224501976061516 -0.6917985603371577 -0.5547470537298459
    outer loop
      vertex -0.52513864725878689 -0.68437400936715853 -0.16263455967290597
      vertex -0.43131727983645335 -0.74706344285913961 -0.16263455967290597
      vertex -0.45624614623879833 -0.79024150604309795 -0.0880171894439708
    endloop
  endfacet
  facet normal -0.46224501976061516 -0.6917985603371577 -0.5547470537298459
    outer loop
      vertex -0.52513864725878689 -0.68437400936715853 -0.16263455967290597
      vertex -0.45624614623879833 -0.79024150604309795 -0.0880171894439708
      vertex -0.55549011192810493 -0.72392880822710726 -0.0880171894439708
    endloop
  endfacet
  facet normal -0.54493946809495697 -0.81555954825477694 -0.19468846746237811
    outer loop
      vertex -0.55549011192810493 -0.72392880822710726 -0.0880171894439708
      vertex -0.45624614623879833 -0.79024150604309795 -0.0880171894439708
      vertex -0.46500000000000036 -0.80540362551952771 0
    endloop
  endfacet
  facet normal -0.54493946809495697 -0.81555954825477694 -0.19468846746237817
    outer loop
      vertex -0.55549011192810493 -0.72392880822710726 -0.0880171894439708
      vertex -0.46500000000000036 -0.80540362551952771 0
      vertex -0.5661481289781104 -0.7378186064708484 0
    endloop
  endfacet
  facet normal -0.4338255530401196 -0.87971119702240053 0.19468846746237861
    outer loop
      vertex -0.46500000000000036 -0.80540362551952771 0
      vertex -0.3558955920995332 -0.8592079652354967 0
      vertex -0.34919568249201555 -0.84303295259435373 0.088017189443970648
    endloop
  endfacet
  facet normal -0.43382555304011955 -0.87971119702240064 0.19468846746237836
    outer loop
      vertex -0.46500000000000036 -0.80540362551952771 0
      vertex -0.34919568249201555 -0.84303295259435373 0.088017189443970648
      vertex -0.45624614623879833 -0.79024150604309795 0.088017189443970648
    endloop
  endfacet
  facet normal -0.36799261767317354 -0.74621521005411195 0.55474705372984479
    outer loop
      vertex -0.45624614623879833 -0.79024150604309795 0.088017189443970648
      vertex -0.34919568249201555 -0.84303295259435373 0.088017189443970648
      vertex -0.33011595417237527 -0.79697041371868416 0.16263455967290594
    endloop
  endfacet
  facet normal -0.36799261767317387 -0.74621521005411129 0.55474705372984523
    outer loop
      vertex -0.45624614623879833 -0.79024150604309795 0.088017189443970648
      vertex -0.33011595417237527 -0.79697041371868416 0.16263455967290594
      vertex -0.43131727983645335 -0.74706344285913961 0.16263455967290594
    endloop
  endfacet
  facet normal -0.24608657134769307 -0.49901420221643067 0.83091890421907955
    outer loop
      vertex -0.43131727983645335 -0.74706344285913961 0.16263455967290594
      vertex -0.33011595417237527 -0.79697041371868416 0.16263455967290594
      vertex -0.30156112281910963 -0.72803295259435374 0.21249229247759596
    endloop
  endfacet
  facet normal -0.24608657134769304 -0.49901420221643084 0.83091890421907966
    outer loop
      vertex -0.43131727983645335 -0.74706344285913961 0.16263455967290594
      vertex -0.30156112281910963 -0.72803295259435374 0.21249229247759596
      vertex -0.39400859472198563 -0.68244290467729296 0.21249229247759596
    endloop
  endfacet
  facet normal -0.086464316499850119 -0.17533228929180319 0.98070510873753958
    outer loop
      vertex -0.39400859472198563 -0.68244290467729296 0.21249229247759596
      vertex -0.30156112281910963 -0.72803295259435374 0.21249229247759596
      vertex -0.26787840265556262 -0.64671567275790076 0.23000000000000001
    endloop
  endfacet
  facet normal -0.086464316499850091 -0.17533228929180322 0.98070510873753947
    outer loop
      vertex -0.39400859472198563 -0.68244290467729296 0.21249229247759596
      vertex -0.26787840265556262 -0.64671567275790076 0.23000000000000001
      vertex -0.35000000000000031 -0.60621778264910686 0.23000000000000001
    endloop
  endfacet
  facet normal 0.086464316499850077 0.17533228929180322 0.98070510873753947
    outer loop
      vertex -0.35000000000000031 -0.60621778264910686 0.23000000000000001
      vertex -0.26787840265556262 -0.64671567275790076 0.23000000000000001
      vertex -0.23419568249201564 -0.56539839292144778 0.21249229247759596
    endloop
  endfacet
  facet normal 0.086464316499850105 0.17533228929180319 0.98070510873753947
    outer loop
      vertex -0.35000000000000031 -0.60621778264910686 0.23000000000000001
      vertex -0.23419568249201564 -0.56539839292144778 0.21249229247759596
      vertex -0.30599140527801494 -0.52999266062092076 0.21249229247759596
    endloop
  endfacet
  facet normal 0.2460865713476931 0.499014202216431 0.83091890421907943
    outer loop
      vertex -0.30599140527801494 -0.52999266062092076 0.21249229247759596
      vertex -0.23419568249201564 -0.56539839292144778 0.21249229247759596
      vertex -0.20564085113875002 -0.49646093179711742 0.16263455967290594
    endloop
  endfacet
  facet normal 0.24608657134769299 0.49901420221643117 0.83091890421907932
    outer loop
      vertex -0.30599140527801494 -0.52999266062092076 0.21249229247759596
      vertex -0.20564085113875002 -0.49646093179711742 0.16263455967290594
      vertex -0.26868272016354722 -0.46537212243907417 0.16263455967290594
    endloop
  endfacet
  facet normal 0.36799261767317354 0.74621521005411151 0.55474705372984523
    outer loop
      vertex -0.26868272016354722 -0.46537212243907417 0.16263455967290594
      vertex -0.20564085113875002 -0.49646093179711742 0.16263455967290594
      vertex -0.18656112281910975 -0.45039839292144779 0.088017189443970675
    endloop
  endfacet
  facet normal 0.36799261767317337 0.74621521005411162 0.55474705372984501
    outer loop
      vertex -0.26868272016354722 -0.46537212243907417 0.16263455967290594
      vertex -0.18656112281910975 -0.45039839292144779 0.088017189443970675
      vertex -0.24375385376120223 -0.42219405925511588 0.088017189443970675
    endloop
  endfacet
  facet normal 0.43382555304011944 0.8797111970224003 0.19468846746237919
    outer loop
      vertex -0.24375385376120223 -0.42219405925511588 0.088017189443970675
      vertex -0.18656112281910975 -0.45039839292144779 0.088017189443970675
      vertex -0.17986121321159207 -0.43422338028030477 2.8166876380389123e-17
    endloop
  endfacet
  facet normal 0.43382555304011905 0.87971119702240064 0.19468846746237892
    outer loop
      vertex -0.24375385376120223 -0.42219405925511588 0.088017189443970675
      vertex -0.17986121321159207 -0.43422338028030477 2.8166876380389123e-17
      vertex -0.23500000000000021 -0.40703193977868607 2.8166876380389123e-17
    endloop
  endfacet
  facet normal 0.43382555304011911 0.87971119702240064 -0.19468846746237853
    outer loop
      vertex -0.23500000000000021 -0.40703193977868607 2.8166876380389123e-17
      vertex -0.17986121321159207 -0.43422338028030477 2.8166876380389123e-17
      vertex -0.18656112281910972 -0.45039839292144773 -0.088017189443970634
    endloop
  endfacet
  facet normal 0.43382555304011955 0.87971119702240064 -0.19468846746237828
    outer loop
      vertex -0.23500000000000021 -0.40703193977868607 2.8166876380389123e-17
      vertex -0.18656112281910972 -0.45039839292144773 -0.088017189443970634
      vertex -0.2437538537612022 -0.42219405925511583 -0.088017189443970634
    endloop
  endfacet
  facet normal 0.36799261767317326 0.7462152100541114 -0.55474705372984567
    outer loop
      vertex -0.2437538537612022 -0.42219405925511583 -0.088017189443970634
      vertex -0.18656112281910972 -0.45039839292144773 -0.088017189443970634
      vertex -0.20564085113875002 -0.49646093179711742 -0.16263455967290591
    endloop
  endfacet
  facet normal 0.36799261767317348 0.7462152100541114 -0.55474705372984545
    outer loop
      vertex -0.2437538537612022 -0.42219405925511583 -0.088017189443970634
      vertex -0.20564085113875002 -0.49646093179711742 -0.16263455967290591
      vertex -0.26868272016354722 -0.46537212243907417 -0.16263455967290591
    endloop
  endfacet
  facet normal 0.24608657134769321 0.4990142022164315 -0.8309189042190791
    outer loop
      vertex -0.26868272016354722 -0.46537212243907417 -0.16263455967290591
      vertex -0.20564085113875002 -0.49646093179711742 -0.16263455967290591
      vertex -0.23419568249201558 -0.56539839292144767 -0.21249229247759591
    endloop
  endfacet
  facet normal 0.24608657134769246 0.49901420221643134 -0.83091890421907943
    outer loop
      vertex -0.26868272016354722 -0.46537212243907417 -0.16263455967290591
      vertex -0.23419568249201558 -0.56539839292144767 -0.21249229247759591
      vertex -0.30599140527801488 -0.52999266062092076 -0.21249229247759591
    endloop
  endfacet
  facet normal 0.086464316499850036 0.17533228929180361 -0.98070510873753947
    outer loop
      vertex -0.30599140527801488 -0.52999266062092076 -0.21249229247759591
      vertex -0.23419568249201558 -0.56539839292144767 -0.21249229247759591
      vertex -0.26787840265556262 -0.64671567275790076 -0.23000000000000001
    endloop
  endfacet
  facet normal 0.086464316499850299 0.17533228929180369 -0.98070510873753947
    outer loop
      vertex -0.30599140527801488 -0.52999266062092076 -0.21249229247759591
      vertex -0.26787840265556262 -0.64671567275790076 -0.23000000000000001
      vertex -0.35000000000000031 -0.60621778264910686 -0.23000000000000001
    endloop
  endfacet
  facet normal -0.086464316499850091 -0.17533228929180322 -0.98070510873753947
    outer loop
      vertex -0.35000000000000031 -0.60621778264910686 -0.23000000000000001
      vertex -0.26787840265556262 -0.64671567275790076 -0.23000000000000001
      vertex -0.30156112281910968 -0.72803295259435385 -0.21249229247759593
    endloop
  endfacet
  facet normal -0.086464316499850161 -0.17533228929180325 -0.98070510873753947
    outer loop
      vertex -0.35000000000000031 -0.60621778264910686 -0.23000000000000001
      vertex -0.30156112281910968 -0.72803295259435385 -0.21249229247759593
      vertex -0.39400859472198568 -0.68244290467729307 -0.21249229247759593
    endloop
  endfacet
  facet normal -0.24608657134769307 -0.49901420221643089 -0.83091890421907955
    outer loop
      vertex -0.39400859472198568 -0.68244290467729307 -0.21249229247759593
      vertex -0.30156112281910968 -0.72803295259435385 -0.21249229247759593
      vertex -0.33011595417237527 -0.79697041371868416 -0.16263455967290597
    endloop
  endfacet
  facet normal -0.24608657134769321 -0.49901420221643095 -0.83091890421907943
    outer loop
      vertex -0.39400859472198568 -0.68244290467729307 -0.21249229247759593
      vertex -0.33011595417237527 -0.79697041371868416 -0.16263455967290597
      vertex -0.43131727983645335 -0.74706344285913961 -0.16263455967290597
    endloop
  endfacet
  facet normal -0.36799261767317387 -0.74621521005411129 -0.55474705372984523
    outer loop
      vertex -0.43131727983645335 -0.74706344285913961 -0.16263455967290597
      vertex -0.33011595417237527 -0.79697041371868416 -0.16263455967290597
      vertex -0.34919568249201555 -0.84303295259435373 -0.0880171894439708
    endloop
  endfacet
  facet normal -0.36799261767317315 -0.74621521005411107 -0.55474705372984601
    outer loop
      vertex -0.43131727983645335 -0.74706344285913961 -0.16263455967290597
      vertex -0.34919568249201555 -0.84303295259435373 -0.0880171894439708
      vertex -0.45624614623879833 -0.79024150604309795 -0.0880171894439708
    endloop
  endfacet
  facet normal -0.43382555304011955 -0.87971119702240064 -0.19468846746237822
    outer loop
      vertex -0.45624614623879833 -0.79024150604309795 -0.0880171894439708
      vertex -0.34919568249201555 -0.84303295259435373 -0.0880171894439708
      vertex -0.3558955920995332 -0.8592079652354967 0
    endloop
  endfacet
  facet normal -0.4338255530401196 -0.87971119702240053 -0.19468846746237806
    outer loop
      vertex -0.45624614623879833 -0.79024150604309795 -0.0880171894439708
      vertex -0.3558955920995332 -0.8592079652354967 0
      vertex -0.46500000000000036 -0.80540362551952771 0
    endloop
  endfacet
  facet normal -0.31528876249360077 -0.92881074330694746 0.1946884674623782
    outer loop
      vertex -0.3558955920995332 -0.8592079652354967 0
      vertex -0.24070171194534418 -0.89831101844883343 0
      vertex -0.23617038380246133 -0.88139987159382804 0.088017189443970648
    endloop
  endfacet
  facet normal -0.31528876249360105 -0.92881074330694735 0.19468846746237858
    outer loop
      vertex -0.3558955920995332 -0.8592079652354967 0
      vertex -0.23617038380246133 -0.88139987159382804 0.088017189443970648
      vertex -0.34919568249201555 -0.84303295259435373 0.088017189443970648
    endloop
  endfacet
  facet normal -0.26744375987051638 -0.78786391063709604 0.55474705372984501
    outer loop
      vertex -0.34919568249201555 -0.84303295259435373 0.088017189443970648
      vertex -0.23617038380246133 -0.88139987159382804 0.088017189443970648
      vertex -0.22326625300697486 -0.83324099983755828 0.16263455967290594
    endloop
  endfacet
  facet normal -0.26744375987051611 -0.78786391063709638 0.55474705372984467
    outer loop
      vertex -0.34919568249201555 -0.84303295259435373 0.088017189443970648
      vertex -0.22326625300697486 -0.83324099983755828 0.16263455967290594
      vertex -0.33011595417237527 -0.79697041371868416 0.16263455967290594
    endloop
  endfacet
  facet normal -0.17884684293673211 -0.52686580965453433 0.83091890421907966
    outer loop
      vertex -0.33011595417237527 -0.79697041371868416 0.16263455967290594
      vertex -0.22326625300697486 -0.83324099983755828 0.16263455967290594
      vertex -0.20395385649626058 -0.76116615484365657 0.21249229247759596
    endloop
  endfacet
  facet normal -0.17884684293673217 -0.52686580965453422 0.83091890421907966
    outer loop
      vertex -0.33011595417237527 -0.79697041371868416 0.16263455967290594
      vertex -0.20395385649626058 -0.76116615484365657 0.21249229247759596
      vertex -0.30156112281910963 -0.72803295259435374 0.21249229247759596
    endloop
  endfacet
  facet normal -0.062839146191491557 -0.18511815524689954 0.98070510873753947
    outer loop
      vertex -0.30156112281910963 -0.72803295259435374 0.21249229247759596
      vertex -0.20395385649626058 -0.76116615484365657 0.21249229247759596
      vertex -0.18117333157176443 -0.67614807840234781 0.23000000000000001
    endloop
  endfacet
  facet normal -0.06283914619149164 -0.18511815524689945 0.98070510873753958
    outer loop
      vertex -0.30156112281910963 -0.72803295259435374 0.21249229247759596
      vertex -0.18117333157176443 -0.67614807840234781 0.23000000000000001
      vertex -0.26787840265556262 -0.64671567275790076 0.23000000000000001
    endloop
  endfacet
  facet normal 0.062839146191491585 0.18511815524689934 0.98070510873753958
    outer loop
      vertex -0.26787840265556262 -0.64671567275790076 0.23000000000000001
      vertex -0.18117333157176443 -0.67614807840234781 0.23000000000000001
      vertex -0.15839280664726829 -0.59113000196103893 0.21249229247759596
    endloop
  endfacet
  facet normal 0.062839146191491488 0.18511815524689948 0.98070510873753958
    outer loop
      vertex -0.26787840265556262 -0.64671567275790076 0.23000000000000001
      vertex -0.15839280664726829 -0.59113000196103893 0.21249229247759596
      vertex -0.23419568249201564 -0.56539839292144778 0.21249229247759596
    endloop
  endfacet
  facet normal 0.1788468429367322 0.52686580965453478 0.83091890421907921
    outer loop
      vertex -0.23419568249201564 -0.56539839292144778 0.21249229247759596
      vertex -0.15839280664726829 -0.59113000196103893 0.21249229247759596
      vertex -0.13908041013655401 -0.51905515696713733 0.16263455967290594
    endloop
  endfacet
  facet normal 0.17884684293673245 0.52686580965453444 0.83091890421907943
    outer loop
      vertex -0.23419568249201564 -0.56539839292144778 0.21249229247759596
      vertex -0.13908041013655401 -0.51905515696713733 0.16263455967290594
      vertex -0.20564085113875002 -0.49646093179711742 0.16263455967290594
    endloop
  endfacet
  facet normal 0.26744375987051644 0.78786391063709582 0.55474705372984534
    outer loop
      vertex -0.20564085113875002 -0.49646093179711742 0.16263455967290594
      vertex -0.13908041013655401 -0.51905515696713733 0.16263455967290594
      vertex -0.12617627934106751 -0.47089628521086757 0.088017189443970675
    endloop
  endfacet
  facet normal 0.26744375987051633 0.78786391063709593 0.55474705372984512
    outer loop
      vertex -0.20564085113875002 -0.49646093179711742 0.16263455967290594
      vertex -0.12617627934106751 -0.47089628521086757 0.088017189443970675
      vertex -0.18656112281910975 -0.45039839292144779 0.088017189443970675
    endloop
  endfacet
  facet normal 0.31528876249360105 0.92881074330694724 0.19468846746237925
    outer loop
      vertex -0.18656112281910975 -0.45039839292144779 0.088017189443970675
      vertex -0.12617627934106751 -0.47089628521086757 0.088017189443970675
      vertex -0.12164495119818469 -0.45398513835586207 2.8166876380389123e-17
    endloop
  endfacet
  facet normal 0.31528876249360094 0.92881074330694724 0.19468846746237922
    outer loop
      vertex -0.18656112281910975 -0.45039839292144779 0.088017189443970675
      vertex -0.12164495119818469 -0.45398513835586207 2.8166876380389123e-17
      vertex -0.17986121321159207 -0.43422338028030477 2.8166876380389123e-17
    endloop
  endfacet
  facet normal 0.31528876249360105 0.92881074330694735 -0.19468846746237864
    outer loop
      vertex -0.17986121321159207 -0.43422338028030477 2.8166876380389123e-17
      vertex -0.12164495119818469 -0.45398513835586207 2.8166876380389123e-17
      vertex -0.12617627934106751 -0.47089628521086752 -0.088017189443970634
    endloop
  endfacet
  facet normal 0.31528876249360116 0.92881074330694724 -0.19468846746237856
    outer loop
      vertex -0.17986121321159207 -0.43422338028030477 2.8166876380389123e-17
      vertex -0.12617627934106751 -0.47089628521086752 -0.088017189443970634
      vertex -0.18656112281910972 -0.45039839292144773 -0.088017189443970634
    endloop
  endfacet
  facet normal 0.26744375987051644 0.7878639106370956 -0.55474705372984556
    outer loop
      vertex -0.18656112281910972 -0.45039839292144773 -0.088017189443970634
      vertex -0.12617627934106751 -0.47089628521086752 -0.088017189443970634
      vertex -0.13908041013655401 -0.51905515696713733 -0.16263455967290591
    endloop
  endfacet
  facet normal 0.26744375987051627 0.7878639106370956 -0.55474705372984556
    outer loop
      vertex -0.18656112281910972 -0.45039839292144773 -0.088017189443970634
      vertex -0.13908041013655401 -0.51905515696713733 -0.16263455967290591
      vertex -0.20564085113875002 -0.49646093179711742 -0.16263455967290591
    endloop
  endfacet
  facet normal 0.1788468429367327 0.52686580965453511 -0.83091890421907899
    outer loop
      vertex -0.20564085113875002 -0.49646093179711742 -0.16263455967290591
      vertex -0.13908041013655401 -0.51905515696713733 -0.16263455967290591
      vertex -0.15839280664726826 -0.59113000196103882 -0.21249229247759591
    endloop
  endfacet
  facet normal 0.17884684293673225 0.52686580965453489 -0.8309189042190791
    outer loop
      vertex -0.20564085113875002 -0.49646093179711742 -0.16263455967290591
      vertex -0.15839280664726826 -0.59113000196103882 -0.21249229247759591
      vertex -0.23419568249201558 -0.56539839292144767 -0.21249229247759591
    endloop
  endfacet
  facet normal 0.062839146191491571 0.1851181552468997 -0.98070510873753947
    outer loop
      vertex -0.23419568249201558 -0.56539839292144767 -0.21249229247759591
      vertex -0.15839280664726826 -0.59113000196103882 -0.21249229247759591
      vertex -0.18117333157176443 -0.67614807840234781 -0.23000000000000001
    endloop
  endfacet
  facet normal 0.062839146191491724 0.18511815524689976 -0.98070510873753935
    outer loop
      vertex -0.23419568249201558 -0.56539839292144767 -0.21249229247759591
      vertex -0.18117333157176443 -0.67614807840234781 -0.23000000000000001
      vertex -0.26787840265556262 -0.64671567275790076 -0.23000000000000001
    endloop
  endfacet
  facet normal -0.062839146191491682 -0.18511815524689959 -0.98070510873753958
    outer loop
      vertex -0.26787840265556262 -0.64671567275790076 -0.23000000000000001
      vertex -0.18117333157176443 -0.67614807840234781 -0.23000000000000001
      vertex -0.2039538564962606 -0.76116615484365668 -0.21249229247759593
    endloop
  endfacet
  facet normal -0.062839146191491529 -0.18511815524689951 -0.98070510873753947
    outer loop
      vertex -0.26787840265556262 -0.64671567275790076 -0.23000000000000001
      vertex -0.2039538564962606 -0.76116615484365668 -0.21249229247759593
      vertex -0.30156112281910968 -0.72803295259435385 -0.21249229247759593
    endloop
  endfacet
  facet normal -0.17884684293673217 -0.52686580965453444 -0.83091890421907943
    outer loop
      vertex -0.30156112281910968 -0.72803295259435385 -0.21249229247759593
      vertex -0.2039538564962606 -0.76116615484365668 -0.21249229247759593
      vertex -0.22326625300697486 -0.83324099983755828 -0.16263455967290597
    endloop
  endfacet
  facet normal -0.17884684293673217 -0.52686580965453444 -0.83091890421907943
    outer loop
      vertex -0.30156112281910968 -0.72803295259435385 -0.21249229247759593
      vertex -0.22326625300697486 -0.83324099983755828 -0.16263455967290597
      vertex -0.33011595417237527 -0.79697041371868416 -0.16263455967290597
    endloop
  endfacet
  facet normal -0.26744375987051588 -0.78786391063709571 -0.55474705372984578
    outer loop
      vertex -0.33011595417237527 -0.79697041371868416 -0.16263455967290597
      vertex -0.22326625300697486 -0.83324099983755828 -0.16263455967290597
      vertex -0.23617038380246133 -0.88139987159382804 -0.0880171894439708
    endloop
  endfacet
  facet normal -0.26744375987051627 -0.78786391063709582 -0.55474705372984534
    outer loop
      vertex -0.33011595417237527 -0.79697041371868416 -0.16263455967290597
      vertex -0.23617038380246133 -0.88139987159382804 -0.0880171894439708
      vertex -0.34919568249201555 -0.84303295259435373 -0.0880171894439708
    endloop
  endfacet
  facet normal -0.31528876249360105 -0.92881074330694746 -0.19468846746237786
    outer loop
      vertex -0.34919568249201555 -0.84303295259435373 -0.0880171894439708
      vertex -0.23617038380246133 -0.88139987159382804 -0.0880171894439708
      vertex -0.24070171194534418 -0.89831101844883343 0
    endloop
  endfacet
  facet normal -0.31528876249360072 -0.92881074330694746 -0.19468846746237822
    outer loop
      vertex -0.34919568249201555 -0.84303295259435373 -0.0880171894439708
      vertex -0.24070171194534418 -0.89831101844883343 0
      vertex -0.3558955920995332 -0.8592079652354967 0
    endloop
  endfacet
  facet normal -0.19135729380625663 -0.96201808025852431 0.19468846746237797
    outer loop
      vertex -0.24070171194534418 -0.89831101844883343 0
      vertex -0.121389358764648 -0.92204372107764354 0
      vertex -0.11910414436724626 -0.90468579442012054 0.088017189443970648
    endloop
  endfacet
  facet normal -0.19135729380625677 -0.96201808025852431 0.1946884674623782
    outer loop
      vertex -0.24070171194534418 -0.89831101844883343 0
      vertex -0.11910414436724626 -0.90468579442012054 0.088017189443970648
      vertex -0.23617038380246133 -0.88139987159382804 0.088017189443970648
    endloop
  endfacet
  facet normal -0.16231886518705549 -0.81603204127193607 0.55474705372984534
    outer loop
      vertex -0.23617038380246133 -0.88139987159382804 0.088017189443970648
      vertex -0.11910414436724626 -0.90468579442012054 0.088017189443970648
      vertex -0.11259640435152532 -0.85525460143116216 0.16263455967290594
    endloop
  endfacet
  facet normal -0.16231886518705524 -0.81603204127193618 0.55474705372984501
    outer loop
      vertex -0.23617038380246133 -0.88139987159382804 0.088017189443970648
      vertex -0.11259640435152532 -0.85525460143116216 0.16263455967290594
      vertex -0.22326625300697486 -0.83324099983755828 0.16263455967290594
    endloop
  endfacet
  facet normal -0.10854699545741116 -0.5457025970146494 0.83091890421907943
    outer loop
      vertex -0.22326625300697486 -0.83324099983755828 0.16263455967290594
      vertex -0.11259640435152532 -0.85525460143116216 0.16263455967290594
      vertex -0.10285688314206855 -0.78127559314845707 0.21249229247759596
    endloop
  endfacet
  facet normal -0.10854699545741117 -0.54570259701464952 0.83091890421907966
    outer loop
      vertex -0.22326625300697486 -0.83324099983755828 0.16263455967290594
      vertex -0.10285688314206855 -0.78127559314845707 0.21249229247759596
      vertex -0.20395385649626058 -0.76116615484365657 0.21249229247759596
    endloop
  endfacet
  facet normal -0.038138780669493756 -0.19173659824127229 0.98070510873753947
    outer loop
      vertex -0.20395385649626058 -0.76116615484365657 0.21249229247759596
      vertex -0.10285688314206855 -0.78127559314845707 0.21249229247759596
      vertex -0.091368334554036132 -0.69401140296166719 0.23000000000000001
    endloop
  endfacet
  facet normal -0.038138780669493721 -0.19173659824127245 0.98070510873753958
    outer loop
      vertex -0.20395385649626058 -0.76116615484365657 0.21249229247759596
      vertex -0.091368334554036132 -0.69401140296166719 0.23000000000000001
      vertex -0.18117333157176443 -0.67614807840234781 0.23000000000000001
    endloop
  endfacet
  facet normal 0.03813878066949368 0.19173659824127234 0.98070510873753958
    outer loop
      vertex -0.18117333157176443 -0.67614807840234781 0.23000000000000001
      vertex -0.091368334554036132 -0.69401140296166719 0.23000000000000001
      vertex -0.07987978596600373 -0.60674721277487731 0.21249229247759596
    endloop
  endfacet
  facet normal 0.038138780669493805 0.19173659824127218 0.98070510873753958
    outer loop
      vertex -0.18117333157176443 -0.67614807840234781 0.23000000000000001
      vertex -0.07987978596600373 -0.60674721277487731 0.21249229247759596
      vertex -0.15839280664726829 -0.59113000196103893 0.21249229247759596
    endloop
  endfacet
  facet normal 0.10854699545741148 0.54570259701464996 0.8309189042190791
    outer loop
      vertex -0.15839280664726829 -0.59113000196103893 0.21249229247759596
      vertex -0.07987978596600373 -0.60674721277487731 0.21249229247759596
      vertex -0.070140264756546958 -0.53276820449217233 0.16263455967290594
    endloop
  endfacet
  facet normal 0.10854699545741155 0.54570259701464996 0.83091890421907921
    outer loop
      vertex -0.15839280664726829 -0.59113000196103893 0.21249229247759596
      vertex -0.070140264756546958 -0.53276820449217233 0.16263455967290594
      vertex -0.13908041013655401 -0.51905515696713733 0.16263455967290594
    endloop
  endfacet
  facet normal 0.16231886518705552 0.81603204127193585 0.55474705372984534
    outer loop
      vertex -0.13908041013655401 -0.51905515696713733 0.16263455967290594
      vertex -0.070140264756546958 -0.53276820449217233 0.16263455967290594
      vertex -0.063632524740826021 -0.48333701150321395 0.088017189443970675
    endloop
  endfacet
  facet normal 0.16231886518705516 0.81603204127193607 0.55474705372984523
    outer loop
      vertex -0.13908041013655401 -0.51905515696713733 0.16263455967290594
      vertex -0.063632524740826021 -0.48333701150321395 0.088017189443970675
      vertex -0.12617627934106751 -0.47089628521086757 0.088017189443970675
    endloop
  endfacet
  facet normal 0.19135729380625646 0.96201808025852409 0.19468846746237917
    outer loop
      vertex -0.12617627934106751 -0.47089628521086757 0.088017189443970675
      vertex -0.063632524740826021 -0.48333701150321395 0.088017189443970675
      vertex -0.061347310343424263 -0.46597908484569084 2.8166876380389123e-17
    endloop
  endfacet
  facet normal 0.19135729380625663 0.96201808025852409 0.19468846746237931
    outer loop
      vertex -0.12617627934106751 -0.47089628521086757 0.088017189443970675
      vertex -0.061347310343424263 -0.46597908484569084 2.8166876380389123e-17
      vertex -0.12164495119818469 -0.45398513835586207 2.8166876380389123e-17
    endloop
  endfacet
  facet normal 0.19135729380625666 0.9620180802585242 -0.19468846746237856
    outer loop
      vertex -0.12164495119818469 -0.45398513835586207 2.8166876380389123e-17
      vertex -0.061347310343424263 -0.46597908484569084 2.8166876380389123e-17
      vertex -0.063632524740826008 -0.4833370115032139 -0.088017189443970634
    endloop
  endfacet
  facet normal 0.19135729380625635 0.96201808025852431 -0.19468846746237867
    outer loop
      vertex -0.12164495119818469 -0.45398513835586207 2.8166876380389123e-17
      vertex -0.063632524740826008 -0.4833370115032139 -0.088017189443970634
      vertex -0.12617627934106751 -0.47089628521086752 -0.088017189443970634
    endloop
  endfacet
  facet normal 0.16231886518705513 0.81603204127193563 -0.5547470537298459
    outer loop
      vertex -0.12617627934106751 -0.47089628521086752 -0.088017189443970634
      vertex -0.063632524740826008 -0.4833370115032139 -0.088017189443970634
      vertex -0.070140264756546958 -0.53276820449217233 -0.16263455967290591
    endloop
  endfacet
  facet normal 0.16231886518705563 0.81603204127193574 -0.55474705372984556
    outer loop
      vertex -0.12617627934106751 -0.47089628521086752 -0.088017189443970634
      vertex -0.070140264756546958 -0.53276820449217233 -0.16263455967290591
      vertex -0.13908041013655401 -0.51905515696713733 -0.16263455967290591
    endloop
  endfacet
  facet normal 0.1085469954574116 0.54570259701465029 -0.83091890421907899
    outer loop
      vertex -0.13908041013655401 -0.51905515696713733 -0.16263455967290591
      vertex -0.070140264756546958 -0.53276820449217233 -0.16263455967290591
      vertex -0.079879785966003716 -0.6067472127748772 -0.21249229247759591
    endloop
  endfacet
  facet normal 0.10854699545741163 0.54570259701465029 -0.83091890421907888
    outer loop
      vertex -0.13908041013655401 -0.51905515696713733 -0.16263455967290591
      vertex -0.079879785966003716 -0.6067472127748772 -0.21249229247759591
      vertex -0.15839280664726826 -0.59113000196103882 -0.21249229247759591
    endloop
  endfacet
  facet normal 0.038138780669493916 0.19173659824127268 -0.98070510873753947
    outer loop
      vertex -0.15839280664726826 -0.59113000196103882 -0.21249229247759591
      vertex -0.079879785966003716 -0.6067472127748772 -0.21249229247759591
      vertex -0.091368334554036132 -0.69401140296166719 -0.23000000000000001
    endloop
  endfacet
  facet normal 0.038138780669493715 0.19173659824127251 -0.98070510873753935
    outer loop
      vertex -0.15839280664726826 -0.59113000196103882 -0.21249229247759591
      vertex -0.091368334554036132 -0.69401140296166719 -0.23000000000000001
      vertex -0.18117333157176443 -0.67614807840234781 -0.23000000000000001
    endloop
  endfacet
  facet normal -0.038138780669493694 -0.19173659824127243 -0.98070510873753958
    outer loop
      vertex -0.18117333157176443 -0.67614807840234781 -0.23000000000000001
      vertex -0.091368334554036132 -0.69401140296166719 -0.23000000000000001
      vertex -0.10285688314206856 -0.78127559314845718 -0.21249229247759593
    endloop
  endfacet
  facet normal -0.038138780669493784 -0.19173659824127245 -0.98070510873753947
    outer loop
      vertex -0.18117333157176443 -0.67614807840234781 -0.23000000000000001
      vertex -0.10285688314206856 -0.78127559314845718 -0.21249229247759593
      vertex -0.2039538564962606 -0.76116615484365668 -0.21249229247759593
    endloop
  endfacet
  facet normal -0.10854699545741116 -0.54570259701464952 -0.83091890421907943
    outer loop
      vertex -0.2039538564962606 -0.76116615484365668 -0.21249229247759593
      vertex -0.10285688314206856 -0.78127559314845718 -0.21249229247759593
      vertex -0.11259640435152532 -0.85525460143116216 -0.16263455967290597
    endloop
  endfacet
  facet normal -0.10854699545741124 -0.54570259701464952 -0.83091890421907955
    outer loop
      vertex -0.2039538564962606 -0.76116615484365668 -0.21249229247759593
      vertex -0.11259640435152532 -0.85525460143116216 -0.16263455967290597
      vertex -0.22326625300697486 -0.83324099983755828 -0.16263455967290597
    endloop
  endfacet
  facet normal -0.16231886518705516 -0.81603204127193563 -0.55474705372984612
    outer loop
      vertex -0.22326625300697486 -0.83324099983755828 -0.16263455967290597
      vertex -0.11259640435152532 -0.85525460143116216 -0.16263455967290597
      vertex -0.11910414436724626 -0.90468579442012054 -0.0880171894439708
    endloop
  endfacet
  facet normal -0.16231886518705543 -0.81603204127193574 -0.55474705372984567
    outer loop
      vertex -0.22326625300697486 -0.83324099983755828 -0.16263455967290597
      vertex -0.11910414436724626 -0.90468579442012054 -0.0880171894439708
      vertex -0.23617038380246133 -0.88139987159382804 -0.0880171894439708
    endloop
  endfacet
  facet normal -0.19135729380625677 -0.96201808025852431 -0.19468846746237764
    outer loop
      vertex -0.23617038380246133 -0.88139987159382804 -0.0880171894439708
      vertex -0.11910414436724626 -0.90468579442012054 -0.0880171894439708
      vertex -0.121389358764648 -0.92204372107764354 0
    endloop
  endfacet
  facet normal -0.1913572938062566 -0.96201808025852442 -0.19468846746237786
    outer loop
      vertex -0.23617038380246133 -0.88139987159382804 -0.0880171894439708
      vertex -0.121389358764648 -0.92204372107764354 0
      vertex -0.24070171194534418 -0.89831101844883343 0
    endloop
  endfacet
  facet normal -0.064151648767623429 -0.97876502113507602 0.19468846746237897
    outer loop
      vertex -0.121389358764648 -0.92204372107764354 0
      vertex -1.7083822848105575e-16 -0.92999999999999994 0
      vertex -1.6762211478439772e-16 -0.91249229247759589 0.088017189443970648
    endloop
  endfacet
  facet normal -0.064151648767622665 -0.97876502113507613 0.19468846746237797
    outer loop
      vertex -0.121389358764648 -0.92204372107764354 0
      vertex -1.6762211478439772e-16 -0.91249229247759589 0.088017189443970648
      vertex -0.11910414436724626 -0.90468579442012054 0.088017189443970648
    endloop
  endfacet
  facet normal -0.054416649716952724 -0.83023763743378864 0.55474705372984501
    outer loop
      vertex -0.11910414436724626 -0.90468579442012054 0.088017189443970648
      vertex -1.6762211478439772e-16 -0.91249229247759589 0.088017189443970648
      vertex -1.584633978505966e-16 -0.86263455967290592 0.16263455967290594
    endloop
  endfacet
  facet normal -0.05441664971695305 -0.83023763743378831 0.55474705372984534
    outer loop
      vertex -0.11910414436724626 -0.90468579442012054 0.088017189443970648
      vertex -1.584633978505966e-16 -0.86263455967290592 0.16263455967290594
      vertex -0.11259640435152532 -0.85525460143116216 0.16263455967290594
    endloop
  endfacet
  facet normal -0.036389878790901595 -0.55520226164250064 0.83091890421907955
    outer loop
      vertex -0.11259640435152532 -0.85525460143116216 0.16263455967290594
      vertex -1.584633978505966e-16 -0.86263455967290592 0.16263455967290594
      vertex -1.4475640930884779e-16 -0.78801718944397059 0.21249229247759596
    endloop
  endfacet
  facet normal -0.036389878790901664 -0.55520226164250053 0.83091890421907943
    outer loop
      vertex -0.11259640435152532 -0.85525460143116216 0.16263455967290594
      vertex -1.4475640930884779e-16 -0.78801718944397059 0.21249229247759596
      vertex -0.10285688314206855 -0.78127559314845707 0.21249229247759596
    endloop
  endfacet
  facet normal -0.012785850036173474 -0.19507437488030893 0.98070510873753947
    outer loop
      vertex -0.10285688314206855 -0.78127559314845707 0.21249229247759596
      vertex -1.4475640930884779e-16 -0.78801718944397059 0.21249229247759596
      vertex -1.2858791391047207e-16 -0.69999999999999996 0.23000000000000001
    endloop
  endfacet
  facet normal -0.012785850036173501 -0.19507437488030893 0.98070510873753958
    outer loop
      vertex -0.10285688314206855 -0.78127559314845707 0.21249229247759596
      vertex -1.2858791391047207e-16 -0.69999999999999996 0.23000000000000001
      vertex -0.091368334554036132 -0.69401140296166719 0.23000000000000001
    endloop
  endfacet
  facet normal 0.012785850036173503 0.19507437488030896 0.98070510873753958
    outer loop
      vertex -0.091368334554036132 -0.69401140296166719 0.23000000000000001
      vertex -1.2858791391047207e-16 -0.69999999999999996 0.23000000000000001
      vertex -1.1241941851209636e-16 -0.61198281055602932 0.21249229247759596
    endloop
  endfacet
  facet normal 0.01278585003617354 0.19507437488030893 0.98070510873753947
    outer loop
      vertex -0.091368334554036132 -0.69401140296166719 0.23000000000000001
      vertex -1.1241941851209636e-16 -0.61198281055602932 0.21249229247759596
      vertex -0.07987978596600373 -0.60674721277487731 0.21249229247759596
    endloop
  endfacet
  facet normal 0.036389878790901858 0.55520226164250064 0.83091890421907943
    outer loop
      vertex -0.07987978596600373 -0.60674721277487731 0.21249229247759596
      vertex -1.1241941851209636e-16 -0.61198281055602932 0.21249229247759596
      vertex -9.8712429970347544e-17 -0.53736544032709399 0.16263455967290594
    endloop
  endfacet
  facet normal 0.036389878790901192 0.55520226164250108 0.8309189042190791
    outer loop
      vertex -0.07987978596600373 -0.60674721277487731 0.21249229247759596
      vertex -9.8712429970347544e-17 -0.53736544032709399 0.16263455967290594
      vertex -0.070140264756546958 -0.53276820449217233 0.16263455967290594
    endloop
  endfacet
  facet normal 0.054416649716952412 0.83023763743378853 0.55474705372984512
    outer loop
      vertex -0.070140264756546958 -0.53276820449217233 0.16263455967290594
      vertex -9.8712429970347544e-17 -0.53736544032709399 0.16263455967290594
      vertex -8.9553713036546412e-17 -0.48750770752240402 0.088017189443970675
    endloop
  endfacet
  facet normal 0.054416649716952988 0.8302376374337882 0.55474705372984556
    outer loop
      vertex -0.070140264756546958 -0.53276820449217233 0.16263455967290594
      vertex -8.9553713036546412e-17 -0.48750770752240402 0.088017189443970675
      vertex -0.063632524740826021 -0.48333701150321395 0.088017189443970675
    endloop
  endfacet
  facet normal 0.064151648767622971 0.97876502113507602 0.194688467462379
    outer loop
      vertex -0.063632524740826021 -0.48333701150321395 0.088017189443970675
      vertex -8.9553713036546412e-17 -0.48750770752240402 0.088017189443970675
      vertex -8.6337599339888395e-17 -0.46999999999999997 2.8166876380389123e-17
    endloop
  endfacet
  facet normal 0.064151648767623248 0.97876502113507591 0.19468846746237917
    outer loop
      vertex -0.063632524740826021 -0.48333701150321395 0.088017189443970675
      vertex -8.6337599339888395e-17 -0.46999999999999997 2.8166876380389123e-17
      vertex -0.061347310343424263 -0.46597908484569084 2.8166876380389123e-17
    endloop
  endfacet
  facet normal 0.064151648767623234 0.97876502113507602 -0.19468846746237836
    outer loop
      vertex -0.061347310343424263 -0.46597908484569084 2.8166876380389123e-17
      vertex -8.6337599339888395e-17 -0.46999999999999997 2.8166876380389123e-17
      vertex -8.95537130365464e-17 -0.48750770752240397 -0.088017189443970634
    endloop
  endfacet
  facet normal 0.064151648767622985 0.97876502113507602 -0.19468846746237847
    outer loop
      vertex -0.061347310343424263 -0.46597908484569084 2.8166876380389123e-17
      vertex -8.95537130365464e-17 -0.48750770752240397 -0.088017189443970634
      vertex -0.063632524740826008 -0.4833370115032139 -0.088017189443970634
    endloop
  endfacet
  facet normal 0.05441664971695296 0.8302376374337882 -0.55474705372984545
    outer loop
      vertex -0.063632524740826008 -0.4833370115032139 -0.088017189443970634
      vertex -8.95537130365464e-17 -0.48750770752240397 -0.088017189443970634
      vertex -9.8712429970347544e-17 -0.53736544032709399 -0.16263455967290591
    endloop
  endfacet
  facet normal 0.054416649716952412 0.83023763743378798 -0.55474705372984578
    outer loop
      vertex -0.063632524740826008 -0.4833370115032139 -0.088017189443970634
      vertex -9.8712429970347544e-17 -0.53736544032709399 -0.16263455967290591
      vertex -0.070140264756546958 -0.53276820449217233 -0.16263455967290591
    endloop
  endfacet
  facet normal 0.036389878790901199 0.55520226164250097 -0.83091890421907921
    outer loop
      vertex -0.070140264756546958 -0.53276820449217233 -0.16263455967290591
      vertex -9.8712429970347544e-17 -0.53736544032709399 -0.16263455967290591
      vertex -1.1241941851209633e-16 -0.61198281055602921 -0.21249229247759591
    endloop
  endfacet
  facet normal 0.036389878790901886 0.55520226164250142 -0.83091890421907899
    outer loop
      vertex -0.070140264756546958 -0.53276820449217233 -0.16263455967290591
      vertex -1.1241941851209633e-16 -0.61198281055602921 -0.21249229247759591
      vertex -0.079879785966003716 -0.6067472127748772 -0.21249229247759591
    endloop
  endfacet
  facet normal 0.012785850036173559 0.19507437488030932 -0.98070510873753947
    outer loop
      vertex -0.079879785966003716 -0.6067472127748772 -0.21249229247759591
      vertex -1.1241941851209633e-16 -0.61198281055602921 -0.21249229247759591
      vertex -1.2858791391047207e-16 -0.69999999999999996 -0.23000000000000001
    endloop
  endfacet
  facet normal 0.012785850036173508 0.19507437488030924 -0.98070510873753935
    outer loop
      vertex -0.079879785966003716 -0.6067472127748772 -0.21249229247759591
      vertex -1.2858791391047207e-16 -0.69999999999999996 -0.23000000000000001
      vertex -0.091368334554036132 -0.69401140296166719 -0.23000000000000001
    endloop
  endfacet
  facet normal -0.012785850036173507 -0.19507437488030901 -0.98070510873753958
    outer loop
      vertex -0.091368334554036132 -0.69401140296166719 -0.23000000000000001
      vertex -1.2858791391047207e-16 -0.69999999999999996 -0.23000000000000001
      vertex -1.4475640930884782e-16 -0.7880171894439707 -0.21249229247759593
    endloop
  endfacet
  facet normal -0.012785850036173474 -0.19507437488030901 -0.98070510873753947
    outer loop
      vertex -0.091368334554036132 -0.69401140296166719 -0.23000000000000001
      vertex -1.4475640930884782e-16 -0.7880171894439707 -0.21249229247759593
      vertex -0.10285688314206856 -0.78127559314845718 -0.21249229247759593
    endloop
  endfacet
  facet normal -0.036389878790901706 -0.55520226164250075 -0.83091890421907932
    outer loop
      vertex -0.10285688314206856 -0.78127559314845718 -0.21249229247759593
      vertex -1.4475640930884782e-16 -0.7880171894439707 -0.21249229247759593
      vertex -1.584633978505966e-16 -0.86263455967290592 -0.16263455967290597
    endloop
  endfacet
  facet normal -0.036389878790901616 -0.55520226164250053 -0.83091890421907943
    outer loop
      vertex -0.10285688314206856 -0.78127559314845718 -0.21249229247759593
      vertex -1.584633978505966e-16 -0.86263455967290592 -0.16263455967290597
      vertex -0.11259640435152532 -0.85525460143116216 -0.16263455967290597
    endloop
  endfacet
  facet normal -0.054416649716953015 -0.8302376374337882 -0.55474705372984556
    outer loop
      vertex -0.11259640435152532 -0.85525460143116216 -0.16263455967290597
      vertex -1.584633978505966e-16 -0.86263455967290592 -0.16263455967290597
      vertex -1.6762211478439772e-16 -0.91249229247759589 -0.0880171894439708
    endloop
  endfacet
  facet normal -0.054416649716952627 -0.83023763743378787 -0.55474705372984601
    outer loop
      vertex -0.11259640435152532 -0.85525460143116216 -0.16263455967290597
      vertex -1.6762211478439772e-16 -0.91249229247759589 -0.0880171894439708
      vertex -0.11910414436724626 -0.90468579442012054 -0.0880171894439708
    endloop
  endfacet
  facet normal -0.064151648767622652 -0.97876502113507602 -0.19468846746237864
    outer loop
      vertex -0.11910414436724626 -0.90468579442012054 -0.0880171894439708
      vertex -1.6762211478439772e-16 -0.91249229247759589 -0.0880171894439708
      vertex -1.7083822848105575e-16 -0.92999999999999994 0
    endloop
  endfacet
  facet normal -0.064151648767623456 -0.97876502113507624 -0.19468846746237764
    outer loop
      vertex -0.11910414436724626 -0.90468579442012054 -0.0880171894439708
      vertex -1.7083822848105575e-16 -0.92999999999999994 0
      vertex -0.121389358764648 -0.92204372107764354 0
    endloop
  endfacet
  facet normal 0.064151648767622541 -0.97876502113507624 0.19468846746237797
    outer loop
      vertex -1.7083822848105575e-16 -0.92999999999999994 0
      vertex 0.12138935876464767 -0.92204372107764365 0
      vertex 0.11910414436724592 -0.90468579442012065 0.088017189443970648
    endloop
  endfacet
  facet normal 0.064151648767621736 -0.97876502113507602 0.19468846746237897
    outer loop
      vertex -1.7083822848105575e-16 -0.92999999999999994 0
      vertex 0.11910414436724592 -0.90468579442012065 0.088017189443970648
      vertex -1.6762211478439772e-16 -0.91249229247759589 0.088017189443970648
    endloop
  endfacet
  facet normal 0.054416649716951933 -0.83023763743378853 0.55474705372984534
    outer loop
      vertex -1.6762211478439772e-16 -0.91249229247759589 0.088017189443970648
      vertex 0.11910414436724592 -0.90468579442012065 0.088017189443970648
      vertex 0.112596404351525 -0.85525460143116228 0.16263455967290594
    endloop
  endfacet
  facet normal 0.054416649716952217 -0.83023763743378876 0.55474705372984501
    outer loop
      vertex -1.6762211478439772e-16 -0.91249229247759589 0.088017189443970648
      vertex 0.112596404351525 -0.85525460143116228 0.16263455967290594
      vertex -1.584633978505966e-16 -0.86263455967290592 0.16263455967290594
    endloop
  endfacet
  facet normal 0.036389878790901047 -0.55520226164250064 0.83091890421907943
    outer loop
      vertex -1.584633978505966e-16 -0.86263455967290592 0.16263455967290594
      vertex 0.112596404351525 -0.85525460143116228 0.16263455967290594
      vertex 0.10285688314206826 -0.78127559314845718 0.21249229247759596
    endloop
  endfacet
  facet normal 0.036389878790901116 -0.55520226164250064 0.83091890421907943
    outer loop
      vertex -1.584633978505966e-16 -0.86263455967290592 0.16263455967290594
      vertex 0.10285688314206826 -0.78127559314845718 0.21249229247759596
      vertex -1.4475640930884779e-16 -0.78801718944397059 0.21249229247759596
    endloop
  endfacet
  facet normal 0.012785850036173269 -0.19507437488030899 0.98070510873753947
    outer loop
      vertex -1.4475640930884779e-16 -0.78801718944397059 0.21249229247759596
      vertex 0.10285688314206826 -0.78127559314845718 0.21249229247759596
      vertex 0.091368334554035882 -0.6940114029616673 0.23000000000000001
    endloop
  endfacet
  facet normal 0.012785850036173265 -0.19507437488030899 0.98070510873753958
    outer loop
      vertex -1.4475640930884779e-16 -0.78801718944397059 0.21249229247759596
      vertex 0.091368334554035882 -0.6940114029616673 0.23000000000000001
      vertex -1.2858791391047207e-16 -0.69999999999999996 0.23000000000000001
    endloop
  endfacet
  facet normal -0.012785850036173265 0.19507437488030896 0.98070510873753958
    outer loop
      vertex -1.2858791391047207e-16 -0.69999999999999996 0.23000000000000001
      vertex 0.091368334554035882 -0.6940114029616673 0.23000000000000001
      vertex 0.079879785966003508 -0.60674721277487742 0.21249229247759596
    endloop
  endfacet
  facet normal -0.012785850036173272 0.19507437488030899 0.98070510873753958
    outer loop
      vertex -1.2858791391047207e-16 -0.69999999999999996 0.23000000000000001
      vertex 0.079879785966003508 -0.60674721277487742 0.21249229247759596
      vertex -1.1241941851209636e-16 -0.61198281055602932 0.21249229247759596
    endloop
  endfacet
  facet normal -0.036389878790901088 0.55520226164250053 0.83091890421907966
    outer loop
      vertex -1.1241941851209636e-16 -0.61198281055602932 0.21249229247759596
      vertex 0.079879785966003508 -0.60674721277487742 0.21249229247759596
      vertex 0.070140264756546764 -0.53276820449217233 0.16263455967290594
    endloop
  endfacet
  facet normal -0.036389878790901165 0.55520226164250053 0.83091890421907955
    outer loop
      vertex -1.1241941851209636e-16 -0.61198281055602932 0.21249229247759596
      vertex 0.070140264756546764 -0.53276820449217233 0.16263455967290594
      vertex -9.8712429970347544e-17 -0.53736544032709399 0.16263455967290594
    endloop
  endfacet
  facet normal -0.054416649716952412 0.83023763743378853 0.55474705372984501
    outer loop
      vertex -9.8712429970347544e-17 -0.53736544032709399 0.16263455967290594
      vertex 0.070140264756546764 -0.53276820449217233 0.16263455967290594
      vertex 0.063632524740825841 -0.48333701150321401 0.088017189443970675
    endloop
  endfacet
  facet normal -0.054416649716952183 0.83023763743378853 0.55474705372984523
    outer loop
      vertex -9.8712429970347544e-17 -0.53736544032709399 0.16263455967290594
      vertex 0.063632524740825841 -0.48333701150321401 0.088017189443970675
      vertex -8.9553713036546412e-17 -0.48750770752240402 0.088017189443970675
    endloop
  endfacet
  facet normal -0.06415164876762211 0.97876502113507602 0.19468846746237917
    outer loop
      vertex -8.9553713036546412e-17 -0.48750770752240402 0.088017189443970675
      vertex 0.063632524740825841 -0.48333701150321401 0.088017189443970675
      vertex 0.06134731034342409 -0.46597908484569089 2.8166876380389123e-17
    endloop
  endfacet
  facet normal -0.06415164876762236 0.97876502113507602 0.194688467462379
    outer loop
      vertex -8.9553713036546412e-17 -0.48750770752240402 0.088017189443970675
      vertex 0.06134731034342409 -0.46597908484569089 2.8166876380389123e-17
      vertex -8.6337599339888395e-17 -0.46999999999999997 2.8166876380389123e-17
    endloop
  endfacet
  facet normal -0.06415164876762236 0.97876502113507624 -0.19468846746237853
    outer loop
      vertex -8.6337599339888395e-17 -0.46999999999999997 2.8166876380389123e-17
      vertex 0.06134731034342409 -0.46597908484569089 2.8166876380389123e-17
      vertex 0.063632524740825827 -0.48333701150321395 -0.088017189443970634
    endloop
  endfacet
  facet normal -0.06415164876762218 0.97876502113507635 -0.19468846746237842
    outer loop
      vertex -8.6337599339888395e-17 -0.46999999999999997 2.8166876380389123e-17
      vertex 0.063632524740825827 -0.48333701150321395 -0.088017189443970634
      vertex -8.95537130365464e-17 -0.48750770752240397 -0.088017189443970634
    endloop
  endfacet
  facet normal -0.054416649716952252 0.83023763743378831 -0.55474705372984534
    outer loop
      vertex -8.95537130365464e-17 -0.48750770752240397 -0.088017189443970634
      vertex 0.063632524740825827 -0.48333701150321395 -0.088017189443970634
      vertex 0.070140264756546764 -0.53276820449217233 -0.16263455967290591
    endloop
  endfacet
  facet normal -0.054416649716952425 0.8302376374337882 -0.55474705372984545
    outer loop
      vertex -8.95537130365464e-17 -0.48750770752240397 -0.088017189443970634
      vertex 0.070140264756546764 -0.53276820449217233 -0.16263455967290591
      vertex -9.8712429970347544e-17 -0.53736544032709399 -0.16263455967290591
    endloop
  endfacet
  facet normal -0.036389878790901192 0.55520226164250086 -0.83091890421907921
    outer loop
      vertex -9.8712429970347544e-17 -0.53736544032709399 -0.16263455967290591
      vertex 0.070140264756546764 -0.53276820449217233 -0.16263455967290591
      vertex 0.079879785966003494 -0.60674721277487731 -0.21249229247759591
    endloop
  endfacet
  facet normal -0.03638987879090113 0.55520226164250097 -0.83091890421907921
    outer loop
      vertex -9.8712429970347544e-17 -0.53736544032709399 -0.16263455967290591
      vertex 0.079879785966003494 -0.60674721277487731 -0.21249229247759591
      vertex -1.1241941851209633e-16 -0.61198281055602921 -0.21249229247759591
    endloop
  endfacet
  facet normal -0.01278585003617329 0.19507437488030932 -0.98070510873753947
    outer loop
      vertex -1.1241941851209633e-16 -0.61198281055602921 -0.21249229247759591
      vertex 0.079879785966003494 -0.60674721277487731 -0.21249229247759591
      vertex 0.091368334554035882 -0.6940114029616673 -0.23000000000000001
    endloop
  endfacet
  facet normal -0.012785850036173272 0.19507437488030929 -0.98070510873753935
    outer loop
      vertex -1.1241941851209633e-16 -0.61198281055602921 -0.21249229247759591
      vertex 0.091368334554035882 -0.6940114029616673 -0.23000000000000001
      vertex -1.2858791391047207e-16 -0.69999999999999996 -0.23000000000000001
    endloop
  endfacet
  facet normal 0.012785850036173271 -0.19507437488030901 -0.98070510873753958
    outer loop
      vertex -1.2858791391047207e-16 -0.69999999999999996 -0.23000000000000001
      vertex 0.091368334554035882 -0.6940114029616673 -0.23000000000000001
      vertex 0.10285688314206827 -0.78127559314845729 -0.21249229247759593
    endloop
  endfacet
  facet normal 0.012785850036173265 -0.19507437488030901 -0.98070510873753947
    outer loop
      vertex -1.2858791391047207e-16 -0.69999999999999996 -0.23000000000000001
      vertex 0.10285688314206827 -0.78127559314845729 -0.21249229247759593
      vertex -1.4475640930884782e-16 -0.7880171894439707 -0.21249229247759593
    endloop
  endfacet
  facet normal 0.036389878790901102 -0.55520226164250064 -0.83091890421907932
    outer loop
      vertex -1.4475640930884782e-16 -0.7880171894439707 -0.21249229247759593
      vertex 0.10285688314206827 -0.78127559314845729 -0.21249229247759593
      vertex 0.112596404351525 -0.85525460143116228 -0.16263455967290597
    endloop
  endfacet
  facet normal 0.036389878790901074 -0.55520226164250075 -0.83091890421907943
    outer loop
      vertex -1.4475640930884782e-16 -0.7880171894439707 -0.21249229247759593
      vertex 0.112596404351525 -0.85525460143116228 -0.16263455967290597
      vertex -1.584633978505966e-16 -0.86263455967290592 -0.16263455967290597
    endloop
  endfacet
  facet normal 0.05441664971695219 -0.83023763743378787 -0.55474705372984601
    outer loop
      vertex -1.584633978505966e-16 -0.86263455967290592 -0.16263455967290597
      vertex 0.112596404351525 -0.85525460143116228 -0.16263455967290597
      vertex 0.11910414436724592 -0.90468579442012065 -0.0880171894439708
    endloop
  endfacet
  facet normal 0.054416649716951926 -0.8302376374337882 -0.55474705372984567
    outer loop
      vertex -1.584633978505966e-16 -0.86263455967290592 -0.16263455967290597
      vertex 0.11910414436724592 -0.90468579442012065 -0.0880171894439708
      vertex -1.6762211478439772e-16 -0.91249229247759589 -0.0880171894439708
    endloop
  endfacet
  facet normal 0.064151648767621763 -0.97876502113507635 -0.19468846746237761
    outer loop
      vertex -1.6762211478439772e-16 -0.91249229247759589 -0.0880171894439708
      vertex 0.11910414436724592 -0.90468579442012065 -0.0880171894439708
      vertex 0.12138935876464767 -0.92204372107764365 0
    endloop
  endfacet
  facet normal 0.064151648767622541 -0.97876502113507613 -0.19468846746237867
    outer loop
      vertex -1.6762211478439772e-16 -0.91249229247759589 -0.0880171894439708
      vertex 0.12138935876464767 -0.92204372107764365 0
      vertex -1.7083822848105575e-16 -0.92999999999999994 0
    endloop
  endfacet
  facet normal 0.19135729380625657 -0.96201808025852431 0.19468846746237822
    outer loop
      vertex 0.12138935876464767 -0.92204372107764365 0
      vertex 0.24070171194534387 -0.89831101844883354 0
      vertex 0.23617038380246103 -0.88139987159382815 0.088017189443970648
    endloop
  endfacet
  facet normal 0.19135729380625674 -0.96201808025852431 0.19468846746237795
    outer loop
      vertex 0.12138935876464767 -0.92204372107764365 0
      vertex 0.23617038380246103 -0.88139987159382815 0.088017189443970648
      vertex 0.11910414436724592 -0.90468579442012065 0.088017189443970648
    endloop
  endfacet
  facet normal 0.16231886518705549 -0.81603204127193618 0.55474705372984501
    outer loop
      vertex 0.11910414436724592 -0.90468579442012065 0.088017189443970648
      vertex 0.23617038380246103 -0.88139987159382815 0.088017189443970648
      vertex 0.22326625300697459 -0.83324099983755839 0.16263455967290594
    endloop
  endfacet
  facet normal 0.16231886518705518 -0.81603204127193607 0.55474705372984534
    outer loop
      vertex 0.11910414436724592 -0.90468579442012065 0.088017189443970648
      vertex 0.22326625300697459 -0.83324099983755839 0.16263455967290594
      vertex 0.112596404351525 -0.85525460143116228 0.16263455967290594
    endloop
  endfacet
  facet normal 0.10854699545741114 -0.5457025970146494 0.83091890421907966
    outer loop
      vertex 0.112596404351525 -0.85525460143116228 0.16263455967290594
      vertex 0.22326625300697459 -0.83324099983755839 0.16263455967290594
      vertex 0.2039538564962603 -0.76116615484365668 0.21249229247759596
    endloop
  endfacet
  facet normal 0.10854699545741116 -0.5457025970146494 0.83091890421907955
    outer loop
      vertex 0.112596404351525 -0.85525460143116228 0.16263455967290594
      vertex 0.2039538564962603 -0.76116615484365668 0.21249229247759596
      vertex 0.10285688314206826 -0.78127559314845718 0.21249229247759596
    endloop
  endfacet
  facet normal 0.038138780669493728 -0.19173659824127218 0.98070510873753947
    outer loop
      vertex 0.10285688314206826 -0.78127559314845718 0.21249229247759596
      vertex 0.2039538564962603 -0.76116615484365668 0.21249229247759596
      vertex 0.18117333157176418 -0.67614807840234781 0.23000000000000001
    endloop
  endfacet
  facet normal 0.038138780669493909 -0.19173659824127234 0.98070510873753958
    outer loop
      vertex 0.10285688314206826 -0.78127559314845718 0.21249229247759596
      vertex 0.18117333157176418 -0.67614807840234781 0.23000000000000001
      vertex 0.091368334554035882 -0.6940114029616673 0.23000000000000001
    endloop
  endfacet
  facet normal -0.038138780669493923 0.19173659824127237 0.98070510873753958
    outer loop
      vertex 0.091368334554035882 -0.6940114029616673 0.23000000000000001
      vertex 0.18117333157176418 -0.67614807840234781 0.23000000000000001
      vertex 0.1583928066472681 -0.59113000196103904 0.21249229247759596
    endloop
  endfacet
  facet normal -0.038138780669493819 0.19173659824127234 0.98070510873753958
    outer loop
      vertex 0.091368334554035882 -0.6940114029616673 0.23000000000000001
      vertex 0.1583928066472681 -0.59113000196103904 0.21249229247759596
      vertex 0.079879785966003508 -0.60674721277487742 0.21249229247759596
    endloop
  endfacet
  facet normal -0.10854699545741132 0.54570259701464929 0.83091890421907966
    outer loop
      vertex 0.079879785966003508 -0.60674721277487742 0.21249229247759596
      vertex 0.1583928066472681 -0.59113000196103904 0.21249229247759596
      vertex 0.13908041013655381 -0.51905515696713733 0.16263455967290594
    endloop
  endfacet
  facet normal -0.10854699545741138 0.5457025970146494 0.83091890421907955
    outer loop
      vertex 0.079879785966003508 -0.60674721277487742 0.21249229247759596
      vertex 0.13908041013655381 -0.51905515696713733 0.16263455967290594
      vertex 0.070140264756546764 -0.53276820449217233 0.16263455967290594
    endloop
  endfacet
  facet normal -0.1623188651870556 0.81603204127193629 0.55474705372984467
    outer loop
      vertex 0.070140264756546764 -0.53276820449217233 0.16263455967290594
      vertex 0.13908041013655381 -0.51905515696713733 0.16263455967290594
      vertex 0.12617627934106737 -0.47089628521086763 0.088017189443970675
    endloop
  endfacet
  facet normal -0.16231886518705518 0.81603204127193618 0.55474705372984501
    outer loop
      vertex 0.070140264756546764 -0.53276820449217233 0.16263455967290594
      vertex 0.12617627934106737 -0.47089628521086763 0.088017189443970675
      vertex 0.063632524740825841 -0.48333701150321401 0.088017189443970675
    endloop
  endfacet
  facet normal -0.19135729380625632 0.96201808025852409 0.19468846746237936
    outer loop
      vertex 0.063632524740825841 -0.48333701150321401 0.088017189443970675
      vertex 0.12617627934106737 -0.47089628521086763 0.088017189443970675
      vertex 0.12164495119818453 -0.45398513835586213 2.8166876380389123e-17
    endloop
  endfacet
  facet normal -0.19135729380625663 0.9620180802585242 0.19468846746237917
    outer loop
      vertex 0.063632524740825841 -0.48333701150321401 0.088017189443970675
      vertex 0.12164495119818453 -0.45398513835586213 2.8166876380389123e-17
      vertex 0.06134731034342409 -0.46597908484569089 2.8166876380389123e-17
    endloop
  endfacet
  facet normal -0.19135729380625663 0.9620180802585242 -0.19468846746237869
    outer loop
      vertex 0.06134731034342409 -0.46597908484569089 2.8166876380389123e-17
      vertex 0.12164495119818453 -0.45398513835586213 2.8166876380389123e-17
      vertex 0.12617627934106734 -0.47089628521086757 -0.088017189443970634
    endloop
  endfacet
  facet normal -0.19135729380625635 0.96201808025852431 -0.1946884674623785
    outer loop
      vertex 0.06134731034342409 -0.46597908484569089 2.8166876380389123e-17
      vertex 0.12617627934106734 -0.47089628521086757 -0.088017189443970634
      vertex 0.063632524740825827 -0.48333701150321395 -0.088017189443970634
    endloop
  endfacet
  facet normal -0.16231886518705516 0.81603204127193618 -0.55474705372984512
    outer loop
      vertex 0.063632524740825827 -0.48333701150321395 -0.088017189443970634
      vertex 0.12617627934106734 -0.47089628521086757 -0.088017189443970634
      vertex 0.13908041013655381 -0.51905515696713733 -0.16263455967290591
    endloop
  endfacet
  facet normal -0.16231886518705549 0.81603204127193585 -0.55474705372984534
    outer loop
      vertex 0.063632524740825827 -0.48333701150321395 -0.088017189443970634
      vertex 0.13908041013655381 -0.51905515696713733 -0.16263455967290591
      vertex 0.070140264756546764 -0.53276820449217233 -0.16263455967290591
    endloop
  endfacet
  facet normal -0.10854699545741148 0.54570259701464974 -0.83091890421907932
    outer loop
      vertex 0.070140264756546764 -0.53276820449217233 -0.16263455967290591
      vertex 0.13908041013655381 -0.51905515696713733 -0.16263455967290591
      vertex 0.15839280664726807 -0.59113000196103893 -0.21249229247759591
    endloop
  endfacet
  facet normal -0.10854699545741141 0.54570259701464963 -0.83091890421907932
    outer loop
      vertex 0.070140264756546764 -0.53276820449217233 -0.16263455967290591
      vertex 0.15839280664726807 -0.59113000196103893 -0.21249229247759591
      vertex 0.079879785966003494 -0.60674721277487731 -0.21249229247759591
    endloop
  endfacet
  facet normal -0.038138780669493916 0.19173659824127276 -0.98070510873753947
    outer loop
      vertex 0.079879785966003494 -0.60674721277487731 -0.21249229247759591
      vertex 0.15839280664726807 -0.59113000196103893 -0.21249229247759591
      vertex 0.18117333157176418 -0.67614807840234781 -0.23000000000000001
    endloop
  endfacet
  facet normal -0.038138780669493978 0.19173659824127265 -0.98070510873753935
    outer loop
      vertex 0.079879785966003494 -0.60674721277487731 -0.21249229247759591
      vertex 0.18117333157176418 -0.67614807840234781 -0.23000000000000001
      vertex 0.091368334554035882 -0.6940114029616673 -0.23000000000000001
    endloop
  endfacet
  facet normal 0.038138780669493895 -0.19173659824127226 -0.98070510873753958
    outer loop
      vertex 0.091368334554035882 -0.6940114029616673 -0.23000000000000001
      vertex 0.18117333157176418 -0.67614807840234781 -0.23000000000000001
      vertex 0.20395385649626033 -0.76116615484365679 -0.21249229247759593
    endloop
  endfacet
  facet normal 0.03813878066949377 -0.19173659824127237 -0.98070510873753947
    outer loop
      vertex 0.091368334554035882 -0.6940114029616673 -0.23000000000000001
      vertex 0.20395385649626033 -0.76116615484365679 -0.21249229247759593
      vertex 0.10285688314206827 -0.78127559314845729 -0.21249229247759593
    endloop
  endfacet
  facet normal 0.10854699545741116 -0.54570259701464952 -0.83091890421907943
    outer loop
      vertex 0.10285688314206827 -0.78127559314845729 -0.21249229247759593
      vertex 0.20395385649626033 -0.76116615484365679 -0.21249229247759593
      vertex 0.22326625300697459 -0.83324099983755839 -0.16263455967290597
    endloop
  endfacet
  facet normal 0.10854699545741116 -0.54570259701464963 -0.83091890421907943
    outer loop
      vertex 0.10285688314206827 -0.78127559314845729 -0.21249229247759593
      vertex 0.22326625300697459 -0.83324099983755839 -0.16263455967290597
      vertex 0.112596404351525 -0.85525460143116228 -0.16263455967290597
    endloop
  endfacet
  facet normal 0.16231886518705513 -0.81603204127193585 -0.55474705372984567
    outer loop
      vertex 0.112596404351525 -0.85525460143116228 -0.16263455967290597
      vertex 0.22326625300697459 -0.83324099983755839 -0.16263455967290597
      vertex 0.23617038380246103 -0.88139987159382815 -0.0880171894439708
    endloop
  endfacet
  facet normal 0.16231886518705535 -0.81603204127193552 -0.5547470537298459
    outer loop
      vertex 0.112596404351525 -0.85525460143116228 -0.16263455967290597
      vertex 0.23617038380246103 -0.88139987159382815 -0.0880171894439708
      vertex 0.11910414436724592 -0.90468579442012065 -0.0880171894439708
    endloop
  endfacet
  facet normal 0.19135729380625674 -0.96201808025852431 -0.19468846746237789
    outer loop
      vertex 0.11910414436724592 -0.90468579442012065 -0.0880171894439708
      vertex 0.23617038380246103 -0.88139987159382815 -0.0880171894439708
      vertex 0.24070171194534387 -0.89831101844883354 0
    endloop
  endfacet
  facet normal 0.19135729380625657 -0.96201808025852442 -0.19468846746237764
    outer loop
      vertex 0.11910414436724592 -0.90468579442012065 -0.0880171894439708
      vertex 0.24070171194534387 -0.89831101844883354 0
      vertex 0.12138935876464767 -0.92204372107764365 0
    endloop
  endfacet
  facet normal 0.31528876249360066 -0.92881074330694735 0.19468846746237883
    outer loop
      vertex 0.24070171194534387 -0.89831101844883354 0
      vertex 0.35589559209953292 -0.85920796523549681 0
      vertex 0.34919568249201521 -0.84303295259435385 0.088017189443970648
    endloop
  endfacet
  facet normal 0.3152887624936011 -0.92881074330694735 0.1946884674623782
    outer loop
      vertex 0.24070171194534387 -0.89831101844883354 0
      vertex 0.34919568249201521 -0.84303295259435385 0.088017189443970648
      vertex 0.23617038380246103 -0.88139987159382815 0.088017189443970648
    endloop
  endfacet
  facet normal 0.26744375987051638 -0.78786391063709582 0.55474705372984534
    outer loop
      vertex 0.23617038380246103 -0.88139987159382815 0.088017189443970648
      vertex 0.34919568249201521 -0.84303295259435385 0.088017189443970648
      vertex 0.33011595417237499 -0.79697041371868416 0.16263455967290594
    endloop
  endfacet
  facet normal 0.26744375987051677 -0.78786391063709593 0.5547470537298449
    outer loop
      vertex 0.23617038380246103 -0.88139987159382815 0.088017189443970648
      vertex 0.33011595417237499 -0.79697041371868416 0.16263455967290594
      vertex 0.22326625300697459 -0.83324099983755839 0.16263455967290594
    endloop
  endfacet
  facet normal 0.17884684293673278 -0.52686580965453467 0.83091890421907921
    outer loop
      vertex 0.22326625300697459 -0.83324099983755839 0.16263455967290594
      vertex 0.33011595417237499 -0.79697041371868416 0.16263455967290594
      vertex 0.30156112281910941 -0.72803295259435385 0.21249229247759596
    endloop
  endfacet
  facet normal 0.17884684293673206 -0.52686580965453433 0.83091890421907955
    outer loop
      vertex 0.22326625300697459 -0.83324099983755839 0.16263455967290594
      vertex 0.30156112281910941 -0.72803295259435385 0.21249229247759596
      vertex 0.2039538564962603 -0.76116615484365668 0.21249229247759596
    endloop
  endfacet
  facet normal 0.062839146191491502 -0.18511815524689945 0.98070510873753947
    outer loop
      vertex 0.2039538564962603 -0.76116615484365668 0.21249229247759596
      vertex 0.30156112281910941 -0.72803295259435385 0.21249229247759596
      vertex 0.2678784026555624 -0.64671567275790087 0.23000000000000001
    endloop
  endfacet
  facet normal 0.062839146191491363 -0.1851181552468994 0.98070510873753958
    outer loop
      vertex 0.2039538564962603 -0.76116615484365668 0.21249229247759596
      vertex 0.2678784026555624 -0.64671567275790087 0.23000000000000001
      vertex 0.18117333157176418 -0.67614807840234781 0.23000000000000001
    endloop
  endfacet
  facet normal -0.062839146191491405 0.18511815524689954 0.98070510873753958
    outer loop
      vertex 0.18117333157176418 -0.67614807840234781 0.23000000000000001
      vertex 0.2678784026555624 -0.64671567275790087 0.23000000000000001
      vertex 0.23419568249201542 -0.56539839292144789 0.21249229247759596
    endloop
  endfacet
  facet normal -0.062839146191491557 0.18511815524689959 0.98070510873753958
    outer loop
      vertex 0.18117333157176418 -0.67614807840234781 0.23000000000000001
      vertex 0.23419568249201542 -0.56539839292144789 0.21249229247759596
      vertex 0.1583928066472681 -0.59113000196103904 0.21249229247759596
    endloop
  endfacet
  facet normal -0.17884684293673211 0.52686580965453433 0.83091890421907955
    outer loop
      vertex 0.1583928066472681 -0.59113000196103904 0.21249229247759596
      vertex 0.23419568249201542 -0.56539839292144789 0.21249229247759596
      vertex 0.20564085113874983 -0.49646093179711748 0.16263455967290594
    endloop
  endfacet
  facet normal -0.17884684293673206 0.52686580965453422 0.83091890421907955
    outer loop
      vertex 0.1583928066472681 -0.59113000196103904 0.21249229247759596
      vertex 0.20564085113874983 -0.49646093179711748 0.16263455967290594
      vertex 0.13908041013655381 -0.51905515696713733 0.16263455967290594
    endloop
  endfacet
  facet normal -0.26744375987051588 0.78786391063709604 0.55474705372984512
    outer loop
      vertex 0.13908041013655381 -0.51905515696713733 0.16263455967290594
      vertex 0.20564085113874983 -0.49646093179711748 0.16263455967290594
      vertex 0.18656112281910958 -0.45039839292144784 0.088017189443970675
    endloop
  endfacet
  facet normal -0.26744375987051661 0.78786391063709615 0.55474705372984467
    outer loop
      vertex 0.13908041013655381 -0.51905515696713733 0.16263455967290594
      vertex 0.18656112281910958 -0.45039839292144784 0.088017189443970675
      vertex 0.12617627934106737 -0.47089628521086763 0.088017189443970675
    endloop
  endfacet
  facet normal -0.31528876249360116 0.92881074330694702 0.19468846746237925
    outer loop
      vertex 0.12617627934106737 -0.47089628521086763 0.088017189443970675
      vertex 0.18656112281910958 -0.45039839292144784 0.088017189443970675
      vertex 0.1798612132115919 -0.43422338028030483 2.8166876380389123e-17
    endloop
  endfacet
  facet normal -0.31528876249360099 0.92881074330694724 0.19468846746237936
    outer loop
      vertex 0.12617627934106737 -0.47089628521086763 0.088017189443970675
      vertex 0.1798612132115919 -0.43422338028030483 2.8166876380389123e-17
      vertex 0.12164495119818453 -0.45398513835586213 2.8166876380389123e-17
    endloop
  endfacet
  facet normal -0.31528876249360105 0.92881074330694735 -0.19468846746237856
    outer loop
      vertex 0.12164495119818453 -0.45398513835586213 2.8166876380389123e-17
      vertex 0.1798612132115919 -0.43422338028030483 2.8166876380389123e-17
      vertex 0.18656112281910955 -0.45039839292144779 -0.088017189443970634
    endloop
  endfacet
  facet normal -0.31528876249360116 0.92881074330694724 -0.19468846746237867
    outer loop
      vertex 0.12164495119818453 -0.45398513835586213 2.8166876380389123e-17
      vertex 0.18656112281910955 -0.45039839292144779 -0.088017189443970634
      vertex 0.12617627934106734 -0.47089628521086757 -0.088017189443970634
    endloop
  endfacet
  facet normal -0.26744375987051644 0.7878639106370956 -0.55474705372984556
    outer loop
      vertex 0.12617627934106734 -0.47089628521086757 -0.088017189443970634
      vertex 0.18656112281910955 -0.45039839292144779 -0.088017189443970634
      vertex 0.20564085113874983 -0.49646093179711748 -0.16263455967290591
    endloop
  endfacet
  facet normal -0.26744375987051588 0.78786391063709604 -0.55474705372984512
    outer loop
      vertex 0.12617627934106734 -0.47089628521086757 -0.088017189443970634
      vertex 0.20564085113874983 -0.49646093179711748 -0.16263455967290591
      vertex 0.13908041013655381 -0.51905515696713733 -0.16263455967290591
    endloop
  endfacet
  facet normal -0.17884684293673214 0.52686580965453467 -0.83091890421907921
    outer loop
      vertex 0.13908041013655381 -0.51905515696713733 -0.16263455967290591
      vertex 0.20564085113874983 -0.49646093179711748 -0.16263455967290591
      vertex 0.23419568249201539 -0.56539839292144778 -0.21249229247759591
    endloop
  endfacet
  facet normal -0.17884684293673217 0.52686580965453456 -0.83091890421907921
    outer loop
      vertex 0.13908041013655381 -0.51905515696713733 -0.16263455967290591
      vertex 0.23419568249201539 -0.56539839292144778 -0.21249229247759591
      vertex 0.15839280664726807 -0.59113000196103893 -0.21249229247759591
    endloop
  endfacet
  facet normal -0.062839146191491627 0.18511815524689984 -0.98070510873753947
    outer loop
      vertex 0.15839280664726807 -0.59113000196103893 -0.21249229247759591
      vertex 0.23419568249201539 -0.56539839292144778 -0.21249229247759591
      vertex 0.2678784026555624 -0.64671567275790087 -0.23000000000000001
    endloop
  endfacet
  facet normal -0.062839146191491543 0.18511815524689998 -0.98070510873753935
    outer loop
      vertex 0.15839280664726807 -0.59113000196103893 -0.21249229247759591
      vertex 0.2678784026555624 -0.64671567275790087 -0.23000000000000001
      vertex 0.18117333157176418 -0.67614807840234781 -0.23000000000000001
    endloop
  endfacet
  facet normal 0.062839146191491488 -0.18511815524689978 -0.98070510873753935
    outer loop
      vertex 0.18117333157176418 -0.67614807840234781 -0.23000000000000001
      vertex 0.2678784026555624 -0.64671567275790087 -0.23000000000000001
      vertex 0.30156112281910941 -0.72803295259435385 -0.21249229247759593
    endloop
  endfacet
  facet normal 0.062839146191491682 -0.18511815524689937 -0.98070510873753947
    outer loop
      vertex 0.18117333157176418 -0.67614807840234781 -0.23000000000000001
      vertex 0.30156112281910941 -0.72803295259435385 -0.21249229247759593
      vertex 0.20395385649626033 -0.76116615484365679 -0.21249229247759593
    endloop
  endfacet
  facet normal 0.17884684293673267 -0.52686580965453411 -0.83091890421907943
    outer loop
      vertex 0.20395385649626033 -0.76116615484365679 -0.21249229247759593
      vertex 0.30156112281910941 -0.72803295259435385 -0.21249229247759593
      vertex 0.33011595417237499 -0.79697041371868416 -0.16263455967290597
    endloop
  endfacet
  facet normal 0.17884684293673264 -0.52686580965453422 -0.83091890421907932
    outer loop
      vertex 0.20395385649626033 -0.76116615484365679 -0.21249229247759593
      vertex 0.33011595417237499 -0.79697041371868416 -0.16263455967290597
      vertex 0.22326625300697459 -0.83324099983755839 -0.16263455967290597
    endloop
  endfacet
  facet normal 0.26744375987051655 -0.78786391063709538 -0.55474705372984601
    outer loop
      vertex 0.22326625300697459 -0.83324099983755839 -0.16263455967290597
      vertex 0.33011595417237499 -0.79697041371868416 -0.16263455967290597
      vertex 0.34919568249201521 -0.84303295259435385 -0.0880171894439708
    endloop
  endfacet
  facet normal 0.26744375987051633 -0.78786391063709571 -0.55474705372984567
    outer loop
      vertex 0.22326625300697459 -0.83324099983755839 -0.16263455967290597
      vertex 0.34919568249201521 -0.84303295259435385 -0.0880171894439708
      vertex 0.23617038380246103 -0.88139987159382815 -0.0880171894439708
    endloop
  endfacet
  facet normal 0.3152887624936011 -0.92881074330694746 -0.19468846746237847
    outer loop
      vertex 0.23617038380246103 -0.88139987159382815 -0.0880171894439708
      vertex 0.34919568249201521 -0.84303295259435385 -0.0880171894439708
      vertex 0.35589559209953292 -0.85920796523549681 0
    endloop
  endfacet
  facet normal 0.31528876249360077 -0.92881074330694757 -0.19468846746237792
    outer loop
      vertex 0.23617038380246103 -0.88139987159382815 -0.0880171894439708
      vertex 0.35589559209953292 -0.85920796523549681 0
      vertex 0.24070171194534387 -0.89831101844883354 0
    endloop
  endfacet
  facet normal 0.4338255530401196 -0.87971119702240053 0.19468846746237836
    outer loop
      vertex 0.35589559209953292 -0.85920796523549681 0
      vertex 0.46500000000000008 -0.80540362551952782 0
      vertex 0.45624614623879806 -0.79024150604309806 0.088017189443970648
    endloop
  endfacet
  facet normal 0.43382555304011933 -0.87971119702240053 0.19468846746237883
    outer loop
      vertex 0.35589559209953292 -0.85920796523549681 0
      vertex 0.45624614623879806 -0.79024150604309806 0.088017189443970648
      vertex 0.34919568249201521 -0.84303295259435385 0.088017189443970648
    endloop
  endfacet
  facet normal 0.36799261767317315 -0.74621521005411173 0.55474705372984523
    outer loop
      vertex 0.34919568249201521 -0.84303295259435385 0.088017189443970648
      vertex 0.45624614623879806 -0.79024150604309806 0.088017189443970648
      vertex 0.43131727983645307 -0.74706344285913973 0.16263455967290594
    endloop
  endfacet
  facet normal 0.36799261767317326 -0.74621521005411173 0.55474705372984523
    outer loop
      vertex 0.34919568249201521 -0.84303295259435385 0.088017189443970648
      vertex 0.43131727983645307 -0.74706344285913973 0.16263455967290594
      vertex 0.33011595417237499 -0.79697041371868416 0.16263455967290594
    endloop
  endfacet
  facet normal 0.24608657134769274 -0.49901420221643111 0.83091890421907943
    outer loop
      vertex 0.33011595417237499 -0.79697041371868416 0.16263455967290594
      vertex 0.43131727983645307 -0.74706344285913973 0.16263455967290594
      vertex 0.39400859472198541 -0.68244290467729307 0.21249229247759596
    endloop
  endfacet
  facet normal 0.24608657134769324 -0.49901420221643128 0.83091890421907921
    outer loop
      vertex 0.33011595417237499 -0.79697041371868416 0.16263455967290594
      vertex 0.39400859472198541 -0.68244290467729307 0.21249229247759596
      vertex 0.30156112281910941 -0.72803295259435385 0.21249229247759596
    endloop
  endfacet
  facet normal 0.086464316499850119 -0.17533228929180319 0.98070510873753958
    outer loop
      vertex 0.30156112281910941 -0.72803295259435385 0.21249229247759596
      vertex 0.39400859472198541 -0.68244290467729307 0.21249229247759596
      vertex 0.35000000000000003 -0.60621778264910697 0.23000000000000001
    endloop
  endfacet
  facet normal 0.086464316499850077 -0.17533228929180319 0.98070510873753947
    outer loop
      vertex 0.30156112281910941 -0.72803295259435385 0.21249229247759596
      vertex 0.35000000000000003 -0.60621778264910697 0.23000000000000001
      vertex 0.2678784026555624 -0.64671567275790087 0.23000000000000001
    endloop
  endfacet
  facet normal -0.086464316499850133 0.17533228929180322 0.98070510873753947
    outer loop
      vertex 0.2678784026555624 -0.64671567275790087 0.23000000000000001
      vertex 0.35000000000000003 -0.60621778264910697 0.23000000000000001
      vertex 0.30599140527801472 -0.52999266062092087 0.21249229247759596
    endloop
  endfacet
  facet normal -0.086464316499850064 0.17533228929180319 0.98070510873753947
    outer loop
      vertex 0.2678784026555624 -0.64671567275790087 0.23000000000000001
      vertex 0.30599140527801472 -0.52999266062092087 0.21249229247759596
      vertex 0.23419568249201542 -0.56539839292144789 0.21249229247759596
    endloop
  endfacet
  facet normal -0.24608657134769307 0.49901420221643095 0.83091890421907943
    outer loop
      vertex 0.23419568249201542 -0.56539839292144789 0.21249229247759596
      vertex 0.30599140527801472 -0.52999266062092087 0.21249229247759596
      vertex 0.26868272016354705 -0.46537212243907422 0.16263455967290594
    endloop
  endfacet
  facet normal -0.24608657134769282 0.49901420221643095 0.83091890421907966
    outer loop
      vertex 0.23419568249201542 -0.56539839292144789 0.21249229247759596
      vertex 0.26868272016354705 -0.46537212243907422 0.16263455967290594
      vertex 0.20564085113874983 -0.49646093179711748 0.16263455967290594
    endloop
  endfacet
  facet normal -0.36799261767317343 0.74621521005411162 0.55474705372984512
    outer loop
      vertex 0.20564085113874983 -0.49646093179711748 0.16263455967290594
      vertex 0.26868272016354705 -0.46537212243907422 0.16263455967290594
      vertex 0.24375385376120207 -0.42219405925511594 0.088017189443970675
    endloop
  endfacet
  facet normal -0.36799261767317337 0.74621521005411162 0.55474705372984501
    outer loop
      vertex 0.20564085113874983 -0.49646093179711748 0.16263455967290594
      vertex 0.24375385376120207 -0.42219405925511594 0.088017189443970675
      vertex 0.18656112281910958 -0.45039839292144784 0.088017189443970675
    endloop
  endfacet
  facet normal -0.43382555304011949 0.87971119702240053 0.19468846746237897
    outer loop
      vertex 0.18656112281910958 -0.45039839292144784 0.088017189443970675
      vertex 0.24375385376120207 -0.42219405925511594 0.088017189443970675
      vertex 0.23500000000000004 -0.40703193977868612 2.8166876380389123e-17
    endloop
  endfacet
  facet normal -0.43382555304011905 0.87971119702240064 0.19468846746237928
    outer loop
      vertex 0.18656112281910958 -0.45039839292144784 0.088017189443970675
      vertex 0.23500000000000004 -0.40703193977868612 2.8166876380389123e-17
      vertex 0.1798612132115919 -0.43422338028030483 2.8166876380389123e-17
    endloop
  endfacet
  facet normal -0.43382555304011916 0.87971119702240086 -0.19468846746237825
    outer loop
      vertex 0.1798612132115919 -0.43422338028030483 2.8166876380389123e-17
      vertex 0.23500000000000004 -0.40703193977868612 2.8166876380389123e-17
      vertex 0.24375385376120204 -0.42219405925511588 -0.088017189443970634
    endloop
  endfacet
  facet normal -0.43382555304011949 0.87971119702240053 -0.19468846746237853
    outer loop
      vertex 0.1798612132115919 -0.43422338028030483 2.8166876380389123e-17
      vertex 0.24375385376120204 -0.42219405925511588 -0.088017189443970634
      vertex 0.18656112281910955 -0.45039839292144779 -0.088017189443970634
    endloop
  endfacet
  facet normal -0.36799261767317326 0.7462152100541114 -0.55474705372984545
    outer loop
      vertex 0.18656112281910955 -0.45039839292144779 -0.088017189443970634
      vertex 0.24375385376120204 -0.42219405925511588 -0.088017189443970634
      vertex 0.26868272016354705 -0.46537212243907422 -0.16263455967290591
    endloop
  endfacet
  facet normal -0.36799261767317337 0.7462152100541114 -0.55474705372984556
    outer loop
      vertex 0.18656112281910955 -0.45039839292144779 -0.088017189443970634
      vertex 0.26868272016354705 -0.46537212243907422 -0.16263455967290591
      vertex 0.20564085113874983 -0.49646093179711748 -0.16263455967290591
    endloop
  endfacet
  facet normal -0.24608657134769307 0.49901420221643145 -0.8309189042190791
    outer loop
      vertex 0.20564085113874983 -0.49646093179711748 -0.16263455967290591
      vertex 0.26868272016354705 -0.46537212243907422 -0.16263455967290591
      vertex 0.30599140527801466 -0.52999266062092076 -0.21249229247759591
    endloop
  endfacet
  facet normal -0.24608657134769327 0.49901420221643117 -0.83091890421907932
    outer loop
      vertex 0.20564085113874983 -0.49646093179711748 -0.16263455967290591
      vertex 0.30599140527801466 -0.52999266062092076 -0.21249229247759591
      vertex 0.23419568249201539 -0.56539839292144778 -0.21249229247759591
    endloop
  endfacet
  facet normal -0.086464316499850286 0.17533228929180353 -0.98070510873753947
    outer loop
      vertex 0.23419568249201539 -0.56539839292144778 -0.21249229247759591
      vertex 0.30599140527801466 -0.52999266062092076 -0.21249229247759591
      vertex 0.35000000000000003 -0.60621778264910697 -0.23000000000000001
    endloop
  endfacet
  facet normal -0.086464316499850286 0.1753322892918035 -0.98070510873753947
    outer loop
      vertex 0.23419568249201539 -0.56539839292144778 -0.21249229247759591
      vertex 0.35000000000000003 -0.60621778264910697 -0.23000000000000001
      vertex 0.2678784026555624 -0.64671567275790087 -0.23000000000000001
    endloop
  endfacet
  facet normal 0.086464316499850133 -0.17533228929180319 -0.98070510873753947
    outer loop
      vertex 0.2678784026555624 -0.64671567275790087 -0.23000000000000001
      vertex 0.35000000000000003 -0.60621778264910697 -0.23000000000000001
      vertex 0.39400859472198546 -0.68244290467729318 -0.21249229247759593
    endloop
  endfacet
  facet normal 0.086464316499850022 -0.17533228929180356 -0.98070510873753935
    outer loop
      vertex 0.2678784026555624 -0.64671567275790087 -0.23000000000000001
      vertex 0.39400859472198546 -0.68244290467729318 -0.21249229247759593
      vertex 0.30156112281910941 -0.72803295259435385 -0.21249229247759593
    endloop
  endfacet
  facet normal 0.24608657134769257 -0.4990142022164315 -0.83091890421907921
    outer loop
      vertex 0.30156112281910941 -0.72803295259435385 -0.21249229247759593
      vertex 0.39400859472198546 -0.68244290467729318 -0.21249229247759593
      vertex 0.43131727983645307 -0.74706344285913973 -0.16263455967290597
    endloop
  endfacet
  facet normal 0.24608657134769274 -0.49901420221643111 -0.83091890421907955
    outer loop
      vertex 0.30156112281910941 -0.72803295259435385 -0.21249229247759593
      vertex 0.43131727983645307 -0.74706344285913973 -0.16263455967290597
      vertex 0.33011595417237499 -0.79697041371868416 -0.16263455967290597
    endloop
  endfacet
  facet normal 0.36799261767317298 -0.74621521005411118 -0.5547470537298459
    outer loop
      vertex 0.33011595417237499 -0.79697041371868416 -0.16263455967290597
      vertex 0.43131727983645307 -0.74706344285913973 -0.16263455967290597
      vertex 0.45624614623879806 -0.79024150604309806 -0.0880171894439708
    endloop
  endfacet
  facet normal 0.36799261767317293 -0.74621521005411129 -0.5547470537298459
    outer loop
      vertex 0.33011595417237499 -0.79697041371868416 -0.16263455967290597
      vertex 0.45624614623879806 -0.79024150604309806 -0.0880171894439708
      vertex 0.34919568249201521 -0.84303295259435385 -0.0880171894439708
    endloop
  endfacet
  facet normal 0.43382555304011938 -0.87971119702240064 -0.19468846746237806
    outer loop
      vertex 0.34919568249201521 -0.84303295259435385 -0.0880171894439708
      vertex 0.45624614623879806 -0.79024150604309806 -0.0880171894439708
      vertex 0.46500000000000008 -0.80540362551952782 0
    endloop
  endfacet
  facet normal 0.43382555304011972 -0.87971119702240053 -0.19468846746237853
    outer loop
      vertex 0.34919568249201521 -0.84303295259435385 -0.0880171894439708
      vertex 0.46500000000000008 -0.80540362551952782 0
      vertex 0.35589559209953292 -0.85920796523549681 0
    endloop
  endfacet
  facet normal 0.54493946809495597 -0.81555954825477761 0.19468846746237881
    outer loop
      vertex 0.46500000000000008 -0.80540362551952782 0
      vertex 0.5661481289781094 -0.73781860647084918 0
      vertex 0.55549011192810405 -0.72392880822710792 0.088017189443970648
    endloop
  endfacet
  facet normal 0.54493946809495619 -0.81555954825477739 0.19468846746237847
    outer loop
      vertex 0.46500000000000008 -0.80540362551952782 0
      vertex 0.55549011192810405 -0.72392880822710792 0.088017189443970648
      vertex 0.45624614623879806 -0.79024150604309806 0.088017189443970648
    endloop
  endfacet
  facet normal 0.46224501976061466 -0.69179856033715847 0.55474705372984523
    outer loop
      vertex 0.45624614623879806 -0.79024150604309806 0.088017189443970648
      vertex 0.55549011192810405 -0.72392880822710792 0.088017189443970648
      vertex 0.52513864725878601 -0.6843740093671592 0.16263455967290594
    endloop
  endfacet
  facet normal 0.46224501976061461 -0.69179856033715847 0.55474705372984534
    outer loop
      vertex 0.45624614623879806 -0.79024150604309806 0.088017189443970648
      vertex 0.52513864725878601 -0.6843740093671592 0.16263455967290594
      vertex 0.43131727983645307 -0.74706344285913973 0.16263455967290594
    endloop
  endfacet
  facet normal 0.30911569029480762 -0.46262432342552945 0.83091890421907943
    outer loop
      vertex 0.43131727983645307 -0.74706344285913973 0.16263455967290594
      vertex 0.52513864725878601 -0.6843740093671592 0.16263455967290594
      vertex 0.47971447032934666 -0.62517606945228554 0.21249229247759596
    endloop
  endfacet
  facet normal 0.30911569029480757 -0.4626243234255295 0.83091890421907955
    outer loop
      vertex 0.43131727983645307 -0.74706344285913973 0.16263455967290594
      vertex 0.47971447032934666 -0.62517606945228554 0.21249229247759596
      vertex 0.39400859472198541 -0.68244290467729307 0.21249229247759596
    endloop
  endfacet
  facet normal 0.10861005838045884 -0.16254643925562981 0.98070510873753947
    outer loop
      vertex 0.39400859472198541 -0.68244290467729307 0.21249229247759596
      vertex 0.47971447032934666 -0.62517606945228554 0.21249229247759596
      vertex 0.4261330003061039 -0.55534733820386495 0.23000000000000001
    endloop
  endfacet
  facet normal 0.10861005838045873 -0.16254643925562978 0.98070510873753947
    outer loop
      vertex 0.39400859472198541 -0.68244290467729307 0.21249229247759596
      vertex 0.4261330003061039 -0.55534733820386495 0.23000000000000001
      vertex 0.35000000000000003 -0.60621778264910697 0.23000000000000001
    endloop
  endfacet
  facet normal -0.10861005838045872 0.16254643925562981 0.98070510873753947
    outer loop
      vertex 0.35000000000000003 -0.60621778264910697 0.23000000000000001
      vertex 0.4261330003061039 -0.55534733820386495 0.23000000000000001
      vertex 0.37255153028286109 -0.48551860695544435 0.21249229247759596
    endloop
  endfacet
  facet normal -0.10861005838045878 0.16254643925562987 0.98070510873753958
    outer loop
      vertex 0.35000000000000003 -0.60621778264910697 0.23000000000000001
      vertex 0.37255153028286109 -0.48551860695544435 0.21249229247759596
      vertex 0.30599140527801472 -0.52999266062092087 0.21249229247759596
    endloop
  endfacet
  facet normal -0.30911569029480751 0.4626243234255295 0.83091890421907943
    outer loop
      vertex 0.30599140527801472 -0.52999266062092087 0.21249229247759596
      vertex 0.37255153028286109 -0.48551860695544435 0.21249229247759596
      vertex 0.32712735335342175 -0.4263206670405707 0.16263455967290594
    endloop
  endfacet
  facet normal -0.30911569029480745 0.4626243234255295 0.83091890421907955
    outer loop
      vertex 0.30599140527801472 -0.52999266062092087 0.21249229247759596
      vertex 0.32712735335342175 -0.4263206670405707 0.16263455967290594
      vertex 0.26868272016354705 -0.46537212243907422 0.16263455967290594
    endloop
  endfacet
  facet normal -0.46224501976061461 0.6917985603371587 0.55474705372984512
    outer loop
      vertex 0.26868272016354705 -0.46537212243907422 0.16263455967290594
      vertex 0.32712735335342175 -0.4263206670405707 0.16263455967290594
      vertex 0.29677588868410371 -0.38676586818062203 0.088017189443970675
    endloop
  endfacet
  facet normal -0.46224501976061455 0.6917985603371587 0.55474705372984512
    outer loop
      vertex 0.26868272016354705 -0.46537212243907422 0.16263455967290594
      vertex 0.29677588868410371 -0.38676586818062203 0.088017189443970675
      vertex 0.24375385376120207 -0.42219405925511594 0.088017189443970675
    endloop
  endfacet
  facet normal -0.54493946809495586 0.81555954825477761 0.19468846746237881
    outer loop
      vertex 0.24375385376120207 -0.42219405925511594 0.088017189443970675
      vertex 0.29677588868410371 -0.38676586818062203 0.088017189443970675
      vertex 0.28611787163409835 -0.37287606993688077 2.8166876380389123e-17
    endloop
  endfacet
  facet normal -0.54493946809495575 0.81555954825477761 0.19468846746237894
    outer loop
      vertex 0.24375385376120207 -0.42219405925511594 0.088017189443970675
      vertex 0.28611787163409835 -0.37287606993688077 2.8166876380389123e-17
      vertex 0.23500000000000004 -0.40703193977868612 2.8166876380389123e-17
    endloop
  endfacet
  facet normal -0.54493946809495575 0.81555954825477783 -0.19468846746237833
    outer loop
      vertex 0.23500000000000004 -0.40703193977868612 2.8166876380389123e-17
      vertex 0.28611787163409835 -0.37287606993688077 2.8166876380389123e-17
      vertex 0.29677588868410371 -0.38676586818062197 -0.088017189443970634
    endloop
  endfacet
  facet normal -0.54493946809495564 0.81555954825477783 -0.19468846746237825
    outer loop
      vertex 0.23500000000000004 -0.40703193977868612 2.8166876380389123e-17
      vertex 0.29677588868410371 -0.38676586818062197 -0.088017189443970634
      vertex 0.24375385376120204 -0.42219405925511588 -0.088017189443970634
    endloop
  endfacet
  facet normal -0.46224501976061427 0.69179856033715881 -0.55474705372984534
    outer loop
      vertex 0.24375385376120204 -0.42219405925511588 -0.088017189443970634
      vertex 0.29677588868410371 -0.38676586818062197 -0.088017189443970634
      vertex 0.32712735335342175 -0.4263206670405707 -0.16263455967290591
    endloop
  endfacet
  facet normal -0.4622450197606145 0.69179856033715847 -0.55474705372984545
    outer loop
      vertex 0.24375385376120204 -0.42219405925511588 -0.088017189443970634
      vertex 0.32712735335342175 -0.4263206670405707 -0.16263455967290591
      vertex 0.26868272016354705 -0.46537212243907422 -0.16263455967290591
    endloop
  endfacet
  facet normal -0.30911569029480762 0.46262432342552967 -0.83091890421907932
    outer loop
      vertex 0.26868272016354705 -0.46537212243907422 -0.16263455967290591
      vertex 0.32712735335342175 -0.4263206670405707 -0.16263455967290591
      vertex 0.37255153028286103 -0.4855186069554443 -0.21249229247759591
    endloop
  endfacet
  facet normal -0.30911569029480751 0.46262432342552995 -0.83091890421907921
    outer loop
      vertex 0.26868272016354705 -0.46537212243907422 -0.16263455967290591
      vertex 0.37255153028286103 -0.4855186069554443 -0.21249229247759591
      vertex 0.30599140527801466 -0.52999266062092076 -0.21249229247759591
    endloop
  endfacet
  facet normal -0.10861005838045894 0.16254643925563023 -0.98070510873753947
    outer loop
      vertex 0.30599140527801466 -0.52999266062092076 -0.21249229247759591
      vertex 0.37255153028286103 -0.4855186069554443 -0.21249229247759591
      vertex 0.4261330003061039 -0.55534733820386495 -0.23000000000000001
    endloop
  endfacet
  facet normal -0.10861005838045895 0.16254643925563017 -0.98070510873753947
    outer loop
      vertex 0.30599140527801466 -0.52999266062092076 -0.21249229247759591
      vertex 0.4261330003061039 -0.55534733820386495 -0.23000000000000001
      vertex 0.35000000000000003 -0.60621778264910697 -0.23000000000000001
    endloop
  endfacet
  facet normal 0.10861005838045878 -0.16254643925562987 -0.98070510873753947
    outer loop
      vertex 0.35000000000000003 -0.60621778264910697 -0.23000000000000001
      vertex 0.4261330003061039 -0.55534733820386495 -0.23000000000000001
      vertex 0.47971447032934672 -0.62517606945228565 -0.21249229247759593
    endloop
  endfacet
  facet normal 0.10861005838045881 -0.16254643925562984 -0.98070510873753958
    outer loop
      vertex 0.35000000000000003 -0.60621778264910697 -0.23000000000000001
      vertex 0.47971447032934672 -0.62517606945228565 -0.21249229247759593
      vertex 0.39400859472198546 -0.68244290467729318 -0.21249229247759593
    endloop
  endfacet
  facet normal 0.30911569029480773 -0.46262432342552967 -0.83091890421907932
    outer loop
      vertex 0.39400859472198546 -0.68244290467729318 -0.21249229247759593
      vertex 0.47971447032934672 -0.62517606945228565 -0.21249229247759593
      vertex 0.52513864725878601 -0.6843740093671592 -0.16263455967290597
    endloop
  endfacet
  facet normal 0.30911569029480773 -0.46262432342552967 -0.83091890421907932
    outer loop
      vertex 0.39400859472198546 -0.68244290467729318 -0.21249229247759593
      vertex 0.52513864725878601 -0.6843740093671592 -0.16263455967290597
      vertex 0.43131727983645307 -0.74706344285913973 -0.16263455967290597
    endloop
  endfacet
  facet normal 0.46224501976061438 -0.69179856033715814 -0.55474705372984601
    outer loop
      vertex 0.43131727983645307 -0.74706344285913973 -0.16263455967290597
      vertex 0.52513864725878601 -0.6843740093671592 -0.16263455967290597
      vertex 0.55549011192810405 -0.72392880822710792 -0.0880171894439708
    endloop
  endfacet
  facet normal 0.4622450197606145 -0.69179856033715814 -0.55474705372984601
    outer loop
      vertex 0.43131727983645307 -0.74706344285913973 -0.16263455967290597
      vertex 0.55549011192810405 -0.72392880822710792 -0.0880171894439708
      vertex 0.45624614623879806 -0.79024150604309806 -0.0880171894439708
    endloop
  endfacet
  facet normal 0.54493946809495619 -0.81555954825477739 -0.19468846746237845
    outer loop
      vertex 0.45624614623879806 -0.79024150604309806 -0.0880171894439708
      vertex 0.55549011192810405 -0.72392880822710792 -0.0880171894439708
      vertex 0.5661481289781094 -0.73781860647084918 0
    endloop
  endfacet
  facet normal 0.54493946809495608 -0.81555954825477772 -0.19468846746237817
    outer loop
      vertex 0.45624614623879806 -0.79024150604309806 -0.0880171894439708
      vertex 0.5661481289781094 -0.73781860647084918 0
      vertex 0.46500000000000008 -0.80540362551952782 0
    endloop
  endfacet
  facet normal 0.6467293177649226 -0.73745344950069092 0.19468846746237892
    outer loop
      vertex 0.5661481289781094 -0.73781860647084918 0
      vertex 0.65760930650348903 -0.65760930650348925 0
      vertex 0.64522948779136635 -0.64522948779136668 0.088017189443970648
    endloop
  endfacet
  facet normal 0.6467293177649226 -0.73745344950069081 0.19468846746237872
    outer loop
      vertex 0.5661481289781094 -0.73781860647084918 0
      vertex 0.64522948779136635 -0.64522948779136668 0.088017189443970648
      vertex 0.55549011192810405 -0.72392880822710792 0.088017189443970648
    endloop
  endfacet
  facet normal 0.54858828140141913 -0.62554504545004064 0.55474705372984523
    outer loop
      vertex 0.55549011192810405 -0.72392880822710792 0.088017189443970648
      vertex 0.64522948779136635 -0.64522948779136668 0.088017189443970648
      vertex 0.60997474683058306 -0.60997474683058339 0.16263455967290594
    endloop
  endfacet
  facet normal 0.54858828140141924 -0.62554504545004064 0.55474705372984523
    outer loop
      vertex 0.55549011192810405 -0.72392880822710792 0.088017189443970648
      vertex 0.60997474683058306 -0.60997474683058339 0.16263455967290594
      vertex 0.52513864725878601 -0.6843740093671592 0.16263455967290594
    endloop
  endfacet
  facet normal 0.36685575407791693 -0.4183188141971233 0.83091890421907932
    outer loop
      vertex 0.52513864725878601 -0.6843740093671592 0.16263455967290594
      vertex 0.60997474683058306 -0.60997474683058339 0.16263455967290594
      vertex 0.55721229834739572 -0.55721229834739605 0.21249229247759596
    endloop
  endfacet
  facet normal 0.36685575407791671 -0.41831881419712336 0.83091890421907943
    outer loop
      vertex 0.52513864725878601 -0.6843740093671592 0.16263455967290594
      vertex 0.55721229834739572 -0.55721229834739605 0.21249229247759596
      vertex 0.47971447032934666 -0.62517606945228554 0.21249229247759596
    endloop
  endfacet
  facet normal 0.12889745204978059 -0.14697937457740576 0.98070510873753958
    outer loop
      vertex 0.47971447032934666 -0.62517606945228554 0.21249229247759596
      vertex 0.55721229834739572 -0.55721229834739605 0.21249229247759596
      vertex 0.49497474683058312 -0.49497474683058335 0.23000000000000001
    endloop
  endfacet
  facet normal 0.12889745204978062 -0.14697937457740573 0.98070510873753947
    outer loop
      vertex 0.47971447032934666 -0.62517606945228554 0.21249229247759596
      vertex 0.49497474683058312 -0.49497474683058335 0.23000000000000001
      vertex 0.4261330003061039 -0.55534733820386495 0.23000000000000001
    endloop
  endfacet
  facet normal -0.12889745204978062 0.14697937457740573 0.98070510873753947
    outer loop
      vertex 0.4261330003061039 -0.55534733820386495 0.23000000000000001
      vertex 0.49497474683058312 -0.49497474683058335 0.23000000000000001
      vertex 0.43273719531377047 -0.4327371953137707 0.21249229247759596
    endloop
  endfacet
  facet normal -0.12889745204978056 0.14697937457740573 0.98070510873753958
    outer loop
      vertex 0.4261330003061039 -0.55534733820386495 0.23000000000000001
      vertex 0.43273719531377047 -0.4327371953137707 0.21249229247759596
      vertex 0.37255153028286109 -0.48551860695544435 0.21249229247759596
    endloop
  endfacet
  facet normal -0.36685575407791671 0.4183188141971233 0.83091890421907943
    outer loop
      vertex 0.37255153028286109 -0.48551860695544435 0.21249229247759596
      vertex 0.43273719531377047 -0.4327371953137707 0.21249229247759596
      vertex 0.37997474683058313 -0.3799747468305833 0.16263455967290594
    endloop
  endfacet
  facet normal -0.36685575407791682 0.4183188141971233 0.83091890421907932
    outer loop
      vertex 0.37255153028286109 -0.48551860695544435 0.21249229247759596
      vertex 0.37997474683058313 -0.3799747468305833 0.16263455967290594
      vertex 0.32712735335342175 -0.4263206670405707 0.16263455967290594
    endloop
  endfacet
  facet normal -0.54858828140141902 0.62554504545004064 0.55474705372984534
    outer loop
      vertex 0.32712735335342175 -0.4263206670405707 0.16263455967290594
      vertex 0.37997474683058313 -0.3799747468305833 0.16263455967290594
      vertex 0.34472000586979984 -0.34472000586980001 0.088017189443970675
    endloop
  endfacet
  facet normal -0.54858828140141958 0.62554504545004053 0.55474705372984512
    outer loop
      vertex 0.32712735335342175 -0.4263206670405707 0.16263455967290594
      vertex 0.34472000586979984 -0.34472000586980001 0.088017189443970675
      vertex 0.29677588868410371 -0.38676586818062203 0.088017189443970675
    endloop
  endfacet
  facet normal -0.64672931776492293 0.73745344950069058 0.19468846746237889
    outer loop
      vertex 0.29677588868410371 -0.38676586818062203 0.088017189443970675
      vertex 0.34472000586979984 -0.34472000586980001 0.088017189443970675
      vertex 0.33234018715767721 -0.33234018715767738 2.8166876380389123e-17
    endloop
  endfacet
  facet normal -0.64672931776492326 0.73745344950069036 0.19468846746237872
    outer loop
      vertex 0.29677588868410371 -0.38676586818062203 0.088017189443970675
      vertex 0.33234018715767721 -0.33234018715767738 2.8166876380389123e-17
      vertex 0.28611787163409835 -0.37287606993688077 2.8166876380389123e-17
    endloop
  endfacet
  facet normal -0.64672931776492315 0.73745344950069036 -0.19468846746237889
    outer loop
      vertex 0.28611787163409835 -0.37287606993688077 2.8166876380389123e-17
      vertex 0.33234018715767721 -0.33234018715767738 2.8166876380389123e-17
      vertex 0.34472000586979984 -0.34472000586980001 -0.088017189443970634
    endloop
  endfacet
  facet normal -0.64672931776492248 0.73745344950069103 -0.19468846746237825
    outer loop
      vertex 0.28611787163409835 -0.37287606993688077 2.8166876380389123e-17
      vertex 0.34472000586979984 -0.34472000586980001 -0.088017189443970634
      vertex 0.29677588868410371 -0.38676586818062197 -0.088017189443970634
    endloop
  endfacet
  facet normal -0.54858828140141913 0.62554504545004075 -0.55474705372984534
    outer loop
      vertex 0.29677588868410371 -0.38676586818062197 -0.088017189443970634
      vertex 0.34472000586979984 -0.34472000586980001 -0.088017189443970634
      vertex 0.37997474683058313 -0.3799747468305833 -0.16263455967290591
    endloop
  endfacet
  facet normal -0.54858828140141913 0.62554504545004075 -0.55474705372984534
    outer loop
      vertex 0.29677588868410371 -0.38676586818062197 -0.088017189443970634
      vertex 0.37997474683058313 -0.3799747468305833 -0.16263455967290591
      vertex 0.32712735335342175 -0.4263206670405707 -0.16263455967290591
    endloop
  endfacet
  facet normal -0.36685575407791704 0.41831881419712358 -0.8309189042190791
    outer loop
      vertex 0.32712735335342175 -0.4263206670405707 -0.16263455967290591
      vertex 0.37997474683058313 -0.3799747468305833 -0.16263455967290591
      vertex 0.43273719531377042 -0.43273719531377058 -0.21249229247759591
    endloop
  endfacet
  facet normal -0.3668557540779171 0.41831881419712341 -0.83091890421907932
    outer loop
      vertex 0.32712735335342175 -0.4263206670405707 -0.16263455967290591
      vertex 0.43273719531377042 -0.43273719531377058 -0.21249229247759591
      vertex 0.37255153028286103 -0.4855186069554443 -0.21249229247759591
    endloop
  endfacet
  facet normal -0.12889745204978087 0.14697937457740595 -0.98070510873753947
    outer loop
      vertex 0.37255153028286103 -0.4855186069554443 -0.21249229247759591
      vertex 0.43273719531377042 -0.43273719531377058 -0.21249229247759591
      vertex 0.49497474683058312 -0.49497474683058335 -0.23000000000000001
    endloop
  endfacet
  facet normal -0.12889745204978087 0.14697937457740606 -0.98070510873753947
    outer loop
      vertex 0.37255153028286103 -0.4855186069554443 -0.21249229247759591
      vertex 0.49497474683058312 -0.49497474683058335 -0.23000000000000001
      vertex 0.4261330003061039 -0.55534733820386495 -0.23000000000000001
    endloop
  endfacet
  facet normal 0.12889745204978065 -0.14697937457740581 -0.98070510873753947
    outer loop
      vertex 0.4261330003061039 -0.55534733820386495 -0.23000000000000001
      vertex 0.49497474683058312 -0.49497474683058335 -0.23000000000000001
      vertex 0.55721229834739583 -0.55721229834739605 -0.21249229247759593
    endloop
  endfacet
  facet normal 0.12889745204978068 -0.14697937457740576 -0.98070510873753947
    outer loop
      vertex 0.4261330003061039 -0.55534733820386495 -0.23000000000000001
      vertex 0.55721229834739583 -0.55721229834739605 -0.21249229247759593
      vertex 0.47971447032934672 -0.62517606945228565 -0.21249229247759593
    endloop
  endfacet
  facet normal 0.36685575407791704 -0.4183188141971233 -0.83091890421907932
    outer loop
      vertex 0.47971447032934672 -0.62517606945228565 -0.21249229247759593
      vertex 0.55721229834739583 -0.55721229834739605 -0.21249229247759593
      vertex 0.60997474683058306 -0.60997474683058339 -0.16263455967290597
    endloop
  endfacet
  facet normal 0.36685575407791693 -0.4183188141971233 -0.83091890421907932
    outer loop
      vertex 0.47971447032934672 -0.62517606945228565 -0.21249229247759593
      vertex 0.60997474683058306 -0.60997474683058339 -0.16263455967290597
      vertex 0.52513864725878601 -0.6843740093671592 -0.16263455967290597
    endloop
  endfacet
  facet normal 0.54858828140141891 -0.6255450454500403 -0.5547470537298459
    outer loop
      vertex 0.52513864725878601 -0.6843740093671592 -0.16263455967290597
      vertex 0.60997474683058306 -0.60997474683058339 -0.16263455967290597
      vertex 0.64522948779136635 -0.64522948779136668 -0.0880171894439708
    endloop
  endfacet
  facet normal 0.54858828140141902 -0.6255450454500403 -0.5547470537298459
    outer loop
      vertex 0.52513864725878601 -0.6843740093671592 -0.16263455967290597
      vertex 0.64522948779136635 -0.64522948779136668 -0.0880171894439708
      vertex 0.55549011192810405 -0.72392880822710792 -0.0880171894439708
    endloop
  endfacet
  facet normal 0.6467293177649226 -0.73745344950069092 -0.19468846746237858
    outer loop
      vertex 0.55549011192810405 -0.72392880822710792 -0.0880171894439708
      vertex 0.64522948779136635 -0.64522948779136668 -0.0880171894439708
      vertex 0.65760930650348903 -0.65760930650348925 0
    endloop
  endfacet
  facet normal 0.6467293177649226 -0.73745344950069092 -0.19468846746237842
    outer loop
      vertex 0.55549011192810405 -0.72392880822710792 -0.0880171894439708
      vertex 0.65760930650348903 -0.65760930650348925 0
      vertex 0.5661481289781094 -0.73781860647084918 0
    endloop
  endfacet
  facet normal 0.73745344950069014 -0.64672931776492359 0.19468846746237858
    outer loop
      vertex 0.65760930650348903 -0.65760930650348925 0
      vertex 0.7378186064708484 -0.56614812897811051 0
      vertex 0.72392880822710726 -0.55549011192810505 0.088017189443970648
    endloop
  endfacet
  facet normal 0.73745344950068981 -0.64672931776492371 0.19468846746237897
    outer loop
      vertex 0.65760930650348903 -0.65760930650348925 0
      vertex 0.72392880822710726 -0.55549011192810505 0.088017189443970648
      vertex 0.64522948779136635 -0.64522948779136668 0.088017189443970648
    endloop
  endfacet
  facet normal 0.62554504545003986 -0.54858828140142024 0.55474705372984523
    outer loop
      vertex 0.64522948779136635 -0.64522948779136668 0.088017189443970648
      vertex 0.72392880822710726 -0.55549011192810505 0.088017189443970648
      vertex 0.68437400936715853 -0.52513864725878701 0.16263455967290594
    endloop
  endfacet
  facet normal 0.62554504545003964 -0.54858828140142024 0.55474705372984534
    outer loop
      vertex 0.64522948779136635 -0.64522948779136668 0.088017189443970648
      vertex 0.68437400936715853 -0.52513864725878701 0.16263455967290594
      vertex 0.60997474683058306 -0.60997474683058339 0.16263455967290594
    endloop
  endfacet
  facet normal 0.41831881419712275 -0.3668557540779176 0.83091890421907921
    outer loop
      vertex 0.60997474683058306 -0.60997474683058339 0.16263455967290594
      vertex 0.68437400936715853 -0.52513864725878701 0.16263455967290594
      vertex 0.62517606945228499 -0.47971447032934755 0.21249229247759596
    endloop
  endfacet
  facet normal 0.4183188141971228 -0.36685575407791765 0.83091890421907943
    outer loop
      vertex 0.60997474683058306 -0.60997474683058339 0.16263455967290594
      vertex 0.62517606945228499 -0.47971447032934755 0.21249229247759596
      vertex 0.55721229834739572 -0.55721229834739605 0.21249229247759596
    endloop
  endfacet
  facet normal 0.14697937457740542 -0.12889745204978079 0.98070510873753947
    outer loop
      vertex 0.55721229834739572 -0.55721229834739605 0.21249229247759596
      vertex 0.62517606945228499 -0.47971447032934755 0.21249229247759596
      vertex 0.55534733820386439 -0.42613300030610468 0.23000000000000001
    endloop
  endfacet
  facet normal 0.14697937457740559 -0.12889745204978079 0.98070510873753958
    outer loop
      vertex 0.55721229834739572 -0.55721229834739605 0.21249229247759596
      vertex 0.55534733820386439 -0.42613300030610468 0.23000000000000001
      vertex 0.49497474683058312 -0.49497474683058335 0.23000000000000001
    endloop
  endfacet
  facet normal -0.14697937457740562 0.12889745204978084 0.98070510873753958
    outer loop
      vertex 0.49497474683058312 -0.49497474683058335 0.23000000000000001
      vertex 0.55534733820386439 -0.42613300030610468 0.23000000000000001
      vertex 0.48551860695544391 -0.37255153028286181 0.21249229247759596
    endloop
  endfacet
  facet normal -0.14697937457740545 0.12889745204978084 0.98070510873753958
    outer loop
      vertex 0.49497474683058312 -0.49497474683058335 0.23000000000000001
      vertex 0.48551860695544391 -0.37255153028286181 0.21249229247759596
      vertex 0.43273719531377047 -0.4327371953137707 0.21249229247759596
    endloop
  endfacet
  facet normal -0.41831881419712241 0.36685575407791743 0.83091890421907966
    outer loop
      vertex 0.43273719531377047 -0.4327371953137707 0.21249229247759596
      vertex 0.48551860695544391 -0.37255153028286181 0.21249229247759596
      vertex 0.42632066704057031 -0.3271273533534223 0.16263455967290594
    endloop
  endfacet
  facet normal -0.4183188141971228 0.36685575407791732 0.83091890421907955
    outer loop
      vertex 0.43273719531377047 -0.4327371953137707 0.21249229247759596
      vertex 0.42632066704057031 -0.3271273533534223 0.16263455967290594
      vertex 0.37997474683058313 -0.3799747468305833 0.16263455967290594
    endloop
  endfacet
  facet normal -0.62554504545004019 0.54858828140142002 0.55474705372984512
    outer loop
      vertex 0.37997474683058313 -0.3799747468305833 0.16263455967290594
      vertex 0.42632066704057031 -0.3271273533534223 0.16263455967290594
      vertex 0.38676586818062164 -0.29677588868410426 0.088017189443970675
    endloop
  endfacet
  facet normal -0.62554504545003953 0.54858828140142035 0.55474705372984545
    outer loop
      vertex 0.37997474683058313 -0.3799747468305833 0.16263455967290594
      vertex 0.38676586818062164 -0.29677588868410426 0.088017189443970675
      vertex 0.34472000586979984 -0.34472000586980001 0.088017189443970675
    endloop
  endfacet
  facet normal -0.73745344950068947 0.64672931776492393 0.19468846746237908
    outer loop
      vertex 0.34472000586979984 -0.34472000586980001 0.088017189443970675
      vertex 0.38676586818062164 -0.29677588868410426 0.088017189443970675
      vertex 0.37287606993688038 -0.28611787163409885 2.8166876380389123e-17
    endloop
  endfacet
  facet normal -0.73745344950068992 0.64672931776492382 0.19468846746237892
    outer loop
      vertex 0.34472000586979984 -0.34472000586980001 0.088017189443970675
      vertex 0.37287606993688038 -0.28611787163409885 2.8166876380389123e-17
      vertex 0.33234018715767721 -0.33234018715767738 2.8166876380389123e-17
    endloop
  endfacet
  facet normal -0.73745344950068992 0.64672931776492382 -0.19468846746237861
    outer loop
      vertex 0.33234018715767721 -0.33234018715767738 2.8166876380389123e-17
      vertex 0.37287606993688038 -0.28611787163409885 2.8166876380389123e-17
      vertex 0.38676586818062159 -0.29677588868410426 -0.088017189443970634
    endloop
  endfacet
  facet normal -0.73745344950069014 0.64672931776492348 -0.19468846746237886
    outer loop
      vertex 0.33234018715767721 -0.33234018715767738 2.8166876380389123e-17
      vertex 0.38676586818062159 -0.29677588868410426 -0.088017189443970634
      vertex 0.34472000586979984 -0.34472000586980001 -0.088017189443970634
    endloop
  endfacet
  facet normal -0.62554504545004008 0.54858828140142002 -0.55474705372984534
    outer loop
      vertex 0.34472000586979984 -0.34472000586980001 -0.088017189443970634
      vertex 0.38676586818062159 -0.29677588868410426 -0.088017189443970634
      vertex 0.42632066704057031 -0.3271273533534223 -0.16263455967290591
    endloop
  endfacet
  facet normal -0.62554504545003997 0.54858828140141991 -0.55474705372984523
    outer loop
      vertex 0.34472000586979984 -0.34472000586980001 -0.088017189443970634
      vertex 0.42632066704057031 -0.3271273533534223 -0.16263455967290591
      vertex 0.37997474683058313 -0.3799747468305833 -0.16263455967290591
    endloop
  endfacet
  facet normal -0.41831881419712302 0.36685575407791748 -0.83091890421907921
    outer loop
      vertex 0.37997474683058313 -0.3799747468305833 -0.16263455967290591
      vertex 0.42632066704057031 -0.3271273533534223 -0.16263455967290591
      vertex 0.4855186069554438 -0.3725515302828617 -0.21249229247759591
    endloop
  endfacet
  facet normal -0.41831881419712308 0.3668557540779176 -0.83091890421907921
    outer loop
      vertex 0.37997474683058313 -0.3799747468305833 -0.16263455967290591
      vertex 0.4855186069554438 -0.3725515302828617 -0.21249229247759591
      vertex 0.43273719531377042 -0.43273719531377058 -0.21249229247759591
    endloop
  endfacet
  facet normal -0.14697937457740579 0.12889745204978098 -0.98070510873753947
    outer loop
      vertex 0.43273719531377042 -0.43273719531377058 -0.21249229247759591
      vertex 0.4855186069554438 -0.3725515302828617 -0.21249229247759591
      vertex 0.55534733820386439 -0.42613300030610468 -0.23000000000000001
    endloop
  endfacet
  facet normal -0.14697937457740581 0.12889745204978101 -0.98070510873753958
    outer loop
      vertex 0.43273719531377042 -0.43273719531377058 -0.21249229247759591
      vertex 0.55534733820386439 -0.42613300030610468 -0.23000000000000001
      vertex 0.49497474683058312 -0.49497474683058335 -0.23000000000000001
    endloop
  endfacet
  facet normal 0.14697937457740562 -0.12889745204978081 -0.98070510873753935
    outer loop
      vertex 0.49497474683058312 -0.49497474683058335 -0.23000000000000001
      vertex 0.55534733820386439 -0.42613300030610468 -0.23000000000000001
      vertex 0.62517606945228499 -0.47971447032934761 -0.21249229247759593
    endloop
  endfacet
  facet normal 0.14697937457740565 -0.12889745204978087 -0.98070510873753947
    outer loop
      vertex 0.49497474683058312 -0.49497474683058335 -0.23000000000000001
      vertex 0.62517606945228499 -0.47971447032934761 -0.21249229247759593
      vertex 0.55721229834739583 -0.55721229834739605 -0.21249229247759593
    endloop
  endfacet
  facet normal 0.41831881419712275 -0.36685575407791732 -0.83091890421907955
    outer loop
      vertex 0.55721229834739583 -0.55721229834739605 -0.21249229247759593
      vertex 0.62517606945228499 -0.47971447032934761 -0.21249229247759593
      vertex 0.68437400936715853 -0.52513864725878701 -0.16263455967290597
    endloop
  endfacet
  facet normal 0.41831881419712269 -0.3668557540779176 -0.83091890421907943
    outer loop
      vertex 0.55721229834739583 -0.55721229834739605 -0.21249229247759593
      vertex 0.68437400936715853 -0.52513864725878701 -0.16263455967290597
      vertex 0.60997474683058306 -0.60997474683058339 -0.16263455967290597
    endloop
  endfacet
  facet normal 0.62554504545003953 -0.54858828140141991 -0.55474705372984578
    outer loop
      vertex 0.60997474683058306 -0.60997474683058339 -0.16263455967290597
      vertex 0.68437400936715853 -0.52513864725878701 -0.16263455967290597
      vertex 0.72392880822710726 -0.55549011192810505 -0.0880171894439708
    endloop
  endfacet
  facet normal 0.62554504545003942 -0.54858828140141991 -0.5547470537298459
    outer loop
      vertex 0.60997474683058306 -0.60997474683058339 -0.16263455967290597
      vertex 0.72392880822710726 -0.55549011192810505 -0.0880171894439708
      vertex 0.64522948779136635 -0.64522948779136668 -0.0880171894439708
    endloop
  endfacet
  facet normal 0.73745344950069003 -0.64672931776492382 -0.19468846746237822
    outer loop
      vertex 0.64522948779136635 -0.64522948779136668 -0.0880171894439708
      vertex 0.72392880822710726 -0.55549011192810505 -0.0880171894439708
      vertex 0.7378186064708484 -0.56614812897811051 0
    endloop
  endfacet
  facet normal 0.73745344950069003 -0.64672931776492371 -0.19468846746237864
    outer loop
      vertex 0.64522948779136635 -0.64522948779136668 -0.0880171894439708
      vertex 0.7378186064708484 -0.56614812897811051 0
      vertex 0.65760930650348903 -0.65760930650348925 0
    endloop
  endfacet
  facet normal 0.8155595482547775 -0.54493946809495586 0.19468846746237833
    outer loop
      vertex 0.7378186064708484 -0.56614812897811051 0
      vertex 0.8054036255195276 -0.46500000000000036 0
      vertex 0.79024150604309784 -0.45624614623879833 0.088017189443970648
    endloop
  endfacet
  facet normal 0.81555954825477761 -0.54493946809495597 0.1946884674623785
    outer loop
      vertex 0.7378186064708484 -0.56614812897811051 0
      vertex 0.79024150604309784 -0.45624614623879833 0.088017189443970648
      vertex 0.72392880822710726 -0.55549011192810505 0.088017189443970648
    endloop
  endfacet
  facet normal 0.6917985603371587 -0.4622450197606145 0.55474705372984534
    outer loop
      vertex 0.72392880822710726 -0.55549011192810505 0.088017189443970648
      vertex 0.79024150604309784 -0.45624614623879833 0.088017189443970648
      vertex 0.7470634428591395 -0.43131727983645335 0.16263455967290594
    endloop
  endfacet
  facet normal 0.6917985603371587 -0.46224501976061444 0.55474705372984534
    outer loop
      vertex 0.72392880822710726 -0.55549011192810505 0.088017189443970648
      vertex 0.7470634428591395 -0.43131727983645335 0.16263455967290594
      vertex 0.68437400936715853 -0.52513864725878701 0.16263455967290594
    endloop
  endfacet
  facet normal 0.46262432342552939 -0.30911569029480734 0.83091890421907955
    outer loop
      vertex 0.68437400936715853 -0.52513864725878701 0.16263455967290594
      vertex 0.7470634428591395 -0.43131727983645335 0.16263455967290594
      vertex 0.68244290467729285 -0.39400859472198563 0.21249229247759596
    endloop
  endfacet
  facet normal 0.46262432342552989 -0.30911569029480729 0.83091890421907932
    outer loop
      vertex 0.68437400936715853 -0.52513864725878701 0.16263455967290594
      vertex 0.68244290467729285 -0.39400859472198563 0.21249229247759596
      vertex 0.62517606945228499 -0.47971447032934755 0.21249229247759596
    endloop
  endfacet
  facet normal 0.16254643925563009 -0.1086100583804588 0.98070510873753947
    outer loop
      vertex 0.62517606945228499 -0.47971447032934755 0.21249229247759596
      vertex 0.68244290467729285 -0.39400859472198563 0.21249229247759596
      vertex 0.60621778264910686 -0.35000000000000031 0.23000000000000001
    endloop
  endfacet
  facet normal 0.1625464392556297 -0.10861005838045885 0.98070510873753958
    outer loop
      vertex 0.62517606945228499 -0.47971447032934755 0.21249229247759596
      vertex 0.60621778264910686 -0.35000000000000031 0.23000000000000001
      vertex 0.55534733820386439 -0.42613300030610468 0.23000000000000001
    endloop
  endfacet
  facet normal -0.16254643925562973 0.10861005838045891 0.98070510873753958
    outer loop
      vertex 0.55534733820386439 -0.42613300030610468 0.23000000000000001
      vertex 0.60621778264910686 -0.35000000000000031 0.23000000000000001
      vertex 0.52999266062092076 -0.30599140527801494 0.21249229247759596
    endloop
  endfacet
  facet normal -0.16254643925562989 0.10861005838045887 0.98070510873753947
    outer loop
      vertex 0.55534733820386439 -0.42613300030610468 0.23000000000000001
      vertex 0.52999266062092076 -0.30599140527801494 0.21249229247759596
      vertex 0.48551860695544391 -0.37255153028286181 0.21249229247759596
    endloop
  endfacet
  facet normal -0.46262432342552939 0.30911569029480745 0.83091890421907955
    outer loop
      vertex 0.48551860695544391 -0.37255153028286181 0.21249229247759596
      vertex 0.52999266062092076 -0.30599140527801494 0.21249229247759596
      vertex 0.46537212243907411 -0.26868272016354722 0.16263455967290594
    endloop
  endfacet
  facet normal -0.46262432342552917 0.3091156902948074 0.83091890421907955
    outer loop
      vertex 0.48551860695544391 -0.37255153028286181 0.21249229247759596
      vertex 0.46537212243907411 -0.26868272016354722 0.16263455967290594
      vertex 0.42632066704057031 -0.3271273533534223 0.16263455967290594
    endloop
  endfacet
  facet normal -0.69179856033715859 0.46224501976061477 0.55474705372984512
    outer loop
      vertex 0.42632066704057031 -0.3271273533534223 0.16263455967290594
      vertex 0.46537212243907411 -0.26868272016354722 0.16263455967290594
      vertex 0.42219405925511583 -0.24375385376120223 0.088017189443970675
    endloop
  endfacet
  facet normal -0.69179856033715859 0.46224501976061461 0.55474705372984501
    outer loop
      vertex 0.42632066704057031 -0.3271273533534223 0.16263455967290594
      vertex 0.42219405925511583 -0.24375385376120223 0.088017189443970675
      vertex 0.38676586818062164 -0.29677588868410426 0.088017189443970675
    endloop
  endfacet
  facet normal -0.81555954825477739 0.54493946809495608 0.19468846746237892
    outer loop
      vertex 0.38676586818062164 -0.29677588868410426 0.088017189443970675
      vertex 0.42219405925511583 -0.24375385376120223 0.088017189443970675
      vertex 0.40703193977868601 -0.23500000000000021 2.8166876380389123e-17
    endloop
  endfacet
  facet normal -0.81555954825477717 0.5449394680949563 0.19468846746237919
    outer loop
      vertex 0.38676586818062164 -0.29677588868410426 0.088017189443970675
      vertex 0.40703193977868601 -0.23500000000000021 2.8166876380389123e-17
      vertex 0.37287606993688038 -0.28611787163409885 2.8166876380389123e-17
    endloop
  endfacet
  facet normal -0.81555954825477739 0.5449394680949563 -0.19468846746237822
    outer loop
      vertex 0.37287606993688038 -0.28611787163409885 2.8166876380389123e-17
      vertex 0.40703193977868601 -0.23500000000000021 2.8166876380389123e-17
      vertex 0.42219405925511577 -0.2437538537612022 -0.088017189443970634
    endloop
  endfacet
  facet normal -0.81555954825477761 0.54493946809495586 -0.19468846746237864
    outer loop
      vertex 0.37287606993688038 -0.28611787163409885 2.8166876380389123e-17
      vertex 0.42219405925511577 -0.2437538537612022 -0.088017189443970634
      vertex 0.38676586818062159 -0.29677588868410426 -0.088017189443970634
    endloop
  endfacet
  facet normal -0.69179856033715847 0.46224501976061444 -0.55474705372984545
    outer loop
      vertex 0.38676586818062159 -0.29677588868410426 -0.088017189443970634
      vertex 0.42219405925511577 -0.2437538537612022 -0.088017189443970634
      vertex 0.46537212243907411 -0.26868272016354722 -0.16263455967290591
    endloop
  endfacet
  facet normal -0.69179856033715847 0.46224501976061466 -0.55474705372984534
    outer loop
      vertex 0.38676586818062159 -0.29677588868410426 -0.088017189443970634
      vertex 0.46537212243907411 -0.26868272016354722 -0.16263455967290591
      vertex 0.42632066704057031 -0.3271273533534223 -0.16263455967290591
    endloop
  endfacet
  facet normal -0.46262432342552967 0.30911569029480773 -0.83091890421907921
    outer loop
      vertex 0.42632066704057031 -0.3271273533534223 -0.16263455967290591
      vertex 0.46537212243907411 -0.26868272016354722 -0.16263455967290591
      vertex 0.52999266062092065 -0.30599140527801488 -0.21249229247759591
    endloop
  endfacet
  facet normal -0.46262432342552962 0.30911569029480784 -0.83091890421907921
    outer loop
      vertex 0.42632066704057031 -0.3271273533534223 -0.16263455967290591
      vertex 0.52999266062092065 -0.30599140527801488 -0.21249229247759591
      vertex 0.4855186069554438 -0.3725515302828617 -0.21249229247759591
    endloop
  endfacet
  facet normal -0.16254643925563003 0.10861005838045902 -0.98070510873753947
    outer loop
      vertex 0.4855186069554438 -0.3725515302828617 -0.21249229247759591
      vertex 0.52999266062092065 -0.30599140527801488 -0.21249229247759591
      vertex 0.60621778264910686 -0.35000000000000031 -0.23000000000000001
    endloop
  endfacet
  facet normal -0.16254643925563006 0.10861005838045913 -0.98070510873753935
    outer loop
      vertex 0.4855186069554438 -0.3725515302828617 -0.21249229247759591
      vertex 0.60621778264910686 -0.35000000000000031 -0.23000000000000001
      vertex 0.55534733820386439 -0.42613300030610468 -0.23000000000000001
    endloop
  endfacet
  facet normal 0.16254643925562998 -0.10861005838045906 -0.98070510873753958
    outer loop
      vertex 0.55534733820386439 -0.42613300030610468 -0.23000000000000001
      vertex 0.60621778264910686 -0.35000000000000031 -0.23000000000000001
      vertex 0.68244290467729296 -0.39400859472198568 -0.21249229247759593
    endloop
  endfacet
  facet normal 0.16254643925562992 -0.10861005838045891 -0.98070510873753947
    outer loop
      vertex 0.55534733820386439 -0.42613300030610468 -0.23000000000000001
      vertex 0.68244290467729296 -0.39400859472198568 -0.21249229247759593
      vertex 0.62517606945228499 -0.47971447032934761 -0.21249229247759593
    endloop
  endfacet
  facet normal 0.4626243234255295 -0.30911569029480757 -0.83091890421907932
    outer loop
      vertex 0.62517606945228499 -0.47971447032934761 -0.21249229247759593
      vertex 0.68244290467729296 -0.39400859472198568 -0.21249229247759593
      vertex 0.7470634428591395 -0.43131727983645335 -0.16263455967290597
    endloop
  endfacet
  facet normal 0.4626243234255295 -0.3091156902948074 -0.83091890421907943
    outer loop
      vertex 0.62517606945228499 -0.47971447032934761 -0.21249229247759593
      vertex 0.7470634428591395 -0.43131727983645335 -0.16263455967290597
      vertex 0.68437400936715853 -0.52513864725878701 -0.16263455967290597
    endloop
  endfacet
  facet normal 0.69179856033715825 -0.46224501976061427 -0.55474705372984601
    outer loop
      vertex 0.68437400936715853 -0.52513864725878701 -0.16263455967290597
      vertex 0.7470634428591395 -0.43131727983645335 -0.16263455967290597
      vertex 0.79024150604309784 -0.45624614623879833 -0.0880171894439708
    endloop
  endfacet
  facet normal 0.69179856033715825 -0.46224501976061427 -0.5547470537298459
    outer loop
      vertex 0.68437400936715853 -0.52513864725878701 -0.16263455967290597
      vertex 0.79024150604309784 -0.45624614623879833 -0.0880171894439708
      vertex 0.72392880822710726 -0.55549011192810505 -0.0880171894439708
    endloop
  endfacet
  facet normal 0.81555954825477772 -0.54493946809495608 -0.1946884674623782
    outer loop
      vertex 0.72392880822710726 -0.55549011192810505 -0.0880171894439708
      vertex 0.79024150604309784 -0.45624614623879833 -0.0880171894439708
      vertex 0.8054036255195276 -0.46500000000000036 0
    endloop
  endfacet
  facet normal 0.81555954825477772 -0.54493946809495586 -0.19468846746237811
    outer loop
      vertex 0.72392880822710726 -0.55549011192810505 -0.0880171894439708
      vertex 0.8054036255195276 -0.46500000000000036 0
      vertex 0.7378186064708484 -0.56614812897811051 0
    endloop
  endfacet
  facet normal 0.87971119702240008 -0.43382555304012049 0.19468846746237853
    outer loop
      vertex 0.8054036255195276 -0.46500000000000036 0
      vertex 0.8592079652354967 -0.35589559209953325 0
      vertex 0.84303295259435373 -0.3491956824920156 0.088017189443970648
    endloop
  endfacet
  facet normal 0.87971119702240008 -0.43382555304012044 0.19468846746237842
    outer loop
      vertex 0.8054036255195276 -0.46500000000000036 0
      vertex 0.84303295259435373 -0.3491956824920156 0.088017189443970648
      vertex 0.79024150604309784 -0.45624614623879833 0.088017189443970648
    endloop
  endfacet
  facet normal 0.74621521005411151 -0.36799261767317426 0.55474705372984467
    outer loop
      vertex 0.79024150604309784 -0.45624614623879833 0.088017189443970648
      vertex 0.84303295259435373 -0.3491956824920156 0.088017189443970648
      vertex 0.79697041371868416 -0.33011595417237533 0.16263455967290594
    endloop
  endfacet
  facet normal 0.74621521005411084 -0.36799261767317459 0.55474705372984534
    outer loop
      vertex 0.79024150604309784 -0.45624614623879833 0.088017189443970648
      vertex 0.79697041371868416 -0.33011595417237533 0.16263455967290594
      vertex 0.7470634428591395 -0.43131727983645335 0.16263455967290594
    endloop
  endfacet
  facet normal 0.49901420221643045 -0.24608657134769363 0.83091890421907966
    outer loop
      vertex 0.7470634428591395 -0.43131727983645335 0.16263455967290594
      vertex 0.79697041371868416 -0.33011595417237533 0.16263455967290594
      vertex 0.72803295259435374 -0.30156112281910968 0.21249229247759596
    endloop
  endfacet
  facet normal 0.49901420221643056 -0.24608657134769366 0.83091890421907966
    outer loop
      vertex 0.7470634428591395 -0.43131727983645335 0.16263455967290594
      vertex 0.72803295259435374 -0.30156112281910968 0.21249229247759596
      vertex 0.68244290467729285 -0.39400859472198563 0.21249229247759596
    endloop
  endfacet
  facet normal 0.17533228929180311 -0.086464316499850327 0.98070510873753958
    outer loop
      vertex 0.68244290467729285 -0.39400859472198563 0.21249229247759596
      vertex 0.72803295259435374 -0.30156112281910968 0.21249229247759596
      vertex 0.64671567275790076 -0.26787840265556268 0.23000000000000001
    endloop
  endfacet
  facet normal 0.17533228929180336 -0.08646431649985023 0.98070510873753947
    outer loop
      vertex 0.68244290467729285 -0.39400859472198563 0.21249229247759596
      vertex 0.64671567275790076 -0.26787840265556268 0.23000000000000001
      vertex 0.60621778264910686 -0.35000000000000031 0.23000000000000001
    endloop
  endfacet
  facet normal -0.17533228929180317 0.086464316499850105 0.98070510873753947
    outer loop
      vertex 0.60621778264910686 -0.35000000000000031 0.23000000000000001
      vertex 0.64671567275790076 -0.26787840265556268 0.23000000000000001
      vertex 0.56539839292144778 -0.23419568249201567 0.21249229247759596
    endloop
  endfacet
  facet normal -0.17533228929180317 0.086464316499850119 0.98070510873753947
    outer loop
      vertex 0.60621778264910686 -0.35000000000000031 0.23000000000000001
      vertex 0.56539839292144778 -0.23419568249201567 0.21249229247759596
      vertex 0.52999266062092076 -0.30599140527801494 0.21249229247759596
    endloop
  endfacet
  facet normal -0.49901420221643089 0.24608657134769316 0.83091890421907932
    outer loop
      vertex 0.52999266062092076 -0.30599140527801494 0.21249229247759596
      vertex 0.56539839292144778 -0.23419568249201567 0.21249229247759596
      vertex 0.49646093179711742 -0.20564085113875005 0.16263455967290594
    endloop
  endfacet
  facet normal -0.49901420221643067 0.24608657134769338 0.83091890421907955
    outer loop
      vertex 0.52999266062092076 -0.30599140527801494 0.21249229247759596
      vertex 0.49646093179711742 -0.20564085113875005 0.16263455967290594
      vertex 0.46537212243907411 -0.26868272016354722 0.16263455967290594
    endloop
  endfacet
  facet normal -0.74621521005411118 0.36799261767317426 0.55474705372984523
    outer loop
      vertex 0.46537212243907411 -0.26868272016354722 0.16263455967290594
      vertex 0.49646093179711742 -0.20564085113875005 0.16263455967290594
      vertex 0.45039839292144779 -0.18656112281910978 0.088017189443970675
    endloop
  endfacet
  facet normal -0.74621521005411129 0.36799261767317409 0.55474705372984512
    outer loop
      vertex 0.46537212243907411 -0.26868272016354722 0.16263455967290594
      vertex 0.45039839292144779 -0.18656112281910978 0.088017189443970675
      vertex 0.42219405925511583 -0.24375385376120223 0.088017189443970675
    endloop
  endfacet
  facet normal -0.87971119702239986 0.43382555304012027 0.19468846746237931
    outer loop
      vertex 0.42219405925511583 -0.24375385376120223 0.088017189443970675
      vertex 0.45039839292144779 -0.18656112281910978 0.088017189443970675
      vertex 0.43422338028030477 -0.17986121321159207 2.8166876380389123e-17
    endloop
  endfacet
  facet normal -0.87971119702240042 0.43382555304011983 0.19468846746237892
    outer loop
      vertex 0.42219405925511583 -0.24375385376120223 0.088017189443970675
      vertex 0.43422338028030477 -0.17986121321159207 2.8166876380389123e-17
      vertex 0.40703193977868601 -0.23500000000000021 2.8166876380389123e-17
    endloop
  endfacet
  facet normal -0.87971119702240042 0.43382555304011983 -0.19468846746237867
    outer loop
      vertex 0.40703193977868601 -0.23500000000000021 2.8166876380389123e-17
      vertex 0.43422338028030477 -0.17986121321159207 2.8166876380389123e-17
      vertex 0.45039839292144773 -0.18656112281910975 -0.088017189443970634
    endloop
  endfacet
  facet normal -0.87971119702240019 0.43382555304012044 -0.19468846746237828
    outer loop
      vertex 0.40703193977868601 -0.23500000000000021 2.8166876380389123e-17
      vertex 0.45039839292144773 -0.18656112281910975 -0.088017189443970634
      vertex 0.42219405925511577 -0.2437538537612022 -0.088017189443970634
    endloop
  endfacet
  facet normal -0.74621521005411096 0.36799261767317398 -0.55474705372984556
    outer loop
      vertex 0.42219405925511577 -0.2437538537612022 -0.088017189443970634
      vertex 0.45039839292144773 -0.18656112281910975 -0.088017189443970634
      vertex 0.49646093179711742 -0.20564085113875005 -0.16263455967290591
    endloop
  endfacet
  facet normal -0.74621521005411096 0.36799261767317415 -0.55474705372984556
    outer loop
      vertex 0.42219405925511577 -0.2437538537612022 -0.088017189443970634
      vertex 0.49646093179711742 -0.20564085113875005 -0.16263455967290591
      vertex 0.46537212243907411 -0.26868272016354722 -0.16263455967290591
    endloop
  endfacet
  facet normal -0.49901420221643122 0.24608657134769366 -0.83091890421907899
    outer loop
      vertex 0.46537212243907411 -0.26868272016354722 -0.16263455967290591
      vertex 0.49646093179711742 -0.20564085113875005 -0.16263455967290591
      vertex 0.56539839292144767 -0.23419568249201561 -0.21249229247759591
    endloop
  endfacet
  facet normal -0.49901420221643122 0.24608657134769332 -0.83091890421907932
    outer loop
      vertex 0.46537212243907411 -0.26868272016354722 -0.16263455967290591
      vertex 0.56539839292144767 -0.23419568249201561 -0.21249229247759591
      vertex 0.52999266062092065 -0.30599140527801488 -0.21249229247759591
    endloop
  endfacet
  facet normal -0.1753322892918035 0.086464316499850272 -0.98070510873753947
    outer loop
      vertex 0.52999266062092065 -0.30599140527801488 -0.21249229247759591
      vertex 0.56539839292144767 -0.23419568249201561 -0.21249229247759591
      vertex 0.64671567275790076 -0.26787840265556268 -0.23000000000000001
    endloop
  endfacet
  facet normal -0.17533228929180347 0.086464316499850272 -0.98070510873753947
    outer loop
      vertex 0.52999266062092065 -0.30599140527801488 -0.21249229247759591
      vertex 0.64671567275790076 -0.26787840265556268 -0.23000000000000001
      vertex 0.60621778264910686 -0.35000000000000031 -0.23000000000000001
    endloop
  endfacet
  facet normal 0.17533228929180325 -0.086464316499850147 -0.98070510873753947
    outer loop
      vertex 0.60621778264910686 -0.35000000000000031 -0.23000000000000001
      vertex 0.64671567275790076 -0.26787840265556268 -0.23000000000000001
      vertex 0.72803295259435385 -0.30156112281910974 -0.21249229247759593
    endloop
  endfacet
  facet normal 0.17533228929180331 -0.086464316499850452 -0.98070510873753935
    outer loop
      vertex 0.60621778264910686 -0.35000000000000031 -0.23000000000000001
      vertex 0.72803295259435385 -0.30156112281910974 -0.21249229247759593
      vertex 0.68244290467729296 -0.39400859472198568 -0.21249229247759593
    endloop
  endfacet
  facet normal 0.49901420221643061 -0.24608657134769368 -0.83091890421907943
    outer loop
      vertex 0.68244290467729296 -0.39400859472198568 -0.21249229247759593
      vertex 0.72803295259435385 -0.30156112281910974 -0.21249229247759593
      vertex 0.79697041371868416 -0.33011595417237533 -0.16263455967290597
    endloop
  endfacet
  facet normal 0.49901420221643067 -0.24608657134769371 -0.83091890421907943
    outer loop
      vertex 0.68244290467729296 -0.39400859472198568 -0.21249229247759593
      vertex 0.79697041371868416 -0.33011595417237533 -0.16263455967290597
      vertex 0.7470634428591395 -0.43131727983645335 -0.16263455967290597
    endloop
  endfacet
  facet normal 0.74621521005411084 -0.36799261767317465 -0.55474705372984523
    outer loop
      vertex 0.7470634428591395 -0.43131727983645335 -0.16263455967290597
      vertex 0.79697041371868416 -0.33011595417237533 -0.16263455967290597
      vertex 0.84303295259435373 -0.3491956824920156 -0.0880171894439708
    endloop
  endfacet
  facet normal 0.74621521005411073 -0.36799261767317387 -0.55474705372984601
    outer loop
      vertex 0.7470634428591395 -0.43131727983645335 -0.16263455967290597
      vertex 0.84303295259435373 -0.3491956824920156 -0.0880171894439708
      vertex 0.79024150604309784 -0.45624614623879833 -0.0880171894439708
    endloop
  endfacet
  facet normal 0.87971119702240019 -0.43382555304012044 -0.19468846746237822
    outer loop
      vertex 0.79024150604309784 -0.45624614623879833 -0.0880171894439708
      vertex 0.84303295259435373 -0.3491956824920156 -0.0880171894439708
      vertex 0.8592079652354967 -0.35589559209953325 0
    endloop
  endfacet
  facet normal 0.87971119702240008 -0.43382555304012049 -0.19468846746237806
    outer loop
      vertex 0.79024150604309784 -0.45624614623879833 -0.0880171894439708
      vertex 0.8592079652354967 -0.35589559209953325 0
      vertex 0.8054036255195276 -0.46500000000000036 0
    endloop
  endfacet
  facet normal 0.92881074330694724 -0.3152887624936011 0.1946884674623782
    outer loop
      vertex 0.8592079652354967 -0.35589559209953325 0
      vertex 0.89831101844883321 -0.24070171194534504 0
      vertex 0.88139987159382782 -0.23617038380246219 0.088017189443970648
    endloop
  endfacet
  facet normal 0.92881074330694713 -0.31528876249360144 0.19468846746237861
    outer loop
      vertex 0.8592079652354967 -0.35589559209953325 0
      vertex 0.88139987159382782 -0.23617038380246219 0.088017189443970648
      vertex 0.84303295259435373 -0.3491956824920156 0.088017189443970648
    endloop
  endfacet
  facet normal 0.78786391063709582 -0.26744375987051672 0.55474705372984523
    outer loop
      vertex 0.84303295259435373 -0.3491956824920156 0.088017189443970648
      vertex 0.88139987159382782 -0.23617038380246219 0.088017189443970648
      vertex 0.83324099983755806 -0.22326625300697567 0.16263455967290594
    endloop
  endfacet
  facet normal 0.78786391063709627 -0.26744375987051633 0.55474705372984467
    outer loop
      vertex 0.84303295259435373 -0.3491956824920156 0.088017189443970648
      vertex 0.83324099983755806 -0.22326625300697567 0.16263455967290594
      vertex 0.79697041371868416 -0.33011595417237533 0.16263455967290594
    endloop
  endfacet
  facet normal 0.52686580965453411 -0.17884684293673223 0.83091890421907977
    outer loop
      vertex 0.79697041371868416 -0.33011595417237533 0.16263455967290594
      vertex 0.83324099983755806 -0.22326625300697567 0.16263455967290594
      vertex 0.76116615484365635 -0.2039538564962613 0.21249229247759596
    endloop
  endfacet
  facet normal 0.52686580965453411 -0.17884684293673217 0.83091890421907955
    outer loop
      vertex 0.79697041371868416 -0.33011595417237533 0.16263455967290594
      vertex 0.76116615484365635 -0.2039538564962613 0.21249229247759596
      vertex 0.72803295259435374 -0.30156112281910968 0.21249229247759596
    endloop
  endfacet
  facet normal 0.18511815524689954 -0.062839146191491557 0.98070510873753947
    outer loop
      vertex 0.72803295259435374 -0.30156112281910968 0.21249229247759596
      vertex 0.76116615484365635 -0.2039538564962613 0.21249229247759596
      vertex 0.67614807840234759 -0.1811733315717651 0.23000000000000001
    endloop
  endfacet
  facet normal 0.18511815524689942 -0.062839146191491599 0.98070510873753947
    outer loop
      vertex 0.72803295259435374 -0.30156112281910968 0.21249229247759596
      vertex 0.67614807840234759 -0.1811733315717651 0.23000000000000001
      vertex 0.64671567275790076 -0.26787840265556268 0.23000000000000001
    endloop
  endfacet
  facet normal -0.18511815524689945 0.062839146191491613 0.98070510873753935
    outer loop
      vertex 0.64671567275790076 -0.26787840265556268 0.23000000000000001
      vertex 0.67614807840234759 -0.1811733315717651 0.23000000000000001
      vertex 0.59113000196103882 -0.15839280664726887 0.21249229247759596
    endloop
  endfacet
  facet normal -0.1851181552468994 0.06283914619149164 0.98070510873753958
    outer loop
      vertex 0.64671567275790076 -0.26787840265556268 0.23000000000000001
      vertex 0.59113000196103882 -0.15839280664726887 0.21249229247759596
      vertex 0.56539839292144778 -0.23419568249201567 0.21249229247759596
    endloop
  endfacet
  facet normal -0.52686580965453456 0.17884684293673264 0.83091890421907932
    outer loop
      vertex 0.56539839292144778 -0.23419568249201567 0.21249229247759596
      vertex 0.59113000196103882 -0.15839280664726887 0.21249229247759596
      vertex 0.51905515696713722 -0.13908041013655451 0.16263455967290594
    endloop
  endfacet
  facet normal -0.52686580965453422 0.17884684293673281 0.83091890421907932
    outer loop
      vertex 0.56539839292144778 -0.23419568249201567 0.21249229247759596
      vertex 0.51905515696713722 -0.13908041013655451 0.16263455967290594
      vertex 0.49646093179711742 -0.20564085113875005 0.16263455967290594
    endloop
  endfacet
  facet normal -0.7878639106370956 0.26744375987051694 0.55474705372984523
    outer loop
      vertex 0.49646093179711742 -0.20564085113875005 0.16263455967290594
      vertex 0.51905515696713722 -0.13908041013655451 0.16263455967290594
      vertex 0.47089628521086746 -0.12617627934106798 0.088017189443970675
    endloop
  endfacet
  facet normal -0.7878639106370956 0.26744375987051683 0.55474705372984523
    outer loop
      vertex 0.49646093179711742 -0.20564085113875005 0.16263455967290594
      vertex 0.47089628521086746 -0.12617627934106798 0.088017189443970675
      vertex 0.45039839292144779 -0.18656112281910978 0.088017189443970675
    endloop
  endfacet
  facet normal -0.92881074330694702 0.31528876249360155 0.19468846746237936
    outer loop
      vertex 0.45039839292144779 -0.18656112281910978 0.088017189443970675
      vertex 0.47089628521086746 -0.12617627934106798 0.088017189443970675
      vertex 0.45398513835586196 -0.12164495119818514 2.8166876380389123e-17
    endloop
  endfacet
  facet normal -0.92881074330694702 0.31528876249360155 0.19468846746237933
    outer loop
      vertex 0.45039839292144779 -0.18656112281910978 0.088017189443970675
      vertex 0.45398513835586196 -0.12164495119818514 2.8166876380389123e-17
      vertex 0.43422338028030477 -0.17986121321159207 2.8166876380389123e-17
    endloop
  endfacet
  facet normal -0.92881074330694713 0.3152887624936016 -0.19468846746237867
    outer loop
      vertex 0.43422338028030477 -0.17986121321159207 2.8166876380389123e-17
      vertex 0.45398513835586196 -0.12164495119818514 2.8166876380389123e-17
      vertex 0.4708962852108674 -0.12617627934106795 -0.088017189443970634
    endloop
  endfacet
  facet normal -0.92881074330694702 0.3152887624936016 -0.19468846746237864
    outer loop
      vertex 0.43422338028030477 -0.17986121321159207 2.8166876380389123e-17
      vertex 0.4708962852108674 -0.12617627934106795 -0.088017189443970634
      vertex 0.45039839292144773 -0.18656112281910975 -0.088017189443970634
    endloop
  endfacet
  facet normal -0.78786391063709538 0.26744375987051677 -0.55474705372984578
    outer loop
      vertex 0.45039839292144773 -0.18656112281910975 -0.088017189443970634
      vertex 0.4708962852108674 -0.12617627934106795 -0.088017189443970634
      vertex 0.51905515696713722 -0.13908041013655451 -0.16263455967290591
    endloop
  endfacet
  facet normal -0.78786391063709549 0.26744375987051688 -0.55474705372984556
    outer loop
      vertex 0.45039839292144773 -0.18656112281910975 -0.088017189443970634
      vertex 0.51905515696713722 -0.13908041013655451 -0.16263455967290591
      vertex 0.49646093179711742 -0.20564085113875005 -0.16263455967290591
    endloop
  endfacet
  facet normal -0.52686580965453478 0.178846842936733 -0.83091890421907899
    outer loop
      vertex 0.49646093179711742 -0.20564085113875005 -0.16263455967290591
      vertex 0.51905515696713722 -0.13908041013655451 -0.16263455967290591
      vertex 0.59113000196103871 -0.15839280664726885 -0.21249229247759591
    endloop
  endfacet
  facet normal -0.52686580965453478 0.17884684293673281 -0.8309189042190791
    outer loop
      vertex 0.49646093179711742 -0.20564085113875005 -0.16263455967290591
      vertex 0.59113000196103871 -0.15839280664726885 -0.21249229247759591
      vertex 0.56539839292144767 -0.23419568249201561 -0.21249229247759591
    endloop
  endfacet
  facet normal -0.18511815524689978 0.062839146191491793 -0.98070510873753947
    outer loop
      vertex 0.56539839292144767 -0.23419568249201561 -0.21249229247759591
      vertex 0.59113000196103871 -0.15839280664726885 -0.21249229247759591
      vertex 0.67614807840234759 -0.1811733315717651 -0.23000000000000001
    endloop
  endfacet
  facet normal -0.18511815524689973 0.062839146191491696 -0.98070510873753947
    outer loop
      vertex 0.56539839292144767 -0.23419568249201561 -0.21249229247759591
      vertex 0.67614807840234759 -0.1811733315717651 -0.23000000000000001
      vertex 0.64671567275790076 -0.26787840265556268 -0.23000000000000001
    endloop
  endfacet
  facet normal 0.18511815524689956 -0.06283914619149164 -0.98070510873753947
    outer loop
      vertex 0.64671567275790076 -0.26787840265556268 -0.23000000000000001
      vertex 0.67614807840234759 -0.1811733315717651 -0.23000000000000001
      vertex 0.76116615484365646 -0.20395385649626133 -0.21249229247759593
    endloop
  endfacet
  facet normal 0.18511815524689948 -0.062839146191491529 -0.98070510873753958
    outer loop
      vertex 0.64671567275790076 -0.26787840265556268 -0.23000000000000001
      vertex 0.76116615484365646 -0.20395385649626133 -0.21249229247759593
      vertex 0.72803295259435385 -0.30156112281910974 -0.21249229247759593
    endloop
  endfacet
  facet normal 0.52686580965453433 -0.17884684293673217 -0.83091890421907955
    outer loop
      vertex 0.72803295259435385 -0.30156112281910974 -0.21249229247759593
      vertex 0.76116615484365646 -0.20395385649626133 -0.21249229247759593
      vertex 0.83324099983755806 -0.22326625300697567 -0.16263455967290597
    endloop
  endfacet
  facet normal 0.52686580965453433 -0.17884684293673228 -0.83091890421907955
    outer loop
      vertex 0.72803295259435385 -0.30156112281910974 -0.21249229247759593
      vertex 0.83324099983755806 -0.22326625300697567 -0.16263455967290597
      vertex 0.79697041371868416 -0.33011595417237533 -0.16263455967290597
    endloop
  endfacet
  facet normal 0.7878639106370956 -0.26744375987051611 -0.5547470537298459
    outer loop
      vertex 0.79697041371868416 -0.33011595417237533 -0.16263455967290597
      vertex 0.83324099983755806 -0.22326625300697567 -0.16263455967290597
      vertex 0.88139987159382782 -0.23617038380246219 -0.0880171894439708
    endloop
  endfacet
  facet normal 0.78786391063709582 -0.26744375987051666 -0.55474705372984534
    outer loop
      vertex 0.79697041371868416 -0.33011595417237533 -0.16263455967290597
      vertex 0.88139987159382782 -0.23617038380246219 -0.0880171894439708
      vertex 0.84303295259435373 -0.3491956824920156 -0.0880171894439708
    endloop
  endfacet
  facet normal 0.92881074330694724 -0.31528876249360138 -0.19468846746237789
    outer loop
      vertex 0.84303295259435373 -0.3491956824920156 -0.0880171894439708
      vertex 0.88139987159382782 -0.23617038380246219 -0.0880171894439708
      vertex 0.89831101844883321 -0.24070171194534504 0
    endloop
  endfacet
  facet normal 0.92881074330694735 -0.31528876249360116 -0.19468846746237828
    outer loop
      vertex 0.84303295259435373 -0.3491956824920156 -0.0880171894439708
      vertex 0.89831101844883321 -0.24070171194534504 0
      vertex 0.8592079652354967 -0.35589559209953325 0
    endloop
  endfacet
  facet normal 0.9620180802585242 -0.1913572938062571 0.19468846746237803
    outer loop
      vertex 0.89831101844883321 -0.24070171194534504 0
      vertex 0.92204372107764354 -0.12138935876464806 0
      vertex 0.90468579442012054 -0.1191041443672463 0.088017189443970648
    endloop
  endfacet
  facet normal 0.9620180802585242 -0.19135729380625724 0.19468846746237822
    outer loop
      vertex 0.89831101844883321 -0.24070171194534504 0
      vertex 0.90468579442012054 -0.1191041443672463 0.088017189443970648
      vertex 0.88139987159382782 -0.23617038380246219 0.088017189443970648
    endloop
  endfacet
  facet normal 0.81603204127193585 -0.16231886518705585 0.55474705372984523
    outer loop
      vertex 0.88139987159382782 -0.23617038380246219 0.088017189443970648
      vertex 0.90468579442012054 -0.1191041443672463 0.088017189443970648
      vertex 0.85525460143116216 -0.11259640435152536 0.16263455967290594
    endloop
  endfacet
  facet normal 0.81603204127193607 -0.16231886518705577 0.55474705372984523
    outer loop
      vertex 0.88139987159382782 -0.23617038380246219 0.088017189443970648
      vertex 0.85525460143116216 -0.11259640435152536 0.16263455967290594
      vertex 0.83324099983755806 -0.22326625300697567 0.16263455967290594
    endloop
  endfacet
  facet normal 0.5457025970146494 -0.1085469954574115 0.83091890421907966
    outer loop
      vertex 0.83324099983755806 -0.22326625300697567 0.16263455967290594
      vertex 0.85525460143116216 -0.11259640435152536 0.16263455967290594
      vertex 0.78127559314845707 -0.10285688314206859 0.21249229247759596
    endloop
  endfacet
  facet normal 0.54570259701464918 -0.10854699545741155 0.83091890421907955
    outer loop
      vertex 0.83324099983755806 -0.22326625300697567 0.16263455967290594
      vertex 0.78127559314845707 -0.10285688314206859 0.21249229247759596
      vertex 0.76116615484365635 -0.2039538564962613 0.21249229247759596
    endloop
  endfacet
  facet normal 0.19173659824127232 -0.03813878066949393 0.98070510873753958
    outer loop
      vertex 0.76116615484365635 -0.2039538564962613 0.21249229247759596
      vertex 0.78127559314845707 -0.10285688314206859 0.21249229247759596
      vertex 0.69401140296166719 -0.091368334554036174 0.23000000000000001
    endloop
  endfacet
  facet normal 0.19173659824127232 -0.038138780669493909 0.98070510873753947
    outer loop
      vertex 0.76116615484365635 -0.2039538564962613 0.21249229247759596
      vertex 0.69401140296166719 -0.091368334554036174 0.23000000000000001
      vertex 0.67614807840234759 -0.1811733315717651 0.23000000000000001
    endloop
  endfacet
  facet normal -0.19173659824127232 0.038138780669493881 0.98070510873753947
    outer loop
      vertex 0.67614807840234759 -0.1811733315717651 0.23000000000000001
      vertex 0.69401140296166719 -0.091368334554036174 0.23000000000000001
      vertex 0.60674721277487731 -0.079879785966003758 0.21249229247759596
    endloop
  endfacet
  facet normal -0.19173659824127232 0.038138780669493867 0.98070510873753947
    outer loop
      vertex 0.67614807840234759 -0.1811733315717651 0.23000000000000001
      vertex 0.60674721277487731 -0.079879785966003758 0.21249229247759596
      vertex 0.59113000196103882 -0.15839280664726887 0.21249229247759596
    endloop
  endfacet
  facet normal -0.54570259701464996 0.10854699545741148 0.8309189042190791
    outer loop
      vertex 0.59113000196103882 -0.15839280664726887 0.21249229247759596
      vertex 0.60674721277487731 -0.079879785966003758 0.21249229247759596
      vertex 0.53276820449217233 -0.070140264756546986 0.16263455967290594
    endloop
  endfacet
  facet normal -0.54570259701464985 0.1085469954574116 0.83091890421907921
    outer loop
      vertex 0.59113000196103882 -0.15839280664726887 0.21249229247759596
      vertex 0.53276820449217233 -0.070140264756546986 0.16263455967290594
      vertex 0.51905515696713722 -0.13908041013655451 0.16263455967290594
    endloop
  endfacet
  facet normal -0.81603204127193574 0.16231886518705574 0.55474705372984545
    outer loop
      vertex 0.51905515696713722 -0.13908041013655451 0.16263455967290594
      vertex 0.53276820449217233 -0.070140264756546986 0.16263455967290594
      vertex 0.48333701150321395 -0.063632524740826049 0.088017189443970675
    endloop
  endfacet
  facet normal -0.81603204127193607 0.16231886518705552 0.55474705372984523
    outer loop
      vertex 0.51905515696713722 -0.13908041013655451 0.16263455967290594
      vertex 0.48333701150321395 -0.063632524740826049 0.088017189443970675
      vertex 0.47089628521086746 -0.12617627934106798 0.088017189443970675
    endloop
  endfacet
  facet normal -0.96201808025852409 0.1913572938062568 0.19468846746237919
    outer loop
      vertex 0.47089628521086746 -0.12617627934106798 0.088017189443970675
      vertex 0.48333701150321395 -0.063632524740826049 0.088017189443970675
      vertex 0.46597908484569084 -0.061347310343424291 2.8166876380389123e-17
    endloop
  endfacet
  facet normal -0.96201808025852398 0.19135729380625704 0.19468846746237936
    outer loop
      vertex 0.47089628521086746 -0.12617627934106798 0.088017189443970675
      vertex 0.46597908484569084 -0.061347310343424291 2.8166876380389123e-17
      vertex 0.45398513835586196 -0.12164495119818514 2.8166876380389123e-17
    endloop
  endfacet
  facet normal -0.9620180802585242 0.1913572938062571 -0.19468846746237856
    outer loop
      vertex 0.45398513835586196 -0.12164495119818514 2.8166876380389123e-17
      vertex 0.46597908484569084 -0.061347310343424291 2.8166876380389123e-17
      vertex 0.4833370115032139 -0.063632524740826035 -0.088017189443970634
    endloop
  endfacet
  facet normal -0.9620180802585242 0.19135729380625682 -0.19468846746237869
    outer loop
      vertex 0.45398513835586196 -0.12164495119818514 2.8166876380389123e-17
      vertex 0.4833370115032139 -0.063632524740826035 -0.088017189443970634
      vertex 0.4708962852108674 -0.12617627934106795 -0.088017189443970634
    endloop
  endfacet
  facet normal -0.81603204127193563 0.16231886518705546 -0.5547470537298459
    outer loop
      vertex 0.4708962852108674 -0.12617627934106795 -0.088017189443970634
      vertex 0.4833370115032139 -0.063632524740826035 -0.088017189443970634
      vertex 0.53276820449217233 -0.070140264756546986 -0.16263455967290591
    endloop
  endfacet
  facet normal -0.81603204127193563 0.16231886518705574 -0.55474705372984578
    outer loop
      vertex 0.4708962852108674 -0.12617627934106795 -0.088017189443970634
      vertex 0.53276820449217233 -0.070140264756546986 -0.16263455967290591
      vertex 0.51905515696713722 -0.13908041013655451 -0.16263455967290591
    endloop
  endfacet
  facet normal -0.54570259701465029 0.10854699545741171 -0.83091890421907899
    outer loop
      vertex 0.51905515696713722 -0.13908041013655451 -0.16263455967290591
      vertex 0.53276820449217233 -0.070140264756546986 -0.16263455967290591
      vertex 0.6067472127748772 -0.079879785966003744 -0.21249229247759591
    endloop
  endfacet
  facet normal -0.54570259701465018 0.10854699545741156 -0.8309189042190791
    outer loop
      vertex 0.51905515696713722 -0.13908041013655451 -0.16263455967290591
      vertex 0.6067472127748772 -0.079879785966003744 -0.21249229247759591
      vertex 0.59113000196103871 -0.15839280664726885 -0.21249229247759591
    endloop
  endfacet
  facet normal -0.19173659824127265 0.038138780669493909 -0.98070510873753947
    outer loop
      vertex 0.59113000196103871 -0.15839280664726885 -0.21249229247759591
      vertex 0.6067472127748772 -0.079879785966003744 -0.21249229247759591
      vertex 0.69401140296166719 -0.091368334554036174 -0.23000000000000001
    endloop
  endfacet
  facet normal -0.19173659824127268 0.038138780669493964 -0.98070510873753947
    outer loop
      vertex 0.59113000196103871 -0.15839280664726885 -0.21249229247759591
      vertex 0.69401140296166719 -0.091368334554036174 -0.23000000000000001
      vertex 0.67614807840234759 -0.1811733315717651 -0.23000000000000001
    endloop
  endfacet
  facet normal 0.19173659824127232 -0.038138780669493881 -0.98070510873753947
    outer loop
      vertex 0.67614807840234759 -0.1811733315717651 -0.23000000000000001
      vertex 0.69401140296166719 -0.091368334554036174 -0.23000000000000001
      vertex 0.78127559314845718 -0.1028568831420686 -0.21249229247759593
    endloop
  endfacet
  facet normal 0.19173659824127237 -0.038138780669493944 -0.98070510873753958
    outer loop
      vertex 0.67614807840234759 -0.1811733315717651 -0.23000000000000001
      vertex 0.78127559314845718 -0.1028568831420686 -0.21249229247759593
      vertex 0.76116615484365646 -0.20395385649626133 -0.21249229247759593
    endloop
  endfacet
  facet normal 0.54570259701464952 -0.10854699545741164 -0.83091890421907943
    outer loop
      vertex 0.76116615484365646 -0.20395385649626133 -0.21249229247759593
      vertex 0.78127559314845718 -0.1028568831420686 -0.21249229247759593
      vertex 0.85525460143116216 -0.11259640435152536 -0.16263455967290597
    endloop
  endfacet
  facet normal 0.5457025970146494 -0.10854699545741156 -0.83091890421907943
    outer loop
      vertex 0.76116615484365646 -0.20395385649626133 -0.21249229247759593
      vertex 0.85525460143116216 -0.11259640435152536 -0.16263455967290597
      vertex 0.83324099983755806 -0.22326625300697567 -0.16263455967290597
    endloop
  endfacet
  facet normal 0.81603204127193552 -0.16231886518705566 -0.55474705372984601
    outer loop
      vertex 0.83324099983755806 -0.22326625300697567 -0.16263455967290597
      vertex 0.85525460143116216 -0.11259640435152536 -0.16263455967290597
      vertex 0.90468579442012054 -0.1191041443672463 -0.0880171894439708
    endloop
  endfacet
  facet normal 0.81603204127193563 -0.16231886518705579 -0.55474705372984578
    outer loop
      vertex 0.83324099983755806 -0.22326625300697567 -0.16263455967290597
      vertex 0.90468579442012054 -0.1191041443672463 -0.0880171894439708
      vertex 0.88139987159382782 -0.23617038380246219 -0.0880171894439708
    endloop
  endfacet
  facet normal 0.96201808025852431 -0.19135729380625727 -0.19468846746237761
    outer loop
      vertex 0.88139987159382782 -0.23617038380246219 -0.0880171894439708
      vertex 0.90468579442012054 -0.1191041443672463 -0.0880171894439708
      vertex 0.92204372107764354 -0.12138935876464806 0
    endloop
  endfacet
  facet normal 0.96201808025852431 -0.19135729380625713 -0.19468846746237783
    outer loop
      vertex 0.88139987159382782 -0.23617038380246219 -0.0880171894439708
      vertex 0.92204372107764354 -0.12138935876464806 0
      vertex 0.89831101844883321 -0.24070171194534504 0
    endloop
  endfacet
  facet normal 0.97876502113507591 -0.064151648767623318 0.194688467462379
    outer loop
      vertex 0.92204372107764354 -0.12138935876464806 0
      vertex 0.92999999999999994 0 0
      vertex 0.91249229247759589 0 0.088017189443970648
    endloop
  endfacet
  facet normal 0.97876502113507624 -0.064151648767622554 0.19468846746237797
    outer loop
      vertex 0.92204372107764354 -0.12138935876464806 0
      vertex 0.91249229247759589 0 0.088017189443970648
      vertex 0.90468579442012054 -0.1191041443672463 0.088017189443970648
    endloop
  endfacet
  facet normal 0.83023763743378864 -0.054416649716952627 0.55474705372984501
    outer loop
      vertex 0.90468579442012054 -0.1191041443672463 0.088017189443970648
      vertex 0.91249229247759589 0 0.088017189443970648
      vertex 0.86263455967290592 0 0.16263455967290594
    endloop
  endfacet
  facet normal 0.8302376374337882 -0.054416649716952953 0.55474705372984534
    outer loop
      vertex 0.90468579442012054 -0.1191041443672463 0.088017189443970648
      vertex 0.86263455967290592 0 0.16263455967290594
      vertex 0.85525460143116216 -0.11259640435152536 0.16263455967290594
    endloop
  endfacet
  facet normal 0.55520226164250064 -0.036389878790901532 0.83091890421907943
    outer loop
      vertex 0.85525460143116216 -0.11259640435152536 0.16263455967290594
      vertex 0.86263455967290592 0 0.16263455967290594
      vertex 0.78801718944397059 0 0.21249229247759596
    endloop
  endfacet
  facet normal 0.55520226164250053 -0.036389878790901609 0.83091890421907955
    outer loop
      vertex 0.85525460143116216 -0.11259640435152536 0.16263455967290594
      vertex 0.78801718944397059 0 0.21249229247759596
      vertex 0.78127559314845707 -0.10285688314206859 0.21249229247759596
    endloop
  endfacet
  facet normal 0.19507437488030896 -0.012785850036173455 0.98070510873753947
    outer loop
      vertex 0.78127559314845707 -0.10285688314206859 0.21249229247759596
      vertex 0.78801718944397059 0 0.21249229247759596
      vertex 0.69999999999999996 0 0.23000000000000001
    endloop
  endfacet
  facet normal 0.19507437488030893 -0.012785850036173479 0.98070510873753958
    outer loop
      vertex 0.78127559314845707 -0.10285688314206859 0.21249229247759596
      vertex 0.69999999999999996 0 0.23000000000000001
      vertex 0.69401140296166719 -0.091368334554036174 0.23000000000000001
    endloop
  endfacet
  facet normal -0.19507437488030896 0.012785850036173479 0.98070510873753958
    outer loop
      vertex 0.69401140296166719 -0.091368334554036174 0.23000000000000001
      vertex 0.69999999999999996 0 0.23000000000000001
      vertex 0.61198281055602932 0 0.21249229247759596
    endloop
  endfacet
  facet normal -0.19507437488030893 0.01278585003617352 0.98070510873753947
    outer loop
      vertex 0.69401140296166719 -0.091368334554036174 0.23000000000000001
      vertex 0.61198281055602932 0 0.21249229247759596
      vertex 0.60674721277487731 -0.079879785966003758 0.21249229247759596
    endloop
  endfacet
  facet normal -0.55520226164250053 0.036389878790901796 0.83091890421907955
    outer loop
      vertex 0.60674721277487731 -0.079879785966003758 0.21249229247759596
      vertex 0.61198281055602932 0 0.21249229247759596
      vertex 0.53736544032709399 0 0.16263455967290594
    endloop
  endfacet
  facet normal -0.55520226164250108 0.03638987879090113 0.8309189042190791
    outer loop
      vertex 0.60674721277487731 -0.079879785966003758 0.21249229247759596
      vertex 0.53736544032709399 0 0.16263455967290594
      vertex 0.53276820449217233 -0.070140264756546986 0.16263455967290594
    endloop
  endfacet
  facet normal -0.83023763743378864 0.054416649716952314 0.55474705372984512
    outer loop
      vertex 0.53276820449217233 -0.070140264756546986 0.16263455967290594
      vertex 0.53736544032709399 0 0.16263455967290594
      vertex 0.48750770752240402 0 0.088017189443970675
    endloop
  endfacet
  facet normal -0.8302376374337882 0.05441664971695289 0.55474705372984545
    outer loop
      vertex 0.53276820449217233 -0.070140264756546986 0.16263455967290594
      vertex 0.48750770752240402 0 0.088017189443970675
      vertex 0.48333701150321395 -0.063632524740826049 0.088017189443970675
    endloop
  endfacet
  facet normal -0.97876502113507602 0.06415164876762286 0.194688467462379
    outer loop
      vertex 0.48333701150321395 -0.063632524740826049 0.088017189443970675
      vertex 0.48750770752240402 0 0.088017189443970675
      vertex 0.46999999999999997 0 2.8166876380389123e-17
    endloop
  endfacet
  facet normal -0.97876502113507591 0.064151648767623137 0.19468846746237919
    outer loop
      vertex 0.48333701150321395 -0.063632524740826049 0.088017189443970675
      vertex 0.46999999999999997 0 2.8166876380389123e-17
      vertex 0.46597908484569084 -0.061347310343424291 2.8166876380389123e-17
    endloop
  endfacet
  facet normal -0.97876502113507613 0.06415164876762311 -0.19468846746237833
    outer loop
      vertex 0.46597908484569084 -0.061347310343424291 2.8166876380389123e-17
      vertex 0.46999999999999997 0 2.8166876380389123e-17
      vertex 0.48750770752240397 0 -0.088017189443970634
    endloop
  endfacet
  facet normal -0.97876502113507624 0.064151648767622874 -0.19468846746237853
    outer loop
      vertex 0.46597908484569084 -0.061347310343424291 2.8166876380389123e-17
      vertex 0.48750770752240397 0 -0.088017189443970634
      vertex 0.4833370115032139 -0.063632524740826035 -0.088017189443970634
    endloop
  endfacet
  facet normal -0.8302376374337882 0.054416649716952856 -0.55474705372984545
    outer loop
      vertex 0.4833370115032139 -0.063632524740826035 -0.088017189443970634
      vertex 0.48750770752240397 0 -0.088017189443970634
      vertex 0.53736544032709399 0 -0.16263455967290591
    endloop
  endfacet
  facet normal -0.83023763743378809 0.054416649716952314 -0.55474705372984578
    outer loop
      vertex 0.4833370115032139 -0.063632524740826035 -0.088017189443970634
      vertex 0.53736544032709399 0 -0.16263455967290591
      vertex 0.53276820449217233 -0.070140264756546986 -0.16263455967290591
    endloop
  endfacet
  facet normal -0.55520226164250097 0.036389878790901137 -0.83091890421907921
    outer loop
      vertex 0.53276820449217233 -0.070140264756546986 -0.16263455967290591
      vertex 0.53736544032709399 0 -0.16263455967290591
      vertex 0.61198281055602921 0 -0.21249229247759591
    endloop
  endfacet
  facet normal -0.55520226164250142 0.036389878790901824 -0.83091890421907888
    outer loop
      vertex 0.53276820449217233 -0.070140264756546986 -0.16263455967290591
      vertex 0.61198281055602921 0 -0.21249229247759591
      vertex 0.6067472127748772 -0.079879785966003744 -0.21249229247759591
    endloop
  endfacet
  facet normal -0.19507437488030935 0.012785850036173538 -0.98070510873753947
    outer loop
      vertex 0.6067472127748772 -0.079879785966003744 -0.21249229247759591
      vertex 0.61198281055602921 0 -0.21249229247759591
      vertex 0.69999999999999996 0 -0.23000000000000001
    endloop
  endfacet
  facet normal -0.19507437488030929 0.012785850036173486 -0.98070510873753935
    outer loop
      vertex 0.6067472127748772 -0.079879785966003744 -0.21249229247759591
      vertex 0.69999999999999996 0 -0.23000000000000001
      vertex 0.69401140296166719 -0.091368334554036174 -0.23000000000000001
    endloop
  endfacet
  facet normal 0.19507437488030907 -0.012785850036173486 -0.98070510873753958
    outer loop
      vertex 0.69401140296166719 -0.091368334554036174 -0.23000000000000001
      vertex 0.69999999999999996 0 -0.23000000000000001
      vertex 0.7880171894439707 0 -0.21249229247759593
    endloop
  endfacet
  facet normal 0.19507437488030899 -0.012785850036173451 -0.98070510873753947
    outer loop
      vertex 0.69401140296166719 -0.091368334554036174 -0.23000000000000001
      vertex 0.7880171894439707 0 -0.21249229247759593
      vertex 0.78127559314845718 -0.1028568831420686 -0.21249229247759593
    endloop
  endfacet
  facet normal 0.55520226164250075 -0.036389878790901643 -0.83091890421907943
    outer loop
      vertex 0.78127559314845718 -0.1028568831420686 -0.21249229247759593
      vertex 0.7880171894439707 0 -0.21249229247759593
      vertex 0.86263455967290592 0 -0.16263455967290597
    endloop
  endfacet
  facet normal 0.55520226164250053 -0.036389878790901553 -0.83091890421907943
    outer loop
      vertex 0.78127559314845718 -0.1028568831420686 -0.21249229247759593
      vertex 0.86263455967290592 0 -0.16263455967290597
      vertex 0.85525460143116216 -0.11259640435152536 -0.16263455967290597
    endloop
  endfacet
  facet normal 0.8302376374337882 -0.054416649716952918 -0.55474705372984567
    outer loop
      vertex 0.85525460143116216 -0.11259640435152536 -0.16263455967290597
      vertex 0.86263455967290592 0 -0.16263455967290597
      vertex 0.91249229247759589 0 -0.0880171894439708
    endloop
  endfacet
  facet normal 0.83023763743378787 -0.05441664971695253 -0.55474705372984601
    outer loop
      vertex 0.85525460143116216 -0.11259640435152536 -0.16263455967290597
      vertex 0.91249229247759589 0 -0.0880171894439708
      vertex 0.90468579442012054 -0.1191041443672463 -0.0880171894439708
    endloop
  endfacet
  facet normal 0.97876502113507602 -0.064151648767622554 -0.19468846746237864
    outer loop
      vertex 0.90468579442012054 -0.1191041443672463 -0.0880171894439708
      vertex 0.91249229247759589 0 -0.0880171894439708
      vertex 0.92999999999999994 0 0
    endloop
  endfacet
  facet normal 0.97876502113507624 -0.064151648767623345 -0.19468846746237764
    outer loop
      vertex 0.90468579442012054 -0.1191041443672463 -0.0880171894439708
      vertex 0.92999999999999994 0 0
      vertex 0.92204372107764354 -0.12138935876464806 0
    endloop
  endfacet
endsolid torus
