solid line_w_1e_02
  facet normal -0.0033336577849629088 -0.0020232995204434246 0.9999923964635048
    outer loop
      vertex -0.95146621906665507 -0.9453874232766476 0.00027492687101227358
      vertex -0.77487969162737313 -0.95707192074775416 0.00083996898111819533
      vertex -0.86600204042497853 -0.91059415108127384 0.00063023510802326377
    endloop
  endfacet
  facet normal -0.10859191012479512 -0.028049176400376651 0.99369061621749699
    outer loop
      vertex -0.21555998181094785 -0.93956089399838827 0.0088704613945316257
      vertex -0.10207252706314422 -0.93407401305893489 0.021427409979917822
      vertex -0.12789981875899736 -0.86316376931986916 0.020606569981974576
    endloop
  endfacet
  facet normal -0.62583998403593166 -0.076274599793613354 0.77621292169625
    outer loop
      vertex -0.046534623526210128 -0.97657514455483474 0.062029779492714238
      vertex -0.035551735564955153 -0.87346850876731597 0.081016770555543238
      vertex -0.10207252706314422 -0.93407401305893489 0.021427409979917822
    endloop
  endfacet
  facet normal -0.45539223199613887 -0.11408633552990581 0.88295086108057719
    outer loop
      vertex -0.046534623526210128 -0.97657514455483474 0.062029779492714238
      vertex -8.7916992857975038e-05 -0.93791887466056945 0.090979999330884714
      vertex -0.035551735564955153 -0.87346850876731597 0.081016770555543238
    endloop
  endfacet
  facet normal 0.46240260487488793 -0.12014724000705398 0.87849215803193459
    outer loop
      vertex -8.7916992857975038e-05 -0.93791887466056945 0.090979999330884714
      vertex 0.047712656245471226 -0.97626843792324325 0.060574828929316399
      vertex 0.035437415921249237 -0.8735423215185214 0.081085384771297175
    endloop
  endfacet
  facet normal 0.64307609437450275 -0.075316463625307153 0.76208960572298423
    outer loop
      vertex 0.047712656245471226 -0.97626843792324325 0.060574828929316399
      vertex 0.091617737893494672 -0.87252675078268893 0.033778962314547356
      vertex 0.035437415921249237 -0.8735423215185214 0.081085384771297175
    endloop
  endfacet
  facet normal 0.51073503417334709 0.0059091178741123027 0.85971786488004298
    outer loop
      vertex 0.047712656245471226 -0.97626843792324325 0.060574828929316399
      vertex 0.13110642759719493 -0.9617060675190624 0.010932762423734824
      vertex 0.091617737893494672 -0.87252675078268893 0.033778962314547356
    endloop
  endfacet
  facet normal 0.027049964769365241 -0.065947744636805763 0.99745636214487832
    outer loop
      vertex 0.13110642759719493 -0.9617060675190624 0.010932762423734824
      vertex 0.26764753345469106 -0.97601319144852872 0.0062839829538922018
      vertex 0.23196639840501423 -0.87324856970560649 0.014045995180448481
    endloop
  endfacet
  facet normal 0.027344488494492475 -0.065845386587305946 0.99745509373311769
    outer loop
      vertex 0.26764753345469106 -0.97601319144852872 0.0062839829538922018
      vertex 0.33893522337649756 -0.91049818204255673 0.0086545515334678635
      vertex 0.23196639840501423 -0.87324856970560649 0.014045995180448481
    endloop
  endfacet
  facet normal 0.014094081444801888 -0.051467984210797658 0.99857518668826561
    outer loop
      vertex 0.26764753345469106 -0.97601319144852872 0.0062839829538922018
      vertex 0.41049892621035605 -0.97608462878715663 0.0042640690538605919
      vertex 0.33893522337649756 -0.91049818204255673 0.0086545515334678635
    endloop
  endfacet
  facet normal 0.022876183269964011 -0.041904566254101064 0.99885969363372284
    outer loop
      vertex 0.41049892621035605 -0.97608462878715663 0.0042640690538605919
      vertex 0.48181914525915159 -0.91056644652514063 0.0053793173862667076
      vertex 0.33893522337649756 -0.91049818204255673 0.0086545515334678635
    endloop
  endfacet
  facet normal 0.012767278848347715 -0.030910344820282175 0.99944061713235366
    outer loop
      vertex 0.41049892621035605 -0.97608462878715663 0.0042640690538605919
      vertex 0.55340232861090277 -0.9761286983303018 0.0024371973415232111
      vertex 0.48181914525915159 -0.91056644652514063 0.0053793173862667076
    endloop
  endfacet
  facet normal 0.017796241457772602 -0.025423034707830968 0.99951836556224471
    outer loop
      vertex 0.55340232861090277 -0.9761286983303018 0.0024371973415232111
      vertex 0.62477304552771551 -0.91063243504951907 0.0028323709340889215
      vertex 0.48181914525915159 -0.91056644652514063 0.0053793173862667076
    endloop
  endfacet
  facet normal 0.0087896759809924715 -0.015610595126962718 0.99983951257985959
    outer loop
      vertex 0.55340232861090277 -0.9761286983303018 0.0024371973415232111
      vertex 0.69632424005635674 -0.97616060008158723 0.0011802603214307802
      vertex 0.62477304552771551 -0.91063243504951907 0.0028323709340889215
    endloop
  endfacet
  facet normal 0.010968559648323876 -0.013231761359748075 0.99985229468685022
    outer loop
      vertex 0.69632424005635674 -0.97616060008158723 0.0011802603214307802
      vertex 0.76773128852894856 -0.91067800955758726 0.0012634901554687706
      vertex 0.62477304552771551 -0.91063243504951907 0.0028323709340889215
    endloop
  endfacet
  facet normal 0.0048692841372007384 -0.0065808064410766264 0.99996649096786061
    outer loop
      vertex 0.69632424005635674 -0.97616060008158723 0.0011802603214307802
      vertex 0.83923363259818085 -0.97617853405449639 0.00048425254071835476
      vertex 0.76773128852894856 -0.91067800955758726 0.0012634901554687706
    endloop
  endfacet
  facet normal 0.0050663405592216836 -0.0063656986390391605 0.99996690448943115
    outer loop
      vertex 0.83923363259818085 -0.97617853405449639 0.00048425254071835476
      vertex 0.91679411002311773 -0.93528018191874984 0.00035164694402733867
      vertex 0.76773128852894856 -0.91067800955758726 0.0012634901554687706
    endloop
  endfacet
  facet normal -0.0074115052651465519 -0.010018470865054216 0.99992234690061332
    outer loop
      vertex -0.86600204042497853 -0.91059415108127384 0.00063023510802326377
      vertex -0.77487969162737313 -0.95707192074775416 0.00083996898111819533
      vertex -0.74370919758945353 -0.85691311528230618 0.002074523203193384
    endloop
  endfacet
  facet normal -0.0074516368150638621 -0.021032134258514922 0.99975103022567979
    outer loop
      vertex -0.77487969162737313 -0.95707192074775416 0.00083996898111819533
      vertex -0.63191440219046924 -0.95698033623621459 0.0019074863924741781
      vertex -0.62481418719718473 -0.86580292795783731 0.0038785408411485256
    endloop
  endfacet
  facet normal -0.015726436820747831 -0.0074298675822640362 0.99984872668450853
    outer loop
      vertex -0.77487969162737313 -0.95707192074775416 0.00083996898111819533
      vertex -0.62481418719718473 -0.86580292795783731 0.0038785408411485256
      vertex -0.74370919758945353 -0.85691311528230618 0.002074523203193384
    endloop
  endfacet
  facet normal -0.012259730632132192 -0.039317634879310968 0.99915155136361811
    outer loop
      vertex -0.63191440219046924 -0.95698033623621459 0.0019074863924741781
      vertex -0.48893915599266657 -0.95683813298783049 0.0036674086970000519
      vertex -0.48185107161866808 -0.86552337120652312 0.0073477097113088669
    endloop
  endfacet
  facet normal -0.024215780068858505 -0.019721505332722673 0.99951221014206137
    outer loop
      vertex -0.63191440219046924 -0.95698033623621459 0.0019074863924741781
      vertex -0.48185107161866808 -0.86552337120652312 0.0073477097113088669
      vertex -0.62481418719718473 -0.86580292795783731 0.0038785408411485256
    endloop
  endfacet
  facet normal -0.016606360078205203 -0.061494520017832108 0.99796926446295409
    outer loop
      vertex -0.48893915599266657 -0.95683813298783049 0.0036674086970000519
      vertex -0.33894464240644129 -0.96056351459604505 0.0059337834532455086
      vertex -0.33892732878302495 -0.86512681042670625 0.011814848171606787
    endloop
  endfacet
  facet normal -0.03111287876664259 -0.037840010184360728 0.9987993404103247
    outer loop
      vertex -0.48893915599266657 -0.95683813298783049 0.0036674086970000519
      vertex -0.33892732878302495 -0.86512681042670625 0.011814848171606787
      vertex -0.48185107161866808 -0.86552337120652312 0.0073477097113088669
    endloop
  endfacet
  facet normal -0.013285581074068846 -0.061498173204588565 0.99801877138059025
    outer loop
      vertex -0.33894464240644129 -0.96056351459604505 0.0059337834532455086
      vertex -0.21555998181094785 -0.93956089399838827 0.0088704613945316257
      vertex -0.33892732878302495 -0.86512681042670625 0.011814848171606787
    endloop
  endfacet
  facet normal 0.26785450816063916 -0.12609246719139378 0.95517257716896864
    outer loop
      vertex 0.091617737893494672 -0.87252675078268893 0.033778962314547356
      vertex 0.13110642759719493 -0.9617060675190624 0.010932762423734824
      vertex 0.15308768181721047 -0.84445978282071155 0.020246362375641397
    endloop
  endfacet
  facet normal 0.046207891120152063 -0.087707922274392169 0.99507394256333404
    outer loop
      vertex 0.13110642759719493 -0.9617060675190624 0.010932762423734824
      vertex 0.23196639840501423 -0.87324856970560649 0.014045995180448481
      vertex 0.15308768181721047 -0.84445978282071155 0.020246362375641397
    endloop
  endfacet
  facet normal -0.00098862994349501018 -0.0077832534252198875 0.99996922131481303
    outer loop
      vertex -0.95146621906665507 -0.9453874232766476 0.00027492687101227358
      vertex -0.86600204042497853 -0.91059415108127384 0.00063023510802326377
      vertex -0.8569585493057531 -0.77947958170062159 0.0016597053811070982
    endloop
  endfacet
  facet normal -0.0088979990286589157 -0.0032776455409904699 0.99995504031581028
    outer loop
      vertex -0.95146621906665507 -0.9453874232766476 0.00027492687101227358
      vertex -0.8569585493057531 -0.77947958170062159 0.0016597053811070982
      vertex -0.95708680042218719 -0.81061508923130765 0.00066666849588257505
    endloop
  endfacet
  facet normal -0.024156744249708696 -0.041598934062585462 0.99884232008466223
    outer loop
      vertex -0.62481418719718473 -0.86580292795783731 0.0038785408411485256
      vertex -0.48185107161866808 -0.86552337120652312 0.0073477097113088669
      vertex -0.54381749989081973 -0.80197344045877705 0.0084957409830734437
    endloop
  endfacet
  facet normal -0.030937629241484306 -0.076289683849238524 0.99660561268492742
    outer loop
      vertex -0.48185107161866808 -0.86552337120652312 0.0073477097113088669
      vertex -0.33892732878302495 -0.86512681042670625 0.011814848171606787
      vertex -0.4217610055809185 -0.78981836568901842 0.015008267733192221
    endloop
  endfacet
  facet normal -0.0389497112652539 -0.10386823502397249 0.99382810875188987
    outer loop
      vertex -0.33892732878302495 -0.86512681042670625 0.011814848171606787
      vertex -0.21555998181094785 -0.93956089399838827 0.0088704613945316257
      vertex -0.25785693514122293 -0.80041352487779294 0.021755524119566938
    endloop
  endfacet
  facet normal -0.044251602174182836 -0.10544394010180885 0.99344016991504025
    outer loop
      vertex -0.21555998181094785 -0.93956089399838827 0.0088704613945316257
      vertex -0.19518524448491717 -0.80104814940152202 0.024479800320790529
      vertex -0.25785693514122293 -0.80041352487779294 0.021755524119566938
    endloop
  endfacet
  facet normal -0.040649341844284835 -0.10598468134876778 0.9935365510775267
    outer loop
      vertex -0.21555998181094785 -0.93956089399838827 0.0088704613945316257
      vertex -0.12789981875899736 -0.86316376931986916 0.020606569981974576
      vertex -0.19518524448491717 -0.80104814940152202 0.024479800320790529
    endloop
  endfacet
  facet normal -0.49104724222084239 -0.16895920023188457 0.85459077608192524
    outer loop
      vertex -0.10207252706314422 -0.93407401305893489 0.021427409979917822
      vertex -0.052895767039951087 -0.79226760772533689 0.077720562878465488
      vertex -0.12789981875899736 -0.86316376931986916 0.020606569981974576
    endloop
  endfacet
  facet normal -0.61241854531659268 -0.098971132544474885 0.78431386592050789
    outer loop
      vertex -0.10207252706314422 -0.93407401305893489 0.021427409979917822
      vertex -0.035551735564955153 -0.87346850876731597 0.081016770555543238
      vertex -0.052895767039951087 -0.79226760772533689 0.077720562878465488
    endloop
  endfacet
  facet normal -0.45307870242665443 -0.11259999719192601 0.88433078089578987
    outer loop
      vertex -0.035551735564955153 -0.87346850876731597 0.081016770555543238
      vertex -8.7916992857975038e-05 -0.93791887466056945 0.090979999330884714
      vertex -3.2875247835052746e-05 -0.80150476884044586 0.10837752354587898
    endloop
  endfacet
  facet normal 0.45141633883963611 -0.11306574965955488 0.88512113593707709
    outer loop
      vertex -8.7916992857975038e-05 -0.93791887466056945 0.090979999330884714
      vertex 0.035437415921249237 -0.8735423215185214 0.081085384771297175
      vertex -3.2875247835052746e-05 -0.80150476884044586 0.10837752354587898
    endloop
  endfacet
  facet normal 0.02284753007126597 -0.078641381999476082 0.99664112066824484
    outer loop
      vertex 0.23196639840501423 -0.87324856970560649 0.014045995180448481
      vertex 0.33893522337649756 -0.91049818204255673 0.0086545515334678635
      vertex 0.3387211154121712 -0.83896653256717024 0.014303766173362389
    endloop
  endfacet
  facet normal 0.022865419962162927 -0.048985557099009619 0.99853772475838565
    outer loop
      vertex 0.33893522337649756 -0.91049818204255673 0.0086545515334678635
      vertex 0.48181914525915159 -0.91056644652514063 0.0053793173862667076
      vertex 0.4816112422299394 -0.83905578619768106 0.0088921975086293931
    endloop
  endfacet
  facet normal 0.037679133172945002 -0.078561907643662263 0.99619692309840246
    outer loop
      vertex 0.33893522337649756 -0.91049818204255673 0.0086545515334678635
      vertex 0.4816112422299394 -0.83905578619768106 0.0088921975086293931
      vertex 0.3387211154121712 -0.83896653256717024 0.014303766173362389
    endloop
  endfacet
  facet normal 0.01779587984047587 -0.025816954108079129 0.99950827487384253
    outer loop
      vertex 0.48181914525915159 -0.91056644652514063 0.0053793173862667076
      vertex 0.62477304552771551 -0.91063243504951907 0.0028323709340889215
      vertex 0.62462211582170402 -0.83915320638238922 0.0046813420127185465
    endloop
  endfacet
  facet normal 0.029362931958972559 -0.048958384235623514 0.99836911753109125
    outer loop
      vertex 0.48181914525915159 -0.91056644652514063 0.0053793173862667076
      vertex 0.62462211582170402 -0.83915320638238922 0.0046813420127185465
      vertex 0.4816112422299394 -0.83905578619768106 0.0088921975086293931
    endloop
  endfacet
  facet normal 0.010969604950325902 -0.0109153506519574 0.99988025427416993
    outer loop
      vertex 0.62477304552771551 -0.91063243504951907 0.0028323709340889215
      vertex 0.76773128852894856 -0.91067800955758726 0.0012634901554687706
      vertex 0.78244512978756164 -0.83023428820323897 0.0019802423839068786
    endloop
  endfacet
  facet normal 0.018564943807420964 -0.025814969687453414 0.99949433725332493
    outer loop
      vertex 0.62477304552771551 -0.91063243504951907 0.0028323709340889215
      vertex 0.78244512978756164 -0.83023428820323897 0.0019802423839068786
      vertex 0.62462211582170402 -0.83915320638238922 0.0046813420127185465
    endloop
  endfacet
  facet normal 0.0045101974094343342 -0.0097344241835566579 0.99994244789644893
    outer loop
      vertex 0.76773128852894856 -0.91067800955758726 0.0012634901554687706
      vertex 0.91679411002311773 -0.93528018191874984 0.00035164694402733867
      vertex 0.78244512978756164 -0.83023428820323897 0.0019802423839068786
    endloop
  endfacet
  facet normal 0.0085488855953656673 -0.0045692872544788815 0.99995301798087655
    outer loop
      vertex 0.91679411002311773 -0.93528018191874984 0.00035164694402733867
      vertex 0.91068564056576073 -0.80346637982151559 0.0010061934283838083
      vertex 0.78244512978756164 -0.83023428820323897 0.0019802423839068786
    endloop
  endfacet
  facet normal 0.0043988927252992934 -0.0047617337404467315 0.99997898759652781
    outer loop
      vertex 0.91679411002311773 -0.93528018191874984 0.00035164694402733867
      vertex 0.97618124033412423 -0.87495754675469306 0.00037765020209014864
      vertex 0.91068564056576073 -0.80346637982151559 0.0010061934283838083
    endloop
  endfacet
  facet normal -0.0086241201388369323 -0.0072563463755757765 0.99993648297734816
    outer loop
      vertex -0.86600204042497853 -0.91059415108127384 0.00063023510802326377
      vertex -0.74370919758945353 -0.85691311528230618 0.002074523203193384
      vertex -0.8569585493057531 -0.77947958170062159 0.0016597053811070982
    endloop
  endfacet
  facet normal -0.017705809222177783 -0.020540275984423029 0.99963223306487647
    outer loop
      vertex -0.8569585493057531 -0.77947958170062159 0.0016597053811070982
      vertex -0.74370919758945353 -0.85691311528230618 0.002074523203193384
      vertex -0.76158129547395503 -0.7073231039761072 0.0048317173692405888
    endloop
  endfacet
  facet normal -0.028358976712624901 -0.021808031310446434 0.99935988423098887
    outer loop
      vertex -0.74370919758945353 -0.85691311528230618 0.002074523203193384
      vertex -0.65288677815390417 -0.75684963316777065 0.0068353891372950337
      vertex -0.76158129547395503 -0.7073231039761072 0.0048317173692405888
    endloop
  endfacet
  facet normal -0.017528803697432475 -0.031637341125375883 0.99934569578672505
    outer loop
      vertex -0.74370919758945353 -0.85691311528230618 0.002074523203193384
      vertex -0.62481418719718473 -0.86580292795783731 0.0038785408411485256
      vertex -0.65288677815390417 -0.75684963316777065 0.0068353891372950337
    endloop
  endfacet
  facet normal -0.029575799710287114 -0.034730840296196747 0.99895897853906757
    outer loop
      vertex -0.62481418719718473 -0.86580292795783731 0.0038785408411485256
      vertex -0.54381749989081973 -0.80197344045877705 0.0084957409830734437
      vertex -0.65288677815390417 -0.75684963316777065 0.0068353891372950337
    endloop
  endfacet
  facet normal -0.046847189048390379 -0.06368835472631211 0.99686966768505891
    outer loop
      vertex -0.54381749989081973 -0.80197344045877705 0.0084957409830734437
      vertex -0.48185107161866808 -0.86552337120652312 0.0073477097113088669
      vertex -0.4217610055809185 -0.78981836568901842 0.015008267733192221
    endloop
  endfacet
  facet normal -0.070023584255137564 -0.11901901050681336 0.99041969527369689
    outer loop
      vertex -0.4217610055809185 -0.78981836568901842 0.015008267733192221
      vertex -0.33892732878302495 -0.86512681042670625 0.011814848171606787
      vertex -0.33026219538130841 -0.73000702927224437 0.028664862798109675
    endloop
  endfacet
  facet normal -0.024129981715063194 -0.12218587466789703 0.99221386606621853
    outer loop
      vertex -0.33892732878302495 -0.86512681042670625 0.011814848171606787
      vertex -0.25785693514122293 -0.80041352487779294 0.021755524119566938
      vertex -0.33026219538130841 -0.73000702927224437 0.028664862798109675
    endloop
  endfacet
  facet normal -0.11735371022552096 -0.18792637881575014 0.97514705703370896
    outer loop
      vertex -0.19518524448491717 -0.80104814940152202 0.024479800320790529
      vertex -0.12789981875899736 -0.86316376931986916 0.020606569981974576
      vertex -0.11824910115416712 -0.72895418240577592 0.047632308303489912
    endloop
  endfacet
  facet normal -0.51785392323502355 -0.132935172419793 0.84507724742996981
    outer loop
      vertex -0.12789981875899736 -0.86316376931986916 0.020606569981974576
      vertex -0.052895767039951087 -0.79226760772533689 0.077720562878465488
      vertex -0.11824910115416712 -0.72895418240577592 0.047632308303489912
    endloop
  endfacet
  facet normal -0.5099568974668095 -0.074135391690443947 0.85699936197463433
    outer loop
      vertex -0.035551735564955153 -0.87346850876731597 0.081016770555543238
      vertex -3.2875247835052746e-05 -0.80150476884044586 0.10837752354587898
      vertex -0.052895767039951087 -0.79226760772533689 0.077720562878465488
    endloop
  endfacet
  facet normal 0.35881511512694703 -0.17097251180276982 0.91761653939120313
    outer loop
      vertex -3.2875247835052746e-05 -0.80150476884044586 0.10837752354587898
      vertex 0.035437415921249237 -0.8735423215185214 0.081085384771297175
      vertex 0.035328934393859118 -0.72950079313120209 0.10796596687195809
    endloop
  endfacet
  facet normal 0.63947073870024207 -0.13716775446913998 0.75648012629550299
    outer loop
      vertex 0.035437415921249237 -0.8735423215185214 0.081085384771297175
      vertex 0.091617737893494672 -0.87252675078268893 0.033778962314547356
      vertex 0.091010078285265361 -0.72789275862919367 0.060518198097528564
    endloop
  endfacet
  facet normal 0.64455808680166671 -0.13978842231273653 0.7516675260551644
    outer loop
      vertex 0.035437415921249237 -0.8735423215185214 0.081085384771297175
      vertex 0.091010078285265361 -0.72789275862919367 0.060518198097528564
      vertex 0.035328934393859118 -0.72950079313120209 0.10796596687195809
    endloop
  endfacet
  facet normal 0.28645364411556773 -0.1730124069250368 0.94234336460916246
    outer loop
      vertex 0.091617737893494672 -0.87252675078268893 0.033778962314547356
      vertex 0.15308768181721047 -0.84445978282071155 0.020246362375641397
      vertex 0.091010078285265361 -0.72789275862919367 0.060518198097528564
    endloop
  endfacet
  facet normal 0.027593348446234504 -0.13763844713869092 0.99009810877042614
    outer loop
      vertex 0.15308768181721047 -0.84445978282071155 0.020246362375641397
      vertex 0.23196639840501423 -0.87324856970560649 0.014045995180448481
      vertex 0.23099054103009886 -0.76700978854663504 0.028841971364465896
    endloop
  endfacet
  facet normal 0.041747420636630984 -0.13744316981892318 0.98962949023375146
    outer loop
      vertex 0.23196639840501423 -0.87324856970560649 0.014045995180448481
      vertex 0.3387211154121712 -0.83896653256717024 0.014303766173362389
      vertex 0.23099054103009886 -0.76700978854663504 0.028841971364465896
    endloop
  endfacet
  facet normal 0.057650414088355473 -0.1140720855331831 0.99179836108835706
    outer loop
      vertex 0.3387211154121712 -0.83896653256717024 0.014303766173362389
      vertex 0.37412366372256306 -0.76744891663331594 0.020471544092803717
      vertex 0.23099054103009886 -0.76700978854663504 0.028841971364465896
    endloop
  endfacet
  facet normal 0.037573595099021563 -0.10430932036488813 0.99383489103389311
    outer loop
      vertex 0.3387211154121712 -0.83896653256717024 0.014303766173362389
      vertex 0.4816112422299394 -0.83905578619768106 0.0088921975086293931
      vertex 0.37412366372256306 -0.76744891663331594 0.020471544092803717
    endloop
  endfacet
  facet normal 0.057465088732560024 -0.074727453521367712 0.99554687045220069
    outer loop
      vertex 0.4816112422299394 -0.83905578619768106 0.0088921975086293931
      vertex 0.51707402821224646 -0.7675584722733253 0.012211920726187889
      vertex 0.37412366372256306 -0.76744891663331594 0.020471544092803717
    endloop
  endfacet
  facet normal 0.029335529282678477 -0.060875776374692353 0.99771417077862712
    outer loop
      vertex 0.4816112422299394 -0.83905578619768106 0.0088921975086293931
      vertex 0.62462211582170402 -0.83915320638238922 0.0046813420127185465
      vertex 0.51707402821224646 -0.7675584722733253 0.012211920726187889
    endloop
  endfacet
  facet normal 0.042437088930454003 -0.041250956753441398 0.99824718985331196
    outer loop
      vertex 0.62462211582170402 -0.83915320638238922 0.0046813420127185465
      vertex 0.66616427089559904 -0.74342206860350324 0.0068712534068715372
      vertex 0.51707402821224646 -0.7675584722733253 0.012211920726187889
    endloop
  endfacet
  facet normal 0.018857797707917047 -0.031043816354772932 0.99934011474159201
    outer loop
      vertex 0.62462211582170402 -0.83915320638238922 0.0046813420127185465
      vertex 0.78244512978756164 -0.83023428820323897 0.0019802423839068786
      vertex 0.66616427089559904 -0.74342206860350324 0.0068712534068715372
    endloop
  endfacet
  facet normal 0.010117602362670976 -0.012087554827189598 0.9998757548519368
    outer loop
      vertex 0.78244512978756164 -0.83023428820323897 0.0019802423839068786
      vertex 0.91068564056576073 -0.80346637982151559 0.0010061934283838083
      vertex 0.83921126136867596 -0.73189381852224733 0.0025946773964717791
    endloop
  endfacet
  facet normal 0.0051535908525667121 -0.0040703231067548895 0.99997843625306793
    outer loop
      vertex 0.91068564056576073 -0.80346637982151559 0.0010061934283838083
      vertex 0.97618124033412423 -0.87495754675469306 0.00037765020209014864
      vertex 0.97616630469335708 -0.73205347913254093 0.00095940544758638287
    endloop
  endfacet
  facet normal 0.24474428097889317 -0.19760648543759379 0.94923754342162769
    outer loop
      vertex 0.091010078285265361 -0.72789275862919367 0.060518198097528564
      vertex 0.15308768181721047 -0.84445978282071155 0.020246362375641397
      vertex 0.1592658957496193 -0.68908889469932044 0.050997582464498481
    endloop
  endfacet
  facet normal 0.087876534082939925 -0.19676546634306141 0.97650451407680006
    outer loop
      vertex 0.15308768181721047 -0.84445978282071155 0.020246362375641397
      vertex 0.23099054103009886 -0.76700978854663504 0.028841971364465896
      vertex 0.1592658957496193 -0.68908889469932044 0.050997582464498481
    endloop
  endfacet
  facet normal 0.027118855964323962 -0.019983721936141528 0.99943244819685795
    outer loop
      vertex 0.66616427089559904 -0.74342206860350324 0.0068712534068715372
      vertex 0.78244512978756164 -0.83023428820323897 0.0019802423839068786
      vertex 0.76771479452501312 -0.69596384453849458 0.0050646860161819296
    endloop
  endfacet
  facet normal 0.02433292943954803 -0.020290861206661116 0.99949796873049312
    outer loop
      vertex 0.78244512978756164 -0.83023428820323897 0.0019802423839068786
      vertex 0.83921126136867596 -0.73189381852224733 0.0025946773964717791
      vertex 0.76771479452501312 -0.69596384453849458 0.0050646860161819296
    endloop
  endfacet
  facet normal -0.0056983926489464548 -0.013565197209605195 0.99989175101401995
    outer loop
      vertex -0.95708680042218719 -0.81061508923130765 0.00066666849588257505
      vertex -0.8569585493057531 -0.77947958170062159 0.0016597053811070982
      vertex -0.86585225002144872 -0.66055352664417266 0.0032224501380632292
    endloop
  endfacet
  facet normal -0.017537256538070409 -0.0063662743282890408 0.99982594244413103
    outer loop
      vertex -0.95708680042218719 -0.81061508923130765 0.00066666849588257505
      vertex -0.86585225002144872 -0.66055352664417266 0.0032224501380632292
      vertex -0.95700837362595148 -0.66765852854581564 0.0015783032459966116
    endloop
  endfacet
  facet normal -0.042367130144552144 -0.065723274518158889 0.99693805096902843
    outer loop
      vertex -0.65288677815390417 -0.75684963316777065 0.0068353891372950337
      vertex -0.54381749989081973 -0.80197344045877705 0.0084957409830734437
      vertex -0.59424960191800935 -0.67140944684632686 0.014959963868402093
    endloop
  endfacet
  facet normal -0.077340689759042139 -0.079080064819507412 0.9938635525341184
    outer loop
      vertex -0.54381749989081973 -0.80197344045877705 0.0084957409830734437
      vertex -0.44520974204362823 -0.69593310324270563 0.024606673622867642
      vertex -0.59424960191800935 -0.67140944684632686 0.014959963868402093
    endloop
  endfacet
  facet normal -0.041825737605480459 -0.11194917662095394 0.99283331407021591
    outer loop
      vertex -0.54381749989081973 -0.80197344045877705 0.0084957409830734437
      vertex -0.4217610055809185 -0.78981836568901842 0.015008267733192221
      vertex -0.44520974204362823 -0.69593310324270563 0.024606673622867642
    endloop
  endfacet
  facet normal -0.070178713493617428 -0.11878558667935633 0.9904367382976168
    outer loop
      vertex -0.4217610055809185 -0.78981836568901842 0.015008267733192221
      vertex -0.33026219538130841 -0.73000702927224437 0.028664862798109675
      vertex -0.44520974204362823 -0.69593310324270563 0.024606673622867642
    endloop
  endfacet
  facet normal -0.091741253357683086 -0.19026638795930695 0.97743656778600208
    outer loop
      vertex -0.33026219538130841 -0.73000702927224437 0.028664862798109675
      vertex -0.25785693514122293 -0.80041352487779294 0.021755524119566938
      vertex -0.23867988919498528 -0.68431078320651373 0.04615585484874643
    endloop
  endfacet
  facet normal -0.044569864138602783 -0.1984085747022945 0.97910549211781583
    outer loop
      vertex -0.25785693514122293 -0.80041352487779294 0.021755524119566938
      vertex -0.19518524448491717 -0.80104814940152202 0.024479800320790529
      vertex -0.23867988919498528 -0.68431078320651373 0.04615585484874643
    endloop
  endfacet
  facet normal -0.091489629175375453 -0.21464468098291037 0.97239771116508544
    outer loop
      vertex -0.19518524448491717 -0.80104814940152202 0.024479800320790529
      vertex -0.11824910115416712 -0.72895418240577592 0.047632308303489912
      vertex -0.23867988919498528 -0.68431078320651373 0.04615585484874643
    endloop
  endfacet
  facet normal -0.5682876807870848 -0.20830400029059323 0.79602673028521664
    outer loop
      vertex -0.11824910115416712 -0.72895418240577592 0.047632308303489912
      vertex -0.052895767039951087 -0.79226760772533689 0.077720562878465488
      vertex -0.047436115991968106 -0.6978979550489236 0.1063128547256762
    endloop
  endfacet
  facet normal -0.51784257605427608 -0.21842945219717813 0.82712008852301
    outer loop
      vertex -0.052895767039951087 -0.79226760772533689 0.077720562878465488
      vertex -3.2875247835052746e-05 -0.80150476884044586 0.10837752354587898
      vertex 2.8776599334175493e-05 -0.65751947316621795 0.14644038243030699
    endloop
  endfacet
  facet normal -0.51268599443799556 -0.22165387056641744 0.82947129713453582
    outer loop
      vertex -0.052895767039951087 -0.79226760772533689 0.077720562878465488
      vertex 2.8776599334175493e-05 -0.65751947316621795 0.14644038243030699
      vertex -0.047436115991968106 -0.6978979550489236 0.1063128547256762
    endloop
  endfacet
  facet normal 0.46972992541147651 -0.22581059259504224 0.85344207386606186
    outer loop
      vertex -3.2875247835052746e-05 -0.80150476884044586 0.10837752354587898
      vertex 0.035328934393859118 -0.72950079313120209 0.10796596687195809
      vertex 2.8776599334175493e-05 -0.65751947316621795 0.14644038243030699
    endloop
  endfacet
  facet normal 0.080880566983497118 -0.20301329162916965 0.97582987108733144
    outer loop
      vertex 0.23099054103009886 -0.76700978854663504 0.028841971364465896
      vertex 0.30263712904611273 -0.68579355934220609 0.039799985338169114
      vertex 0.1592658957496193 -0.68908889469932044 0.050997582464498481
    endloop
  endfacet
  facet normal 0.056840744725095357 -0.18257744572952425 0.98154704729318976
    outer loop
      vertex 0.23099054103009886 -0.76700978854663504 0.028841971364465896
      vertex 0.37412366372256306 -0.76744891663331594 0.020471544092803717
      vertex 0.30263712904611273 -0.68579355934220609 0.039799985338169114
    endloop
  endfacet
  facet normal 0.097869728537614248 -0.14729506052463096 0.98423863030314906
    outer loop
      vertex 0.37412366372256306 -0.76744891663331594 0.020471544092803717
      vertex 0.42052898465509492 -0.67710399900784701 0.029377599674739796
      vertex 0.30263712904611273 -0.68579355934220609 0.039799985338169114
    endloop
  endfacet
  facet normal 0.057119708933159728 -0.12695775492440084 0.99026212050948748
    outer loop
      vertex 0.37412366372256306 -0.76744891663331594 0.020471544092803717
      vertex 0.51707402821224646 -0.7675584722733253 0.012211920726187889
      vertex 0.42052898465509492 -0.67710399900784701 0.029377599674739796
    endloop
  endfacet
  facet normal 0.088898098232483722 -0.09330507531353735 0.99166087502300038
    outer loop
      vertex 0.51707402821224646 -0.7675584722733253 0.012211920726187889
      vertex 0.56374286810193508 -0.6773925597145829 0.016511945317758861
      vertex 0.42052898465509492 -0.67710399900784701 0.029377599674739796
    endloop
  endfacet
  facet normal 0.047347701827671361 -0.07201929647310118 0.99627878431047479
    outer loop
      vertex 0.51707402821224646 -0.7675584722733253 0.012211920726187889
      vertex 0.66616427089559904 -0.74342206860350324 0.0068712534068715372
      vertex 0.56374286810193508 -0.6773925597145829 0.016511945317758861
    endloop
  endfacet
  facet normal 0.012806106321630225 -0.0094026952743192383 0.99987378851655939
    outer loop
      vertex 0.83921126136867596 -0.73189381852224733 0.0025946773964717791
      vertex 0.91068564056576073 -0.80346637982151559 0.0010061934283838083
      vertex 0.91064611959562269 -0.6605143216406314 0.0023510039105668415
    endloop
  endfacet
  facet normal 0.010969768985883286 -0.0094034082809724574 0.99989561459239207
    outer loop
      vertex 0.91068564056576073 -0.80346637982151559 0.0010061934283838083
      vertex 0.97616630469335708 -0.73205347913254093 0.00095940544758638287
      vertex 0.91064611959562269 -0.6605143216406314 0.0023510039105668415
    endloop
  endfacet
  facet normal -0.022059969385291364 -0.014785560301538605 0.99964731028362674
    outer loop
      vertex -0.8569585493057531 -0.77947958170062159 0.0016597053811070982
      vertex -0.76158129547395503 -0.7073231039761072 0.0048317173692405888
      vertex -0.86585225002144872 -0.66055352664417266 0.0032224501380632292
    endloop
  endfacet
  facet normal -0.039673776452492267 -0.046690423977728171 0.99812123300267375
    outer loop
      vertex -0.76158129547395503 -0.7073231039761072 0.0048317173692405888
      vertex -0.65288677815390417 -0.75684963316777065 0.0068353891372950337
      vertex -0.69610368236547826 -0.62405190978621905 0.01132963699314736
    endloop
  endfacet
  facet normal -0.060341177437480284 -0.053369894695155205 0.99675001712851075
    outer loop
      vertex -0.65288677815390417 -0.75684963316777065 0.0068353891372950337
      vertex -0.59424960191800935 -0.67140944684632686 0.014959963868402093
      vertex -0.69610368236547826 -0.62405190978621905 0.01132963699314736
    endloop
  endfacet
  facet normal 0.081145415660489537 -0.28266642753306448 0.95577984508095859
    outer loop
      vertex 0.1592658957496193 -0.68908889469932044 0.050997582464498481
      vertex 0.30263712904611273 -0.68579355934220609 0.039799985338169114
      vertex 0.21214522789442367 -0.62039621323382832 0.066823611396398502
    endloop
  endfacet
  facet normal 0.042162507712191058 -0.052238208341016487 0.99774420195395774
    outer loop
      vertex 0.66616427089559904 -0.74342206860350324 0.0068712534068715372
      vertex 0.76771479452501312 -0.69596384453849458 0.0050646860161819296
      vertex 0.67750179848883518 -0.59959261936522024 0.013922533811726992
    endloop
  endfacet
  facet normal -0.083983071391162345 -0.12134124896583046 0.98905163920753869
    outer loop
      vertex -0.59424960191800935 -0.67140944684632686 0.014959963868402093
      vertex -0.44520974204362823 -0.69593310324270563 0.024606673622867642
      vertex -0.51697393265823233 -0.61517694563747427 0.028420504703322913
    endloop
  endfacet
  facet normal -0.13050754246539242 -0.16216789811889026 0.97809475725992168
    outer loop
      vertex -0.44520974204362823 -0.69593310324270563 0.024606673622867642
      vertex -0.3738820818059545 -0.61460721678352792 0.047607763803731551
      vertex -0.51697393265823233 -0.61517694563747427 0.028420504703322913
    endloop
  endfacet
  facet normal -0.092328443203279029 -0.19517744128473363 0.97641242566305109
    outer loop
      vertex -0.44520974204362823 -0.69593310324270563 0.024606673622867642
      vertex -0.33026219538130841 -0.73000702927224437 0.028664862798109675
      vertex -0.3738820818059545 -0.61460721678352792 0.047607763803731551
    endloop
  endfacet
  facet normal -0.08964839017282529 -0.19423619956362118 0.97684976578719718
    outer loop
      vertex -0.33026219538130841 -0.73000702927224437 0.028664862798109675
      vertex -0.23867988919498528 -0.68431078320651373 0.04615585484874643
      vertex -0.3738820818059545 -0.61460721678352792 0.047607763803731551
    endloop
  endfacet
  facet normal -0.12834782151571567 -0.31513457283343338 0.94032815427235805
    outer loop
      vertex -0.23867988919498528 -0.68431078320651373 0.04615585484874643
      vertex -0.11824910115416712 -0.72895418240577592 0.047632308303489912
      vertex -0.11905426437114917 -0.58524268658085188 0.095684809654086989
    endloop
  endfacet
  facet normal -0.17247179242546454 -0.26591158516709418 0.94844320319746644
    outer loop
      vertex -0.23867988919498528 -0.68431078320651373 0.04615585484874643
      vertex -0.11905426437114917 -0.58524268658085188 0.095684809654086989
      vertex -0.20947558257675966 -0.60062634291745864 0.074928881201901915
    endloop
  endfacet
  facet normal -0.53903405448673014 -0.27511807255182547 0.79608563249123221
    outer loop
      vertex -0.11824910115416712 -0.72895418240577592 0.047632308303489912
      vertex -0.047436115991968106 -0.6978979550489236 0.1063128547256762
      vertex -0.047644937712530894 -0.62657958939651404 0.13081827032536325
    endloop
  endfacet
  facet normal -0.54588999258918269 -0.26844259096963669 0.79368929143871558
    outer loop
      vertex -0.11824910115416712 -0.72895418240577592 0.047632308303489912
      vertex -0.047644937712530894 -0.62657958939651404 0.13081827032536325
      vertex -0.11905426437114917 -0.58524268658085188 0.095684809654086989
    endloop
  endfacet
  facet normal -0.46242120243068319 -0.28933803265207581 0.83812298286324749
    outer loop
      vertex -0.047436115991968106 -0.6978979550489236 0.1063128547256762
      vertex 2.8776599334175493e-05 -0.65751947316621795 0.14644038243030699
      vertex -0.047644937712530894 -0.62657958939651404 0.13081827032536325
    endloop
  endfacet
  facet normal 0.4401964989697344 -0.24573476347974496 0.86362113702267762
    outer loop
      vertex 2.8776599334175493e-05 -0.65751947316621795 0.14644038243030699
      vertex 0.035328934393859118 -0.72950079313120209 0.10796596687195809
      vertex 0.047490194544127617 -0.62554874484176637 0.1313457650182151
    endloop
  endfacet
  facet normal 0.63370237253531814 -0.23956765030776317 0.73554649341093747
    outer loop
      vertex 0.035328934393859118 -0.72950079313120209 0.10796596687195809
      vertex 0.091010078285265361 -0.72789275862919367 0.060518198097528564
      vertex 0.047490194544127617 -0.62554874484176637 0.1313457650182151
    endloop
  endfacet
  facet normal 0.55536120341624962 -0.3004797131497336 0.77542625421474398
    outer loop
      vertex 0.091010078285265361 -0.72789275862919367 0.060518198097528564
      vertex 0.11874359350315641 -0.60685280368349925 0.087558722507682596
      vertex 0.047490194544127617 -0.62554874484176637 0.1313457650182151
    endloop
  endfacet
  facet normal 0.28205504201856429 -0.27027674315712197 0.92054083851846846
    outer loop
      vertex 0.091010078285265361 -0.72789275862919367 0.060518198097528564
      vertex 0.1592658957496193 -0.68908889469932044 0.050997582464498481
      vertex 0.11874359350315641 -0.60685280368349925 0.087558722507682596
    endloop
  endfacet
  facet normal 0.05930803668807736 -0.053543568172451497 0.9968027102147986
    outer loop
      vertex 0.56374286810193508 -0.6773925597145829 0.016511945317758861
      vertex 0.66616427089559904 -0.74342206860350324 0.0068712534068715372
      vertex 0.67750179848883518 -0.59959261936522024 0.013922533811726992
    endloop
  endfacet
  facet normal 0.024045654440429838 -0.020862174422216957 0.99949315964688246
    outer loop
      vertex 0.76771479452501312 -0.69596384453849458 0.0050646860161819296
      vertex 0.83921126136867596 -0.73189381852224733 0.0025946773964717791
      vertex 0.83913007917042215 -0.58886419815987712 0.0055820524853458856
    endloop
  endfacet
  facet normal 0.024255164476512908 -0.020861949870357416 0.9994881020021319
    outer loop
      vertex 0.83921126136867596 -0.73189381852224733 0.0025946773964717791
      vertex 0.91064611959562269 -0.6605143216406314 0.0023510039105668415
      vertex 0.83913007917042215 -0.58886419815987712 0.0055820524853458856
    endloop
  endfacet
  facet normal 0.012794563754246757 -0.0077320000372957153 0.99988825141300752
    outer loop
      vertex 0.91064611959562269 -0.6605143216406314 0.0023510039105668415
      vertex 0.97616630469335708 -0.73205347913254093 0.00095940544758638287
      vertex 0.97613801220634822 -0.58913263392595028 0.0020649549616789283
    endloop
  endfacet
  facet normal -0.028927691335696414 -0.030114756158441468 0.99912776467051712
    outer loop
      vertex -0.86585225002144872 -0.66055352664417266 0.0032224501380632292
      vertex -0.76158129547395503 -0.7073231039761072 0.0048317173692405888
      vertex -0.78990586317088429 -0.55189578756714597 0.0086963796466784787
    endloop
  endfacet
  facet normal -0.080599436461622098 -0.097305516795216568 0.991985568061998
    outer loop
      vertex -0.69610368236547826 -0.62405190978621905 0.01132963699314736
      vertex -0.59424960191800935 -0.67140944684632686 0.014959963868402093
      vertex -0.60549947100141854 -0.52729267766212018 0.028182559053493123
    endloop
  endfacet
  facet normal -0.12958360394920082 -0.1951130440917149 0.97218259067564106
    outer loop
      vertex -0.51697393265823233 -0.61517694563747427 0.028420504703322913
      vertex -0.3738820818059545 -0.61460721678352792 0.047607763803731551
      vertex -0.43684363031803258 -0.5508722757567982 0.052006869520427657
    endloop
  endfacet
  facet normal -0.13727168814140261 -0.28601604670873254 0.94834134395792191
    outer loop
      vertex -0.3738820818059545 -0.61460721678352792 0.047607763803731551
      vertex -0.23867988919498528 -0.68431078320651373 0.04615585484874643
      vertex -0.30322541314929952 -0.5885654351018822 0.06568936252346827
    endloop
  endfacet
  facet normal -0.12991797510529787 -0.28154248118394687 0.95071296984596054
    outer loop
      vertex -0.23867988919498528 -0.68431078320651373 0.04615585484874643
      vertex -0.20947558257675966 -0.60062634291745864 0.074928881201901915
      vertex -0.30322541314929952 -0.5885654351018822 0.06568936252346827
    endloop
  endfacet
  facet normal 0.1575824999918134 -0.33530043351229938 0.92883872388202793
    outer loop
      vertex 0.1592658957496193 -0.68908889469932044 0.050997582464498481
      vertex 0.21214522789442367 -0.62039621323382832 0.066823611396398502
      vertex 0.11874359350315641 -0.60685280368349925 0.087558722507682596
    endloop
  endfacet
  facet normal 0.10055792819804719 -0.25792763727002083 0.96091697716754954
    outer loop
      vertex 0.21214522789442367 -0.62039621323382832 0.066823611396398502
      vertex 0.30263712904611273 -0.68579355934220609 0.039799985338169114
      vertex 0.30181086368471577 -0.58872000490033005 0.065942764234143914
    endloop
  endfacet
  facet normal 0.10392493074577369 -0.25781091901541303 0.96058999516230348
    outer loop
      vertex 0.30263712904611273 -0.68579355934220609 0.039799985338169114
      vertex 0.42052898465509492 -0.67710399900784701 0.029377599674739796
      vertex 0.30181086368471577 -0.58872000490033005 0.065942764234143914
    endloop
  endfacet
  facet normal 0.15684885354625575 -0.19025377881468022 0.96912431441377023
    outer loop
      vertex 0.42052898465509492 -0.67710399900784701 0.029377599674739796
      vertex 0.44445877870011141 -0.58875746413755103 0.042848421888704025
      vertex 0.30181086368471577 -0.58872000490033005 0.065942764234143914
    endloop
  endfacet
  facet normal 0.087773880745238078 -0.17334584236833533 0.98094187635788732
    outer loop
      vertex 0.42052898465509492 -0.67710399900784701 0.029377599674739796
      vertex 0.56374286810193508 -0.6773925597145829 0.016511945317758861
      vertex 0.44445877870011141 -0.58875746413755103 0.042848421888704025
    endloop
  endfacet
  facet normal 0.13441473241374272 -0.11166796476481718 0.98461309424333032
    outer loop
      vertex 0.56374286810193508 -0.6773925597145829 0.016511945317758861
      vertex 0.57049805850941404 -0.58887222963747865 0.025629118389577071
      vertex 0.44445877870011141 -0.58875746413755103 0.042848421888704025
    endloop
  endfacet
  facet normal 0.097274514963082537 -0.10930990631840506 0.98923658096501799
    outer loop
      vertex 0.56374286810193508 -0.6773925597145829 0.016511945317758861
      vertex 0.67750179848883518 -0.59959261936522024 0.013922533811726992
      vertex 0.57049805850941404 -0.58887222963747865 0.025629118389577071
    endloop
  endfacet
  facet normal 0.0578608071644977 -0.037531532717465461 0.99761892075388714
    outer loop
      vertex 0.67750179848883518 -0.59959261936522024 0.013922533811726992
      vertex 0.76771479452501312 -0.69596384453849458 0.0050646860161819296
      vertex 0.76759067830981864 -0.55284281325666929 0.010456256906236763
    endloop
  endfacet
  facet normal 0.049092336166930241 -0.037556803434898561 0.99808788643356727
    outer loop
      vertex 0.76771479452501312 -0.69596384453849458 0.0050646860161819296
      vertex 0.83913007917042215 -0.58886419815987712 0.0055820524853458856
      vertex 0.76759067830981864 -0.55284281325666929 0.010456256906236763
    endloop
  endfacet
  facet normal -0.016322169003169473 -0.021909563744472716 0.99962670923478181
    outer loop
      vertex -0.95700837362595148 -0.66765852854581564 0.0015783032459966116
      vertex -0.86585225002144872 -0.66055352664417266 0.0032224501380632292
      vertex -0.86560589347119155 -0.51759111195552299 0.0063598865250259901
    endloop
  endfacet
  facet normal -0.03414019635215438 -0.011048402604087407 0.99935598251720814
    outer loop
      vertex -0.95700837362595148 -0.66765852854581564 0.0015783032459966116
      vertex -0.86560589347119155 -0.51759111195552299 0.0063598865250259901
      vertex -0.95687725963902825 -0.52468083322804637 0.0031634755231896919
    endloop
  endfacet
  facet normal -0.040734844888104804 -0.021852227341111571 0.99893100491083686
    outer loop
      vertex -0.86585225002144872 -0.66055352664417266 0.0032224501380632292
      vertex -0.78990586317088429 -0.55189578756714597 0.0086963796466784787
      vertex -0.86560589347119155 -0.51759111195552299 0.0063598865250259901
    endloop
  endfacet
  facet normal -0.054778945916545058 -0.034795079140900138 0.99789206307688949
    outer loop
      vertex -0.76158129547395503 -0.7073231039761072 0.0048317173692405888
      vertex -0.69610368236547826 -0.62405190978621905 0.01132963699314736
      vertex -0.78990586317088429 -0.55189578756714597 0.0086963796466784787
    endloop
  endfacet
  facet normal -0.10063501917099259 -0.098688869771972512 0.99001671697986227
    outer loop
      vertex -0.59424960191800935 -0.67140944684632686 0.014959963868402093
      vertex -0.51697393265823233 -0.61517694563747427 0.028420504703322913
      vertex -0.60549947100141854 -0.52729267766212018 0.028182559053493123
    endloop
  endfacet
  facet normal -0.5644160179692469 -0.33305831292939131 0.75531895173387942
    outer loop
      vertex -0.11905426437114917 -0.58524268658085188 0.095684809654086989
      vertex -0.047644937712530894 -0.62657958939651404 0.13081827032536325
      vertex -0.047922116285303198 -0.55519059900875767 0.16209016231184981
    endloop
  endfacet
  facet normal -0.48755373731546725 -0.34664028175234513 0.80133130994388035
    outer loop
      vertex -0.047644937712530894 -0.62657958939651404 0.13081827032536325
      vertex 2.8776599334175493e-05 -0.65751947316621795 0.14644038243030699
      vertex 1.9352205029398323e-05 -0.55278572097603118 0.19174042502076016
    endloop
  endfacet
  facet normal -0.47908606563833617 -0.35375651364107902 0.80332612976778528
    outer loop
      vertex -0.047644937712530894 -0.62657958939651404 0.13081827032536325
      vertex 1.9352205029398323e-05 -0.55278572097603118 0.19174042502076016
      vertex -0.047922116285303198 -0.55519059900875767 0.16209016231184981
    endloop
  endfacet
  facet normal 0.49064797551114636 -0.35205165162776869 0.79707226693253708
    outer loop
      vertex 2.8776599334175493e-05 -0.65751947316621795 0.14644038243030699
      vertex 0.047490194544127617 -0.62554874484176637 0.1313457650182151
      vertex 0.047755416864661768 -0.55444320043244033 0.16258846983643727
    endloop
  endfacet
  facet normal 0.47971834531935997 -0.3482857210846379 0.8053368026190092
    outer loop
      vertex 2.8776599334175493e-05 -0.65751947316621795 0.14644038243030699
      vertex 0.047755416864661768 -0.55444320043244033 0.16258846983643727
      vertex 1.9352205029398323e-05 -0.55278572097603118 0.19174042502076016
    endloop
  endfacet
  facet normal 0.55551746060529628 -0.34040700065215607 0.75863260203450666
    outer loop
      vertex 0.047490194544127617 -0.62554874484176637 0.1313457650182151
      vertex 0.11874359350315641 -0.60685280368349925 0.087558722507682596
      vertex 0.11926760751287983 -0.53535725828359837 0.1192558644088863
    endloop
  endfacet
  facet normal 0.5520724056700943 -0.33713365052155264 0.7625988202086641
    outer loop
      vertex 0.047490194544127617 -0.62554874484176637 0.1313457650182151
      vertex 0.11926760751287983 -0.53535725828359837 0.1192558644088863
      vertex 0.047755416864661768 -0.55444320043244033 0.16258846983643727
    endloop
  endfacet
  facet normal 0.02903568691247518 -0.016088605291007141 0.99944889097207512
    outer loop
      vertex 0.83913007917042215 -0.58886419815987712 0.0055820524853458856
      vertex 0.91064611959562269 -0.6605143216406314 0.0023510039105668415
      vertex 0.91058406694029015 -0.51755379199173068 0.0046541104485590123
    endloop
  endfacet
  facet normal 0.021908125971556228 -0.016094623654328302 0.99963043026202436
    outer loop
      vertex 0.91064611959562269 -0.6605143216406314 0.0023510039105668415
      vertex 0.97613801220634822 -0.58913263392595028 0.0020649549616789283
      vertex 0.91058406694029015 -0.51755379199173068 0.0046541104485590123
    endloop
  endfacet
  facet normal -0.082279514385920183 -0.070683926087147603 0.99409952424559767
    outer loop
      vertex -0.78990586317088429 -0.55189578756714597 0.0086963796466784787
      vertex -0.69610368236547826 -0.62405190978621905 0.01132963699314736
      vertex -0.69595622242386435 -0.48094311056490591 0.021517374208546158
    endloop
  endfacet
  facet normal -0.10916882530052345 -0.070472724395669123 0.99152194262091642
    outer loop
      vertex -0.69610368236547826 -0.62405190978621905 0.01132963699314736
      vertex -0.60549947100141854 -0.52729267766212018 0.028182559053493123
      vertex -0.69595622242386435 -0.48094311056490591 0.021517374208546158
    endloop
  endfacet
  facet normal -0.16824113875795213 -0.16683836238440788 0.97152451336356749
    outer loop
      vertex -0.60549947100141854 -0.52729267766212018 0.028182559053493123
      vertex -0.51697393265823233 -0.61517694563747427 0.028420504703322913
      vertex -0.51344052675364416 -0.49448841099527685 0.049758043207204644
    endloop
  endfacet
  facet normal -0.15208234605538201 -0.16775396798179792 0.97402749768405061
    outer loop
      vertex -0.51697393265823233 -0.61517694563747427 0.028420504703322913
      vertex -0.43684363031803258 -0.5508722757567982 0.052006869520427657
      vertex -0.51344052675364416 -0.49448841099527685 0.049758043207204644
    endloop
  endfacet
  facet normal -0.20347054680182033 -0.26603699776017692 0.94224415753398016
    outer loop
      vertex -0.3738820818059545 -0.61460721678352792 0.047607763803731551
      vertex -0.31960969261296646 -0.51799170451556276 0.086606290069302261
      vertex -0.43684363031803258 -0.5508722757567982 0.052006869520427657
    endloop
  endfacet
  facet normal -0.12734419933703353 -0.30891375857974113 0.94252625674585178
    outer loop
      vertex -0.3738820818059545 -0.61460721678352792 0.047607763803731551
      vertex -0.30322541314929952 -0.5885654351018822 0.06568936252346827
      vertex -0.31960969261296646 -0.51799170451556276 0.086606290069302261
    endloop
  endfacet
  facet normal -0.1326493196753713 -0.30983839886345105 0.94149048034454075
    outer loop
      vertex -0.30322541314929952 -0.5885654351018822 0.06568936252346827
      vertex -0.20947558257675966 -0.60062634291745864 0.074928881201901915
      vertex -0.31960969261296646 -0.51799170451556276 0.086606290069302261
    endloop
  endfacet
  facet normal -0.1821920986132648 -0.37147355903732032 0.91039191238666051
    outer loop
      vertex -0.20947558257675966 -0.60062634291745864 0.074928881201901915
      vertex -0.18147571749996266 -0.50122005863660279 0.12109379086320932
      vertex -0.31960969261296646 -0.51799170451556276 0.086606290069302261
    endloop
  endfacet
  facet normal -0.14425917409041433 -0.38308157843566126 0.91238029075270688
    outer loop
      vertex -0.20947558257675966 -0.60062634291745864 0.074928881201901915
      vertex -0.11905426437114917 -0.58524268658085188 0.095684809654086989
      vertex -0.18147571749996266 -0.50122005863660279 0.12109379086320932
    endloop
  endfacet
  facet normal 0.14738879329412746 -0.3809825800455941 0.91275890426393735
    outer loop
      vertex 0.11874359350315641 -0.60685280368349925 0.087558722507682596
      vertex 0.21214522789442367 -0.62039621323382832 0.066823611396398502
      vertex 0.18020186867005961 -0.49601553185426744 0.12389779147428459
    endloop
  endfacet
  facet normal 0.18934972787897383 -0.39912598416261702 0.89713161203826775
    outer loop
      vertex 0.11874359350315641 -0.60685280368349925 0.087558722507682596
      vertex 0.18020186867005961 -0.49601553185426744 0.12389779147428459
      vertex 0.11926760751287983 -0.53535725828359837 0.1192558644088863
    endloop
  endfacet
  facet normal 0.13265214032617847 -0.3497079944124965 0.92741993094329889
    outer loop
      vertex 0.21214522789442367 -0.62039621323382832 0.066823611396398502
      vertex 0.30181086368471577 -0.58872000490033005 0.065942764234143914
      vertex 0.26747101687064739 -0.51707077191151352 0.097871734876335548
    endloop
  endfacet
  facet normal 0.1820291048847919 -0.37108736806378645 0.91058199534052575
    outer loop
      vertex 0.21214522789442367 -0.62039621323382832 0.066823611396398502
      vertex 0.26747101687064739 -0.51707077191151352 0.097871734876335548
      vertex 0.18020186867005961 -0.49601553185426744 0.12389779147428459
    endloop
  endfacet
  facet normal 0.20437604990576186 -0.3150585708103012 0.92680554982363372
    outer loop
      vertex 0.30181086368471577 -0.58872000490033005 0.065942764234143914
      vertex 0.37258732994621985 -0.51735262764451884 0.074596024113098014
      vertex 0.26747101687064739 -0.51707077191151352 0.097871734876335548
    endloop
  endfacet
  facet normal 0.15390418202646755 -0.26794566568312206 0.95106183973303882
    outer loop
      vertex 0.30181086368471577 -0.58872000490033005 0.065942764234143914
      vertex 0.44445877870011141 -0.58875746413755103 0.042848421888704025
      vertex 0.37258732994621985 -0.51735262764451884 0.074596024113098014
    endloop
  endfacet
  facet normal 0.2016362644949663 -0.22127008031252857 0.95413959586582675
    outer loop
      vertex 0.44445877870011141 -0.58875746413755103 0.042848421888704025
      vertex 0.49868044063813721 -0.51731847071024917 0.047956959954132239
      vertex 0.37258732994621985 -0.51735262764451884 0.074596024113098014
    endloop
  endfacet
  facet normal 0.1332165176188628 -0.1709202046648893 0.97623749316998443
    outer loop
      vertex 0.44445877870011141 -0.58875746413755103 0.042848421888704025
      vertex 0.57049805850941404 -0.58887222963747865 0.025629118389577071
      vertex 0.49868044063813721 -0.51731847071024917 0.047956959954132239
    endloop
  endfacet
  facet normal 0.16912620340475823 -0.1349033148786429 0.97631830002138453
    outer loop
      vertex 0.57049805850941404 -0.58887222963747865 0.025629118389577071
      vertex 0.58877289427675983 -0.48021273082001587 0.037477480744454228
      vertex 0.49868044063813721 -0.51731847071024917 0.047956959954132239
    endloop
  endfacet
  facet normal 0.095654722488680149 -0.1237862962574247 0.9876877679330055
    outer loop
      vertex 0.57049805850941404 -0.58887222963747865 0.025629118389577071
      vertex 0.67750179848883518 -0.59959261936522024 0.013922533811726992
      vertex 0.58877289427675983 -0.48021273082001587 0.037477480744454228
    endloop
  endfacet
  facet normal 0.081001063689209965 -0.082444141904432749 0.99329844012102342
    outer loop
      vertex 0.67750179848883518 -0.59959261936522024 0.013922533811726992
      vertex 0.76759067830981864 -0.55284281325666929 0.010456256906236763
      vertex 0.67715245603438168 -0.45630236314156147 0.025844166676252167
    endloop
  endfacet
  facet normal -0.28573207961222019 -0.46557391236214218 0.83761453593421131
    outer loop
      vertex -0.11905426437114917 -0.58524268658085188 0.095684809654086989
      vertex -0.090202509745322693 -0.47961770032395856 0.16423675984257818
      vertex -0.18147571749996266 -0.50122005863660279 0.12109379086320932
    endloop
  endfacet
  facet normal -0.56280889740314444 -0.33631924010325659 0.75507318436044646
    outer loop
      vertex -0.11905426437114917 -0.58524268658085188 0.095684809654086989
      vertex -0.047922116285303198 -0.55519059900875767 0.16209016231184981
      vertex -0.090202509745322693 -0.47961770032395856 0.16423675984257818
    endloop
  endfacet
  facet normal -0.597945215150537 -0.35494258924544142 0.71866353602942745
    outer loop
      vertex -0.047922116285303198 -0.55519059900875767 0.16209016231184981
      vertex -0.010345831027368873 -0.48495686194463594 0.22804245025024267
      vertex -0.090202509745322693 -0.47961770032395856 0.16423675984257818
    endloop
  endfacet
  facet normal -0.44570531602355107 -0.47440082956759089 0.75913807978122672
    outer loop
      vertex -0.047922116285303198 -0.55519059900875767 0.16209016231184981
      vertex 1.9352205029398323e-05 -0.55278572097603118 0.19174042502076016
      vertex -0.010345831027368873 -0.48495686194463594 0.22804245025024267
    endloop
  endfacet
  facet normal 0.4531240404615684 -0.45304124077486674 0.76774490432236153
    outer loop
      vertex 1.9352205029398323e-05 -0.55278572097603118 0.19174042502076016
      vertex 0.047755416864661768 -0.55444320043244033 0.16258846983643727
      vertex 0.035549476368008134 -0.44288547254055688 0.23562191652161102
    endloop
  endfacet
  facet normal 0.2481764055598277 -0.42735395724474395 0.86935439663618264
    outer loop
      vertex 1.9352205029398323e-05 -0.55278572097603118 0.19174042502076016
      vertex 0.035549476368008134 -0.44288547254055688 0.23562191652161102
      vertex -0.010345831027368873 -0.48495686194463594 0.22804245025024267
    endloop
  endfacet
  facet normal 0.63405703336298957 -0.37379726160203214 0.67693964698615994
    outer loop
      vertex 0.047755416864661768 -0.55444320043244033 0.16258846983643727
      vertex 0.089875883405253362 -0.47959054000675305 0.16446890546732912
      vertex 0.035549476368008134 -0.44288547254055688 0.23562191652161102
    endloop
  endfacet
  facet normal 0.5520601152322564 -0.32988821372104687 0.765769805893184
    outer loop
      vertex 0.047755416864661768 -0.55444320043244033 0.16258846983643727
      vertex 0.11926760751287983 -0.53535725828359837 0.1192558644088863
      vertex 0.089875883405253362 -0.47959054000675305 0.16446890546732912
    endloop
  endfacet
  facet normal 0.15173321999400605 -0.081585321619357665 0.9850486613596896
    outer loop
      vertex 0.58877289427675983 -0.48021273082001587 0.037477480744454228
      vertex 0.67750179848883518 -0.59959261936522024 0.013922533811726992
      vertex 0.67715245603438168 -0.45630236314156147 0.025844166676252167
    endloop
  endfacet
  facet normal 0.05189320800572101 -0.032001221306071741 0.99813977818629929
    outer loop
      vertex 0.76759067830981864 -0.55284281325666929 0.010456256906236763
      vertex 0.83913007917042215 -0.58886419815987712 0.0055820524853458856
      vertex 0.83903136577692206 -0.44587330889360782 0.010171595700573507
    endloop
  endfacet
  facet normal 0.044919332102104366 -0.032016873153312947 0.99847742760514402
    outer loop
      vertex 0.83913007917042215 -0.58886419815987712 0.0055820524853458856
      vertex 0.91058406694029015 -0.51755379199173068 0.0046541104485590123
      vertex 0.83903136577692206 -0.44587330889360782 0.010171595700573507
    endloop
  endfacet
  facet normal 0.026499865607192079 -0.011887485828698712 0.99957813341602919
    outer loop
      vertex 0.91058406694029015 -0.51755379199173068 0.0046541104485590123
      vertex 0.97613801220634822 -0.58913263392595028 0.0020649549616789283
      vertex 0.97609642223916016 -0.44622072746114044 0.003765637814338231
    endloop
  endfacet
  facet normal -0.050206901783391315 -0.042829854972547196 0.99782005919721994
    outer loop
      vertex -0.86560589347119155 -0.51759111195552299 0.0063598865250259901
      vertex -0.78990586317088429 -0.55189578756714597 0.0086963796466784787
      vertex -0.80126748690294403 -0.43648201176196572 0.013078656102688574
    endloop
  endfacet
  facet normal -0.13914795878222216 -0.13040044817799065 0.98164839361235667
    outer loop
      vertex -0.69595622242386435 -0.48094311056490591 0.021517374208546158
      vertex -0.60549947100141854 -0.52729267766212018 0.028182559053493123
      vertex -0.61476894687760431 -0.40964412997899363 0.042496843872427942
    endloop
  endfacet
  facet normal -0.21414338506945807 -0.2532851027529664 0.94339242489772679
    outer loop
      vertex -0.51344052675364416 -0.49448841099527685 0.049758043207204644
      vertex -0.43684363031803258 -0.5508722757567982 0.052006869520427657
      vertex -0.44215918146269428 -0.42293493708799179 0.085149314837848544
    endloop
  endfacet
  facet normal -0.20777117730091116 -0.2533824402221021 0.94479017610794747
    outer loop
      vertex -0.43684363031803258 -0.5508722757567982 0.052006869520427657
      vertex -0.31960969261296646 -0.51799170451556276 0.086606290069302261
      vertex -0.44215918146269428 -0.42293493708799179 0.085149314837848544
    endloop
  endfacet
  facet normal -0.28523095553490646 -0.35407514996531492 0.89065935698317567
    outer loop
      vertex -0.31960969261296646 -0.51799170451556276 0.086606290069302261
      vertex -0.35688933115397198 -0.44650697991027222 0.10308583137397842
      vertex -0.44215918146269428 -0.42293493708799179 0.085149314837848544
    endloop
  endfacet
  facet normal -0.27073836049082939 -0.34809711850035546 0.89751274990970853
    outer loop
      vertex -0.31960969261296646 -0.51799170451556276 0.086606290069302261
      vertex -0.27874368373795727 -0.42657088831937567 0.13439092481213077
      vertex -0.35688933115397198 -0.44650697991027222 0.10308583137397842
    endloop
  endfacet
  facet normal -0.17769561451118576 -0.39230028442340131 0.9025102522546824
    outer loop
      vertex -0.31960969261296646 -0.51799170451556276 0.086606290069302261
      vertex -0.18147571749996266 -0.50122005863660279 0.12109379086320932
      vertex -0.27874368373795727 -0.42657088831937567 0.13439092481213077
    endloop
  endfacet
  facet normal -0.25684573099334757 -0.4837091312128653 0.83669334098688031
    outer loop
      vertex -0.18147571749996266 -0.50122005863660279 0.12109379086320932
      vertex -0.21458573122548918 -0.44610436850333357 0.1427932547200792
      vertex -0.27874368373795727 -0.42657088831937567 0.13439092481213077
    endloop
  endfacet
  facet normal 0.27117890722511262 -0.51589272355911475 0.81259873126590132
    outer loop
      vertex 0.089875883405253362 -0.47959054000675305 0.16446890546732912
      vertex 0.11926760751287983 -0.53535725828359837 0.1192558644088863
      vertex 0.18020186867005961 -0.49601553185426744 0.12389779147428459
    endloop
  endfacet
  facet normal 0.16156581005575602 -0.4289387405693787 0.88876771198091054
    outer loop
      vertex 0.18020186867005961 -0.49601553185426744 0.12389779147428459
      vertex 0.26747101687064739 -0.51707077191151352 0.097871734876335548
      vertex 0.23124477274596394 -0.4270222622796872 0.14791655107445428
    endloop
  endfacet
  facet normal 0.25351713318788044 -0.38998387982599453 0.88523535664593911
    outer loop
      vertex 0.26747101687064739 -0.51707077191151352 0.097871734876335548
      vertex 0.32120816333471841 -0.44641247255004507 0.11361027300071813
      vertex 0.23124477274596394 -0.4270222622796872 0.14791655107445428
    endloop
  endfacet
  facet normal 0.20110124735895818 -0.35619662112646505 0.9125142494277888
    outer loop
      vertex 0.26747101687064739 -0.51707077191151352 0.097871734876335548
      vertex 0.37258732994621985 -0.51735262764451884 0.074596024113098014
      vertex 0.32120816333471841 -0.44641247255004507 0.11361027300071813
    endloop
  endfacet
  facet normal 0.26840668378962346 -0.30764060814113514 0.91286094686957098
    outer loop
      vertex 0.37258732994621985 -0.51735262764451884 0.074596024113098014
      vertex 0.42273703108636385 -0.44208750670113733 0.085215486623806458
      vertex 0.32120816333471841 -0.44641247255004507 0.11361027300071813
    endloop
  endfacet
  facet normal 0.19933079719373648 -0.26589122510639635 0.94316970355367602
    outer loop
      vertex 0.37258732994621985 -0.51735262764451884 0.074596024113098014
      vertex 0.49868044063813721 -0.51731847071024917 0.047956959954132239
      vertex 0.42273703108636385 -0.44208750670113733 0.085215486623806458
    endloop
  endfacet
  facet normal 0.25890877702015797 -0.20600118836251527 0.94367884133064961
    outer loop
      vertex 0.49868044063813721 -0.51731847071024917 0.047956959954132239
      vertex 0.51735326562337725 -0.40824679972480982 0.06664375760912708
      vertex 0.42273703108636385 -0.44208750670113733 0.085215486623806458
    endloop
  endfacet
  facet normal 0.19322230301755491 -0.19772764547758007 0.96102493195051109
    outer loop
      vertex 0.49868044063813721 -0.51731847071024917 0.047956959954132239
      vertex 0.58877289427675983 -0.48021273082001587 0.037477480744454228
      vertex 0.51735326562337725 -0.40824679972480982 0.06664375760912708
    endloop
  endfacet
  facet normal 0.11102983201199051 -0.054160719245962788 0.9923401598716789
    outer loop
      vertex 0.67715245603438168 -0.45630236314156147 0.025844166676252167
      vertex 0.76759067830981864 -0.55284281325666929 0.010456256906236763
      vertex 0.76747229089100899 -0.40983806623305552 0.018274528103294732
    endloop
  endfacet
  facet normal 0.08529930877282485 -0.054320522468851114 0.9948735139511905
    outer loop
      vertex 0.76759067830981864 -0.55284281325666929 0.010456256906236763
      vertex 0.83903136577692206 -0.44587330889360782 0.010171595700573507
      vertex 0.76747229089100899 -0.40983806623305552 0.018274528103294732
    endloop
  endfacet
  facet normal -0.032661469348782772 -0.02993286336057905 0.99901814403493971
    outer loop
      vertex -0.95687725963902825 -0.52468083322804637 0.0031634755231896919
      vertex -0.86560589347119155 -0.51759111195552299 0.0063598865250259901
      vertex -0.86523304321906613 -0.3746499720714202 0.010654919074192262
    endloop
  endfacet
  facet normal -0.055522423930088154 -0.01593422801724316 0.99833028643752075
    outer loop
      vertex -0.95687725963902825 -0.52468083322804637 0.0031634755231896919
      vertex -0.86523304321906613 -0.3746499720714202 0.010654919074192262
      vertex -0.96061294934428076 -0.37465797914859039 0.0053502105615541515
    endloop
  endfacet
  facet normal -0.06659037686235364 -0.029793802505819988 0.99733547567585001
    outer loop
      vertex -0.86560589347119155 -0.51759111195552299 0.0063598865250259901
      vertex -0.80126748690294403 -0.43648201176196572 0.013078656102688574
      vertex -0.86523304321906613 -0.3746499720714202 0.010654919074192262
    endloop
  endfacet
  facet normal -0.09971746743409951 -0.047554149272600189 0.99387878012134279
    outer loop
      vertex -0.78990586317088429 -0.55189578756714597 0.0086963796466784787
      vertex -0.69595622242386435 -0.48094311056490591 0.021517374208546158
      vertex -0.80126748690294403 -0.43648201176196572 0.013078656102688574
    endloop
  endfacet
  facet normal -0.18104920345792946 -0.13282757500100845 0.97446293990413024
    outer loop
      vertex -0.60549947100141854 -0.52729267766212018 0.028182559053493123
      vertex -0.51344052675364416 -0.49448841099527685 0.049758043207204644
      vertex -0.61476894687760431 -0.40964412997899363 0.042496843872427942
    endloop
  endfacet
  facet normal -0.26559839056777368 -0.20170656604218548 0.94274702658946508
    outer loop
      vertex -0.51344052675364416 -0.49448841099527685 0.049758043207204644
      vertex -0.44215918146269428 -0.42293493708799179 0.085149314837848544
      vertex -0.5178314456653792 -0.39263031793788605 0.070314167630368962
    endloop
  endfacet
  facet normal -0.20755008050389712 -0.46378143927607507 0.86129538525748406
    outer loop
      vertex -0.21458573122548918 -0.44610436850333357 0.1427932547200792
      vertex -0.18147571749996266 -0.50122005863660279 0.12109379086320932
      vertex -0.16872987554397362 -0.40611894787288338 0.17537427506298281
    endloop
  endfacet
  facet normal -0.27390461078756828 -0.49251139552742518 0.8260803771213423
    outer loop
      vertex -0.18147571749996266 -0.50122005863660279 0.12109379086320932
      vertex -0.090202509745322693 -0.47961770032395856 0.16423675984257818
      vertex -0.089823224222390183 -0.40832056874436512 0.20687006623781168
    endloop
  endfacet
  facet normal -0.34501870223685532 -0.42996229009165665 0.83432279377105256
    outer loop
      vertex -0.18147571749996266 -0.50122005863660279 0.12109379086320932
      vertex -0.089823224222390183 -0.40832056874436512 0.20687006623781168
      vertex -0.16872987554397362 -0.40611894787288338 0.17537427506298281
    endloop
  endfacet
  facet normal -0.58253876751792466 -0.42370984622053276 0.69362709762124319
    outer loop
      vertex -0.090202509745322693 -0.47961770032395856 0.16423675984257818
      vertex -0.010345831027368873 -0.48495686194463594 0.22804245025024267
      vertex -0.010664628285442949 -0.4138537029277744 0.27120886764325447
    endloop
  endfacet
  facet normal -0.59205246880655138 -0.41127487636249033 0.69305616673765036
    outer loop
      vertex -0.090202509745322693 -0.47961770032395856 0.16423675984257818
      vertex -0.010664628285442949 -0.4138537029277744 0.27120886764325447
      vertex -0.089823224222390183 -0.40832056874436512 0.20687006623781168
    endloop
  endfacet
  facet normal 0.31631128232055095 -0.49126678115870781 0.81154428246811705
    outer loop
      vertex -0.010345831027368873 -0.48495686194463594 0.22804245025024267
      vertex 0.035549476368008134 -0.44288547254055688 0.23562191652161102
      vertex -0.010664628285442949 -0.4138537029277744 0.27120886764325447
    endloop
  endfacet
  facet normal 0.61277733346750174 -0.40661305596065067 0.67762066254712094
    outer loop
      vertex 0.035549476368008134 -0.44288547254055688 0.23562191652161102
      vertex 0.089875883405253362 -0.47959054000675305 0.16446890546732912
      vertex 0.089601286024752536 -0.39177449402810388 0.21741212259637477
    endloop
  endfacet
  facet normal 0.41251960741372407 -0.46938827847354903 0.78070622998081995
    outer loop
      vertex 0.089875883405253362 -0.47959054000675305 0.16446890546732912
      vertex 0.13453122306469836 -0.41082192147351393 0.18221947507841191
      vertex 0.089601286024752536 -0.39177449402810388 0.21741212259637477
    endloop
  endfacet
  facet normal 0.30721721676548269 -0.41992300409249406 0.85398024119812366
    outer loop
      vertex 0.089875883405253362 -0.47959054000675305 0.16446890546732912
      vertex 0.18020186867005961 -0.49601553185426744 0.12389779147428459
      vertex 0.13453122306469836 -0.41082192147351393 0.18221947507841191
    endloop
  endfacet
  facet normal 0.2257311834610847 -0.46501642530641601 0.85604039449578584
    outer loop
      vertex 0.18020186867005961 -0.49601553185426744 0.12389779147428459
      vertex 0.23124477274596394 -0.4270222622796872 0.14791655107445428
      vertex 0.13453122306469836 -0.41082192147351393 0.18221947507841191
    endloop
  endfacet
  facet normal 0.054953070235367704 -0.02198327814332407 0.99824691111657338
    outer loop
      vertex 0.83903136577692206 -0.44587330889360782 0.010171595700573507
      vertex 0.91058406694029015 -0.51755379199173068 0.0046541104485590123
      vertex 0.9105142593609814 -0.37464612779190282 0.0078050493963269865
    endloop
  endfacet
  facet normal 0.037514190990224766 -0.022009585047623043 0.99905368406326422
    outer loop
      vertex 0.91058406694029015 -0.51755379199173068 0.0046541104485590123
      vertex 0.97609642223916016 -0.44622072746114044 0.003765637814338231
      vertex 0.9105142593609814 -0.37464612779190282 0.0078050493963269865
    endloop
  endfacet
  facet normal -0.098011853761443612 -0.062460674178212099 0.99322320789611462
    outer loop
      vertex -0.80126748690294403 -0.43648201176196572 0.013078656102688574
      vertex -0.76724720754323694 -0.32007499137354617 0.023756267674541698
      vertex -0.86523304321906613 -0.3746499720714202 0.010654919074192262
    endloop
  endfacet
  facet normal -0.11737500387877725 -0.090309210671388931 0.9889728787648161
    outer loop
      vertex -0.80126748690294403 -0.43648201176196572 0.013078656102688574
      vertex -0.69595622242386435 -0.48094311056490591 0.021517374208546158
      vertex -0.69589914723808644 -0.33812517645440887 0.034565734154985345
    endloop
  endfacet
  facet normal -0.17476526039898813 -0.089515139563046714 0.98053258158343837
    outer loop
      vertex -0.69595622242386435 -0.48094311056490591 0.021517374208546158
      vertex -0.61476894687760431 -0.40964412997899363 0.042496843872427942
      vertex -0.69589914723808644 -0.33812517645440887 0.034565734154985345
    endloop
  endfacet
  facet normal -0.23722501551428352 -0.20199214732240969 0.95022284988013728
    outer loop
      vertex -0.61476894687760431 -0.40964412997899363 0.042496843872427942
      vertex -0.51344052675364416 -0.49448841099527685 0.049758043207204644
      vertex -0.5178314456653792 -0.39263031793788605 0.070314167630368962
    endloop
  endfacet
  facet normal -0.28209729852563742 -0.33694950374465393 0.89826841539195235
    outer loop
      vertex -0.44215918146269428 -0.42293493708799179 0.085149314837848544
      vertex -0.35688933115397198 -0.44650697991027222 0.10308583137397842
      vertex -0.36217074607875677 -0.36829764634825823 0.13076433239129104
    endloop
  endfacet
  facet normal -0.27469195313170341 -0.3372242355120752 0.90045774241103982
    outer loop
      vertex -0.35688933115397198 -0.44650697991027222 0.10308583137397842
      vertex -0.27874368373795727 -0.42657088831937567 0.13439092481213077
      vertex -0.36217074607875677 -0.36829764634825823 0.13076433239129104
    endloop
  endfacet
  facet normal -0.24438461061972447 -0.42851514217053416 0.86985684743112335
    outer loop
      vertex -0.21458573122548918 -0.44610436850333357 0.1427932547200792
      vertex -0.16872987554397362 -0.40611894787288338 0.17537427506298281
      vertex -0.27874368373795727 -0.42657088831937567 0.13439092481213077
    endloop
  endfacet
  facet normal 0.25870281608296702 -0.37482799365818209 0.89026784066421516
    outer loop
      vertex 0.23124477274596394 -0.4270222622796872 0.14791655107445428
      vertex 0.32120816333471841 -0.44641247255004507 0.11361027300071813
      vertex 0.32109837902403943 -0.37516559404294875 0.14363913040121901
    endloop
  endfacet
  facet normal 0.33384681439578934 -0.36566869618120423 0.86881108944978458
    outer loop
      vertex 0.32120816333471841 -0.44641247255004507 0.11361027300071813
      vertex 0.41327631665542536 -0.36139022858554232 0.11401693609211883
      vertex 0.32109837902403943 -0.37516559404294875 0.14363913040121901
    endloop
  endfacet
  facet normal 0.26895739673648195 -0.29563066330706256 0.91665938584261542
    outer loop
      vertex 0.32120816333471841 -0.44641247255004507 0.11361027300071813
      vertex 0.42273703108636385 -0.44208750670113733 0.085215486623806458
      vertex 0.41327631665542536 -0.36139022858554232 0.11401693609211883
    endloop
  endfacet
  facet normal 0.23840219934037948 -0.15214114248280303 0.95917540841792714
    outer loop
      vertex 0.51735326562337725 -0.40824679972480982 0.06664375760912708
      vertex 0.58877289427675983 -0.48021273082001587 0.037477480744454228
      vertex 0.58873035708986354 -0.33741087477924264 0.060138798262456161
    endloop
  endfacet
  facet normal 0.16988572680208097 -0.15440185244347293 0.9732928170858719
    outer loop
      vertex 0.58877289427675983 -0.48021273082001587 0.037477480744454228
      vertex 0.67715245603438168 -0.45630236314156147 0.025844166676252167
      vertex 0.58873035708986354 -0.33741087477924264 0.060138798262456161
    endloop
  endfacet
  facet normal 0.1325943358300713 -0.097045388220965201 0.98640809745805746
    outer loop
      vertex 0.67715245603438168 -0.45630236314156147 0.025844166676252167
      vertex 0.76747229089100899 -0.40983806623305552 0.018274528103294732
      vertex 0.68597565649343129 -0.33835350404055919 0.036262254730674681
    endloop
  endfacet
  facet normal -0.16041760347832515 -0.043567860121873206 0.98608723450751135
    outer loop
      vertex -0.80126748690294403 -0.43648201176196572 0.013078656102688574
      vertex -0.69589914723808644 -0.33812517645440887 0.034565734154985345
      vertex -0.76724720754323694 -0.32007499137354617 0.023756267674541698
    endloop
  endfacet
  facet normal -0.24605282932258515 -0.16084264326563499 0.9558177908417872
    outer loop
      vertex -0.61476894687760431 -0.40964412997899363 0.042496843872427942
      vertex -0.5178314456653792 -0.39263031793788605 0.070314167630368962
      vertex -0.55047205635135987 -0.32978431605472985 0.072487178502694483
    endloop
  endfacet
  facet normal -0.25269261779053986 -0.16421137950004594 0.95350986557919581
    outer loop
      vertex -0.5178314456653792 -0.39263031793788605 0.070314167630368962
      vertex -0.44215918146269428 -0.42293493708799179 0.085149314837848544
      vertex -0.55047205635135987 -0.32978431605472985 0.072487178502694483
    endloop
  endfacet
  facet normal -0.32907458200213957 -0.27295540940959662 0.90399406190204401
    outer loop
      vertex -0.44215918146269428 -0.42293493708799179 0.085149314837848544
      vertex -0.36217074607875677 -0.36829764634825823 0.13076433239129104
      vertex -0.4274565356195355 -0.30218543097112688 0.12696098098283493
    endloop
  endfacet
  facet normal -0.31731122659269528 -0.40079140912855127 0.8594648520137339
    outer loop
      vertex -0.36217074607875677 -0.36829764634825823 0.13076433239129104
      vertex -0.27874368373795727 -0.42657088831937567 0.13439092481213077
      vertex -0.30311548252824927 -0.33877686324850975 0.1663336454347108
    endloop
  endfacet
  facet normal -0.34680076671593446 -0.40421311628548112 0.84636929577343478
    outer loop
      vertex -0.27874368373795727 -0.42657088831937567 0.13439092481213077
      vertex -0.24473790834015322 -0.32078626427536683 0.19884595855811915
      vertex -0.30311548252824927 -0.33877686324850975 0.1663336454347108
    endloop
  endfacet
  facet normal -0.23756871695073478 -0.44859599266876704 0.86158153420782257
    outer loop
      vertex -0.27874368373795727 -0.42657088831937567 0.13439092481213077
      vertex -0.16872987554397362 -0.40611894787288338 0.17537427506298281
      vertex -0.24473790834015322 -0.32078626427536683 0.19884595855811915
    endloop
  endfacet
  facet normal -0.28211738340606035 -0.47980465600182293 0.83078112283506433
    outer loop
      vertex -0.16872987554397362 -0.40611894787288338 0.17537427506298281
      vertex -0.15906852803565022 -0.3384819596281935 0.21771776962496936
      vertex -0.24473790834015322 -0.32078626427536683 0.19884595855811915
    endloop
  endfacet
  facet normal -0.33241172099984462 -0.50330749236828853 0.79761144416806506
    outer loop
      vertex -0.16872987554397362 -0.40611894787288338 0.17537427506298281
      vertex -0.089823224222390183 -0.40832056874436512 0.20687006623781168
      vertex -0.089508898954418353 -0.33716781409446667 0.25189976106456846
    endloop
  endfacet
  facet normal -0.38726423386835057 -0.44885248531303706 0.80533090068286162
    outer loop
      vertex -0.16872987554397362 -0.40611894787288338 0.17537427506298281
      vertex -0.089508898954418353 -0.33716781409446667 0.25189976106456846
      vertex -0.15906852803565022 -0.3384819596281935 0.21771776962496936
    endloop
  endfacet
  facet normal -0.58409290435039618 -0.44229554938659499 0.68059542026106012
    outer loop
      vertex -0.089823224222390183 -0.40832056874436512 0.20687006623781168
      vertex -0.010664628285442949 -0.4138537029277744 0.27120886764325447
      vertex -0.010934670753712364 -0.34268553618429665 0.31722685804795098
    endloop
  endfacet
  facet normal -0.59544201936178554 -0.42775046396908539 0.68005760208425814
    outer loop
      vertex -0.089823224222390183 -0.40832056874436512 0.20687006623781168
      vertex -0.010934670753712364 -0.34268553618429665 0.31722685804795098
      vertex -0.089508898954418353 -0.33716781409446667 0.25189976106456846
    endloop
  endfacet
  facet normal 0.33557944960708352 -0.46796322857281042 0.81755541078578797
    outer loop
      vertex -0.010664628285442949 -0.4138537029277744 0.27120886764325447
      vertex 0.035549476368008134 -0.44288547254055688 0.23562191652161102
      vertex 0.048762152239267817 -0.34111246840241727 0.28845273450838194
    endloop
  endfacet
  facet normal 0.3867521776917936 -0.49969672274752625 0.7750651187648927
    outer loop
      vertex -0.010664628285442949 -0.4138537029277744 0.27120886764325447
      vertex 0.048762152239267817 -0.34111246840241727 0.28845273450838194
      vertex -0.010934670753712364 -0.34268553618429665 0.31722685804795098
    endloop
  endfacet
  facet normal 0.62191299224468899 -0.42287642292641048 0.659090100828575
    outer loop
      vertex 0.035549476368008134 -0.44288547254055688 0.23562191652161102
      vertex 0.089601286024752536 -0.39177449402810388 0.21741212259637477
      vertex 0.048762152239267817 -0.34111246840241727 0.28845273450838194
    endloop
  endfacet
  facet normal 0.41684457471806713 -0.46251613347287762 0.78250841963867268
    outer loop
      vertex 0.089601286024752536 -0.39177449402810388 0.21741212259637477
      vertex 0.13453122306469836 -0.41082192147351393 0.18221947507841191
      vertex 0.12587579466076498 -0.33212555776439068 0.23334519491620276
    endloop
  endfacet
  facet normal 0.27201248479096557 -0.50302854817546072 0.82034839418282079
    outer loop
      vertex 0.13453122306469836 -0.41082192147351393 0.18221947507841191
      vertex 0.19627587078870107 -0.33862403766731336 0.20601702470593539
      vertex 0.12587579466076498 -0.33212555776439068 0.23334519491620276
    endloop
  endfacet
  facet normal 0.22337864778312347 -0.4721204702325022 0.8527627110175634
    outer loop
      vertex 0.13453122306469836 -0.41082192147351393 0.18221947507841191
      vertex 0.23124477274596394 -0.4270222622796872 0.14791655107445428
      vertex 0.19627587078870107 -0.33862403766731336 0.20601702470593539
    endloop
  endfacet
  facet normal 0.30311420113050125 -0.43676951645867845 0.8469676325370824
    outer loop
      vertex 0.23124477274596394 -0.4270222622796872 0.14791655107445428
      vertex 0.26744791512926924 -0.33874427677973779 0.18048384809878548
      vertex 0.19627587078870107 -0.33862403766731336 0.20601702470593539
    endloop
  endfacet
  facet normal 0.29100874368850577 -0.43390708588774152 0.85266555689393586
    outer loop
      vertex 0.23124477274596394 -0.4270222622796872 0.14791655107445428
      vertex 0.32109837902403943 -0.37516559404294875 0.14363913040121901
      vertex 0.26744791512926924 -0.33874427677973779 0.18048384809878548
    endloop
  endfacet
  facet normal 0.28388885862054991 -0.29261591427822164 0.91311721189683104
    outer loop
      vertex 0.42273703108636385 -0.44208750670113733 0.085215486623806458
      vertex 0.51735326562337725 -0.40824679972480982 0.06664375760912708
      vertex 0.41327631665542536 -0.36139022858554232 0.11401693609211883
    endloop
  endfacet
  facet normal 0.23623638866202165 -0.10301516769715206 0.96621956298568801
    outer loop
      vertex 0.58873035708986354 -0.33741087477924264 0.060138798262456161
      vertex 0.67715245603438168 -0.45630236314156147 0.025844166676252167
      vertex 0.68597565649343129 -0.33835350404055919 0.036262254730674681
    endloop
  endfacet
  facet normal 0.092843875029983869 -0.039345092255791358 0.99490299958578876
    outer loop
      vertex 0.76747229089100899 -0.40983806623305552 0.018274528103294732
      vertex 0.83903136577692206 -0.44587330889360782 0.010171595700573507
      vertex 0.80115919761493215 -0.3202792749245793 0.018672633193430571
    endloop
  endfacet
  facet normal 0.077013796476360474 -0.044196198138756887 0.99604998429917035
    outer loop
      vertex 0.83903136577692206 -0.44587330889360782 0.010171595700573507
      vertex 0.9105142593609814 -0.37464612779190282 0.0078050493963269865
      vertex 0.80115919761493215 -0.3202792749245793 0.018672633193430571
    endloop
  endfacet
  facet normal 0.045900003912901596 -0.014313994030101253 0.99884348083956664
    outer loop
      vertex 0.9105142593609814 -0.37464612779190282 0.0078050493963269865
      vertex 0.97609642223916016 -0.44622072746114044 0.003765637814338231
      vertex 0.97604621218676224 -0.30335900395051424 0.0058152347114835551
    endloop
  endfacet
  facet normal -0.11505562840226677 -0.031770299106767111 0.99285087020540308
    outer loop
      vertex -0.86523304321906613 -0.3746499720714202 0.010654919074192262
      vertex -0.76724720754323694 -0.32007499137354617 0.023756267674541698
      vertex -0.85168716831282665 -0.2704914480550632 0.015557645916852825
    endloop
  endfacet
  facet normal -0.2152850124806073 -0.13699261037506738 0.96689471407379701
    outer loop
      vertex -0.69589914723808644 -0.33812517645440887 0.034565734154985345
      vertex -0.61476894687760431 -0.40964412997899363 0.042496843872427942
      vertex -0.61403911765477392 -0.26675833498212559 0.062903842740328952
    endloop
  endfacet
  facet normal -0.27677642039919037 -0.13447673801534679 0.95147822888585443
    outer loop
      vertex -0.61476894687760431 -0.40964412997899363 0.042496843872427942
      vertex -0.55047205635135987 -0.32978431605472985 0.072487178502694483
      vertex -0.61403911765477392 -0.26675833498212559 0.062903842740328952
    endloop
  endfacet
  facet normal -0.33830465507587953 -0.27086773461704877 0.90121064723926669
    outer loop
      vertex -0.55047205635135987 -0.32978431605472985 0.072487178502694483
      vertex -0.44215918146269428 -0.42293493708799179 0.085149314837848544
      vertex -0.4274565356195355 -0.30218543097112688 0.12696098098283493
    endloop
  endfacet
  facet normal 0.53935434705263363 -0.50749287551634203 0.67197311673576787
    outer loop
      vertex 0.048762152239267817 -0.34111246840241727 0.28845273450838194
      vertex 0.089601286024752536 -0.39177449402810388 0.21741212259637477
      vertex 0.12587579466076498 -0.33212555776439068 0.23334519491620276
    endloop
  endfacet
  facet normal 0.35074328549058009 -0.35852006313552487 0.86512572035084734
    outer loop
      vertex 0.26744791512926924 -0.33874427677973779 0.18048384809878548
      vertex 0.32109837902403943 -0.37516559404294875 0.14363913040121901
      vertex 0.33872789163676642 -0.30307902747067894 0.16636536170012717
    endloop
  endfacet
  facet normal 0.33371806162612205 -0.35670593580500093 0.87257843813950753
    outer loop
      vertex 0.32109837902403943 -0.37516559404294875 0.14363913040121901
      vertex 0.41327631665542536 -0.36139022858554232 0.11401693609211883
      vertex 0.33872789163676642 -0.30307902747067894 0.16636536170012717
    endloop
  endfacet
  facet normal 0.32763498446463729 -0.20477791658529615 0.92234555446093125
    outer loop
      vertex 0.41327631665542536 -0.36139022858554232 0.11401693609211883
      vertex 0.51735326562337725 -0.40824679972480982 0.06664375760912708
      vertex 0.51728197386396968 -0.26597958700456631 0.098255056598663848
    endloop
  endfacet
  facet normal 0.29093265809015473 -0.20738512587090624 0.93399657281175585
    outer loop
      vertex 0.51735326562337725 -0.40824679972480982 0.06664375760912708
      vertex 0.58873035708986354 -0.33741087477924264 0.060138798262456161
      vertex 0.51728197386396968 -0.26597958700456631 0.098255056598663848
    endloop
  endfacet
  facet normal 0.16056733421910532 -0.064774315277743424 0.98489716176973008
    outer loop
      vertex 0.68597565649343129 -0.33835350404055919 0.036262254730674681
      vertex 0.76747229089100899 -0.40983806623305552 0.018274528103294732
      vertex 0.80115919761493215 -0.3202792749245793 0.018672633193430571
    endloop
  endfacet
  facet normal -0.055522575330429806 -0.015777219698721541 0.99833277165845613
    outer loop
      vertex -0.96061294934428076 -0.37465797914859039 0.0053502105615541515
      vertex -0.86523304321906613 -0.3746499720714202 0.010654919074192262
      vertex -0.93962349381126598 -0.2519841553246619 0.0084562295000867455
    endloop
  endfacet
  facet normal -0.08785056136194544 -0.035433181715012849 0.99550327397851479
    outer loop
      vertex -0.86523304321906613 -0.3746499720714202 0.010654919074192262
      vertex -0.85168716831282665 -0.2704914480550632 0.015557645916852825
      vertex -0.93962349381126598 -0.2519841553246619 0.0084562295000867455
    endloop
  endfacet
  facet normal -0.36218544833260352 -0.1877123238290869 0.91300919190268559
    outer loop
      vertex -0.55047205635135987 -0.32978431605472985 0.072487178502694483
      vertex -0.4274565356195355 -0.30218543097112688 0.12696098098283493
      vertex -0.49834115465212298 -0.2311370452658649 0.11344882793051558
    endloop
  endfacet
  facet normal -0.38783532852418079 -0.33355522251707931 0.85925821001612934
    outer loop
      vertex -0.4274565356195355 -0.30218543097112688 0.12696098098283493
      vertex -0.36217074607875677 -0.36829764634825823 0.13076433239129104
      vertex -0.33879464888149591 -0.26746721150679148 0.18045672283740694
    endloop
  endfacet
  facet normal -0.35019948601284168 -0.34749216217358997 0.86983303985550298
    outer loop
      vertex -0.36217074607875677 -0.36829764634825823 0.13076433239129104
      vertex -0.30311548252824927 -0.33877686324850975 0.1663336454347108
      vertex -0.33879464888149591 -0.26746721150679148 0.18045672283740694
    endloop
  endfacet
  facet normal -0.36907358342623081 -0.35479308537573495 0.85901487564912837
    outer loop
      vertex -0.30311548252824927 -0.33877686324850975 0.1663336454347108
      vertex -0.24473790834015322 -0.32078626427536683 0.19884595855811915
      vertex -0.33879464888149591 -0.26746721150679148 0.18045672283740694
    endloop
  endfacet
  facet normal -0.28124382025418382 -0.46827181860010408 0.83762964218906655
    outer loop
      vertex -0.24473790834015322 -0.32078626427536683 0.19884595855811915
      vertex -0.15906852803565022 -0.3384819596281935 0.21771776962496936
      vertex -0.19624772850276459 -0.26750056755351947 0.24491614469759476
    endloop
  endfacet
  facet normal -0.3195757039860056 -0.48035966712857375 0.81677779084520574
    outer loop
      vertex -0.15906852803565022 -0.3384819596281935 0.21771776962496936
      vertex -0.12111373517981949 -0.26733262198094654 0.27441213902901102
      vertex -0.19624772850276459 -0.26750056755351947 0.24491614469759476
    endloop
  endfacet
  facet normal -0.38988215022964062 -0.43763463209608783 0.81022702850647599
    outer loop
      vertex -0.15906852803565022 -0.3384819596281935 0.21771776962496936
      vertex -0.089508898954418353 -0.33716781409446667 0.25189976106456846
      vertex -0.12111373517981949 -0.26733262198094654 0.27441213902901102
    endloop
  endfacet
  facet normal -0.56710257491310978 -0.47382882652940522 0.67370684476015796
    outer loop
      vertex -0.089508898954418353 -0.33716781409446667 0.25189976106456846
      vertex -0.049262619541404068 -0.26959869065171199 0.33330010244868646
      vertex -0.12111373517981949 -0.26733262198094654 0.27441213902901102
    endloop
  endfacet
  facet normal -0.58787839465972647 -0.45533813095098824 0.66863007679460829
    outer loop
      vertex -0.089508898954418353 -0.33716781409446667 0.25189976106456846
      vertex -0.010934670753712364 -0.34268553618429665 0.31722685804795098
      vertex -0.049262619541404068 -0.26959869065171199 0.33330010244868646
    endloop
  endfacet
  facet normal -0.48353426668594685 -0.42220183191395111 0.76677260388526358
    outer loop
      vertex -0.010934670753712364 -0.34268553618429665 0.31722685804795098
      vertex 3.3304734277911767e-05 -0.26764406703683152 0.36546285075397528
      vertex -0.049262619541404068 -0.26959869065171199 0.33330010244868646
    endloop
  endfacet
  facet normal 0.38846320550150981 -0.49215094419540795 0.77902746171047166
    outer loop
      vertex -0.010934670753712364 -0.34268553618429665 0.31722685804795098
      vertex 0.048762152239267817 -0.34111246840241727 0.28845273450838194
      vertex 0.049070488254719102 -0.26995695764426875 0.33325150775158507
    endloop
  endfacet
  facet normal 0.44843062776100728 -0.52876237514934055 0.72063882958961978
    outer loop
      vertex -0.010934670753712364 -0.34268553618429665 0.31722685804795098
      vertex 0.049070488254719102 -0.26995695764426875 0.33325150775158507
      vertex 3.3304734277911767e-05 -0.26764406703683152 0.36546285075397528
    endloop
  endfacet
  facet normal 0.55726578699394302 -0.43145510391684555 0.70943733757825655
    outer loop
      vertex 0.048762152239267817 -0.34111246840241727 0.28845273450838194
      vertex 0.12587579466076498 -0.33212555776439068 0.23334519491620276
      vertex 0.12906122908508888 -0.26387412164885421 0.27235117243463552
    endloop
  endfacet
  facet normal 0.56453289254519068 -0.4415201895398766 0.69739697121742061
    outer loop
      vertex 0.048762152239267817 -0.34111246840241727 0.28845273450838194
      vertex 0.12906122908508888 -0.26387412164885421 0.27235117243463552
      vertex 0.049070488254719102 -0.26995695764426875 0.33325150775158507
    endloop
  endfacet
  facet normal 0.28598698415189261 -0.45292654335594462 0.84443412485482883
    outer loop
      vertex 0.12587579466076498 -0.33212555776439068 0.23334519491620276
      vertex 0.19627587078870107 -0.33862403766731336 0.20601702470593539
      vertex 0.21463983227376837 -0.26798383131181708 0.23768671892743215
    endloop
  endfacet
  facet normal 0.30876775699239284 -0.48276536878808834 0.81951209322424745
    outer loop
      vertex 0.12587579466076498 -0.33212555776439068 0.23334519491620276
      vertex 0.21463983227376837 -0.26798383131181708 0.23768671892743215
      vertex 0.12906122908508888 -0.26387412164885421 0.27235117243463552
    endloop
  endfacet
  facet normal 0.30846566422689992 -0.40283926612496768 0.86172470062134987
    outer loop
      vertex 0.19627587078870107 -0.33862403766731336 0.20601702470593539
      vertex 0.26744791512926924 -0.33874427677973779 0.18048384809878548
      vertex 0.27723807353698982 -0.25837834596197395 0.21454881670742296
    endloop
  endfacet
  facet normal 0.36916225544212128 -0.45841265952000182 0.80844113128210204
    outer loop
      vertex 0.19627587078870107 -0.33862403766731336 0.20601702470593539
      vertex 0.27723807353698982 -0.25837834596197395 0.21454881670742296
      vertex 0.21463983227376837 -0.26798383131181708 0.23768671892743215
    endloop
  endfacet
  facet normal 0.36674700643361091 -0.40058607397310669 0.83965911571946705
    outer loop
      vertex 0.26744791512926924 -0.33874427677973779 0.18048384809878548
      vertex 0.33872789163676642 -0.30307902747067894 0.16636536170012717
      vertex 0.27723807353698982 -0.25837834596197395 0.21454881670742296
    endloop
  endfacet
  facet normal 0.39588592237831938 -0.2792351818885172 0.87481543748287505
    outer loop
      vertex 0.33872789163676642 -0.30307902747067894 0.16636536170012717
      vertex 0.41327631665542536 -0.36139022858554232 0.11401693609211883
      vertex 0.42642486484572173 -0.27871696667596169 0.13445548510747901
    endloop
  endfacet
  facet normal 0.38893682709547484 -0.27892370692365315 0.87802603050528782
    outer loop
      vertex 0.41327631665542536 -0.36139022858554232 0.11401693609211883
      vertex 0.51728197386396968 -0.26597958700456631 0.098255056598663848
      vertex 0.42642486484572173 -0.27871696667596169 0.13445548510747901
    endloop
  endfacet
  facet normal 0.23649297796633306 -0.0952149401924966 0.96695666218127629
    outer loop
      vertex 0.58873035708986354 -0.33741087477924264 0.060138798262456161
      vertex 0.68597565649343129 -0.33835350404055919 0.036262254730674681
      vertex 0.67708265272719725 -0.25633734226609517 0.046513279693423171
    endloop
  endfacet
  facet normal 0.089482920580157083 -0.019066637995165045 0.99580583962939606
    outer loop
      vertex 0.80115919761493215 -0.3202792749245793 0.018672633193430571
      vertex 0.9105142593609814 -0.37464612779190282 0.0078050493963269865
      vertex 0.87386137162239819 -0.24313870521755443 0.013616635984934608
    endloop
  endfacet
  facet normal 0.060057346045433946 -0.027356950509578697 0.99781997997875116
    outer loop
      vertex 0.9105142593609814 -0.37464612779190282 0.0078050493963269865
      vertex 0.97604621218676224 -0.30335900395051424 0.0058152347114835551
      vertex 0.87386137162239819 -0.24313870521755443 0.013616635984934608
    endloop
  endfacet
  facet normal -0.13061931085666803 -0.058798054073541134 0.98968751859791282
    outer loop
      vertex -0.85168716831282665 -0.2704914480550632 0.015557645916852825
      vertex -0.76724720754323694 -0.32007499137354617 0.023756267674541698
      vertex -0.74880970308989458 -0.22049067595404914 0.032106032558140096
    endloop
  endfacet
  facet normal -0.16256209908264105 -0.052516120684353719 0.98529976200652358
    outer loop
      vertex -0.76724720754323694 -0.32007499137354617 0.023756267674541698
      vertex -0.69589914723808644 -0.33812517645440887 0.034565734154985345
      vertex -0.74880970308989458 -0.22049067595404914 0.032106032558140096
    endloop
  endfacet
  facet normal -0.2521262833477676 -0.093263308313631735 0.96318964517255778
    outer loop
      vertex -0.69589914723808644 -0.33812517645440887 0.034565734154985345
      vertex -0.61403911765477392 -0.26675833498212559 0.062903842740328952
      vertex -0.74880970308989458 -0.22049067595404914 0.032106032558140096
    endloop
  endfacet
  facet normal -0.33908802202839672 -0.20230037266141068 0.91874581497709351
    outer loop
      vertex -0.61403911765477392 -0.26675833498212559 0.062903842740328952
      vertex -0.55047205635135987 -0.32978431605472985 0.072487178502694483
      vertex -0.49834115465212298 -0.2311370452658649 0.11344882793051558
    endloop
  endfacet
  facet normal -0.4224741326453102 -0.25931695250954634 0.86848737779357188
    outer loop
      vertex -0.4274565356195355 -0.30218543097112688 0.12696098098283493
      vertex -0.33879464888149591 -0.26746721150679148 0.18045672283740694
      vertex -0.41049397849536884 -0.2145707754015031 0.1613727730826745
    endloop
  endfacet
  facet normal -0.38687207188409312 -0.3950913844487951 0.83320633574790082
    outer loop
      vertex -0.33879464888149591 -0.26746721150679148 0.18045672283740694
      vertex -0.24473790834015322 -0.32078626427536683 0.19884595855811915
      vertex -0.26756563630604568 -0.2319071174519044 0.23039153571572113
    endloop
  endfacet
  facet normal -0.36797434526147527 -0.39352141501686089 0.84245817531347877
    outer loop
      vertex -0.24473790834015322 -0.32078626427536683 0.19884595855811915
      vertex -0.19624772850276459 -0.26750056755351947 0.24491614469759476
      vertex -0.26756563630604568 -0.2319071174519044 0.23039153571572113
    endloop
  endfacet
  facet normal 0.42525269992970283 -0.32538920743833394 0.84456024349074765
    outer loop
      vertex 0.27723807353698982 -0.25837834596197395 0.21454881670742296
      vertex 0.33872789163676642 -0.30307902747067894 0.16636536170012717
      vertex 0.3387448242939059 -0.23184255780852508 0.19380257286949412
    endloop
  endfacet
  facet normal 0.40228515362830808 -0.32913670366473874 0.85430421131524248
    outer loop
      vertex 0.33872789163676642 -0.30307902747067894 0.16636536170012717
      vertex 0.42642486484572173 -0.27871696667596169 0.13445548510747901
      vertex 0.3387448242939059 -0.23184255780852508 0.19380257286949412
    endloop
  endfacet
  facet normal 0.35030089364359118 -0.14351030867398165 0.92557769809822021
    outer loop
      vertex 0.51728197386396968 -0.26597958700456631 0.098255056598663848
      vertex 0.58873035708986354 -0.33741087477924264 0.060138798262456161
      vertex 0.60545315012670198 -0.22087195247281124 0.071879063169481477
    endloop
  endfacet
  facet normal 0.27075591272525806 -0.13487392156276218 0.95315280045048079
    outer loop
      vertex 0.58873035708986354 -0.33741087477924264 0.060138798262456161
      vertex 0.67708265272719725 -0.25633734226609517 0.046513279693423171
      vertex 0.60545315012670198 -0.22087195247281124 0.071879063169481477
    endloop
  endfacet
  facet normal 0.15833444393195928 -0.049322494252308127 0.98615287629529735
    outer loop
      vertex 0.68597565649343129 -0.33835350404055919 0.036262254730674681
      vertex 0.80115919761493215 -0.3202792749245793 0.018672633193430571
      vertex 0.78473125889907058 -0.2203096991145464 0.026310249582195133
    endloop
  endfacet
  facet normal 0.21518690076596794 -0.098109540340262008 0.97163219164093151
    outer loop
      vertex 0.68597565649343129 -0.33835350404055919 0.036262254730674681
      vertex 0.78473125889907058 -0.2203096991145464 0.026310249582195133
      vertex 0.67708265272719725 -0.25633734226609517 0.046513279693423171
    endloop
  endfacet
  facet normal 0.12701336273036032 -0.054792911581927839 0.99038646120002116
    outer loop
      vertex 0.80115919761493215 -0.3202792749245793 0.018672633193430571
      vertex 0.87386137162239819 -0.24313870521755443 0.013616635984934608
      vertex 0.78473125889907058 -0.2203096991145464 0.026310249582195133
    endloop
  endfacet
  facet normal -0.37012390207798146 -0.10721302409247263 0.92277498046680673
    outer loop
      vertex -0.61403911765477392 -0.26675833498212559 0.062903842740328952
      vertex -0.49834115465212298 -0.2311370452658649 0.11344882793051558
      vertex -0.58828591127297036 -0.19596111806303243 0.081459028265209316
    endloop
  endfacet
  facet normal -0.42458442495966647 -0.25858926349408401 0.86767485781671494
    outer loop
      vertex -0.49834115465212298 -0.2311370452658649 0.11344882793051558
      vertex -0.4274565356195355 -0.30218543097112688 0.12696098098283493
      vertex -0.41049397849536884 -0.2145707754015031 0.1613727730826745
    endloop
  endfacet
  facet normal -0.44658608442402731 -0.3013934574380327 0.84245050478491879
    outer loop
      vertex -0.41049397849536884 -0.2145707754015031 0.1613727730826745
      vertex -0.33879464888149591 -0.26746721150679148 0.18045672283740694
      vertex -0.33869389377202258 -0.19613495796874805 0.20602982206179751
    endloop
  endfacet
  facet normal -0.44139038204030057 -0.30226879373532034 0.84487165118502594
    outer loop
      vertex -0.33879464888149591 -0.26746721150679148 0.18045672283740694
      vertex -0.26756563630604568 -0.2319071174519044 0.23039153571572113
      vertex -0.33869389377202258 -0.19613495796874805 0.20602982206179751
    endloop
  endfacet
  facet normal -0.37247401240839989 -0.4057202806846531 0.83465811199649487
    outer loop
      vertex -0.26756563630604568 -0.2319071174519044 0.23039153571572113
      vertex -0.19624772850276459 -0.26750056755351947 0.24491614469759476
      vertex -0.19627063469570738 -0.19627063469570763 0.27953019322282774
    endloop
  endfacet
  facet normal -0.32627370058753463 -0.44563119238432669 0.83364159725810172
    outer loop
      vertex -0.19624772850276459 -0.26750056755351947 0.24491614469759476
      vertex -0.12111373517981949 -0.26733262198094654 0.27441213902901102
      vertex -0.12123579590498638 -0.19617075879781909 0.31240462985751855
    endloop
  endfacet
  facet normal -0.36613401981715044 -0.40681984309093799 0.83692502340412722
    outer loop
      vertex -0.19624772850276459 -0.26750056755351947 0.24491614469759476
      vertex -0.12123579590498638 -0.19617075879781909 0.31240462985751855
      vertex -0.19627063469570738 -0.19627063469570763 0.27953019322282774
    endloop
  endfacet
  facet normal -0.58926421540557805 -0.39694615054053101 0.70370550517492947
    outer loop
      vertex -0.12111373517981949 -0.26733262198094654 0.27441213902901102
      vertex -0.049262619541404068 -0.26959869065171199 0.33330010244868646
      vertex -0.049444042665734524 -0.19819716464118492 0.37342435120039175
    endloop
  endfacet
  facet normal -0.60641651890163939 -0.37529915805722786 0.70100609666732117
    outer loop
      vertex -0.12111373517981949 -0.26733262198094654 0.27441213902901102
      vertex -0.049444042665734524 -0.19819716464118492 0.37342435120039175
      vertex -0.12123579590498638 -0.19617075879781909 0.31240462985751855
    endloop
  endfacet
  facet normal -0.5002817284652783 -0.35770335300464601 0.7885217203178535
    outer loop
      vertex -0.049262619541404068 -0.26959869065171199 0.33330010244868646
      vertex 3.3304734277911767e-05 -0.26764406703683152 0.36546285075397528
      vertex 0.011368599679690512 -0.19989154288476485 0.40338970202653385
    endloop
  endfacet
  facet normal -0.40503890355553945 -0.44869583611000441 0.79662760011442635
    outer loop
      vertex -0.049262619541404068 -0.26959869065171199 0.33330010244868646
      vertex 0.011368599679690512 -0.19989154288476485 0.40338970202653385
      vertex -0.049444042665734524 -0.19819716464118492 0.37342435120039175
    endloop
  endfacet
  facet normal 0.462059692810322 -0.49079602500436997 0.73866101976477738
    outer loop
      vertex 3.3304734277911767e-05 -0.26764406703683152 0.36546285075397528
      vertex 0.049070488254719102 -0.26995695764426875 0.33325150775158507
      vertex 0.011368599679690512 -0.19989154288476485 0.40338970202653385
    endloop
  endfacet
  facet normal 0.63031484766460277 -0.35299481434695346 0.6914462046014197
    outer loop
      vertex 0.049070488254719102 -0.26995695764426875 0.33325150775158507
      vertex 0.088856555557805625 -0.19522478424836107 0.33513498142408121
      vertex 0.011368599679690512 -0.19989154288476485 0.40338970202653385
    endloop
  endfacet
  facet normal 0.58736758134166134 -0.33131376748023877 0.73839725884302765
    outer loop
      vertex 0.049070488254719102 -0.26995695764426875 0.33325150775158507
      vertex 0.12906122908508888 -0.26387412164885421 0.27235117243463552
      vertex 0.088856555557805625 -0.19522478424836107 0.33513498142408121
    endloop
  endfacet
  facet normal 0.43501194744060084 -0.45555466398778299 0.77668175831733943
    outer loop
      vertex 0.12906122908508888 -0.26387412164885421 0.27235117243463552
      vertex 0.15975761112676373 -0.19607670562552032 0.29492429966039019
      vertex 0.088856555557805625 -0.19522478424836107 0.33513498142408121
    endloop
  endfacet
  facet normal 0.33077542689597822 -0.38385128811072983 0.8621170486526275
    outer loop
      vertex 0.12906122908508888 -0.26387412164885421 0.27235117243463552
      vertex 0.21463983227376837 -0.26798383131181708 0.23768671892743215
      vertex 0.23185379771143425 -0.19639856341602985 0.26295491256700665
    endloop
  endfacet
  facet normal 0.36275685801461738 -0.43809066849977774 0.82248649115762418
    outer loop
      vertex 0.12906122908508888 -0.26387412164885421 0.27235117243463552
      vertex 0.23185379771143425 -0.19639856341602985 0.26295491256700665
      vertex 0.15975761112676373 -0.19607670562552032 0.29492429966039019
    endloop
  endfacet
  facet normal 0.37134439785238277 -0.38718204438643172 0.84391551869153014
    outer loop
      vertex 0.21463983227376837 -0.26798383131181708 0.23768671892743215
      vertex 0.27723807353698982 -0.25837834596197395 0.21454881670742296
      vertex 0.23185379771143425 -0.19639856341602985 0.26295491256700665
    endloop
  endfacet
  facet normal 0.4527744116886836 -0.2402084748590215 0.8586589664854547
    outer loop
      vertex 0.3387448242939059 -0.23184255780852508 0.19380257286949412
      vertex 0.42642486484572173 -0.27871696667596169 0.13445548510747901
      vertex 0.39063273276967075 -0.16608717938285361 0.1848368270158488
    endloop
  endfacet
  facet normal 0.43885410897778071 -0.24699639795347217 0.86394435609669229
    outer loop
      vertex 0.42642486484572173 -0.27871696667596169 0.13445548510747901
      vertex 0.44607316566387667 -0.21477102158809705 0.14275657591424812
      vertex 0.39063273276967075 -0.16608717938285361 0.1848368270158488
    endloop
  endfacet
  facet normal 0.38802016491715297 -0.23491636862135012 0.89120965623775827
    outer loop
      vertex 0.42642486484572173 -0.27871696667596169 0.13445548510747901
      vertex 0.51728197386396968 -0.26597958700456631 0.098255056598663848
      vertex 0.44607316566387667 -0.21477102158809705 0.14275657591424812
    endloop
  endfacet
  facet normal 0.28769945129452434 -0.10016361309329502 0.95246851724186998
    outer loop
      vertex 0.67708265272719725 -0.25633734226609517 0.046513279693423171
      vertex 0.73282458670741146 -0.16842317979761409 0.038921297875243094
      vertex 0.60545315012670198 -0.22087195247281124 0.071879063169481477
    endloop
  endfacet
  facet normal 0.070845101082429196 -0.0090033854751853416 0.9974466956698016
    outer loop
      vertex 0.87386137162239819 -0.24313870521755443 0.013616635984934608
      vertex 0.97604621218676224 -0.30335900395051424 0.0058152347114835551
      vertex 0.96126604311089503 -0.17503940684166505 0.0080232859071494023
    endloop
  endfacet
  facet normal -0.084834204170083347 -0.020842596297147523 0.99617706457357413
    outer loop
      vertex -0.93962349381126598 -0.2519841553246619 0.0084562295000867455
      vertex -0.85168716831282665 -0.2704914480550632 0.015557645916852825
      vertex -0.9373918546863651 -0.15488460356203743 0.010677848693985276
    endloop
  endfacet
  facet normal -0.12674040212862805 -0.052146510633536244 0.99056428963344945
    outer loop
      vertex -0.85168716831282665 -0.2704914480550632 0.015557645916852825
      vertex -0.79929785230199957 -0.1283143383701017 0.029745400601295185
      vertex -0.9373918546863651 -0.15488460356203743 0.010677848693985276
    endloop
  endfacet
  facet normal -0.13544079314745955 -0.048842457581013403 0.98958082332320585
    outer loop
      vertex -0.85168716831282665 -0.2704914480550632 0.015557645916852825
      vertex -0.74880970308989458 -0.22049067595404914 0.032106032558140096
      vertex -0.79929785230199957 -0.1283143383701017 0.029745400601295185
    endloop
  endfacet
  facet normal -0.24597733977966307 -0.073140831303215484 0.96651206257924926
    outer loop
      vertex -0.74880970308989458 -0.22049067595404914 0.032106032558140096
      vertex -0.61403911765477392 -0.26675833498212559 0.062903842740328952
      vertex -0.67626142599302563 -0.15654482340469075 0.05540867501004626
    endloop
  endfacet
  facet normal -0.33244227350476108 -0.12410387225236022 0.93492265117439288
    outer loop
      vertex -0.61403911765477392 -0.26675833498212559 0.062903842740328952
      vertex -0.58828591127297036 -0.19596111806303243 0.081459028265209316
      vertex -0.67626142599302563 -0.15654482340469075 0.05540867501004626
    endloop
  endfacet
  facet normal -0.38987288273399334 -0.17464324570294554 0.90415644223719749
    outer loop
      vertex -0.58828591127297036 -0.19596111806303243 0.081459028265209316
      vertex -0.49834115465212298 -0.2311370452658649 0.11344882793051558
      vertex -0.49707596745445232 -0.15503171890566203 0.12869457827508429
    endloop
  endfacet
  facet normal -0.44738092300163157 -0.1685124484721961 0.87832446421815757
    outer loop
      vertex -0.49834115465212298 -0.2311370452658649 0.11344882793051558
      vertex -0.41049397849536884 -0.2145707754015031 0.1613727730826745
      vertex -0.49707596745445232 -0.15503171890566203 0.12869457827508429
    endloop
  endfacet
  facet normal -0.47262761352329158 -0.22392414397996338 0.85233861620726703
    outer loop
      vertex -0.41049397849536884 -0.2145707754015031 0.1613727730826745
      vertex -0.33869389377202258 -0.19613495796874805 0.20602982206179751
      vertex -0.41073435901056088 -0.13449572903662585 0.1822765845531214
    endloop
  endfacet
  facet normal -0.44792756117615384 -0.32284380044479988 0.83374623264704539
    outer loop
      vertex -0.33869389377202258 -0.19613495796874805 0.20602982206179751
      vertex -0.26756563630604568 -0.2319071174519044 0.23039153571572113
      vertex -0.26733427330656373 -0.15938358059904401 0.25859844952535277
    endloop
  endfacet
  facet normal -0.4195180491512579 -0.32788030792039891 0.84646270450289007
    outer loop
      vertex -0.26756563630604568 -0.2319071174519044 0.23039153571572113
      vertex -0.19627063469570738 -0.19627063469570763 0.27953019322282774
      vertex -0.26733427330656373 -0.15938358059904401 0.25859844952535277
    endloop
  endfacet
  facet normal 0.45047153808317969 -0.32083463533986367 0.83315096479768358
    outer loop
      vertex 0.23185379771143425 -0.19639856341602985 0.26295491256700665
      vertex 0.27723807353698982 -0.25837834596197395 0.21454881670742296
      vertex 0.29127794009436159 -0.1559309993214254 0.24640870517892094
    endloop
  endfacet
  facet normal 0.42422587631788655 -0.32141862503034679 0.84659463342612951
    outer loop
      vertex 0.27723807353698982 -0.25837834596197395 0.21454881670742296
      vertex 0.3387448242939059 -0.23184255780852508 0.19380257286949412
      vertex 0.29127794009436159 -0.1559309993214254 0.24640870517892094
    endloop
  endfacet
  facet normal 0.48689003991924212 -0.27098734678920033 0.83036374373378574
    outer loop
      vertex 0.3387448242939059 -0.23184255780852508 0.19380257286949412
      vertex 0.39063273276967075 -0.16608717938285361 0.1848368270158488
      vertex 0.29127794009436159 -0.1559309993214254 0.24640870517892094
    endloop
  endfacet
  facet normal 0.4358205033601078 -0.16315636591960214 0.88512173688756013
    outer loop
      vertex 0.44607316566387667 -0.21477102158809705 0.14275657591424812
      vertex 0.51728197386396968 -0.26597958700456631 0.098255056598663848
      vertex 0.50443320873026121 -0.15449996390804155 0.1251308686765526
    endloop
  endfacet
  facet normal 0.34346918621010059 -0.12727860813035918 0.93049936810111256
    outer loop
      vertex 0.51728197386396968 -0.26597958700456631 0.098255056598663848
      vertex 0.60545315012670198 -0.22087195247281124 0.071879063169481477
      vertex 0.60671246667864887 -0.12968592227154516 0.083887125675180862
    endloop
  endfacet
  facet normal 0.4037628624461021 -0.17017234784290647 0.89889761538173119
    outer loop
      vertex 0.51728197386396968 -0.26597958700456631 0.098255056598663848
      vertex 0.60671246667864887 -0.12968592227154516 0.083887125675180862
      vertex 0.50443320873026121 -0.15449996390804155 0.1251308686765526
    endloop
  endfacet
  facet normal 0.19740631909299539 -0.040580542858232801 0.97948147747851044
    outer loop
      vertex 0.67708265272719725 -0.25633734226609517 0.046513279693423171
      vertex 0.78473125889907058 -0.2203096991145464 0.026310249582195133
      vertex 0.73282458670741146 -0.16842317979761409 0.038921297875243094
    endloop
  endfacet
  facet normal -0.22475997489713287 -0.098281320174024731 0.96944506589547985
    outer loop
      vertex -0.74880970308989458 -0.22049067595404914 0.032106032558140096
      vertex -0.67626142599302563 -0.15654482340469075 0.05540867501004626
      vertex -0.79929785230199957 -0.1283143383701017 0.029745400601295185
    endloop
  endfacet
  facet normal -0.34362646144367265 -0.15479055979662354 0.92626170038145694
    outer loop
      vertex -0.67626142599302563 -0.15654482340469075 0.05540867501004626
      vertex -0.58828591127297036 -0.19596111806303243 0.081459028265209316
      vertex -0.60668360402388655 -0.11915790111981966 0.087468646155923979
    endloop
  endfacet
  facet normal -0.39410662758504816 -0.16514904489274487 0.90410494914282735
    outer loop
      vertex -0.58828591127297036 -0.19596111806303243 0.081459028265209316
      vertex -0.49707596745445232 -0.15503171890566203 0.12869457827508429
      vertex -0.60668360402388655 -0.11915790111981966 0.087468646155923979
    endloop
  endfacet
  facet normal -0.47499515040313689 -0.22360904095105613 0.85110434371964649
    outer loop
      vertex -0.49707596745445232 -0.15503171890566203 0.12869457827508429
      vertex -0.41049397849536884 -0.2145707754015031 0.1613727730826745
      vertex -0.41073435901056088 -0.13449572903662585 0.1822765845531214
    endloop
  endfacet
  facet normal -0.50810897036220415 -0.27996617980129024 0.81452084835498983
    outer loop
      vertex -0.41073435901056088 -0.13449572903662585 0.1822765845531214
      vertex -0.33869389377202258 -0.19613495796874805 0.20602982206179751
      vertex -0.35694345706302733 -0.12099711943693928 0.22047179346459411
    endloop
  endfacet
  facet normal -0.47395959303694934 -0.27584365475359657 0.83622519831707309
    outer loop
      vertex -0.33869389377202258 -0.19613495796874805 0.20602982206179751
      vertex -0.26733427330656373 -0.15938358059904401 0.25859844952535277
      vertex -0.35694345706302733 -0.12099711943693928 0.22047179346459411
    endloop
  endfacet
  facet normal -0.43117962497756024 -0.36159530554899533 0.82663956233000313
    outer loop
      vertex -0.26733427330656373 -0.15938358059904401 0.25859844952535277
      vertex -0.19627063469570738 -0.19627063469570763 0.27953019322282774
      vertex -0.19617075879781923 -0.12123579590498684 0.31240462985751827
    endloop
  endfacet
  facet normal -0.36763660542555598 -0.39835991920516711 0.84032892436356554
    outer loop
      vertex -0.19627063469570738 -0.19627063469570763 0.27953019322282774
      vertex -0.12123579590498638 -0.19617075879781909 0.31240462985751855
      vertex -0.1214534742827377 -0.12145347428273846 0.34772930335399233
    endloop
  endfacet
  facet normal -0.39835991920516683 -0.36763660542555598 0.84032892436356554
    outer loop
      vertex -0.19627063469570738 -0.19627063469570763 0.27953019322282774
      vertex -0.1214534742827377 -0.12145347428273846 0.34772930335399233
      vertex -0.19617075879781923 -0.12123579590498684 0.31240462985751827
    endloop
  endfacet
  facet normal -0.61518983043959874 -0.3372769162318856 0.71259087441589331
    outer loop
      vertex -0.12123579590498638 -0.19617075879781909 0.31240462985751855
      vertex -0.049444042665734524 -0.19819716464118492 0.37342435120039175
      vertex -0.069599715483986371 -0.10303933308889655 0.40106289632483855
    endloop
  endfacet
  facet normal -0.6133188737281533 -0.3390487278065023 0.71336240390254779
    outer loop
      vertex -0.12123579590498638 -0.19617075879781909 0.31240462985751855
      vertex -0.069599715483986371 -0.10303933308889655 0.40106289632483855
      vertex -0.1214534742827377 -0.12145347428273846 0.34772930335399233
    endloop
  endfacet
  facet normal -0.61256432818277085 -0.33736467123430747 0.71480768213622192
    outer loop
      vertex -0.049444042665734524 -0.19819716464118492 0.37342435120039175
      vertex -0.011912766995258142 -0.12537872183140003 0.43995510048266107
      vertex -0.069599715483986371 -0.10303933308889655 0.40106289632483855
    endloop
  endfacet
  facet normal -0.39368283527315912 -0.50116602516787034 0.77061432664383034
    outer loop
      vertex -0.049444042665734524 -0.19819716464118492 0.37342435120039175
      vertex 0.011368599679690512 -0.19989154288476485 0.40338970202653385
      vertex -0.011912766995258142 -0.12537872183140003 0.43995510048266107
    endloop
  endfacet
  facet normal 0.42513699647716346 -0.28821726598553971 0.85801476782989972
    outer loop
      vertex 0.011368599679690512 -0.19989154288476485 0.40338970202653385
      vertex 0.049416474443523997 -0.12358991136936603 0.41016801009794213
      vertex -0.011912766995258142 -0.12537872183140003 0.43995510048266107
    endloop
  endfacet
  facet normal 0.62584609008543512 -0.37293201143487315 0.68500977100470095
    outer loop
      vertex 0.011368599679690512 -0.19989154288476485 0.40338970202653385
      vertex 0.088856555557805625 -0.19522478424836107 0.33513498142408121
      vertex 0.049416474443523997 -0.12358991136936603 0.41016801009794213
    endloop
  endfacet
  facet normal 0.60998787546419153 -0.38790802904336263 0.69097189001461967
    outer loop
      vertex 0.088856555557805625 -0.19522478424836107 0.33513498142408121
      vertex 0.12162905886728752 -0.12162905886728792 0.34751977338864803
      vertex 0.049416474443523997 -0.12358991136936603 0.41016801009794213
    endloop
  endfacet
  facet normal 0.46031424770970092 -0.34278673354445088 0.81890661779068419
    outer loop
      vertex 0.088856555557805625 -0.19522478424836107 0.33513498142408121
      vertex 0.15975761112676373 -0.19607670562552032 0.29492429966039019
      vertex 0.12162905886728752 -0.12162905886728792 0.34751977338864803
    endloop
  endfacet
  facet normal 0.39478424093378262 -0.38663203879770036 0.83346329834340671
    outer loop
      vertex 0.15975761112676373 -0.19607670562552032 0.29492429966039019
      vertex 0.19610978651943481 -0.12134046071815491 0.31237457107706751
      vertex 0.12162905886728752 -0.12162905886728792 0.34751977338864803
    endloop
  endfacet
  facet normal 0.37364147279052107 -0.37937847489505727 0.84644197828157763
    outer loop
      vertex 0.15975761112676373 -0.19607670562552032 0.29492429966039019
      vertex 0.23185379771143425 -0.19639856341602985 0.26295491256700665
      vertex 0.19610978651943481 -0.12134046071815491 0.31237457107706751
    endloop
  endfacet
  facet normal 0.45439429651395097 -0.32873130536600331 0.82792605477056647
    outer loop
      vertex 0.23185379771143425 -0.19639856341602985 0.26295491256700665
      vertex 0.29127794009436159 -0.1559309993214254 0.24640870517892094
      vertex 0.19610978651943481 -0.12134046071815491 0.31237457107706751
    endloop
  endfacet
  facet normal 0.47101047842990651 -0.20518155766722118 0.85793336431361822
    outer loop
      vertex 0.39063273276967075 -0.16608717938285361 0.1848368270158488
      vertex 0.44607316566387667 -0.21477102158809705 0.14275657591424812
      vertex 0.50443320873026121 -0.15449996390804155 0.1251308686765526
    endloop
  endfacet
  facet normal 0.31577018782883859 -0.18164343328409283 0.9312866645793374
    outer loop
      vertex 0.60545315012670198 -0.22087195247281124 0.071879063169481477
      vertex 0.73282458670741146 -0.16842317979761409 0.038921297875243094
      vertex 0.7313003006435792 -0.1034167517475251 0.052117358058050289
    endloop
  endfacet
  facet normal 0.27053939263575155 -0.12936323072185735 0.95397777310033915
    outer loop
      vertex 0.60545315012670198 -0.22087195247281124 0.071879063169481477
      vertex 0.7313003006435792 -0.1034167517475251 0.052117358058050289
      vertex 0.60671246667864887 -0.12968592227154516 0.083887125675180862
    endloop
  endfacet
  facet normal 0.14993701176720919 -0.089325031548685555 0.98465218795326204
    outer loop
      vertex 0.73282458670741146 -0.16842317979761409 0.038921297875243094
      vertex 0.78473125889907058 -0.2203096991145464 0.026310249582195133
      vertex 0.87306681076583437 -0.11791546063566093 0.022147967562897636
    endloop
  endfacet
  facet normal 0.12392465816968731 -0.066664755125173794 0.99004974093306375
    outer loop
      vertex 0.78473125889907058 -0.2203096991145464 0.026310249582195133
      vertex 0.87386137162239819 -0.24313870521755443 0.013616635984934608
      vertex 0.87306681076583437 -0.11791546063566093 0.022147967562897636
    endloop
  endfacet
  facet normal 0.11545790742982452 -0.066787613946183752 0.99106452173170911
    outer loop
      vertex 0.87386137162239819 -0.24313870521755443 0.013616635984934608
      vertex 0.96126604311089503 -0.17503940684166505 0.0080232859071494023
      vertex 0.87306681076583437 -0.11791546063566093 0.022147967562897636
    endloop
  endfacet
  facet normal -0.07134959066710142 -0.30961478823658828 0.94818137443046702
    outer loop
      vertex -0.9373918546863651 -0.15488460356203743 0.010677848693985276
      vertex -0.79929785230199957 -0.1283143383701017 0.029745400601295185
      vertex -0.83817775950497109 -0.09174452154752448 0.038761070870499625
    endloop
  endfacet
  facet normal -0.10881347425893216 -0.25621478718363011 0.96047572100920264
    outer loop
      vertex -0.9373918546863651 -0.15488460356203743 0.010677848693985276
      vertex -0.83817775950497109 -0.09174452154752448 0.038761070870499625
      vertex -0.93744513275722996 -0.091430565982381112 0.027598698442633296
    endloop
  endfacet
  facet normal -0.25753582697469757 -0.28235373468785446 0.92409505265003944
    outer loop
      vertex -0.79929785230199957 -0.1283143383701017 0.029745400601295185
      vertex -0.67626142599302563 -0.15654482340469075 0.05540867501004626
      vertex -0.69450876622048996 -0.091317269888577857 0.070253359488032241
    endloop
  endfacet
  facet normal -0.27058421501813357 -0.28497012665147647 0.91955217878011797
    outer loop
      vertex -0.67626142599302563 -0.15654482340469075 0.05540867501004626
      vertex -0.60668360402388655 -0.11915790111981966 0.087468646155923979
      vertex -0.69450876622048996 -0.091317269888577857 0.070253359488032241
    endloop
  endfacet
  facet normal -0.42456175327531026 -0.326899927057622 0.84432443725472983
    outer loop
      vertex -0.60668360402388655 -0.11915790111981966 0.087468646155923979
      vertex -0.49707596745445232 -0.15503171890566203 0.12869457827508429
      vertex -0.5510921375769714 -0.09060903860708025 0.12647572694340592
    endloop
  endfacet
  facet normal -0.43803197517007669 -0.33859267027184414 0.83275626228013655
    outer loop
      vertex -0.49707596745445232 -0.15503171890566203 0.12869457827508429
      vertex -0.47961770032395856 -0.090202509745322498 0.16423675984257829
      vertex -0.5510921375769714 -0.09060903860708025 0.12647572694340592
    endloop
  endfacet
  facet normal -0.43642484646575902 -0.33932463549337266 0.83330195315661448
    outer loop
      vertex -0.49707596745445232 -0.15503171890566203 0.12869457827508429
      vertex -0.41073435901056088 -0.13449572903662585 0.1822765845531214
      vertex -0.47961770032395856 -0.090202509745322498 0.16423675984257829
    endloop
  endfacet
  facet normal -0.4947168281932382 -0.37726953195422303 0.78289396482631246
    outer loop
      vertex -0.35694345706302733 -0.12099711943693928 0.22047179346459411
      vertex -0.26733427330656373 -0.15938358059904401 0.25859844952535277
      vertex -0.28452279123097501 -0.10744841591958273 0.27276397729786389
    endloop
  endfacet
  facet normal -0.4278646063348982 -0.36690717471763468 0.8260211884610501
    outer loop
      vertex -0.26733427330656373 -0.15938358059904401 0.25859844952535277
      vertex -0.19617075879781923 -0.12123579590498684 0.31240462985751827
      vertex -0.28452279123097501 -0.10744841591958273 0.27276397729786389
    endloop
  endfacet
  facet normal 0.39342429019677017 -0.44828592156600755 0.80265625295569898
    outer loop
      vertex 0.19610978651943481 -0.12134046071815491 0.31237457107706751
      vertex 0.29127794009436159 -0.1559309993214254 0.24640870517892094
      vertex 0.26624353429543612 -0.08903457304704937 0.29604124624132772
    endloop
  endfacet
  facet normal 0.4822579463670601 -0.39838371784287546 0.78020361863010734
    outer loop
      vertex 0.29127794009436159 -0.1559309993214254 0.24640870517892094
      vertex 0.33725596468738989 -0.089230439402865319 0.25204716829196511
      vertex 0.26624353429543612 -0.08903457304704937 0.29604124624132772
    endloop
  endfacet
  facet normal 0.45787168846102017 -0.38342348356018652 0.80208475185632711
    outer loop
      vertex 0.29127794009436159 -0.1559309993214254 0.24640870517892094
      vertex 0.39063273276967075 -0.16608717938285361 0.1848368270158488
      vertex 0.33725596468738989 -0.089230439402865319 0.25204716829196511
    endloop
  endfacet
  facet normal 0.500610412467136 -0.34618196219101938 0.79344014517987405
    outer loop
      vertex 0.39063273276967075 -0.16608717938285361 0.1848368270158488
      vertex 0.40835361460508962 -0.089511600625272997 0.20706638806396449
      vertex 0.33725596468738989 -0.089230439402865319 0.25204716829196511
    endloop
  endfacet
  facet normal 0.46528553397085931 -0.32283642587772171 0.82418809382564517
    outer loop
      vertex 0.39063273276967075 -0.16608717938285361 0.1848368270158488
      vertex 0.50443320873026121 -0.15449996390804155 0.1251308686765526
      vertex 0.47959054000675405 -0.089875883405254431 0.16446890546732784
    endloop
  endfacet
  facet normal 0.48036088330362153 -0.34522113663490367 0.80627277556188748
    outer loop
      vertex 0.39063273276967075 -0.16608717938285361 0.1848368270158488
      vertex 0.47959054000675405 -0.089875883405254431 0.16446890546732784
      vertex 0.40835361460508962 -0.089511600625272997 0.20706638806396449
    endloop
  endfacet
  facet normal 0.43821295620816475 -0.33843924424434069 0.83272341324513066
    outer loop
      vertex 0.50443320873026121 -0.15449996390804155 0.1251308686765526
      vertex 0.55100805314338175 -0.090295943929216277 0.1267153800796022
      vertex 0.47959054000675405 -0.089875883405254431 0.16446890546732784
    endloop
  endfacet
  facet normal 0.42051305442154124 -0.32594473077588915 0.84671648356489382
    outer loop
      vertex 0.50443320873026121 -0.15449996390804155 0.1251308686765526
      vertex 0.60671246667864887 -0.12968592227154516 0.083887125675180862
      vertex 0.55100805314338175 -0.090295943929216277 0.1267153800796022
    endloop
  endfacet
  facet normal 0.18423107589446397 -0.19138274912128356 0.96407030553458495
    outer loop
      vertex 0.73282458670741146 -0.16842317979761409 0.038921297875243094
      vertex 0.87306681076583437 -0.11791546063566093 0.022147967562897636
      vertex 0.7313003006435792 -0.1034167517475251 0.052117358058050289
    endloop
  endfacet
  facet normal 0.027748133867193239 -0.1993600510371441 0.97953336396334945
    outer loop
      vertex 0.87306681076583437 -0.11791546063566093 0.022147967562897636
      vertex 0.96126604311089503 -0.17503940684166505 0.0080232859071494023
      vertex 0.97545959189135989 -0.092641568558143636 0.024391276364432279
    endloop
  endfacet
  facet normal -0.29604782630797549 -0.51333353669815585 0.80550876136717842
    outer loop
      vertex -0.83817775950497109 -0.09174452154752448 0.038761070870499625
      vertex -0.79929785230199957 -0.1283143383701017 0.029745400601295185
      vertex -0.79102506410685458 -0.042382369696630701 0.08754849920228347
    endloop
  endfacet
  facet normal -0.12786909386331946 -0.54505255037974465 0.82859351443220319
    outer loop
      vertex -0.79929785230199957 -0.1283143383701017 0.029745400601295185
      vertex -0.69450876622048996 -0.091317269888577857 0.070253359488032241
      vertex -0.79102506410685458 -0.042382369696630701 0.08754849920228347
    endloop
  endfacet
  facet normal -0.32590982259132378 -0.55472951282980199 0.76554422154053414
    outer loop
      vertex -0.69450876622048996 -0.091317269888577857 0.070253359488032241
      vertex -0.60668360402388655 -0.11915790111981966 0.087468646155923979
      vertex -0.6265795893965137 -0.047644937712530019 0.13081827032536408
    endloop
  endfacet
  facet normal -0.26933179034270371 -0.55291079081942218 0.78851128343622012
    outer loop
      vertex -0.60668360402388655 -0.11915790111981966 0.087468646155923979
      vertex -0.5510921375769714 -0.09060903860708025 0.12647572694340592
      vertex -0.6265795893965137 -0.047644937712530019 0.13081827032536408
    endloop
  endfacet
  facet normal -0.50668146714622331 -0.50271706567965124 0.70039234913367787
    outer loop
      vertex -0.47961770032395856 -0.090202509745322498 0.16423675984257829
      vertex -0.41073435901056088 -0.13449572903662585 0.1822765845531214
      vertex -0.41237181098651188 -0.048611781156630049 0.2427364964154326
    endloop
  endfacet
  facet normal -0.39659628638862399 -0.53347767066562113 0.74706958211664309
    outer loop
      vertex -0.41073435901056088 -0.13449572903662585 0.1822765845531214
      vertex -0.35694345706302733 -0.12099711943693928 0.22047179346459411
      vertex -0.41237181098651188 -0.048611781156630049 0.2427364964154326
    endloop
  endfacet
  facet normal -0.44875604904267119 -0.55826999046355086 0.69781990957226103
    outer loop
      vertex -0.35694345706302733 -0.12099711943693928 0.22047179346459411
      vertex -0.34099881577843988 -0.048956909969474091 0.28835913893701864
      vertex -0.41237181098651188 -0.048611781156630049 0.2427364964154326
    endloop
  endfacet
  facet normal -0.40353594149021704 -0.57860825201439881 0.70878151402702794
    outer loop
      vertex -0.35694345706302733 -0.12099711943693928 0.22047179346459411
      vertex -0.28452279123097501 -0.10744841591958273 0.27276397729786389
      vertex -0.34099881577843988 -0.048956909969474091 0.28835913893701864
    endloop
  endfacet
  facet normal -0.42965629334954908 -0.59577223805687407 0.67856533211314984
    outer loop
      vertex -0.28452279123097501 -0.10744841591958273 0.27276397729786389
      vertex -0.26959869065171216 -0.049262619541403999 0.33330010244868635
      vertex -0.34099881577843988 -0.048956909969474091 0.28835913893701864
    endloop
  endfacet
  facet normal -0.40371824039877524 -0.59909358179376127 0.69144664481277118
    outer loop
      vertex -0.28452279123097501 -0.10744841591958273 0.27276397729786389
      vertex -0.19617075879781923 -0.12123579590498684 0.31240462985751827
      vertex -0.19819716464118514 -0.049444042665734426 0.37342435120039175
    endloop
  endfacet
  facet normal -0.38745988339848897 -0.61506671507091881 0.6867079253719871
    outer loop
      vertex -0.28452279123097501 -0.10744841591958273 0.27276397729786389
      vertex -0.19819716464118514 -0.049444042665734426 0.37342435120039175
      vertex -0.26959869065171216 -0.049262619541403999 0.33330010244868635
    endloop
  endfacet
  facet normal -0.33630129211733722 -0.62156635966297968 0.70750031904976618
    outer loop
      vertex -0.19617075879781923 -0.12123579590498684 0.31240462985751827
      vertex -0.1214534742827377 -0.12145347428273846 0.34772930335399233
      vertex -0.1246659825455322 -0.049481100268469705 0.40943278907293701
    endloop
  endfacet
  facet normal -0.34776738633998949 -0.61288357912683511 0.70952911387407713
    outer loop
      vertex -0.19617075879781923 -0.12123579590498684 0.31240462985751827
      vertex -0.1246659825455322 -0.049481100268469705 0.40943278907293701
      vertex -0.19819716464118514 -0.049444042665734426 0.37342435120039175
    endloop
  endfacet
  facet normal -0.47013983324392344 -0.58645374579971854 0.65957603142841315
    outer loop
      vertex -0.1214534742827377 -0.12145347428273846 0.34772930335399233
      vertex -0.069599715483986371 -0.10303933308889655 0.40106289632483855
      vertex -0.1246659825455322 -0.049481100268469705 0.40943278907293701
    endloop
  endfacet
  facet normal -0.60925882757899197 -0.49561425778052914 0.61900742200859549
    outer loop
      vertex -0.069599715483986371 -0.10303933308889655 0.40106289632483855
      vertex -0.011912766995258142 -0.12537872183140003 0.43995510048266107
      vertex -0.01241973073831718 -0.075549816121686195 0.47935211434152875
    endloop
  endfacet
  facet normal 0.36854393821754539 -0.58338185088039973 0.72376859676726868
    outer loop
      vertex -0.011912766995258142 -0.12537872183140003 0.43995510048266107
      vertex 0.049416474443523997 -0.12358991136936603 0.41016801009794213
      vertex 0.058437299211660548 -0.058437299211660403 0.45808979247307413
    endloop
  endfacet
  facet normal 0.35942327534973739 -0.57651183372225911 0.73379085216093087
    outer loop
      vertex -0.011912766995258142 -0.12537872183140003 0.43995510048266107
      vertex 0.058437299211660548 -0.058437299211660403 0.45808979247307413
      vertex -0.01241973073831718 -0.075549816121686195 0.47935211434152875
    endloop
  endfacet
  facet normal 0.55406412617005352 -0.55406412617005418 0.62130981658334472
    outer loop
      vertex 0.049416474443523997 -0.12358991136936603 0.41016801009794213
      vertex 0.12162905886728752 -0.12162905886728792 0.34751977338864803
      vertex 0.12358991136936603 -0.04941647444352372 0.41016801009794246
    endloop
  endfacet
  facet normal 0.54457372531158088 -0.54457372531158177 0.63787061023418579
    outer loop
      vertex 0.049416474443523997 -0.12358991136936603 0.41016801009794213
      vertex 0.12358991136936603 -0.04941647444352372 0.41016801009794246
      vertex 0.058437299211660548 -0.058437299211660403 0.45808979247307413
    endloop
  endfacet
  facet normal 0.33856870416028334 -0.61463454275756557 0.7124574453344038
    outer loop
      vertex 0.12162905886728752 -0.12162905886728792 0.34751977338864803
      vertex 0.19610978651943481 -0.12134046071815491 0.31237457107706751
      vertex 0.19862038712596977 -0.049237080424905356 0.37338483585631432
    endloop
  endfacet
  facet normal 0.34655035873819828 -0.62005538263277249 0.7038708484704792
    outer loop
      vertex 0.12162905886728752 -0.12162905886728792 0.34751977338864803
      vertex 0.19862038712596977 -0.049237080424905356 0.37338483585631432
      vertex 0.12358991136936603 -0.04941647444352372 0.41016801009794246
    endloop
  endfacet
  facet normal 0.43114828914272474 -0.59152145989865645 0.68133216220039372
    outer loop
      vertex 0.19610978651943481 -0.12134046071815491 0.31237457107706751
      vertex 0.26624353429543612 -0.08903457304704937 0.29604124624132772
      vertex 0.19862038712596977 -0.049237080424905356 0.37338483585631432
    endloop
  endfacet
  facet normal 0.25193742288038579 -0.52654763160677787 0.81195758916441119
    outer loop
      vertex 0.55100805314338175 -0.090295943929216277 0.1267153800796022
      vertex 0.60671246667864887 -0.12968592227154516 0.083887125675180862
      vertex 0.62554874484176648 -0.047490194544127062 0.13134576501821543
    endloop
  endfacet
  facet normal 0.31353245956946252 -0.55628260980253341 0.7695758928316333
    outer loop
      vertex 0.60671246667864887 -0.12968592227154516 0.083887125675180862
      vertex 0.7313003006435792 -0.1034167517475251 0.052117358058050289
      vertex 0.69668576193470988 -0.047294980714377953 0.10678688072268241
    endloop
  endfacet
  facet normal 0.27856925183664449 -0.52731090736704977 0.80270939878819825
    outer loop
      vertex 0.60671246667864887 -0.12968592227154516 0.083887125675180862
      vertex 0.69668576193470988 -0.047294980714377953 0.10678688072268241
      vertex 0.62554874484176648 -0.047490194544127062 0.13134576501821543
    endloop
  endfacet
  facet normal 0.1304647937841675 -0.49728087466764781 0.85772412189038616
    outer loop
      vertex 0.7313003006435792 -0.1034167517475251 0.052117358058050289
      vertex 0.87306681076583437 -0.11791546063566093 0.022147967562897636
      vertex 0.87330321568793157 -0.071105932776888009 0.049250668587260432
    endloop
  endfacet
  facet normal 0.10425214779836968 -0.49873405212483418 0.86046257032515383
    outer loop
      vertex 0.87306681076583437 -0.11791546063566093 0.022147967562897636
      vertex 0.97545959189135989 -0.092641568558143636 0.024391276364432279
      vertex 0.87330321568793157 -0.071105932776888009 0.049250668587260432
    endloop
  endfacet
  facet normal -0.086251998344867117 -0.65744392728933543 0.74855064975717722
    outer loop
      vertex -0.93744513275722996 -0.091430565982381112 0.027598698442633296
      vertex -0.83817775950497109 -0.09174452154752448 0.038761070870499625
      vertex -0.79102506410685458 -0.042382369696630701 0.08754849920228347
    endloop
  endfacet
  facet normal -0.1184516817009147 -0.60693776488663653 0.78587260332488951
    outer loop
      vertex -0.93744513275722996 -0.091430565982381112 0.027598698442633296
      vertex -0.79102506410685458 -0.042382369696630701 0.08754849920228347
      vertex -0.93842102084931489 -0.0088288163171550086 0.09124581569835491
    endloop
  endfacet
  facet normal -0.17242321862438229 -0.61267748775879582 0.77129535825958329
    outer loop
      vertex -0.79102506410685458 -0.042382369696630701 0.08754849920228347
      vertex -0.69450876622048996 -0.091317269888577857 0.070253359488032241
      vertex -0.67036733260177472 -0.0069375962045142466 0.14267706796652257
    endloop
  endfacet
  facet normal -0.31749447000725878 -0.56366422796700333 0.76254829330683838
    outer loop
      vertex -0.69450876622048996 -0.091317269888577857 0.070253359488032241
      vertex -0.6265795893965137 -0.047644937712530019 0.13081827032536408
      vertex -0.67036733260177472 -0.0069375962045142466 0.14267706796652257
    endloop
  endfacet
  facet normal -0.30030462060444402 -0.60238227695597046 0.73956252423507873
    outer loop
      vertex -0.6265795893965137 -0.047644937712530019 0.13081827032536408
      vertex -0.5510921375769714 -0.09060903860708025 0.12647572694340592
      vertex -0.55600430860008743 -0.010021292223842532 0.19012076162702168
    endloop
  endfacet
  facet normal -0.3730580137633302 -0.59425195190772617 0.71252532307337424
    outer loop
      vertex -0.5510921375769714 -0.09060903860708025 0.12647572694340592
      vertex -0.47961770032395856 -0.090202509745322498 0.16423675984257829
      vertex -0.48495686194463511 -0.01034583102736889 0.22804245025024317
    endloop
  endfacet
  facet normal -0.38340105189993179 -0.58670038590226092 0.71329257011703384
    outer loop
      vertex -0.5510921375769714 -0.09060903860708025 0.12647572694340592
      vertex -0.48495686194463511 -0.01034583102736889 0.22804245025024317
      vertex -0.55600430860008743 -0.010021292223842532 0.19012076162702168
    endloop
  endfacet
  facet normal -0.44322713410611636 -0.5774568042265138 0.68563353684353878
    outer loop
      vertex -0.47961770032395856 -0.090202509745322498 0.16423675984257829
      vertex -0.41237181098651188 -0.048611781156630049 0.2427364964154326
      vertex -0.48495686194463511 -0.01034583102736889 0.22804245025024317
    endloop
  endfacet
  facet normal -0.47731253943419988 -0.59220721071892723 0.64920209432147047
    outer loop
      vertex -0.1246659825455322 -0.049481100268469705 0.40943278907293701
      vertex -0.069599715483986371 -0.10303933308889655 0.40106289632483855
      vertex -0.075549816121686458 -0.01241973073831718 0.47935211434152841
    endloop
  endfacet
  facet normal -0.51315433811089506 -0.62074055234347691 0.59275103707567167
    outer loop
      vertex -0.069599715483986371 -0.10303933308889655 0.40106289632483855
      vertex -0.01241973073831718 -0.075549816121686195 0.47935211434152875
      vertex -0.011786457516594961 -0.038676468825406804 0.51851484441941476
    endloop
  endfacet
  facet normal -0.58972810975656187 -0.54979319067805466 0.5915642011202138
    outer loop
      vertex -0.069599715483986371 -0.10303933308889655 0.40106289632483855
      vertex -0.011786457516594961 -0.038676468825406804 0.51851484441941476
      vertex -0.075549816121686458 -0.01241973073831718 0.47935211434152841
    endloop
  endfacet
  facet normal 0.35566322547257528 -0.69163265600137547 0.6286079375882293
    outer loop
      vertex -0.01241973073831718 -0.075549816121686195 0.47935211434152875
      vertex 0.058437299211660548 -0.058437299211660403 0.45808979247307413
      vertex 0.018428378790058663 -0.008645136441420221 0.53551100299163479
    endloop
  endfacet
  facet normal 0.3239682701320758 -0.69141006095788216 0.6457528068493763
    outer loop
      vertex -0.01241973073831718 -0.075549816121686195 0.47935211434152875
      vertex 0.018428378790058663 -0.008645136441420221 0.53551100299163479
      vertex -0.011786457516594961 -0.038676468825406804 0.51851484441941476
    endloop
  endfacet
  facet normal 0.37418268463255411 -0.64987437208695364 0.66155167524975877
    outer loop
      vertex 0.19862038712596977 -0.049237080424905356 0.37338483585631432
      vertex 0.26624353429543612 -0.08903457304704937 0.29604124624132772
      vertex 0.26756681529916471 -0.035819339010096859 0.34756869185448702
    endloop
  endfacet
  facet normal 0.41039422918802909 -0.62375741854546352 0.66520918473714929
    outer loop
      vertex 0.26624353429543612 -0.08903457304704937 0.29604124624132772
      vertex 0.33725596468738989 -0.089230439402865319 0.25204716829196511
      vertex 0.37202338816060088 -0.035791740902189687 0.28070647593156373
    endloop
  endfacet
  facet normal 0.4151927637489311 -0.63813846985459455 0.64837817839757761
    outer loop
      vertex 0.26624353429543612 -0.08903457304704937 0.29604124624132772
      vertex 0.37202338816060088 -0.035791740902189687 0.28070647593156373
      vertex 0.26756681529916471 -0.035819339010096859 0.34756869185448702
    endloop
  endfacet
  facet normal 0.41565113949655497 -0.62486308641562971 0.66089352657621681
    outer loop
      vertex 0.33725596468738989 -0.089230439402865319 0.25204716829196511
      vertex 0.40835361460508962 -0.089511600625272997 0.20706638806396449
      vertex 0.37202338816060088 -0.035791740902189687 0.28070647593156373
    endloop
  endfacet
  facet normal 0.39958896051466863 -0.62180724697328105 0.67356099222439814
    outer loop
      vertex 0.40835361460508962 -0.089511600625272997 0.20706638806396449
      vertex 0.47959054000675405 -0.089875883405254431 0.16446890546732784
      vertex 0.51414347118373638 -0.035391270931205185 0.19426866712939034
    endloop
  endfacet
  facet normal 0.40366556149183375 -0.6328003524005037 0.66077063226756738
    outer loop
      vertex 0.40835361460508962 -0.089511600625272997 0.20706638806396449
      vertex 0.51414347118373638 -0.035391270931205185 0.19426866712939034
      vertex 0.37202338816060088 -0.035791740902189687 0.28070647593156373
    endloop
  endfacet
  facet normal 0.36591494973649719 -0.6143814432130521 0.69902910654334272
    outer loop
      vertex 0.47959054000675405 -0.089875883405254431 0.16446890546732784
      vertex 0.55100805314338175 -0.090295943929216277 0.1267153800796022
      vertex 0.51414347118373638 -0.035391270931205185 0.19426866712939034
    endloop
  endfacet
  facet normal 0.3241151668173276 -0.63978622818148989 0.69686651581797099
    outer loop
      vertex 0.55100805314338175 -0.090295943929216277 0.1267153800796022
      vertex 0.62554874484176648 -0.047490194544127062 0.13134576501821543
      vertex 0.51414347118373638 -0.035391270931205185 0.19426866712939034
    endloop
  endfacet
  facet normal 0.17795411976303147 -0.62812832466590862 0.75748738538127713
    outer loop
      vertex 0.69668576193470988 -0.047294980714377953 0.10678688072268241
      vertex 0.7313003006435792 -0.1034167517475251 0.052117358058050289
      vertex 0.80152445727058574 -0.035377081433397517 0.092040090410024561
    endloop
  endfacet
  facet normal 0.15539454386058343 -0.61430711003783611 0.77361444550584946
    outer loop
      vertex 0.7313003006435792 -0.1034167517475251 0.052117358058050289
      vertex 0.87330321568793157 -0.071105932776888009 0.049250668587260432
      vertex 0.80152445727058574 -0.035377081433397517 0.092040090410024561
    endloop
  endfacet
  facet normal 0.091700405518676628 -0.68328849735474151 0.72436721696278439
    outer loop
      vertex 0.87330321568793157 -0.071105932776888009 0.049250668587260432
      vertex 0.93818934000759246 -0.035474224052385372 0.074647528590167253
      vertex 0.80152445727058574 -0.035377081433397517 0.092040090410024561
    endloop
  endfacet
  facet normal 0.051557930854677733 -0.64020110321713064 0.76647526196580751
    outer loop
      vertex 0.87330321568793157 -0.071105932776888009 0.049250668587260432
      vertex 0.97545959189135989 -0.092641568558143636 0.024391276364432279
      vertex 0.93818934000759246 -0.035474224052385372 0.074647528590167253
    endloop
  endfacet
  facet normal -0.081588016441834721 -0.45605652311834538 0.88620304856973542
    outer loop
      vertex -0.93842102084931489 -0.0088288163171550086 0.09124581569835491
      vertex -0.79102506410685458 -0.042382369696630701 0.08754849920228347
      vertex -0.80150476884044553 -3.2875247835044072e-05 0.10837752354587904
    endloop
  endfacet
  facet normal -0.24590011746236645 -0.47611019074059052 0.84430576126481149
    outer loop
      vertex -0.79102506410685458 -0.042382369696630701 0.08754849920228347
      vertex -0.67036733260177472 -0.0069375962045142466 0.14267706796652257
      vertex -0.80150476884044553 -3.2875247835044072e-05 0.10837752354587904
    endloop
  endfacet
  facet normal -0.32754077870843296 -0.57151161665697547 0.75239053044891768
    outer loop
      vertex -0.6265795893965137 -0.047644937712530019 0.13081827032536408
      vertex -0.55600430860008743 -0.010021292223842532 0.19012076162702168
      vertex -0.67036733260177472 -0.0069375962045142466 0.14267706796652257
    endloop
  endfacet
  facet normal -0.40930420203803397 -0.47794997522891608 0.77719617303013455
    outer loop
      vertex -0.48495686194463511 -0.01034583102736889 0.22804245025024317
      vertex -0.41237181098651188 -0.048611781156630049 0.2427364964154326
      vertex -0.41005530456999606 2.9681837025685036e-05 0.27386935924066658
    endloop
  endfacet
  facet normal -0.49804187918346143 -0.3865653565278519 0.77622259160108276
    outer loop
      vertex -0.41237181098651188 -0.048611781156630049 0.2427364964154326
      vertex -0.34099881577843988 -0.048956909969474091 0.28835913893701864
      vertex -0.34266314104454687 0.011085988802199402 0.31719313723816012
    endloop
  endfacet
  facet normal -0.41933882323945942 -0.47514396901364137 0.77355876314221206
    outer loop
      vertex -0.41237181098651188 -0.048611781156630049 0.2427364964154326
      vertex -0.34266314104454687 0.011085988802199402 0.31719313723816012
      vertex -0.41005530456999606 2.9681837025685036e-05 0.27386935924066658
    endloop
  endfacet
  facet normal -0.47204400254976792 -0.46851047807098922 0.74677465918072494
    outer loop
      vertex -0.34099881577843988 -0.048956909969474091 0.28835913893701864
      vertex -0.26959869065171216 -0.049262619541403999 0.33330010244868635
      vertex -0.2676440670368318 3.330473427792986e-05 0.36546285075397511
    endloop
  endfacet
  facet normal -0.53987731950502571 -0.37650000407673173 0.75284807684837007
    outer loop
      vertex -0.34099881577843988 -0.048956909969474091 0.28835913893701864
      vertex -0.2676440670368318 3.330473427792986e-05 0.36546285075397511
      vertex -0.34266314104454687 0.011085988802199402 0.31719313723816012
    endloop
  endfacet
  facet normal -0.4486958361100058 -0.40503890355553851 0.79662760011442613
    outer loop
      vertex -0.26959869065171216 -0.049262619541403999 0.33330010244868635
      vertex -0.19819716464118514 -0.049444042665734426 0.37342435120039175
      vertex -0.19989154288476485 0.011368599679690509 0.40338970202653385
    endloop
  endfacet
  facet normal -0.3577033530046464 -0.50028172846527863 0.78852172031785328
    outer loop
      vertex -0.26959869065171216 -0.049262619541403999 0.33330010244868635
      vertex -0.19989154288476485 0.011368599679690509 0.40338970202653385
      vertex -0.2676440670368318 3.330473427792986e-05 0.36546285075397511
    endloop
  endfacet
  facet normal -0.37938585958833132 -0.50662888922306493 0.77420510082860228
    outer loop
      vertex -0.19819716464118514 -0.049444042665734426 0.37342435120039175
      vertex -0.1246659825455322 -0.049481100268469705 0.40943278907293701
      vertex -0.12190158971023754 -0.0002502972962603598 0.44300337463173972
    endloop
  endfacet
  facet normal -0.46152492316241744 -0.40242613218466133 0.79059974287550727
    outer loop
      vertex -0.19819716464118514 -0.049444042665734426 0.37342435120039175
      vertex -0.12190158971023754 -0.0002502972962603598 0.44300337463173972
      vertex -0.19989154288476485 0.011368599679690509 0.40338970202653385
    endloop
  endfacet
  facet normal -0.62642425366583077 -0.41483239310860781 0.65992934473850495
    outer loop
      vertex -0.1246659825455322 -0.049481100268469705 0.40943278907293701
      vertex -0.075549816121686458 -0.01241973073831718 0.47935211434152841
      vertex -0.12190158971023754 -0.0002502972962603598 0.44300337463173972
    endloop
  endfacet
  facet normal -0.58610268955413958 -0.30179214675560562 0.75193426405108499
    outer loop
      vertex -0.075549816121686458 -0.01241973073831718 0.47935211434152841
      vertex -0.011786457516594961 -0.038676468825406804 0.51851484441941476
      vertex -0.038786964063006225 0.012666221955172106 0.51807564560765107
    endloop
  endfacet
  facet normal -0.34577165975358837 -0.17394968656109472 0.92205393869152019
    outer loop
      vertex -0.011786457516594961 -0.038676468825406804 0.51851484441941476
      vertex 0.018428378790058663 -0.008645136441420221 0.53551100299163479
      vertex -0.038786964063006225 0.012666221955172106 0.51807564560765107
    endloop
  endfacet
  facet normal 0.71887302752424631 -0.3532635752327003 0.59868724448741562
    outer loop
      vertex 0.018428378790058663 -0.008645136441420221 0.53551100299163479
      vertex 0.058437299211660548 -0.058437299211660403 0.45808979247307413
      vertex 0.075549816121686306 0.012419730738317133 0.47935211434152858
    endloop
  endfacet
  facet normal 0.57098720060218155 -0.43915541059549085 0.69362536148355314
    outer loop
      vertex 0.058437299211660548 -0.058437299211660403 0.45808979247307413
      vertex 0.12358991136936603 -0.04941647444352372 0.41016801009794246
      vertex 0.12190158971023657 0.00025029729626032608 0.44300337463174028
    endloop
  endfacet
  facet normal 0.51612164941098537 -0.35812076941368914 0.7780539554065844
    outer loop
      vertex 0.058437299211660548 -0.058437299211660403 0.45808979247307413
      vertex 0.12190158971023657 0.00025029729626032608 0.44300337463174028
      vertex 0.075549816121686306 0.012419730738317133 0.47935211434152858
    endloop
  endfacet
  facet normal 0.38318078124171101 -0.4960121939898936 0.77919470756693687
    outer loop
      vertex 0.12358991136936603 -0.04941647444352372 0.41016801009794246
      vertex 0.19862038712596977 -0.049237080424905356 0.37338483585631432
      vertex 0.19641576226558966 5.1213569866816746e-05 0.40584445663285618
    endloop
  endfacet
  facet normal 0.3854858093765009 -0.49971232826581669 0.77568568360419055
    outer loop
      vertex 0.12358991136936603 -0.04941647444352372 0.41016801009794246
      vertex 0.19641576226558966 5.1213569866816746e-05 0.40584445663285618
      vertex 0.12190158971023657 0.00025029729626032608 0.44300337463174028
    endloop
  endfacet
  facet normal 0.3857824132138673 -0.31141334704704821 0.86844323760153708
    outer loop
      vertex 0.19862038712596977 -0.049237080424905356 0.37338483585631432
      vertex 0.26756681529916471 -0.035819339010096859 0.34756869185448702
      vertex 0.27138990894916237 0.011122656438757265 0.36270322345825179
    endloop
  endfacet
  facet normal 0.49240157652120931 -0.46324048528204526 0.73685069059822617
    outer loop
      vertex 0.19862038712596977 -0.049237080424905356 0.37338483585631432
      vertex 0.27138990894916237 0.011122656438757265 0.36270322345825179
      vertex 0.19641576226558966 5.1213569866816746e-05 0.40584445663285618
    endloop
  endfacet
  facet normal 0.51356155401675907 -0.30453103200922338 0.80219410417883819
    outer loop
      vertex 0.26756681529916471 -0.035819339010096859 0.34756869185448702
      vertex 0.37202338816060088 -0.035791740902189687 0.28070647593156373
      vertex 0.34268553618429726 0.010934670753712478 0.31722685804795059
    endloop
  endfacet
  facet normal 0.5122591281062121 -0.30104628373828346 0.80433930695896771
    outer loop
      vertex 0.26756681529916471 -0.035819339010096859 0.34756869185448702
      vertex 0.34268553618429726 0.010934670753712478 0.31722685804795059
      vertex 0.27138990894916237 0.011122656438757265 0.36270322345825179
    endloop
  endfacet
  facet normal 0.51688851146201287 -0.3016286054939179 0.80115320074651086
    outer loop
      vertex 0.37202338816060088 -0.035791740902189687 0.28070647593156373
      vertex 0.41385370292777413 0.010664628285443014 0.27120886764325469
      vertex 0.34268553618429726 0.010934670753712478 0.31722685804795059
    endloop
  endfacet
  facet normal 0.49849936441513587 -0.28614901532499515 0.81830136545544241
    outer loop
      vertex 0.37202338816060088 -0.035791740902189687 0.28070647593156373
      vertex 0.51414347118373638 -0.035391270931205185 0.19426866712939034
      vertex 0.4849568619446355 0.010345831027368963 0.22804245025024289
    endloop
  endfacet
  facet normal 0.4972909253290107 -0.27988449805061777 0.82119815107948824
    outer loop
      vertex 0.37202338816060088 -0.035791740902189687 0.28070647593156373
      vertex 0.4849568619446355 0.010345831027368963 0.22804245025024289
      vertex 0.41385370292777413 0.010664628285443014 0.27120886764325469
    endloop
  endfacet
  facet normal 0.44294515157311393 -0.33224359067988385 0.83271471054017587
    outer loop
      vertex 0.51414347118373638 -0.035391270931205185 0.19426866712939034
      vertex 0.55600430860008632 0.010021292223842695 0.19012076162702218
      vertex 0.4849568619446355 0.010345831027368963 0.22804245025024289
    endloop
  endfacet
  facet normal 0.38261417144699705 -0.50400257970149964 0.77433054664152401
    outer loop
      vertex 0.51414347118373638 -0.035391270931205185 0.19426866712939034
      vertex 0.62554874484176648 -0.047490194544127062 0.13134576501821543
      vertex 0.65751947316621884 -2.877659933415988e-05 0.14644038243030669
    endloop
  endfacet
  facet normal 0.36148417382627601 -0.25119959989612684 0.89790197298210694
    outer loop
      vertex 0.51414347118373638 -0.035391270931205185 0.19426866712939034
      vertex 0.65751947316621884 -2.877659933415988e-05 0.14644038243030669
      vertex 0.55600430860008632 0.010021292223842695 0.19012076162702218
    endloop
  endfacet
  facet normal 0.2905226921145278 -0.46217052443448858 0.83785140192666452
    outer loop
      vertex 0.62554874484176648 -0.047490194544127062 0.13134576501821543
      vertex 0.69668576193470988 -0.047294980714377953 0.10678688072268241
      vertex 0.65751947316621884 -2.877659933415988e-05 0.14644038243030669
    endloop
  endfacet
  facet normal 0.17270839720496042 -0.41256471130072264 0.89440604231201659
    outer loop
      vertex 0.69668576193470988 -0.047294980714377953 0.10678688072268241
      vertex 0.80152445727058574 -0.035377081433397517 0.092040090410024561
      vertex 0.80150476884044564 3.2875247835077032e-05 0.10837752354587904
    endloop
  endfacet
  facet normal 0.21944965171582576 -0.51389667189306754 0.82930818214885083
    outer loop
      vertex 0.69668576193470988 -0.047294980714377953 0.10678688072268241
      vertex 0.80150476884044564 3.2875247835077032e-05 0.10837752354587904
      vertex 0.65751947316621884 -2.877659933415988e-05 0.14644038243030669
    endloop
  endfacet
  facet normal 0.11806744324072621 -0.34892637283350558 0.92968299177077085
    outer loop
      vertex 0.80152445727058574 -0.035377081433397517 0.092040090410024561
      vertex 0.93818934000759246 -0.035474224052385372 0.074647528590167253
      vertex 0.93842102084931556 0.0088288163171550693 0.091245815698354799
    endloop
  endfacet
  facet normal 0.13916188230503607 -0.41479906362025332 0.89920837814884713
    outer loop
      vertex 0.80152445727058574 -0.035377081433397517 0.092040090410024561
      vertex 0.93842102084931556 0.0088288163171550693 0.091245815698354799
      vertex 0.80150476884044564 3.2875247835077032e-05 0.10837752354587904
    endloop
  endfacet
  facet normal -0.1391532164097786 0.49027707658889685 0.86038640768799812
    outer loop
      vertex -0.93842102084931489 -0.0088288163171550086 0.09124581569835491
      vertex -0.80150476884044553 -3.2875247835044072e-05 0.10837752354587904
      vertex -0.83919935762355413 0.047094295440323383 0.075426404734631386
    endloop
  endfacet
  facet normal -0.083047881462103929 0.40492775141783549 0.91056936337456018
    outer loop
      vertex -0.93842102084931489 -0.0088288163171550086 0.09124581569835491
      vertex -0.83919935762355413 0.047094295440323383 0.075426404734631386
      vertex -0.94895846327516775 0.041511341455950757 0.067898622153656399
    endloop
  endfacet
  facet normal -0.21148620244222668 0.44078248863164304 0.87234418889120879
    outer loop
      vertex -0.80150476884044553 -3.2875247835044072e-05 0.10837752354587904
      vertex -0.72950079313120131 0.03532893439385805 0.10796596687195903
      vertex -0.83919935762355413 0.047094295440323383 0.075426404734631386
    endloop
  endfacet
  facet normal -0.20692827436660291 0.43156773174633994 0.87802618536293053
    outer loop
      vertex -0.80150476884044553 -3.2875247835044072e-05 0.10837752354587904
      vertex -0.67036733260177472 -0.0069375962045142466 0.14267706796652257
      vertex -0.72950079313120131 0.03532893439385805 0.10796596687195903
    endloop
  endfacet
  facet normal -0.24519212978348126 0.38696302414787476 0.88889844045007282
    outer loop
      vertex -0.67036733260177472 -0.0069375962045142466 0.14267706796652257
      vertex -0.6255487448417667 0.047490194544127576 0.13134576501821499
      vertex -0.72950079313120131 0.03532893439385805 0.10796596687195903
    endloop
  endfacet
  facet normal -0.33963861993860195 0.41207404754078369 0.84548245823881973
    outer loop
      vertex -0.67036733260177472 -0.0069375962045142466 0.14267706796652257
      vertex -0.55600430860008743 -0.010021292223842532 0.19012076162702168
      vertex -0.55444320043244144 0.047755416864661601 0.16258846983643688
    endloop
  endfacet
  facet normal -0.35790096715762282 0.46347545517194849 0.81061544530115703
    outer loop
      vertex -0.67036733260177472 -0.0069375962045142466 0.14267706796652257
      vertex -0.55444320043244144 0.047755416864661601 0.16258846983643688
      vertex -0.6255487448417667 0.047490194544127576 0.13134576501821499
    endloop
  endfacet
  facet normal -0.43063548306084409 0.39763046544885072 0.81021175853963268
    outer loop
      vertex -0.55600430860008743 -0.010021292223842532 0.19012076162702168
      vertex -0.48495686194463511 -0.01034583102736889 0.22804245025024317
      vertex -0.48333776578970405 0.048076134635734777 0.20023106278671038
    endloop
  endfacet
  facet normal -0.43068197129715158 0.39769874398333005 0.81015353398826895
    outer loop
      vertex -0.55600430860008743 -0.010021292223842532 0.19012076162702168
      vertex -0.48333776578970405 0.048076134635734777 0.20023106278671038
      vertex -0.55444320043244144 0.047755416864661601 0.16258846983643688
    endloop
  endfacet
  facet normal -0.51126967034244986 0.44591952016959002 0.73468299675414117
    outer loop
      vertex -0.48495686194463511 -0.01034583102736889 0.22804245025024317
      vertex -0.41005530456999606 2.9681837025685036e-05 0.27386935924066658
      vertex -0.41222741755920128 0.048422772586017529 0.2429853461377412
    endloop
  endfacet
  facet normal -0.47614869573556068 0.38869647961187276 0.78879494565232944
    outer loop
      vertex -0.48495686194463511 -0.01034583102736889 0.22804245025024317
      vertex -0.41222741755920128 0.048422772586017529 0.2429853461377412
      vertex -0.48333776578970405 0.048076134635734777 0.20023106278671038
    endloop
  endfacet
  facet normal -0.53603873103934219 0.43692391153506216 0.72232954692067852
    outer loop
      vertex -0.41005530456999606 2.9681837025685036e-05 0.27386935924066658
      vertex -0.34266314104454687 0.011085988802199402 0.31719313723816012
      vertex -0.41222741755920128 0.048422772586017529 0.2429853461377412
    endloop
  endfacet
  facet normal -0.4220645986861809 0.48373412613013828 0.76672209421209747
    outer loop
      vertex -0.34266314104454687 0.011085988802199402 0.31719313723816012
      vertex -0.2676440670368318 3.330473427792986e-05 0.36546285075397511
      vertex -0.2699569576442683 0.049070488254719373 0.33325150775158507
    endloop
  endfacet
  facet normal -0.49079602500436947 0.46205969281032372 0.73866101976477638
    outer loop
      vertex -0.2676440670368318 3.330473427792986e-05 0.36546285075397511
      vertex -0.19989154288476485 0.011368599679690509 0.40338970202653385
      vertex -0.2699569576442683 0.049070488254719373 0.33325150775158507
    endloop
  endfacet
  facet normal -0.32655325326851986 0.51350625446866938 0.79352019470288482
    outer loop
      vertex -0.19989154288476485 0.011368599679690509 0.40338970202653385
      vertex -0.12190158971023754 -0.0002502972962603598 0.44300337463173972
      vertex -0.12358991136936603 0.049416474443523734 0.41016801009794246
    endloop
  endfacet
  facet normal -0.51612164941098382 0.35812076941368848 0.77805395540658562
    outer loop
      vertex -0.12190158971023754 -0.0002502972962603598 0.44300337463173972
      vertex -0.075549816121686458 -0.01241973073831718 0.47935211434152841
      vertex -0.058437299211660403 0.058437299211660312 0.45808979247307424
    endloop
  endfacet
  facet normal -0.57098720060218044 0.43915541059549346 0.69362536148355236
    outer loop
      vertex -0.12190158971023754 -0.0002502972962603598 0.44300337463173972
      vertex -0.058437299211660403 0.058437299211660312 0.45808979247307424
      vertex -0.12358991136936603 0.049416474443523734 0.41016801009794246
    endloop
  endfacet
  facet normal -0.78207551912321849 0.34467256940340896 0.5191904296970431
    outer loop
      vertex -0.075549816121686458 -0.01241973073831718 0.47935211434152841
      vertex -0.038786964063006225 0.012666221955172106 0.51807564560765107
      vertex -0.058437299211660403 0.058437299211660312 0.45808979247307424
    endloop
  endfacet
  facet normal -0.16864921046442619 0.31212845908210035 0.934950944617288
    outer loop
      vertex -0.038786964063006225 0.012666221955172106 0.51807564560765107
      vertex 0.018428378790058663 -0.008645136441420221 0.53551100299163479
      vertex 0.011786457516595033 0.038676468825406832 0.51851484441941442
    endloop
  endfacet
  facet normal 0.590272462858493 0.34495935223113622 0.72978179266082266
    outer loop
      vertex 0.018428378790058663 -0.008645136441420221 0.53551100299163479
      vertex 0.075549816121686306 0.012419730738317133 0.47935211434152858
      vertex 0.011786457516595033 0.038676468825406832 0.51851484441941442
    endloop
  endfacet
  facet normal 0.62642425366583387 0.41483239310860731 0.65992934473850218
    outer loop
      vertex 0.075549816121686306 0.012419730738317133 0.47935211434152858
      vertex 0.12190158971023657 0.00025029729626032608 0.44300337463174028
      vertex 0.12466598254553121 0.049481100268470038 0.40943278907293723
    endloop
  endfacet
  facet normal 0.3886284164111623 0.49575831023312589 0.77665413910733005
    outer loop
      vertex 0.12190158971023657 0.00025029729626032608 0.44300337463174028
      vertex 0.19641576226558966 5.1213569866816746e-05 0.40584445663285618
      vertex 0.19819716464118498 0.049444042665735016 0.3734243512003913
    endloop
  endfacet
  facet normal 0.37938585958833193 0.50662888922306593 0.77420510082860139
    outer loop
      vertex 0.12190158971023657 0.00025029729626032608 0.44300337463174028
      vertex 0.19819716464118498 0.049444042665735016 0.3734243512003913
      vertex 0.12466598254553121 0.049481100268470038 0.40943278907293723
    endloop
  endfacet
  facet normal 0.37566456745928978 0.49902979054400243 0.78092598939030966
    outer loop
      vertex 0.19641576226558966 5.1213569866816746e-05 0.40584445663285618
      vertex 0.27138990894916237 0.011122656438757265 0.36270322345825179
      vertex 0.19819716464118498 0.049444042665735016 0.3734243512003913
    endloop
  endfacet
  facet normal 0.38320160904616202 0.50263084507604561 0.77493145529302943
    outer loop
      vertex 0.55600430860008632 0.010021292223842695 0.19012076162702218
      vertex 0.65751947316621884 -2.877659933415988e-05 0.14644038243030669
      vertex 0.62657958939651515 0.04764493771253081 0.13081827032536286
    endloop
  endfacet
  facet normal 0.28933803265207353 0.46242120243068308 0.83812298286324827
    outer loop
      vertex 0.65751947316621884 -2.877659933415988e-05 0.14644038243030669
      vertex 0.69789795504892427 0.047436115991967079 0.1063128547256767
      vertex 0.62657958939651515 0.04764493771253081 0.13081827032536286
    endloop
  endfacet
  facet normal 0.22481064814329857 0.47427662160525946 0.85118849773718841
    outer loop
      vertex 0.65751947316621884 -2.877659933415988e-05 0.14644038243030669
      vertex 0.80150476884044564 3.2875247835077032e-05 0.10837752354587904
      vertex 0.79102506410685414 0.042382369696631034 0.087548499202283359
    endloop
  endfacet
  facet normal 0.19495882116563779 0.53120105103242932 0.82450985526659859
    outer loop
      vertex 0.65751947316621884 -2.877659933415988e-05 0.14644038243030669
      vertex 0.79102506410685414 0.042382369696631034 0.087548499202283359
      vertex 0.69789795504892427 0.047436115991967079 0.1063128547256767
    endloop
  endfacet
  facet normal 0.081588016441835012 0.4560565231183456 0.88620304856973542
    outer loop
      vertex 0.80150476884044564 3.2875247835077032e-05 0.10837752354587904
      vertex 0.93842102084931556 0.0088288163171550693 0.091245815698354799
      vertex 0.79102506410685414 0.042382369696631034 0.087548499202283359
    endloop
  endfacet
  facet normal -0.08492555289840728 0.64062751366496984 0.76314090389674349
    outer loop
      vertex -0.94895846327516775 0.041511341455950757 0.067898622153656399
      vertex -0.83919935762355413 0.047094295440323383 0.075426404734631386
      vertex -0.9098812637649939 0.091822241356039933 0.030013227999721309
    endloop
  endfacet
  facet normal -0.15878096922763635 0.6275681734213524 0.76219865620435179
    outer loop
      vertex -0.83919935762355413 0.047094295440323383 0.075426404734631386
      vertex -0.72950079313120131 0.03532893439385805 0.10796596687195903
      vertex -0.78948968966127875 0.10335859162975114 0.039455818711907648
    endloop
  endfacet
  facet normal -0.16900682378657317 0.62141134404774367 0.76503897613281835
    outer loop
      vertex -0.72950079313120131 0.03532893439385805 0.10796596687195903
      vertex -0.69437112528446987 0.091111756152009893 0.070416344491584792
      vertex -0.78948968966127875 0.10335859162975114 0.039455818711907648
    endloop
  endfacet
  facet normal -0.23900929472232438 0.64130890884247804 0.72910729009906861
    outer loop
      vertex -0.72950079313120131 0.03532893439385805 0.10796596687195903
      vertex -0.6255487448417667 0.047490194544127576 0.13134576501821499
      vertex -0.69437112528446987 0.091111756152009893 0.070416344491584792
    endloop
  endfacet
  facet normal -0.40990230149793216 0.60063327417384882 0.68645449461847097
    outer loop
      vertex -0.41222741755920128 0.048422772586017529 0.2429853461377412
      vertex -0.34266314104454687 0.011085988802199402 0.31719313723816012
      vertex -0.33725596468739105 0.089230439402866499 0.25204716829196366
    endloop
  endfacet
  facet normal -0.45507048741606165 0.588554841554215 0.668217067999614
    outer loop
      vertex -0.34266314104454687 0.011085988802199402 0.31719313723816012
      vertex -0.2699569576442683 0.049070488254719373 0.33325150775158507
      vertex -0.33725596468739105 0.089230439402866499 0.25204716829196366
    endloop
  endfacet
  facet normal -0.35299481434695351 0.63031484766460277 0.69144620460141992
    outer loop
      vertex -0.2699569576442683 0.049070488254719373 0.33325150775158507
      vertex -0.19989154288476485 0.011368599679690509 0.40338970202653385
      vertex -0.19522478424836107 0.088856555557805778 0.3351349814240811
    endloop
  endfacet
  facet normal -0.37293201143487387 0.62584609008543479 0.68500977100470095
    outer loop
      vertex -0.19989154288476485 0.011368599679690509 0.40338970202653385
      vertex -0.12358991136936603 0.049416474443523734 0.41016801009794246
      vertex -0.19522478424836107 0.088856555557805778 0.3351349814240811
    endloop
  endfacet
  facet normal -0.35681402699541714 0.68301531829584172 0.63731767989954868
    outer loop
      vertex -0.038786964063006225 0.012666221955172106 0.51807564560765107
      vertex 0.011786457516595033 0.038676468825406832 0.51851484441941442
      vertex 0.012419730738317133 0.075549816121685612 0.47935211434152941
    endloop
  endfacet
  facet normal -0.35629456828042799 0.68286823778748262 0.63776574887248483
    outer loop
      vertex -0.038786964063006225 0.012666221955172106 0.51807564560765107
      vertex 0.012419730738317133 0.075549816121685612 0.47935211434152941
      vertex -0.058437299211660403 0.058437299211660312 0.45808979247307424
    endloop
  endfacet
  facet normal 0.58975731484870519 0.54949662590755766 0.59181058430772826
    outer loop
      vertex 0.011786457516595033 0.038676468825406832 0.51851484441941442
      vertex 0.075549816121686306 0.012419730738317133 0.47935211434152858
      vertex 0.071428571428571397 0.071428571428571397 0.42866930222343902
    endloop
  endfacet
  facet normal 0.54143199452290303 0.6077313323000596 0.58095957092361039
    outer loop
      vertex 0.011786457516595033 0.038676468825406832 0.51851484441941442
      vertex 0.071428571428571397 0.071428571428571397 0.42866930222343902
      vertex 0.012419730738317133 0.075549816121685612 0.47935211434152941
    endloop
  endfacet
  facet normal 0.47835639017921666 0.59116548736605934 0.64938319236176623
    outer loop
      vertex 0.075549816121686306 0.012419730738317133 0.47935211434152858
      vertex 0.12466598254553121 0.049481100268470038 0.40943278907293723
      vertex 0.071428571428571397 0.071428571428571397 0.42866930222343902
    endloop
  endfacet
  facet normal 0.41675241608921837 0.60656865120113257 0.67704644970920413
    outer loop
      vertex 0.19819716464118498 0.049444042665735016 0.3734243512003913
      vertex 0.27138990894916237 0.011122656438757265 0.36270322345825179
      vertex 0.26610584180345331 0.0892701426521883 0.29594315466695748
    endloop
  endfacet
  facet normal 0.43379258470140597 0.59384307295578709 0.67762408322055745
    outer loop
      vertex 0.27138990894916237 0.011122656438757265 0.36270322345825179
      vertex 0.34268553618429726 0.010934670753712478 0.31722685804795059
      vertex 0.33716781409446644 0.089508898954419103 0.25189976106456791
    endloop
  endfacet
  facet normal 0.41742777122119484 0.60639315150139106 0.67678756018821506
    outer loop
      vertex 0.27138990894916237 0.011122656438757265 0.36270322345825179
      vertex 0.33716781409446644 0.089508898954419103 0.25189976106456791
      vertex 0.26610584180345331 0.0892701426521883 0.29594315466695748
    endloop
  endfacet
  facet normal 0.44229554938659466 0.58409290435039685 0.68059542026105968
    outer loop
      vertex 0.34268553618429726 0.010934670753712478 0.31722685804795059
      vertex 0.41385370292777413 0.010664628285443014 0.27120886764325469
      vertex 0.40832056874436529 0.089823224222390155 0.20687006623781157
    endloop
  endfacet
  facet normal 0.42775046396908506 0.5954420193617862 0.6800576020842577
    outer loop
      vertex 0.34268553618429726 0.010934670753712478 0.31722685804795059
      vertex 0.40832056874436529 0.089823224222390155 0.20687006623781157
      vertex 0.33716781409446644 0.089508898954419103 0.25189976106456791
    endloop
  endfacet
  facet normal 0.42370984622053298 0.58253876751792566 0.69362709762124219
    outer loop
      vertex 0.41385370292777413 0.010664628285443014 0.27120886764325469
      vertex 0.4849568619446355 0.010345831027368963 0.22804245025024289
      vertex 0.47961770032395906 0.090202509745321374 0.16423675984257879
    endloop
  endfacet
  facet normal 0.41127487636249149 0.5920524688065516 0.69305616673764914
    outer loop
      vertex 0.41385370292777413 0.010664628285443014 0.27120886764325469
      vertex 0.47961770032395906 0.090202509745321374 0.16423675984257879
      vertex 0.40832056874436529 0.089823224222390155 0.20687006623781157
    endloop
  endfacet
  facet normal 0.38340105189993184 0.58670038590225981 0.71329257011703484
    outer loop
      vertex 0.4849568619446355 0.010345831027368963 0.22804245025024289
      vertex 0.55600430860008632 0.010021292223842695 0.19012076162702218
      vertex 0.55109213757697184 0.090609038607081402 0.12647572694340498
    endloop
  endfacet
  facet normal 0.37305801376332637 0.59425195190772795 0.71252532307337491
    outer loop
      vertex 0.4849568619446355 0.010345831027368963 0.22804245025024289
      vertex 0.55109213757697184 0.090609038607081402 0.12647572694340498
      vertex 0.47961770032395906 0.090202509745321374 0.16423675984257879
    endloop
  endfacet
  facet normal 0.30030462060444557 0.60238227695597035 0.73956252423507829
    outer loop
      vertex 0.55600430860008632 0.010021292223842695 0.19012076162702218
      vertex 0.62657958939651515 0.04764493771253081 0.13081827032536286
      vertex 0.55109213757697184 0.090609038607081402 0.12647572694340498
    endloop
  endfacet
  facet normal 0.118451681700915 0.60693776488663664 0.7858726033248894
    outer loop
      vertex 0.79102506410685414 0.042382369696631034 0.087548499202283359
      vertex 0.93842102084931556 0.0088288163171550693 0.091245815698354799
      vertex 0.93744513275722952 0.091430565982381209 0.027598698442633296
    endloop
  endfacet
  facet normal 0.086251998344866049 0.65744392728933765 0.74855064975717533
    outer loop
      vertex 0.79102506410685414 0.042382369696631034 0.087548499202283359
      vertex 0.93744513275722952 0.091430565982381209 0.027598698442633296
      vertex 0.83817775950497164 0.091744521547524382 0.03876107087049957
    endloop
  endfacet
  facet normal 0.14996361467173375 0.51777328639906262 0.84227177215320603
    outer loop
      vertex -0.94895846327516775 0.041511341455950757 0.067898622153656399
      vertex -0.9098812637649939 0.091822241356039933 0.030013227999721309
      vertex -0.96611095240000544 0.14265130616137292 0.0087783663308412946
    endloop
  endfacet
  facet normal -0.11980890550162772 0.60774211834221037 0.78504480366118268
    outer loop
      vertex -0.9098812637649939 0.091822241356039933 0.030013227999721309
      vertex -0.83919935762355413 0.047094295440323383 0.075426404734631386
      vertex -0.78948968966127875 0.10335859162975114 0.039455818711907648
    endloop
  endfacet
  facet normal -0.32529071971387608 0.55558087905237719 0.76519006429737213
    outer loop
      vertex -0.69437112528446987 0.091111756152009893 0.070416344491584792
      vertex -0.6255487448417667 0.047490194544127576 0.13134576501821499
      vertex -0.60685280368350036 0.11874359350315683 0.087558722507682041
    endloop
  endfacet
  facet normal -0.3371336505215522 0.55207240567009497 0.76259882020866365
    outer loop
      vertex -0.6255487448417667 0.047490194544127576 0.13134576501821499
      vertex -0.55444320043244144 0.047755416864661601 0.16258846983643688
      vertex -0.53535725828359948 0.11926760751287978 0.11925586440888575
    endloop
  endfacet
  facet normal -0.3404070006521534 0.5555174606052945 0.75863260203450911
    outer loop
      vertex -0.6255487448417667 0.047490194544127576 0.13134576501821499
      vertex -0.53535725828359948 0.11926760751287978 0.11925586440888575
      vertex -0.60685280368350036 0.11874359350315683 0.087558722507682041
    endloop
  endfacet
  facet normal -0.39239131897868168 0.55097207802097103 0.73651803917583958
    outer loop
      vertex -0.55444320043244144 0.047755416864661601 0.16258846983643688
      vertex -0.48333776578970405 0.048076134635734777 0.20023106278671038
      vertex -0.46392506508466402 0.1199141368813201 0.15683313300986046
    endloop
  endfacet
  facet normal -0.39241722790242078 0.55100170985687724 0.73648206697799323
    outer loop
      vertex -0.55444320043244144 0.047755416864661601 0.16258846983643688
      vertex -0.46392506508466402 0.1199141368813201 0.15683313300986046
      vertex -0.53535725828359948 0.11926760751287978 0.11925586440888575
    endloop
  endfacet
  facet normal -0.4309151694421765 0.5541255125349297 0.71221979269220104
    outer loop
      vertex -0.48333776578970405 0.048076134635734777 0.20023106278671038
      vertex -0.41222741755920128 0.048422772586017529 0.2429853461377412
      vertex -0.39259378577173576 0.12058393909409813 0.19872104187180784
    endloop
  endfacet
  facet normal -0.42696671961500732 0.54931066030228914 0.71830162106141915
    outer loop
      vertex -0.48333776578970405 0.048076134635734777 0.20023106278671038
      vertex -0.39259378577173576 0.12058393909409813 0.19872104187180784
      vertex -0.46392506508466402 0.1199141368813201 0.15683313300986046
    endloop
  endfacet
  facet normal -0.39135560934025254 0.55619303524358432 0.73313715946229907
    outer loop
      vertex -0.41222741755920128 0.048422772586017529 0.2429853461377412
      vertex -0.33725596468739105 0.089230439402866499 0.25204716829196366
      vertex -0.39259378577173576 0.12058393909409813 0.19872104187180784
    endloop
  endfacet
  facet normal -0.48697282024740551 0.55222300915660283 0.67668842202177115
    outer loop
      vertex -0.33725596468739105 0.089230439402866499 0.25204716829196366
      vertex -0.2699569576442683 0.049070488254719373 0.33325150775158507
      vertex -0.26387412164885427 0.12906122908508888 0.27235117243463547
    endloop
  endfacet
  facet normal -0.33131376748023894 0.58736758134166167 0.73839725884302732
    outer loop
      vertex -0.2699569576442683 0.049070488254719373 0.33325150775158507
      vertex -0.19522478424836107 0.088856555557805778 0.3351349814240811
      vertex -0.26387412164885427 0.12906122908508888 0.27235117243463547
    endloop
  endfacet
  facet normal -0.38790802904336363 0.60998787546419098 0.69097189001461956
    outer loop
      vertex -0.19522478424836107 0.088856555557805778 0.3351349814240811
      vertex -0.12358991136936603 0.049416474443523734 0.41016801009794246
      vertex -0.12162905886728792 0.12162905886728782 0.34751977338864792
    endloop
  endfacet
  facet normal -0.54457372531158033 0.54457372531158166 0.63787061023418645
    outer loop
      vertex -0.12358991136936603 0.049416474443523734 0.41016801009794246
      vertex -0.058437299211660403 0.058437299211660312 0.45808979247307424
      vertex -0.049416474443523636 0.12358991136936609 0.41016801009794235
    endloop
  endfacet
  facet normal -0.55406412617005263 0.55406412617005385 0.62130981658334572
    outer loop
      vertex -0.12358991136936603 0.049416474443523734 0.41016801009794246
      vertex -0.049416474443523636 0.12358991136936609 0.41016801009794235
      vertex -0.12162905886728792 0.12162905886728782 0.34751977338864792
    endloop
  endfacet
  facet normal -0.35812076941369331 0.51612164941098782 0.77805395540658073
    outer loop
      vertex -0.058437299211660403 0.058437299211660312 0.45808979247307424
      vertex 0.012419730738317133 0.075549816121685612 0.47935211434152941
      vertex 0.0002502972962603354 0.12190158971023657 0.44300337463174028
    endloop
  endfacet
  facet normal -0.43915541059549201 0.57098720060218155 0.69362536148355247
    outer loop
      vertex -0.058437299211660403 0.058437299211660312 0.45808979247307424
      vertex 0.0002502972962603354 0.12190158971023657 0.44300337463174028
      vertex -0.049416474443523636 0.12358991136936609 0.41016801009794235
    endloop
  endfacet
  facet normal 0.41483239310860437 0.62642425366583576 0.6599293447385024
    outer loop
      vertex 0.012419730738317133 0.075549816121685612 0.47935211434152941
      vertex 0.049481100268469941 0.12466598254553168 0.40943278907293706
      vertex 0.0002502972962603354 0.12190158971023657 0.44300337463174028
    endloop
  endfacet
  facet normal 0.59116548736606145 0.478356390179216 0.64938319236176478
    outer loop
      vertex 0.012419730738317133 0.075549816121685612 0.47935211434152941
      vertex 0.071428571428571397 0.071428571428571397 0.42866930222343902
      vertex 0.049481100268469941 0.12466598254553168 0.40943278907293706
    endloop
  endfacet
  facet normal 0.47785934415013953 0.58394404477813477 0.65624675220266815
    outer loop
      vertex 0.071428571428571397 0.071428571428571397 0.42866930222343902
      vertex 0.12466598254553121 0.049481100268470038 0.40943278907293723
      vertex 0.12145347428273914 0.12145347428273845 0.34772930335399144
    endloop
  endfacet
  facet normal 0.583944044778135 0.4778593441501387 0.6562467522026687
    outer loop
      vertex 0.071428571428571397 0.071428571428571397 0.42866930222343902
      vertex 0.12145347428273914 0.12145347428273845 0.34772930335399144
      vertex 0.049481100268469941 0.12466598254553168 0.40943278907293706
    endloop
  endfacet
  facet normal 0.34776738633999016 0.61288357912683422 0.70952911387407747
    outer loop
      vertex 0.12466598254553121 0.049481100268470038 0.40943278907293723
      vertex 0.19819716464118498 0.049444042665735016 0.3734243512003913
      vertex 0.19617075879781909 0.12123579590498718 0.31240462985751816
    endloop
  endfacet
  facet normal 0.33630129211733395 0.62156635966298168 0.70750031904976596
    outer loop
      vertex 0.12466598254553121 0.049481100268470038 0.40943278907293723
      vertex 0.19617075879781909 0.12123579590498718 0.31240462985751816
      vertex 0.12145347428273914 0.12145347428273845 0.34772930335399144
    endloop
  endfacet
  facet normal 0.43078773318952251 0.59148298945297317 0.681593575469434
    outer loop
      vertex 0.19819716464118498 0.049444042665735016 0.3734243512003913
      vertex 0.26610584180345331 0.0892701426521883 0.29594315466695748
      vertex 0.19617075879781909 0.12123579590498718 0.31240462985751816
    endloop
  endfacet
  facet normal 0.24022782156195005 0.50581881433314302 0.82851549219927867
    outer loop
      vertex 0.55109213757697184 0.090609038607081402 0.12647572694340498
      vertex 0.62657958939651515 0.04764493771253081 0.13081827032536286
      vertex 0.58759635589093728 0.1313451749321301 0.091021431524183183
    endloop
  endfacet
  facet normal 0.27511807255182424 0.53903405448673136 0.79608563249123188
    outer loop
      vertex 0.62657958939651515 0.04764493771253081 0.13081827032536286
      vertex 0.69789795504892427 0.047436115991967079 0.1063128547256767
      vertex 0.72895418240577614 0.11824910115416709 0.047632308303489801
    endloop
  endfacet
  facet normal 0.29442265748448776 0.51875143121297596 0.80262833950357193
    outer loop
      vertex 0.62657958939651515 0.04764493771253081 0.13081827032536286
      vertex 0.72895418240577614 0.11824910115416709 0.047632308303489801
      vertex 0.58759635589093728 0.1313451749321301 0.091021431524183183
    endloop
  endfacet
  facet normal 0.19146680780426367 0.57511309307481639 0.79535236950873722
    outer loop
      vertex 0.69789795504892427 0.047436115991967079 0.1063128547256767
      vertex 0.79102506410685414 0.042382369696631034 0.087548499202283359
      vertex 0.72895418240577614 0.11824910115416709 0.047632308303489801
    endloop
  endfacet
  facet normal 0.20512050300398899 0.58188014369544805 0.78698226004170857
    outer loop
      vertex 0.79102506410685414 0.042382369696631034 0.087548499202283359
      vertex 0.83817775950497164 0.091744521547524382 0.03876107087049957
      vertex 0.72895418240577614 0.11824910115416709 0.047632308303489801
    endloop
  endfacet
  facet normal -0.13775002231208461 0.24819905000372303 0.95886503895504993
    outer loop
      vertex -0.9098812637649939 0.091822241356039933 0.030013227999721309
      vertex -0.83857511516632599 0.17117475771047919 0.019716893048474626
      vertex -0.96611095240000544 0.14265130616137292 0.0087783663308412946
    endloop
  endfacet
  facet normal -0.096668505351584291 0.21302046274138298 0.972253815897134
    outer loop
      vertex -0.9098812637649939 0.091822241356039933 0.030013227999721309
      vertex -0.78948968966127875 0.10335859162975114 0.039455818711907648
      vertex -0.83857511516632599 0.17117475771047919 0.019716893048474626
    endloop
  endfacet
  facet normal -0.26239319011331064 0.28929828941595498 0.92057390443307829
    outer loop
      vertex -0.78948968966127875 0.10335859162975114 0.039455818711907648
      vertex -0.69437112528446987 0.091111756152009893 0.070416344491584792
      vertex -0.67528255963932959 0.15684906537371451 0.055198683631473455
    endloop
  endfacet
  facet normal -0.27161551160216274 0.29121571810876523 0.9172886238166762
    outer loop
      vertex -0.69437112528446987 0.091111756152009893 0.070416344491584792
      vertex -0.60685280368350036 0.11874359350315683 0.087558722507682041
      vertex -0.67528255963932959 0.15684906537371451 0.055198683631473455
    endloop
  endfacet
  facet normal -0.51879776035587133 0.3836852785340818 0.76395974428366054
    outer loop
      vertex -0.33725596468739105 0.089230439402866499 0.25204716829196366
      vertex -0.32114816835919235 0.15937243803953394 0.22775823976745346
      vertex -0.39259378577173576 0.12058393909409813 0.19872104187180784
    endloop
  endfacet
  facet normal -0.4332688585136768 0.38214648909923832 0.81623658158121126
    outer loop
      vertex -0.33725596468739105 0.089230439402866499 0.25204716829196366
      vertex -0.26387412164885427 0.12906122908508888 0.27235117243463547
      vertex -0.32114816835919235 0.15937243803953394 0.22775823976745346
    endloop
  endfacet
  facet normal -0.45555466398778355 0.43501194744060001 0.77668175831733965
    outer loop
      vertex -0.26387412164885427 0.12906122908508888 0.27235117243463547
      vertex -0.19522478424836107 0.088856555557805778 0.3351349814240811
      vertex -0.19607670562552071 0.15975761112676373 0.29492429966039002
    endloop
  endfacet
  facet normal -0.34278673354445166 0.46031424770970059 0.81890661779068419
    outer loop
      vertex -0.19522478424836107 0.088856555557805778 0.3351349814240811
      vertex -0.12162905886728792 0.12162905886728782 0.34751977338864792
      vertex -0.19607670562552071 0.15975761112676373 0.29492429966039002
    endloop
  endfacet
  facet normal 0.3846285406451857 0.41755583016727271 0.82323023171800147
    outer loop
      vertex 0.19617075879781909 0.12123579590498718 0.31240462985751816
      vertex 0.26610584180345331 0.0892701426521883 0.29594315466695748
      vertex 0.2498744154516078 0.15931370148065491 0.26799954225104405
    endloop
  endfacet
  facet normal 0.44210502454239103 0.41887470412429906 0.79315013050440375
    outer loop
      vertex 0.26610584180345331 0.0892701426521883 0.29594315466695748
      vertex 0.30290627661023961 0.15923392422773408 0.2384815043595751
      vertex 0.2498744154516078 0.15931370148065491 0.26799954225104405
    endloop
  endfacet
  facet normal 0.48440763942791576 0.38884362600893874 0.78367714868821781
    outer loop
      vertex 0.26610584180345331 0.0892701426521883 0.29594315466695748
      vertex 0.33716781409446644 0.089508898954419103 0.25189976106456791
      vertex 0.30290627661023961 0.15923392422773408 0.2384815043595751
    endloop
  endfacet
  facet normal 0.46099645927325716 0.38078013174687281 0.80155396312684657
    outer loop
      vertex 0.33716781409446644 0.089508898954419103 0.25189976106456791
      vertex 0.39074105957786248 0.16564478921115491 0.18491972818841368
      vertex 0.30290627661023961 0.15923392422773408 0.2384815043595751
    endloop
  endfacet
  facet normal 0.50068065388219529 0.34581856682604817 0.79355428400738626
    outer loop
      vertex 0.33716781409446644 0.089508898954419103 0.25189976106456791
      vertex 0.40832056874436529 0.089823224222390155 0.20687006623781157
      vertex 0.39074105957786248 0.16564478921115491 0.18491972818841368
    endloop
  endfacet
  facet normal 0.4875105078683164 0.30531134344662381 0.81799663097154252
    outer loop
      vertex 0.40832056874436529 0.089823224222390155 0.20687006623781157
      vertex 0.47961770032395906 0.090202509745321374 0.16423675984257879
      vertex 0.4839776275755282 0.16703737746763589 0.13296026545636302
    endloop
  endfacet
  facet normal 0.45330531063333107 0.34324749664109183 0.82261500800875453
    outer loop
      vertex 0.40832056874436529 0.089823224222390155 0.20687006623781157
      vertex 0.4839776275755282 0.16703737746763589 0.13296026545636302
      vertex 0.39074105957786248 0.16564478921115491 0.18491972818841368
    endloop
  endfacet
  facet normal 0.43900024286714184 0.33292904037507054 0.83452803478225046
    outer loop
      vertex 0.47961770032395906 0.090202509745321374 0.16423675984257879
      vertex 0.55109213757697184 0.090609038607081402 0.12647572694340498
      vertex 0.58759635589093728 0.1313451749321301 0.091021431524183183
    endloop
  endfacet
  facet normal 0.44735066633511023 0.315300006148725 0.83693684794741041
    outer loop
      vertex 0.47961770032395906 0.090202509745321374 0.16423675984257879
      vertex 0.58759635589093728 0.1313451749321301 0.091021431524183183
      vertex 0.4839776275755282 0.16703737746763589 0.13296026545636302
    endloop
  endfacet
  facet normal 0.14161729218748159 0.26428947780511897 0.95398931570274048
    outer loop
      vertex 0.72895418240577614 0.11824910115416709 0.047632308303489801
      vertex 0.83817775950497164 0.091744521547524382 0.03876107087049957
      vertex 0.85489091057492816 0.15577446833942016 0.018541439389870157
    endloop
  endfacet
  facet normal 0.10833604278088282 0.27353032685544287 0.95574288494601578
    outer loop
      vertex 0.83817775950497164 0.091744521547524382 0.03876107087049957
      vertex 0.93744513275722952 0.091430565982381209 0.027598698442633296
      vertex 0.85489091057492816 0.15577446833942016 0.018541439389870157
    endloop
  endfacet
  facet normal 0.060664506652304301 0.21503823863719643 0.97471963843786635
    outer loop
      vertex 0.93744513275722952 0.091430565982381209 0.027598698442633296
      vertex 0.96114388591610223 0.1735987294230342 0.0079961691064943247
      vertex 0.85489091057492816 0.15577446833942016 0.018541439389870157
    endloop
  endfacet
  facet normal -0.18195163988398619 0.10060353308764847 0.97814749903775278
    outer loop
      vertex -0.78948968966127875 0.10335859162975114 0.039455818711907648
      vertex -0.67528255963932959 0.15684906537371451 0.055198683631473455
      vertex -0.7128691045028942 0.25559197008427453 0.038051148547840252
    endloop
  endfacet
  facet normal -0.22220946897817562 0.1207673704932075 0.96749066875117373
    outer loop
      vertex -0.78948968966127875 0.10335859162975114 0.039455818711907648
      vertex -0.7128691045028942 0.25559197008427453 0.038051148547840252
      vertex -0.83857511516632599 0.17117475771047919 0.019716893048474626
    endloop
  endfacet
  facet normal -0.35408898896122548 0.14828392345007657 0.92338121376962667
    outer loop
      vertex -0.60685280368350036 0.11874359350315683 0.087558722507682041
      vertex -0.55247803052810496 0.23080540339538058 0.090414036837817624
      vertex -0.67528255963932959 0.15684906537371451 0.055198683631473455
    endloop
  endfacet
  facet normal -0.40035516439377039 0.17132385435463041 0.90020213245265668
    outer loop
      vertex -0.60685280368350036 0.11874359350315683 0.087558722507682041
      vertex -0.53535725828359948 0.11926760751287978 0.11925586440888575
      vertex -0.55247803052810496 0.23080540339538058 0.090414036837817624
    endloop
  endfacet
  facet normal -0.40293019965030763 0.17066377692700838 0.89917802989995887
    outer loop
      vertex -0.53535725828359948 0.11926760751287978 0.11925586440888575
      vertex -0.4811865838095809 0.19618498901195025 0.12893135641796999
      vertex -0.55247803052810496 0.23080540339538058 0.090414036837817624
    endloop
  endfacet
  facet normal -0.45641384114594324 0.21276142605886236 0.86395542778074197
    outer loop
      vertex -0.53535725828359948 0.11926760751287978 0.11925586440888575
      vertex -0.46392506508466402 0.1199141368813201 0.15683313300986046
      vertex -0.4811865838095809 0.19618498901195025 0.12893135641796999
    endloop
  endfacet
  facet normal -0.45405564822672928 0.21366765922951528 0.86497375666131304
    outer loop
      vertex -0.46392506508466402 0.1199141368813201 0.15683313300986046
      vertex -0.409862660204733 0.19621898108244709 0.16636343699959538
      vertex -0.4811865838095809 0.19618498901195025 0.12893135641796999
    endloop
  endfacet
  facet normal -0.49268120609519411 0.24476810325130413 0.83507712505573028
    outer loop
      vertex -0.46392506508466402 0.1199141368813201 0.15683313300986046
      vertex -0.39259378577173576 0.12058393909409813 0.19872104187180784
      vertex -0.409862660204733 0.19621898108244709 0.16636343699959538
    endloop
  endfacet
  facet normal -0.46791816294399413 0.255153839270434 0.84613776129698604
    outer loop
      vertex -0.39259378577173576 0.12058393909409813 0.19872104187180784
      vertex -0.33920676447178366 0.21469387135115178 0.19986535482786077
      vertex -0.409862660204733 0.19621898108244709 0.16636343699959538
    endloop
  endfacet
  facet normal -0.48257524622031645 0.2636010004081305 0.83524585860645462
    outer loop
      vertex -0.39259378577173576 0.12058393909409813 0.19872104187180784
      vertex -0.32114816835919235 0.15937243803953394 0.22775823976745346
      vertex -0.33920676447178366 0.21469387135115178 0.19986535482786077
    endloop
  endfacet
  facet normal -0.47628398970865016 0.31036785691628044 0.82269396165305964
    outer loop
      vertex -0.32114816835919235 0.15937243803953394 0.22775823976745346
      vertex -0.26387412164885427 0.12906122908508888 0.27235117243463547
      vertex -0.26798383131181724 0.21463983227376829 0.23768671892743215
    endloop
  endfacet
  facet normal -0.38695451672345194 0.39427842577798028 0.83355307266745615
    outer loop
      vertex -0.19607670562552071 0.15975761112676373 0.29492429966039002
      vertex -0.12162905886728792 0.12162905886728782 0.34751977338864792
      vertex -0.14311029831863559 0.21382591640830287 0.29393770891309234
    endloop
  endfacet
  facet normal -0.48680629199266046 0.35135669399919561 0.79973002173127905
    outer loop
      vertex -0.12162905886728792 0.12162905886728782 0.34751977338864792
      vertex -0.088856555557805694 0.19522478424836107 0.33513498142408116
      vertex -0.14311029831863559 0.21382591640830287 0.29393770891309234
    endloop
  endfacet
  facet normal -0.60998787546418987 0.38790802904336369 0.69097189001462056
    outer loop
      vertex -0.12162905886728792 0.12162905886728782 0.34751977338864792
      vertex -0.049416474443523636 0.12358991136936609 0.41016801009794235
      vertex -0.088856555557805694 0.19522478424836107 0.33513498142408116
    endloop
  endfacet
  facet normal -0.62584609008543568 0.37293201143487215 0.68500977100470117
    outer loop
      vertex -0.049416474443523636 0.12358991136936609 0.41016801009794235
      vertex -0.0113685996796907 0.19989154288476496 0.40338970202653368
      vertex -0.088856555557805694 0.19522478424836107 0.33513498142408116
    endloop
  endfacet
  facet normal -0.51350625446867293 0.32655325326851981 0.79352019470288238
    outer loop
      vertex -0.049416474443523636 0.12358991136936609 0.41016801009794235
      vertex 0.0002502972962603354 0.12190158971023657 0.44300337463174028
      vertex -0.0113685996796907 0.19989154288476496 0.40338970202653368
    endloop
  endfacet
  facet normal 0.5066288892230657 0.37938585958833221 0.77420510082860128
    outer loop
      vertex 0.0002502972962603354 0.12190158971023657 0.44300337463174028
      vertex 0.049481100268469941 0.12466598254553168 0.40943278907293706
      vertex 0.049444042665735016 0.19819716464118514 0.37342435120039119
    endloop
  endfacet
  facet normal 0.40242613218466161 0.46152492316241878 0.79059974287550627
    outer loop
      vertex 0.0002502972962603354 0.12190158971023657 0.44300337463174028
      vertex 0.049444042665735016 0.19819716464118514 0.37342435120039119
      vertex -0.0113685996796907 0.19989154288476496 0.40338970202653368
    endloop
  endfacet
  facet normal 0.62156635966297924 0.33630129211733784 0.70750031904976618
    outer loop
      vertex 0.049481100268469941 0.12466598254553168 0.40943278907293706
      vertex 0.12145347428273914 0.12145347428273845 0.34772930335399144
      vertex 0.1212357959049868 0.19617075879781873 0.31240462985751855
    endloop
  endfacet
  facet normal 0.61288357912683467 0.34776738633999005 0.70952911387407713
    outer loop
      vertex 0.049481100268469941 0.12466598254553168 0.40943278907293706
      vertex 0.1212357959049868 0.19617075879781873 0.31240462985751855
      vertex 0.049444042665735016 0.19819716464118514 0.37342435120039119
    endloop
  endfacet
  facet normal 0.39835991920516522 0.36763660542555576 0.84032892436356632
    outer loop
      vertex 0.12145347428273914 0.12145347428273845 0.34772930335399144
      vertex 0.19617075879781909 0.12123579590498718 0.31240462985751816
      vertex 0.19627063469570841 0.19627063469570821 0.27953019322282702
    endloop
  endfacet
  facet normal 0.36763660542555643 0.39835991920516434 0.84032892436356643
    outer loop
      vertex 0.12145347428273914 0.12145347428273845 0.34772930335399144
      vertex 0.19627063469570841 0.19627063469570821 0.27953019322282702
      vertex 0.1212357959049868 0.19617075879781873 0.31240462985751855
    endloop
  endfacet
  facet normal 0.42786674011327852 0.36223133843938415 0.828081221956668
    outer loop
      vertex 0.19617075879781909 0.12123579590498718 0.31240462985751816
      vertex 0.2498744154516078 0.15931370148065491 0.26799954225104405
      vertex 0.19627063469570841 0.19627063469570821 0.27953019322282702
    endloop
  endfacet
  facet normal 0.30759974815039159 0.13191719234440169 0.94232703946230145
    outer loop
      vertex 0.58759635589093728 0.1313451749321301 0.091021431524183183
      vertex 0.65949776859830955 0.23065580530813701 0.053648381091823738
      vertex 0.57803956774785448 0.23110686580459996 0.080175285643322769
    endloop
  endfacet
  facet normal 0.30221112877685147 0.13624285695983604 0.94345445972280129
    outer loop
      vertex 0.58759635589093728 0.1313451749321301 0.091021431524183183
      vertex 0.72895418240577614 0.11824910115416709 0.047632308303489801
      vertex 0.65949776859830955 0.23065580530813701 0.053648381091823738
    endloop
  endfacet
  facet normal 0.23781211715665249 0.095209969739953257 0.96663356997136607
    outer loop
      vertex 0.72895418240577614 0.11824910115416709 0.047632308303489801
      vertex 0.76400352698572205 0.21219998492415545 0.029755606958631359
      vertex 0.65949776859830955 0.23065580530813701 0.053648381091823738
    endloop
  endfacet
  facet normal 0.1911738654117035 0.11418033669162171 0.97489250889343482
    outer loop
      vertex 0.72895418240577614 0.11824910115416709 0.047632308303489801
      vertex 0.85489091057492816 0.15577446833942016 0.018541439389870157
      vertex 0.76400352698572205 0.21219998492415545 0.029755606958631359
    endloop
  endfacet
  facet normal -0.093019706223229512 0.034312648211562193 0.99507284980892419
    outer loop
      vertex -0.96611095240000544 0.14265130616137292 0.0087783663308412946
      vertex -0.83857511516632599 0.17117475771047919 0.019716893048474626
      vertex -0.89641327589332054 0.24516562722231355 0.011758770789119702
    endloop
  endfacet
  facet normal -0.26775875660725951 0.065013559115258468 0.96129001107433831
    outer loop
      vertex -0.67528255963932959 0.15684906537371451 0.055198683631473455
      vertex -0.62423171606788153 0.2319047081749798 0.064342309204390324
      vertex -0.7128691045028942 0.25559197008427453 0.038051148547840252
    endloop
  endfacet
  facet normal -0.33763764116714307 0.1158533748154813 0.93411927440287357
    outer loop
      vertex -0.67528255963932959 0.15684906537371451 0.055198683631473455
      vertex -0.55247803052810496 0.23080540339538058 0.090414036837817624
      vertex -0.62423171606788153 0.2319047081749798 0.064342309204390324
    endloop
  endfacet
  facet normal -0.44999800714885824 0.28057012001843817 0.84781023897738761
    outer loop
      vertex -0.32114816835919235 0.15937243803953394 0.22775823976745346
      vertex -0.26798383131181724 0.21463983227376829 0.23768671892743215
      vertex -0.33920676447178366 0.21469387135115178 0.19986535482786077
    endloop
  endfacet
  facet normal -0.44267457728210818 0.38069994173028032 0.8118539111161982
    outer loop
      vertex -0.26387412164885427 0.12906122908508888 0.27235117243463547
      vertex -0.19607670562552071 0.15975761112676373 0.29492429966039002
      vertex -0.18486369285926321 0.24926111685974964 0.25906777013918758
    endloop
  endfacet
  facet normal -0.36310932993108824 0.33477327804524287 0.86952772631115027
    outer loop
      vertex -0.26387412164885427 0.12906122908508888 0.27235117243463547
      vertex -0.18486369285926321 0.24926111685974964 0.25906777013918758
      vertex -0.26798383131181724 0.21463983227376829 0.23768671892743215
    endloop
  endfacet
  facet normal -0.37706461062481422 0.38475312395505773 0.84248876136194317
    outer loop
      vertex -0.19607670562552071 0.15975761112676373 0.29492429966039002
      vertex -0.14311029831863559 0.21382591640830287 0.29393770891309234
      vertex -0.18486369285926321 0.24926111685974964 0.25906777013918758
    endloop
  endfacet
  facet normal 0.41586273143532732 0.340018140685454 0.84347249665176138
    outer loop
      vertex 0.19627063469570841 0.19627063469570821 0.27953019322282702
      vertex 0.2498744154516078 0.15931370148065491 0.26799954225104405
      vertex 0.26774274297707046 0.24907332041563759 0.2230061721287506
    endloop
  endfacet
  facet normal 0.4606918659580207 0.32273818638676421 0.82680291949647799
    outer loop
      vertex 0.2498744154516078 0.15931370148065491 0.26799954225104405
      vertex 0.30290627661023961 0.15923392422773408 0.2384815043595751
      vertex 0.26774274297707046 0.24907332041563759 0.2230061721287506
    endloop
  endfacet
  facet normal 0.42519993954930779 0.31273123835611233 0.84935515773056769
    outer loop
      vertex 0.30290627661023961 0.15923392422773408 0.2384815043595751
      vertex 0.3387985710764948 0.23182294127188402 0.19378612071106607
      vertex 0.26774274297707046 0.24907332041563759 0.2230061721287506
    endloop
  endfacet
  facet normal 0.48671023876141067 0.27073822111972834 0.83055039528600294
    outer loop
      vertex 0.30290627661023961 0.15923392422773408 0.2384815043595751
      vertex 0.39074105957786248 0.16564478921115491 0.18491972818841368
      vertex 0.3387985710764948 0.23182294127188402 0.19378612071106607
    endloop
  endfacet
  facet normal 0.47247669766673905 0.21905050656426275 0.85368767458355221
    outer loop
      vertex 0.39074105957786248 0.16564478921115491 0.18491972818841368
      vertex 0.4839776275755282 0.16703737746763589 0.13296026545636302
      vertex 0.42743527063050279 0.24477147169271651 0.14430780350660749
    endloop
  endfacet
  facet normal 0.4119193940847794 0.13739602037948548 0.90080227928258938
    outer loop
      vertex 0.4839776275755282 0.16703737746763589 0.13296026545636302
      vertex 0.58759635589093728 0.1313451749321301 0.091021431524183183
      vertex 0.57803956774785448 0.23110686580459996 0.080175285643322769
    endloop
  endfacet
  facet normal 0.13433391933477526 0.019474894779560416 0.99074473331402735
    outer loop
      vertex 0.85489091057492816 0.15577446833942016 0.018541439389870157
      vertex 0.88501388968231187 0.26751437339189599 0.012260648253797468
      vertex 0.76400352698572205 0.21219998492415545 0.029755606958631359
    endloop
  endfacet
  facet normal 0.093614158359993926 0.030698958267270076 0.99513514826673377
    outer loop
      vertex 0.85489091057492816 0.15577446833942016 0.018541439389870157
      vertex 0.96114388591610223 0.1735987294230342 0.0079961691064943247
      vertex 0.88501388968231187 0.26751437339189599 0.012260648253797468
    endloop
  endfacet
  facet normal -0.1028990824804437 0.026511017650129257 0.99433844578585884
    outer loop
      vertex -0.89641327589332054 0.24516562722231355 0.011758770789119702
      vertex -0.83857511516632599 0.17117475771047919 0.019716893048474626
      vertex -0.80317461057904216 0.30290091073802278 0.019868234952347685
    endloop
  endfacet
  facet normal -0.17413517179429494 0.045667496484154128 0.98366224981394967
    outer loop
      vertex -0.83857511516632599 0.17117475771047919 0.019716893048474626
      vertex -0.7128691045028942 0.25559197008427453 0.038051148547840252
      vertex -0.80317461057904216 0.30290091073802278 0.019868234952347685
    endloop
  endfacet
  facet normal -0.38534096629221037 0.20697775221718523 0.8992622252625242
    outer loop
      vertex -0.55247803052810496 0.23080540339538058 0.090414036837817624
      vertex -0.4811865838095809 0.19618498901195025 0.12893135641796999
      vertex -0.48169268970131351 0.30124392818359819 0.10453370487975361
    endloop
  endfacet
  facet normal -0.44953857784712259 0.25419273913592494 0.85633002890110199
    outer loop
      vertex -0.4811865838095809 0.19618498901195025 0.12893135641796999
      vertex -0.409862660204733 0.19621898108244709 0.16636343699959538
      vertex -0.4104175298720053 0.30097017518514635 0.13497784106022404
    endloop
  endfacet
  facet normal -0.38361016394619996 0.20714873217501503 0.89996257970843074
    outer loop
      vertex -0.4811865838095809 0.19618498901195025 0.12893135641796999
      vertex -0.4104175298720053 0.30097017518514635 0.13497784106022404
      vertex -0.48169268970131351 0.30124392818359819 0.10453370487975361
    endloop
  endfacet
  facet normal -0.47348499434772162 0.32970860647397415 0.81676446723919638
    outer loop
      vertex -0.409862660204733 0.19621898108244709 0.16636343699959538
      vertex -0.33920676447178366 0.21469387135115178 0.19986535482786077
      vertex -0.32009683342843548 0.27879943943061453 0.18506562686281325
    endloop
  endfacet
  facet normal -0.41917363485027204 0.25854382677322285 0.87031520352333769
    outer loop
      vertex -0.409862660204733 0.19621898108244709 0.16636343699959538
      vertex -0.32009683342843548 0.27879943943061453 0.18506562686281325
      vertex -0.4104175298720053 0.30097017518514635 0.13497784106022404
    endloop
  endfacet
  facet normal -0.44334718421486236 0.32501508493839942 0.83534930945756924
    outer loop
      vertex -0.33920676447178366 0.21469387135115178 0.19986535482786077
      vertex -0.26798383131181724 0.21463983227376829 0.23768671892743215
      vertex -0.32009683342843548 0.27879943943061453 0.18506562686281325
    endloop
  endfacet
  facet normal -0.44765228952300218 0.43035706385656308 0.78383686138990183
    outer loop
      vertex -0.14311029831863559 0.21382591640830287 0.29393770891309234
      vertex -0.088856555557805694 0.19522478424836107 0.33513498142408116
      vertex -0.089034573047049648 0.26624353429543612 0.29604124624132755
    endloop
  endfacet
  facet normal -0.62225808392307003 0.38796851843970759 0.67990830682680148
    outer loop
      vertex -0.088856555557805694 0.19522478424836107 0.33513498142408116
      vertex -0.0113685996796907 0.19989154288476496 0.40338970202653368
      vertex -0.011321052843762426 0.27136561567899187 0.36264876174432742
    endloop
  endfacet
  facet normal -0.61661714801724776 0.37845929533115891 0.69032735318000993
    outer loop
      vertex -0.088856555557805694 0.19522478424836107 0.33513498142408116
      vertex -0.011321052843762426 0.27136561567899187 0.36264876174432742
      vertex -0.089034573047049648 0.26624353429543612 0.29604124624132755
    endloop
  endfacet
  facet normal 0.40503890355553912 0.44869583611000463 0.79662760011442635
    outer loop
      vertex -0.0113685996796907 0.19989154288476496 0.40338970202653368
      vertex 0.049444042665735016 0.19819716464118514 0.37342435120039119
      vertex 0.049262619541404221 0.26959869065171149 0.33330010244868646
    endloop
  endfacet
  facet normal 0.39917000139476466 0.45384585859802329 0.7966726094324611
    outer loop
      vertex -0.0113685996796907 0.19989154288476496 0.40338970202653368
      vertex 0.049262619541404221 0.26959869065171149 0.33330010244868646
      vertex -0.011321052843762426 0.27136561567899187 0.36264876174432742
    endloop
  endfacet
  facet normal 0.60641651890163828 0.37529915805722819 0.70100609666732183
    outer loop
      vertex 0.049444042665735016 0.19819716464118514 0.37342435120039119
      vertex 0.1212357959049868 0.19617075879781873 0.31240462985751855
      vertex 0.1211137351798202 0.26733262198094726 0.27441213902901018
    endloop
  endfacet
  facet normal 0.58926421540557572 0.39694615054053284 0.70370550517493036
    outer loop
      vertex 0.049444042665735016 0.19819716464118514 0.37342435120039119
      vertex 0.1211137351798202 0.26733262198094726 0.27441213902901018
      vertex 0.049262619541404221 0.26959869065171149 0.33330010244868646
    endloop
  endfacet
  facet normal 0.36613401981715021 0.40681984309093872 0.83692502340412722
    outer loop
      vertex 0.1212357959049868 0.19617075879781873 0.31240462985751855
      vertex 0.19627063469570841 0.19627063469570821 0.27953019322282702
      vertex 0.19624772850276498 0.26750056755352036 0.2449161446975941
    endloop
  endfacet
  facet normal 0.32627370058753313 0.44563119238432808 0.8336415972581015
    outer loop
      vertex 0.1212357959049868 0.19617075879781873 0.31240462985751855
      vertex 0.19624772850276498 0.26750056755352036 0.2449161446975941
      vertex 0.1211137351798202 0.26733262198094726 0.27441213902901018
    endloop
  endfacet
  facet normal 0.36196633623272612 0.40753076830162221 0.83839074680112402
    outer loop
      vertex 0.19627063469570841 0.19627063469570821 0.27953019322282702
      vertex 0.26774274297707046 0.24907332041563759 0.2230061721287506
      vertex 0.19624772850276498 0.26750056755352036 0.2449161446975941
    endloop
  endfacet
  facet normal 0.44726314339719186 0.23544847069962901 0.86285554886299987
    outer loop
      vertex 0.3387985710764948 0.23182294127188402 0.19378612071106607
      vertex 0.39074105957786248 0.16564478921115491 0.18491972818841368
      vertex 0.42743527063050279 0.24477147169271651 0.14430780350660749
    endloop
  endfacet
  facet normal 0.41852882026791693 0.17431660979600733 0.89131775824022041
    outer loop
      vertex 0.42743527063050279 0.24477147169271651 0.14430780350660749
      vertex 0.4839776275755282 0.16703737746763589 0.13296026545636302
      vertex 0.52469411686862744 0.3027198493197012 0.087305691254197126
    endloop
  endfacet
  facet normal 0.37797468092132341 0.19136683514433475 0.90582220937072666
    outer loop
      vertex 0.4839776275755282 0.16703737746763589 0.13296026545636302
      vertex 0.57803956774785448 0.23110686580459996 0.080175285643322769
      vertex 0.52469411686862744 0.3027198493197012 0.087305691254197126
    endloop
  endfacet
  facet normal 0.23432796924458965 0.071763394721407719 0.96950524392999859
    outer loop
      vertex 0.65949776859830955 0.23065580530813701 0.053648381091823738
      vertex 0.76400352698572205 0.21219998492415545 0.029755606958631359
      vertex 0.73163134680456854 0.30263157140153013 0.030886111010128614
    endloop
  endfacet
  facet normal 0.066919176259959579 0.0089421484742414296 0.99771832790089265
    outer loop
      vertex 0.96114388591610223 0.1735987294230342 0.0079961691064943247
      vertex 0.97601992960655071 0.3033557740385488 0.0058354396821503965
      vertex 0.88501388968231187 0.26751437339189599 0.012260648253797468
    endloop
  endfacet
  facet normal -0.063899368910195348 0.014433447732180176 0.99785196609489191
    outer loop
      vertex -0.96611095240000544 0.14265130616137292 0.0087783663308412946
      vertex -0.89641327589332054 0.24516562722231355 0.011758770789119702
      vertex -0.97606027837921083 0.33906723130385164 0.0053001804291313362
    endloop
  endfacet
  facet normal -0.1030090754196048 0.026690924666710178 0.99432224400424341
    outer loop
      vertex -0.89641327589332054 0.24516562722231355 0.011758770789119702
      vertex -0.80317461057904216 0.30290091073802278 0.019868234952347685
      vertex -0.89200471935942072 0.36229339613178602 0.0090713853464592376
    endloop
  endfacet
  facet normal -0.25129001537637691 0.12499357671252886 0.95980723791433742
    outer loop
      vertex -0.7128691045028942 0.25559197008427453 0.038051148547840252
      vertex -0.62423171606788153 0.2319047081749798 0.064342309204390324
      vertex -0.62444196670763408 0.3376329734364944 0.050518504385022811
    endloop
  endfacet
  facet normal -0.33733699297640918 0.12138611943118291 0.93352512723497294
    outer loop
      vertex -0.62423171606788153 0.2319047081749798 0.064342309204390324
      vertex -0.55247803052810496 0.23080540339538058 0.090414036837817624
      vertex -0.62444196670763408 0.3376329734364944 0.050518504385022811
    endloop
  endfacet
  facet normal -0.36484645945792987 0.39511192436016157 0.84307391624306782
    outer loop
      vertex -0.32009683342843548 0.27879943943061453 0.18506562686281325
      vertex -0.26798383131181724 0.21463983227376829 0.23768671892743215
      vertex -0.21466596061298659 0.30359658226126918 0.21907027733234177
    endloop
  endfacet
  facet normal -0.3817860183422378 0.4029073542416764 0.8318083313458412
    outer loop
      vertex -0.26798383131181724 0.21463983227376829 0.23768671892743215
      vertex -0.18486369285926321 0.24926111685974964 0.25906777013918758
      vertex -0.21466596061298659 0.30359658226126918 0.21907027733234177
    endloop
  endfacet
  facet normal -0.3907607194700381 0.3692848246456803 0.84316948379650658
    outer loop
      vertex -0.14311029831863559 0.21382591640830287 0.29393770891309234
      vertex -0.089034573047049648 0.26624353429543612 0.29604124624132755
      vertex -0.18486369285926321 0.24926111685974964 0.25906777013918758
    endloop
  endfacet
  facet normal 0.42610818900090425 0.32520422642182345 0.84420022647696158
    outer loop
      vertex 0.26774274297707046 0.24907332041563759 0.2230061721287506
      vertex 0.3387985710764948 0.23182294127188402 0.19378612071106607
      vertex 0.33877686324851003 0.30311548252824927 0.16633364543471063
    endloop
  endfacet
  facet normal 0.42416515426091667 0.32553166518523857 0.84505210305195888
    outer loop
      vertex 0.3387985710764948 0.23182294127188402 0.19378612071106607
      vertex 0.42743527063050279 0.24477147169271651 0.14430780350660749
      vertex 0.33877686324851003 0.30311548252824927 0.16633364543471063
    endloop
  endfacet
  facet normal 0.36199780448462848 0.27006526198785186 0.89220084275668643
    outer loop
      vertex 0.42743527063050279 0.24477147169271651 0.14430780350660749
      vertex 0.52469411686862744 0.3027198493197012 0.087305691254197126
      vertex 0.44608741477644576 0.33682424226094926 0.1088759934084404
    endloop
  endfacet
  facet normal 0.154585660384538 0.042998454334734953 0.98704326477024296
    outer loop
      vertex 0.73163134680456854 0.30263157140153013 0.030886111010128614
      vertex 0.76400352698572205 0.21219998492415545 0.029755606958631359
      vertex 0.80317264637609098 0.33860889146315748 0.018114403180561206
    endloop
  endfacet
  facet normal 0.11836969222460868 0.054627628950197474 0.99146580279802432
    outer loop
      vertex 0.76400352698572205 0.21219998492415545 0.029755606958631359
      vertex 0.88501388968231187 0.26751437339189599 0.012260648253797468
      vertex 0.80317264637609098 0.33860889146315748 0.018114403180561206
    endloop
  endfacet
  facet normal -0.051658566084542411 0.024850690406189261 0.99835556578627072
    outer loop
      vertex -0.97606027837921083 0.33906723130385164 0.0053001804291313362
      vertex -0.89641327589332054 0.24516562722231355 0.011758770789119702
      vertex -0.89200471935942072 0.36229339613178602 0.0090713853464592376
    endloop
  endfacet
  facet normal -0.15499410023786941 0.082512835099500054 0.9844635396678213
    outer loop
      vertex -0.80317461057904216 0.30290091073802278 0.019868234952347685
      vertex -0.7128691045028942 0.25559197008427453 0.038051148547840252
      vertex -0.7219433755008644 0.37422066899699169 0.026679626608210438
    endloop
  endfacet
  facet normal -0.26498717162666435 0.17557920257967127 0.94813171157534204
    outer loop
      vertex -0.62444196670763408 0.3376329734364944 0.050518504385022811
      vertex -0.55247803052810496 0.23080540339538058 0.090414036837817624
      vertex -0.55303723602663879 0.37281873389371495 0.063959094658613602
    endloop
  endfacet
  facet normal -0.35273139147299204 0.17002086323051799 0.920148613831416
    outer loop
      vertex -0.55247803052810496 0.23080540339538058 0.090414036837817624
      vertex -0.48169268970131351 0.30124392818359819 0.10453370487975361
      vertex -0.55303723602663879 0.37281873389371495 0.063959094658613602
    endloop
  endfacet
  facet normal -0.38524939251541124 0.35495387231829345 0.85181609170803718
    outer loop
      vertex -0.4104175298720053 0.30097017518514635 0.13497784106022404
      vertex -0.32009683342843548 0.27879943943061453 0.18506562686281325
      vertex -0.32945554245198971 0.34856140612370878 0.15176299562533069
    endloop
  endfacet
  facet normal -0.36462844570945957 0.39218028393993043 0.8445358023602666
    outer loop
      vertex -0.32009683342843548 0.27879943943061453 0.18506562686281325
      vertex -0.21466596061298659 0.30359658226126918 0.21907027733234177
      vertex -0.24999596982492195 0.33946050444636727 0.18716227597077861
    endloop
  endfacet
  facet normal -0.27457345934654642 0.46781253028681213 0.84009573973989471
    outer loop
      vertex -0.18486369285926321 0.24926111685974964 0.25906777013918758
      vertex -0.12808387876610119 0.34147436377124551 0.22627593334741253
      vertex -0.21466596061298659 0.30359658226126918 0.21907027733234177
    endloop
  endfacet
  facet normal -0.38673651797549913 0.51109729506870727 0.76760303584446388
    outer loop
      vertex -0.18486369285926321 0.24926111685974964 0.25906777013918758
      vertex -0.089034573047049648 0.26624353429543612 0.29604124624132755
      vertex -0.12808387876610119 0.34147436377124551 0.22627593334741253
    endloop
  endfacet
  facet normal -0.56951161291125796 0.38020908147167781 0.72876441812541903
    outer loop
      vertex -0.089034573047049648 0.26624353429543612 0.29604124624132755
      vertex -0.048762152239267401 0.34111246840241877 0.28845273450838133
      vertex -0.12808387876610119 0.34147436377124551 0.22627593334741253
    endloop
  endfacet
  facet normal -0.6118907154358979 0.39839484301560041 0.68327981195255594
    outer loop
      vertex -0.089034573047049648 0.26624353429543612 0.29604124624132755
      vertex -0.011321052843762426 0.27136561567899187 0.36264876174432742
      vertex -0.048762152239267401 0.34111246840241877 0.28845273450838133
    endloop
  endfacet
  facet normal -0.44423295481068359 0.52996321619175235 0.72235453299876462
    outer loop
      vertex -0.011321052843762426 0.27136561567899187 0.36264876174432742
      vertex -3.2006668347907757e-05 0.33882669491010475 0.32009773897994043
      vertex -0.048762152239267401 0.34111246840241877 0.28845273450838133
    endloop
  endfacet
  facet normal 0.39126220269196982 0.49142168734101777 0.77808650801535884
    outer loop
      vertex -0.011321052843762426 0.27136561567899187 0.36264876174432742
      vertex 0.049262619541404221 0.26959869065171149 0.33330010244868646
      vertex 0.048956909969474299 0.34099881577844071 0.28835913893701803
    endloop
  endfacet
  facet normal 0.48372180160531314 0.40758404021802352 0.77452467282279813
    outer loop
      vertex -0.011321052843762426 0.27136561567899187 0.36264876174432742
      vertex 0.048956909969474299 0.34099881577844071 0.28835913893701803
      vertex -3.2006668347907757e-05 0.33882669491010475 0.32009773897994043
    endloop
  endfacet
  facet normal 0.5832762905561959 0.41955650180693904 0.69552937440954143
    outer loop
      vertex 0.049262619541404221 0.26959869065171149 0.33330010244868646
      vertex 0.1211137351798202 0.26733262198094726 0.27441213902901018
      vertex 0.12076662021278246 0.33849797454989977 0.23177494276610272
    endloop
  endfacet
  facet normal 0.56482004278716136 0.44131303644520886 0.69729557802227526
    outer loop
      vertex 0.049262619541404221 0.26959869065171149 0.33330010244868646
      vertex 0.12076662021278246 0.33849797454989977 0.23177494276610272
      vertex 0.048956909969474299 0.34099881577844071 0.28835913893701803
    endloop
  endfacet
  facet normal 0.32475964838155497 0.45377441714442857 0.82983127750665242
    outer loop
      vertex 0.1211137351798202 0.26733262198094726 0.27441213902901018
      vertex 0.19624772850276498 0.26750056755352036 0.2449161446975941
      vertex 0.19613495796874914 0.3386938937720228 0.20602982206179704
    endloop
  endfacet
  facet normal 0.27982699459026372 0.49441807450538788 0.82295055787147098
    outer loop
      vertex 0.1211137351798202 0.26733262198094726 0.27441213902901018
      vertex 0.19613495796874914 0.3386938937720228 0.20602982206179704
      vertex 0.12076662021278246 0.33849797454989977 0.23177494276610272
    endloop
  endfacet
  facet normal 0.36127679080670855 0.40046079084397557 0.84208683365851489
    outer loop
      vertex 0.19624772850276498 0.26750056755352036 0.2449161446975941
      vertex 0.26774274297707046 0.24907332041563759 0.2230061721287506
      vertex 0.26746721150679148 0.33879464888149602 0.18045672283740694
    endloop
  endfacet
  facet normal 0.2994736489593009 0.45772610527478813 0.83713938273681465
    outer loop
      vertex 0.19624772850276498 0.26750056755352036 0.2449161446975941
      vertex 0.26746721150679148 0.33879464888149602 0.18045672283740694
      vertex 0.19613495796874914 0.3386938937720228 0.20602982206179704
    endloop
  endfacet
  facet normal 0.36636777443157587 0.39962148381066848 0.84028407311754616
    outer loop
      vertex 0.26774274297707046 0.24907332041563759 0.2230061721287506
      vertex 0.33877686324851003 0.30311548252824927 0.16633364543471063
      vertex 0.26746721150679148 0.33879464888149602 0.18045672283740694
    endloop
  endfacet
  facet normal 0.42258408926518365 0.32237397839135185 0.84705236293634623
    outer loop
      vertex 0.33877686324851003 0.30311548252824927 0.16633364543471063
      vertex 0.42743527063050279 0.24477147169271651 0.14430780350660749
      vertex 0.35150159084277893 0.37087156597432336 0.13419860066848227
    endloop
  endfacet
  facet normal 0.34026793073729189 0.27693992815625273 0.8986222852258734
    outer loop
      vertex 0.42743527063050279 0.24477147169271651 0.14430780350660749
      vertex 0.44608741477644576 0.33682424226094926 0.1088759934084404
      vertex 0.35150159084277893 0.37087156597432336 0.13419860066848227
    endloop
  endfacet
  facet normal 0.3291015565507196 0.15236191580083475 0.93192167701443285
    outer loop
      vertex 0.52469411686862744 0.3027198493197012 0.087305691254197126
      vertex 0.57803956774785448 0.23110686580459996 0.080175285643322769
      vertex 0.57894762313864034 0.37378498035065361 0.05652785489760756
    endloop
  endfacet
  facet normal 0.30852110431150859 0.10274389657626307 0.94565237794378398
    outer loop
      vertex 0.57803956774785448 0.23110686580459996 0.080175285643322769
      vertex 0.65949776859830955 0.23065580530813701 0.053648381091823738
      vertex 0.66016818814294154 0.37360451052112448 0.037898465044701846
    endloop
  endfacet
  facet normal 0.22108472014729483 0.15809345860093665 0.96235544621776115
    outer loop
      vertex 0.57803956774785448 0.23110686580459996 0.080175285643322769
      vertex 0.66016818814294154 0.37360451052112448 0.037898465044701846
      vertex 0.57894762313864034 0.37378498035065361 0.05652785489760756
    endloop
  endfacet
  facet normal 0.20116688031355151 0.10634504099501928 0.97376723015342881
    outer loop
      vertex 0.65949776859830955 0.23065580530813701 0.053648381091823738
      vertex 0.73163134680456854 0.30263157140153013 0.030886111010128614
      vertex 0.66016818814294154 0.37360451052112448 0.037898465044701846
    endloop
  endfacet
  facet normal 0.059697989853674534 0.027300060490137334 0.99784310224837725
    outer loop
      vertex 0.88501388968231187 0.26751437339189599 0.012260648253797468
      vertex 0.97601992960655071 0.3033557740385488 0.0058354396821503965
      vertex 0.89234580759378013 0.39854297130665789 0.0082371806354400168
    endloop
  endfacet
  facet normal -0.20927604792064713 0.077432969100349233 0.97478596166698006
    outer loop
      vertex -0.7128691045028942 0.25559197008427453 0.038051148547840252
      vertex -0.62444196670763408 0.3376329734364944 0.050518504385022811
      vertex -0.7219433755008644 0.37422066899699169 0.026679626608210438
    endloop
  endfacet
  facet normal -0.34321840496086353 0.36674165619181004 0.86469745235533613
    outer loop
      vertex -0.32009683342843548 0.27879943943061453 0.18506562686281325
      vertex -0.24999596982492195 0.33946050444636727 0.18716227597077861
      vertex -0.32945554245198971 0.34856140612370878 0.15176299562533069
    endloop
  endfacet
  facet normal -0.2763237614729579 0.47241351213665395 0.83694124787594693
    outer loop
      vertex -0.21466596061298659 0.30359658226126918 0.21907027733234177
      vertex -0.12808387876610119 0.34147436377124551 0.22627593334741253
      vertex -0.24999596982492195 0.33946050444636727 0.18716227597077861
    endloop
  endfacet
  facet normal 0.34664069682326754 0.34801681415680702 0.87104794607990788
    outer loop
      vertex 0.26746721150679148 0.33879464888149602 0.18045672283740694
      vertex 0.33877686324851003 0.30311548252824927 0.16633364543471063
      vertex 0.35150159084277893 0.37087156597432336 0.13419860066848227
    endloop
  endfacet
  facet normal 0.093210300971811169 0.025347463166513699 0.99532373924455675
    outer loop
      vertex 0.80317264637609098 0.33860889146315748 0.018114403180561206
      vertex 0.88501388968231187 0.26751437339189599 0.012260648253797468
      vertex 0.89234580759378013 0.39854297130665789 0.0082371806354400168
    endloop
  endfacet
  facet normal -0.088416383557712155 0.048620768794875417 0.99489625788841463
    outer loop
      vertex -0.89200471935942072 0.36229339613178602 0.0090713853464592376
      vertex -0.80317461057904216 0.30290091073802278 0.019868234952347685
      vertex -0.80326586630276031 0.44573282101806527 0.012879902518488806
    endloop
  endfacet
  facet normal -0.12558477465543402 0.048401569659088789 0.99090148472453099
    outer loop
      vertex -0.80317461057904216 0.30290091073802278 0.019868234952347685
      vertex -0.7219433755008644 0.37422066899699169 0.026679626608210438
      vertex -0.80326586630276031 0.44573282101806527 0.012879902518488806
    endloop
  endfacet
  facet normal -0.28591336870867462 0.24079579828243852 0.92750791324019477
    outer loop
      vertex -0.55303723602663879 0.37281873389371495 0.063959094658613602
      vertex -0.48169268970131351 0.30124392818359819 0.10453370487975361
      vertex -0.46255678728952893 0.41018221204119054 0.082150423393078348
    endloop
  endfacet
  facet normal -0.37954837774115618 0.24970864878622206 0.89083591063417278
    outer loop
      vertex -0.48169268970131351 0.30124392818359819 0.10453370487975361
      vertex -0.4104175298720053 0.30097017518514635 0.13497784106022404
      vertex -0.46255678728952893 0.41018221204119054 0.082150423393078348
    endloop
  endfacet
  facet normal -0.29581537474959529 0.29781013238628851 0.90763560370328022
    outer loop
      vertex -0.4104175298720053 0.30097017518514635 0.13497784106022404
      vertex -0.33644622883990755 0.41039285826788818 0.12318309044033887
      vertex -0.46255678728952893 0.41018221204119054 0.082150423393078348
    endloop
  endfacet
  facet normal -0.38360996277034254 0.35138274339064962 0.85403370197586315
    outer loop
      vertex -0.4104175298720053 0.30097017518514635 0.13497784106022404
      vertex -0.32945554245198971 0.34856140612370878 0.15176299562533069
      vertex -0.33644622883990755 0.41039285826788818 0.12318309044033887
    endloop
  endfacet
  facet normal -0.32108306978458179 0.44608848578736143 0.8354105129489624
    outer loop
      vertex -0.32945554245198971 0.34856140612370878 0.15176299562533069
      vertex -0.24999596982492195 0.33946050444636727 0.18716227597077861
      vertex -0.23181110597727184 0.40999932451454185 0.15648549715558713
    endloop
  endfacet
  facet normal -0.27966690391723298 0.37659506483913496 0.88315490147094633
    outer loop
      vertex -0.32945554245198971 0.34856140612370878 0.15176299562533069
      vertex -0.23181110597727184 0.40999932451454185 0.15648549715558713
      vertex -0.33644622883990755 0.41039285826788818 0.12318309044033887
    endloop
  endfacet
  facet normal -0.27399742400590554 0.48769262870375457 0.82890368049982133
    outer loop
      vertex -0.24999596982492195 0.33946050444636727 0.18716227597077861
      vertex -0.12808387876610119 0.34147436377124551 0.22627593334741253
      vertex -0.1589764107918408 0.40964198945175495 0.17595727300373609
    endloop
  endfacet
  facet normal -0.23025120483220407 0.43740503776077128 0.86928776341026248
    outer loop
      vertex -0.24999596982492195 0.33946050444636727 0.18716227597077861
      vertex -0.1589764107918408 0.40964198945175495 0.17595727300373609
      vertex -0.23181110597727184 0.40999932451454185 0.15648549715558713
    endloop
  endfacet
  facet normal -0.35952712959361693 0.44321458504233524 0.821158373696527
    outer loop
      vertex -0.12808387876610119 0.34147436377124551 0.22627593334741253
      vertex -0.089511600625272095 0.40835361460508962 0.20706638806396499
      vertex -0.1589764107918408 0.40964198945175495 0.17595727300373609
    endloop
  endfacet
  facet normal -0.53193417870821436 0.50254650785913524 0.68153726014107663
    outer loop
      vertex -0.12808387876610119 0.34147436377124551 0.22627593334741253
      vertex -0.048762152239267401 0.34111246840241877 0.28845273450838133
      vertex -0.089511600625272095 0.40835361460508962 0.20706638806396499
    endloop
  endfacet
  facet normal -0.61988512746128432 0.42372676217115646 0.66045292017846025
    outer loop
      vertex -0.048762152239267401 0.34111246840241877 0.28845273450838133
      vertex -0.035703747579672679 0.41002788818941993 0.25649497308693897
      vertex -0.089511600625272095 0.40835361460508962 0.20706638806396499
    endloop
  endfacet
  facet normal -0.44312857020310337 0.53290584767935301 0.72086644240032671
    outer loop
      vertex -0.048762152239267401 0.34111246840241877 0.28845273450838133
      vertex -3.2006668347907757e-05 0.33882669491010475 0.32009773897994043
      vertex 0.01066462828544293 0.41385370292777524 0.27120886764325403
    endloop
  endfacet
  facet normal -0.30381667687713076 0.44758372024284798 0.84104948738163388
    outer loop
      vertex -0.048762152239267401 0.34111246840241877 0.28845273450838133
      vertex 0.01066462828544293 0.41385370292777524 0.27120886764325403
      vertex -0.035703747579672679 0.41002788818941993 0.25649497308693897
    endloop
  endfacet
  facet normal 0.47708666469115657 0.43104784747375241 0.76588907001086826
    outer loop
      vertex -3.2006668347907757e-05 0.33882669491010475 0.32009773897994043
      vertex 0.048956909969474299 0.34099881577844071 0.28835913893701803
      vertex 0.01066462828544293 0.41385370292777524 0.27120886764325403
    endloop
  endfacet
  facet normal 0.57852390271666676 0.46226727245504484 0.67202608788829776
    outer loop
      vertex 0.048956909969474299 0.34099881577844071 0.28835913893701803
      vertex 0.089823224222389683 0.40832056874436529 0.20687006623781184
      vertex 0.01066462828544293 0.41385370292777524 0.27120886764325403
    endloop
  endfacet
  facet normal 0.55123842298141001 0.48615533842164699 0.67807756779965955
    outer loop
      vertex 0.048956909969474299 0.34099881577844071 0.28835913893701803
      vertex 0.12076662021278246 0.33849797454989977 0.23177494276610272
      vertex 0.089823224222389683 0.40832056874436529 0.20687006623781184
    endloop
  endfacet
  facet normal 0.31671023360895323 0.44006729348213686 0.8402591297538331
    outer loop
      vertex 0.12076662021278246 0.33849797454989977 0.23177494276610272
      vertex 0.19194668301485915 0.39180242630542972 0.17702873590676449
      vertex 0.089823224222389683 0.40832056874436529 0.20687006623781184
    endloop
  endfacet
  facet normal 0.28303722147119198 0.47676993246410432 0.83221413275673273
    outer loop
      vertex 0.12076662021278246 0.33849797454989977 0.23177494276610272
      vertex 0.19613495796874914 0.3386938937720228 0.20602982206179704
      vertex 0.19194668301485915 0.39180242630542972 0.17702873590676449
    endloop
  endfacet
  facet normal 0.29625994349555235 0.47564573834916485 0.82824584361787768
    outer loop
      vertex 0.19613495796874914 0.3386938937720228 0.20602982206179704
      vertex 0.26746721150679148 0.33879464888149602 0.18045672283740694
      vertex 0.19194668301485915 0.39180242630542972 0.17702873590676449
    endloop
  endfacet
  facet normal 0.28596547906837222 0.46171774025415313 0.83966688223115882
    outer loop
      vertex 0.26746721150679148 0.33879464888149602 0.18045672283740694
      vertex 0.35150159084277893 0.37087156597432336 0.13419860066848227
      vertex 0.19194668301485915 0.39180242630542972 0.17702873590676449
    endloop
  endfacet
  facet normal 0.34920750105433801 0.23041937202597712 0.9082736560104222
    outer loop
      vertex 0.44608741477644576 0.33682424226094926 0.1088759934084404
      vertex 0.52469411686862744 0.3027198493197012 0.087305691254197126
      vertex 0.477800700865468 0.45870129592136849 0.065764150083404499
    endloop
  endfacet
  facet normal 0.2612697574956161 0.20869994373782974 0.94243431988760284
    outer loop
      vertex 0.52469411686862744 0.3027198493197012 0.087305691254197126
      vertex 0.57894762313864034 0.37378498035065361 0.05652785489760756
      vertex 0.477800700865468 0.45870129592136849 0.065764150083404499
    endloop
  endfacet
  facet normal 0.17048591211327369 0.074586050036946433 0.98253319277813267
    outer loop
      vertex 0.66016818814294154 0.37360451052112448 0.037898465044701846
      vertex 0.73163134680456854 0.30263157140153013 0.030886111010128614
      vertex 0.73169400400874074 0.44540620055410735 0.020036932699476429
    endloop
  endfacet
  facet normal 0.13858643448209754 0.074978077053091077 0.98750801927830434
    outer loop
      vertex 0.73163134680456854 0.30263157140153013 0.030886111010128614
      vertex 0.80317264637609098 0.33860889146315748 0.018114403180561206
      vertex 0.73169400400874074 0.44540620055410735 0.020036932699476429
    endloop
  endfacet
  facet normal 0.044965873861494449 0.014323512431058217 0.99888583290559763
    outer loop
      vertex 0.89234580759378013 0.39854297130665789 0.0082371806354400168
      vertex 0.97601992960655071 0.3033557740385488 0.0058354396821503965
      vertex 0.97607822979197056 0.44621630762819597 0.0037842681868026917
    endloop
  endfacet
  facet normal -0.04868379463943389 0.014026501404197155 0.99871574804739272
    outer loop
      vertex -0.97606027837921083 0.33906723130385164 0.0053001804291313362
      vertex -0.89200471935942072 0.36229339613178602 0.0090713853464592376
      vertex -0.97610778995923486 0.48194568584550196 0.0032912025080505808
    endloop
  endfacet
  facet normal -0.066471547459164879 0.025164647119243645 0.99747093888180416
    outer loop
      vertex -0.89200471935942072 0.36229339613178602 0.0090713853464592376
      vertex -0.80326586630276031 0.44573282101806527 0.012879902518488806
      vertex -0.89225518135371451 0.5052902656493119 0.0054471049629543911
    endloop
  endfacet
  facet normal -0.19061480276760026 0.12632664722311956 0.97350273505893881
    outer loop
      vertex -0.7219433755008644 0.37422066899699169 0.026679626608210438
      vertex -0.62444196670763408 0.3376329734364944 0.050518504385022811
      vertex -0.65844763326893108 0.44601311703646518 0.02979613467346201
    endloop
  endfacet
  facet normal -0.23616483364683988 0.11048761755471403 0.96541113403339396
    outer loop
      vertex -0.62444196670763408 0.3376329734364944 0.050518504385022811
      vertex -0.55303723602663879 0.37281873389371495 0.063959094658613602
      vertex -0.65844763326893108 0.44601311703646518 0.02979613467346201
    endloop
  endfacet
  facet normal 0.31554348610721228 0.53496785296735239 0.78373573649975192
    outer loop
      vertex 0.089823224222389683 0.40832056874436529 0.20687006623781184
      vertex 0.19194668301485915 0.39180242630542972 0.17702873590676449
      vertex 0.12022430033796176 0.46376730151341772 0.15678292679237804
    endloop
  endfacet
  facet normal 0.21504482251678336 0.45711280853936676 0.86302004876942306
    outer loop
      vertex 0.19194668301485915 0.39180242630542972 0.17702873590676449
      vertex 0.23038632096077458 0.44561487960959245 0.1389478050746133
      vertex 0.12022430033796176 0.46376730151341772 0.15678292679237804
    endloop
  endfacet
  facet normal 0.28624558509271519 0.40877406828970275 0.86658365211260158
    outer loop
      vertex 0.19194668301485915 0.39180242630542972 0.17702873590676449
      vertex 0.35150159084277893 0.37087156597432336 0.13419860066848227
      vertex 0.23038632096077458 0.44561487960959245 0.1389478050746133
    endloop
  endfacet
  facet normal 0.25258055463252416 0.35201879609426912 0.90126901123796987
    outer loop
      vertex 0.35150159084277893 0.37087156597432336 0.13419860066848227
      vertex 0.337802302601309 0.47196913088358627 0.09855100947793527
      vertex 0.23038632096077458 0.44561487960959245 0.1389478050746133
    endloop
  endfacet
  facet normal 0.26500931560765723 0.35239061859245241 0.89754716565158277
    outer loop
      vertex 0.35150159084277893 0.37087156597432336 0.13419860066848227
      vertex 0.41015579229632559 0.44581604753729159 0.087456052077928337
      vertex 0.337802302601309 0.47196913088358627 0.09855100947793527
    endloop
  endfacet
  facet normal 0.34323248290003716 0.28880088662880776 0.89374801290111427
    outer loop
      vertex 0.35150159084277893 0.37087156597432336 0.13419860066848227
      vertex 0.44608741477644576 0.33682424226094926 0.1088759934084404
      vertex 0.41015579229632559 0.44581604753729159 0.087456052077928337
    endloop
  endfacet
  facet normal 0.24830957228283385 0.26497306172799551 0.93173581710225573
    outer loop
      vertex 0.44608741477644576 0.33682424226094926 0.1088759934084404
      vertex 0.477800700865468 0.45870129592136849 0.065764150083404499
      vertex 0.41015579229632559 0.44581604753729159 0.087456052077928337
    endloop
  endfacet
  facet normal 0.22458214077241392 0.16301063935992061 0.96072389035640704
    outer loop
      vertex 0.477800700865468 0.45870129592136849 0.065764150083404499
      vertex 0.57894762313864034 0.37378498035065361 0.05652785489760756
      vertex 0.55298511739468359 0.44597137518640734 0.050348727559296341
    endloop
  endfacet
  facet normal 0.097864428077327981 0.04760518614082275 0.99406051122132144
    outer loop
      vertex 0.73169400400874074 0.44540620055410735 0.020036932699476429
      vertex 0.80317264637609098 0.33860889146315748 0.018114403180561206
      vertex 0.80326112465820887 0.48147707499983777 0.011263788685297912
    endloop
  endfacet
  facet normal 0.078238647537949416 0.047700406706911315 0.9957928425287198
    outer loop
      vertex 0.80317264637609098 0.33860889146315748 0.018114403180561206
      vertex 0.89234580759378013 0.39854297130665789 0.0082371806354400168
      vertex 0.80326112465820887 0.48147707499983777 0.011263788685297912
    endloop
  endfacet
  facet normal -0.032722748912440876 0.025266189610588168 0.99914505521779717
    outer loop
      vertex -0.97610778995923486 0.48194568584550196 0.0032912025080505808
      vertex -0.89200471935942072 0.36229339613178602 0.0090713853464592376
      vertex -0.89225518135371451 0.5052902656493119 0.0054471049629543911
    endloop
  endfacet
  facet normal -0.103806438554882 0.07335801721890195 0.9918885142112811
    outer loop
      vertex -0.80326586630276031 0.44573282101806527 0.012879902518488806
      vertex -0.7219433755008644 0.37422066899699169 0.026679626608210438
      vertex -0.7137221469876619 0.54075941223980173 0.015223162117385197
    endloop
  endfacet
  facet normal -0.13279477004342288 0.074544671282370453 0.98833629956230884
    outer loop
      vertex -0.7219433755008644 0.37422066899699169 0.026679626608210438
      vertex -0.65844763326893108 0.44601311703646518 0.02979613467346201
      vertex -0.7137221469876619 0.54075941223980173 0.015223162117385197
    endloop
  endfacet
  facet normal -0.1901023883776751 0.17695231101375777 0.96568574679343477
    outer loop
      vertex -0.65844763326893108 0.44601311703646518 0.02979613467346201
      vertex -0.55303723602663879 0.37281873389371495 0.063959094658613602
      vertex -0.53430344557188358 0.48163937675581242 0.047706679228698118
    endloop
  endfacet
  facet normal -0.2673455199777936 0.18719676081308403 0.94524269142315631
    outer loop
      vertex -0.55303723602663879 0.37281873389371495 0.063959094658613602
      vertex -0.46255678728952893 0.41018221204119054 0.082150423393078348
      vertex -0.53430344557188358 0.48163937675581242 0.047706679228698118
    endloop
  endfacet
  facet normal -0.21920503047889994 0.2362123289867154 0.94665352175303086
    outer loop
      vertex -0.46255678728952893 0.41018221204119054 0.082150423393078348
      vertex -0.40801182949355658 0.48167785318651057 0.076940890382452054
      vertex -0.53430344557188358 0.48163937675581242 0.047706679228698118
    endloop
  endfacet
  facet normal -0.29633098992719731 0.29232720807869306 0.90924845219867367
    outer loop
      vertex -0.46255678728952893 0.41018221204119054 0.082150423393078348
      vertex -0.33644622883990755 0.41039285826788818 0.12318309044033887
      vertex -0.40801182949355658 0.48167785318651057 0.076940890382452054
    endloop
  endfacet
  facet normal -0.23200056571108027 0.35464775355860378 0.90575974099403134
    outer loop
      vertex -0.33644622883990755 0.41039285826788818 0.12318309044033887
      vertex -0.26583320999056365 0.48163069432701605 0.11337687163292848
      vertex -0.40801182949355658 0.48167785318651057 0.076940890382452054
    endloop
  endfacet
  facet normal -0.27722451366385209 0.39533752519103282 0.8757024667086819
    outer loop
      vertex -0.33644622883990755 0.41039285826788818 0.12318309044033887
      vertex -0.23181110597727184 0.40999932451454185 0.15648549715558713
      vertex -0.26583320999056365 0.48163069432701605 0.11337687163292848
    endloop
  endfacet
  facet normal -0.22624579175094756 0.46695633690445382 0.85484771809940574
    outer loop
      vertex -0.23181110597727184 0.40999932451454185 0.15648549715558713
      vertex -0.1589764107918408 0.40964198945175495 0.17595727300373609
      vertex -0.15824227411180275 0.51351147585597334 0.11941337807412317
    endloop
  endfacet
  facet normal -0.18048956115517839 0.44281978746600059 0.87825631460444231
    outer loop
      vertex -0.23181110597727184 0.40999932451454185 0.15648549715558713
      vertex -0.15824227411180275 0.51351147585597334 0.11941337807412317
      vertex -0.26583320999056365 0.48163069432701605 0.11337687163292848
    endloop
  endfacet
  facet normal -0.35132789364549927 0.47917343130853435 0.80433919081107952
    outer loop
      vertex -0.1589764107918408 0.40964198945175495 0.17595727300373609
      vertex -0.089511600625272095 0.40835361460508962 0.20706638806396499
      vertex -0.089875883405254431 0.47959054000675405 0.16446890546732784
    endloop
  endfacet
  facet normal -0.32191167128955894 0.45442444182379677 0.83058491592412986
    outer loop
      vertex -0.1589764107918408 0.40964198945175495 0.17595727300373609
      vertex -0.089875883405254431 0.47959054000675405 0.16446890546732784
      vertex -0.15824227411180275 0.51351147585597334 0.11941337807412317
    endloop
  endfacet
  facet normal -0.61073701049578188 0.45292748285777984 0.64950519573194376
    outer loop
      vertex -0.089511600625272095 0.40835361460508962 0.20706638806396499
      vertex -0.035703747579672679 0.41002788818941993 0.25649497308693897
      vertex -0.010400391128538279 0.48498933045570791 0.22801421388109872
    endloop
  endfacet
  facet normal -0.58548128594827653 0.41384752384618284 0.69709532404882457
    outer loop
      vertex -0.089511600625272095 0.40835361460508962 0.20706638806396499
      vertex -0.010400391128538279 0.48498933045570791 0.22801421388109872
      vertex -0.089875883405254431 0.47959054000675405 0.16446890546732784
    endloop
  endfacet
  facet normal -0.30535385512830021 0.42653944234165925 0.85136544872642772
    outer loop
      vertex -0.035703747579672679 0.41002788818941993 0.25649497308693897
      vertex 0.01066462828544293 0.41385370292777524 0.27120886764325403
      vertex -0.010400391128538279 0.48498933045570791 0.22801421388109872
    endloop
  endfacet
  facet normal 0.36822198415604646 0.55979096509081872 0.74232516176327612
    outer loop
      vertex 0.01066462828544293 0.41385370292777524 0.27120886764325403
      vertex 0.048254677917633604 0.48377266301005645 0.19983652634089671
      vertex -0.010400391128538279 0.48498933045570791 0.22801421388109872
    endloop
  endfacet
  facet normal 0.59620515192619894 0.39368812418232269 0.69967783850459508
    outer loop
      vertex 0.01066462828544293 0.41385370292777524 0.27120886764325403
      vertex 0.089823224222389683 0.40832056874436529 0.20687006623781184
      vertex 0.048254677917633604 0.48377266301005645 0.19983652634089671
    endloop
  endfacet
  facet normal 0.55048532502314695 0.37290486330701428 0.74693230607340677
    outer loop
      vertex 0.089823224222389683 0.40832056874436529 0.20687006623781184
      vertex 0.12022430033796176 0.46376730151341772 0.15678292679237804
      vertex 0.048254677917633604 0.48377266301005645 0.19983652634089671
    endloop
  endfacet
  facet normal 0.19261659529658157 0.15225575305387976 0.96939003134875945
    outer loop
      vertex 0.55298511739468359 0.44597137518640734 0.050348727559296341
      vertex 0.57894762313864034 0.37378498035065361 0.05652785489760756
      vertex 0.57660261796708345 0.53965156895440125 0.030942224098686882
    endloop
  endfacet
  facet normal 0.22258135507759874 0.10345107503950653 0.96940982842396961
    outer loop
      vertex 0.57894762313864034 0.37378498035065361 0.05652785489760756
      vertex 0.66016818814294154 0.37360451052112448 0.037898465044701846
      vertex 0.66022693399050669 0.51647995110424372 0.022637949603596719
    endloop
  endfacet
  facet normal 0.1395177917042133 0.15288651278038559 0.9783457977667368
    outer loop
      vertex 0.57894762313864034 0.37378498035065361 0.05652785489760756
      vertex 0.66022693399050669 0.51647995110424372 0.022637949603596719
      vertex 0.57660261796708345 0.53965156895440125 0.030942224098686882
    endloop
  endfacet
  facet normal 0.14034993984226599 0.10509754223910839 0.98450820260756133
    outer loop
      vertex 0.66016818814294154 0.37360451052112448 0.037898465044701846
      vertex 0.73169400400874074 0.44540620055410735 0.020036932699476429
      vertex 0.66022693399050669 0.51647995110424372 0.022637949603596719
    endloop
  endfacet
  facet normal 0.039005396028313391 0.024796612655459536 0.99893128246215701
    outer loop
      vertex 0.89234580759378013 0.39854297130665789 0.0082371806354400168
      vertex 0.97607822979197056 0.44621630762819597 0.0037842681868026917
      vertex 0.90140512956861518 0.51765137235167491 0.0049267954426265789
    endloop
  endfacet
  facet normal -0.099626771045640064 0.094235583196250347 0.99055245259939784
    outer loop
      vertex -0.65844763326893108 0.44601311703646518 0.02979613467346201
      vertex -0.61538789880792544 0.56636283824964873 0.022677557720677921
      vertex -0.7137221469876619 0.54075941223980173 0.015223162117385197
    endloop
  endfacet
  facet normal -0.1755730583715979 0.12060964769596509 0.97705036413518553
    outer loop
      vertex -0.65844763326893108 0.44601311703646518 0.02979613467346201
      vertex -0.53430344557188358 0.48163937675581242 0.047706679228698118
      vertex -0.61538789880792544 0.56636283824964873 0.022677557720677921
    endloop
  endfacet
  facet normal 0.21387329052636064 0.44203955529725764 0.87112527638223736
    outer loop
      vertex 0.12022430033796176 0.46376730151341772 0.15678292679237804
      vertex 0.23038632096077458 0.44561487960959245 0.1389478050746133
      vertex 0.19239562506160454 0.52334306578790613 0.10883303464810185
    endloop
  endfacet
  facet normal 0.21814683357369863 0.44344106863339017 0.86935146957432929
    outer loop
      vertex 0.23038632096077458 0.44561487960959245 0.1389478050746133
      vertex 0.337802302601309 0.47196913088358627 0.09855100947793527
      vertex 0.19239562506160454 0.52334306578790613 0.10883303464810185
    endloop
  endfacet
  facet normal 0.24401124485789449 0.28135338262123943 0.92806184409794978
    outer loop
      vertex 0.41015579229632559 0.44581604753729159 0.087456052077928337
      vertex 0.477800700865468 0.45870129592136849 0.065764150083404499
      vertex 0.337802302601309 0.47196913088358627 0.09855100947793527
    endloop
  endfacet
  facet normal 0.22207495967555557 0.14378891855652137 0.96436894349903579
    outer loop
      vertex 0.477800700865468 0.45870129592136849 0.065764150083404499
      vertex 0.55298511739468359 0.44597137518640734 0.050348727559296341
      vertex 0.57660261796708345 0.53965156895440125 0.030942224098686882
    endloop
  endfacet
  facet normal 0.055788614688018469 0.023498821399061891 0.99816603622045108
    outer loop
      vertex 0.80326112465820887 0.48147707499983777 0.011263788685297912
      vertex 0.89234580759378013 0.39854297130665789 0.0082371806354400168
      vertex 0.90140512956861518 0.51765137235167491 0.0049267954426265789
    endloop
  endfacet
  facet normal -0.056223597198783733 0.040492590420560214 0.99759674079212068
    outer loop
      vertex -0.89225518135371451 0.5052902656493119 0.0054471049629543911
      vertex -0.80326586630276031 0.44573282101806527 0.012879902518488806
      vertex -0.80337886884753784 0.58875215625397948 0.0070683590997670936
    endloop
  endfacet
  facet normal -0.069011754020090563 0.040449926293188436 0.99679545608411868
    outer loop
      vertex -0.80326586630276031 0.44573282101806527 0.012879902518488806
      vertex -0.7137221469876619 0.54075941223980173 0.015223162117385197
      vertex -0.80337886884753784 0.58875215625397948 0.0070683590997670936
    endloop
  endfacet
  facet normal -0.1400510193823504 0.15487378703410754 0.97795696329627835
    outer loop
      vertex -0.53430344557188358 0.48163937675581242 0.047706679228698118
      vertex -0.47995653508411845 0.5530584181762187 0.044179328510314642
      vertex -0.61538789880792544 0.56636283824964873 0.022677557720677921
    endloop
  endfacet
  facet normal -0.22032392824686914 0.21465219203158478 0.95151552961467956
    outer loop
      vertex -0.53430344557188358 0.48163937675581242 0.047706679228698118
      vertex -0.40801182949355658 0.48167785318651057 0.076940890382452054
      vertex -0.47995653508411845 0.5530584181762187 0.044179328510314642
    endloop
  endfacet
  facet normal -0.17746699864780174 0.25712607381032848 0.94994297016074947
    outer loop
      vertex -0.40801182949355658 0.48167785318651057 0.076940890382452054
      vertex -0.33718982878423348 0.5530346163781763 0.070857244693498356
      vertex -0.47995653508411845 0.5530584181762187 0.044179328510314642
    endloop
  endfacet
  facet normal -0.23572405099449095 0.31241370264337076 0.92023467125696046
    outer loop
      vertex -0.40801182949355658 0.48167785318651057 0.076940890382452054
      vertex -0.26583320999056365 0.48163069432701605 0.11337687163292848
      vertex -0.33718982878423348 0.5530346163781763 0.070857244693498356
    endloop
  endfacet
  facet normal -0.16588831361328635 0.37687561557221594 0.91128801034228657
    outer loop
      vertex -0.26583320999056365 0.48163069432701605 0.11337687163292848
      vertex -0.22094027071802072 0.56967521470492155 0.08513704126749691
      vertex -0.33718982878423348 0.5530346163781763 0.070857244693498356
    endloop
  endfacet
  facet normal -0.16246364972290439 0.37550813071466937 0.91246874263499456
    outer loop
      vertex -0.26583320999056365 0.48163069432701605 0.11337687163292848
      vertex -0.15824227411180275 0.51351147585597334 0.11941337807412317
      vertex -0.22094027071802072 0.56967521470492155 0.08513704126749691
    endloop
  endfacet
  facet normal -0.33212790245777096 0.43929171843998183 0.83469386155586944
    outer loop
      vertex -0.15824227411180275 0.51351147585597334 0.11941337807412317
      vertex -0.089875883405254431 0.47959054000675405 0.16446890546732784
      vertex -0.09029594392921525 0.55100805314338386 0.12671538007960192
    endloop
  endfacet
  facet normal -0.59295638357153613 0.38135420027238498 0.70920497820896256
    outer loop
      vertex -0.089875883405254431 0.47959054000675405 0.16446890546732784
      vertex -0.010400391128538279 0.48498933045570791 0.22801421388109872
      vertex -0.010043783427389742 0.55608667679314694 0.19008185346660428
    endloop
  endfacet
  facet normal -0.58898594263124759 0.37497431362849798 0.71588394555375912
    outer loop
      vertex -0.089875883405254431 0.47959054000675405 0.16446890546732784
      vertex -0.010043783427389742 0.55608667679314694 0.19008185346660428
      vertex -0.09029594392921525 0.55100805314338386 0.12671538007960192
    endloop
  endfacet
  facet normal 0.3981587589123064 0.43008960585523465 0.81024226848313741
    outer loop
      vertex -0.010400391128538279 0.48498933045570791 0.22801421388109872
      vertex 0.048254677917633604 0.48377266301005645 0.19983652634089671
      vertex 0.047922116285303157 0.555190599008757 0.16209016231185019
    endloop
  endfacet
  facet normal 0.39792104612481283 0.43029456681856931 0.81025022481783637
    outer loop
      vertex -0.010400391128538279 0.48498933045570791 0.22801421388109872
      vertex 0.047922116285303157 0.555190599008757 0.16209016231185019
      vertex -0.010043783427389742 0.55608667679314694 0.19008185346660428
    endloop
  endfacet
  facet normal 0.55021279601325956 0.3870522671953649 0.73990298118212705
    outer loop
      vertex 0.048254677917633604 0.48377266301005645 0.19983652634089671
      vertex 0.12022430033796176 0.46376730151341772 0.15678292679237804
      vertex 0.11933338727826864 0.5525357360343025 0.11100958497261221
    endloop
  endfacet
  facet normal 0.5443809266769718 0.39394994990276039 0.74057602151428992
    outer loop
      vertex 0.048254677917633604 0.48377266301005645 0.19983652634089671
      vertex 0.11933338727826864 0.5525357360343025 0.11100958497261221
      vertex 0.047922116285303157 0.555190599008757 0.16209016231185019
    endloop
  endfacet
  facet normal 0.20574005926368547 0.45013157603409798 0.86893762277348441
    outer loop
      vertex 0.12022430033796176 0.46376730151341772 0.15678292679237804
      vertex 0.19239562506160454 0.52334306578790613 0.10883303464810185
      vertex 0.11933338727826864 0.5525357360343025 0.11100958497261221
    endloop
  endfacet
  facet normal 0.18224644268224913 0.33048249389297712 0.92604943461995803
    outer loop
      vertex 0.19239562506160454 0.52334306578790613 0.10883303464810185
      vertex 0.337802302601309 0.47196913088358627 0.09855100947793527
      vertex 0.25632907055273052 0.56977900967152817 0.079679181148703482
    endloop
  endfacet
  facet normal 0.16019800764835773 0.31399995796913088 0.93581014353386915
    outer loop
      vertex 0.337802302601309 0.47196913088358627 0.09855100947793527
      vertex 0.33803066756754147 0.57877713205493664 0.062673762663327637
      vertex 0.25632907055273052 0.56977900967152817 0.079679181148703482
    endloop
  endfacet
  facet normal 0.18589045697125545 0.31251310504960295 0.93154725976692865
    outer loop
      vertex 0.337802302601309 0.47196913088358627 0.09855100947793527
      vertex 0.41026753844116109 0.55294273751309198 0.05692573643558474
      vertex 0.33803066756754147 0.57877713205493664 0.062673762663327637
    endloop
  endfacet
  facet normal 0.24353184993456969 0.26209139968522904 0.93380958245162793
    outer loop
      vertex 0.337802302601309 0.47196913088358627 0.09855100947793527
      vertex 0.477800700865468 0.45870129592136849 0.065764150083404499
      vertex 0.41026753844116109 0.55294273751309198 0.05692573643558474
    endloop
  endfacet
  facet normal 0.16583913250298479 0.2092205880133462 0.96370334008034197
    outer loop
      vertex 0.477800700865468 0.45870129592136849 0.065764150083404499
      vertex 0.48111388398560451 0.57937363872788994 0.038995960267599911
      vertex 0.41026753844116109 0.55294273751309198 0.05692573643558474
    endloop
  endfacet
  facet normal 0.16821962822110945 0.20907089620518984 0.96332316334712431
    outer loop
      vertex 0.477800700865468 0.45870129592136849 0.065764150083404499
      vertex 0.57660261796708345 0.53965156895440125 0.030942224098686882
      vertex 0.48111388398560451 0.57937363872788994 0.038995960267599911
    endloop
  endfacet
  facet normal 0.098468301435069558 0.062667326503104928 0.99316504157236907
    outer loop
      vertex 0.66022693399050669 0.51647995110424372 0.022637949603596719
      vertex 0.73169400400874074 0.44540620055410735 0.020036932699476429
      vertex 0.73182627877107898 0.58843747398307034 0.010998744676782329
    endloop
  endfacet
  facet normal 0.090229937775420627 0.062724154051364958 0.9939437805165765
    outer loop
      vertex 0.73169400400874074 0.44540620055410735 0.020036932699476429
      vertex 0.80326112465820887 0.48147707499983777 0.011263788685297912
      vertex 0.73182627877107898 0.58843747398307034 0.010998744676782329
    endloop
  endfacet
  facet normal 0.026705297499801696 0.011928720245097913 0.99957217484219785
    outer loop
      vertex 0.90140512956861518 0.51765137235167491 0.0049267954426265789
      vertex 0.97607822979197056 0.44621630762819597 0.0037842681868026917
      vertex 0.97612922595814255 0.58912768292818518 0.0020774262733069676
    endloop
  endfacet
  facet normal -0.028733065849009382 0.0109001031906056 0.99952768779926793
    outer loop
      vertex -0.97610778995923486 0.48194568584550196 0.0032912025080505808
      vertex -0.89225518135371451 0.5052902656493119 0.0054471049629543911
      vertex -0.97614645743122097 0.62486340716293043 0.0017315369138163859
    endloop
  endfacet
  facet normal -0.035747240034261767 0.018656985868913581 0.99918669512169744
    outer loop
      vertex -0.89225518135371451 0.5052902656493119 0.0054471049629543911
      vertex -0.80337886884753784 0.58875215625397948 0.0070683590997670936
      vertex -0.89252410049899733 0.64838239361554972 0.0027656431903586506
    endloop
  endfacet
  facet normal 0.049893185255170128 0.035795078203810782 0.99811291066766405
    outer loop
      vertex 0.73182627877107898 0.58843747398307034 0.010998744676782329
      vertex 0.80326112465820887 0.48147707499983777 0.011263788685297912
      vertex 0.82688639113688234 0.61281421360171917 0.0053727087467476398
    endloop
  endfacet
  facet normal 0.051346236051920624 0.035530817642033433 0.99804865865397008
    outer loop
      vertex 0.80326112465820887 0.48147707499983777 0.011263788685297912
      vertex 0.90140512956861518 0.51765137235167491 0.0049267954426265789
      vertex 0.82688639113688234 0.61281421360171917 0.0053727087467476398
    endloop
  endfacet
  facet normal -0.017621750804295625 0.018700103639492996 0.99966983550693556
    outer loop
      vertex -0.97614645743122097 0.62486340716293043 0.0017315369138163859
      vertex -0.89225518135371451 0.5052902656493119 0.0054471049629543911
      vertex -0.89252410049899733 0.64838239361554972 0.0027656431903586506
    endloop
  endfacet
  facet normal -0.062023173389908821 0.053479248100925657 0.99664090623714863
    outer loop
      vertex -0.80337886884753784 0.58875215625397948 0.0070683590997670936
      vertex -0.7137221469876619 0.54075941223980173 0.015223162117385197
      vertex -0.71988655368904786 0.68381822639725076 0.0071630736434278863
    endloop
  endfacet
  facet normal -0.14285251308584995 0.13127364990180723 0.98099968824995798
    outer loop
      vertex -0.61538789880792544 0.56636283824964873 0.022677557720677921
      vertex -0.47995653508411845 0.5530584181762187 0.044179328510314642
      vertex -0.55318523654650953 0.65913026707128186 0.01932168270034923
    endloop
  endfacet
  facet normal -0.099153842662381517 0.16164241114654285 0.98185551197924004
    outer loop
      vertex -0.47995653508411845 0.5530584181762187 0.044179328510314642
      vertex -0.44470871299729864 0.62448176531737465 0.035980479554996003
      vertex -0.55318523654650953 0.65913026707128186 0.01932168270034923
    endloop
  endfacet
  facet normal -0.17996391763319655 0.19938729192355539 0.96325370290983203
    outer loop
      vertex -0.47995653508411845 0.5530584181762187 0.044179328510314642
      vertex -0.33718982878423348 0.5530346163781763 0.070857244693498356
      vertex -0.44470871299729864 0.62448176531737465 0.035980479554996003
    endloop
  endfacet
  facet normal -0.12972925075557179 0.27044487924767818 0.95395486726946721
    outer loop
      vertex -0.33718982878423348 0.5530346163781763 0.070857244693498356
      vertex -0.30201456109187347 0.62442833759452188 0.055400742822770521
      vertex -0.44470871299729864 0.62448176531737465 0.035980479554996003
    endloop
  endfacet
  facet normal -0.15664775075305507 0.2820959278562532 0.94651115665423002
    outer loop
      vertex -0.33718982878423348 0.5530346163781763 0.070857244693498356
      vertex -0.22094027071802072 0.56967521470492155 0.08513704126749691
      vertex -0.30201456109187347 0.62442833759452188 0.055400742822770521
    endloop
  endfacet
  facet normal -0.16233875973798309 0.37563040212745669 0.91244064359513199
    outer loop
      vertex -0.15824227411180275 0.51351147585597334 0.11941337807412317
      vertex -0.11870210300140145 0.62413053398671681 0.080908978695010569
      vertex -0.22094027071802072 0.56967521470492155 0.08513704126749691
    endloop
  endfacet
  facet normal -0.31869506635828915 0.41118590517282577 0.85402553010205129
    outer loop
      vertex -0.15824227411180275 0.51351147585597334 0.11941337807412317
      vertex -0.09029594392921525 0.55100805314338386 0.12671538007960192
      vertex -0.11870210300140145 0.62413053398671681 0.080908978695010569
    endloop
  endfacet
  facet normal -0.55967108361423723 0.27278681430232454 0.78253155342698777
    outer loop
      vertex -0.09029594392921525 0.55100805314338386 0.12671538007960192
      vertex -0.047490194544126632 0.62554874484176548 0.13134576501821621
      vertex -0.11870210300140145 0.62413053398671681 0.080908978695010569
    endloop
  endfacet
  facet normal -0.6027469936973876 0.30020882749238503 0.73930421443706706
    outer loop
      vertex -0.09029594392921525 0.55100805314338386 0.12671538007960192
      vertex -0.010043783427389742 0.55608667679314694 0.19008185346660428
      vertex -0.047490194544126632 0.62554874484176548 0.13134576501821621
    endloop
  endfacet
  facet normal -0.39232996188415659 0.46137061028731968 0.79574767418515435
    outer loop
      vertex -0.010043783427389742 0.55608667679314694 0.19008185346660428
      vertex 0.00972819404955883 0.62700279561012162 0.15871327438347896
      vertex -0.047490194544126632 0.62554874484176548 0.13134576501821621
    endloop
  endfacet
  facet normal 0.42257071730290335 0.2654973235500584 0.86657092039016936
    outer loop
      vertex -0.010043783427389742 0.55608667679314694 0.19008185346660428
      vertex 0.047922116285303157 0.555190599008757 0.16209016231185019
      vertex 0.00972819404955883 0.62700279561012162 0.15871327438347896
    endloop
  endfacet
  facet normal 0.57759044923208669 0.34205086188394601 0.74120879706080511
    outer loop
      vertex 0.047922116285303157 0.555190599008757 0.16209016231185019
      vertex 0.090889604372627053 0.65586771529103405 0.082147364306696558
      vertex 0.00972819404955883 0.62700279561012162 0.15871327438347896
    endloop
  endfacet
  facet normal 0.5512449052907058 0.36174120388613451 0.75184596547567561
    outer loop
      vertex 0.047922116285303157 0.555190599008757 0.16209016231185019
      vertex 0.11933338727826864 0.5525357360343025 0.11100958497261221
      vertex 0.090889604372627053 0.65586771529103405 0.082147364306696558
    endloop
  endfacet
  facet normal 0.28452380130773613 0.32975175809517571 0.90017219715037666
    outer loop
      vertex 0.11933338727826864 0.5525357360343025 0.11100958497261221
      vertex 0.15669767569888782 0.65673068618070496 0.06103081700751703
      vertex 0.090889604372627053 0.65586771529103405 0.082147364306696558
    endloop
  endfacet
  facet normal 0.17639147611519967 0.37356707195719008 0.91067759931999681
    outer loop
      vertex 0.11933338727826864 0.5525357360343025 0.11100958497261221
      vertex 0.19239562506160454 0.52334306578790613 0.10883303464810185
      vertex 0.15669767569888782 0.65673068618070496 0.06103081700751703
    endloop
  endfacet
  facet normal 0.1502973560900864 0.3689299528947923 0.91722483318397774
    outer loop
      vertex 0.19239562506160454 0.52334306578790613 0.10883303464810185
      vertex 0.25632907055273052 0.56977900967152817 0.079679181148703482
      vertex 0.15669767569888782 0.65673068618070496 0.06103081700751703
    endloop
  endfacet
  facet normal 0.15803171791679024 0.228124823442136 0.96072110472382266
    outer loop
      vertex 0.41026753844116109 0.55294273751309198 0.05692573643558474
      vertex 0.48111388398560451 0.57937363872788994 0.038995960267599911
      vertex 0.33803066756754147 0.57877713205493664 0.062673762663327637
    endloop
  endfacet
  facet normal 0.12007755840090173 0.078680171878897601 0.98964175867916215
    outer loop
      vertex 0.57660261796708345 0.53965156895440125 0.030942224098686882
      vertex 0.66022693399050669 0.51647995110424372 0.022637949603596719
      vertex 0.66042888257309129 0.64226543614168474 0.012613036054498983
    endloop
  endfacet
  facet normal 0.082058411157017092 0.079047729888868074 0.99348773196139784
    outer loop
      vertex 0.66022693399050669 0.51647995110424372 0.022637949603596719
      vertex 0.73182627877107898 0.58843747398307034 0.010998744676782329
      vertex 0.66042888257309129 0.64226543614168474 0.012613036054498983
    endloop
  endfacet
  facet normal 0.027626875872702711 0.016950323276590268 0.99947458310370918
    outer loop
      vertex 0.82688639113688234 0.61281421360171917 0.0053727087467476398
      vertex 0.90140512956861518 0.51765137235167491 0.0049267954426265789
      vertex 0.90160738450967559 0.66059032502579018 0.0024970696948705476
    endloop
  endfacet
  facet normal 0.021893573146938249 0.016960846864066206 0.99961642700013353
    outer loop
      vertex 0.90140512956861518 0.51765137235167491 0.0049267954426265789
      vertex 0.97612922595814255 0.58912768292818518 0.0020774262733069676
      vertex 0.90160738450967559 0.66059032502579018 0.0024970696948705476
    endloop
  endfacet
  facet normal -0.088994970745674779 0.052205595166156395 0.99466299368948274
    outer loop
      vertex -0.7137221469876619 0.54075941223980173 0.015223162117385197
      vertex -0.61538789880792544 0.56636283824964873 0.022677557720677921
      vertex -0.71988655368904786 0.68381822639725076 0.0071630736434278863
    endloop
  endfacet
  facet normal -0.13489028447980089 0.31117375117865365 0.9407313685268307
    outer loop
      vertex -0.30201456109187347 0.62442833759452188 0.055400742822770521
      vertex -0.22094027071802072 0.56967521470492155 0.08513704126749691
      vertex -0.22949712606998401 0.67606962947000337 0.048717095100250851
    endloop
  endfacet
  facet normal -0.12727212858832843 0.312050313875676 0.9415022075888555
    outer loop
      vertex -0.22094027071802072 0.56967521470492155 0.08513704126749691
      vertex -0.11870210300140145 0.62413053398671681 0.080908978695010569
      vertex -0.22949712606998401 0.67606962947000337 0.048717095100250851
    endloop
  endfacet
  facet normal 0.08614524318489819 0.30230429593065217 0.94931086043428758
    outer loop
      vertex 0.15669767569888782 0.65673068618070496 0.06103081700751703
      vertex 0.25632907055273052 0.56977900967152817 0.079679181148703482
      vertex 0.266673840076392 0.66007265501809576 0.04998678981029761
    endloop
  endfacet
  facet normal 0.16410924927602782 0.29113301459430785 0.94250184196917564
    outer loop
      vertex 0.25632907055273052 0.56977900967152817 0.079679181148703482
      vertex 0.33803066756754147 0.57877713205493664 0.062673762663327637
      vertex 0.266673840076392 0.66007265501809576 0.04998678981029761
    endloop
  endfacet
  facet normal 0.10884830541620784 0.24585431972084973 0.96317584058292194
    outer loop
      vertex 0.33803066756754147 0.57877713205493664 0.062673762663327637
      vertex 0.40929070006055851 0.66017310065678969 0.033844048399947063
      vertex 0.266673840076392 0.66007265501809576 0.04998678981029761
    endloop
  endfacet
  facet normal 0.15904014005422282 0.20297722549427052 0.96618139072442355
    outer loop
      vertex 0.33803066756754147 0.57877713205493664 0.062673762663327637
      vertex 0.48111388398560451 0.57937363872788994 0.038995960267599911
      vertex 0.40929070006055851 0.66017310065678969 0.033844048399947063
    endloop
  endfacet
  facet normal 0.099367274978318584 0.15103921013381716 0.98352086996948651
    outer loop
      vertex 0.48111388398560451 0.57937363872788994 0.038995960267599911
      vertex 0.55225345604701337 0.66025933906652712 0.019386963348467276
      vertex 0.40929070006055851 0.66017310065678969 0.033844048399947063
    endloop
  endfacet
  facet normal 0.13336489590405609 0.12116510422467117 0.9836324628939026
    outer loop
      vertex 0.48111388398560451 0.57937363872788994 0.038995960267599911
      vertex 0.57660261796708345 0.53965156895440125 0.030942224098686882
      vertex 0.55225345604701337 0.66025933906652712 0.019386963348467276
    endloop
  endfacet
  facet normal 0.080517076252248743 0.11115720170313718 0.99053575248009995
    outer loop
      vertex 0.57660261796708345 0.53965156895440125 0.030942224098686882
      vertex 0.66042888257309129 0.64226543614168474 0.012613036054498983
      vertex 0.55225345604701337 0.66025933906652712 0.019386963348467276
    endloop
  endfacet
  facet normal -0.03056703017061772 0.026401032870934964 0.99918398812726006
    outer loop
      vertex -0.89252410049899733 0.64838239361554972 0.0027656431903586506
      vertex -0.80337886884753784 0.58875215625397948 0.0070683590997670936
      vertex -0.80347768569382283 0.73182566869444532 0.0032849627610127691
    endloop
  endfacet
  facet normal -0.03119314837012661 0.026400089387009922 0.99916466249318336
    outer loop
      vertex -0.80337886884753784 0.58875215625397948 0.0070683590997670936
      vertex -0.71988655368904786 0.68381822639725076 0.0071630736434278863
      vertex -0.80347768569382283 0.73182566869444532 0.0032849627610127691
    endloop
  endfacet
  facet normal -0.058860100519248858 0.079077813606170069 0.99512923178958601
    outer loop
      vertex -0.71988655368904786 0.68381822639725076 0.0071630736434278863
      vertex -0.61538789880792544 0.56636283824964873 0.022677557720677921
      vertex -0.6245923030805095 0.72277195585122933 0.0097041038251569206
    endloop
  endfacet
  facet normal -0.063794188085617293 0.078764288662527923 0.9948499828607239
    outer loop
      vertex -0.61538789880792544 0.56636283824964873 0.022677557720677921
      vertex -0.55318523654650953 0.65913026707128186 0.01932168270034923
      vertex -0.6245923030805095 0.72277195585122933 0.0097041038251569206
    endloop
  endfacet
  facet normal -0.10263987336830398 0.15134492401748684 0.98313771688867657
    outer loop
      vertex -0.55318523654650953 0.65913026707128186 0.01932168270034923
      vertex -0.44470871299729864 0.62448176531737465 0.035980479554996003
      vertex -0.45658027568169779 0.71299741096172597 0.021114922976345651
    endloop
  endfacet
  facet normal -0.1318389511063717 0.20762475576038109 0.96928347337949272
    outer loop
      vertex -0.44470871299729864 0.62448176531737465 0.035980479554996003
      vertex -0.30201456109187347 0.62442833759452188 0.055400742822770521
      vertex -0.33848250319658624 0.72177935600850518 0.029587472149656596
    endloop
  endfacet
  facet normal -0.08211415043243496 0.15434323040348108 0.98459912326153198
    outer loop
      vertex -0.44470871299729864 0.62448176531737465 0.035980479554996003
      vertex -0.33848250319658624 0.72177935600850518 0.029587472149656596
      vertex -0.45658027568169779 0.71299741096172597 0.021114922976345651
    endloop
  endfacet
  facet normal -0.074049647042210065 0.22958665509764925 0.97046721612530384
    outer loop
      vertex -0.30201456109187347 0.62442833759452188 0.055400742822770521
      vertex -0.22949712606998401 0.67606962947000337 0.048717095100250851
      vertex -0.33848250319658624 0.72177935600850518 0.029587472149656596
    endloop
  endfacet
  facet normal -0.13372503090601912 0.30012988217374892 0.94447851745582645
    outer loop
      vertex -0.22949712606998401 0.67606962947000337 0.048717095100250851
      vertex -0.11870210300140145 0.62413053398671681 0.080908978695010569
      vertex -0.11810678661585022 0.72900814610381115 0.047665981543643987
    endloop
  endfacet
  facet normal -0.55982300469044655 0.27177626415975487 0.7827744666624783
    outer loop
      vertex -0.11870210300140145 0.62413053398671681 0.080908978695010569
      vertex -0.047490194544126632 0.62554874484176548 0.13134576501821621
      vertex -0.047294980714378806 0.69668576193470966 0.10678688072268183
    endloop
  endfacet
  facet normal -0.54822715754803619 0.25552650051610726 0.79633736020658508
    outer loop
      vertex -0.11870210300140145 0.62413053398671681 0.080908978695010569
      vertex -0.047294980714378806 0.69668576193470966 0.10678688072268183
      vertex -0.11810678661585022 0.72900814610381115 0.047665981543643987
    endloop
  endfacet
  facet normal -0.41818944487996623 0.29661561402954234 0.85856669263654939
    outer loop
      vertex -0.047490194544126632 0.62554874484176548 0.13134576501821621
      vertex 0.00972819404955883 0.62700279561012162 0.15871327438347896
      vertex 0.0094892867833501187 0.697983761238404 0.13407456968796455
    endloop
  endfacet
  facet normal -0.41905898876606257 0.29732484618521376 0.85789713822538427
    outer loop
      vertex -0.047490194544126632 0.62554874484176548 0.13134576501821621
      vertex 0.0094892867833501187 0.697983761238404 0.13407456968796455
      vertex -0.047294980714378806 0.69668576193470966 0.10678688072268183
    endloop
  endfacet
  facet normal 0.61158251902492777 0.26128268451630027 0.74679192630550006
    outer loop
      vertex 0.00972819404955883 0.62700279561012162 0.15871327438347896
      vertex 0.090889604372627053 0.65586771529103405 0.082147364306696558
      vertex 0.0094892867833501187 0.697983761238404 0.13407456968796455
    endloop
  endfacet
  facet normal 0.053988582205227335 0.041690464253393941 0.99767085663649901
    outer loop
      vertex 0.66042888257309129 0.64226543614168474 0.012613036054498983
      vertex 0.73182627877107898 0.58843747398307034 0.010998744676782329
      vertex 0.717843057399846 0.74940333909995138 0.005029033013302063
    endloop
  endfacet
  facet normal 0.0484926522155915 0.041224214264833789 0.99797245795630285
    outer loop
      vertex 0.73182627877107898 0.58843747398307034 0.010998744676782329
      vertex 0.82688639113688234 0.61281421360171917 0.0053727087467476398
      vertex 0.717843057399846 0.74940333909995138 0.005029033013302063
    endloop
  endfacet
  facet normal 0.013084174915808277 0.0077727602928473558 0.99988418757584241
    outer loop
      vertex 0.90160738450967559 0.66059032502579018 0.0024970696948705476
      vertex 0.97612922595814255 0.58912768292818518 0.0020774262733069676
      vertex 0.97616335693687672 0.73205053269963039 0.00096594592273328145
    endloop
  endfacet
  facet normal -0.014252538469272819 0.0067117226384908685 0.99987590126295467
    outer loop
      vertex -0.97614645743122097 0.62486340716293043 0.0017315369138163859
      vertex -0.89252410049899733 0.64838239361554972 0.0027656431903586506
      vertex -0.97617114930450777 0.76778155349773103 0.00077183893642911693
    endloop
  endfacet
  facet normal -0.016713877399488986 0.011613864146623779 0.99979286077760054
    outer loop
      vertex -0.89252410049899733 0.64838239361554972 0.0027656431903586506
      vertex -0.80347768569382283 0.73182566869444532 0.0032849627610127691
      vertex -0.88381526274520439 0.76774174504806736 0.0015247213011060044
    endloop
  endfacet
  facet normal -0.10487329079695597 0.23983173291346996 0.96513332382896155
    outer loop
      vertex -0.22949712606998401 0.67606962947000337 0.048717095100250851
      vertex -0.11810678661585022 0.72900814610381115 0.047665981543643987
      vertex -0.20617057516485277 0.73473987130891816 0.036672486000860177
    endloop
  endfacet
  facet normal 0.09075615194075691 0.22178909644724523 0.97086194568641981
    outer loop
      vertex 0.15669767569888782 0.65673068618070496 0.06103081700751703
      vertex 0.266673840076392 0.66007265501809576 0.04998678981029761
      vertex 0.24861038362036433 0.76459148810064681 0.027798498418187823
    endloop
  endfacet
  facet normal 0.076837412023157026 0.21973736458702414 0.97252840715216793
    outer loop
      vertex 0.266673840076392 0.66007265501809576 0.04998678981029761
      vertex 0.33830096634616069 0.73164600941784486 0.028156082216008349
      vertex 0.24861038362036433 0.76459148810064681 0.027798498418187823
    endloop
  endfacet
  facet normal 0.11035104913835658 0.18728418769228414 0.97608774144259458
    outer loop
      vertex 0.266673840076392 0.66007265501809576 0.04998678981029761
      vertex 0.40929070006055851 0.66017310065678969 0.033844048399947063
      vertex 0.33830096634616069 0.73164600941784486 0.028156082216008349
    endloop
  endfacet
  facet normal 0.073325583434282929 0.15127937330721056 0.98576767548231137
    outer loop
      vertex 0.40929070006055851 0.66017310065678969 0.033844048399947063
      vertex 0.48114151549984902 0.7317204629501477 0.017519570034428916
      vertex 0.33830096634616069 0.73164600941784486 0.028156082216008349
    endloop
  endfacet
  facet normal 0.09974721131621668 0.12505491257380066 0.98712297241822766
    outer loop
      vertex 0.40929070006055851 0.66017310065678969 0.033844048399947063
      vertex 0.55225345604701337 0.66025933906652712 0.019386963348467276
      vertex 0.48114151549984902 0.7317204629501477 0.017519570034428916
    endloop
  endfacet
  facet normal 0.057601860906688812 0.083317597920134101 0.99485687588562466
    outer loop
      vertex 0.55225345604701337 0.66025933906652712 0.019386963348467276
      vertex 0.62422550779900132 0.73186638934288295 0.0092228364449288558
      vertex 0.48114151549984902 0.7317204629501477 0.017519570034428916
    endloop
  endfacet
  facet normal 0.073510888941529573 0.06735029519735157 0.9950176314738628
    outer loop
      vertex 0.55225345604701337 0.66025933906652712 0.019386963348467276
      vertex 0.66042888257309129 0.64226543614168474 0.012613036054498983
      vertex 0.62422550779900132 0.73186638934288295 0.0092228364449288558
    endloop
  endfacet
  facet normal 0.034987329001044142 0.051899132003652398 0.99803926120500908
    outer loop
      vertex 0.66042888257309129 0.64226543614168474 0.012613036054498983
      vertex 0.717843057399846 0.74940333909995138 0.005029033013302063
      vertex 0.62422550779900132 0.73186638934288295 0.0092228364449288558
    endloop
  endfacet
  facet normal 0.023254118776705822 0.021079372456004268 0.99950733164733707
    outer loop
      vertex 0.717843057399846 0.74940333909995138 0.005029033013302063
      vertex 0.82688639113688234 0.61281421360171917 0.0053727087467476398
      vertex 0.83897563874614611 0.73206299525307739 0.0025765168683206316
    endloop
  endfacet
  facet normal 0.025107207716927444 0.020890551035440661 0.99946646416880569
    outer loop
      vertex 0.82688639113688234 0.61281421360171917 0.0053727087467476398
      vertex 0.90160738450967559 0.66059032502579018 0.0024970696948705476
      vertex 0.83897563874614611 0.73206299525307739 0.0025765168683206316
    endloop
  endfacet
  facet normal -0.0081464695792271835 0.010989939493875802 0.99990642375340089
    outer loop
      vertex -0.97617114930450777 0.76778155349773103 0.00077183893642911693
      vertex -0.89252410049899733 0.64838239361554972 0.0027656431903586506
      vertex -0.88381526274520439 0.76774174504806736 0.0015247213011060044
    endloop
  endfacet
  facet normal -0.062926655601359793 0.079734346876608575 0.9948279599724712
    outer loop
      vertex -0.55318523654650953 0.65913026707128186 0.01932168270034923
      vertex -0.45658027568169779 0.71299741096172597 0.021114922976345651
      vertex -0.6245923030805095 0.72277195585122933 0.0097041038251569206
    endloop
  endfacet
  facet normal -0.074390118385388115 0.22883797302043993 0.97061799508895585
    outer loop
      vertex -0.22949712606998401 0.67606962947000337 0.048717095100250851
      vertex -0.20617057516485277 0.73473987130891816 0.036672486000860177
      vertex -0.33848250319658624 0.72177935600850518 0.029587472149656596
    endloop
  endfacet
  facet normal -0.57572045151664775 0.19231437771121065 0.79470821175511785
    outer loop
      vertex -0.11810678661585022 0.72900814610381115 0.047665981543643987
      vertex -0.047294980714378806 0.69668576193470966 0.10678688072268183
      vertex -0.042618351490053448 0.79012440923097249 0.087563266326381811
    endloop
  endfacet
  facet normal -0.42937224202156704 0.18044130760972524 0.88491830825758455
    outer loop
      vertex -0.047294980714378806 0.69668576193470966 0.10678688072268183
      vertex 0.0094892867833501187 0.697983761238404 0.13407456968796455
      vertex 3.287524783505795e-05 0.80150476884044519 0.10837752354587912
    endloop
  endfacet
  facet normal -0.47232604558128294 0.20023855422436665 0.85837790516047363
    outer loop
      vertex -0.047294980714378806 0.69668576193470966 0.10678688072268183
      vertex 3.287524783505795e-05 0.80150476884044519 0.10837752354587912
      vertex -0.042618351490053448 0.79012440923097249 0.087563266326381811
    endloop
  endfacet
  facet normal 0.40622191931457441 0.25492798487584745 0.87749386026086995
    outer loop
      vertex 0.0094892867833501187 0.697983761238404 0.13407456968796455
      vertex 0.035463869254915258 0.80141835161076502 0.09200041041794671
      vertex 3.287524783505795e-05 0.80150476884044519 0.10837752354587912
    endloop
  endfacet
  facet normal 0.59827121634251856 0.19945189159773885 0.77607376880946521
    outer loop
      vertex 0.0094892867833501187 0.697983761238404 0.13407456968796455
      vertex 0.090889604372627053 0.65586771529103405 0.082147364306696558
      vertex 0.091432896038885075 0.80030854991661293 0.044607075448948097
    endloop
  endfacet
  facet normal 0.64101578312897933 0.14556875632032543 0.75359704283051354
    outer loop
      vertex 0.0094892867833501187 0.697983761238404 0.13407456968796455
      vertex 0.091432896038885075 0.80030854991661293 0.044607075448948097
      vertex 0.035463869254915258 0.80141835161076502 0.09200041041794671
    endloop
  endfacet
  facet normal 0.29587346836508099 0.21449882185498639 0.93083250165668363
    outer loop
      vertex 0.090889604372627053 0.65586771529103405 0.082147364306696558
      vertex 0.15669767569888782 0.65673068618070496 0.06103081700751703
      vertex 0.16310061297312048 0.80062681977964012 0.025836504037992702
    endloop
  endfacet
  facet normal 0.24475877520375075 0.2430304901587588 0.93863162253034771
    outer loop
      vertex 0.090889604372627053 0.65586771529103405 0.082147364306696558
      vertex 0.16310061297312048 0.80062681977964012 0.025836504037992702
      vertex 0.091432896038885075 0.80030854991661293 0.044607075448948097
    endloop
  endfacet
  facet normal 0.07623827006853974 0.23368496316375892 0.96931886609521278
    outer loop
      vertex 0.15669767569888782 0.65673068618070496 0.06103081700751703
      vertex 0.24861038362036433 0.76459148810064681 0.027798498418187823
      vertex 0.16310061297312048 0.80062681977964012 0.025836504037992702
    endloop
  endfacet
  facet normal 0.012616312873132435 0.0099442874650016218 0.99987096157269251
    outer loop
      vertex 0.83897563874614611 0.73206299525307739 0.0025765168683206316
      vertex 0.90160738450967559 0.66059032502579018 0.0024970696948705476
      vertex 0.90171381162015196 0.80350972120527031 0.0010743118267756511
    endloop
  endfacet
  facet normal 0.011001600816141851 0.009945679591794267 0.99989001807045741
    outer loop
      vertex 0.90160738450967559 0.66059032502579018 0.0024970696948705476
      vertex 0.97616335693687672 0.73205053269963039 0.00096594592273328145
      vertex 0.90171381162015196 0.80350972120527031 0.0010743118267756511
    endloop
  endfacet
  facet normal -0.028157383173985466 0.031680884555241769 0.99910133786648025
    outer loop
      vertex -0.80347768569382283 0.73182566869444532 0.0032849627610127691
      vertex -0.71988655368904786 0.68381822639725076 0.0071630736434278863
      vertex -0.69605917612532942 0.80345638354839899 0.004040941856800831
    endloop
  endfacet
  facet normal -0.040584120622498637 0.034142542945446129 0.99859261759464091
    outer loop
      vertex -0.71988655368904786 0.68381822639725076 0.0071630736434278863
      vertex -0.6245923030805095 0.72277195585122933 0.0097041038251569206
      vertex -0.69605917612532942 0.80345638354839899 0.004040941856800831
    endloop
  endfacet
  facet normal -0.029984250743290537 0.043532118537435265 0.99860197244097515
    outer loop
      vertex -0.6245923030805095 0.72277195585122933 0.0097041038251569206
      vertex -0.55298681952740869 0.80335023853129439 0.0083414922769394495
      vertex -0.69605917612532942 0.80345638354839899 0.004040941856800831
    endloop
  endfacet
  facet normal -0.063344073781449767 0.073121477692193057 0.99530938798791624
    outer loop
      vertex -0.6245923030805095 0.72277195585122933 0.0097041038251569206
      vertex -0.45658027568169779 0.71299741096172597 0.021114922976345651
      vertex -0.55298681952740869 0.80335023853129439 0.0083414922769394495
    endloop
  endfacet
  facet normal -0.042344696956215622 0.095418521412002341 0.99453618959353784
    outer loop
      vertex -0.45658027568169779 0.71299741096172597 0.021114922976345651
      vertex -0.44627710058638675 0.80330215680926431 0.012889520438199395
      vertex -0.55298681952740869 0.80335023853129439 0.0083414922769394495
    endloop
  endfacet
  facet normal -0.079789228602273332 0.11806528184816276 0.98979506374863691
    outer loop
      vertex -0.45658027568169779 0.71299741096172597 0.021114922976345651
      vertex -0.33848250319658624 0.72177935600850518 0.029587472149656596
      vertex -0.36758374654025289 0.8551292343874688 0.011335252680539601
    endloop
  endfacet
  facet normal -0.043266446291032733 0.095519192993112442 0.99448685179608565
    outer loop
      vertex -0.45658027568169779 0.71299741096172597 0.021114922976345651
      vertex -0.36758374654025289 0.8551292343874688 0.011335252680539601
      vertex -0.44627710058638675 0.80330215680926431 0.012889520438199395
    endloop
  endfacet
  facet normal -0.034392436889525459 0.12815876047068051 0.99115714818560352
    outer loop
      vertex -0.33848250319658624 0.72177935600850518 0.029587472149656596
      vertex -0.26725620127830058 0.80311215508248235 0.021542466737619032
      vertex -0.36758374654025289 0.8551292343874688 0.011335252680539601
    endloop
  endfacet
  facet normal -0.0681484172277209 0.15713324281393626 0.9852232930824022
    outer loop
      vertex -0.33848250319658624 0.72177935600850518 0.029587472149656596
      vertex -0.20617057516485277 0.73473987130891816 0.036672486000860177
      vertex -0.26725620127830058 0.80311215508248235 0.021542466737619032
    endloop
  endfacet
  facet normal -0.048587287849385943 0.17422957969586125 0.98350563242842926
    outer loop
      vertex -0.20617057516485277 0.73473987130891816 0.036672486000860177
      vertex -0.17081525763982958 0.84595568620501171 0.018717056857377942
      vertex -0.26725620127830058 0.80311215508248235 0.021542466737619032
    endloop
  endfacet
  facet normal -0.10923906360748642 0.19217959123627248 0.97526090442220581
    outer loop
      vertex -0.20617057516485277 0.73473987130891816 0.036672486000860177
      vertex -0.11810678661585022 0.72900814610381115 0.047665981543643987
      vertex -0.17081525763982958 0.84595568620501171 0.018717056857377942
    endloop
  endfacet
  facet normal 0.047319572347319351 0.13955784308972644 0.98908263886543379
    outer loop
      vertex 0.33830096634616069 0.73164600941784486 0.028156082216008349
      vertex 0.37430785936646188 0.8031897173542667 0.01633875180675938
      vertex 0.24861038362036433 0.76459148810064681 0.027798498418187823
    endloop
  endfacet
  facet normal 0.073597915485156096 0.12636006140968326 0.98925046460276223
    outer loop
      vertex 0.33830096634616069 0.73164600941784486 0.028156082216008349
      vertex 0.48114151549984902 0.7317204629501477 0.017519570034428916
      vertex 0.37430785936646188 0.8031897173542667 0.01633875180675938
    endloop
  endfacet
  facet normal 0.045860670131338974 0.08499824378233159 0.99532512150001706
    outer loop
      vertex 0.48114151549984902 0.7317204629501477 0.017519570034428916
      vertex 0.51722231038276412 0.80329063258393218 0.0097451976297462939
      vertex 0.37430785936646188 0.8031897173542667 0.01633875180675938
    endloop
  endfacet
  facet normal 0.057626300859938438 0.079053589954282688 0.99520336583260205
    outer loop
      vertex 0.48114151549984902 0.7317204629501477 0.017519570034428916
      vertex 0.62422550779900132 0.73186638934288295 0.0092228364449288558
      vertex 0.51722231038276412 0.80329063258393218 0.0097451976297462939
    endloop
  endfacet
  facet normal 0.033407331769749957 0.042745982096736086 0.99852728114889844
    outer loop
      vertex 0.62422550779900132 0.73186638934288295 0.0092228364449288558
      vertex 0.62486096366868249 0.83870494215881752 0.0046279216763553677
      vertex 0.51722231038276412 0.80329063258393218 0.0097451976297462939
    endloop
  endfacet
  facet normal 0.036723263676041777 0.042721296602748864 0.99841188530664027
    outer loop
      vertex 0.62422550779900132 0.73186638934288295 0.0092228364449288558
      vertex 0.717843057399846 0.74940333909995138 0.005029033013302063
      vertex 0.62486096366868249 0.83870494215881752 0.0046279216763553677
    endloop
  endfacet
  facet normal 0.022981034836278388 0.01916537616804119 0.99955217992568612
    outer loop
      vertex 0.717843057399846 0.74940333909995138 0.005029033013302063
      vertex 0.83897563874614611 0.73206299525307739 0.0025765168683206316
      vertex 0.77849205572571067 0.83194716334018182 0.0020519396258952965
    endloop
  endfacet
  facet normal 0.01063034969242057 0.01168827278992338 0.99987518218255877
    outer loop
      vertex 0.83897563874614611 0.73206299525307739 0.0025765168683206316
      vertex 0.90171381162015196 0.80350972120527031 0.0010743118267756511
      vertex 0.77849205572571067 0.83194716334018182 0.0020519396258952965
    endloop
  endfacet
  facet normal -0.0081476804638386732 0.0086200036320514591 0.99992965294586722
    outer loop
      vertex -0.97617114930450777 0.76778155349773103 0.00077183893642911693
      vertex -0.88381526274520439 0.76774174504806736 0.0015247213011060044
      vertex -0.86583981060016446 0.83922129625701669 0.0010549925063013058
    endloop
  endfacet
  facet normal -0.017051730811484325 0.010858285516119877 0.99979564717595326
    outer loop
      vertex -0.88381526274520439 0.76774174504806736 0.0015247213011060044
      vertex -0.80347768569382283 0.73182566869444532 0.0032849627610127691
      vertex -0.86583981060016446 0.83922129625701669 0.0010549925063013058
    endloop
  endfacet
  facet normal -0.015051782096386041 0.012019999605681274 0.99981446452089417
    outer loop
      vertex -0.80347768569382283 0.73182566869444532 0.0032849627610127691
      vertex -0.69605917612532942 0.80345638354839899 0.004040941856800831
      vertex -0.86583981060016446 0.83922129625701669 0.0010549925063013058
    endloop
  endfacet
  facet normal -0.23139828506052762 0.13422459855876789 0.96355518306570509
    outer loop
      vertex -0.11810678661585022 0.72900814610381115 0.047665981543643987
      vertex -0.091660694934326839 0.83807301125553191 0.038824134569097724
      vertex -0.17081525763982958 0.84595568620501171 0.018717056857377942
    endloop
  endfacet
  facet normal -0.58186163561781601 0.20489623640950921 0.78705436235458237
    outer loop
      vertex -0.11810678661585022 0.72900814610381115 0.047665981543643987
      vertex -0.042618351490053448 0.79012440923097249 0.087563266326381811
      vertex -0.091660694934326839 0.83807301125553191 0.038824134569097724
    endloop
  endfacet
  facet normal 0.0058072189821721451 0.0045338025319772149 0.99997286005285868
    outer loop
      vertex 0.90171381162015196 0.80350972120527031 0.0010743118267756511
      vertex 0.97616335693687672 0.73205053269963039 0.00096594592273328145
      vertex 0.94995499218102053 0.88210632250083898 0.0004378059826065624
    endloop
  endfacet
  facet normal -0.0048438823053409668 0.0035174192012418989 0.99998208212266226
    outer loop
      vertex -0.97617114930450777 0.76778155349773103 0.00077183893642911693
      vertex -0.86583981060016446 0.83922129625701669 0.0010549925063013058
      vertex -0.96495685367783224 0.91754527338609304 0.00029936941494636358
    endloop
  endfacet
  facet normal -0.013289531518752666 0.020376411247736505 0.99970405131552564
    outer loop
      vertex -0.86583981060016446 0.83922129625701669 0.0010549925063013058
      vertex -0.69605917612532942 0.80345638354839899 0.004040941856800831
      vertex -0.70817330825780656 0.8927744338145841 0.0020593829521831225
    endloop
  endfacet
  facet normal -0.015666622436518795 0.02005338955196289 0.99967615681725097
    outer loop
      vertex -0.69605917612532942 0.80345638354839899 0.004040941856800831
      vertex -0.56523709975708347 0.8926663881794733 0.0043016033722790142
      vertex -0.70817330825780656 0.8927744338145841 0.0020593829521831225
    endloop
  endfacet
  facet normal -0.029989228249463984 0.041059618403496173 0.99870654044396889
    outer loop
      vertex -0.69605917612532942 0.80345638354839899 0.004040941856800831
      vertex -0.55298681952740869 0.80335023853129439 0.0083414922769394495
      vertex -0.56523709975708347 0.8926663881794733 0.0043016033722790142
    endloop
  endfacet
  facet normal -0.02275897843759387 0.04205804997857289 0.99885592020695213
    outer loop
      vertex -0.55298681952740869 0.80335023853129439 0.0083414922769394495
      vertex -0.44613790575801865 0.8834252329687603 0.0074043941684023562
      vertex -0.56523709975708347 0.8926663881794733 0.0043016033722790142
    endloop
  endfacet
  facet normal -0.042451712681790717 0.068310735528336511 0.99676050057271048
    outer loop
      vertex -0.55298681952740869 0.80335023853129439 0.0083414922769394495
      vertex -0.44627710058638675 0.80330215680926431 0.012889520438199395
      vertex -0.44613790575801865 0.8834252329687603 0.0074043941684023562
    endloop
  endfacet
  facet normal -0.025297297148070094 0.068320785502759468 0.99734262769887072
    outer loop
      vertex -0.44627710058638675 0.80330215680926431 0.012889520438199395
      vertex -0.36758374654025289 0.8551292343874688 0.011335252680539601
      vertex -0.44613790575801865 0.8834252329687603 0.0074043941684023562
    endloop
  endfacet
  facet normal -0.045939842333194432 0.10630180257366584 0.9932720964851427
    outer loop
      vertex -0.26725620127830058 0.80311215508248235 0.021542466737619032
      vertex -0.28087595429350909 0.8964899924986961 0.010919071817687559
      vertex -0.36758374654025289 0.8551292343874688 0.011335252680539601
    endloop
  endfacet
  facet normal -0.019826005157454221 0.11016117173074663 0.99371597841757864
    outer loop
      vertex -0.26725620127830058 0.80311215508248235 0.021542466737619032
      vertex -0.17081525763982958 0.84595568620501171 0.018717056857377942
      vertex -0.28087595429350909 0.8964899924986961 0.010919071817687559
    endloop
  endfacet
  facet normal 0.028572500926160524 0.12181941286950448 0.99214093899957267
    outer loop
      vertex 0.16310061297312048 0.80062681977964012 0.025836504037992702
      vertex 0.24861038362036433 0.76459148810064681 0.027798498418187823
      vertex 0.28017096622431542 0.88951001503916249 0.01155154624614177
    endloop
  endfacet
  facet normal 0.055086313458322801 0.11507997004724156 0.99182765567587261
    outer loop
      vertex 0.24861038362036433 0.76459148810064681 0.027798498418187823
      vertex 0.37430785936646188 0.8031897173542667 0.01633875180675938
      vertex 0.28017096622431542 0.88951001503916249 0.01155154624614177
    endloop
  endfacet
  facet normal 0.025896109536706173 0.083487441920732264 0.99617229360808623
    outer loop
      vertex 0.37430785936646188 0.8031897173542667 0.01633875180675938
      vertex 0.43424433583714672 0.89240991750283982 0.0073032788311073391
      vertex 0.28017096622431542 0.88951001503916249 0.01155154624614177
    endloop
  endfacet
  facet normal 0.045924717947518658 0.070064240376325512 0.99648478287524755
    outer loop
      vertex 0.37430785936646188 0.8031897173542667 0.01633875180675938
      vertex 0.51722231038276412 0.80329063258393218 0.0097451976297462939
      vertex 0.43424433583714672 0.89240991750283982 0.0073032788311073391
    endloop
  endfacet
  facet normal 0.018582090154958465 0.044670055672354041 0.99882896035893043
    outer loop
      vertex 0.51722231038276412 0.80329063258393218 0.0097451976297462939
      vertex 0.55330639314938102 0.93299814155821337 0.0032730591729190975
      vertex 0.43424433583714672 0.89240991750283982 0.0073032788311073391
    endloop
  endfacet
  facet normal 0.034212159667056902 0.040310477300650197 0.99860131862055412
    outer loop
      vertex 0.51722231038276412 0.80329063258393218 0.0097451976297462939
      vertex 0.62486096366868249 0.83870494215881752 0.0046279216763553677
      vertex 0.55330639314938102 0.93299814155821337 0.0032730591729190975
    endloop
  endfacet
  facet normal 0.01538210409470717 0.020506236273166899 0.99967138858103199
    outer loop
      vertex 0.62486096366868249 0.83870494215881752 0.0046279216763553677
      vertex 0.717843057399846 0.74940333909995138 0.005029033013302063
      vertex 0.69629281165013601 0.93337990726841658 0.0015867229787166863
    endloop
  endfacet
  facet normal 0.020365160168471879 0.021088037044257171 0.99957018510204299
    outer loop
      vertex 0.717843057399846 0.74940333909995138 0.005029033013302063
      vertex 0.77849205572571067 0.83194716334018182 0.0020519396258952965
      vertex 0.69629281165013601 0.93337990726841658 0.0015867229787166863
    endloop
  endfacet
  facet normal 0.00976300190104595 0.0079284120739970352 0.99992090891023233
    outer loop
      vertex 0.77849205572571067 0.83194716334018182 0.0020519396258952965
      vertex 0.90171381162015196 0.80350972120527031 0.0010743118267756511
      vertex 0.83922719988581718 0.93356258640090861 0.00065322272485691425
    endloop
  endfacet
  facet normal 0.0044417891662316151 0.0053719018499847389 0.99997570629466648
    outer loop
      vertex 0.90171381162015196 0.80350972120527031 0.0010743118267756511
      vertex 0.94995499218102053 0.88210632250083898 0.0004378059826065624
      vertex 0.83922719988581718 0.93356258640090861 0.00065322272485691425
    endloop
  endfacet
  facet normal -0.003267973027531425 0.0055116679647368803 0.99997947072354332
    outer loop
      vertex -0.86583981060016446 0.83922129625701669 0.0010549925063013058
      vertex -0.85448073745063136 0.93868418279795873 0.00054389675311775423
      vertex -0.96495685367783224 0.91754527338609304 0.00029936941494636358
    endloop
  endfacet
  facet normal -0.0084427750524339491 0.0061024784290181116 0.99994573818104615
    outer loop
      vertex -0.86583981060016446 0.83922129625701669 0.0010549925063013058
      vertex -0.70817330825780656 0.8927744338145841 0.0020593829521831225
      vertex -0.85448073745063136 0.93868418279795873 0.00054389675311775423
    endloop
  endfacet
  facet normal -0.22923066591700403 0.15098153790301536 0.96159132536420444
    outer loop
      vertex -0.17081525763982958 0.84595568620501171 0.018717056857377942
      vertex -0.091660694934326839 0.83807301125553191 0.038824134569097724
      vertex -0.10062300243785659 0.93159851031230112 0.022002997594095602
    endloop
  endfacet
  facet normal -0.65224149906300799 0.097047963173586466 0.75177305069009914
    outer loop
      vertex -0.091660694934326839 0.83807301125553191 0.038824134569097724
      vertex -0.042618351490053448 0.79012440923097249 0.087563266326381811
      vertex -0.035474224052385372 0.93818934000759246 0.074647528590167253
    endloop
  endfacet
  facet normal -0.63136323805691008 0.078262155375221368 0.77152802714244817
    outer loop
      vertex -0.091660694934326839 0.83807301125553191 0.038824134569097724
      vertex -0.035474224052385372 0.93818934000759246 0.074647528590167253
      vertex -0.10062300243785659 0.93159851031230112 0.022002997594095602
    endloop
  endfacet
  facet normal -0.4640648628792326 0.13927079338897266 0.87478423005315165
    outer loop
      vertex -0.042618351490053448 0.79012440923097249 0.087563266326381811
      vertex 3.287524783505795e-05 0.80150476884044519 0.10837752354587912
      vertex 0.0088288163171550572 0.93842102084931556 0.091245815698354799
    endloop
  endfacet
  facet normal -0.34959515879442582 0.098144383795826115 0.93174615903519442
    outer loop
      vertex -0.042618351490053448 0.79012440923097249 0.087563266326381811
      vertex 0.0088288163171550572 0.93842102084931556 0.091245815698354799
      vertex -0.035474224052385372 0.93818934000759246 0.074647528590167253
    endloop
  endfacet
  facet normal 0.41818108395273995 0.086280236409759709 0.90425676764356455
    outer loop
      vertex 3.287524783505795e-05 0.80150476884044519 0.10837752354587912
      vertex 0.035463869254915258 0.80141835161076502 0.09200041041794671
      vertex 0.0088288163171550572 0.93842102084931556 0.091245815698354799
    endloop
  endfacet
  facet normal 0.64443702941143233 0.094126393129624092 0.75884197119016561
    outer loop
      vertex 0.035463869254915258 0.80141835161076502 0.09200041041794671
      vertex 0.091432896038885075 0.80030854991661293 0.044607075448948097
      vertex 0.09143056598238114 0.93744513275722963 0.027598698442633324
    endloop
  endfacet
  facet normal 0.60668326452897292 0.12227325806227665 0.78548371523749883
    outer loop
      vertex 0.035463869254915258 0.80141835161076502 0.09200041041794671
      vertex 0.09143056598238114 0.93744513275722963 0.027598698442633324
      vertex 0.0088288163171550572 0.93842102084931556 0.091245815698354799
    endloop
  endfacet
  facet normal 0.25098245791778306 0.12151822488461547 0.9603338621742129
    outer loop
      vertex 0.091432896038885075 0.80030854991661293 0.044607075448948097
      vertex 0.16310061297312048 0.80062681977964012 0.025836504037992702
      vertex 0.15488460356203751 0.93739185468636499 0.010677848693985262
    endloop
  endfacet
  facet normal 0.25592222316913443 0.1189873912293152 0.95934655699419158
    outer loop
      vertex 0.091432896038885075 0.80030854991661293 0.044607075448948097
      vertex 0.15488460356203751 0.93739185468636499 0.010677848693985262
      vertex 0.09143056598238114 0.93744513275722963 0.027598698442633324
    endloop
  endfacet
  facet normal 0.035965215371013014 0.11222543703698712 0.99303169867088037
    outer loop
      vertex 0.16310061297312048 0.80062681977964012 0.025836504037992702
      vertex 0.28017096622431542 0.88951001503916249 0.01155154624614177
      vertex 0.15488460356203751 0.93739185468636499 0.010677848693985262
    endloop
  endfacet
  facet normal -0.028622416452948853 0.091265320450638024 0.99541518903392079
    outer loop
      vertex -0.28087595429350909 0.8964899924986961 0.010919071817687559
      vertex -0.17081525763982958 0.84595568620501171 0.018717056857377942
      vertex -0.17503940684166508 0.9612660431108947 0.0080232859071494161
    endloop
  endfacet
  facet normal -0.15079961167720946 0.085808255298006897 0.98483319422159765
    outer loop
      vertex -0.17081525763982958 0.84595568620501171 0.018717056857377942
      vertex -0.10062300243785659 0.93159851031230112 0.022002997594095602
      vertex -0.17503940684166508 0.9612660431108947 0.0080232859071494161
    endloop
  endfacet
  facet normal 0.011727566469537843 0.023263221947325309 0.99966058574364725
    outer loop
      vertex 0.62486096366868249 0.83870494215881752 0.0046279216763553677
      vertex 0.69629281165013601 0.93337990726841658 0.0015867229787166863
      vertex 0.55330639314938102 0.93299814155821337 0.0032730591729190975
    endloop
  endfacet
  facet normal 0.006517901549757058 0.0098681220122554744 0.99993006611829549
    outer loop
      vertex 0.77849205572571067 0.83194716334018182 0.0020519396258952965
      vertex 0.83922719988581718 0.93356258640090861 0.00065322272485691425
      vertex 0.69629281165013601 0.93337990726841658 0.0015867229787166863
    endloop
  endfacet
  facet normal -0.0068326227734882318 0.011232728331932442 0.9999135668047795
    outer loop
      vertex -0.85448073745063136 0.93868418279795873 0.00054389675311775423
      vertex -0.70817330825780656 0.8927744338145841 0.0020593829521831225
      vertex -0.73205347913254082 0.97616630469335708 0.0009594054475863846
    endloop
  endfacet
  facet normal -0.007732527505840363 0.010974982107506791 0.99990987483178262
    outer loop
      vertex -0.70817330825780656 0.8927744338145841 0.0020593829521831225
      vertex -0.58913263392595028 0.97613801220634822 0.0020649549616789283
      vertex -0.73205347913254082 0.97616630469335708 0.0009594054475863846
    endloop
  endfacet
  facet normal -0.015664176968707963 0.022301156993866172 0.99962857700079177
    outer loop
      vertex -0.70817330825780656 0.8927744338145841 0.0020593829521831225
      vertex -0.56523709975708347 0.8926663881794733 0.0043016033722790142
      vertex -0.58913263392595028 0.97613801220634822 0.0020649549616789283
    endloop
  endfacet
  facet normal -0.011889318372344027 0.023382522750460922 0.99965589166395918
    outer loop
      vertex -0.56523709975708347 0.8926663881794733 0.0043016033722790142
      vertex -0.44622072746114055 0.97609642223916038 0.0037656378143382241
      vertex -0.58913263392595028 0.97613801220634822 0.0020649549616789283
    endloop
  endfacet
  facet normal -0.022983310337672265 0.039204131838286686 0.99896686806556734
    outer loop
      vertex -0.56523709975708347 0.8926663881794733 0.0043016033722790142
      vertex -0.44613790575801865 0.8834252329687603 0.0074043941684023562
      vertex -0.44622072746114055 0.97609642223916038 0.0037656378143382241
    endloop
  endfacet
  facet normal -0.035857254938801125 0.039177776689073247 0.99858868363403508
    outer loop
      vertex -0.44613790575801865 0.8834252329687603 0.0074043941684023562
      vertex -0.36758374654025289 0.8551292343874688 0.011335252680539601
      vertex -0.44622072746114055 0.97609642223916038 0.0037656378143382241
    endloop
  endfacet
  facet normal -0.01430625506965673 0.053180757184801628 0.99848241753730105
    outer loop
      vertex -0.36758374654025289 0.8551292343874688 0.011335252680539601
      vertex -0.30335900395051424 0.97604621218676191 0.005815234711483569
      vertex -0.44622072746114055 0.97609642223916038 0.0037656378143382241
    endloop
  endfacet
  facet normal -0.022693642152149026 0.057617360924557617 0.99808077745539192
    outer loop
      vertex -0.36758374654025289 0.8551292343874688 0.011335252680539601
      vertex -0.28087595429350909 0.8964899924986961 0.010919071817687559
      vertex -0.30335900395051424 0.97604621218676191 0.005815234711483569
    endloop
  endfacet
  facet normal -0.010128854926979031 0.061167942285909639 0.9980760938597697
    outer loop
      vertex -0.28087595429350909 0.8964899924986961 0.010919071817687559
      vertex -0.17503940684166508 0.9612660431108947 0.0080232859071494161
      vertex -0.30335900395051424 0.97604621218676191 0.005815234711483569
    endloop
  endfacet
  facet normal 0.017172868362213219 0.063141919321424586 0.99785679865230204
    outer loop
      vertex 0.15488460356203751 0.93739185468636499 0.010677848693985262
      vertex 0.28017096622431542 0.88951001503916249 0.01155154624614177
      vertex 0.26762809047892133 0.9759749345826132 0.006296118987471476
    endloop
  endfacet
  facet normal 0.026715687718289881 0.043631780672399555 0.99869041236265732
    outer loop
      vertex 0.28017096622431542 0.88951001503916249 0.01155154624614177
      vertex 0.43424433583714672 0.89240991750283982 0.0073032788311073391
      vertex 0.41049511422525381 0.97606408509568243 0.0042838210819603068
    endloop
  endfacet
  facet normal 0.014016902446743116 0.06268883891072867 0.99793468519829664
    outer loop
      vertex 0.28017096622431542 0.88951001503916249 0.01155154624614177
      vertex 0.41049511422525381 0.97606408509568243 0.0042838210819603068
      vertex 0.26762809047892133 0.9759749345826132 0.006296118987471476
    endloop
  endfacet
  facet normal 0.019623155725414315 0.041627253956587965 0.99894049046347599
    outer loop
      vertex 0.43424433583714672 0.89240991750283982 0.0073032788311073391
      vertex 0.55330639314938102 0.93299814155821337 0.0032730591729190975
      vertex 0.41049511422525381 0.97606408509568243 0.0042838210819603068
    endloop
  endfacet
  facet normal 0.0029414297628835005 0.0021432319386833106 0.99999337725197313
    outer loop
      vertex 0.83922719988581718 0.93356258640090861 0.00065322272485691425
      vertex 0.94995499218102053 0.88210632250083898 0.0004378059826065624
      vertex 0.95806273565929223 0.97670295007464669 0.00021121361045764887
    endloop
  endfacet
endsolid line_w_1e_02
