solid line_w_1e_01
  facet normal 0.045095664677814062 -0.77888188422982174 0.62554727355002404
    outer loop
      vertex -0.7416177361748687 -0.95472550495236952 -0.025386982899784735
      vertex -0.6011890102791112 -0.92834585833280503 -0.0026646360345020893
      vertex -0.67359696096475585 -0.89586741065492048 0.042994837511351115
    endloop
  endfacet
  facet normal -0.15975190083918622 -0.23285619441532227 0.95930043411888466
    outer loop
      vertex -0.44392538774644685 -0.96291482974844023 -0.01592530456990815
      vertex -0.39966411890515408 -0.88487340713497054 0.010388923600609739
      vertex -0.53002699407099141 -0.94177659481168319 -0.025132770779110771
    endloop
  endfacet
  facet normal -0.075056867307745509 -0.28012386906656378 0.95702512226645642
    outer loop
      vertex -0.44392538774644685 -0.96291482974844023 -0.01592530456990815
      vertex -0.30067349745685412 -0.95980497366109785 -0.0037801865682512564
      vertex -0.39966411890515408 -0.88487340713497054 0.010388923600609739
    endloop
  endfacet
  facet normal 0.01561236581464868 -0.3562443828776079 0.9342623794747501
    outer loop
      vertex -0.30067349745685412 -0.95980497366109785 -0.0037801865682512564
      vertex -0.19216832197568154 -0.93698699255099316 0.0031073380159079775
      vertex -0.26136026110688293 -0.8682564969256662 0.030471281406661724
    endloop
  endfacet
  facet normal 0.21434338656192253 0.14945325522713071 0.9652567726461081
    outer loop
      vertex -0.0018830507012942699 -0.95805106599388934 0.010831847219847306
      vertex 0.16758068096276657 -0.95204779434907327 -0.027728502407735563
      vertex 0.075646779645363468 -0.9188477887429537 -0.012454250773726416
    endloop
  endfacet
  facet normal -0.17813329244515844 -0.77324960697920975 0.60856682084151215
    outer loop
      vertex 0.16758068096276657 -0.95204779434907327 -0.027728502407735563
      vertex 0.14915698386261592 -0.88854121577973078 0.047570645568342208
      vertex 0.075646779645363468 -0.9188477887429537 -0.012454250773726416
    endloop
  endfacet
  facet normal -0.14428115714670989 0.55115841088617368 0.8218317064958216
    outer loop
      vertex 0.32374398183921493 -0.96464838153858945 0.0062436213040187455
      vertex 0.46919940085591982 -0.95777681749933696 0.027171453263858322
      vertex 0.40883777998136533 -0.89011042132542006 -0.028805880695178854
    endloop
  endfacet
  facet normal 0.31090362566947288 0.1704048478745879 0.93504070679645535
    outer loop
      vertex -0.89288112436047262 -0.93522311027697025 0.021354333176003534
      vertex -0.7416177361748687 -0.95472550495236952 -0.025386982899784735
      vertex -0.78149339650016214 -0.82599146936273327 -0.03558912309592515
    endloop
  endfacet
  facet normal 0.14231015990663859 -0.58351406000605133 0.79953684102898059
    outer loop
      vertex -0.6011890102791112 -0.92834585833280503 -0.0026646360345020893
      vertex -0.53002699407099141 -0.94177659481168319 -0.025132770779110771
      vertex -0.54393061956598954 -0.88582490334927499 0.018176335243254252
    endloop
  endfacet
  facet normal -0.09991744022045855 -0.31073626924914843 0.94522985358742861
    outer loop
      vertex -0.30067349745685412 -0.95980497366109785 -0.0037801865682512564
      vertex -0.26136026110688293 -0.8682564969256662 0.030471281406661724
      vertex -0.39966411890515408 -0.88487340713497054 0.010388923600609739
    endloop
  endfacet
  facet normal 0.18638857029339992 -0.14473127391883661 0.97175725323447582
    outer loop
      vertex -0.19216832197568154 -0.93698699255099316 0.0031073380159079775
      vertex -0.10401235538587292 -0.95307566559161061 -0.016197687655778784
      vertex -0.089984066203168386 -0.83880225590434487 -0.001868776450522622
    endloop
  endfacet
  facet normal -0.21226031576090063 0.42456869165900368 0.880163044223083
    outer loop
      vertex -0.10401235538587292 -0.95307566559161061 -0.016197687655778784
      vertex -0.0018830507012942699 -0.95805106599388934 0.010831847219847306
      vertex -0.041217801830233158 -0.86708162846468173 -0.042535517015716756
    endloop
  endfacet
  facet normal 0.13481420098621399 -0.74094678044471252 0.65789284823675032
    outer loop
      vertex 0.16758068096276657 -0.95204779434907327 -0.027728502407735563
      vertex 0.25798397812239238 -0.92726190503439943 -0.018338862998174197
      vertex 0.14915698386261592 -0.88854121577973078 0.047570645568342208
    endloop
  endfacet
  facet normal -0.23747573737893826 0.20642402251145664 0.94920724664665268
    outer loop
      vertex 0.25798397812239238 -0.92726190503439943 -0.018338862998174197
      vertex 0.32374398183921493 -0.96464838153858945 0.0062436213040187455
      vertex 0.33226245994199699 -0.86510761499006306 -0.013272320690166281
    endloop
  endfacet
  facet normal 0.24780138285550452 0.16593183884035786 0.95449520664797316
    outer loop
      vertex 0.32374398183921493 -0.96464838153858945 0.0062436213040187455
      vertex 0.40883777998136533 -0.89011042132542006 -0.028805880695178854
      vertex 0.33226245994199699 -0.86510761499006306 -0.013272320690166281
    endloop
  endfacet
  facet normal 0.27358500626871657 -0.15114307222451792 0.9498984240767433
    outer loop
      vertex 0.46919940085591982 -0.95777681749933696 0.027171453263858322
      vertex 0.57822652655145346 -0.9542532402156817 -0.0036693417395384934
      vertex 0.57038051060385064 -0.88547824462493407 0.0095335609394635312
    endloop
  endfacet
  facet normal 0.54833170156376476 -0.15651187741070632 0.82148425261204039
    outer loop
      vertex 0.68205322622975173 -0.90771624756525815 0.021338647180549907
      vertex 0.76123504201788605 -0.94961075501327463 -0.03949622292073203
      vertex 0.7401144872483606 -0.84780071897666009 -0.0060013025657809664
    endloop
  endfacet
  facet normal -0.11658324886486827 -0.33212487248342704 0.9360028927102626
    outer loop
      vertex 0.76123504201788605 -0.94961075501327463 -0.03949622292073203
      vertex 0.84651427514807953 -0.86815479082200109 2.895597261538523e-05
      vertex 0.7401144872483606 -0.84780071897666009 -0.0060013025657809664
    endloop
  endfacet
  facet normal -0.34052408917122878 -0.097278532483521613 0.93518994424232216
    outer loop
      vertex 0.76123504201788605 -0.94961075501327463 -0.03949622292073203
      vertex 0.87473302672962483 -0.93822133487468995 0.0030157225812750786
      vertex 0.84651427514807953 -0.86815479082200109 2.895597261538523e-05
    endloop
  endfacet
  facet normal 0.13671224883196798 0.50570272459059706 0.85180661852380146
    outer loop
      vertex 0.87473302672962483 -0.93822133487468995 0.0030157225812750786
      vertex 0.96671534538398385 -0.95705867161634173 -0.00056374845760490122
      vertex 0.9492161769897669 -0.87221708481107729 -0.048124157194928151
    endloop
  endfacet
  facet normal -0.074325263188949747 0.42928600572443099 0.90010514971366395
    outer loop
      vertex -0.89288112436047262 -0.93522311027697025 0.021354333176003534
      vertex -0.85952283125723294 -0.83419598289027075 -0.024073879388078364
      vertex -0.96449097355985691 -0.88396752059199035 -0.009004040247671808
    endloop
  endfacet
  facet normal 0.095515861205611799 0.3818298534420147 0.91928378821700107
    outer loop
      vertex -0.85952283125723294 -0.83419598289027075 -0.024073879388078364
      vertex -0.89288112436047262 -0.93522311027697025 0.021354333176003534
      vertex -0.78149339650016214 -0.82599146936273327 -0.03558912309592515
    endloop
  endfacet
  facet normal -0.68078585731889285 -0.061256560775342708 0.72991660498755406
    outer loop
      vertex -0.7416177361748687 -0.95472550495236952 -0.025386982899784735
      vertex -0.67359696096475585 -0.89586741065492048 0.042994837511351115
      vertex -0.69214467552469161 -0.82494230578591798 0.031647796350083676
    endloop
  endfacet
  facet normal 0.59456601948692978 0.25223479366135615 0.76345848435791241
    outer loop
      vertex -0.67359696096475585 -0.89586741065492048 0.042994837511351115
      vertex -0.6011890102791112 -0.92834585833280503 -0.0026646360345020893
      vertex -0.62160434322618152 -0.79448030529349534 -0.030992681822850005
    endloop
  endfacet
  facet normal -0.42058375901874734 0.12598726806774574 0.89846341602454027
    outer loop
      vertex -0.6011890102791112 -0.92834585833280503 -0.0026646360345020893
      vertex -0.54393061956598954 -0.88582490334927499 0.018176335243254252
      vertex -0.62160434322618152 -0.79448030529349534 -0.030992681822850005
    endloop
  endfacet
  facet normal 0.046925992567355919 -0.60410730187264317 0.79552015627872275
    outer loop
      vertex -0.53002699407099141 -0.94177659481168319 -0.025132770779110771
      vertex -0.39966411890515408 -0.88487340713497054 0.010388923600609739
      vertex -0.54393061956598954 -0.88582490334927499 0.018176335243254252
    endloop
  endfacet
  facet normal 0.50834222251020433 -0.49327448425323323 0.70588134130184566
    outer loop
      vertex -0.19216832197568154 -0.93698699255099316 0.0031073380159079775
      vertex -0.089984066203168386 -0.83880225590434487 -0.001868776450522622
      vertex -0.13757373931184741 -0.84142958627195608 0.030567050684852978
    endloop
  endfacet
  facet normal 0.57074319310259736 -0.17077597744446801 0.80317356346865509
    outer loop
      vertex -0.10401235538587292 -0.95307566559161061 -0.016197687655778784
      vertex -0.041217801830233158 -0.86708162846468173 -0.042535517015716756
      vertex -0.089984066203168386 -0.83880225590434487 -0.001868776450522622
    endloop
  endfacet
  facet normal 0.34746532742128106 -0.13608256504042562 0.92776580112226614
    outer loop
      vertex -0.0018830507012942699 -0.95805106599388934 0.010831847219847306
      vertex 0.075646779645363468 -0.9188477887429537 -0.012454250773726416
      vertex 0.10989933185011003 -0.83243612942159728 -0.012607796007679728
    endloop
  endfacet
  facet normal -0.67323042266863187 0.26808502476851304 0.68912351395688221
    outer loop
      vertex 0.075646779645363468 -0.9188477887429537 -0.012454250773726416
      vertex 0.14915698386261592 -0.88854121577973078 0.047570645568342208
      vertex 0.10989933185011003 -0.83243612942159728 -0.012607796007679728
    endloop
  endfacet
  facet normal 0.57477306050659238 0.42081897920106276 0.70181715258324984
    outer loop
      vertex 0.14915698386261592 -0.88854121577973078 0.047570645568342208
      vertex 0.25798397812239238 -0.92726190503439943 -0.018338862998174197
      vertex 0.2349721849520707 -0.84144024031893572 -0.050952523787736813
    endloop
  endfacet
  facet normal -0.28954307299874532 0.27119654400295495 0.91794185186170507
    outer loop
      vertex 0.25798397812239238 -0.92726190503439943 -0.018338862998174197
      vertex 0.33226245994199699 -0.86510761499006306 -0.013272320690166281
      vertex 0.2349721849520707 -0.84144024031893572 -0.050952523787736813
    endloop
  endfacet
  facet normal -0.20814409460888975 -0.88979432681401627 0.40613063397020094
    outer loop
      vertex 0.40883777998136533 -0.89011042132542006 -0.028805880695178854
      vertex 0.40921047262436416 -0.84164825308192825 0.07756121532663815
      vertex 0.33226245994199699 -0.86510761499006306 -0.013272320690166281
    endloop
  endfacet
  facet normal -0.213231440103818 0.50278017829464527 0.83770188328859352
    outer loop
      vertex 0.46919940085591982 -0.95777681749933696 0.027171453263858322
      vertex 0.57038051060385064 -0.88547824462493407 0.0095335609394635312
      vertex 0.40883777998136533 -0.89011042132542006 -0.028805880695178854
    endloop
  endfacet
  facet normal -0.14270183868638867 -0.20227718493530789 0.96887570187830141
    outer loop
      vertex 0.57038051060385064 -0.88547824462493407 0.0095335609394635312
      vertex 0.57822652655145346 -0.9542532402156817 -0.0036693417395384934
      vertex 0.68205322622975173 -0.90771624756525815 0.021338647180549907
    endloop
  endfacet
  facet normal -0.59590881359001202 -0.12167721082524828 0.79378041185930781
    outer loop
      vertex -0.7416177361748687 -0.95472550495236952 -0.025386982899784735
      vertex -0.69214467552469161 -0.82494230578591798 0.031647796350083676
      vertex -0.78149339650016214 -0.82599146936273327 -0.03558912309592515
    endloop
  endfacet
  facet normal 0.57014401378836921 0.27306238644866743 0.77483723235802648
    outer loop
      vertex -0.67359696096475585 -0.89586741065492048 0.042994837511351115
      vertex -0.62160434322618152 -0.79448030529349534 -0.030992681822850005
      vertex -0.69214467552469161 -0.82494230578591798 0.031647796350083676
    endloop
  endfacet
  facet normal -0.5767929173948726 -0.051631561360454804 0.81525708357216575
    outer loop
      vertex -0.62160434322618152 -0.79448030529349534 -0.030992681822850005
      vertex -0.54393061956598954 -0.88582490334927499 0.018176335243254252
      vertex -0.53316491751082851 -0.78726777037927076 0.032034834092656117
    endloop
  endfacet
  facet normal 0.053023628589695317 0.095742406732274271 0.99399290056030776
    outer loop
      vertex -0.54393061956598954 -0.88582490334927499 0.018176335243254252
      vertex -0.39966411890515408 -0.88487340713497054 0.010388923600609739
      vertex -0.46946988089629016 -0.80864482017827155 0.0067702321816181538
    endloop
  endfacet
  facet normal 0.34894829139029093 0.36060893283625933 0.86498340301678089
    outer loop
      vertex -0.39966411890515408 -0.88487340713497054 0.010388923600609739
      vertex -0.36240324688918679 -0.79457868607796656 -0.042286307470747672
      vertex -0.46946988089629016 -0.80864482017827155 0.0067702321816181538
    endloop
  endfacet
  facet normal -0.17520486034509083 0.34287773696417795 0.92289658922643181
    outer loop
      vertex -0.39966411890515408 -0.88487340713497054 0.010388923600609739
      vertex -0.26136026110688293 -0.8682564969256662 0.030471281406661724
      vertex -0.28757424720202007 -0.81852033049120765 0.0070166037993348775
    endloop
  endfacet
  facet normal 0.066561225599046592 -0.31051634947402124 0.94823478103056336
    outer loop
      vertex -0.19216832197568154 -0.93698699255099316 0.0031073380159079775
      vertex -0.13757373931184741 -0.84142958627195608 0.030567050684852978
      vertex -0.26136026110688293 -0.8682564969256662 0.030471281406661724
    endloop
  endfacet
  facet normal -0.50680650049139031 0.26256033711855198 0.82110245428439843
    outer loop
      vertex -0.041217801830233158 -0.86708162846468173 -0.042535517015716756
      vertex -0.0018830507012942699 -0.95805106599388934 0.010831847219847306
      vertex 0.011937158706960271 -0.81300428425554105 -0.027018922538248415
    endloop
  endfacet
  facet normal -0.089978550981834646 0.25949355330156904 0.96154404795523285
    outer loop
      vertex -0.0018830507012942699 -0.95805106599388934 0.010831847219847306
      vertex 0.10989933185011003 -0.83243612942159728 -0.012607796007679728
      vertex 0.011937158706960271 -0.81300428425554105 -0.027018922538248415
    endloop
  endfacet
  facet normal -0.41583934794142668 -0.46672297897862547 0.78054295051391409
    outer loop
      vertex 0.2349721849520707 -0.84144024031893572 -0.050952523787736813
      vertex 0.33226245994199699 -0.86510761499006306 -0.013272320690166281
      vertex 0.31571891991370649 -0.80346570891698088 0.014772566679490517
    endloop
  endfacet
  facet normal 0.33821279672781263 -0.85682027723183818 0.38919290416695307
    outer loop
      vertex 0.40883777998136533 -0.89011042132542006 -0.028805880695178854
      vertex 0.54058879823454287 -0.81158255534508084 0.029582613291357137
      vertex 0.40921047262436416 -0.84164825308192825 0.07756121532663815
    endloop
  endfacet
  facet normal -0.20862985603481168 -0.33354726030193493 0.91935836773043345
    outer loop
      vertex 0.40883777998136533 -0.89011042132542006 -0.028805880695178854
      vertex 0.57038051060385064 -0.88547824462493407 0.0095335609394635312
      vertex 0.54058879823454287 -0.81158255534508084 0.029582613291357137
    endloop
  endfacet
  facet normal -0.011638504745532961 0.4226279862853094 0.90622851997479781
    outer loop
      vertex 0.57038051060385064 -0.88547824462493407 0.0095335609394635312
      vertex 0.68205322622975173 -0.90771624756525815 0.021338647180549907
      vertex 0.68878915327198786 -0.78672198265987492 -0.035001630447886095
    endloop
  endfacet
  facet normal -0.0092635986486725563 0.42252983544733502 0.90630167378027293
    outer loop
      vertex 0.68205322622975173 -0.90771624756525815 0.021338647180549907
      vertex 0.7401144872483606 -0.84780071897666009 -0.0060013025657809664
      vertex 0.68878915327198786 -0.78672198265987492 -0.035001630447886095
    endloop
  endfacet
  facet normal 0.42199026670106565 0.20757286503996622 0.88251783013640217
    outer loop
      vertex 0.84651427514807953 -0.86815479082200109 2.895597261538523e-05
      vertex 0.87473302672962483 -0.93822133487468995 0.0030157225812750786
      vertex 0.9492161769897669 -0.87221708481107729 -0.048124157194928151
    endloop
  endfacet
  facet normal 0.17754185380858892 -0.49357506563690773 0.85138859795497135
    outer loop
      vertex -0.85952283125723294 -0.83419598289027075 -0.024073879388078364
      vertex -0.78149339650016214 -0.82599146936273327 -0.03558912309592515
      vertex -0.79504111958589629 -0.73771157009394872 0.018414471805363746
    endloop
  endfacet
  facet normal 0.31501568989296097 -0.16581237460245488 0.93448989911606695
    outer loop
      vertex -0.54393061956598954 -0.88582490334927499 0.018176335243254252
      vertex -0.46946988089629016 -0.80864482017827155 0.0067702321816181538
      vertex -0.53316491751082851 -0.78726777037927076 0.032034834092656117
    endloop
  endfacet
  facet normal -0.31580314745171556 0.57196080346181222 0.75705297791033632
    outer loop
      vertex -0.39966411890515408 -0.88487340713497054 0.010388923600609739
      vertex -0.28757424720202007 -0.81852033049120765 0.0070166037993348775
      vertex -0.36240324688918679 -0.79457868607796656 -0.042286307470747672
    endloop
  endfacet
  facet normal -0.2473894844112908 0.30353410665328379 0.92014427624199713
    outer loop
      vertex -0.28757424720202007 -0.81852033049120765 0.0070166037993348775
      vertex -0.26136026110688293 -0.8682564969256662 0.030471281406661724
      vertex -0.19257071357309605 -0.76711456518142174 0.015601640250182134
    endloop
  endfacet
  facet normal -0.037689746020946449 0.17039542704833185 0.98465470165225588
    outer loop
      vertex -0.26136026110688293 -0.8682564969256662 0.030471281406661724
      vertex -0.13757373931184741 -0.84142958627195608 0.030567050684852978
      vertex -0.19257071357309605 -0.76711456518142174 0.015601640250182134
    endloop
  endfacet
  facet normal 0.34280687994696146 -0.52707594146477144 0.77760812430815973
    outer loop
      vertex -0.089984066203168386 -0.83880225590434487 -0.001868776450522622
      vertex -0.041217801830233158 -0.86708162846468173 -0.042535517015716756
      vertex 0.0023669202901330307 -0.72068042072711458 0.037483466648812337
    endloop
  endfacet
  facet normal 0.3015991445705673 -0.52484629283117523 0.79597382174018394
    outer loop
      vertex -0.041217801830233158 -0.86708162846468173 -0.042535517015716756
      vertex 0.011937158706960271 -0.81300428425554105 -0.027018922538248415
      vertex 0.0023669202901330307 -0.72068042072711458 0.037483466648812337
    endloop
  endfacet
  facet normal 0.78593101455163294 -0.29301734477446645 0.54447522994821573
    outer loop
      vertex 0.14915698386261592 -0.88854121577973078 0.047570645568342208
      vertex 0.2349721849520707 -0.84144024031893572 -0.050952523787736813
      vertex 0.23085182025661846 -0.76422393732767591 -0.0034498330157818726
    endloop
  endfacet
  facet normal -0.36654894944482891 0.54912064041542774 0.75107149455337652
    outer loop
      vertex 0.14915698386261592 -0.88854121577973078 0.047570645568342208
      vertex 0.23085182025661846 -0.76422393732767591 -0.0034498330157818726
      vertex 0.10989933185011003 -0.83243612942159728 -0.012607796007679728
    endloop
  endfacet
  facet normal 0.30752972336633311 -0.3244393450638734 0.89451918963248167
    outer loop
      vertex 0.33226245994199699 -0.86510761499006306 -0.013272320690166281
      vertex 0.44107684675156894 -0.78473547847361047 -0.021531254681373371
      vertex 0.31571891991370649 -0.80346570891698088 0.014772566679490517
    endloop
  endfacet
  facet normal -0.55856679081403171 0.78404879050493692 0.27068548965073708
    outer loop
      vertex 0.33226245994199699 -0.86510761499006306 -0.013272320690166281
      vertex 0.40921047262436416 -0.84164825308192825 0.07756121532663815
      vertex 0.44107684675156894 -0.78473547847361047 -0.021531254681373371
    endloop
  endfacet
  facet normal -0.018822108834133253 0.86960202215790472 0.49339441755852798
    outer loop
      vertex 0.40921047262436416 -0.84164825308192825 0.07756121532663815
      vertex 0.54058879823454287 -0.81158255534508084 0.029582613291357137
      vertex 0.44107684675156894 -0.78473547847361047 -0.021531254681373371
    endloop
  endfacet
  facet normal 0.40961900857259115 -0.081381042323883476 0.90861949889174498
    outer loop
      vertex 0.57038051060385064 -0.88547824462493407 0.0095335609394635312
      vertex 0.68878915327198786 -0.78672198265987492 -0.035001630447886095
      vertex 0.54058879823454287 -0.81158255534508084 0.029582613291357137
    endloop
  endfacet
  facet normal -0.0026356265907055859 0.27137169387055432 0.96247101631077736
    outer loop
      vertex 0.7401144872483606 -0.84780071897666009 -0.0060013025657809664
      vertex 0.84651427514807953 -0.86815479082200109 2.895597261538523e-05
      vertex 0.84266083976458872 -0.74906174529799863 -0.033560250518746761
    endloop
  endfacet
  facet normal 0.64312648715079956 -0.50799612638513347 0.57299935174725269
    outer loop
      vertex 0.7401144872483606 -0.84780071897666009 -0.0060013025657809664
      vertex 0.84266083976458872 -0.74906174529799863 -0.033560250518746761
      vertex 0.80694595648638989 -0.71014161539545895 0.041030519122224531
    endloop
  endfacet
  facet normal 0.40031259958984189 -0.26776977885449904 0.87638414416386823
    outer loop
      vertex 0.84651427514807953 -0.86815479082200109 2.895597261538523e-05
      vertex 0.9492161769897669 -0.87221708481107729 -0.048124157194928151
      vertex 0.89935339005439618 -0.74406208420025088 0.013808430694753076
    endloop
  endfacet
  facet normal -0.072512960930612783 -0.45670308464896253 0.88665898910979191
    outer loop
      vertex 0.9492161769897669 -0.87221708481107729 -0.048124157194928151
      vertex 0.95234327882930336 -0.74126201800728908 0.019584329506923306
      vertex 0.89935339005439618 -0.74406208420025088 0.013808430694753076
    endloop
  endfacet
  facet normal 0.3457519510078112 0.12982449456178527 0.92930145215966875
    outer loop
      vertex -0.93762478903665514 -0.79017381522014862 0.014326534712218163
      vertex -0.91656986496455239 -0.68729633239688037 -0.0078791750040568109
      vertex -0.97871769783321494 -0.67207836242852381 0.013117315597032501
    endloop
  endfacet
  facet normal 0.23907857604464125 -0.21770139273020461 0.94628089808459936
    outer loop
      vertex -0.96449097355985691 -0.88396752059199035 -0.009004040247671808
      vertex -0.85952283125723294 -0.83419598289027075 -0.024073879388078364
      vertex -0.87369663071258918 -0.72125210190650102 0.0054910120073610146
    endloop
  endfacet
  facet normal 0.47693722771918046 -0.33839070119462245 0.81118593069687439
    outer loop
      vertex -0.96449097355985691 -0.88396752059199035 -0.009004040247671808
      vertex -0.87369663071258918 -0.72125210190650102 0.0054910120073610146
      vertex -0.93762478903665514 -0.79017381522014862 0.014326534712218163
    endloop
  endfacet
  facet normal -0.57582626057088171 0.30007495742492191 0.76051241775751843
    outer loop
      vertex -0.78149339650016214 -0.82599146936273327 -0.03558912309592515
      vertex -0.69214467552469161 -0.82494230578591798 0.031647796350083676
      vertex -0.67926945683164541 -0.72032689136688133 0.00011829540591998255
    endloop
  endfacet
  facet normal 0.61719095873736229 0.15644026901533281 0.77110424890754292
    outer loop
      vertex -0.69214467552469161 -0.82494230578591798 0.031647796350083676
      vertex -0.62160434322618152 -0.79448030529349534 -0.030992681822850005
      vertex -0.67926945683164541 -0.72032689136688133 0.00011829540591998255
    endloop
  endfacet
  facet normal -0.46825349426628976 0.26941897098399203 0.84151772600542207
    outer loop
      vertex -0.36240324688918679 -0.79457868607796656 -0.042286307470747672
      vertex -0.28757424720202007 -0.81852033049120765 0.0070166037993348775
      vertex -0.24965871941916559 -0.72734198895673596 -0.0010772204547346703
    endloop
  endfacet
  facet normal -0.17357724129836694 0.1584627640503391 0.97198790821325287
    outer loop
      vertex -0.28757424720202007 -0.81852033049120765 0.0070166037993348775
      vertex -0.19257071357309605 -0.76711456518142174 0.015601640250182134
      vertex -0.24965871941916559 -0.72734198895673596 -0.0010772204547346703
    endloop
  endfacet
  facet normal 0.47044971544698833 0.49523480262112241 0.73035577324251055
    outer loop
      vertex -0.13757373931184741 -0.84142958627195608 0.030567050684852978
      vertex -0.089984066203168386 -0.83880225590434487 -0.001868776450522622
      vertex -0.19257071357309605 -0.76711456518142174 0.015601640250182134
    endloop
  endfacet
  facet normal 0.28061970787515333 0.17142420046123422 0.9443867444263977
    outer loop
      vertex -0.089984066203168386 -0.83880225590434487 -0.001868776450522622
      vertex -0.050096357437734607 -0.74283016879074215 -0.031141969498569542
      vertex -0.19257071357309605 -0.76711456518142174 0.015601640250182134
    endloop
  endfacet
  facet normal -0.77193744034792522 0.45594588620471499 0.44297396880865403
    outer loop
      vertex -0.089984066203168386 -0.83880225590434487 -0.001868776450522622
      vertex 0.0023669202901330307 -0.72068042072711458 0.037483466648812337
      vertex -0.050096357437734607 -0.74283016879074215 -0.031141969498569542
    endloop
  endfacet
  facet normal 0.0962036075464862 -0.56334424486806611 0.82060229567621246
    outer loop
      vertex 0.011937158706960271 -0.81300428425554105 -0.027018922538248415
      vertex 0.11563521771309757 -0.73090418818039571 0.017185790812203339
      vertex 0.0023669202901330307 -0.72068042072711458 0.037483466648812337
    endloop
  endfacet
  facet normal -0.19179286489135527 -0.26634955325692367 0.94460225092713146
    outer loop
      vertex 0.011937158706960271 -0.81300428425554105 -0.027018922538248415
      vertex 0.10989933185011003 -0.83243612942159728 -0.012607796007679728
      vertex 0.11563521771309757 -0.73090418818039571 0.017185790812203339
    endloop
  endfacet
  facet normal -0.39548325810229312 -0.49647628463729609 0.77272523664853976
    outer loop
      vertex 0.2349721849520707 -0.84144024031893572 -0.050952523787736813
      vertex 0.31571891991370649 -0.80346570891698088 0.014772566679490517
      vertex 0.23085182025661846 -0.76422393732767591 -0.0034498330157818726
    endloop
  endfacet
  facet normal 0.25784440759602834 0.12998041777907668 0.95740344289407575
    outer loop
      vertex 0.44107684675156894 -0.78473547847361047 -0.021531254681373371
      vertex 0.41765362901023645 -0.74553653036153444 -0.020544784393002832
      vertex 0.31571891991370649 -0.80346570891698088 0.014772566679490517
    endloop
  endfacet
  facet normal -0.26740098406022228 0.53484945975435572 0.80151903852877904
    outer loop
      vertex 0.54058879823454287 -0.81158255534508084 0.029582613291357137
      vertex 0.56747701623659663 -0.74728591359749275 -0.0043518122704697239
      vertex 0.44107684675156894 -0.78473547847361047 -0.021531254681373371
    endloop
  endfacet
  facet normal -0.67708736758256793 -0.23840083531052467 0.69621673233509174
    outer loop
      vertex 0.68878915327198786 -0.78672198265987492 -0.035001630447886095
      vertex 0.7401144872483606 -0.84780071897666009 -0.0060013025657809664
      vertex 0.74240907026000968 -0.71566054154882708 0.041478110543215561
    endloop
  endfacet
  facet normal 0.035466660441221813 -0.33847799825335395 0.94030567407388832
    outer loop
      vertex 0.7401144872483606 -0.84780071897666009 -0.0060013025657809664
      vertex 0.80694595648638989 -0.71014161539545895 0.041030519122224531
      vertex 0.74240907026000968 -0.71566054154882708 0.041478110543215561
    endloop
  endfacet
  facet normal -0.63935215786816491 0.18949014013512949 0.74519950685765368
    outer loop
      vertex 0.84651427514807953 -0.86815479082200109 2.895597261538523e-05
      vertex 0.89935339005439618 -0.74406208420025088 0.013808430694753076
      vertex 0.84266083976458872 -0.74906174529799863 -0.033560250518746761
    endloop
  endfacet
  facet normal -0.11707303391761417 0.23237162576259271 0.96555545271609067
    outer loop
      vertex -0.93762478903665514 -0.79017381522014862 0.014326534712218163
      vertex -0.87369663071258918 -0.72125210190650102 0.0054910120073610146
      vertex -0.91656986496455239 -0.68729633239688037 -0.0078791750040568109
    endloop
  endfacet
  facet normal -0.21121226727781059 -0.2722420182526169 0.93876177044504139
    outer loop
      vertex -0.85952283125723294 -0.83419598289027075 -0.024073879388078364
      vertex -0.79504111958589629 -0.73771157009394872 0.018414471805363746
      vertex -0.87369663071258918 -0.72125210190650102 0.0054910120073610146
    endloop
  endfacet
  facet normal 0.20722785637962968 -0.48716948460300119 0.84836460841547956
    outer loop
      vertex -0.78149339650016214 -0.82599146936273327 -0.03558912309592515
      vertex -0.67926945683164541 -0.72032689136688133 0.00011829540591998255
      vertex -0.79504111958589629 -0.73771157009394872 0.018414471805363746
    endloop
  endfacet
  facet normal 0.24779147044935582 -0.2046027339623486 0.94696204170372023
    outer loop
      vertex -0.62160434322618152 -0.79448030529349534 -0.030992681822850005
      vertex -0.57267047868239085 -0.72066208943708177 -0.02784787305626877
      vertex -0.67926945683164541 -0.72032689136688133 0.00011829540591998255
    endloop
  endfacet
  facet normal -0.56375558220906918 0.34167696917280083 0.75195511319825625
    outer loop
      vertex -0.62160434322618152 -0.79448030529349534 -0.030992681822850005
      vertex -0.53316491751082851 -0.78726777037927076 0.032034834092656117
      vertex -0.57267047868239085 -0.72066208943708177 -0.02784787305626877
    endloop
  endfacet
  facet normal -0.023818801387418532 0.66054055672029011 0.75041244501148563
    outer loop
      vertex -0.53316491751082851 -0.78726777037927076 0.032034834092656117
      vertex -0.47163801068605316 -0.7023286181607401 -0.040778800706937138
      vertex -0.57267047868239085 -0.72066208943708177 -0.02784787305626877
    endloop
  endfacet
  facet normal 0.44752228531752836 0.37269376147634464 0.81291030520026641
    outer loop
      vertex -0.53316491751082851 -0.78726777037927076 0.032034834092656117
      vertex -0.46946988089629016 -0.80864482017827155 0.0067702321816181538
      vertex -0.47163801068605316 -0.7023286181607401 -0.040778800706937138
    endloop
  endfacet
  facet normal 0.38257133630540957 -0.66113563379422724 0.64539820759357425
    outer loop
      vertex -0.46946988089629016 -0.80864482017827155 0.0067702321816181538
      vertex -0.36240324688918679 -0.79457868607796656 -0.042286307470747672
      vertex -0.36227729566570843 -0.70011207695343036 0.054409120923385471
    endloop
  endfacet
  facet normal -0.62839127168268194 0.30687710070619834 0.71480826431650879
    outer loop
      vertex -0.46946988089629016 -0.80864482017827155 0.0067702321816181538
      vertex -0.36227729566570843 -0.70011207695343036 0.054409120923385471
      vertex -0.47163801068605316 -0.7023286181607401 -0.040778800706937138
    endloop
  endfacet
  facet normal 0.67727883321014049 -0.52670777426170057 0.51368502276959171
    outer loop
      vertex -0.36240324688918679 -0.79457868607796656 -0.042286307470747672
      vertex -0.30869415374999154 -0.68473117122234006 -0.00046786392750947396
      vertex -0.36227729566570843 -0.70011207695343036 0.054409120923385471
    endloop
  endfacet
  facet normal -0.18474585943872315 -0.26947306253655623 0.94512075206685453
    outer loop
      vertex -0.36240324688918679 -0.79457868607796656 -0.042286307470747672
      vertex -0.24965871941916559 -0.72734198895673596 -0.0010772204547346703
      vertex -0.30869415374999154 -0.68473117122234006 -0.00046786392750947396
    endloop
  endfacet
  facet normal 0.08850016958204536 -0.2850634958361582 0.95441423047103491
    outer loop
      vertex 0.10989933185011003 -0.83243612942159728 -0.012607796007679728
      vertex 0.23085182025661846 -0.76422393732767591 -0.0034498330157818726
      vertex 0.11563521771309757 -0.73090418818039571 0.017185790812203339
    endloop
  endfacet
  facet normal -0.10309572347404923 0.2267624941082961 0.96847820990828049
    outer loop
      vertex 0.23085182025661846 -0.76422393732767591 -0.0034498330157818726
      vertex 0.31571891991370649 -0.80346570891698088 0.014772566679490517
      vertex 0.35858284693500941 -0.70528894601179815 -0.0036519263758027953
    endloop
  endfacet
  facet normal 0.3035538835694524 0.046070728833200111 0.9516998096640984
    outer loop
      vertex 0.31571891991370649 -0.80346570891698088 0.014772566679490517
      vertex 0.41765362901023645 -0.74553653036153444 -0.020544784393002832
      vertex 0.35858284693500941 -0.70528894601179815 -0.0036519263758027953
    endloop
  endfacet
  facet normal -0.10805625947813541 -0.089485528303104508 0.99010917832929324
    outer loop
      vertex 0.44107684675156894 -0.78473547847361047 -0.021531254681373371
      vertex 0.56747701623659663 -0.74728591359749275 -0.0043518122704697239
      vertex 0.41765362901023645 -0.74553653036153444 -0.020544784393002832
    endloop
  endfacet
  facet normal -0.44275247763389336 0.55629495554679631 0.70321132384386165
    outer loop
      vertex 0.54058879823454287 -0.81158255534508084 0.029582613291357137
      vertex 0.61806713229551979 -0.7075681887130536 -0.0039193260183953468
      vertex 0.56747701623659663 -0.74728591359749275 -0.0043518122704697239
    endloop
  endfacet
  facet normal 0.39987373369538243 -0.0026419222521016253 0.91656642822401491
    outer loop
      vertex 0.54058879823454287 -0.81158255534508084 0.029582613291357137
      vertex 0.68878915327198786 -0.78672198265987492 -0.035001630447886095
      vertex 0.61806713229551979 -0.7075681887130536 -0.0039193260183953468
    endloop
  endfacet
  facet normal 0.15324740636101636 0.019265014297194922 0.98800004639056083
    outer loop
      vertex -0.79504111958589629 -0.73771157009394872 0.018414471805363746
      vertex -0.67926945683164541 -0.72032689136688133 0.00011829540591998255
      vertex -0.72510712557740309 -0.65655847304377191 0.0059846963027549499
    endloop
  endfacet
  facet normal -0.47192350644009895 0.70775598250269589 0.5257087342825163
    outer loop
      vertex -0.47163801068605316 -0.7023286181607401 -0.040778800706937138
      vertex -0.36227729566570843 -0.70011207695343036 0.054409120923385471
      vertex -0.34958232533370748 -0.64272907294367809 -0.011448847968646456
    endloop
  endfacet
  facet normal -0.17129632796248354 0.16168392568364753 0.97186206644878059
    outer loop
      vertex -0.19257071357309605 -0.76711456518142174 0.015601640250182134
      vertex -0.14507261140649697 -0.62525267219281533 0.00037258893936413561
      vertex -0.24965871941916559 -0.72734198895673596 -0.0010772204547346703
    endloop
  endfacet
  facet normal 0.10461109127755489 0.071460451542931222 0.99194250007094642
    outer loop
      vertex -0.19257071357309605 -0.76711456518142174 0.015601640250182134
      vertex -0.074761846489437164 -0.65730808562555287 -0.0047331420156783667
      vertex -0.14507261140649697 -0.62525267219281533 0.00037258893936413561
    endloop
  endfacet
  facet normal 0.3350020850276148 -0.18845504459362555 0.92317836802774211
    outer loop
      vertex -0.19257071357309605 -0.76711456518142174 0.015601640250182134
      vertex -0.050096357437734607 -0.74283016879074215 -0.031141969498569542
      vertex -0.074761846489437164 -0.65730808562555287 -0.0047331420156783667
    endloop
  endfacet
  facet normal 0.18933404964633985 0.18194184297470012 0.96490920993608875
    outer loop
      vertex 0.0023669202901330307 -0.72068042072711458 0.037483466648812337
      vertex 0.11563521771309757 -0.73090418818039571 0.017185790812203339
      vertex 0.045060326819635677 -0.66715011771524946 0.019012591510640945
    endloop
  endfacet
  facet normal 0.12089277834566646 0.10554418938846923 0.98703868223600866
    outer loop
      vertex 0.11563521771309757 -0.73090418818039571 0.017185790812203339
      vertex 0.15474118375201026 -0.63593697864147414 0.0022412234927244009
      vertex 0.045060326819635677 -0.66715011771524946 0.019012591510640945
    endloop
  endfacet
  facet normal 0.16821062818083377 -0.36142154502507395 0.9171039479572084
    outer loop
      vertex 0.23085182025661846 -0.76422393732767591 -0.0034498330157818726
      vertex 0.35858284693500941 -0.70528894601179815 -0.0036519263758027953
      vertex 0.28656497746791065 -0.67926949982925933 0.019811236716261376
    endloop
  endfacet
  facet normal 0.28173218267263744 0.010797824208982979 0.95943232394935674
    outer loop
      vertex 0.41765362901023645 -0.74553653036153444 -0.020544784393002832
      vertex 0.46729777484289559 -0.63905043842240816 -0.036320958789033519
      vertex 0.35858284693500941 -0.70528894601179815 -0.0036519263758027953
    endloop
  endfacet
  facet normal -0.43708340645925592 0.3278529903931946 0.83753836478588406
    outer loop
      vertex 0.41765362901023645 -0.74553653036153444 -0.020544784393002832
      vertex 0.52058454083356009 -0.67112303749946867 0.0040423966545533657
      vertex 0.46729777484289559 -0.63905043842240816 -0.036320958789033519
    endloop
  endfacet
  facet normal -0.10521229352817402 0.1232682196704971 0.98678027914516386
    outer loop
      vertex 0.41765362901023645 -0.74553653036153444 -0.020544784393002832
      vertex 0.56747701623659663 -0.74728591359749275 -0.0043518122704697239
      vertex 0.61806713229551979 -0.7075681887130536 -0.0039193260183953468
    endloop
  endfacet
  facet normal -0.026471755177694654 -0.28041888816395688 0.95951263323559355
    outer loop
      vertex 0.41765362901023645 -0.74553653036153444 -0.020544784393002832
      vertex 0.61806713229551979 -0.7075681887130536 -0.0039193260183953468
      vertex 0.52058454083356009 -0.67112303749946867 0.0040423966545533657
    endloop
  endfacet
  facet normal -0.31312780057726042 -0.57622039699301941 0.7549311455986264
    outer loop
      vertex 0.68878915327198786 -0.78672198265987492 -0.035001630447886095
      vertex 0.74240907026000968 -0.71566054154882708 0.041478110543215561
      vertex 0.61806713229551979 -0.7075681887130536 -0.0039193260183953468
    endloop
  endfacet
  facet normal 0.061279064576183109 0.43171988677396422 0.89992378322197009
    outer loop
      vertex -0.87369663071258918 -0.72125210190650102 0.0054910120073610146
      vertex -0.81061260329291418 -0.63234713493826777 -0.041454933027991019
      vertex -0.91656986496455239 -0.68729633239688037 -0.0078791750040568109
    endloop
  endfacet
  facet normal -0.040819625814456369 0.48905085610230653 0.87129961453794347
    outer loop
      vertex -0.87369663071258918 -0.72125210190650102 0.0054910120073610146
      vertex -0.79504111958589629 -0.73771157009394872 0.018414471805363746
      vertex -0.81061260329291418 -0.63234713493826777 -0.041454933027991019
    endloop
  endfacet
  facet normal -0.34421802347581593 0.42486934278120453 0.83725742390203373
    outer loop
      vertex -0.79504111958589629 -0.73771157009394872 0.018414471805363746
      vertex -0.72510712557740309 -0.65655847304377191 0.0059846963027549499
      vertex -0.81061260329291418 -0.63234713493826777 -0.041454933027991019
    endloop
  endfacet
  facet normal 0.19952016269300435 -0.6088173995311813 0.76781057475593995
    outer loop
      vertex -0.57267047868239085 -0.72066208943708177 -0.02784787305626877
      vertex -0.53016327472541802 -0.63072855709830522 0.032417062803380803
      vertex -0.67926945683164541 -0.72032689136688133 0.00011829540591998255
    endloop
  endfacet
  facet normal 0.20857658378238508 -0.61055452228243923 0.76401504174861112
    outer loop
      vertex -0.57267047868239085 -0.72066208943708177 -0.02784787305626877
      vertex -0.47163801068605316 -0.7023286181607401 -0.040778800706937138
      vertex -0.53016327472541802 -0.63072855709830522 0.032417062803380803
    endloop
  endfacet
  facet normal 0.2651492538594169 -0.80453414346690666 0.53143267228668345
    outer loop
      vertex -0.47163801068605316 -0.7023286181607401 -0.040778800706937138
      vertex -0.34958232533370748 -0.64272907294367809 -0.011448847968646456
      vertex -0.42426472966941464 -0.63462129280717938 0.038087003149244396
    endloop
  endfacet
  facet normal -0.1864619094285008 -0.27183607100008816 0.94410651244206145
    outer loop
      vertex -0.30869415374999154 -0.68473117122234006 -0.00046786392750947396
      vertex -0.24965871941916559 -0.72734198895673596 -0.0010772204547346703
      vertex -0.22771287619534025 -0.63336907336197934 0.030314673994307539
    endloop
  endfacet
  facet normal 0.34842227689893468 -0.36917914868122353 0.86157337072333495
    outer loop
      vertex -0.24965871941916559 -0.72734198895673596 -0.0010772204547346703
      vertex -0.14507261140649697 -0.62525267219281533 0.00037258893936413561
      vertex -0.22771287619534025 -0.63336907336197934 0.030314673994307539
    endloop
  endfacet
  facet normal -0.77285772148325427 0.45265662245482691 0.44473916455772244
    outer loop
      vertex -0.050096357437734607 -0.74283016879074215 -0.031141969498569542
      vertex 0.0023669202901330307 -0.72068042072711458 0.037483466648812337
      vertex -0.0073116168074706276 -0.65182300034909313 -0.049418930414076086
    endloop
  endfacet
  facet normal 0.55515297054169521 -0.095045533372985755 0.8262999006925853
    outer loop
      vertex -0.050096357437734607 -0.74283016879074215 -0.031141969498569542
      vertex -0.0073116168074706276 -0.65182300034909313 -0.049418930414076086
      vertex -0.074761846489437164 -0.65730808562555287 -0.0047331420156783667
    endloop
  endfacet
  facet normal -0.54470769125715601 0.62671477629889549 0.55724511685067657
    outer loop
      vertex 0.0023669202901330307 -0.72068042072711458 0.037483466648812337
      vertex 0.045060326819635677 -0.66715011771524946 0.019012591510640945
      vertex -0.0073116168074706276 -0.65182300034909313 -0.049418930414076086
    endloop
  endfacet
  facet normal -0.1692520192713276 0.85662368089018293 0.48739062702388142
    outer loop
      vertex 0.045060326819635677 -0.66715011771524946 0.019012591510640945
      vertex 0.15474118375201026 -0.63593697864147414 0.0022412234927244009
      vertex 0.091966745669862182 -0.6201388368083548 -0.047324282023561745
    endloop
  endfacet
  facet normal 0.19625976903334227 0.0730595762413139 0.97782636565927117
    outer loop
      vertex 0.11563521771309757 -0.73090418818039571 0.017185790812203339
      vertex 0.23085182025661846 -0.76422393732767591 -0.0034498330157818726
      vertex 0.15474118375201026 -0.63593697864147414 0.0022412234927244009
    endloop
  endfacet
  facet normal -0.17864697429115681 -0.14913243398183726 0.97254551343948314
    outer loop
      vertex 0.23085182025661846 -0.76422393732767591 -0.0034498330157818726
      vertex 0.28656497746791065 -0.67926949982925933 0.019811236716261376
      vertex 0.15474118375201026 -0.63593697864147414 0.0022412234927244009
    endloop
  endfacet
  facet normal -9.3180207926242331e-05 -0.21366219044803689 0.97690760038521329
    outer loop
      vertex 0.61806713229551979 -0.7075681887130536 -0.0039193260183953468
      vertex 0.64068445203292146 -0.65576059324226621 0.0074138152247728078
      vertex 0.52058454083356009 -0.67112303749946867 0.0040423966545533657
    endloop
  endfacet
  facet normal -0.34556017480215523 -0.054078209045112152 0.93683707916434278
    outer loop
      vertex 0.61806713229551979 -0.7075681887130536 -0.0039193260183953468
      vertex 0.74240907026000968 -0.71566054154882708 0.041478110543215561
      vertex 0.64068445203292146 -0.65576059324226621 0.0074138152247728078
    endloop
  endfacet
  facet normal -0.63243810169917836 0.26075671841988685 0.72940248239091676
    outer loop
      vertex 0.84266083976458872 -0.74906174529799863 -0.033560250518746761
      vertex 0.89935339005439618 -0.74406208420025088 0.013808430694753076
      vertex 0.93629713035924156 -0.61060059038598924 -0.0018706387496937112
    endloop
  endfacet
  facet normal 0.60988923891379576 -0.544279115681232 0.57601680573608882
    outer loop
      vertex 0.84266083976458872 -0.74906174529799863 -0.033560250518746761
      vertex 0.93629713035924156 -0.61060059038598924 -0.0018706387496937112
      vertex 0.80694595648638989 -0.71014161539545895 0.041030519122224531
    endloop
  endfacet
  facet normal -0.11486184100901764 0.14720916445520776 0.9824134666119041
    outer loop
      vertex 0.89935339005439618 -0.74406208420025088 0.013808430694753076
      vertex 0.95234327882930336 -0.74126201800728908 0.019584329506923306
      vertex 0.93629713035924156 -0.61060059038598924 -0.0018706387496937112
    endloop
  endfacet
  facet normal 0.38872757663353169 -0.20002492993335913 0.89937806209056292
    outer loop
      vertex -0.91656986496455239 -0.68729633239688037 -0.0078791750040568109
      vertex -0.81061260329291418 -0.63234713493826777 -0.041454933027991019
      vertex -0.88969207561026709 -0.60699148249761026 -0.0016361563113380449
    endloop
  endfacet
  facet normal 0.38006640493354504 0.18991828755182516 0.90525166218807507
    outer loop
      vertex -0.72510712557740309 -0.65655847304377191 0.0059846963027549499
      vertex -0.67926945683164541 -0.72032689136688133 0.00011829540591998255
      vertex -0.61829549928409966 -0.59876785411413547 -0.050983999086796739
    endloop
  endfacet
  facet normal -0.4720494084690034 0.5322241082565321 0.702785069957098
    outer loop
      vertex -0.67926945683164541 -0.72032689136688133 0.00011829540591998255
      vertex -0.53016327472541802 -0.63072855709830522 0.032417062803380803
      vertex -0.61829549928409966 -0.59876785411413547 -0.050983999086796739
    endloop
  endfacet
  facet normal -0.063095534316902929 -0.73818465164342961 0.67164155144491555
    outer loop
      vertex -0.47163801068605316 -0.7023286181607401 -0.040778800706937138
      vertex -0.42426472966941464 -0.63462129280717938 0.038087003149244396
      vertex -0.53016327472541802 -0.63072855709830522 0.032417062803380803
    endloop
  endfacet
  facet normal 0.46751036877671853 0.619877499698821 0.63022689600920301
    outer loop
      vertex -0.36227729566570843 -0.70011207695343036 0.054409120923385471
      vertex -0.30869415374999154 -0.68473117122234006 -0.00046786392750947396
      vertex -0.34958232533370748 -0.64272907294367809 -0.011448847968646456
    endloop
  endfacet
  facet normal -0.15719818658055898 -0.079077098999932871 0.98439602932434589
    outer loop
      vertex 0.15474118375201026 -0.63593697864147414 0.0022412234927244009
      vertex 0.28656497746791065 -0.67926949982925933 0.019811236716261376
      vertex 0.26800625733040373 -0.60228821475979644 0.023031545875658935
    endloop
  endfacet
  facet normal 0.23403106901875667 -0.20854352625591885 0.94959941890814403
    outer loop
      vertex 0.28656497746791065 -0.67926949982925933 0.019811236716261376
      vertex 0.35858284693500941 -0.70528894601179815 -0.0036519263758027953
      vertex 0.36841761607963419 -0.60039499239911021 0.016960252868526388
    endloop
  endfacet
  facet normal 0.39777544685969468 -0.21267442687189228 0.89249329522987586
    outer loop
      vertex 0.35858284693500941 -0.70528894601179815 -0.0036519263758027953
      vertex 0.46729777484289559 -0.63905043842240816 -0.036320958789033519
      vertex 0.36841761607963419 -0.60039499239911021 0.016960252868526388
    endloop
  endfacet
  facet normal -0.1682158472314389 0.25572031247942589 0.95200344039590223
    outer loop
      vertex 0.64068445203292146 -0.65576059324226621 0.0074138152247728078
      vertex 0.74240907026000968 -0.71566054154882708 0.041478110543215561
      vertex 0.72730030684821101 -0.61209206422702178 0.010988623226221607
    endloop
  endfacet
  facet normal -0.017291185142479792 0.28004212479351442 0.95983197657584951
    outer loop
      vertex 0.74240907026000968 -0.71566054154882708 0.041478110543215561
      vertex 0.80694595648638989 -0.71014161539545895 0.041030519122224531
      vertex 0.72730030684821101 -0.61209206422702178 0.010988623226221607
    endloop
  endfacet
  facet normal -0.19488360781737116 0.13917557697644839 0.97090191995760211
    outer loop
      vertex 0.80694595648638989 -0.71014161539545895 0.041030519122224531
      vertex 0.87902063558228871 -0.58347098264396635 0.037339842617197909
      vertex 0.72730030684821101 -0.61209206422702178 0.010988623226221607
    endloop
  endfacet
  facet normal 0.4677482791709609 -0.24137207109650052 0.85026529426243813
    outer loop
      vertex 0.80694595648638989 -0.71014161539545895 0.041030519122224531
      vertex 0.93629713035924156 -0.61060059038598924 -0.0018706387496937112
      vertex 0.87902063558228871 -0.58347098264396635 0.037339842617197909
    endloop
  endfacet
  facet normal 0.16657584081910223 -0.0043374749063959358 0.9860191050719278
    outer loop
      vertex -0.97871769783321494 -0.67207836242852381 0.013117315597032501
      vertex -0.88969207561026709 -0.60699148249761026 -0.0016361563113380449
      vertex -0.92923707879780482 -0.54656429945512297 0.0053103049803724395
    endloop
  endfacet
  facet normal 0.27868688189248825 -0.16680244160402224 0.94578568784687111
    outer loop
      vertex -0.97871769783321494 -0.67207836242852381 0.013117315597032501
      vertex -0.91656986496455239 -0.68729633239688037 -0.0078791750040568109
      vertex -0.88969207561026709 -0.60699148249761026 -0.0016361563113380449
    endloop
  endfacet
  facet normal -0.52324145093885155 -0.25405541025023354 0.81343360672029719
    outer loop
      vertex -0.81061260329291418 -0.63234713493826777 -0.041454933027991019
      vertex -0.72510712557740309 -0.65655847304377191 0.0059846963027549499
      vertex -0.68945903604049008 -0.54788984389489126 0.062855239725174275
    endloop
  endfacet
  facet normal 0.60344300159554765 -0.51608219485091544 0.60787804038574833
    outer loop
      vertex -0.72510712557740309 -0.65655847304377191 0.0059846963027549499
      vertex -0.61829549928409966 -0.59876785411413547 -0.050983999086796739
      vertex -0.68945903604049008 -0.54788984389489126 0.062855239725174275
    endloop
  endfacet
  facet normal -0.045683155618974985 0.18663292833695189 0.98136700543327149
    outer loop
      vertex -0.42426472966941464 -0.63462129280717938 0.038087003149244396
      vertex -0.45270840091312325 -0.56204326883768818 0.022960301595239159
      vertex -0.53016327472541802 -0.63072855709830522 0.032417062803380803
    endloop
  endfacet
  facet normal 0.47422431022090339 -0.40568958223001184 0.78136244244623554
    outer loop
      vertex -0.42426472966941464 -0.63462129280717938 0.038087003149244396
      vertex -0.34958232533370748 -0.64272907294367809 -0.011448847968646456
      vertex -0.3429526183174848 -0.55129920540993849 0.031998564758398192
    endloop
  endfacet
  facet normal 0.080979557900785315 0.32515620840450121 0.94218668603318856
    outer loop
      vertex -0.34958232533370748 -0.64272907294367809 -0.011448847968646456
      vertex -0.30869415374999154 -0.68473117122234006 -0.00046786392750947396
      vertex -0.27607611162031936 -0.54613725394555301 -0.051101212910342336
    endloop
  endfacet
  facet normal -0.53559966720593488 0.39813050044143861 0.74473156311998856
    outer loop
      vertex -0.30869415374999154 -0.68473117122234006 -0.00046786392750947396
      vertex -0.22771287619534025 -0.63336907336197934 0.030314673994307539
      vertex -0.27607611162031936 -0.54613725394555301 -0.051101212910342336
    endloop
  endfacet
  facet normal 0.34276915387394313 -0.02573926204528864 0.93906698245753739
    outer loop
      vertex -0.22771287619534025 -0.63336907336197934 0.030314673994307539
      vertex -0.14507261140649697 -0.62525267219281533 0.00037258893936413561
      vertex -0.16805524701541305 -0.53407898773953844 0.011260504400390373
    endloop
  endfacet
  facet normal 0.16874905669984078 0.21699405658432924 0.9614766431224373
    outer loop
      vertex -0.074761846489437164 -0.65730808562555287 -0.0047331420156783667
      vertex -0.025004485496273876 -0.59628145565921897 -0.027239069624342881
      vertex -0.14507261140649697 -0.62525267219281533 0.00037258893936413561
    endloop
  endfacet
  facet normal 0.55448653358626421 -0.15023343297506159 0.81851976133018089
    outer loop
      vertex -0.074761846489437164 -0.65730808562555287 -0.0047331420156783667
      vertex -0.0073116168074706276 -0.65182300034909313 -0.049418930414076086
      vertex -0.025004485496273876 -0.59628145565921897 -0.027239069624342881
    endloop
  endfacet
  facet normal -0.75940606563035662 -0.43508557831414851 0.48373853167477326
    outer loop
      vertex -0.0073116168074706276 -0.65182300034909313 -0.049418930414076086
      vertex 0.045060326819635677 -0.66715011771524946 0.019012591510640945
      vertex -0.025004485496273876 -0.59628145565921897 -0.027239069624342881
    endloop
  endfacet
  facet normal 0.25701412614143787 0.69341636905162618 0.67314001373786425
    outer loop
      vertex 0.045060326819635677 -0.66715011771524946 0.019012591510640945
      vertex 0.091966745669862182 -0.6201388368083548 -0.047324282023561745
      vertex -0.025004485496273876 -0.59628145565921897 -0.027239069624342881
    endloop
  endfacet
  facet normal 0.060840427717795215 -0.027072042226809891 0.99778030993039024
    outer loop
      vertex 0.28656497746791065 -0.67926949982925933 0.019811236716261376
      vertex 0.36841761607963419 -0.60039499239911021 0.016960252868526388
      vertex 0.26800625733040373 -0.60228821475979644 0.023031545875658935
    endloop
  endfacet
  facet normal -0.00051180728298247467 -0.8098697236546748 0.58660955392902181
    outer loop
      vertex 0.36841761607963419 -0.60039499239911021 0.016960252868526388
      vertex 0.46729777484289559 -0.63905043842240816 -0.036320958789033519
      vertex 0.45826915315666605 -0.57204035771097939 0.056184889896945894
    endloop
  endfacet
  facet normal -0.55254536565428192 0.11998928204303372 0.82480069779842768
    outer loop
      vertex 0.46729777484289559 -0.63905043842240816 -0.036320958789033519
      vertex 0.52058454083356009 -0.67112303749946867 0.0040423966545533657
      vertex 0.55375109066493899 -0.54735820644154165 0.0082562269683846279
    endloop
  endfacet
  facet normal -0.023563052358603381 -0.035052340191705493 0.99910765986986139
    outer loop
      vertex 0.52058454083356009 -0.67112303749946867 0.0040423966545533657
      vertex 0.64068445203292146 -0.65576059324226621 0.0074138152247728078
      vertex 0.72730030684821101 -0.61209206422702178 0.010988623226221607
    endloop
  endfacet
  facet normal -0.15082981320221092 -0.10542088629424665 0.98292258300555979
    outer loop
      vertex 0.72730030684821101 -0.61209206422702178 0.010988623226221607
      vertex 0.87902063558228871 -0.58347098264396635 0.037339842617197909
      vertex 0.83303413207550459 -0.54236669338158894 0.034691734643875018
    endloop
  endfacet
  facet normal 0.43278179662939592 0.18171743589065587 0.88299416192835478
    outer loop
      vertex -0.88969207561026709 -0.60699148249761026 -0.0016361563113380449
      vertex -0.83792443040183229 -0.51786630060189587 -0.045350708108215058
      vertex -0.92923707879780482 -0.54656429945512297 0.0053103049803724395
    endloop
  endfacet
  facet normal 0.19765006812648367 -0.60042792038472326 0.77486822298509106
    outer loop
      vertex -0.88969207561026709 -0.60699148249761026 -0.0016361563113380449
      vertex -0.81061260329291418 -0.63234713493826777 -0.041454933027991019
      vertex -0.76127227018140531 -0.53538464949177289 0.021093590518873186
    endloop
  endfacet
  facet normal -0.44779377278640786 0.58974069355218128 0.67207637320642888
    outer loop
      vertex -0.88969207561026709 -0.60699148249761026 -0.0016361563113380449
      vertex -0.76127227018140531 -0.53538464949177289 0.021093590518873186
      vertex -0.83792443040183229 -0.51786630060189587 -0.045350708108215058
    endloop
  endfacet
  facet normal -0.51884445635907661 -0.26109003957976773 0.81402237152162438
    outer loop
      vertex -0.81061260329291418 -0.63234713493826777 -0.041454933027991019
      vertex -0.68945903604049008 -0.54788984389489126 0.062855239725174275
      vertex -0.76127227018140531 -0.53538464949177289 0.021093590518873186
    endloop
  endfacet
  facet normal -0.4179319946172631 0.60830847178307312 0.67475451167975009
    outer loop
      vertex -0.61829549928409966 -0.59876785411413547 -0.050983999086796739
      vertex -0.53016327472541802 -0.63072855709830522 0.032417062803380803
      vertex -0.50891553411866419 -0.52796438344952779 -0.04706696566192578
    endloop
  endfacet
  facet normal 0.42229187184668637 -0.68520338265957592 0.59343567415862086
    outer loop
      vertex -0.61829549928409966 -0.59876785411413547 -0.050983999086796739
      vertex -0.50891553411866419 -0.52796438344952779 -0.04706696566192578
      vertex -0.5676134916705321 -0.51283299127445836 0.01217408269720098
    endloop
  endfacet
  facet normal -0.45364046595604629 0.60203032739389517 0.65709193614377925
    outer loop
      vertex -0.53016327472541802 -0.63072855709830522 0.032417062803380803
      vertex -0.45270840091312325 -0.56204326883768818 0.022960301595239159
      vertex -0.50891553411866419 -0.52796438344952779 -0.04706696566192578
    endloop
  endfacet
  facet normal -0.097100088886960992 0.16645920707509496 0.98125577966097843
    outer loop
      vertex -0.45270840091312325 -0.56204326883768818 0.022960301595239159
      vertex -0.42426472966941464 -0.63462129280717938 0.038087003149244396
      vertex -0.3429526183174848 -0.55129920540993849 0.031998564758398192
    endloop
  endfacet
  facet normal 0.74545864188748689 -0.32941468394619899 0.57946300937668949
    outer loop
      vertex -0.34958232533370748 -0.64272907294367809 -0.011448847968646456
      vertex -0.27607611162031936 -0.54613725394555301 -0.051101212910342336
      vertex -0.3429526183174848 -0.55129920540993849 0.031998564758398192
    endloop
  endfacet
  facet normal 0.27376302469908487 -0.24923063856187175 0.92894450593652245
    outer loop
      vertex -0.14507261140649697 -0.62525267219281533 0.00037258893936413561
      vertex -0.025004485496273876 -0.59628145565921897 -0.027239069624342881
      vertex -0.069237866971342071 -0.54820507873270441 -0.001304721261809103
    endloop
  endfacet
  facet normal -0.01830059161790289 -0.6949202221459726 0.71885393036348266
    outer loop
      vertex -0.025004485496273876 -0.59628145565921897 -0.027239069624342881
      vertex 0.091966745669862182 -0.6201388368083548 -0.047324282023561745
      vertex 0.11181195664511545 -0.53284199551584033 0.037571295321904022
    endloop
  endfacet
  facet normal 0.23907056254789777 -0.70434812504342836 0.6683853565652369
    outer loop
      vertex 0.091966745669862182 -0.6201388368083548 -0.047324282023561745
      vertex 0.16500192290162879 -0.56534986699309842 -0.015710861639193101
      vertex 0.11181195664511545 -0.53284199551584033 0.037571295321904022
    endloop
  endfacet
  facet normal -0.55050099219796733 0.2800401070254514 0.78646436412988685
    outer loop
      vertex 0.091966745669862182 -0.6201388368083548 -0.047324282023561745
      vertex 0.15474118375201026 -0.63593697864147414 0.0022412234927244009
      vertex 0.16500192290162879 -0.56534986699309842 -0.015710861639193101
    endloop
  endfacet
  facet normal -0.16561213379130299 -0.05104710814938445 0.98486893234108897
    outer loop
      vertex 0.15474118375201026 -0.63593697864147414 0.0022412234927244009
      vertex 0.26800625733040373 -0.60228821475979644 0.023031545875658935
      vertex 0.25455719878590649 -0.53931149830241276 0.024034168600804311
    endloop
  endfacet
  facet normal -0.45638800849990724 0.28105030243665324 0.8442278798984042
    outer loop
      vertex 0.15474118375201026 -0.63593697864147414 0.0022412234927244009
      vertex 0.25455719878590649 -0.53931149830241276 0.024034168600804311
      vertex 0.16500192290162879 -0.56534986699309842 -0.015710861639193101
    endloop
  endfacet
  facet normal 0.45697413246627977 -0.69855827163564488 0.55062780840247405
    outer loop
      vertex 0.46729777484289559 -0.63905043842240816 -0.036320958789033519
      vertex 0.55375109066493899 -0.54735820644154165 0.0082562269683846279
      vertex 0.45826915315666605 -0.57204035771097939 0.056184889896945894
    endloop
  endfacet
  facet normal -0.025840860003627647 -0.027098352850590379 0.999298718715809
    outer loop
      vertex 0.52058454083356009 -0.67112303749946867 0.0040423966545533657
      vertex 0.72730030684821101 -0.61209206422702178 0.010988623226221607
      vertex 0.55375109066493899 -0.54735820644154165 0.0082562269683846279
    endloop
  endfacet
  facet normal 0.78057498831868533 -0.30155498611303422 0.54751007110522809
    outer loop
      vertex 0.72730030684821101 -0.61209206422702178 0.010988623226221607
      vertex 0.7943745130605635 -0.5308361422618072 -0.039884083561882076
      vertex 0.7405261079876666 -0.52471661326152252 0.040257077229701586
    endloop
  endfacet
  facet normal -0.56497711721680555 0.71937385790541752 0.40410655721438615
    outer loop
      vertex 0.72730030684821101 -0.61209206422702178 0.010988623226221607
      vertex 0.83303413207550459 -0.54236669338158894 0.034691734643875018
      vertex 0.7943745130605635 -0.5308361422618072 -0.039884083561882076
    endloop
  endfacet
  facet normal 0.43884257496069451 -0.68565566884792239 0.58076974626660383
    outer loop
      vertex -0.68945903604049008 -0.54788984389489126 0.062855239725174275
      vertex -0.61829549928409966 -0.59876785411413547 -0.050983999086796739
      vertex -0.5676134916705321 -0.51283299127445836 0.01217408269720098
    endloop
  endfacet
  facet normal -0.48577811748742855 0.43713264947536234 0.75692447927981565
    outer loop
      vertex -0.22771287619534025 -0.63336907336197934 0.030314673994307539
      vertex -0.16805524701541305 -0.53407898773953844 0.011260504400390373
      vertex -0.27607611162031936 -0.54613725394555301 -0.051101212910342336
    endloop
  endfacet
  facet normal 0.11300528051279049 -0.08968435181880377 0.98953854074263647
    outer loop
      vertex -0.14507261140649697 -0.62525267219281533 0.00037258893936413561
      vertex -0.069237866971342071 -0.54820507873270441 -0.001304721261809103
      vertex -0.16805524701541305 -0.53407898773953844 0.011260504400390373
    endloop
  endfacet
  facet normal 0.011747960817179836 -0.848346690893797 0.52931075699080832
    outer loop
      vertex 0.16500192290162879 -0.56534986699309842 -0.015710861639193101
      vertex 0.25455719878590649 -0.53931149830241276 0.024034168600804311
      vertex 0.11181195664511545 -0.53284199551584033 0.037571295321904022
    endloop
  endfacet
  facet normal 0.12105633747716951 0.010049677681732323 0.99259476481346964
    outer loop
      vertex 0.26800625733040373 -0.60228821475979644 0.023031545875658935
      vertex 0.39125224227848249 -0.49991330303693504 0.0069640196530232406
      vertex 0.25455719878590649 -0.53931149830241276 0.024034168600804311
    endloop
  endfacet
  facet normal 0.058523172367873383 0.085646962059667306 0.99460526651830583
    outer loop
      vertex 0.26800625733040373 -0.60228821475979644 0.023031545875658935
      vertex 0.36841761607963419 -0.60039499239911021 0.016960252868526388
      vertex 0.39125224227848249 -0.49991330303693504 0.0069640196530232406
    endloop
  endfacet
  facet normal 0.13475686492763364 0.39955216837383956 0.90675170366679692
    outer loop
      vertex 0.55375109066493899 -0.54735820644154165 0.0082562269683846279
      vertex 0.72730030684821101 -0.61209206422702178 0.010988623226221607
      vertex 0.67439482770418535 -0.49687143660221117 -0.031919788133369077
    endloop
  endfacet
  facet normal -0.75294206342660885 -0.10371573683614053 0.64986252011899936
    outer loop
      vertex 0.72730030684821101 -0.61209206422702178 0.010988623226221607
      vertex 0.7405261079876666 -0.52471661326152252 0.040257077229701586
      vertex 0.67439482770418535 -0.49687143660221117 -0.031919788133369077
    endloop
  endfacet
  facet normal 0.4423771489769513 -0.29173698435795475 0.84805187932151338
    outer loop
      vertex 0.87902063558228871 -0.58347098264396635 0.037339842617197909
      vertex 0.93629713035924156 -0.61060059038598924 -0.0018706387496937112
      vertex 0.95021796161505656 -0.46030999442049503 0.042568939206489902
    endloop
  endfacet
  facet normal 0.86297400482513464 -0.21511412234174546 0.45716712629541595
    outer loop
      vertex 0.93629713035924156 -0.61060059038598924 -0.0018706387496937112
      vertex 0.9729436730241775 -0.51406070513792268 -0.025621080056420609
      vertex 0.95021796161505656 -0.46030999442049503 0.042568939206489902
    endloop
  endfacet
  facet normal -0.69602042964251198 0.24150667629097786 0.67618790792732897
    outer loop
      vertex -0.50891553411866419 -0.52796438344952779 -0.04706696566192578
      vertex -0.45270840091312325 -0.56204326883768818 0.022960301595239159
      vertex -0.46803397605185032 -0.45962830710127978 -0.029393208411342728
    endloop
  endfacet
  facet normal -0.10422726225024574 0.25635021257989754 0.96094809761717104
    outer loop
      vertex -0.45270840091312325 -0.56204326883768818 0.022960301595239159
      vertex -0.3429526183174848 -0.55129920540993849 0.031998564758398192
      vertex -0.34337337498526593 -0.46750023790317785 0.0095980443730964392
    endloop
  endfacet
  facet normal -0.2483632620846761 0.4111819485588572 0.87706618634285516
    outer loop
      vertex -0.45270840091312325 -0.56204326883768818 0.022960301595239159
      vertex -0.34337337498526593 -0.46750023790317785 0.0095980443730964392
      vertex -0.46803397605185032 -0.45962830710127978 -0.029393208411342728
    endloop
  endfacet
  facet normal -0.47490003521701674 -0.18985596578733699 0.85931639621610489
    outer loop
      vertex -0.27607611162031936 -0.54613725394555301 -0.051101212910342336
      vertex -0.16805524701541305 -0.53407898773953844 0.011260504400390373
      vertex -0.22342515505495952 -0.4503327630248104 -0.00083684524807515104
    endloop
  endfacet
  facet normal 0.14657870545118518 0.15656793464215252 0.97672983211845488
    outer loop
      vertex -0.16805524701541305 -0.53407898773953844 0.011260504400390373
      vertex -0.069237866971342071 -0.54820507873270441 -0.001304721261809103
      vertex -0.08874000197678375 -0.46177420867222313 -0.012232722804376353
    endloop
  endfacet
  facet normal 0.084369707335890873 -0.41183318059895985 0.90734512939773948
    outer loop
      vertex -0.069237866971342071 -0.54820507873270441 -0.001304721261809103
      vertex -0.025004485496273876 -0.59628145565921897 -0.027239069624342881
      vertex 0.040121830898781463 -0.45471629763277915 0.030959888332216138
    endloop
  endfacet
  facet normal -0.32989110612126388 -0.22513367071927332 0.91678061083912266
    outer loop
      vertex -0.025004485496273876 -0.59628145565921897 -0.027239069624342881
      vertex 0.11181195664511545 -0.53284199551584033 0.037571295321904022
      vertex 0.040121830898781463 -0.45471629763277915 0.030959888332216138
    endloop
  endfacet
  facet normal 0.63036198182601255 0.61817439335213764 0.46957873809628409
    outer loop
      vertex 0.11181195664511545 -0.53284199551584033 0.037571295321904022
      vertex 0.1075032643686695 -0.46491259048269429 -0.046070019239967099
      vertex 0.040121830898781463 -0.45471629763277915 0.030959888332216138
    endloop
  endfacet
  facet normal 0.10210648067226316 0.61211216511877309 0.78415111038519392
    outer loop
      vertex 0.11181195664511545 -0.53284199551584033 0.037571295321904022
      vertex 0.25455719878590649 -0.53931149830241276 0.024034168600804311
      vertex 0.21362897085061794 -0.46393024727054416 -0.029479424516778856
    endloop
  endfacet
  facet normal -0.47038166321437963 0.40841537429498709 0.78226464380742633
    outer loop
      vertex 0.36841761607963419 -0.60039499239911021 0.016960252868526388
      vertex 0.45826915315666605 -0.57204035771097939 0.056184889896945894
      vertex 0.46113192834413891 -0.46096068405533358 -8.7689832964379932e-05
    endloop
  endfacet
  facet normal 0.05178312523180393 0.087202382020965447 0.99484383322765635
    outer loop
      vertex 0.36841761607963419 -0.60039499239911021 0.016960252868526388
      vertex 0.46113192834413891 -0.46096068405533358 -8.7689832964379932e-05
      vertex 0.39125224227848249 -0.49991330303693504 0.0069640196530232406
    endloop
  endfacet
  facet normal 0.31719905365747419 0.42205960578606577 0.84926465222715675
    outer loop
      vertex 0.45826915315666605 -0.57204035771097939 0.056184889896945894
      vertex 0.55375109066493899 -0.54735820644154165 0.0082562269683846279
      vertex 0.46113192834413891 -0.46096068405533358 -8.7689832964379932e-05
    endloop
  endfacet
  facet normal 0.45900218340740362 -0.52859318867007254 0.71407719226904387
    outer loop
      vertex 0.55375109066493899 -0.54735820644154165 0.0082562269683846279
      vertex 0.67439482770418535 -0.49687143660221117 -0.031919788133369077
      vertex 0.66370040511926987 -0.43000664138474592 0.024450922297279756
    endloop
  endfacet
  facet normal -0.13802329226943744 -0.0073598201322311726 0.99040163763936029
    outer loop
      vertex 0.55375109066493899 -0.54735820644154165 0.0082562269683846279
      vertex 0.66370040511926987 -0.43000664138474592 0.024450922297279756
      vertex 0.57684380290814197 -0.45202222166632072 0.012182904513649846
    endloop
  endfacet
  facet normal 0.34127850400013432 0.43547949747503778 0.83299855341190054
    outer loop
      vertex 0.83303413207550459 -0.54236669338158894 0.034691734643875018
      vertex 0.87902063558228871 -0.58347098264396635 0.037339842617197909
      vertex 0.9045549925379881 -0.44768578911398155 -0.044108071917038513
    endloop
  endfacet
  facet normal -0.77294462494583649 0.42689794596787656 0.46937698121632265
    outer loop
      vertex 0.87902063558228871 -0.58347098264396635 0.037339842617197909
      vertex 0.95021796161505656 -0.46030999442049503 0.042568939206489902
      vertex 0.9045549925379881 -0.44768578911398155 -0.044108071917038513
    endloop
  endfacet
  facet normal 0.26539149045426702 0.072468358717725861 0.96141338339926474
    outer loop
      vertex -0.92923707879780482 -0.54656429945512297 0.0053103049803724395
      vertex -0.93567549465712296 -0.41646834567724844 -0.0027186444791600828
      vertex -0.96645960007131915 -0.48590526636911946 0.011013033821853344
    endloop
  endfacet
  facet normal 0.46496661645010406 0.077440215367537868 0.88193483808656248
    outer loop
      vertex -0.92923707879780482 -0.54656429945512297 0.0053103049803724395
      vertex -0.83792443040183229 -0.51786630060189587 -0.045350708108215058
      vertex -0.93567549465712296 -0.41646834567724844 -0.0027186444791600828
    endloop
  endfacet
  facet normal -0.6071499486662727 0.22912326904498836 0.76083603188642457
    outer loop
      vertex -0.83792443040183229 -0.51786630060189587 -0.045350708108215058
      vertex -0.76127227018140531 -0.53538464949177289 0.021093590518873186
      vertex -0.75263965555291701 -0.45315367051543115 0.0032188597998673838
    endloop
  endfacet
  facet normal -0.059436166241990468 0.21799045313808454 0.97413936604733675
    outer loop
      vertex -0.76127227018140531 -0.53538464949177289 0.021093590518873186
      vertex -0.63818737923523228 -0.42769231134113295 0.0045043753448931025
      vertex -0.75263965555291701 -0.45315367051543115 0.0032188597998673838
    endloop
  endfacet
  facet normal -0.35690262305597642 0.52675289713916584 0.77146088884094377
    outer loop
      vertex -0.76127227018140531 -0.53538464949177289 0.021093590518873186
      vertex -0.68945903604049008 -0.54788984389489126 0.062855239725174275
      vertex -0.63818737923523228 -0.42769231134113295 0.0045043753448931025
    endloop
  endfacet
  facet normal 0.28482944098407326 0.31757258174111835 0.90444449518750525
    outer loop
      vertex -0.68945903604049008 -0.54788984389489126 0.062855239725174275
      vertex -0.5676134916705321 -0.51283299127445836 0.01217408269720098
      vertex -0.63818737923523228 -0.42769231134113295 0.0045043753448931025
    endloop
  endfacet
  facet normal -0.31683012016873169 -0.17871184765338896 0.93149382738812558
    outer loop
      vertex -0.5676134916705321 -0.51283299127445836 0.01217408269720098
      vertex -0.56580193658384936 -0.43706001681219481 0.027327681217257139
      vertex -0.63818737923523228 -0.42769231134113295 0.0045043753448931025
    endloop
  endfacet
  facet normal 0.54745539131447718 -0.5008900742516017 0.67037431934475056
    outer loop
      vertex -0.50891553411866419 -0.52796438344952779 -0.04706696566192578
      vertex -0.46803397605185032 -0.45962830710127978 -0.029393208411342728
      vertex -0.5676134916705321 -0.51283299127445836 0.01217408269720098
    endloop
  endfacet
  facet normal -0.20947441780063805 -0.84026255988722165 0.50007929245156402
    outer loop
      vertex -0.46803397605185032 -0.45962830710127978 -0.029393208411342728
      vertex -0.34337337498526593 -0.46750023790317785 0.0095980443730964392
      vertex -0.41699319170265603 -0.43487924041688492 0.033571711728265605
    endloop
  endfacet
  facet normal 0.76241498133078112 0.17067755164203921 0.62417350921667913
    outer loop
      vertex -0.3429526183174848 -0.55129920540993849 0.031998564758398192
      vertex -0.27607611162031936 -0.54613725394555301 -0.051101212910342336
      vertex -0.34337337498526593 -0.46750023790317785 0.0095980443730964392
    endloop
  endfacet
  facet normal 0.14778724227776363 -0.52196462506368213 0.84006658141010671
    outer loop
      vertex -0.27607611162031936 -0.54613725394555301 -0.051101212910342336
      vertex -0.22342515505495952 -0.4503327630248104 -0.00083684524807515104
      vertex -0.34337337498526593 -0.46750023790317785 0.0095980443730964392
    endloop
  endfacet
  facet normal 0.14244172470171459 0.23313409317455672 0.96195574205037004
    outer loop
      vertex -0.16805524701541305 -0.53407898773953844 0.011260504400390373
      vertex -0.15387756943403125 -0.42996719309424719 -0.016070796335258045
      vertex -0.22342515505495952 -0.4503327630248104 -0.00083684524807515104
    endloop
  endfacet
  facet normal 0.062829560467672407 0.24540039685610776 0.96738363204796052
    outer loop
      vertex -0.16805524701541305 -0.53407898773953844 0.011260504400390373
      vertex -0.08874000197678375 -0.46177420867222313 -0.012232722804376353
      vertex -0.15387756943403125 -0.42996719309424719 -0.016070796335258045
    endloop
  endfacet
  facet normal -0.31978664333146078 0.047490335565093744 0.94629866890676329
    outer loop
      vertex -0.08874000197678375 -0.46177420867222313 -0.012232722804376353
      vertex -0.069237866971342071 -0.54820507873270441 -0.001304721261809103
      vertex 0.040121830898781463 -0.45471629763277915 0.030959888332216138
    endloop
  endfacet
  facet normal -0.15824359585368938 0.5130087741413214 0.84367112195766958
    outer loop
      vertex 0.21362897085061794 -0.46393024727054416 -0.029479424516778856
      vertex 0.25455719878590649 -0.53931149830241276 0.024034168600804311
      vertex 0.29079724984087912 -0.45793283407020302 -0.018652148198327393
    endloop
  endfacet
  facet normal -0.026567191508321437 0.47360289259259353 0.88033771046302933
    outer loop
      vertex 0.25455719878590649 -0.53931149830241276 0.024034168600804311
      vertex 0.39125224227848249 -0.49991330303693504 0.0069640196530232406
      vertex 0.29079724984087912 -0.45793283407020302 -0.018652148198327393
    endloop
  endfacet
  facet normal -0.10424004823641045 -0.015708790928837851 0.99442810008126026
    outer loop
      vertex 0.55375109066493899 -0.54735820644154165 0.0082562269683846279
      vertex 0.57684380290814197 -0.45202222166632072 0.012182904513649846
      vertex 0.46113192834413891 -0.46096068405533358 -8.7689832964379932e-05
    endloop
  endfacet
  facet normal 0.78586978545799968 -0.28331305652561534 0.54967480595922424
    outer loop
      vertex 0.7405261079876666 -0.52471661326152252 0.040257077229701586
      vertex 0.7943745130605635 -0.5308361422618072 -0.039884083561882076
      vertex 0.796761826934685 -0.44879470464031734 -0.0010114767394981158
    endloop
  endfacet
  facet normal -0.88455214709567154 -0.17845393333692464 0.43095439752370301
    outer loop
      vertex 0.7943745130605635 -0.5308361422618072 -0.039884083561882076
      vertex 0.83303413207550459 -0.54236669338158894 0.034691734643875018
      vertex 0.796761826934685 -0.44879470464031734 -0.0010114767394981158
    endloop
  endfacet
  facet normal 0.32846959894714728 0.44517524518486695 0.83302264293480877
    outer loop
      vertex 0.83303413207550459 -0.54236669338158894 0.034691734643875018
      vertex 0.9045549925379881 -0.44768578911398155 -0.044108071917038513
      vertex 0.796761826934685 -0.44879470464031734 -0.0010114767394981158
    endloop
  endfacet
  facet normal 0.015591435524733408 -0.61326736414755922 0.78972149977684103
    outer loop
      vertex -0.83792443040183229 -0.51786630060189587 -0.045350708108215058
      vertex -0.75263965555291701 -0.45315367051543115 0.0032188597998673838
      vertex -0.78338982490006559 -0.37950627346162302 0.061017696938234098
    endloop
  endfacet
  facet normal 0.46096503512686765 -0.18460992382706956 0.86800369377961129
    outer loop
      vertex -0.56580193658384936 -0.43706001681219481 0.027327681217257139
      vertex -0.5676134916705321 -0.51283299127445836 0.01217408269720098
      vertex -0.46803397605185032 -0.45962830710127978 -0.029393208411342728
    endloop
  endfacet
  facet normal 0.45600793756646862 0.47690662926900773 0.75140989335757946
    outer loop
      vertex -0.41699319170265603 -0.43487924041688492 0.033571711728265605
      vertex -0.34337337498526593 -0.46750023790317785 0.0095980443730964392
      vertex -0.33526702662310048 -0.38986764521599898 -0.044593492972426513
    endloop
  endfacet
  facet normal 0.14723175442643005 -0.51566515723974859 0.84404517420421332
    outer loop
      vertex -0.34337337498526593 -0.46750023790317785 0.0095980443730964392
      vertex -0.22342515505495952 -0.4503327630248104 -0.00083684524807515104
      vertex -0.22479966481253746 -0.39543203026974988 0.032944245318176454
    endloop
  endfacet
  facet normal -0.73386344776042467 0.50830945233440439 0.45062838426876772
    outer loop
      vertex 0.1075032643686695 -0.46491259048269429 -0.046070019239967099
      vertex 0.11181195664511545 -0.53284199551584033 0.037571295321904022
      vertex 0.176561408979448 -0.38671947641892152 -0.021808455841854049
    endloop
  endfacet
  facet normal 0.34093934905194162 -0.53989607804441564 0.76959247994006319
    outer loop
      vertex 0.1075032643686695 -0.46491259048269429 -0.046070019239967099
      vertex 0.176561408979448 -0.38671947641892152 -0.021808455841854049
      vertex 0.12716498409466515 -0.37841296464283114 0.0059021034888618934
    endloop
  endfacet
  facet normal 0.47555819810360428 0.14205687236576864 0.8681383790791124
    outer loop
      vertex 0.11181195664511545 -0.53284199551584033 0.037571295321904022
      vertex 0.21362897085061794 -0.46393024727054416 -0.029479424516778856
      vertex 0.176561408979448 -0.38671947641892152 -0.021808455841854049
    endloop
  endfacet
  facet normal -0.14115653913486489 0.029813331420439102 0.98953827451447396
    outer loop
      vertex 0.29079724984087912 -0.45793283407020302 -0.018652148198327393
      vertex 0.3129132053722225 -0.36795446518538716 -0.018208247420010367
      vertex 0.21362897085061794 -0.46393024727054416 -0.029479424516778856
    endloop
  endfacet
  facet normal -0.27248616335746462 -0.066325619505451322 0.95987093037342641
    outer loop
      vertex 0.29079724984087912 -0.45793283407020302 -0.018652148198327393
      vertex 0.39125224227848249 -0.49991330303693504 0.0069640196530232406
      vertex 0.39189445698770825 -0.38537245995226571 0.01506092805237693
    endloop
  endfacet
  facet normal -0.70051845221563624 0.14662464717944232 0.6984089854411335
    outer loop
      vertex 0.67439482770418535 -0.49687143660221117 -0.031919788133369077
      vertex 0.7405261079876666 -0.52471661326152252 0.040257077229701586
      vertex 0.74971775620846215 -0.37825607039454168 0.018728422026130086
    endloop
  endfacet
  facet normal 0.38473641682574722 -0.55820329533593771 0.73511017585405858
    outer loop
      vertex 0.67439482770418535 -0.49687143660221117 -0.031919788133369077
      vertex 0.74971775620846215 -0.37825607039454168 0.018728422026130086
      vertex 0.66370040511926987 -0.43000664138474592 0.024450922297279756
    endloop
  endfacet
  facet normal 0.50264749954715893 0.094762901557956289 0.85928195819958075
    outer loop
      vertex 0.7405261079876666 -0.52471661326152252 0.040257077229701586
      vertex 0.796761826934685 -0.44879470464031734 -0.0010114767394981158
      vertex 0.74971775620846215 -0.37825607039454168 0.018728422026130086
    endloop
  endfacet
  facet normal 0.20449708701443306 -0.20526536804163648 0.95710347929852546
    outer loop
      vertex -0.93567549465712296 -0.41646834567724844 -0.0027186444791600828
      vertex -0.83792443040183229 -0.51786630060189587 -0.045350708108215058
      vertex -0.81343929967587847 -0.32603395232204974 -0.0094409027353219641
    endloop
  endfacet
  facet normal -0.90843610195858526 0.038024117513517267 0.41629078196088981
    outer loop
      vertex -0.83792443040183229 -0.51786630060189587 -0.045350708108215058
      vertex -0.78338982490006559 -0.37950627346162302 0.061017696938234098
      vertex -0.81343929967587847 -0.32603395232204974 -0.0094409027353219641
    endloop
  endfacet
  facet normal 0.73717466650214747 -0.19898470875795998 0.64573879916569776
    outer loop
      vertex -0.75263965555291701 -0.45315367051543115 0.0032188597998673838
      vertex -0.70767289730144656 -0.38544724834773814 -0.027251374212785895
      vertex -0.78338982490006559 -0.37950627346162302 0.061017696938234098
    endloop
  endfacet
  facet normal -0.11435879961307754 0.46986550410060407 0.87529907632039761
    outer loop
      vertex -0.75263965555291701 -0.45315367051543115 0.0032188597998673838
      vertex -0.63818737923523228 -0.42769231134113295 0.0045043753448931025
      vertex -0.70767289730144656 -0.38544724834773814 -0.027251374212785895
    endloop
  endfacet
  facet normal 0.28268503761822089 -0.61836312572089358 0.73329135700311587
    outer loop
      vertex -0.56580193658384936 -0.43706001681219481 0.027327681217257139
      vertex -0.46803397605185032 -0.45962830710127978 -0.029393208411342728
      vertex -0.46400104652645785 -0.37452674409401021 0.040815746294900743
    endloop
  endfacet
  facet normal -0.55733378900963415 -0.51250766675012427 0.65323421462022968
    outer loop
      vertex -0.46803397605185032 -0.45962830710127978 -0.029393208411342728
      vertex -0.41699319170265603 -0.43487924041688492 0.033571711728265605
      vertex -0.46400104652645785 -0.37452674409401021 0.040815746294900743
    endloop
  endfacet
  facet normal -0.46566698437327125 0.53872121208615931 0.70209238374527527
    outer loop
      vertex -0.34337337498526593 -0.46750023790317785 0.0095980443730964392
      vertex -0.22479966481253746 -0.39543203026974988 0.032944245318176454
      vertex -0.33526702662310048 -0.38986764521599898 -0.044593492972426513
    endloop
  endfacet
  facet normal 0.3210811024410859 -0.49046101918842983 0.81015733923224065
    outer loop
      vertex -0.22342515505495952 -0.4503327630248104 -0.00083684524807515104
      vertex -0.15387756943403125 -0.42996719309424719 -0.016070796335258045
      vertex -0.22479966481253746 -0.39543203026974988 0.032944245318176454
    endloop
  endfacet
  facet normal 0.0156251499557927 0.15126289494697545 0.98837006799129601
    outer loop
      vertex -0.15387756943403125 -0.42996719309424719 -0.016070796335258045
      vertex -0.08874000197678375 -0.46177420867222313 -0.012232722804376353
      vertex -0.088886203302096317 -0.35449620765295475 -0.028648534154918241
    endloop
  endfacet
  facet normal -0.32049895493654651 0.23338799530828358 0.91804709221834691
    outer loop
      vertex -0.08874000197678375 -0.46177420867222313 -0.012232722804376353
      vertex 0.040121830898781463 -0.45471629763277915 0.030959888332216138
      vertex 0.010116761721414638 -0.37874974242454179 0.0011724454260003665
    endloop
  endfacet
  facet normal 0.61600279571996253 -0.50384930693970531 0.60553813386240907
    outer loop
      vertex 0.040121830898781463 -0.45471629763277915 0.030959888332216138
      vertex 0.1075032643686695 -0.46491259048269429 -0.046070019239967099
      vertex 0.12716498409466515 -0.37841296464283114 0.0059021034888618934
    endloop
  endfacet
  facet normal -0.038808675069006766 0.3514537746520866 0.93540051904100874
    outer loop
      vertex 0.040121830898781463 -0.45471629763277915 0.030959888332216138
      vertex 0.12716498409466515 -0.37841296464283114 0.0059021034888618934
      vertex 0.010116761721414638 -0.37874974242454179 0.0011724454260003665
    endloop
  endfacet
  facet normal 0.02074316088760041 -0.088977063274387216 0.99581765574198211
    outer loop
      vertex 0.21362897085061794 -0.46393024727054416 -0.029479424516778856
      vertex 0.26637090353333709 -0.35071512719874892 -0.020462196859377849
      vertex 0.176561408979448 -0.38671947641892152 -0.021808455841854049
    endloop
  endfacet
  facet normal -0.3704786000592637 0.086498197622713491 0.92480466516240611
    outer loop
      vertex 0.29079724984087912 -0.45793283407020302 -0.018652148198327393
      vertex 0.39189445698770825 -0.38537245995226571 0.01506092805237693
      vertex 0.3129132053722225 -0.36795446518538716 -0.018208247420010367
    endloop
  endfacet
  facet normal 0.13903463188967891 -0.070604960726429702 0.98776733629743019
    outer loop
      vertex 0.39125224227848249 -0.49991330303693504 0.0069640196530232406
      vertex 0.46113192834413891 -0.46096068405533358 -8.7689832964379932e-05
      vertex 0.39189445698770825 -0.38537245995226571 0.01506092805237693
    endloop
  endfacet
  facet normal -0.017837985902335936 -0.2121543165708458 0.97707336071520512
    outer loop
      vertex 0.46113192834413891 -0.46096068405533358 -8.7689832964379932e-05
      vertex 0.53673118319499569 -0.35133771422772381 0.025095193741395641
      vertex 0.39189445698770825 -0.38537245995226571 0.01506092805237693
    endloop
  endfacet
  facet normal -0.078473610880390093 -0.31685224627713526 0.94522301412128484
    outer loop
      vertex 0.796761826934685 -0.44879470464031734 -0.0010114767394981158
      vertex 0.86137515583330138 -0.37140046348340627 0.030296457945808954
      vertex 0.74971775620846215 -0.37825607039454168 0.018728422026130086
    endloop
  endfacet
  facet normal 0.3106367551926259 -0.56773049871846448 0.76235614193648382
    outer loop
      vertex 0.796761826934685 -0.44879470464031734 -0.0010114767394981158
      vertex 0.9045549925379881 -0.44768578911398155 -0.044108071917038513
      vertex 0.86137515583330138 -0.37140046348340627 0.030296457945808954
    endloop
  endfacet
  facet normal 0.39914628593772167 -0.48150817915055871 0.78027694816214832
    outer loop
      vertex -0.93567549465712296 -0.41646834567724844 -0.0027186444791600828
      vertex -0.81343929967587847 -0.32603395232204974 -0.0094409027353219641
      vertex -0.86947607698882967 -0.31557622788737566 0.025677847671857091
    endloop
  endfacet
  facet normal -0.19692476402363851 0.36123077633454198 0.91144553514896243
    outer loop
      vertex -0.63818737923523228 -0.42769231134113295 0.0045043753448931025
      vertex -0.5986136535139861 -0.35334490642938637 -0.016411327744727613
      vertex -0.70767289730144656 -0.38544724834773814 -0.027251374212785895
    endloop
  endfacet
  facet normal -0.23387597929157325 0.37665130156042725 0.89634581682698999
    outer loop
      vertex -0.63818737923523228 -0.42769231134113295 0.0045043753448931025
      vertex -0.56580193658384936 -0.43706001681219481 0.027327681217257139
      vertex -0.5986136535139861 -0.35334490642938637 -0.016411327744727613
    endloop
  endfacet
  facet normal -0.32334647765752156 0.335546780752351 0.88479116932370405
    outer loop
      vertex -0.56580193658384936 -0.43706001681219481 0.027327681217257139
      vertex -0.46400104652645785 -0.37452674409401021 0.040815746294900743
      vertex -0.5986136535139861 -0.35334490642938637 -0.016411327744727613
    endloop
  endfacet
  facet normal 0.72085597824017633 -0.52688405807796812 0.45028862741434011
    outer loop
      vertex -0.41699319170265603 -0.43487924041688492 0.033571711728265605
      vertex -0.33526702662310048 -0.38986764521599898 -0.044593492972426513
      vertex -0.32725690952748376 -0.28768925504568649 0.062142545070577516
    endloop
  endfacet
  facet normal 0.46197048254871553 -0.25632363504173655 0.84904738817847947
    outer loop
      vertex -0.15387756943403125 -0.42996719309424719 -0.016070796335258045
      vertex -0.088886203302096317 -0.35449620765295475 -0.028648534154918241
      vertex -0.22479966481253746 -0.39543203026974988 0.032944245318176454
    endloop
  endfacet
  facet normal -0.25235234571196957 0.14602901554434819 0.95655309326394167
    outer loop
      vertex -0.08874000197678375 -0.46177420867222313 -0.012232722804376353
      vertex 0.010116761721414638 -0.37874974242454179 0.0011724454260003665
      vertex -0.088886203302096317 -0.35449620765295475 -0.028648534154918241
    endloop
  endfacet
  facet normal -0.036627695539380292 -0.36032196542763301 0.93210862733366118
    outer loop
      vertex 0.010116761721414638 -0.37874974242454179 0.0011724454260003665
      vertex 0.12716498409466515 -0.37841296464283114 0.0059021034888618934
      vertex 0.087044584337084022 -0.31172724706104749 0.03010401555817933
    endloop
  endfacet
  facet normal -0.066236759078760754 -0.04852113615725729 0.99662349515388748
    outer loop
      vertex 0.21362897085061794 -0.46393024727054416 -0.029479424516778856
      vertex 0.3129132053722225 -0.36795446518538716 -0.018208247420010367
      vertex 0.26637090353333709 -0.35071512719874892 -0.020462196859377849
    endloop
  endfacet
  facet normal -0.09445928777346374 0.1102770381168927 0.98940205064346587
    outer loop
      vertex 0.39189445698770825 -0.38537245995226571 0.01506092805237693
      vertex 0.53673118319499569 -0.35133771422772381 0.025095193741395641
      vertex 0.43820662769587237 -0.32747133659411076 0.013028842384134856
    endloop
  endfacet
  facet normal -0.091630105314265686 -0.1624990448068461 0.98244490137460583
    outer loop
      vertex 0.46113192834413891 -0.46096068405533358 -8.7689832964379932e-05
      vertex 0.57684380290814197 -0.45202222166632072 0.012182904513649846
      vertex 0.53673118319499569 -0.35133771422772381 0.025095193741395641
    endloop
  endfacet
  facet normal 0.3046344088730375 -0.000783352594932797 0.95246903534408245
    outer loop
      vertex 0.57684380290814197 -0.45202222166632072 0.012182904513649846
      vertex 0.64850136281102821 -0.34178056981678329 -0.010645134521130206
      vertex 0.53673118319499569 -0.35133771422772381 0.025095193741395641
    endloop
  endfacet
  facet normal -0.21335666719252436 0.32915961584604725 0.91985481455530849
    outer loop
      vertex 0.57684380290814197 -0.45202222166632072 0.012182904513649846
      vertex 0.66370040511926987 -0.43000664138474592 0.024450922297279756
      vertex 0.64850136281102821 -0.34178056981678329 -0.010645134521130206
    endloop
  endfacet
  facet normal -0.14524601617949223 0.34400112360116658 0.9276674090131235
    outer loop
      vertex 0.66370040511926987 -0.43000664138474592 0.024450922297279756
      vertex 0.74971775620846215 -0.37825607039454168 0.018728422026130086
      vertex 0.64850136281102821 -0.34178056981678329 -0.010645134521130206
    endloop
  endfacet
  facet normal -0.87207630532343972 0.11368201138967587 0.47598247654700104
    outer loop
      vertex 0.9045549925379881 -0.44768578911398155 -0.044108071917038513
      vertex 0.95021796161505656 -0.46030999442049503 0.042568939206489902
      vertex 0.93954949211427718 -0.32191814844234168 -0.010030440203541713
    endloop
  endfacet
  facet normal -0.48508125089534454 0.07301819431995997 0.87141524162023942
    outer loop
      vertex -0.93567549465712296 -0.41646834567724844 -0.0027186444791600828
      vertex -0.86947607698882967 -0.31557622788737566 0.025677847671857091
      vertex -0.96048932387809371 -0.30862915334208585 -0.02556762102704278
    endloop
  endfacet
  facet normal 0.66004372633970088 -0.45614808846671645 0.5968845790500561
    outer loop
      vertex -0.78338982490006559 -0.37950627346162302 0.061017696938234098
      vertex -0.70767289730144656 -0.38544724834773814 -0.027251374212785895
      vertex -0.69875490428222886 -0.28965941086574593 0.036089470816357924
    endloop
  endfacet
  facet normal 0.081079323969738451 -0.55500029017119712 0.82788937735333779
    outer loop
      vertex -0.70767289730144656 -0.38544724834773814 -0.027251374212785895
      vertex -0.5986136535139861 -0.35334490642938637 -0.016411327744727613
      vertex -0.69875490428222886 -0.28965941086574593 0.036089470816357924
    endloop
  endfacet
  facet normal -0.28909899617488993 0.12237758385420357 0.94944483640740207
    outer loop
      vertex -0.5986136535139861 -0.35334490642938637 -0.016411327744727613
      vertex -0.50335522657278242 -0.30221206369841302 0.0060034572336339397
      vertex -0.6208467883806712 -0.29258625575769059 -0.031012569762831278
    endloop
  endfacet
  facet normal -0.34582142213440142 0.2475018164683124 0.90506927626443379
    outer loop
      vertex -0.5986136535139861 -0.35334490642938637 -0.016411327744727613
      vertex -0.46400104652645785 -0.37452674409401021 0.040815746294900743
      vertex -0.50335522657278242 -0.30221206369841302 0.0060034572336339397
    endloop
  endfacet
  facet normal -0.052594410490576581 -0.15929303783570709 0.98582937473085108
    outer loop
      vertex -0.46400104652645785 -0.37452674409401021 0.040815746294900743
      vertex -0.41699319170265603 -0.43487924041688492 0.033571711728265605
      vertex -0.32725690952748376 -0.28768925504568649 0.062142545070577516
    endloop
  endfacet
  facet normal -0.31261026984139412 0.26849975922309799 0.91114362121831771
    outer loop
      vertex -0.46400104652645785 -0.37452674409401021 0.040815746294900743
      vertex -0.32725690952748376 -0.28768925504568649 0.062142545070577516
      vertex -0.50335522657278242 -0.30221206369841302 0.0060034572336339397
    endloop
  endfacet
  facet normal -0.52860741706161862 0.34058650101064775 0.77754423279757412
    outer loop
      vertex -0.33526702662310048 -0.38986764521599898 -0.044593492972426513
      vertex -0.22479966481253746 -0.39543203026974988 0.032944245318176454
      vertex -0.24415004542751295 -0.27253039196205575 -0.034045375951763025
    endloop
  endfacet
  facet normal 0.66753063888461084 -0.56224561961526576 0.48814209957116905
    outer loop
      vertex -0.33526702662310048 -0.38986764521599898 -0.044593492972426513
      vertex -0.24415004542751295 -0.27253039196205575 -0.034045375951763025
      vertex -0.32725690952748376 -0.28768925504568649 0.062142545070577516
    endloop
  endfacet
  facet normal -0.423769317675603 0.38114618944670792 0.82167338259615552
    outer loop
      vertex -0.22479966481253746 -0.39543203026974988 0.032944245318176454
      vertex -0.15347534259158574 -0.30294180336118293 0.026825952706421085
      vertex -0.24415004542751295 -0.27253039196205575 -0.034045375951763025
    endloop
  endfacet
  facet normal 0.46789736897107281 -0.30597416643179182 0.82912716852502055
    outer loop
      vertex -0.22479966481253746 -0.39543203026974988 0.032944245318176454
      vertex -0.088886203302096317 -0.35449620765295475 -0.028648534154918241
      vertex -0.15347534259158574 -0.30294180336118293 0.026825952706421085
    endloop
  endfacet
  facet normal 0.48262700446230139 -0.047428740585359182 0.87454084474667759
    outer loop
      vertex 0.176561408979448 -0.38671947641892152 -0.021808455841854049
      vertex 0.21492754343876036 -0.30648384814863799 -0.038629920312415703
      vertex 0.12716498409466515 -0.37841296464283114 0.0059021034888618934
    endloop
  endfacet
  facet normal -0.11752270768439911 0.25728485289532943 0.9591626127248476
    outer loop
      vertex 0.176561408979448 -0.38671947641892152 -0.021808455841854049
      vertex 0.26637090353333709 -0.35071512719874892 -0.020462196859377849
      vertex 0.21492754343876036 -0.30648384814863799 -0.038629920312415703
    endloop
  endfacet
  facet normal -0.31776118240098722 0.28588917850695145 0.90404380898922543
    outer loop
      vertex 0.3129132053722225 -0.36795446518538716 -0.018208247420010367
      vertex 0.39189445698770825 -0.38537245995226571 0.01506092805237693
      vertex 0.43820662769587237 -0.32747133659411076 0.013028842384134856
    endloop
  endfacet
  facet normal -0.11909031527244845 0.42749980967698953 0.89613693682073303
    outer loop
      vertex 0.74971775620846215 -0.37825607039454168 0.018728422026130086
      vertex 0.86137515583330138 -0.37140046348340627 0.030296457945808954
      vertex 0.83846872447890708 -0.29060548418016119 -0.011290682228294031
    endloop
  endfacet
  facet normal 0.5975861236400194 -0.36035383380855879 0.71626527159451814
    outer loop
      vertex 0.86137515583330138 -0.37140046348340627 0.030296457945808954
      vertex 0.9045549925379881 -0.44768578911398155 -0.044108071917038513
      vertex 0.93954949211427718 -0.32191814844234168 -0.010030440203541713
    endloop
  endfacet
  facet normal -0.45201271316089908 0.60711428644305232 0.65352639605272733
    outer loop
      vertex -0.78338982490006559 -0.37950627346162302 0.061017696938234098
      vertex -0.69875490428222886 -0.28965941086574593 0.036089470816357924
      vertex -0.81343929967587847 -0.32603395232204974 -0.0094409027353219641
    endloop
  endfacet
  facet normal 0.60954001509439948 0.38903949958865813 0.69073094454970363
    outer loop
      vertex -0.69875490428222886 -0.28965941086574593 0.036089470816357924
      vertex -0.5986136535139861 -0.35334490642938637 -0.016411327744727613
      vertex -0.6208467883806712 -0.29258625575769059 -0.031012569762831278
    endloop
  endfacet
  facet normal -0.27198701344937148 0.68486551720949562 0.67600465076230176
    outer loop
      vertex -0.50335522657278242 -0.30221206369841302 0.0060034572336339397
      vertex -0.32725690952748376 -0.28768925504568649 0.062142545070577516
      vertex -0.38216602125683224 -0.23683393204275954 -0.011471774513707209
    endloop
  endfacet
  facet normal -0.28544257854359012 0.013110098914199529 0.95830614088653654
    outer loop
      vertex -0.088886203302096317 -0.35449620765295475 -0.028648534154918241
      vertex 0.010116761721414638 -0.37874974242454179 0.0011724454260003665
      vertex 0.00075845037704064255 -0.26400048257299069 -0.0031848622127401628
    endloop
  endfacet
  facet normal -0.35686377034904382 0.0063675369120020772 0.93413473540273573
    outer loop
      vertex 0.010116761721414638 -0.37874974242454179 0.0011724454260003665
      vertex 0.087044584337084022 -0.31172724706104749 0.03010401555817933
      vertex 0.00075845037704064255 -0.26400048257299069 -0.0031848622127401628
    endloop
  endfacet
  facet normal 0.54205884757933387 -0.14940556382295014 0.82695234642614746
    outer loop
      vertex 0.12716498409466515 -0.37841296464283114 0.0059021034888618934
      vertex 0.21492754343876036 -0.30648384814863799 -0.038629920312415703
      vertex 0.19839380879232016 -0.22802635282072994 -0.013617301914722211
    endloop
  endfacet
  facet normal -0.10605492679812173 -0.15796809046711791 0.98173236418894605
    outer loop
      vertex 0.26637090353333709 -0.35071512719874892 -0.020462196859377849
      vertex 0.3129132053722225 -0.36795446518538716 -0.018208247420010367
      vertex 0.36154777610475269 -0.28073296966896727 0.0010802568852905157
    endloop
  endfacet
  facet normal -0.21100332824400334 -0.097433276502931918 0.97261726907342982
    outer loop
      vertex 0.3129132053722225 -0.36795446518538716 -0.018208247420010367
      vertex 0.43820662769587237 -0.32747133659411076 0.013028842384134856
      vertex 0.36154777610475269 -0.28073296966896727 0.0010802568852905157
    endloop
  endfacet
  facet normal -0.039932730088207302 0.31462934114252106 0.94837426934724744
    outer loop
      vertex 0.43820662769587237 -0.32747133659411076 0.013028842384134856
      vertex 0.53673118319499569 -0.35133771422772381 0.025095193741395641
      vertex 0.50170511870128598 -0.23975618853918818 -0.013397529511911224
    endloop
  endfacet
  facet normal 0.068566092704912512 0.34451347777532487 0.9362740808985005
    outer loop
      vertex 0.53673118319499569 -0.35133771422772381 0.025095193741395641
      vertex 0.55187831444393209 -0.28555796118496024 -0.00021853818488831646
      vertex 0.50170511870128598 -0.23975618853918818 -0.013397529511911224
    endloop
  endfacet
  facet normal 0.26865354839969219 0.29144115309420571 0.91808895277929026
    outer loop
      vertex 0.53673118319499569 -0.35133771422772381 0.025095193741395641
      vertex 0.64850136281102821 -0.34178056981678329 -0.010645134521130206
      vertex 0.55187831444393209 -0.28555796118496024 -0.00021853818488831646
    endloop
  endfacet
  facet normal -0.20698888892684703 0.19729293040491572 0.95824375785760818
    outer loop
      vertex 0.64850136281102821 -0.34178056981678329 -0.010645134521130206
      vertex 0.74971775620846215 -0.37825607039454168 0.018728422026130086
      vertex 0.76866359436432896 -0.27802357020889684 0.0021840035900413174
    endloop
  endfacet
  facet normal 0.20907269105606846 0.12066048724930811 0.97042756384561413
    outer loop
      vertex 0.74971775620846215 -0.37825607039454168 0.018728422026130086
      vertex 0.83846872447890708 -0.29060548418016119 -0.011290682228294031
      vertex 0.76866359436432896 -0.27802357020889684 0.0021840035900413174
    endloop
  endfacet
  facet normal 0.13919814241783096 0.48411497152236904 0.86386143072562327
    outer loop
      vertex 0.86137515583330138 -0.37140046348340627 0.030296457945808954
      vertex 0.93954949211427718 -0.32191814844234168 -0.010030440203541713
      vertex 0.83846872447890708 -0.29060548418016119 -0.011290682228294031
    endloop
  endfacet
  facet normal -0.26937763021099664 0.76697484044965636 0.58239615937876177
    outer loop
      vertex -0.96048932387809371 -0.30862915334208585 -0.02556762102704278
      vertex -0.86947607698882967 -0.31557622788737566 0.025677847671857091
      vertex -0.81644815554450612 -0.24136703786875047 -0.047523263245876038
    endloop
  endfacet
  facet normal -0.44246983373653659 0.37592742822718284 0.81418610583800688
    outer loop
      vertex -0.81343929967587847 -0.32603395232204974 -0.0094409027353219641
      vertex -0.69875490428222886 -0.28965941086574593 0.036089470816357924
      vertex -0.71873719202588027 -0.20275176036729309 -0.014897065042089598
    endloop
  endfacet
  facet normal -0.2833833368397507 -0.60847765192062153 0.74124815784913467
    outer loop
      vertex -0.6208467883806712 -0.29258625575769059 -0.031012569762831278
      vertex -0.50335522657278242 -0.30221206369841302 0.0060034572336339397
      vertex -0.55112999883415426 -0.24163724435143402 0.037463703326178245
    endloop
  endfacet
  facet normal 0.44405366079207365 -0.66162519171720657 0.60420894732064978
    outer loop
      vertex -0.50335522657278242 -0.30221206369841302 0.0060034572336339397
      vertex -0.38216602125683224 -0.23683393204275954 -0.011471774513707209
      vertex -0.43875622545778747 -0.24475117485193532 0.021448691389881293
    endloop
  endfacet
  facet normal 0.28681410292664594 -0.51195453672301139 0.80971613710677037
    outer loop
      vertex -0.15347534259158574 -0.30294180336118293 0.026825952706421085
      vertex -0.088886203302096317 -0.35449620765295475 -0.028648534154918241
      vertex 0.00075845037704064255 -0.26400048257299069 -0.0031848622127401628
    endloop
  endfacet
  facet normal 0.7148159193939333 0.185334974117874 0.67430642051646872
    outer loop
      vertex 0.087044584337084022 -0.31172724706104749 0.03010401555817933
      vertex 0.12716498409466515 -0.37841296464283114 0.0059021034888618934
      vertex 0.14435161540763963 -0.18746319659121982 -0.064800097368742829
    endloop
  endfacet
  facet normal -0.49947256055988803 0.33999313167393036 0.79682609875825638
    outer loop
      vertex 0.12716498409466515 -0.37841296464283114 0.0059021034888618934
      vertex 0.19839380879232016 -0.22802635282072994 -0.013617301914722211
      vertex 0.14435161540763963 -0.18746319659121982 -0.064800097368742829
    endloop
  endfacet
  facet normal -0.34559840719218643 -0.01657489889993112 0.93823611829468645
    outer loop
      vertex 0.21492754343876036 -0.30648384814863799 -0.038629920312415703
      vertex 0.26637090353333709 -0.35071512719874892 -0.020462196859377849
      vertex 0.31563028697212292 -0.25913273579279134 -0.00069965204498447821
    endloop
  endfacet
  facet normal -0.10994709675902403 -0.15279488865213675 0.98212288330740116
    outer loop
      vertex 0.26637090353333709 -0.35071512719874892 -0.020462196859377849
      vertex 0.36154777610475269 -0.28073296966896727 0.0010802568852905157
      vertex 0.31563028697212292 -0.25913273579279134 -0.00069965204498447821
    endloop
  endfacet
  facet normal 0.11082552653828803 0.0061564522091767365 0.99382080918227278
    outer loop
      vertex 0.55187831444393209 -0.28555796118496024 -0.00021853818488831646
      vertex 0.64850136281102821 -0.34178056981678329 -0.010645134521130206
      vertex 0.70285955457969918 -0.22740465635521945 -0.017415394317838902
    endloop
  endfacet
  facet normal 0.27742799106422084 -0.47298212097633829 0.83625452047256232
    outer loop
      vertex 0.55187831444393209 -0.28555796118496024 -0.00021853818488831646
      vertex 0.70285955457969918 -0.22740465635521945 -0.017415394317838902
      vertex 0.63433977435081712 -0.19235727249445236 0.025138744474844325
    endloop
  endfacet
  facet normal -0.17981975839266542 0.14307001459566357 0.97323986016562225
    outer loop
      vertex 0.64850136281102821 -0.34178056981678329 -0.010645134521130206
      vertex 0.76866359436432896 -0.27802357020889684 0.0021840035900413174
      vertex 0.70285955457969918 -0.22740465635521945 -0.017415394317838902
    endloop
  endfacet
  facet normal -0.078866482804729368 -0.21541604195343114 0.97333242356305427
    outer loop
      vertex 0.93954949211427718 -0.32191814844234168 -0.010030440203541713
      vertex 0.94150174974462109 -0.22217076131400326 0.012203643958574198
      vertex 0.83846872447890708 -0.29060548418016119 -0.011290682228294031
    endloop
  endfacet
  facet normal 0.28726701586677533 -0.320546188577498 0.90262273546783478
    outer loop
      vertex -0.96048932387809371 -0.30862915334208585 -0.02556762102704278
      vertex -0.81644815554450612 -0.24136703786875047 -0.047523263245876038
      vertex -0.93304169418658034 -0.21455368255479687 -0.00089426188119893211
    endloop
  endfacet
  facet normal 0.54271089395062067 0.36050549648732855 0.75861760630092356
    outer loop
      vertex -0.86947607698882967 -0.31557622788737566 0.025677847671857091
      vertex -0.81343929967587847 -0.32603395232204974 -0.0094409027353219641
      vertex -0.81644815554450612 -0.24136703786875047 -0.047523263245876038
    endloop
  endfacet
  facet normal -0.42031923480719818 0.35974527484858632 0.83301565295929847
    outer loop
      vertex -0.81343929967587847 -0.32603395232204974 -0.0094409027353219641
      vertex -0.71873719202588027 -0.20275176036729309 -0.014897065042089598
      vertex -0.81644815554450612 -0.24136703786875047 -0.047523263245876038
    endloop
  endfacet
  facet normal -0.48911979674199535 0.22719630647156289 0.84210668134194777
    outer loop
      vertex -0.15347534259158574 -0.30294180336118293 0.026825952706421085
      vertex -0.15007409634634145 -0.17112728640807809 -0.0067614242205292618
      vertex -0.24415004542751295 -0.27253039196205575 -0.034045375951763025
    endloop
  endfacet
  facet normal 0.24606036188869537 0.23335958951150587 0.94074311067911942
    outer loop
      vertex -0.15347534259158574 -0.30294180336118293 0.026825952706421085
      vertex -0.081580850453357334 -0.20062706322070531 -0.017358809362671253
      vertex -0.15007409634634145 -0.17112728640807809 -0.0067614242205292618
    endloop
  endfacet
  facet normal 0.097420489226007934 0.33609295575738291 0.93677680018733989
    outer loop
      vertex -0.15347534259158574 -0.30294180336118293 0.026825952706421085
      vertex 0.00075845037704064255 -0.26400048257299069 -0.0031848622127401628
      vertex -0.081580850453357334 -0.20062706322070531 -0.017358809362671253
    endloop
  endfacet
  facet normal -0.1462575358409175 0.37427606464178653 0.91571074070691116
    outer loop
      vertex 0.00075845037704064255 -0.26400048257299069 -0.0031848622127401628
      vertex 0.087044584337084022 -0.31172724706104749 0.03010401555817933
      vertex 0.076687718781388692 -0.20346050391523113 -0.015801769230322359
    endloop
  endfacet
  facet normal 0.48158910806973093 0.38076330441454403 0.78936128420382912
    outer loop
      vertex 0.087044584337084022 -0.31172724706104749 0.03010401555817933
      vertex 0.14435161540763963 -0.18746319659121982 -0.064800097368742829
      vertex 0.076687718781388692 -0.20346050391523113 -0.015801769230322359
    endloop
  endfacet
  facet normal -0.19042259692097488 -0.33438490832019013 0.92299835734933466
    outer loop
      vertex 0.21492754343876036 -0.30648384814863799 -0.038629920312415703
      vertex 0.31563028697212292 -0.25913273579279134 -0.00069965204498447821
      vertex 0.19839380879232016 -0.22802635282072994 -0.013617301914722211
    endloop
  endfacet
  facet normal 0.018546288850301837 0.27608538709101627 0.96095415822227692
    outer loop
      vertex 0.43820662769587237 -0.32747133659411076 0.013028842384134856
      vertex 0.50170511870128598 -0.23975618853918818 -0.013397529511911224
      vertex 0.36154777610475269 -0.28073296966896727 0.0010802568852905157
    endloop
  endfacet
  facet normal -0.27197986553081388 -0.021112051560648184 0.96207132481159674
    outer loop
      vertex 0.55187831444393209 -0.28555796118496024 -0.00021853818488831646
      vertex 0.63433977435081712 -0.19235727249445236 0.025138744474844325
      vertex 0.50170511870128598 -0.23975618853918818 -0.013397529511911224
    endloop
  endfacet
  facet normal 0.12916689254857128 0.49958052058049846 0.85658345613598208
    outer loop
      vertex 0.76866359436432896 -0.27802357020889684 0.0021840035900413174
      vertex 0.80403699203188017 -0.19859252412263451 -0.049476199385681471
      vertex 0.70285955457969918 -0.22740465635521945 -0.017415394317838902
    endloop
  endfacet
  facet normal 0.091928383831577892 -0.44433817000113723 0.8911300482680149
    outer loop
      vertex 0.83846872447890708 -0.29060548418016119 -0.011290682228294031
      vertex 0.94150174974462109 -0.22217076131400326 0.012203643958574198
      vertex 0.76866359436432896 -0.27802357020889684 0.0021840035900413174
    endloop
  endfacet
  facet normal 0.10813298538823381 -0.72067058597910283 0.68479278907970742
    outer loop
      vertex -0.93304169418658034 -0.21455368255479687 -0.00089426188119893211
      vertex -0.81644815554450612 -0.24136703786875047 -0.047523263245876038
      vertex -0.8299332538933929 -0.17006542488608398 0.029643377517395476
    endloop
  endfacet
  facet normal -0.082094220811988791 0.49020220243512291 0.86773402586105097
    outer loop
      vertex -0.69875490428222886 -0.28965941086574593 0.036089470816357924
      vertex -0.62702386649016006 -0.16263923002244357 -0.028880747092956554
      vertex -0.71873719202588027 -0.20275176036729309 -0.014897065042089598
    endloop
  endfacet
  facet normal 0.65289238609533473 0.01861300267305124 0.75722195445604534
    outer loop
      vertex -0.69875490428222886 -0.28965941086574593 0.036089470816357924
      vertex -0.6208467883806712 -0.29258625575769059 -0.031012569762831278
      vertex -0.62702386649016006 -0.16263923002244357 -0.028880747092956554
    endloop
  endfacet
  facet normal -0.68332161690354298 -0.044437542499117459 0.72876393481632096
    outer loop
      vertex -0.6208467883806712 -0.29258625575769059 -0.031012569762831278
      vertex -0.55112999883415426 -0.24163724435143402 0.037463703326178245
      vertex -0.62702386649016006 -0.16263923002244357 -0.028880747092956554
    endloop
  endfacet
  facet normal 0.39212120131014 -0.16112052456837128 0.90569373413196663
    outer loop
      vertex -0.55112999883415426 -0.24163724435143402 0.037463703326178245
      vertex -0.50335522657278242 -0.30221206369841302 0.0060034572336339397
      vertex -0.41710198147251565 -0.1606549285443456 -0.0061573492267876576
    endloop
  endfacet
  facet normal -0.19655160538265401 0.696841290597356 0.68976784655426848
    outer loop
      vertex -0.55112999883415426 -0.24163724435143402 0.037463703326178245
      vertex -0.41710198147251565 -0.1606549285443456 -0.0061573492267876576
      vertex -0.51559077674490394 -0.17511991165006102 -0.019608734897322535
    endloop
  endfacet
  facet normal -0.52370308969180834 0.38441160779110745 0.76023863993006136
    outer loop
      vertex -0.50335522657278242 -0.30221206369841302 0.0060034572336339397
      vertex -0.43875622545778747 -0.24475117485193532 0.021448691389881293
      vertex -0.41710198147251565 -0.1606549285443456 -0.0061573492267876576
    endloop
  endfacet
  facet normal -0.23503088721229007 0.70887402283035028 0.66502488811511407
    outer loop
      vertex -0.38216602125683224 -0.23683393204275954 -0.011471774513707209
      vertex -0.32725690952748376 -0.28768925504568649 0.062142545070577516
      vertex -0.25043176971597664 -0.20043481512121106 -0.0037138248964127636
    endloop
  endfacet
  facet normal 0.75706182350222306 -0.19621769649113735 0.62318216516456937
    outer loop
      vertex -0.32725690952748376 -0.28768925504568649 0.062142545070577516
      vertex -0.24415004542751295 -0.27253039196205575 -0.034045375951763025
      vertex -0.25043176971597664 -0.20043481512121106 -0.0037138248964127636
    endloop
  endfacet
  facet normal 0.13706294797478344 -0.3739611134148243 0.91726050495265898
    outer loop
      vertex -0.24415004542751295 -0.27253039196205575 -0.034045375951763025
      vertex -0.15007409634634145 -0.17112728640807809 -0.0067614242205292618
      vertex -0.25043176971597664 -0.20043481512121106 -0.0037138248964127636
    endloop
  endfacet
  facet normal -0.32165706850043319 -0.21149904926287624 0.92293276160542015
    outer loop
      vertex 0.00075845037704064255 -0.26400048257299069 -0.0031848622127401628
      vertex 0.0040839736277353753 -0.16061020730289424 0.021667027260554993
      vertex -0.081580850453357334 -0.20062706322070531 -0.017358809362671253
    endloop
  endfacet
  facet normal 0.33545494574574136 -0.2303574412714321 0.91345795120826478
    outer loop
      vertex 0.00075845037704064255 -0.26400048257299069 -0.0031848622127401628
      vertex 0.076687718781388692 -0.20346050391523113 -0.015801769230322359
      vertex 0.0040839736277353753 -0.16061020730289424 0.021667027260554993
    endloop
  endfacet
  facet normal 0.52835724846444154 -0.68073866445233433 0.50737903850547139
    outer loop
      vertex 0.076687718781388692 -0.20346050391523113 -0.015801769230322359
      vertex 0.14435161540763963 -0.18746319659121982 -0.064800097368742829
      vertex 0.12663667335841733 -0.13875944972895859 0.018991976020619222
    endloop
  endfacet
  facet normal -0.14509411949120621 -0.14010493548066877 0.97944795856800348
    outer loop
      vertex 0.19839380879232016 -0.22802635282072994 -0.013617301914722211
      vertex 0.31563028697212292 -0.25913273579279134 -0.00069965204498447821
      vertex 0.37133631384089244 -0.11492484823469523 0.028180752935760812
    endloop
  endfacet
  facet normal 0.023655246835363748 -0.20509256071260756 0.97845667805861658
    outer loop
      vertex 0.31563028697212292 -0.25913273579279134 -0.00069965204498447821
      vertex 0.43482488060110669 -0.18329187262560445 0.012315558117560341
      vertex 0.37133631384089244 -0.11492484823469523 0.028180752935760812
    endloop
  endfacet
  facet normal -0.068401031903993784 -0.063362667742118003 0.9956437471159405
    outer loop
      vertex 0.31563028697212292 -0.25913273579279134 -0.00069965204498447821
      vertex 0.36154777610475269 -0.28073296966896727 0.0010802568852905157
      vertex 0.43482488060110669 -0.18329187262560445 0.012315558117560341
    endloop
  endfacet
  facet normal 0.16805557236829052 -0.23671801369779633 0.95693359570397374
    outer loop
      vertex 0.36154777610475269 -0.28073296966896727 0.0010802568852905157
      vertex 0.50170511870128598 -0.23975618853918818 -0.013397529511911224
      vertex 0.43482488060110669 -0.18329187262560445 0.012315558117560341
    endloop
  endfacet
  facet normal -0.23868734998077165 0.60191767590228007 0.76205213758348211
    outer loop
      vertex 0.76866359436432896 -0.27802357020889684 0.0021840035900413174
      vertex 0.94150174974462109 -0.22217076131400326 0.012203643958574198
      vertex 0.80403699203188017 -0.19859252412263451 -0.049476199385681471
    endloop
  endfacet
  facet normal -0.36073735672871776 0.2484854416866831 0.89895692039727471
    outer loop
      vertex 0.94150174974462109 -0.22217076131400326 0.012203643958574198
      vertex 0.92642766979662361 -0.16559656552501614 -0.0094833216144119322
      vertex 0.80403699203188017 -0.19859252412263451 -0.049476199385681471
    endloop
  endfacet
  facet normal -0.37322442563673447 0.25215896156785844 0.8928154267311631
    outer loop
      vertex -0.93304169418658034 -0.21455368255479687 -0.00089426188119893211
      vertex -0.8299332538933929 -0.17006542488608398 0.029643377517395476
      vertex -0.9253858836097888 -0.14576368916702273 -0.017122339219267847
    endloop
  endfacet
  facet normal 0.47029512893374947 -0.60569137990159472 0.641841447722169
    outer loop
      vertex -0.8299332538933929 -0.17006542488608398 0.029643377517395476
      vertex -0.81644815554450612 -0.24136703786875047 -0.047523263245876038
      vertex -0.73791614630802704 -0.14164033299518664 -0.010956001717494416
    endloop
  endfacet
  facet normal -0.26185981918545648 -0.14372642489242696 0.95434383210863871
    outer loop
      vertex -0.81644815554450612 -0.24136703786875047 -0.047523263245876038
      vertex -0.71873719202588027 -0.20275176036729309 -0.014897065042089598
      vertex -0.73791614630802704 -0.14164033299518664 -0.010956001717494416
    endloop
  endfacet
  facet normal 0.0092605062131076599 0.64828771547441233 0.76133913664650421
    outer loop
      vertex -0.55112999883415426 -0.24163724435143402 0.037463703326178245
      vertex -0.51559077674490394 -0.17511991165006102 -0.019608734897322535
      vertex -0.62702386649016006 -0.16263923002244357 -0.028880747092956554
    endloop
  endfacet
  facet normal -0.068316333113441319 -0.3891255977262047 0.91864799995654334
    outer loop
      vertex -0.51559077674490394 -0.17511991165006102 -0.019608734897322535
      vertex -0.41710198147251565 -0.1606549285443456 -0.0061573492267876576
      vertex -0.4869026247321539 -0.10936656728128444 0.010376829519747241
    endloop
  endfacet
  facet normal 0.47690306365414947 -0.54657351051904812 0.68834647197190602
    outer loop
      vertex -0.43875622545778747 -0.24475117485193532 0.021448691389881293
      vertex -0.38216602125683224 -0.23683393204275954 -0.011471774513707209
      vertex -0.3165619260261705 -0.15266966709622967 0.0099057793018363042
    endloop
  endfacet
  facet normal -0.17478441743280534 0.34742945371321349 0.9212725883880476
    outer loop
      vertex -0.43875622545778747 -0.24475117485193532 0.021448691389881293
      vertex -0.3165619260261705 -0.15266966709622967 0.0099057793018363042
      vertex -0.41710198147251565 -0.1606549285443456 -0.0061573492267876576
    endloop
  endfacet
  facet normal 0.013907547037276924 -0.25632713262621643 0.96649003161699909
    outer loop
      vertex -0.38216602125683224 -0.23683393204275954 -0.011471774513707209
      vertex -0.25043176971597664 -0.20043481512121106 -0.0037138248964127636
      vertex -0.3165619260261705 -0.15266966709622967 0.0099057793018363042
    endloop
  endfacet
  facet normal -0.52165334341686487 0.3086191489753331 0.79538167579329333
    outer loop
      vertex 0.19839380879232016 -0.22802635282072994 -0.013617301914722211
      vertex 0.24834836558633153 -0.13708536404724533 -0.016140831250173081
      vertex 0.14435161540763963 -0.18746319659121982 -0.064800097368742829
    endloop
  endfacet
  facet normal 0.44223629658966251 -0.19763690237458939 0.8748523948635204
    outer loop
      vertex 0.63433977435081712 -0.19235727249445236 0.025138744474844325
      vertex 0.70285955457969918 -0.22740465635521945 -0.017415394317838902
      vertex 0.76019171626919924 -0.12908214127163892 -0.024184771164741659
    endloop
  endfacet
  facet normal 0.33292520855227581 -0.12982688527597697 0.93397311811955386
    outer loop
      vertex 0.70285955457969918 -0.22740465635521945 -0.017415394317838902
      vertex 0.80403699203188017 -0.19859252412263451 -0.049476199385681471
      vertex 0.76019171626919924 -0.12908214127163892 -0.024184771164741659
    endloop
  endfacet
  facet normal -0.33424047260216272 -0.50123775892479105 0.79815037148568446
    outer loop
      vertex 0.80403699203188017 -0.19859252412263451 -0.049476199385681471
      vertex 0.86043581898372601 -0.11325181240207011 0.027735764504960195
      vertex 0.76019171626919924 -0.12908214127163892 -0.024184771164741659
    endloop
  endfacet
  facet normal -0.12621703044499652 -0.48335713514268291 0.86627659620487552
    outer loop
      vertex -0.62702386649016006 -0.16263923002244357 -0.028880747092956554
      vertex -0.51559077674490394 -0.17511991165006102 -0.019608734897322535
      vertex -0.56477263259464283 -0.08167544772412022 0.025364730565946941
    endloop
  endfacet
  facet normal 0.023759723826241707 -0.42336891116590891 0.90564575888251886
    outer loop
      vertex -0.51559077674490394 -0.17511991165006102 -0.019608734897322535
      vertex -0.4869026247321539 -0.10936656728128444 0.010376829519747241
      vertex -0.56477263259464283 -0.08167544772412022 0.025364730565946941
    endloop
  endfacet
  facet normal -0.10369175242983608 -0.4028549642870457 0.90937115537458768
    outer loop
      vertex -0.3165619260261705 -0.15266966709622967 0.0099057793018363042
      vertex -0.25043176971597664 -0.20043481512121106 -0.0037138248964127636
      vertex -0.18227675674258023 -0.098352153109758464 0.049280620337765459
    endloop
  endfacet
  facet normal 0.18455898459589179 -0.54708147106922334 0.81648015604646984
    outer loop
      vertex -0.25043176971597664 -0.20043481512121106 -0.0037138248964127636
      vertex -0.15007409634634145 -0.17112728640807809 -0.0067614242205292618
      vertex -0.18227675674258023 -0.098352153109758464 0.049280620337765459
    endloop
  endfacet
  facet normal 0.11405458905503971 -0.53739419800523747 0.83558304594204968
    outer loop
      vertex 0.0040839736277353753 -0.16061020730289424 0.021667027260554993
      vertex 0.076687718781388692 -0.20346050391523113 -0.015801769230322359
      vertex 0.12663667335841733 -0.13875944972895859 0.018991976020619222
    endloop
  endfacet
  facet normal -0.36605421076552785 0.22612544782595317 0.90270238541079451
    outer loop
      vertex 0.19839380879232016 -0.22802635282072994 -0.013617301914722211
      vertex 0.37133631384089244 -0.11492484823469523 0.028180752935760812
      vertex 0.24834836558633153 -0.13708536404724533 -0.016140831250173081
    endloop
  endfacet
  facet normal 0.48653179819561154 0.18772003020115643 0.85325728804729328
    outer loop
      vertex 0.43482488060110669 -0.18329187262560445 0.012315558117560341
      vertex 0.50170511870128598 -0.23975618853918818 -0.013397529511911224
      vertex 0.5079443990365381 -0.11390679610224859 -0.044642571779324638
    endloop
  endfacet
  facet normal -0.29955015519074857 0.06429698326713354 0.95191155180927622
    outer loop
      vertex 0.50170511870128598 -0.23975618853918818 -0.013397529511911224
      vertex 0.63433977435081712 -0.19235727249445236 0.025138744474844325
      vertex 0.61349048846372056 -0.083701359811959197 0.011238656596334657
    endloop
  endfacet
  facet normal -0.50610948937841915 0.23137077961343416 0.83085543092778025
    outer loop
      vertex 0.50170511870128598 -0.23975618853918818 -0.013397529511911224
      vertex 0.61349048846372056 -0.083701359811959197 0.011238656596334657
      vertex 0.5079443990365381 -0.11390679610224859 -0.044642571779324638
    endloop
  endfacet
  facet normal -0.077031187889927799 -0.64044210227128828 0.76413356799096277
    outer loop
      vertex 0.80403699203188017 -0.19859252412263451 -0.049476199385681471
      vertex 0.92642766979662361 -0.16559656552501614 -0.0094833216144119322
      vertex 0.86043581898372601 -0.11325181240207011 0.027735764504960195
    endloop
  endfacet
  facet normal -0.52777365810250032 0.17776555222331539 0.83057472526910225
    outer loop
      vertex 0.94150174974462109 -0.22217076131400326 0.012203643958574198
      vertex 0.96097713190064926 -0.06715081422386654 -0.0085995568745332041
      vertex 0.92642766979662361 -0.16559656552501614 -0.0094833216144119322
    endloop
  endfacet
  facet normal 0.42330897803728296 -0.5743389438523715 0.70067416584855857
    outer loop
      vertex -0.9253858836097888 -0.14576368916702273 -0.017122339219267847
      vertex -0.81751752802103128 -0.056266510528058311 -0.008930126675682621
      vertex -0.93156018883505043 -0.089170531101681341 0.032996953283810387
    endloop
  endfacet
  facet normal -0.34444467925653915 0.33486728806635574 0.87705288455995878
    outer loop
      vertex -0.9253858836097888 -0.14576368916702273 -0.017122339219267847
      vertex -0.8299332538933929 -0.17006542488608398 0.029643377517395476
      vertex -0.81751752802103128 -0.056266510528058311 -0.008930126675682621
    endloop
  endfacet
  facet normal 0.419722835259213 -0.065727362047025062 0.90526938280287972
    outer loop
      vertex -0.8299332538933929 -0.17006542488608398 0.029643377517395476
      vertex -0.73791614630802704 -0.14164033299518664 -0.010956001717494416
      vertex -0.73260773195342077 -0.018379320349648499 -0.0044678131270390956
    endloop
  endfacet
  facet normal -0.19745004811771738 0.33395547621575195 0.92167630890883878
    outer loop
      vertex -0.8299332538933929 -0.17006542488608398 0.029643377517395476
      vertex -0.73260773195342077 -0.018379320349648499 -0.0044678131270390956
      vertex -0.81751752802103128 -0.056266510528058311 -0.008930126675682621
    endloop
  endfacet
  facet normal 0.10719507960532837 -0.03044647815618181 0.99377171768786643
    outer loop
      vertex -0.73791614630802704 -0.14164033299518664 -0.010956001717494416
      vertex -0.71873719202588027 -0.20275176036729309 -0.014897065042089598
      vertex -0.65596465278551075 -0.056078234137303506 -0.017174464356405086
    endloop
  endfacet
  facet normal 0.39709013788232622 -0.70167393463953776 0.59158525323410904
    outer loop
      vertex -0.71873719202588027 -0.20275176036729309 -0.014897065042089598
      vertex -0.62702386649016006 -0.16263923002244357 -0.028880747092956554
      vertex -0.56477263259464283 -0.08167544772412022 0.025364730565946941
    endloop
  endfacet
  facet normal -0.37550392659205295 0.17483849860179382 0.91018036702656946
    outer loop
      vertex -0.71873719202588027 -0.20275176036729309 -0.014897065042089598
      vertex -0.56477263259464283 -0.08167544772412022 0.025364730565946941
      vertex -0.65596465278551075 -0.056078234137303506 -0.017174464356405086
    endloop
  endfacet
  facet normal -0.15635643096318028 -0.017892408485476217 0.98753862112579938
    outer loop
      vertex -0.41710198147251565 -0.1606549285443456 -0.0061573492267876576
      vertex -0.3165619260261705 -0.15266966709622967 0.0099057793018363042
      vertex -0.37694772849226565 -0.052613297473390643 0.0021577692960525153
    endloop
  endfacet
  facet normal -0.43663926763394856 0.58245443644655337 0.68563326890096055
    outer loop
      vertex -0.3165619260261705 -0.15266966709622967 0.0099057793018363042
      vertex -0.18227675674258023 -0.098352153109758464 0.049280620337765459
      vertex -0.25465056898056854 -0.085355653961949246 -0.0078506752616691947
    endloop
  endfacet
  facet normal 0.13610983649239106 -0.039585863812415821 0.98990255671770022
    outer loop
      vertex -0.15007409634634145 -0.17112728640807809 -0.0067614242205292618
      vertex -0.081580850453357334 -0.20062706322070531 -0.017358809362671253
      vertex -0.11906812819141718 -0.060000820804931215 -0.0065807803013346444
    endloop
  endfacet
  facet normal 0.7142351053794902 -0.20037254495087653 0.67061095836070095
    outer loop
      vertex -0.15007409634634145 -0.17112728640807809 -0.0067614242205292618
      vertex -0.11906812819141718 -0.060000820804931215 -0.0065807803013346444
      vertex -0.18227675674258023 -0.098352153109758464 0.049280620337765459
    endloop
  endfacet
  facet normal -0.1162605921938296 -0.10667504804426027 0.9874734977848747
    outer loop
      vertex -0.081580850453357334 -0.20062706322070531 -0.017358809362671253
      vertex -0.0022802294276529547 -0.089309578276092982 0.004003116059873176
      vertex -0.11906812819141718 -0.060000820804931215 -0.0065807803013346444
    endloop
  endfacet
  facet normal -0.4737159137632696 0.17170741455255606 0.8637764738837862
    outer loop
      vertex -0.081580850453357334 -0.20062706322070531 -0.017358809362671253
      vertex 0.0040839736277353753 -0.16061020730289424 0.021667027260554993
      vertex -0.0022802294276529547 -0.089309578276092982 0.004003116059873176
    endloop
  endfacet
  facet normal -0.081422894287410383 0.55778985180864027 0.82597868828751042
    outer loop
      vertex 0.0040839736277353753 -0.16061020730289424 0.021667027260554993
      vertex 0.12663667335841733 -0.13875944972895859 0.018991976020619222
      vertex 0.13046818035763164 -0.077339819336731064 -0.02210747923971678
    endloop
  endfacet
  facet normal 0.16497446223862625 0.25102311987449616 0.95381907094456364
    outer loop
      vertex 0.0040839736277353753 -0.16061020730289424 0.021667027260554993
      vertex 0.13046818035763164 -0.077339819336731064 -0.02210747923971678
      vertex -0.0022802294276529547 -0.089309578276092982 0.004003116059873176
    endloop
  endfacet
  facet normal 0.49771643710097901 -0.70001772257028594 0.51210695789748562
    outer loop
      vertex 0.12663667335841733 -0.13875944972895859 0.018991976020619222
      vertex 0.14435161540763963 -0.18746319659121982 -0.064800097368742829
      vertex 0.25803146942797434 -0.043370024912536179 0.021680746682094083
    endloop
  endfacet
  facet normal -0.25938626679635185 -0.33827426085047568 0.90459343853662566
    outer loop
      vertex 0.14435161540763963 -0.18746319659121982 -0.064800097368742829
      vertex 0.24834836558633153 -0.13708536404724533 -0.016140831250173081
      vertex 0.25803146942797434 -0.043370024912536179 0.021680746682094083
    endloop
  endfacet
  facet normal -0.37330038961875289 0.45648197732828166 0.80763297572904325
    outer loop
      vertex 0.24834836558633153 -0.13708536404724533 -0.016140831250173081
      vertex 0.37133631384089244 -0.11492484823469523 0.028180752935760812
      vertex 0.32004910883802723 -0.054565282865875017 -0.029640793191806302
    endloop
  endfacet
  facet normal 0.4570749717673902 0.22475833238185092 0.86056153888537734
    outer loop
      vertex 0.43482488060110669 -0.18329187262560445 0.012315558117560341
      vertex 0.5079443990365381 -0.11390679610224859 -0.044642571779324638
      vertex 0.37133631384089244 -0.11492484823469523 0.028180752935760812
    endloop
  endfacet
  facet normal 0.28186424889623723 0.17477224761463581 0.94340193271897033
    outer loop
      vertex 0.63433977435081712 -0.19235727249445236 0.025138744474844325
      vertex 0.76019171626919924 -0.12908214127163892 -0.024184771164741659
      vertex 0.61349048846372056 -0.083701359811959197 0.011238656596334657
    endloop
  endfacet
  facet normal 0.39503995478875209 -0.14678003464510475 0.90686220317647093
    outer loop
      vertex 0.86043581898372601 -0.11325181240207011 0.027735764504960195
      vertex 0.92642766979662361 -0.16559656552501614 -0.0094833216144119322
      vertex 0.96097713190064926 -0.06715081422386654 -0.0085995568745332041
    endloop
  endfacet
  facet normal 0.13550114712102834 -0.057898760117584144 0.98908400690018849
    outer loop
      vertex -0.73791614630802704 -0.14164033299518664 -0.010956001717494416
      vertex -0.65596465278551075 -0.056078234137303506 -0.017174464356405086
      vertex -0.73260773195342077 -0.018379320349648499 -0.0044678131270390956
    endloop
  endfacet
  facet normal -0.22976384616284196 0.53383481020831203 0.81377452061754396
    outer loop
      vertex -0.65596465278551075 -0.056078234137303506 -0.017174464356405086
      vertex -0.56477263259464283 -0.08167544772412022 0.025364730565946941
      vertex -0.57922199483375825 -0.018908943992488905 -0.019889679244927225
    endloop
  endfacet
  facet normal 0.19925445479422318 0.030173925355832434 0.97948312720193276
    outer loop
      vertex -0.4869026247321539 -0.10936656728128444 0.010376829519747241
      vertex -0.4674680169716075 -0.028659532010384476 0.003937024630569691
      vertex -0.56477263259464283 -0.08167544772412022 0.025364730565946941
    endloop
  endfacet
  facet normal 0.2434796749146558 0.018745661067915698 0.96972483112199426
    outer loop
      vertex -0.4869026247321539 -0.10936656728128444 0.010376829519747241
      vertex -0.41710198147251565 -0.1606549285443456 -0.0061573492267876576
      vertex -0.4674680169716075 -0.028659532010384476 0.003937024630569691
    endloop
  endfacet
  facet normal -0.0006446215920898748 -0.076497064178516427 0.99706959819015195
    outer loop
      vertex -0.41710198147251565 -0.1606549285443456 -0.0061573492267876576
      vertex -0.37694772849226565 -0.052613297473390643 0.0021577692960525153
      vertex -0.4674680169716075 -0.028659532010384476 0.003937024630569691
    endloop
  endfacet
  facet normal 0.12008445449474432 0.14848447203329743 0.98159670198798676
    outer loop
      vertex -0.3165619260261705 -0.15266966709622967 0.0099057793018363042
      vertex -0.25465056898056854 -0.085355653961949246 -0.0078506752616691947
      vertex -0.37694772849226565 -0.052613297473390643 0.0021577692960525153
    endloop
  endfacet
  facet normal 0.0034925227760262316 0.35192969956933262 0.9360199190432319
    outer loop
      vertex -0.11906812819141718 -0.060000820804931215 -0.0065807803013346444
      vertex -0.0022802294276529547 -0.089309578276092982 0.004003116059873176
      vertex -0.010753326165833693 0.012608001245992328 -0.034284777103054505
    endloop
  endfacet
  facet normal 0.21086890475919765 -0.33698685521482696 0.91759150193213845
    outer loop
      vertex -0.0022802294276529547 -0.089309578276092982 0.004003116059873176
      vertex 0.13046818035763164 -0.077339819336731064 -0.02210747923971678
      vertex 0.076929544999456312 -0.025661713614387932 0.0091749331089920963
    endloop
  endfacet
  facet normal -0.39808992679949429 0.52719057573031047 0.75072931675932109
    outer loop
      vertex 0.12663667335841733 -0.13875944972895859 0.018991976020619222
      vertex 0.25803146942797434 -0.043370024912536179 0.021680746682094083
      vertex 0.13046818035763164 -0.077339819336731064 -0.02210747923971678
    endloop
  endfacet
  facet normal 0.55539206264531782 -0.35993249838248875 0.74965875794171788
    outer loop
      vertex 0.24834836558633153 -0.13708536404724533 -0.016140831250173081
      vertex 0.32004910883802723 -0.054565282865875017 -0.029640793191806302
      vertex 0.25803146942797434 -0.043370024912536179 0.021680746682094083
    endloop
  endfacet
  facet normal 0.46408795285150467 0.15173547752748073 0.87269623402281682
    outer loop
      vertex 0.5079443990365381 -0.11390679610224859 -0.044642571779324638
      vertex 0.45895488656387429 -0.0091708212690694221 -0.03680103524894672
      vertex 0.37133631384089244 -0.11492484823469523 0.028180752935760812
    endloop
  endfacet
  facet normal -0.34215292988055956 -0.22828265310473611 0.91149240417329402
    outer loop
      vertex 0.5079443990365381 -0.11390679610224859 -0.044642571779324638
      vertex 0.53780963597681397 0.035885875231838157 0.0040836123831926655
      vertex 0.45895488656387429 -0.0091708212690694221 -0.03680103524894672
    endloop
  endfacet
  facet normal -0.50920507514440483 0.26359105144757089 0.81928624365599179
    outer loop
      vertex 0.5079443990365381 -0.11390679610224859 -0.044642571779324638
      vertex 0.61349048846372056 -0.083701359811959197 0.011238656596334657
      vertex 0.59624659806680547 -0.0083056727814349793 -0.023736060904674047
    endloop
  endfacet
  facet normal 0.18859550826277874 -0.14813558392251974 0.97081799686606463
    outer loop
      vertex 0.61349048846372056 -0.083701359811959197 0.011238656596334657
      vertex 0.76019171626919924 -0.12908214127163892 -0.024184771164741659
      vertex 0.73815963663632356 0.0094961032610120753 0.0012407159079455218
    endloop
  endfacet
  facet normal 0.50769328540006631 -0.076725205700988841 0.85811466061932995
    outer loop
      vertex 0.76019171626919924 -0.12908214127163892 -0.024184771164741659
      vertex 0.80101678986011515 -0.05034127238301838 -0.041298109334396954
      vertex 0.73815963663632356 0.0094961032610120753 0.0012407159079455218
    endloop
  endfacet
  facet normal -0.46943366988824703 0.41300410665503368 0.78042272997480644
    outer loop
      vertex 0.76019171626919924 -0.12908214127163892 -0.024184771164741659
      vertex 0.86043581898372601 -0.11325181240207011 0.027735764504960195
      vertex 0.80101678986011515 -0.05034127238301838 -0.041298109334396954
    endloop
  endfacet
  facet normal 0.14007275137687647 0.55733087741741472 0.81838983216975913
    outer loop
      vertex -0.93156018883505043 -0.089170531101681341 0.032996953283810387
      vertex -0.81751752802103128 -0.056266510528058311 -0.008930126675682621
      vertex -0.91314763666121634 -0.0098938508700021858 -0.024142611208507046
    endloop
  endfacet
  facet normal 0.16846124553940317 0.34723567238864866 0.92252273498928805
    outer loop
      vertex -0.25465056898056854 -0.085355653961949246 -0.0078506752616691947
      vertex -0.26436749933838588 0.0083785298278273301 -0.0413576285006109
      vertex -0.37694772849226565 -0.052613297473390643 0.0021577692960525153
    endloop
  endfacet
  facet normal -0.57969523864960359 0.22033201370541264 0.7844789570303955
    outer loop
      vertex -0.25465056898056854 -0.085355653961949246 -0.0078506752616691947
      vertex -0.18227675674258023 -0.098352153109758464 0.049280620337765459
      vertex -0.26436749933838588 0.0083785298278273301 -0.0413576285006109
    endloop
  endfacet
  facet normal 0.3119303759417193 -0.10503276219671441 0.94428150433553759
    outer loop
      vertex -0.11906812819141718 -0.060000820804931215 -0.0065807803013346444
      vertex -0.010753326165833693 0.012608001245992328 -0.034284777103054505
      vertex -0.071559131678465393 0.0072705906179944277 -0.014792099646971419
    endloop
  endfacet
  facet normal -0.3092097364685184 0.31180860114893172 0.89842347204568063
    outer loop
      vertex -0.0022802294276529547 -0.089309578276092982 0.004003116059873176
      vertex 0.076929544999456312 -0.025661713614387932 0.0091749331089920963
      vertex -0.010753326165833693 0.012608001245992328 -0.034284777103054505
    endloop
  endfacet
  facet normal -0.51806114089068189 0.31977022315387443 0.79332191365369853
    outer loop
      vertex 0.32004910883802723 -0.054565282865875017 -0.029640793191806302
      vertex 0.37133631384089244 -0.11492484823469523 0.028180752935760812
      vertex 0.42046008420267283 0.046704507692730587 -0.0048892256481237548
    endloop
  endfacet
  facet normal 0.1845709930505389 -0.33710674931957491 0.92319693895047505
    outer loop
      vertex 0.5079443990365381 -0.11390679610224859 -0.044642571779324638
      vertex 0.59624659806680547 -0.0083056727814349793 -0.023736060904674047
      vertex 0.53780963597681397 0.035885875231838157 0.0040836123831926655
    endloop
  endfacet
  facet normal 0.094634040184825102 -0.019816484327901489 0.99531487750720316
    outer loop
      vertex 0.61349048846372056 -0.083701359811959197 0.011238656596334657
      vertex 0.73815963663632356 0.0094961032610120753 0.0012407159079455218
      vertex 0.66843525206753651 0.015944948813796416 0.0079984704738375843
    endloop
  endfacet
  facet normal -0.80590598447067341 -0.12651590567373328 0.57836776345670382
    outer loop
      vertex 0.80101678986011515 -0.05034127238301838 -0.041298109334396954
      vertex 0.86043581898372601 -0.11325181240207011 0.027735764504960195
      vertex 0.85865037681068468 -0.0073704980319516805 0.048409067210870002
    endloop
  endfacet
  facet normal 0.76284255822275648 0.25200449560345706 0.5954535796851067
    outer loop
      vertex -0.93156018883505043 -0.089170531101681341 0.032996953283810387
      vertex -0.91314763666121634 -0.0098938508700021858 -0.024142611208507046
      vertex -0.9578494705884405 0.050778838012598609 0.0074478798613003116
    endloop
  endfacet
  facet normal -0.1678507028283503 -0.022835624962584088 0.9855479063914635
    outer loop
      vertex -0.91314763666121634 -0.0098938508700021858 -0.024142611208507046
      vertex -0.81751752802103128 -0.056266510528058311 -0.008930126675682621
      vertex -0.83438303979019335 0.069135211981880704 -0.0088969078938527131
    endloop
  endfacet
  facet normal 0.035485443945166006 -0.25366893778057881 0.96663998120980255
    outer loop
      vertex -0.65596465278551075 -0.056078234137303506 -0.017174464356405086
      vertex -0.61523210600303946 0.054304518613673192 0.010297255880955604
      vertex -0.73260773195342077 -0.018379320349648499 -0.0044678131270390956
    endloop
  endfacet
  facet normal -0.1254986241255594 0.56104187262407568 0.81821886589412129
    outer loop
      vertex -0.57922199483375825 -0.018908943992488905 -0.019889679244927225
      vertex -0.56477263259464283 -0.08167544772412022 0.025364730565946941
      vertex -0.4674680169716075 -0.028659532010384476 0.003937024630569691
    endloop
  endfacet
  facet normal 0.009646465862277959 -0.037768681318500134 0.99923994736390997
    outer loop
      vertex -0.4674680169716075 -0.028659532010384476 0.003937024630569691
      vertex -0.37694772849226565 -0.052613297473390643 0.0021577692960525153
      vertex -0.33796251153590917 0.052181667074260973 0.005742391853157211
    endloop
  endfacet
  facet normal -0.39672258864050319 0.39751440860696158 0.82740164528011173
    outer loop
      vertex -0.26436749933838588 0.0083785298278273301 -0.0413576285006109
      vertex -0.18227675674258023 -0.098352153109758464 0.049280620337765459
      vertex -0.15142390024483293 0.020516554762384606 0.0069650179762602987
    endloop
  endfacet
  facet normal 0.61688461705376962 0.11695454997134815 0.77831549032729874
    outer loop
      vertex -0.18227675674258023 -0.098352153109758464 0.049280620337765459
      vertex -0.11906812819141718 -0.060000820804931215 -0.0065807803013346444
      vertex -0.15142390024483293 0.020516554762384606 0.0069650179762602987
    endloop
  endfacet
  facet normal 0.25296127738641705 -0.060789211096269696 0.9655647383564322
    outer loop
      vertex -0.11906812819141718 -0.060000820804931215 -0.0065807803013346444
      vertex -0.071559131678465393 0.0072705906179944277 -0.014792099646971419
      vertex -0.15142390024483293 0.020516554762384606 0.0069650179762602987
    endloop
  endfacet
  facet normal -0.55063964570531576 -0.58129498650919675 0.59907605463479952
    outer loop
      vertex -0.010753326165833693 0.012608001245992328 -0.034284777103054505
      vertex 0.076929544999456312 -0.025661713614387932 0.0091749331089920963
      vertex 0.043029163538436131 0.044776625278473363 0.046363131580830504
    endloop
  endfacet
  facet normal -0.059770486760153341 -0.56150857257692222 0.825309403699656
    outer loop
      vertex 0.13046818035763164 -0.077339819336731064 -0.02210747923971678
      vertex 0.19208385790619606 0.017413737503417237 0.046821498464909857
      vertex 0.076929544999456312 -0.025661713614387932 0.0091749331089920963
    endloop
  endfacet
  facet normal -0.15260901695015264 -0.51456237376432756 0.84376303038917777
    outer loop
      vertex 0.13046818035763164 -0.077339819336731064 -0.02210747923971678
      vertex 0.25803146942797434 -0.043370024912536179 0.021680746682094083
      vertex 0.19208385790619606 0.017413737503417237 0.046821498464909857
    endloop
  endfacet
  facet normal 0.54266553701426679 -0.39412811464298358 0.74173926967970671
    outer loop
      vertex 0.32004910883802723 -0.054565282865875017 -0.029640793191806302
      vertex 0.34303984914543667 0.044466337096000494 0.006160012179878163
      vertex 0.25803146942797434 -0.043370024912536179 0.021680746682094083
    endloop
  endfacet
  facet normal 0.14185785330734435 -0.36549898176324219 0.91993850000152999
    outer loop
      vertex 0.32004910883802723 -0.054565282865875017 -0.029640793191806302
      vertex 0.42046008420267283 0.046704507692730587 -0.0048892256481237548
      vertex 0.34303984914543667 0.044466337096000494 0.006160012179878163
    endloop
  endfacet
  facet normal 0.61546231341912727 -0.025881703442039994 0.78774125078461787
    outer loop
      vertex 0.37133631384089244 -0.11492484823469523 0.028180752935760812
      vertex 0.45895488656387429 -0.0091708212690694221 -0.03680103524894672
      vertex 0.42046008420267283 0.046704507692730587 -0.0048892256481237548
    endloop
  endfacet
  facet normal -0.46409335683161351 0.28319141645199125 0.83929731191793988
    outer loop
      vertex 0.61349048846372056 -0.083701359811959197 0.011238656596334657
      vertex 0.66843525206753651 0.015944948813796416 0.0079984704738375843
      vertex 0.59624659806680547 -0.0083056727814349793 -0.023736060904674047
    endloop
  endfacet
  facet normal 0.23649737704703752 0.22854693902637585 0.94437031259540638
    outer loop
      vertex 0.86043581898372601 -0.11325181240207011 0.027735764504960195
      vertex 0.96097713190064926 -0.06715081422386654 -0.0085995568745332041
      vertex 0.9243809345390066 0.034050109461163755 -0.02392644343151511
    endloop
  endfacet
  facet normal 0.7662609238786231 -0.1106580170597334 0.63292890579992223
    outer loop
      vertex 0.86043581898372601 -0.11325181240207011 0.027735764504960195
      vertex 0.9243809345390066 0.034050109461163755 -0.02392644343151511
      vertex 0.85865037681068468 -0.0073704980319516805 0.048409067210870002
    endloop
  endfacet
  facet normal 0.17798795771661585 -0.29900326053995263 0.93750591309833642
    outer loop
      vertex -0.65596465278551075 -0.056078234137303506 -0.017174464356405086
      vertex -0.57922199483375825 -0.018908943992488905 -0.019889679244927225
      vertex -0.61523210600303946 0.054304518613673192 0.010297255880955604
    endloop
  endfacet
  facet normal -0.22448559501390211 -0.37415358042594682 0.89978626122301897
    outer loop
      vertex -0.4674680169716075 -0.028659532010384476 0.003937024630569691
      vertex -0.52724085399039289 0.10145647683392967 0.043129921005837318
      vertex -0.57922199483375825 -0.018908943992488905 -0.019889679244927225
    endloop
  endfacet
  facet normal 0.38151711593623078 -0.10148668714354464 0.91877371674440533
    outer loop
      vertex -0.4674680169716075 -0.028659532010384476 0.003937024630569691
      vertex -0.41018856030729428 0.062216041065458354 -0.0098100297583820772
      vertex -0.52724085399039289 0.10145647683392967 0.043129921005837318
    endloop
  endfacet
  facet normal -0.17023235585542207 0.25142991777302015 0.95278745870659165
    outer loop
      vertex -0.4674680169716075 -0.028659532010384476 0.003937024630569691
      vertex -0.33796251153590917 0.052181667074260973 0.005742391853157211
      vertex -0.41018856030729428 0.062216041065458354 -0.0098100297583820772
    endloop
  endfacet
  facet normal 0.44373202311953464 -0.1949942508205833 0.87468802084238251
    outer loop
      vertex -0.37694772849226565 -0.052613297473390643 0.0021577692960525153
      vertex -0.26436749933838588 0.0083785298278273301 -0.0413576285006109
      vertex -0.33796251153590917 0.052181667074260973 0.005742391853157211
    endloop
  endfacet
  facet normal -0.35331476449442878 -0.27374501168835869 0.89455706680232916
    outer loop
      vertex -0.26436749933838588 0.0083785298278273301 -0.0413576285006109
      vertex -0.15142390024483293 0.020516554762384606 0.0069650179762602987
      vertex -0.18614653256376781 0.075588432876732808 0.01010359164798492
    endloop
  endfacet
  facet normal 0.60123688123385399 -0.12713685652940132 0.78889190156574118
    outer loop
      vertex 0.076929544999456312 -0.025661713614387932 0.0091749331089920963
      vertex 0.14570797733777627 0.055649559611407218 -0.030139034261390044
      vertex 0.043029163538436131 0.044776625278473363 0.046363131580830504
    endloop
  endfacet
  facet normal -0.44487926992165194 0.66587879207475553 0.59890555971625647
    outer loop
      vertex 0.076929544999456312 -0.025661713614387932 0.0091749331089920963
      vertex 0.19208385790619606 0.017413737503417237 0.046821498464909857
      vertex 0.14570797733777627 0.055649559611407218 -0.030139034261390044
    endloop
  endfacet
  facet normal 0.42342209868428021 0.086399177912051359 0.90180314282104901
    outer loop
      vertex 0.19208385790619606 0.017413737503417237 0.046821498464909857
      vertex 0.25803146942797434 -0.043370024912536179 0.021680746682094083
      vertex 0.28250697320613444 0.058439653590097076 0.00043471105364724372
    endloop
  endfacet
  facet normal -0.042909581977945345 0.21396968308278141 0.97589740367311761
    outer loop
      vertex 0.25803146942797434 -0.043370024912536179 0.021680746682094083
      vertex 0.34303984914543667 0.044466337096000494 0.006160012179878163
      vertex 0.28250697320613444 0.058439653590097076 0.00043471105364724372
    endloop
  endfacet
  facet normal 0.27434029489790845 -0.3488710947289273 0.89611738174078981
    outer loop
      vertex 0.73815963663632356 0.0094961032610120753 0.0012407159079455218
      vertex 0.80101678986011515 -0.05034127238301838 -0.041298109334396954
      vertex 0.84747734784274098 0.10402075462524601 0.0045736112754872884
    endloop
  endfacet
  facet normal -0.85938444277486015 0.11028596506123171 0.49929488824446788
    outer loop
      vertex 0.80101678986011515 -0.05034127238301838 -0.041298109334396954
      vertex 0.85865037681068468 -0.0073704980319516805 0.048409067210870002
      vertex 0.84747734784274098 0.10402075462524601 0.0045736112754872884
    endloop
  endfacet
  facet normal -0.28331987087277327 0.042646883777890561 0.95807676836079791
    outer loop
      vertex 0.9243809345390066 0.034050109461163755 -0.02392644343151511
      vertex 0.96097713190064926 -0.06715081422386654 -0.0085995568745332041
      vertex 0.96810039908610224 0.11558448558731643 -0.014627182368334921
    endloop
  endfacet
  facet normal 0.43605840100303855 -0.14146104038756169 0.88873046812132073
    outer loop
      vertex -0.9578494705884405 0.050778838012598609 0.0074478798613003116
      vertex -0.91314763666121634 -0.0098938508700021858 -0.024142611208507046
      vertex -0.90732953433399444 0.10690793212240894 -0.008405703512394367
    endloop
  endfacet
  facet normal -0.060808728022281211 -0.13030258874707565 0.98960776773533998
    outer loop
      vertex -0.91314763666121634 -0.0098938508700021858 -0.024142611208507046
      vertex -0.83438303979019335 0.069135211981880704 -0.0088969078938527131
      vertex -0.90732953433399444 0.10690793212240894 -0.008405703512394367
    endloop
  endfacet
  facet normal 0.034010887495550778 -0.1917466027951161 0.98085498410738414
    outer loop
      vertex -0.81751752802103128 -0.056266510528058311 -0.008930126675682621
      vertex -0.73260773195342077 -0.018379320349648499 -0.0044678131270390956
      vertex -0.71586932824496408 0.13876569947156087 0.02567194882605724
    endloop
  endfacet
  facet normal -0.26066663100412463 -0.035313111769414499 0.96478282095926682
    outer loop
      vertex -0.81751752802103128 -0.056266510528058311 -0.008930126675682621
      vertex -0.71586932824496408 0.13876569947156087 0.02567194882605724
      vertex -0.83438303979019335 0.069135211981880704 -0.0088969078938527131
    endloop
  endfacet
  facet normal 0.60972188173437181 -0.21145557815474941 0.76388858179811625
    outer loop
      vertex -0.73260773195342077 -0.018379320349648499 -0.0044678131270390956
      vertex -0.6467431136089169 0.12093066749466767 -0.034440329007783772
      vertex -0.71586932824496408 0.13876569947156087 0.02567194882605724
    endloop
  endfacet
  facet normal -0.35410104846647855 0.40011693244298946 0.84529219081176477
    outer loop
      vertex -0.73260773195342077 -0.018379320349648499 -0.0044678131270390956
      vertex -0.61523210600303946 0.054304518613673192 0.010297255880955604
      vertex -0.6467431136089169 0.12093066749466767 -0.034440329007783772
    endloop
  endfacet
  facet normal -0.10829810459464267 -0.4240036321550178 0.89916207685853844
    outer loop
      vertex -0.57922199483375825 -0.018908943992488905 -0.019889679244927225
      vertex -0.52724085399039289 0.10145647683392967 0.043129921005837318
      vertex -0.61523210600303946 0.054304518613673192 0.010297255880955604
    endloop
  endfacet
  facet normal 0.37981211617196342 -0.30204073732891712 0.87436499781428756
    outer loop
      vertex -0.26436749933838588 0.0083785298278273301 -0.0413576285006109
      vertex -0.23720126638432709 0.095183075683007476 -0.023172494550091058
      vertex -0.33796251153590917 0.052181667074260973 0.005742391853157211
    endloop
  endfacet
  facet normal -0.54713744648586571 -0.0041229072108859869 0.83703262558221514
    outer loop
      vertex -0.26436749933838588 0.0083785298278273301 -0.0413576285006109
      vertex -0.18614653256376781 0.075588432876732808 0.01010359164798492
      vertex -0.23720126638432709 0.095183075683007476 -0.023172494550091058
    endloop
  endfacet
  facet normal 0.23971933142008151 -0.13402893673098373 0.96154609159533855
    outer loop
      vertex -0.15142390024483293 0.020516554762384606 0.0069650179762602987
      vertex -0.071559131678465393 0.0072705906179944277 -0.014792099646971419
      vertex -0.075192200441393797 0.084396488620057081 -0.0031358524670827437
    endloop
  endfacet
  facet normal 0.3129103157866871 -0.1275040495064641 0.94118534393270747
    outer loop
      vertex -0.071559131678465393 0.0072705906179944277 -0.014792099646971419
      vertex -0.010753326165833693 0.012608001245992328 -0.034284777103054505
      vertex -0.075192200441393797 0.084396488620057081 -0.0031358524670827437
    endloop
  endfacet
  facet normal -0.46642519263937654 -0.66951104820148766 0.57810249610900821
    outer loop
      vertex -0.010753326165833693 0.012608001245992328 -0.034284777103054505
      vertex 0.043029163538436131 0.044776625278473363 0.046363131580830504
      vertex -0.075192200441393797 0.084396488620057081 -0.0031358524670827437
    endloop
  endfacet
  facet normal -0.12980363953402677 0.85459892584404196 0.50280382964922821
    outer loop
      vertex 0.19208385790619606 0.017413737503417237 0.046821498464909857
      vertex 0.28250697320613444 0.058439653590097076 0.00043471105364724372
      vertex 0.14570797733777627 0.055649559611407218 -0.030139034261390044
    endloop
  endfacet
  facet normal 0.10026424368063538 0.042373768454190448 0.99405811962185631
    outer loop
      vertex 0.66843525206753651 0.015944948813796416 0.0079984704738375843
      vertex 0.73815963663632356 0.0094961032610120753 0.0012407159079455218
      vertex 0.75321526127709504 0.11266423771377637 -0.0046756016018756662
    endloop
  endfacet
  facet normal 0.20061976510929788 -0.047630949958455383 0.97851060415998836
    outer loop
      vertex 0.66843525206753651 0.015944948813796416 0.0079984704738375843
      vertex 0.75321526127709504 0.11266423771377637 -0.0046756016018756662
      vertex 0.66731549256515754 0.12452610456722116 0.013513453614057558
    endloop
  endfacet
  facet normal 0.58673395511900572 0.34681628342068249 0.73175250697532512
    outer loop
      vertex 0.85865037681068468 -0.0073704980319516805 0.048409067210870002
      vertex 0.9243809345390066 0.034050109461163755 -0.02392644343151511
      vertex 0.84747734784274098 0.10402075462524601 0.0045736112754872884
    endloop
  endfacet
  facet normal 0.45965550908494029 0.20549976549502788 0.86399459451396632
    outer loop
      vertex -0.52724085399039289 0.10145647683392967 0.043129921005837318
      vertex -0.41018856030729428 0.062216041065458354 -0.0098100297583820772
      vertex -0.45147469485630748 0.13575100380450889 -0.0053354860282904693
    endloop
  endfacet
  facet normal 0.11711490086830345 0.017250777982944075 0.99296853457377521
    outer loop
      vertex -0.15142390024483293 0.020516554762384606 0.0069650179762602987
      vertex -0.075192200441393797 0.084396488620057081 -0.0031358524670827437
      vertex -0.18614653256376781 0.075588432876732808 0.01010359164798492
    endloop
  endfacet
  facet normal -0.022859363208683404 0.75316056944990128 0.65743943153692397
    outer loop
      vertex -0.075192200441393797 0.084396488620057081 -0.0031358524670827437
      vertex 0.043029163538436131 0.044776625278473363 0.046363131580830504
      vertex 0.082796054925885237 0.10487568875049713 -0.021103462186443524
    endloop
  endfacet
  facet normal 0.48700507044013841 0.48965020049602004 0.72323491516920224
    outer loop
      vertex 0.043029163538436131 0.044776625278473363 0.046363131580830504
      vertex 0.14570797733777627 0.055649559611407218 -0.030139034261390044
      vertex 0.082796054925885237 0.10487568875049713 -0.021103462186443524
    endloop
  endfacet
  facet normal -0.17523275157016854 -0.52624100033964205 0.83208406566805526
    outer loop
      vertex 0.14570797733777627 0.055649559611407218 -0.030139034261390044
      vertex 0.28250697320613444 0.058439653590097076 0.00043471105364724372
      vertex 0.24775001835868485 0.1243413095260413 0.034793735206690921
    endloop
  endfacet
  facet normal 0.41031564223950862 -0.24200770758524573 0.87924589461817437
    outer loop
      vertex 0.28250697320613444 0.058439653590097076 0.00043471105364724372
      vertex 0.42072349918770163 0.13998525357762723 -0.041621486349074782
      vertex 0.24775001835868485 0.1243413095260413 0.034793735206690921
    endloop
  endfacet
  facet normal 0.015817943343037041 0.4370034548134854 0.89932072874446445
    outer loop
      vertex 0.28250697320613444 0.058439653590097076 0.00043471105364724372
      vertex 0.34303984914543667 0.044466337096000494 0.006160012179878163
      vertex 0.42072349918770163 0.13998525357762723 -0.041621486349074782
    endloop
  endfacet
  facet normal 0.1899775373217597 -0.3849433669202047 0.90317613984056067
    outer loop
      vertex 0.42046008420267283 0.046704507692730587 -0.0048892256481237548
      vertex 0.45895488656387429 -0.0091708212690694221 -0.03680103524894672
      vertex 0.52983534654223197 0.18187087333615454 0.029713717812576274
    endloop
  endfacet
  facet normal -0.36963272493733534 -0.18022548636590444 0.91153190987456567
    outer loop
      vertex 0.45895488656387429 -0.0091708212690694221 -0.03680103524894672
      vertex 0.53780963597681397 0.035885875231838157 0.0040836123831926655
      vertex 0.52983534654223197 0.18187087333615454 0.029713717812576274
    endloop
  endfacet
  facet normal 0.30059563890800489 -0.19078111145820983 0.93447569758675819
    outer loop
      vertex 0.53780963597681397 0.035885875231838157 0.0040836123831926655
      vertex 0.59624659806680547 -0.0083056727814349793 -0.023736060904674047
      vertex 0.60029882906278886 0.1398804020688855 0.0052138852171955625
    endloop
  endfacet
  facet normal -0.38758167883285655 -0.050747253748050912 0.92043748210844578
    outer loop
      vertex 0.59624659806680547 -0.0083056727814349793 -0.023736060904674047
      vertex 0.66843525206753651 0.015944948813796416 0.0079984704738375843
      vertex 0.66731549256515754 0.12452610456722116 0.013513453614057558
    endloop
  endfacet
  facet normal -0.16240003435491493 -0.18491260768387788 0.96924380646000041
    outer loop
      vertex 0.59624659806680547 -0.0083056727814349793 -0.023736060904674047
      vertex 0.66731549256515754 0.12452610456722116 0.013513453614057558
      vertex 0.60029882906278886 0.1398804020688855 0.0052138852171955625
    endloop
  endfacet
  facet normal -0.091029793968273445 0.070250242120461451 0.99336724331543691
    outer loop
      vertex 0.73815963663632356 0.0094961032610120753 0.0012407159079455218
      vertex 0.84747734784274098 0.10402075462524601 0.0045736112754872884
      vertex 0.75321526127709504 0.11266423771377637 -0.0046756016018756662
    endloop
  endfacet
  facet normal 0.17285519933030624 -0.20262024857264313 0.96388075763179371
    outer loop
      vertex 0.9243809345390066 0.034050109461163755 -0.02392644343151511
      vertex 0.96810039908610224 0.11558448558731643 -0.014627182368334921
      vertex 0.84747734784274098 0.10402075462524601 0.0045736112754872884
    endloop
  endfacet
  facet normal 0.3496984042239572 -0.050521531870639423 0.93549911859961787
    outer loop
      vertex -0.9578494705884405 0.050778838012598609 0.0074478798613003116
      vertex -0.90732953433399444 0.10690793212240894 -0.008405703512394367
      vertex -0.95780532330988022 0.1557810220106283 0.013102009135518958
    endloop
  endfacet
  facet normal -0.22489936179131909 -0.4455930448818215 0.86652588848735745
    outer loop
      vertex -0.90732953433399444 0.10690793212240894 -0.008405703512394367
      vertex -0.83438303979019335 0.069135211981880704 -0.0088969078938527131
      vertex -0.84342184760317773 0.16349726319052235 0.037280883378729937
    endloop
  endfacet
  facet normal -0.58112695350438837 0.24603575751743412 0.77573053951325832
    outer loop
      vertex -0.61523210600303946 0.054304518613673192 0.010297255880955604
      vertex -0.59540387789742477 0.17878930352628722 -0.014331129350534134
      vertex -0.6467431136089169 0.12093066749466767 -0.034440329007783772
    endloop
  endfacet
  facet normal -0.45028080883289218 0.24177348454738354 0.85953055522570732
    outer loop
      vertex -0.61523210600303946 0.054304518613673192 0.010297255880955604
      vertex -0.52724085399039289 0.10145647683392967 0.043129921005837318
      vertex -0.59540387789742477 0.17878930352628722 -0.014331129350534134
    endloop
  endfacet
  facet normal -0.19351398662881533 0.11689764723047653 0.97410845240712385
    outer loop
      vertex -0.41018856030729428 0.062216041065458354 -0.0098100297583820772
      vertex -0.33796251153590917 0.052181667074260973 0.005742391853157211
      vertex -0.34683622746214082 0.20585599427267479 -0.014462088855005226
    endloop
  endfacet
  facet normal 0.092600711470767552 -0.0085949134517023119 0.99566622705496299
    outer loop
      vertex -0.41018856030729428 0.062216041065458354 -0.0098100297583820772
      vertex -0.34683622746214082 0.20585599427267479 -0.014462088855005226
      vertex -0.45147469485630748 0.13575100380450889 -0.0053354860282904693
    endloop
  endfacet
  facet normal 0.41022253186068564 -0.41526284795962315 0.81195704409671321
    outer loop
      vertex -0.33796251153590917 0.052181667074260973 0.005742391853157211
      vertex -0.23720126638432709 0.095183075683007476 -0.023172494550091058
      vertex -0.25684131622712314 0.16600732823696407 0.022972153205544021
    endloop
  endfacet
  facet normal -0.48742772941230711 0.18070807461268273 0.85425921146320682
    outer loop
      vertex -0.18614653256376781 0.075588432876732808 0.01010359164798492
      vertex -0.12267356444684369 0.15854975461194232 0.028770881150061191
      vertex -0.23720126638432709 0.095183075683007476 -0.023172494550091058
    endloop
  endfacet
  facet normal 0.13711146092672313 -0.31613373378995874 0.93875444587099521
    outer loop
      vertex -0.18614653256376781 0.075588432876732808 0.01010359164798492
      vertex -0.075192200441393797 0.084396488620057081 -0.0031358524670827437
      vertex -0.12267356444684369 0.15854975461194232 0.028770881150061191
    endloop
  endfacet
  facet normal 0.16186843072042953 -0.50482436606963332 0.84790976557561726
    outer loop
      vertex -0.075192200441393797 0.084396488620057081 -0.0031358524670827437
      vertex 0.082796054925885237 0.10487568875049713 -0.021103462186443524
      vertex 0.028569803850235723 0.14572891895614123 0.01357148248289752
    endloop
  endfacet
  facet normal 0.28529456189963215 0.19226393357142135 0.93895771619287582
    outer loop
      vertex 0.082796054925885237 0.10487568875049713 -0.021103462186443524
      vertex 0.14570797733777627 0.055649559611407218 -0.030139034261390044
      vertex 0.18678526567366452 0.15528388313920913 -0.063021466992421241
    endloop
  endfacet
  facet normal -0.6766162068442293 0.46687575667848852 0.56940103307037981
    outer loop
      vertex 0.14570797733777627 0.055649559611407218 -0.030139034261390044
      vertex 0.24775001835868485 0.1243413095260413 0.034793735206690921
      vertex 0.18678526567366452 0.15528388313920913 -0.063021466992421241
    endloop
  endfacet
  facet normal 0.40965578967481137 -0.10087155393900048 0.90664605199153558
    outer loop
      vertex 0.24775001835868485 0.1243413095260413 0.034793735206690921
      vertex 0.42072349918770163 0.13998525357762723 -0.041621486349074782
      vertex 0.36659146668953463 0.19096360610479682 -0.011490912133923439
    endloop
  endfacet
  facet normal 0.12132310595610403 0.36339440252038269 0.92370190655753104
    outer loop
      vertex 0.34303984914543667 0.044466337096000494 0.006160012179878163
      vertex 0.42046008420267283 0.046704507692730587 -0.0048892256481237548
      vertex 0.42072349918770163 0.13998525357762723 -0.041621486349074782
    endloop
  endfacet
  facet normal -0.59958895264944989 0.29469626645480557 0.74407472635370031
    outer loop
      vertex 0.42046008420267283 0.046704507692730587 -0.0048892256481237548
      vertex 0.52983534654223197 0.18187087333615454 0.029713717812576274
      vertex 0.42072349918770163 0.13998525357762723 -0.041621486349074782
    endloop
  endfacet
  facet normal 0.24072958033699243 -0.15506527775458642 0.95812526779417961
    outer loop
      vertex 0.53780963597681397 0.035885875231838157 0.0040836123831926655
      vertex 0.60029882906278886 0.1398804020688855 0.0052138852171955625
      vertex 0.52983534654223197 0.18187087333615454 0.029713717812576274
    endloop
  endfacet
  facet normal 0.33037924435704691 -0.072907421808434944 0.94102819444653918
    outer loop
      vertex -0.90732953433399444 0.10690793212240894 -0.008405703512394367
      vertex -0.88643333336235652 0.2224127530980452 -0.0067931188674377344
      vertex -0.95780532330988022 0.1557810220106283 0.013102009135518958
    endloop
  endfacet
  facet normal -0.63809742407238534 0.10478996625510885 0.76279141340502754
    outer loop
      vertex -0.90732953433399444 0.10690793212240894 -0.008405703512394367
      vertex -0.84342184760317773 0.16349726319052235 0.037280883378729937
      vertex -0.88643333336235652 0.2224127530980452 -0.0067931188674377344
    endloop
  endfacet
  facet normal -0.0035433235167625461 -0.43982865695629886 0.89807471703554487
    outer loop
      vertex -0.83438303979019335 0.069135211981880704 -0.0088969078938527131
      vertex -0.71586932824496408 0.13876569947156087 0.02567194882605724
      vertex -0.84342184760317773 0.16349726319052235 0.037280883378729937
    endloop
  endfacet
  facet normal -0.3428064267766569 0.10297021542937602 0.93374562301252495
    outer loop
      vertex -0.33796251153590917 0.052181667074260973 0.005742391853157211
      vertex -0.25684131622712314 0.16600732823696407 0.022972153205544021
      vertex -0.34683622746214082 0.20585599427267479 -0.014462088855005226
    endloop
  endfacet
  facet normal 0.29882888251470663 -0.20928008377654861 0.93107633710104154
    outer loop
      vertex -0.12267356444684369 0.15854975461194232 0.028770881150061191
      vertex -0.075192200441393797 0.084396488620057081 -0.0031358524670827437
      vertex -0.022496778610274215 0.21561662239806065 0.0094461948946521664
    endloop
  endfacet
  facet normal -0.13544099931395134 -0.040531531575358153 0.98995602460563559
    outer loop
      vertex -0.075192200441393797 0.084396488620057081 -0.0031358524670827437
      vertex 0.028569803850235723 0.14572891895614123 0.01357148248289752
      vertex -0.022496778610274215 0.21561662239806065 0.0094461948946521664
    endloop
  endfacet
  facet normal 0.53327908903712096 -0.64352095115071084 0.54908487379076731
    outer loop
      vertex 0.082796054925885237 0.10487568875049713 -0.021103462186443524
      vertex 0.18678526567366452 0.15528388313920913 -0.063021466992421241
      vertex 0.17134089200520305 0.22055353409774703 0.028473585566471497
    endloop
  endfacet
  facet normal 0.17095608700286638 -0.49577418245144184 0.85145873436783348
    outer loop
      vertex 0.082796054925885237 0.10487568875049713 -0.021103462186443524
      vertex 0.17134089200520305 0.22055353409774703 0.028473585566471497
      vertex 0.028569803850235723 0.14572891895614123 0.01357148248289752
    endloop
  endfacet
  facet normal -0.22798140432097239 -0.66334649549438418 0.71273831537188759
    outer loop
      vertex 0.42072349918770163 0.13998525357762723 -0.041621486349074782
      vertex 0.45105361927819065 0.19995164132023174 0.023890912130028003
      vertex 0.36659146668953463 0.19096360610479682 -0.011490912133923439
    endloop
  endfacet
  facet normal 0.2180610199812715 0.088834779722380505 0.97188362136441198
    outer loop
      vertex 0.66731549256515754 0.12452610456722116 0.013513453614057558
      vertex 0.75321526127709504 0.11266423771377637 -0.0046756016018756662
      vertex 0.73283520933480895 0.25397802778734291 -0.013019691697487146
    endloop
  endfacet
  facet normal -0.039002727161420427 0.50026487883973048 0.86499354811087548
    outer loop
      vertex 0.75321526127709504 0.11266423771377637 -0.0046756016018756662
      vertex 0.84747734784274098 0.10402075462524601 0.0045736112754872884
      vertex 0.85239607753132829 0.17782317250384627 -0.037887877421517925
    endloop
  endfacet
  facet normal -0.5412198291757232 0.44615148165657509 0.71276219871892998
    outer loop
      vertex 0.84747734784274098 0.10402075462524601 0.0045736112754872884
      vertex 0.97047533783349615 0.23611173103840216 0.015287375705314771
      vertex 0.85239607753132829 0.17782317250384627 -0.037887877421517925
    endloop
  endfacet
  facet normal 0.17502672796508012 -0.24041763527148807 0.95475913462417505
    outer loop
      vertex 0.84747734784274098 0.10402075462524601 0.0045736112754872884
      vertex 0.96810039908610224 0.11558448558731643 -0.014627182368334921
      vertex 0.97047533783349615 0.23611173103840216 0.015287375705314771
    endloop
  endfacet
  facet normal 0.0080045420064128563 0.27821132908185064 0.96048653487582936
    outer loop
      vertex -0.95780532330988022 0.1557810220106283 0.013102009135518958
      vertex -0.88643333336235652 0.2224127530980452 -0.0067931188674377344
      vertex -0.95798692359893667 0.26857078396196871 -0.019566784036289891
    endloop
  endfacet
  facet normal 0.1510452361846617 0.34400313497132745 0.92674008209196312
    outer loop
      vertex -0.84342184760317773 0.16349726319052235 0.037280883378729937
      vertex -0.71586932824496408 0.13876569947156087 0.02567194882605724
      vertex -0.77052394531042223 0.23143225688106539 0.00018231352366230788
    endloop
  endfacet
  facet normal 0.18405370731732337 0.36012344191774082 0.91456838968120302
    outer loop
      vertex -0.71586932824496408 0.13876569947156087 0.02567194882605724
      vertex -0.59540387789742477 0.17878930352628722 -0.014331129350534134
      vertex -0.77052394531042223 0.23143225688106539 0.00018231352366230788
    endloop
  endfacet
  facet normal 0.42478398795809308 -0.60955151083974146 0.66933214416118325
    outer loop
      vertex -0.71586932824496408 0.13876569947156087 0.02567194882605724
      vertex -0.6467431136089169 0.12093066749466767 -0.034440329007783772
      vertex -0.59540387789742477 0.17878930352628722 -0.014331129350534134
    endloop
  endfacet
  facet normal -0.11944403297509251 0.52216656597861821 0.84443780135705804
    outer loop
      vertex -0.59540387789742477 0.17878930352628722 -0.014331129350534134
      vertex -0.52724085399039289 0.10145647683392967 0.043129921005837318
      vertex -0.51029388243664986 0.21360478205139555 -0.023820990826599133
    endloop
  endfacet
  facet normal 0.61419451548816262 -0.37776694582803272 0.69286162527882966
    outer loop
      vertex -0.52724085399039289 0.10145647683392967 0.043129921005837318
      vertex -0.45147469485630748 0.13575100380450889 -0.0053354860282904693
      vertex -0.42173834818697031 0.23896231623043512 0.024578021198701189
    endloop
  endfacet
  facet normal -0.52162522848529747 0.49406465513514097 0.69556253317286687
    outer loop
      vertex -0.52724085399039289 0.10145647683392967 0.043129921005837318
      vertex -0.42173834818697031 0.23896231623043512 0.024578021198701189
      vertex -0.51029388243664986 0.21360478205139555 -0.023820990826599133
    endloop
  endfacet
  facet normal 0.30895033159263036 -0.34579604362435701 0.88598802972870105
    outer loop
      vertex -0.45147469485630748 0.13575100380450889 -0.0053354860282904693
      vertex -0.34683622746214082 0.20585599427267479 -0.014462088855005226
      vertex -0.42173834818697031 0.23896231623043512 0.024578021198701189
    endloop
  endfacet
  facet normal 0.311766966586149 -0.45648444081842726 0.83332065487203599
    outer loop
      vertex -0.25684131622712314 0.16600732823696407 0.022972153205544021
      vertex -0.23720126638432709 0.095183075683007476 -0.023172494550091058
      vertex -0.21423544952193943 0.23067493842485975 0.042456436907512211
    endloop
  endfacet
  facet normal 0.24408967098712872 -0.76951084354051769 0.59014684121069083
    outer loop
      vertex 0.18678526567366452 0.15528388313920913 -0.063021466992421241
      vertex 0.30013075131339195 0.27104499107430802 0.041042405301898399
      vertex 0.17134089200520305 0.22055353409774703 0.028473585566471497
    endloop
  endfacet
  facet normal -0.29631485990008399 0.84189736926611913 0.45100590176313837
    outer loop
      vertex 0.18678526567366452 0.15528388313920913 -0.063021466992421241
      vertex 0.24775001835868485 0.1243413095260413 0.034793735206690921
      vertex 0.36659146668953463 0.19096360610479682 -0.011490912133923439
    endloop
  endfacet
  facet normal -0.10594090702038145 -0.60539984049863393 0.78883937360144962
    outer loop
      vertex 0.18678526567366452 0.15528388313920913 -0.063021466992421241
      vertex 0.36659146668953463 0.19096360610479682 -0.011490912133923439
      vertex 0.30013075131339195 0.27104499107430802 0.041042405301898399
    endloop
  endfacet
  facet normal -0.20680424300671926 -0.67212598451992345 0.71097022863657333
    outer loop
      vertex 0.42072349918770163 0.13998525357762723 -0.041621486349074782
      vertex 0.52983534654223197 0.18187087333615454 0.029713717812576274
      vertex 0.45105361927819065 0.19995164132023174 0.023890912130028003
    endloop
  endfacet
  facet normal 0.39298456477338806 0.12817930309032433 0.91056751430585836
    outer loop
      vertex 0.52983534654223197 0.18187087333615454 0.029713717812576274
      vertex 0.60029882906278886 0.1398804020688855 0.0052138852171955625
      vertex 0.5966297779940678 0.28878613560310068 -0.014163868146482766
    endloop
  endfacet
  facet normal -0.06684470125261803 0.23269950303883011 0.97024879654649898
    outer loop
      vertex 0.60029882906278886 0.1398804020688855 0.0052138852171955625
      vertex 0.66731549256515754 0.12452610456722116 0.013513453614057558
      vertex 0.73283520933480895 0.25397802778734291 -0.013019691697487146
    endloop
  endfacet
  facet normal 0.5420919332964087 -0.47011960604858039 0.69650835735380057
    outer loop
      vertex 0.75321526127709504 0.11266423771377637 -0.0046756016018756662
      vertex 0.85239607753132829 0.17782317250384627 -0.037887877421517925
      vertex 0.84972872241978403 0.26744481527511349 0.02467970360195482
    endloop
  endfacet
  facet normal -0.092826429877289063 0.55209582214033814 0.82859728281682221
    outer loop
      vertex -0.84342184760317773 0.16349726319052235 0.037280883378729937
      vertex -0.77052394531042223 0.23143225688106539 0.00018231352366230788
      vertex -0.88643333336235652 0.2224127530980452 -0.0067931188674377344
    endloop
  endfacet
  facet normal 0.19567164350196789 0.40463512570388149 0.89329895498418821
    outer loop
      vertex -0.77052394531042223 0.23143225688106539 0.00018231352366230788
      vertex -0.59540387789742477 0.17878930352628722 -0.014331129350534134
      vertex -0.64071419691393983 0.26180493083313805 -0.042009538760037844
    endloop
  endfacet
  facet normal -0.39130020780607494 -0.019406856755133088 0.92005843362354356
    outer loop
      vertex -0.34683622746214082 0.20585599427267479 -0.014462088855005226
      vertex -0.25684131622712314 0.16600732823696407 0.022972153205544021
      vertex -0.21423544952193943 0.23067493842485975 0.042456436907512211
    endloop
  endfacet
  facet normal -0.1835633159350617 -0.40314631972881576 0.89653642086199503
    outer loop
      vertex -0.23720126638432709 0.095183075683007476 -0.023172494550091058
      vertex -0.12267356444684369 0.15854975461194232 0.028770881150061191
      vertex -0.21423544952193943 0.23067493842485975 0.042456436907512211
    endloop
  endfacet
  facet normal -0.020387689633528671 0.35259758972770522 0.93555292839561988
    outer loop
      vertex -0.12267356444684369 0.15854975461194232 0.028770881150061191
      vertex -0.022496778610274215 0.21561662239806065 0.0094461948946521664
      vertex -0.069140512031938467 0.28704863615695392 -0.018492057498994404
    endloop
  endfacet
  facet normal 0.0013020211611849254 0.05987280941588137 0.99820516500043488
    outer loop
      vertex 0.028569803850235723 0.14572891895614123 0.01357148248289752
      vertex 0.061021619956437657 0.23873209706866802 0.0079507797393995952
      vertex -0.022496778610274215 0.21561662239806065 0.0094461948946521664
    endloop
  endfacet
  facet normal -0.16312685796386384 0.11613179644078553 0.97974641314284661
    outer loop
      vertex 0.028569803850235723 0.14572891895614123 0.01357148248289752
      vertex 0.17134089200520305 0.22055353409774703 0.028473585566471497
      vertex 0.061021619956437657 0.23873209706866802 0.0079507797393995952
    endloop
  endfacet
  facet normal -0.35284917886885364 0.76640314718140534 0.53677152771175629
    outer loop
      vertex 0.17134089200520305 0.22055353409774703 0.028473585566471497
      vertex 0.30013075131339195 0.27104499107430802 0.041042405301898399
      vertex 0.24226401758864916 0.3056920961711615 -0.046465738182893845
    endloop
  endfacet
  facet normal 0.41933283826402606 -0.35346978593354417 0.83619320804795494
    outer loop
      vertex 0.60029882906278886 0.1398804020688855 0.0052138852171955625
      vertex 0.73283520933480895 0.25397802778734291 -0.013019691697487146
      vertex 0.69415430087691299 0.30606770867603345 0.028396936840072582
    endloop
  endfacet
  facet normal -0.41359973925228405 0.10746264183289263 0.9040945947746496
    outer loop
      vertex 0.60029882906278886 0.1398804020688855 0.0052138852171955625
      vertex 0.69415430087691299 0.30606770867603345 0.028396936840072582
      vertex 0.5966297779940678 0.28878613560310068 -0.014163868146482766
    endloop
  endfacet
  facet normal 0.017700550881895104 0.061478324173668213 0.99795145480893754
    outer loop
      vertex 0.73283520933480895 0.25397802778734291 -0.013019691697487146
      vertex 0.75321526127709504 0.11266423771377637 -0.0046756016018756662
      vertex 0.80510139775125256 0.28302282594809336 -0.016090759781232786
    endloop
  endfacet
  facet normal -0.60915001857965334 0.23625604356258439 0.75704645613367905
    outer loop
      vertex 0.75321526127709504 0.11266423771377637 -0.0046756016018756662
      vertex 0.84972872241978403 0.26744481527511349 0.02467970360195482
      vertex 0.80510139775125256 0.28302282594809336 -0.016090759781232786
    endloop
  endfacet
  facet normal 0.046193620397022309 -0.57089720816813905 0.81972100567232031
    outer loop
      vertex 0.85239607753132829 0.17782317250384627 -0.037887877421517925
      vertex 0.91156370684287125 0.25865543356244325 0.015073733735993997
      vertex 0.84972872241978403 0.26744481527511349 0.02467970360195482
    endloop
  endfacet
  facet normal -0.1743131202956813 -0.44720453688973399 0.87728161856841713
    outer loop
      vertex 0.85239607753132829 0.17782317250384627 -0.037887877421517925
      vertex 0.97047533783349615 0.23611173103840216 0.015287375705314771
      vertex 0.91156370684287125 0.25865543356244325 0.015073733735993997
    endloop
  endfacet
  facet normal -0.25480457591790612 -0.12981384195139714 0.95823952878657326
    outer loop
      vertex -0.95798692359893667 0.26857078396196871 -0.019566784036289891
      vertex -0.88643333336235652 0.2224127530980452 -0.0067931188674377344
      vertex -0.89719616516265965 0.28579063745872774 -0.0010691764644300433
    endloop
  endfacet
  facet normal 0.35147993802240096 -0.77725426623903582 0.52185980759298478
    outer loop
      vertex -0.77052394531042223 0.23143225688106539 0.00018231352366230788
      vertex -0.64071419691393983 0.26180493083313805 -0.042009538760037844
      vertex -0.66644399552864386 0.29514607937427323 0.024977911621649092
    endloop
  endfacet
  facet normal 0.26621188174659843 -0.41343741545743806 0.87074722940518678
    outer loop
      vertex -0.59540387789742477 0.17878930352628722 -0.014331129350534134
      vertex -0.51029388243664986 0.21360478205139555 -0.023820990826599133
      vertex -0.52534240408355848 0.29135060893562392 0.017694075514109706
    endloop
  endfacet
  facet normal -0.46719698352275096 0.039494779164232642 0.88327070652547457
    outer loop
      vertex -0.59540387789742477 0.17878930352628722 -0.014331129350534134
      vertex -0.52534240408355848 0.29135060893562392 0.017694075514109706
      vertex -0.64071419691393983 0.26180493083313805 -0.042009538760037844
    endloop
  endfacet
  facet normal -0.30386000585383627 -0.4938630505029199 0.81471981944129546
    outer loop
      vertex -0.51029388243664986 0.21360478205139555 -0.023820990826599133
      vertex -0.42173834818697031 0.23896231623043512 0.024578021198701189
      vertex -0.52534240408355848 0.29135060893562392 0.017694075514109706
    endloop
  endfacet
  facet normal 0.47579366664404127 0.040358539691083266 0.87863051111113943
    outer loop
      vertex -0.42173834818697031 0.23896231623043512 0.024578021198701189
      vertex -0.34683622746214082 0.20585599427267479 -0.014462088855005226
      vertex -0.29819040946926478 0.2931500197771657 -0.044814359992415405
    endloop
  endfacet
  facet normal 0.57633693327784041 -0.40532713837890721 0.70960950545596557
    outer loop
      vertex -0.42173834818697031 0.23896231623043512 0.024578021198701189
      vertex -0.29819040946926478 0.2931500197771657 -0.044814359992415405
      vertex -0.38067123116934021 0.31253545692571039 0.033248556544909713
    endloop
  endfacet
  facet normal -0.41911822791706488 0.49761186514645078 0.7594223743695796
    outer loop
      vertex -0.34683622746214082 0.20585599427267479 -0.014462088855005226
      vertex -0.21423544952193943 0.23067493842485975 0.042456436907512211
      vertex -0.29819040946926478 0.2931500197771657 -0.044814359992415405
    endloop
  endfacet
  facet normal 0.30672842646991177 0.21338357005427203 0.92756947148242508
    outer loop
      vertex -0.21423544952193943 0.23067493842485975 0.042456436907512211
      vertex -0.12267356444684369 0.15854975461194232 0.028770881150061191
      vertex -0.069140512031938467 0.28704863615695392 -0.018492057498994404
    endloop
  endfacet
  facet normal 0.035629456849386988 0.68994854295675156 0.72298101626285671
    outer loop
      vertex -0.21423544952193943 0.23067493842485975 0.042456436907512211
      vertex -0.069140512031938467 0.28704863615695392 -0.018492057498994404
      vertex -0.17229974472852072 0.28217448183444116 -0.0087567768420763036
    endloop
  endfacet
  facet normal 0.22402508898217677 -0.3977392080839286 0.88972820673467301
    outer loop
      vertex 0.30013075131339195 0.27104499107430802 0.041042405301898399
      vertex 0.36659146668953463 0.19096360610479682 -0.011490912133923439
      vertex 0.45015787890854364 0.2975591137913155 0.015119731094021375
    endloop
  endfacet
  facet normal -0.39229362658681904 0.078754878342578896 0.91646242676751721
    outer loop
      vertex 0.36659146668953463 0.19096360610479682 -0.011490912133923439
      vertex 0.45105361927819065 0.19995164132023174 0.023890912130028003
      vertex 0.45015787890854364 0.2975591137913155 0.015119731094021375
    endloop
  endfacet
  facet normal 0.58416388569529143 0.077958657880005014 0.8078830375190007
    outer loop
      vertex 0.45105361927819065 0.19995164132023174 0.023890912130028003
      vertex 0.51691831404554767 0.31580420962489392 -0.034913994714298874
      vertex 0.45015787890854364 0.2975591137913155 0.015119731094021375
    endloop
  endfacet
  facet normal 0.03385670106426255 0.43698430214630696 0.89883171031664766
    outer loop
      vertex 0.45105361927819065 0.19995164132023174 0.023890912130028003
      vertex 0.52983534654223197 0.18187087333615454 0.029713717812576274
      vertex 0.51691831404554767 0.31580420962489392 -0.034913994714298874
    endloop
  endfacet
  facet normal -0.079998320684103452 0.29066551827128423 0.95347460646616544
    outer loop
      vertex -0.88643333336235652 0.2224127530980452 -0.0067931188674377344
      vertex -0.77052394531042223 0.23143225688106539 0.00018231352366230788
      vertex -0.75882972909520519 0.36596604539516009 -0.039848973566382437
    endloop
  endfacet
  facet normal 0.082693153527298599 0.2888659743718433 0.95379153446123432
    outer loop
      vertex -0.52534240408355848 0.29135060893562392 0.017694075514109706
      vertex -0.42173834818697031 0.23896231623043512 0.024578021198701189
      vertex -0.38740393611865431 0.36322345449933346 -0.016032567374947713
    endloop
  endfacet
  facet normal -0.78192436062961335 0.37804210444512781 0.49565962264508628
    outer loop
      vertex -0.42173834818697031 0.23896231623043512 0.024578021198701189
      vertex -0.38067123116934021 0.31253545692571039 0.033248556544909713
      vertex -0.38740393611865431 0.36322345449933346 -0.016032567374947713
    endloop
  endfacet
  facet normal -0.71226732289115879 0.022814773559097688 0.70153741657085444
    outer loop
      vertex -0.29819040946926478 0.2931500197771657 -0.044814359992415405
      vertex -0.21423544952193943 0.23067493842485975 0.042456436907512211
      vertex -0.23533488359289756 0.39364655686513028 0.015734272773846356
    endloop
  endfacet
  facet normal 0.6466883162557594 0.20422587529589498 0.73490544526348189
    outer loop
      vertex -0.21423544952193943 0.23067493842485975 0.042456436907512211
      vertex -0.17229974472852072 0.28217448183444116 -0.0087567768420763036
      vertex -0.23533488359289756 0.39364655686513028 0.015734272773846356
    endloop
  endfacet
  facet normal -0.16718929327190402 0.26251938553596332 0.95033221161500236
    outer loop
      vertex -0.022496778610274215 0.21561662239806065 0.0094461948946521664
      vertex 0.048929366120725459 0.34369571555474249 -0.013368519698613213
      vertex -0.069140512031938467 0.28704863615695392 -0.018492057498994404
    endloop
  endfacet
  facet normal -0.036389390087390651 0.19488742213454685 0.98015034815216928
    outer loop
      vertex -0.022496778610274215 0.21561662239806065 0.0094461948946521664
      vertex 0.061021619956437657 0.23873209706866802 0.0079507797393995952
      vertex 0.048929366120725459 0.34369571555474249 -0.013368519698613213
    endloop
  endfacet
  facet normal -0.2071814720963765 -0.1695670878092293 0.96349511693203493
    outer loop
      vertex 0.061021619956437657 0.23873209706866802 0.0079507797393995952
      vertex 0.17134089200520305 0.22055353409774703 0.028473585566471497
      vertex 0.14844100712879427 0.30690278883092903 0.038746143907594087
    endloop
  endfacet
  facet normal 0.6702215974533442 0.090105028661483649 0.73667095376226188
    outer loop
      vertex 0.17134089200520305 0.22055353409774703 0.028473585566471497
      vertex 0.24226401758864916 0.3056920961711615 -0.046465738182893845
      vertex 0.14844100712879427 0.30690278883092903 0.038746143907594087
    endloop
  endfacet
  facet normal 0.070390708583353265 0.46468584295662857 0.88267333453595442
    outer loop
      vertex 0.30013075131339195 0.27104499107430802 0.041042405301898399
      vertex 0.45015787890854364 0.2975591137913155 0.015119731094021375
      vertex 0.37726225640988986 0.34912230042331005 -0.0062126322940860403
    endloop
  endfacet
  facet normal -0.09006161446955685 0.42576191929145168 0.90034198706957813
    outer loop
      vertex 0.51691831404554767 0.31580420962489392 -0.034913994714298874
      vertex 0.52983534654223197 0.18187087333615454 0.029713717812576274
      vertex 0.5966297779940678 0.28878613560310068 -0.014163868146482766
    endloop
  endfacet
  facet normal -0.32696359764181954 0.15239564903975725 0.93266841480285445
    outer loop
      vertex -0.95798692359893667 0.26857078396196871 -0.019566784036289891
      vertex -0.89719616516265965 0.28579063745872774 -0.0010691764644300433
      vertex -0.89183141896542917 0.36702915170891981 -0.012462635512089561
    endloop
  endfacet
  facet normal -0.3979076695347189 0.15313765022402867 0.9045542253559552
    outer loop
      vertex -0.89719616516265965 0.28579063745872774 -0.0010691764644300433
      vertex -0.82125278613113528 0.35595625248291962 0.020459058117674823
      vertex -0.89183141896542917 0.36702915170891981 -0.012462635512089561
    endloop
  endfacet
  facet normal -0.16920465232697562 -0.11711591063376899 0.97859779741594055
    outer loop
      vertex -0.89719616516265965 0.28579063745872774 -0.0010691764644300433
      vertex -0.88643333336235652 0.2224127530980452 -0.0067931188674377344
      vertex -0.82125278613113528 0.35595625248291962 0.020459058117674823
    endloop
  endfacet
  facet normal 0.65808229501627136 -0.44512741331175282 0.60728023095149819
    outer loop
      vertex -0.88643333336235652 0.2224127530980452 -0.0067931188674377344
      vertex -0.75882972909520519 0.36596604539516009 -0.039848973566382437
      vertex -0.82125278613113528 0.35595625248291962 0.020459058117674823
    endloop
  endfacet
  facet normal -0.38791607737291606 0.29368019082263647 0.87365500195099299
    outer loop
      vertex -0.77052394531042223 0.23143225688106539 0.00018231352366230788
      vertex -0.66644399552864386 0.29514607937427323 0.024977911621649092
      vertex -0.75882972909520519 0.36596604539516009 -0.039848973566382437
    endloop
  endfacet
  facet normal -0.18533978547529811 0.52093946124182811 0.83322940517065547
    outer loop
      vertex -0.66644399552864386 0.29514607937427323 0.024977911621649092
      vertex -0.66541319322760528 0.34061272171092571 -0.0032187882789944514
      vertex -0.75882972909520519 0.36596604539516009 -0.039848973566382437
    endloop
  endfacet
  facet normal -0.0011015410229357199 -0.89540950510527362 0.44524218665183057
    outer loop
      vertex -0.64071419691393983 0.26180493083313805 -0.042009538760037844
      vertex -0.52534240408355848 0.29135060893562392 0.017694075514109706
      vertex -0.66644399552864386 0.29514607937427323 0.024977911621649092
    endloop
  endfacet
  facet normal -0.27631861496718374 0.10777204441999545 0.95500429813909837
    outer loop
      vertex -0.52534240408355848 0.29135060893562392 0.017694075514109706
      vertex -0.46600196550154349 0.36497528008359287 0.02655496387623581
      vertex -0.57244671607292807 0.38951151194143202 -0.007012409569685068
    endloop
  endfacet
  facet normal 0.42136249958493222 -0.43535955167555618 0.79555999441173297
    outer loop
      vertex -0.52534240408355848 0.29135060893562392 0.017694075514109706
      vertex -0.38740393611865431 0.36322345449933346 -0.016032567374947713
      vertex -0.46600196550154349 0.36497528008359287 0.02655496387623581
    endloop
  endfacet
  facet normal 0.54445170462405179 0.12566871688152603 0.82932485488457119
    outer loop
      vertex -0.23533488359289756 0.39364655686513028 0.015734272773846356
      vertex -0.17229974472852072 0.28217448183444116 -0.0087567768420763036
      vertex -0.15252429107476259 0.36346364828540301 -0.034057218004766548
    endloop
  endfacet
  facet normal 0.14115046509922466 -0.37699538576158259 0.91539664917277697
    outer loop
      vertex -0.069140512031938467 0.28704863615695392 -0.018492057498994404
      vertex 0.048929366120725459 0.34369571555474249 -0.013368519698613213
      vertex 0.02081055294670256 0.42933173105419081 0.026235477419589329
    endloop
  endfacet
  facet normal -0.42048018370234913 0.13382648920521639 0.8973777832666936
    outer loop
      vertex 0.048929366120725459 0.34369571555474249 -0.013368519698613213
      vertex 0.061021619956437657 0.23873209706866802 0.0079507797393995952
      vertex 0.14844100712879427 0.30690278883092903 0.038746143907594087
    endloop
  endfacet
  facet normal -0.3121928670070882 -0.38124408583231956 0.87016582374152884
    outer loop
      vertex 0.5966297779940678 0.28878613560310068 -0.014163868146482766
      vertex 0.69415430087691299 0.30606770867603345 0.028396936840072582
      vertex 0.63446619279263794 0.35018768349647611 0.02631259604868692
    endloop
  endfacet
  facet normal 0.63157021680882264 -0.13766850444283277 0.76299832511253285
    outer loop
      vertex 0.69415430087691299 0.30606770867603345 0.028396936840072582
      vertex 0.73283520933480895 0.25397802778734291 -0.013019691697487146
      vertex 0.75718773162455255 0.3603917524143177 -0.01397711117895227
    endloop
  endfacet
  facet normal 0.024943849311985903 0.043539720953189469 0.9987402550617549
    outer loop
      vertex 0.73283520933480895 0.25397802778734291 -0.013019691697487146
      vertex 0.80510139775125256 0.28302282594809336 -0.016090759781232786
      vertex 0.82181572447364337 0.3814392797803961 -0.020798635087495271
    endloop
  endfacet
  facet normal 0.11019457551263299 -0.01627660945441552 0.99377674933168925
    outer loop
      vertex 0.73283520933480895 0.25397802778734291 -0.013019691697487146
      vertex 0.82181572447364337 0.3814392797803961 -0.020798635087495271
      vertex 0.75718773162455255 0.3603917524143177 -0.01397711117895227
    endloop
  endfacet
  facet normal -0.57625605155820059 0.31873308170033765 0.75255444033794561
    outer loop
      vertex 0.80510139775125256 0.28302282594809336 -0.016090759781232786
      vertex 0.84972872241978403 0.26744481527511349 0.02467970360195482
      vertex 0.90806808914592319 0.40574921998786101 0.010775359349976209
    endloop
  endfacet
  facet normal -0.36817806264973846 0.1067107641320053 0.92361124235353964
    outer loop
      vertex 0.80510139775125256 0.28302282594809336 -0.016090759781232786
      vertex 0.90806808914592319 0.40574921998786101 0.010775359349976209
      vertex 0.82181572447364337 0.3814392797803961 -0.020798635087495271
    endloop
  endfacet
  facet normal 0.094480443097962538 -0.35274091828455817 0.93093892948988843
    outer loop
      vertex 0.84972872241978403 0.26744481527511349 0.02467970360195482
      vertex 0.91156370684287125 0.25865543356244325 0.015073733735993997
      vertex 0.94612524374144757 0.36346713224046007 0.051280174836049096
    endloop
  endfacet
  facet normal -0.51920729578985381 0.29948478758784303 0.80045777277883423
    outer loop
      vertex 0.84972872241978403 0.26744481527511349 0.02467970360195482
      vertex 0.94612524374144757 0.36346713224046007 0.051280174836049096
      vertex 0.90806808914592319 0.40574921998786101 0.010775359349976209
    endloop
  endfacet
  facet normal -0.11457190397016222 -0.29039831043427772 0.95002215769821319
    outer loop
      vertex 0.91156370684287125 0.25865543356244325 0.015073733735993997
      vertex 0.97047533783349615 0.23611173103840216 0.015287375705314771
      vertex 0.94612524374144757 0.36346713224046007 0.051280174836049096
    endloop
  endfacet
  facet normal 0.16497259222437871 -0.18080650673490603 0.96958395765250227
    outer loop
      vertex -0.95798692359893667 0.26857078396196871 -0.019566784036289891
      vertex -0.89183141896542917 0.36702915170891981 -0.012462635512089561
      vertex -0.95538124693392179 0.39777376566235567 0.0040834366238927658
    endloop
  endfacet
  facet normal -0.23772526877146424 0.51581724235990267 0.82305483965028736
    outer loop
      vertex -0.66541319322760528 0.34061272171092571 -0.0032187882789944514
      vertex -0.66644399552864386 0.29514607937427323 0.024977911621649092
      vertex -0.57244671607292807 0.38951151194143202 -0.007012409569685068
    endloop
  endfacet
  facet normal 0.056870812054032376 0.26926520293767736 0.96138543842896151
    outer loop
      vertex -0.66644399552864386 0.29514607937427323 0.024977911621649092
      vertex -0.52534240408355848 0.29135060893562392 0.017694075514109706
      vertex -0.57244671607292807 0.38951151194143202 -0.007012409569685068
    endloop
  endfacet
  facet normal 0.6258436299086102 0.58483577557974475 0.5160299085371437
    outer loop
      vertex -0.38067123116934021 0.31253545692571039 0.033248556544909713
      vertex -0.29819040946926478 0.2931500197771657 -0.044814359992415405
      vertex -0.38740393611865431 0.36322345449933346 -0.016032567374947713
    endloop
  endfacet
  facet normal -0.088546016395869745 -0.47282403171570536 0.87669666248510836
    outer loop
      vertex -0.29819040946926478 0.2931500197771657 -0.044814359992415405
      vertex -0.23533488359289756 0.39364655686513028 0.015734272773846356
      vertex -0.38740393611865431 0.36322345449933346 -0.016032567374947713
    endloop
  endfacet
  facet normal 0.10140175621746782 -0.19941952547796182 0.97465354700742657
    outer loop
      vertex -0.17229974472852072 0.28217448183444116 -0.0087567768420763036
      vertex -0.069140512031938467 0.28704863615695392 -0.018492057498994404
      vertex -0.027548681879351833 0.43805193953825516 0.0080768936566674443
    endloop
  endfacet
  facet normal -0.48575283636956773 0.36532383203094521 0.79409236220300317
    outer loop
      vertex -0.17229974472852072 0.28217448183444116 -0.0087567768420763036
      vertex -0.027548681879351833 0.43805193953825516 0.0080768936566674443
      vertex -0.15252429107476259 0.36346364828540301 -0.034057218004766548
    endloop
  endfacet
  facet normal -0.36093984352057529 -0.064282258069285989 0.93037101236918185
    outer loop
      vertex -0.069140512031938467 0.28704863615695392 -0.018492057498994404
      vertex 0.02081055294670256 0.42933173105419081 0.026235477419589329
      vertex -0.027548681879351833 0.43805193953825516 0.0080768936566674443
    endloop
  endfacet
  facet normal -0.43692337101793016 0.086458622311847727 0.89533394579132608
    outer loop
      vertex 0.048929366120725459 0.34369571555474249 -0.013368519698613213
      vertex 0.14844100712879427 0.30690278883092903 0.038746143907594087
      vertex 0.1293048718818447 0.38832639509223449 0.0215449670575917
    endloop
  endfacet
  facet normal 0.41755179472916087 0.2807016236480136 0.86420894302236062
    outer loop
      vertex 0.14844100712879427 0.30690278883092903 0.038746143907594087
      vertex 0.20132322715493517 0.36674435915034409 -0.0062414625565502509
      vertex 0.1293048718818447 0.38832639509223449 0.0215449670575917
    endloop
  endfacet
  facet normal 0.67159167469978265 -0.037181029550594179 0.73998796849374449
    outer loop
      vertex 0.14844100712879427 0.30690278883092903 0.038746143907594087
      vertex 0.24226401758864916 0.3056920961711615 -0.046465738182893845
      vertex 0.20132322715493517 0.36674435915034409 -0.0062414625565502509
    endloop
  endfacet
  facet normal -0.65846288234910721 0.44086134377175179 0.60997369462647433
    outer loop
      vertex 0.24226401758864916 0.3056920961711615 -0.046465738182893845
      vertex 0.30013075131339195 0.27104499107430802 0.041042405301898399
      vertex 0.30043993885906783 0.39471689281206557 -0.048008274658433922
    endloop
  endfacet
  facet normal 0.43776136580536557 -0.2712153869026655 0.85720895965654631
    outer loop
      vertex 0.24226401758864916 0.3056920961711615 -0.046465738182893845
      vertex 0.30043993885906783 0.39471689281206557 -0.048008274658433922
      vertex 0.20132322715493517 0.36674435915034409 -0.0062414625565502509
    endloop
  endfacet
  facet normal 0.39610603249660226 0.15630939503993402 0.90480240055055683
    outer loop
      vertex 0.30013075131339195 0.27104499107430802 0.041042405301898399
      vertex 0.37726225640988986 0.34912230042331005 -0.0062126322940860403
      vertex 0.37952163284475099 0.41818022027162727 -0.019131866706619767
    endloop
  endfacet
  facet normal -0.42515171912972133 0.52959389136003887 0.73401384588791907
    outer loop
      vertex 0.30013075131339195 0.27104499107430802 0.041042405301898399
      vertex 0.37952163284475099 0.41818022027162727 -0.019131866706619767
      vertex 0.30043993885906783 0.39471689281206557 -0.048008274658433922
    endloop
  endfacet
  facet normal -0.12226723487874527 0.22688530445984872 0.96621621901894583
    outer loop
      vertex 0.37726225640988986 0.34912230042331005 -0.0062126322940860403
      vertex 0.45015787890854364 0.2975591137913155 0.015119731094021375
      vertex 0.4789133869748079 0.41625783413432027 -0.0091141188293386473
    endloop
  endfacet
  facet normal 0.56090661097240391 -0.65146195643053573 0.51086308644406009
    outer loop
      vertex 0.45015787890854364 0.2975591137913155 0.015119731094021375
      vertex 0.51691831404554767 0.31580420962489392 -0.034913994714298874
      vertex 0.55731838509637111 0.3953983706129281 0.022228323210342595
    endloop
  endfacet
  facet normal -0.35879276187736642 -0.41730587804019753 0.83493925418410597
    outer loop
      vertex 0.51691831404554767 0.31580420962489392 -0.034913994714298874
      vertex 0.5966297779940678 0.28878613560310068 -0.014163868146482766
      vertex 0.55731838509637111 0.3953983706129281 0.022228323210342595
    endloop
  endfacet
  facet normal -0.28130833907017461 -0.40127920317212978 0.87168837291265977
    outer loop
      vertex 0.5966297779940678 0.28878613560310068 -0.014163868146482766
      vertex 0.63446619279263794 0.35018768349647611 0.02631259604868692
      vertex 0.55731838509637111 0.3953983706129281 0.022228323210342595
    endloop
  endfacet
  facet normal 0.3366929421744545 0.49338673768246649 0.80200211331951143
    outer loop
      vertex 0.63446619279263794 0.35018768349647611 0.02631259604868692
      vertex 0.69415430087691299 0.30606770867603345 0.028396936840072582
      vertex 0.70243478645951096 0.41590777428788828 -0.042652268325547922
    endloop
  endfacet
  facet normal 0.10295628127186671 0.53475331103338419 0.83871264476309215
    outer loop
      vertex 0.69415430087691299 0.30606770867603345 0.028396936840072582
      vertex 0.75718773162455255 0.3603917524143177 -0.01397711117895227
      vertex 0.70243478645951096 0.41590777428788828 -0.042652268325547922
    endloop
  endfacet
  facet normal -0.38660819492769005 0.20747077524982216 0.89860446306035613
    outer loop
      vertex -0.89183141896542917 0.36702915170891981 -0.012462635512089561
      vertex -0.82125278613113528 0.35595625248291962 0.020459058117674823
      vertex -0.82316801497930225 0.42041370568092662 0.0047530589448942168
    endloop
  endfacet
  facet normal 0.66503988286487958 0.19539232132361314 0.72079386440704196
    outer loop
      vertex -0.82125278613113528 0.35595625248291962 0.020459058117674823
      vertex -0.75882972909520519 0.36596604539516009 -0.039848973566382437
      vertex -0.82316801497930225 0.42041370568092662 0.0047530589448942168
    endloop
  endfacet
  facet normal -0.41254506646082012 -0.25771587475877694 0.87372140641977858
    outer loop
      vertex -0.75882972909520519 0.36596604539516009 -0.039848973566382437
      vertex -0.66541319322760528 0.34061272171092571 -0.0032187882789944514
      vertex -0.74886659084743723 0.46294523373686614 -0.006539362890001608
    endloop
  endfacet
  facet normal -0.088505068612848042 -0.03335466401852389 0.99551711146421096
    outer loop
      vertex -0.66541319322760528 0.34061272171092571 -0.0032187882789944514
      vertex -0.63448793531918291 0.41297872141590142 0.0019551917764595518
      vertex -0.74886659084743723 0.46294523373686614 -0.006539362890001608
    endloop
  endfacet
  facet normal 0.099985854054068388 -0.11340400330876037 0.98850511431283195
    outer loop
      vertex -0.66541319322760528 0.34061272171092571 -0.0032187882789944514
      vertex -0.57244671607292807 0.38951151194143202 -0.007012409569685068
      vertex -0.63448793531918291 0.41297872141590142 0.0019551917764595518
    endloop
  endfacet
  facet normal -0.21279106885751989 0.33338197203210629 0.9184641646457733
    outer loop
      vertex -0.57244671607292807 0.38951151194143202 -0.007012409569685068
      vertex -0.46600196550154349 0.36497528008359287 0.02655496387623581
      vertex -0.42649721214479169 0.49678182821211864 -0.012135351563345735
    endloop
  endfacet
  facet normal -0.1655802547315165 -0.18402062441089345 0.96887542493061041
    outer loop
      vertex -0.38740393611865431 0.36322345449933346 -0.016032567374947713
      vertex -0.23533488359289756 0.39364655686513028 0.015734272773846356
      vertex -0.37797731586285621 0.43904953736384822 -1.9749937986092836e-05
    endloop
  endfacet
  facet normal 0.32936370248038255 -0.45823363229625819 0.82555526145800295
    outer loop
      vertex -0.15252429107476259 0.36346364828540301 -0.034057218004766548
      vertex -0.12152140099749435 0.44682982221279632 -0.00015281531642687534
      vertex -0.23533488359289756 0.39364655686513028 0.015734272773846356
    endloop
  endfacet
  facet normal -0.094968284248499499 0.18605807872421398 0.97793834996299767
    outer loop
      vertex 0.37726225640988986 0.34912230042331005 -0.0062126322940860403
      vertex 0.4789133869748079 0.41625783413432027 -0.0091141188293386473
      vertex 0.37952163284475099 0.41818022027162727 -0.019131866706619767
    endloop
  endfacet
  facet normal -0.29807726150780822 0.25973931200475719 0.91852350866556554
    outer loop
      vertex 0.45015787890854364 0.2975591137913155 0.015119731094021375
      vertex 0.55731838509637111 0.3953983706129281 0.022228323210342595
      vertex 0.4789133869748079 0.41625783413432027 -0.0091141188293386473
    endloop
  endfacet
  facet normal 0.26562573158652092 0.030469186878383261 0.96359462398360007
    outer loop
      vertex -0.95538124693392179 0.39777376566235567 0.0040834366238927658
      vertex -0.89183141896542917 0.36702915170891981 -0.012462635512089561
      vertex -0.88520564876583807 0.46718209131914629 -0.017455973550965825
    endloop
  endfacet
  facet normal -0.29124263811980444 0.066846800224727637 0.95431086708720447
    outer loop
      vertex -0.89183141896542917 0.36702915170891981 -0.012462635512089561
      vertex -0.82316801497930225 0.42041370568092662 0.0047530589448942168
      vertex -0.88520564876583807 0.46718209131914629 -0.017455973550965825
    endloop
  endfacet
  facet normal 0.32701616297110642 -0.3368612483293088 0.88294106741598244
    outer loop
      vertex -0.82316801497930225 0.42041370568092662 0.0047530589448942168
      vertex -0.75882972909520519 0.36596604539516009 -0.039848973566382437
      vertex -0.74886659084743723 0.46294523373686614 -0.006539362890001608
    endloop
  endfacet
  facet normal 0.070652488136904418 0.26139687042483123 0.9626421464138003
    outer loop
      vertex -0.46600196550154349 0.36497528008359287 0.02655496387623581
      vertex -0.37797731586285621 0.43904953736384822 -1.9749937986092836e-05
      vertex -0.42649721214479169 0.49678182821211864 -0.012135351563345735
    endloop
  endfacet
  facet normal 0.45862827233009817 -0.23782931620211201 0.85621102782803793
    outer loop
      vertex -0.46600196550154349 0.36497528008359287 0.02655496387623581
      vertex -0.38740393611865431 0.36322345449933346 -0.016032567374947713
      vertex -0.37797731586285621 0.43904953736384822 -1.9749937986092836e-05
    endloop
  endfacet
  facet normal -0.11338266743491275 -0.33782885606784258 0.93435327084204967
    outer loop
      vertex -0.15252429107476259 0.36346364828540301 -0.034057218004766548
      vertex -0.027548681879351833 0.43805193953825516 0.0080768936566674443
      vertex -0.12152140099749435 0.44682982221279632 -0.00015281531642687534
    endloop
  endfacet
  facet normal 0.34235978167887537 -0.299447750015786 0.89057331247869542
    outer loop
      vertex 0.048929366120725459 0.34369571555474249 -0.013368519698613213
      vertex 0.11099134001907085 0.46804798737445463 0.0045856273068295888
      vertex 0.02081055294670256 0.42933173105419081 0.026235477419589329
    endloop
  endfacet
  facet normal -0.43824697973146703 0.089589562246232837 0.89437872016991515
    outer loop
      vertex 0.048929366120725459 0.34369571555474249 -0.013368519698613213
      vertex 0.1293048718818447 0.38832639509223449 0.0215449670575917
      vertex 0.11099134001907085 0.46804798737445463 0.0045856273068295888
    endloop
  endfacet
  facet normal 0.018812791693464937 0.21217179471275635 0.97705128237829264
    outer loop
      vertex 0.1293048718818447 0.38832639509223449 0.0215449670575917
      vertex 0.27884663100099771 0.4571892158733234 0.0037116695100191076
      vertex 0.11099134001907085 0.46804798737445463 0.0045856273068295888
    endloop
  endfacet
  facet normal 0.25608532934319861 -0.31988307236984814 0.91219248193920777
    outer loop
      vertex 0.1293048718818447 0.38832639509223449 0.0215449670575917
      vertex 0.20132322715493517 0.36674435915034409 -0.0062414625565502509
      vertex 0.27884663100099771 0.4571892158733234 0.0037116695100191076
    endloop
  endfacet
  facet normal 0.45211110548758904 -0.4708843266459809 0.75753778731753796
    outer loop
      vertex 0.20132322715493517 0.36674435915034409 -0.0062414625565502509
      vertex 0.30043993885906783 0.39471689281206557 -0.048008274658433922
      vertex 0.27884663100099771 0.4571892158733234 0.0037116695100191076
    endloop
  endfacet
  facet normal -0.082373383553631871 -0.73144123283591078 0.67691088674168132
    outer loop
      vertex 0.37952163284475099 0.41818022027162727 -0.019131866706619767
      vertex 0.4789133869748079 0.41625783413432027 -0.0091141188293386473
      vertex 0.42997127620863163 0.47072860807077227 0.043788919784670102
    endloop
  endfacet
  facet normal 0.12495064366458022 0.29868918214269891 0.94613535454433395
    outer loop
      vertex 0.55731838509637111 0.3953983706129281 0.022228323210342595
      vertex 0.63446619279263794 0.35018768349647611 0.02631259604868692
      vertex 0.61527536403972038 0.44828082503622613 -0.0021203905065381506
    endloop
  endfacet
  facet normal 0.49603435603215645 0.32985904289882134 0.80320789927243463
    outer loop
      vertex 0.63446619279263794 0.35018768349647611 0.02631259604868692
      vertex 0.70243478645951096 0.41590777428788828 -0.042652268325547922
      vertex 0.61527536403972038 0.44828082503622613 -0.0021203905065381506
    endloop
  endfacet
  facet normal -0.34087450325786706 0.47202797358910004 0.81301547659197138
    outer loop
      vertex 0.94612524374144757 0.36346713224046007 0.051280174836049096
      vertex 0.92998027305623565 0.48106086230439477 -0.023762601996496709
      vertex 0.90806808914592319 0.40574921998786101 0.010775359349976209
    endloop
  endfacet
  facet normal 0.21918452143465836 0.080151884696942663 0.97238563386291754
    outer loop
      vertex -0.95538124693392179 0.39777376566235567 0.0040834366238927658
      vertex -0.88520564876583807 0.46718209131914629 -0.017455973550965825
      vertex -0.88706069494103679 0.53620737329324675 -0.022727451095783769
    endloop
  endfacet
  facet normal 0.64803531613955367 -0.17632614334157926 0.74091789032941668
    outer loop
      vertex -0.95538124693392179 0.39777376566235567 0.0040834366238927658
      vertex -0.88706069494103679 0.53620737329324675 -0.022727451095783769
      vertex -0.96393196893973665 0.48069575267322634 0.03129628202723788
    endloop
  endfacet
  facet normal -0.063454070851924838 0.35817159124257431 0.93149701669897
    outer loop
      vertex -0.82316801497930225 0.42041370568092662 0.0047530589448942168
      vertex -0.74886659084743723 0.46294523373686614 -0.006539362890001608
      vertex -0.88520564876583807 0.46718209131914629 -0.017455973550965825
    endloop
  endfacet
  facet normal 0.043393895549040981 0.26317901522089282 0.96377060329543152
    outer loop
      vertex -0.74886659084743723 0.46294523373686614 -0.006539362890001608
      vertex -0.63448793531918291 0.41297872141590142 0.0019551917764595518
      vertex -0.60957726966051617 0.48497389537768126 -0.018826298900972788
    endloop
  endfacet
  facet normal 0.21442127235064176 0.20167158622848744 0.95569455856545382
    outer loop
      vertex -0.63448793531918291 0.41297872141590142 0.0019551917764595518
      vertex -0.57244671607292807 0.38951151194143202 -0.007012409569685068
      vertex -0.60957726966051617 0.48497389537768126 -0.018826298900972788
    endloop
  endfacet
  facet normal -0.043152391807277403 0.10615486916194694 0.99341281189368669
    outer loop
      vertex -0.57244671607292807 0.38951151194143202 -0.007012409569685068
      vertex -0.42649721214479169 0.49678182821211864 -0.012135351563345735
      vertex -0.60957726966051617 0.48497389537768126 -0.018826298900972788
    endloop
  endfacet
  facet normal -0.088790558537568065 0.06590129205017517 0.9938678264340306
    outer loop
      vertex -0.37797731586285621 0.43904953736384822 -1.9749937986092836e-05
      vertex -0.23533488359289756 0.39364655686513028 0.015734272773846356
      vertex -0.27533309223753333 0.51731438989403755 0.0039607421730080555
    endloop
  endfacet
  facet normal -0.16293957669450029 0.041148869187071876 0.98577759403997534
    outer loop
      vertex -0.23533488359289756 0.39364655686513028 0.015734272773846356
      vertex -0.18058100069732902 0.52682498773009279 0.019225357063030132
      vertex -0.27533309223753333 0.51731438989403755 0.0039607421730080555
    endloop
  endfacet
  facet normal 0.18376324335983396 -0.10118121809881338 0.97774916593874661
    outer loop
      vertex -0.23533488359289756 0.39364655686513028 0.015734272773846356
      vertex -0.12152140099749435 0.44682982221279632 -0.00015281531642687534
      vertex -0.18058100069732902 0.52682498773009279 0.019225357063030132
    endloop
  endfacet
  facet normal 0.0047918743277840783 -0.0064084925805649824 0.9999679840691259
    outer loop
      vertex 0.27884663100099771 0.4571892158733234 0.0037116695100191076
      vertex 0.2220478160403592 0.49380035380538467 0.0042184807251140341
      vertex 0.11099134001907085 0.46804798737445463 0.0045856273068295888
    endloop
  endfacet
  facet normal -0.081694874840815515 -0.65217589814883969 0.75365280155950964
    outer loop
      vertex 0.30043993885906783 0.39471689281206557 -0.048008274658433922
      vertex 0.37952163284475099 0.41818022027162727 -0.019131866706619767
      vertex 0.27884663100099771 0.4571892158733234 0.0037116695100191076
    endloop
  endfacet
  facet normal -0.11940382205511561 -0.71285100721884354 0.69107609478675391
    outer loop
      vertex 0.37952163284475099 0.41818022027162727 -0.019131866706619767
      vertex 0.42997127620863163 0.47072860807077227 0.043788919784670102
      vertex 0.27884663100099771 0.4571892158733234 0.0037116695100191076
    endloop
  endfacet
  facet normal -0.20846868542986538 0.4890509249484804 0.84697697725627674
    outer loop
      vertex 0.4789133869748079 0.41625783413432027 -0.0091141188293386473
      vertex 0.55731838509637111 0.3953983706129281 0.022228323210342595
      vertex 0.58296870494304753 0.49604998950711388 -0.029575303141587406
    endloop
  endfacet
  facet normal 0.021299896310330864 -0.75834884646230283 0.6515008376713447
    outer loop
      vertex 0.61527536403972038 0.44828082503622613 -0.0021203905065381506
      vertex 0.70243478645951096 0.41590777428788828 -0.042652268325547922
      vertex 0.72987842151348348 0.47963635135789612 0.030630747698417775
    endloop
  endfacet
  facet normal -0.70321106489666263 -0.38471646711628515 0.59790253230477797
    outer loop
      vertex 0.70243478645951096 0.41590777428788828 -0.042652268325547922
      vertex 0.75718773162455255 0.3603917524143177 -0.01397711117895227
      vertex 0.72987842151348348 0.47963635135789612 0.030630747698417775
    endloop
  endfacet
  facet normal 0.18524812317145112 -0.26184083727733887 0.94716551288323247
    outer loop
      vertex 0.75718773162455255 0.3603917524143177 -0.01397711117895227
      vertex 0.82181572447364337 0.3814392797803961 -0.020798635087495271
      vertex 0.81458966359210327 0.50512051736192543 0.014805926693282435
    endloop
  endfacet
  facet normal 0.25841268381310328 -0.28599918182545525 0.9227282117935266
    outer loop
      vertex 0.75718773162455255 0.3603917524143177 -0.01397711117895227
      vertex 0.81458966359210327 0.50512051736192543 0.014805926693282435
      vertex 0.72987842151348348 0.47963635135789612 0.030630747698417775
    endloop
  endfacet
  facet normal 0.2587681392096543 -0.25322481845376177 0.93215676870847874
    outer loop
      vertex 0.82181572447364337 0.3814392797803961 -0.020798635087495271
      vertex 0.92998027305623565 0.48106086230439477 -0.023762601996496709
      vertex 0.81458966359210327 0.50512051736192543 0.014805926693282435
    endloop
  endfacet
  facet normal -0.41751917139145012 0.47634559615984162 0.77380398974140863
    outer loop
      vertex 0.82181572447364337 0.3814392797803961 -0.020798635087495271
      vertex 0.90806808914592319 0.40574921998786101 0.010775359349976209
      vertex 0.92998027305623565 0.48106086230439477 -0.023762601996496709
    endloop
  endfacet
  facet normal 0.013224042102956494 0.42200132646159605 0.90649876181664635
    outer loop
      vertex -0.74886659084743723 0.46294523373686614 -0.006539362890001608
      vertex -0.60957726966051617 0.48497389537768126 -0.018826298900972788
      vertex -0.72082115483064158 0.5425460133683534 -0.044004950322779762
    endloop
  endfacet
  facet normal 0.16580247227801873 -0.82378694005979058 0.54211125940476801
    outer loop
      vertex -0.60957726966051617 0.48497389537768126 -0.018826298900972788
      vertex -0.48693388625103806 0.54383857470512464 0.033113920739252838
      vertex -0.56009429090930019 0.54487382232782222 0.057062878100443845
    endloop
  endfacet
  facet normal 0.017211254035987562 -0.68145195312428464 0.73166044605240643
    outer loop
      vertex -0.60957726966051617 0.48497389537768126 -0.018826298900972788
      vertex -0.42649721214479169 0.49678182821211864 -0.012135351563345735
      vertex -0.48693388625103806 0.54383857470512464 0.033113920739252838
    endloop
  endfacet
  facet normal 0.055979068583252502 0.24990609871327676 0.96665054994370192
    outer loop
      vertex -0.37797731586285621 0.43904953736384822 -1.9749937986092836e-05
      vertex -0.33941645092220146 0.55940033153432689 -0.033366856349096835
      vertex -0.42649721214479169 0.49678182821211864 -0.012135351563345735
    endloop
  endfacet
  facet normal -0.29521822322139546 0.34180166612872437 0.89219830851085469
    outer loop
      vertex -0.37797731586285621 0.43904953736384822 -1.9749937986092836e-05
      vertex -0.27533309223753333 0.51731438989403755 0.0039607421730080555
      vertex -0.33941645092220146 0.55940033153432689 -0.033366856349096835
    endloop
  endfacet
  facet normal 0.18296911718093706 -0.10178832461996001 0.97783507767367916
    outer loop
      vertex -0.12152140099749435 0.44682982221279632 -0.00015281531642687534
      vertex -0.089747645956641656 0.52446630208868172 0.0019834051509130604
      vertex -0.18058100069732902 0.52682498773009279 0.019225357063030132
    endloop
  endfacet
  facet normal -0.08649824195893091 0.0079888791842703376 0.99621997166659604
    outer loop
      vertex -0.12152140099749435 0.44682982221279632 -0.00015281531642687534
      vertex -0.027548681879351833 0.43805193953825516 0.0080768936566674443
      vertex -0.089747645956641656 0.52446630208868172 0.0019834051509130604
    endloop
  endfacet
  facet normal -0.077219350086085631 -0.13347623566581182 0.98803910169829168
    outer loop
      vertex 0.2220478160403592 0.49380035380538467 0.0042184807251140341
      vertex 0.27884663100099771 0.4571892158733234 0.0037116695100191076
      vertex 0.29311264111555224 0.54420102098271272 0.016581221142135401
    endloop
  endfacet
  facet normal -0.25500456669879151 -0.015498298258427671 0.96681563584473251
    outer loop
      vertex 0.27884663100099771 0.4571892158733234 0.0037116695100191076
      vertex 0.42997127620863163 0.47072860807077227 0.043788919784670102
      vertex 0.37205674333660255 0.51899314659960172 0.029287238567113578
    endloop
  endfacet
  facet normal 0.71411766843046443 -0.037277142858397942 0.6990324529345916
    outer loop
      vertex 0.42997127620863163 0.47072860807077227 0.043788919784670102
      vertex 0.4789133869748079 0.41625783413432027 -0.0091141188293386473
      vertex 0.48372500950617298 0.53531746461488272 -0.0076805112959272472
    endloop
  endfacet
  facet normal 0.2077743183824079 -0.020172706425492955 0.97796875948886874
    outer loop
      vertex 0.4789133869748079 0.41625783413432027 -0.0091141188293386473
      vertex 0.58296870494304753 0.49604998950711388 -0.029575303141587406
      vertex 0.48372500950617298 0.53531746461488272 -0.0076805112959272472
    endloop
  endfacet
  facet normal -0.056871485417665187 0.46830632450503479 0.88173398515367063
    outer loop
      vertex 0.55731838509637111 0.3953983706129281 0.022228323210342595
      vertex 0.61527536403972038 0.44828082503622613 -0.0021203905065381506
      vertex 0.58296870494304753 0.49604998950711388 -0.029575303141587406
    endloop
  endfacet
  facet normal 0.60952496188983585 -0.076101587227782652 0.7891057402240883
    outer loop
      vertex -0.96393196893973665 0.48069575267322634 0.03129628202723788
      vertex -0.88706069494103679 0.53620737329324675 -0.022727451095783769
      vertex -0.95171067999036651 0.56451082564267063 0.029939403550826964
    endloop
  endfacet
  facet normal -0.084294116855118881 -0.5157022303394011 0.85261111386527377
    outer loop
      vertex -0.88520564876583807 0.46718209131914629 -0.017455973550965825
      vertex -0.74886659084743723 0.46294523373686614 -0.006539362890001608
      vertex -0.75551034331266254 0.56285566153023647 0.053234665822222874
    endloop
  endfacet
  facet normal -0.50726677781462526 0.05206209938550195 0.86021506260535918
    outer loop
      vertex -0.88520564876583807 0.46718209131914629 -0.017455973550965825
      vertex -0.75551034331266254 0.56285566153023647 0.053234665822222874
      vertex -0.88706069494103679 0.53620737329324675 -0.022727451095783769
    endloop
  endfacet
  facet normal 0.91990831397112194 -0.1544650166661212 0.36042926145520254
    outer loop
      vertex -0.74886659084743723 0.46294523373686614 -0.006539362890001608
      vertex -0.72082115483064158 0.5425460133683534 -0.044004950322779762
      vertex -0.75551034331266254 0.56285566153023647 0.053234665822222874
    endloop
  endfacet
  facet normal -0.35294628247269783 -0.29342955298145718 0.88844134253523166
    outer loop
      vertex -0.72082115483064158 0.5425460133683534 -0.044004950322779762
      vertex -0.60957726966051617 0.48497389537768126 -0.018826298900972788
      vertex -0.63565313670248336 0.57725962149021437 0.0012943080195074305
    endloop
  endfacet
  facet normal 0.10465538592221646 0.14470957894814374 0.98392397468408255
    outer loop
      vertex -0.027548681879351833 0.43805193953825516 0.0080768936566674443
      vertex 0.058491754489448815 0.57953799363177083 -0.021883736581522217
      vertex -0.089747645956641656 0.52446630208868172 0.0019834051509130604
    endloop
  endfacet
  facet normal -0.27191704121772065 0.35478170222817595 0.89453399402117661
    outer loop
      vertex -0.027548681879351833 0.43805193953825516 0.0080768936566674443
      vertex 0.02081055294670256 0.42933173105419081 0.026235477419589329
      vertex 0.058491754489448815 0.57953799363177083 -0.021883736581522217
    endloop
  endfacet
  facet normal 0.33240000083215909 -0.26871359841676562 0.90404825173919456
    outer loop
      vertex 0.02081055294670256 0.42933173105419081 0.026235477419589329
      vertex 0.11099134001907085 0.46804798737445463 0.0045856273068295888
      vertex 0.14344319585337897 0.58744776039943125 0.028143380681592375
    endloop
  endfacet
  facet normal -0.49604808901813835 0.37528000977393294 0.78300779539256826
    outer loop
      vertex 0.02081055294670256 0.42933173105419081 0.026235477419589329
      vertex 0.14344319585337897 0.58744776039943125 0.028143380681592375
      vertex 0.058491754489448815 0.57953799363177083 -0.021883736581522217
    endloop
  endfacet
  facet normal 0.051156494830803562 -0.20668128231907984 0.97707003872576448
    outer loop
      vertex 0.11099134001907085 0.46804798737445463 0.0045856273068295888
      vertex 0.2220478160403592 0.49380035380538467 0.0042184807251140341
      vertex 0.14344319585337897 0.58744776039943125 0.028143380681592375
    endloop
  endfacet
  facet normal -0.19282739126540049 -0.11255702847300364 0.97475561681844514
    outer loop
      vertex 0.27884663100099771 0.4571892158733234 0.0037116695100191076
      vertex 0.37205674333660255 0.51899314659960172 0.029287238567113578
      vertex 0.29311264111555224 0.54420102098271272 0.016581221142135401
    endloop
  endfacet
  facet normal -0.049597760498891239 -0.57908685289083595 0.8137557858242741
    outer loop
      vertex 0.48372500950617298 0.53531746461488272 -0.0076805112959272472
      vertex 0.58296870494304753 0.49604998950711388 -0.029575303141587406
      vertex 0.52958626846487655 0.59598661715489687 0.038288224044088097
    endloop
  endfacet
  facet normal -0.056981952765280307 -0.58152169743867455 0.81153285359688199
    outer loop
      vertex 0.58296870494304753 0.49604998950711388 -0.029575303141587406
      vertex 0.67749110687316483 0.55677471534649647 0.020575244070731968
      vertex 0.52958626846487655 0.59598661715489687 0.038288224044088097
    endloop
  endfacet
  facet normal -0.26128207819155008 -0.051798497988551982 0.96387166740289376
    outer loop
      vertex 0.61527536403972038 0.44828082503622613 -0.0021203905065381506
      vertex 0.72987842151348348 0.47963635135789612 0.030630747698417775
      vertex 0.67749110687316483 0.55677471534649647 0.020575244070731968
    endloop
  endfacet
  facet normal -0.52711061960378724 0.12648392570407277 0.84033101289872558
    outer loop
      vertex 0.61527536403972038 0.44828082503622613 -0.0021203905065381506
      vertex 0.67749110687316483 0.55677471534649647 0.020575244070731968
      vertex 0.58296870494304753 0.49604998950711388 -0.029575303141587406
    endloop
  endfacet
  facet normal 0.43009817543725226 0.3977411181678302 0.81044281871341839
    outer loop
      vertex 0.72987842151348348 0.47963635135789612 0.030630747698417775
      vertex 0.75745574828896611 0.55909865017818539 -0.023002131156062235
      vertex 0.67749110687316483 0.55677471534649647 0.020575244070731968
    endloop
  endfacet
  facet normal -0.014983856721216699 0.56294756500887677 0.8263567771176894
    outer loop
      vertex 0.72987842151348348 0.47963635135789612 0.030630747698417775
      vertex 0.81458966359210327 0.50512051736192543 0.014805926693282435
      vertex 0.75745574828896611 0.55909865017818539 -0.023002131156062235
    endloop
  endfacet
  facet normal 0.22681895852169923 -0.36174250194668001 0.90426518363834385
    outer loop
      vertex 0.81458966359210327 0.50512051736192543 0.014805926693282435
      vertex 0.92998027305623565 0.48106086230439477 -0.023762601996496709
      vertex 0.95070167784114634 0.573035789835595 0.0078334756431659835
    endloop
  endfacet
  facet normal -0.4382677095249003 0.74958749764113108 0.49602419111158785
    outer loop
      vertex -0.88706069494103679 0.53620737329324675 -0.022727451095783769
      vertex -0.75551034331266254 0.56285566153023647 0.053234665822222874
      vertex -0.77794529148490277 0.61334693462813672 -0.042889961277267206
    endloop
  endfacet
  facet normal -0.6481594115140783 -0.33250507952948372 0.685076455114913
    outer loop
      vertex -0.60957726966051617 0.48497389537768126 -0.018826298900972788
      vertex -0.56009429090930019 0.54487382232782222 0.057062878100443845
      vertex -0.63565313670248336 0.57725962149021437 0.0012943080195074305
    endloop
  endfacet
  facet normal 0.20132255755704481 0.78867235155956761 0.58091750679781728
    outer loop
      vertex -0.48693388625103806 0.54383857470512464 0.033113920739252838
      vertex -0.51871517896610475 0.59935006579058225 -0.031236157617208184
      vertex -0.56009429090930019 0.54487382232782222 0.057062878100443845
    endloop
  endfacet
  facet normal -0.62228166775231175 -0.3100148182722306 0.71878810398547721
    outer loop
      vertex -0.33941645092220146 0.55940033153432689 -0.033366856349096835
      vertex -0.27533309223753333 0.51731438989403755 0.0039607421730080555
      vertex -0.28734756620769059 0.59144528162442689 0.025532173228789881
    endloop
  endfacet
  facet normal -0.17924156012791603 0.73355874671768495 0.65556390095618433
    outer loop
      vertex -0.27533309223753333 0.51731438989403755 0.0039607421730080555
      vertex -0.18058100069732902 0.52682498773009279 0.019225357063030132
      vertex -0.1902296480595036 0.58304929912426573 -0.046326260323185313
    endloop
  endfacet
  facet normal 0.18478352476369672 -0.056271198417047849 0.98116695888345806
    outer loop
      vertex -0.089747645956641656 0.52446630208868172 0.0019834051509130604
      vertex -0.080285183477273619 0.6154160704380508 0.00541742344961755
      vertex -0.18058100069732902 0.52682498773009279 0.019225357063030132
    endloop
  endfacet
  facet normal 0.17884558556382132 -0.055696171548852577 0.9822994416160149
    outer loop
      vertex -0.089747645956641656 0.52446630208868172 0.0019834051509130604
      vertex 0.058491754489448815 0.57953799363177083 -0.021883736581522217
      vertex -0.080285183477273619 0.6154160704380508 0.00541742344961755
    endloop
  endfacet
  facet normal -0.28295170799149005 0.16730274694889277 0.94443005130504676
    outer loop
      vertex 0.2220478160403592 0.49380035380538467 0.0042184807251140341
      vertex 0.29311264111555224 0.54420102098271272 0.016581221142135401
      vertex 0.23377634702002104 0.62314359927684926 -0.015180385679463112
    endloop
  endfacet
  facet normal 0.39759740214231643 0.10073046923538699 0.91201407794907408
    outer loop
      vertex 0.2220478160403592 0.49380035380538467 0.0042184807251140341
      vertex 0.23377634702002104 0.62314359927684926 -0.015180385679463112
      vertex 0.14344319585337897 0.58744776039943125 0.028143380681592375
    endloop
  endfacet
  facet normal -0.014333079311951756 0.4139027952920411 0.91020823929849815
    outer loop
      vertex 0.29311264111555224 0.54420102098271272 0.016581221142135401
      vertex 0.37205674333660255 0.51899314659960172 0.029287238567113578
      vertex 0.34400503966630536 0.61081138091497589 -0.012907381825527919
    endloop
  endfacet
  facet normal 0.20435098892623296 0.49836106293020832 0.84254194214884248
    outer loop
      vertex 0.37205674333660255 0.51899314659960172 0.029287238567113578
      vertex 0.42997127620863163 0.47072860807077227 0.043788919784670102
      vertex 0.41052104343687246 0.6090708417647096 -0.033322622181294122
    endloop
  endfacet
  facet normal 0.20723126872174114 0.4983705783543918 0.84183250584346447
    outer loop
      vertex 0.42997127620863163 0.47072860807077227 0.043788919784670102
      vertex 0.48372500950617298 0.53531746461488272 -0.0076805112959272472
      vertex 0.41052104343687246 0.6090708417647096 -0.033322622181294122
    endloop
  endfacet
  facet normal 0.23768865492493538 0.52835911177495498 0.81507101060236187
    outer loop
      vertex 0.52958626846487655 0.59598661715489687 0.038288224044088097
      vertex 0.67749110687316483 0.55677471534649647 0.020575244070731968
      vertex 0.62363731651579235 0.61440568806116191 -0.0010785926281717678
    endloop
  endfacet
  facet normal -0.52881073684391111 0.034273155437931656 0.84804749596642715
    outer loop
      vertex 0.81458966359210327 0.50512051736192543 0.014805926693282435
      vertex 0.88068480327145526 0.58521530567669711 0.052783420335022944
      vertex 0.75745574828896611 0.55909865017818539 -0.023002131156062235
    endloop
  endfacet
  facet normal 0.34509701849409474 -0.61921278769073562 0.70532515295199438
    outer loop
      vertex 0.81458966359210327 0.50512051736192543 0.014805926693282435
      vertex 0.95070167784114634 0.573035789835595 0.0078334756431659835
      vertex 0.88068480327145526 0.58521530567669711 0.052783420335022944
    endloop
  endfacet
  facet normal 0.23231485709475344 -0.93219194621142509 0.27757518367390105
    outer loop
      vertex -0.75551034331266254 0.56285566153023647 0.053234665822222874
      vertex -0.72082115483064158 0.5425460133683534 -0.044004950322779762
      vertex -0.63565313670248336 0.57725962149021437 0.0012943080195074305
    endloop
  endfacet
  facet normal -0.016979020129293206 0.8544758509312218 0.51921357171284865
    outer loop
      vertex -0.63565313670248336 0.57725962149021437 0.0012943080195074305
      vertex -0.56009429090930019 0.54487382232782222 0.057062878100443845
      vertex -0.51871517896610475 0.59935006579058225 -0.031236157617208184
    endloop
  endfacet
  facet normal -0.59031855039845094 0.44368440345091997 0.67429085652251941
    outer loop
      vertex -0.51871517896610475 0.59935006579058225 -0.031236157617208184
      vertex -0.48693388625103806 0.54383857470512464 0.033113920739252838
      vertex -0.44056631400737978 0.66146919343906074 -0.003693982894730892
    endloop
  endfacet
  facet normal 0.46354114099401877 -0.22800640848279571 0.85623751862245545
    outer loop
      vertex -0.48693388625103806 0.54383857470512464 0.033113920739252838
      vertex -0.42649721214479169 0.49678182821211864 -0.012135351563345735
      vertex -0.36411216970164756 0.63478193697789953 -0.0091608551654734933
    endloop
  endfacet
  facet normal 0.35283709635641869 -0.17929965038950055 0.91834504343681966
    outer loop
      vertex -0.42649721214479169 0.49678182821211864 -0.012135351563345735
      vertex -0.33941645092220146 0.55940033153432689 -0.033366856349096835
      vertex -0.36411216970164756 0.63478193697789953 -0.0091608551654734933
    endloop
  endfacet
  facet normal 0.58121276514809206 -0.13911102098011488 0.80177293884913492
    outer loop
      vertex -0.27533309223753333 0.51731438989403755 0.0039607421730080555
      vertex -0.1902296480595036 0.58304929912426573 -0.046326260323185313
      vertex -0.28734756620769059 0.59144528162442689 0.025532173228789881
    endloop
  endfacet
  facet normal -0.47437536616112069 0.63248646899172523 0.61231436249844917
    outer loop
      vertex -0.18058100069732902 0.52682498773009279 0.019225357063030132
      vertex -0.080285183477273619 0.6154160704380508 0.00541742344961755
      vertex -0.1902296480595036 0.58304929912426573 -0.046326260323185313
    endloop
  endfacet
  facet normal -0.049331305043982129 -0.71863279598365215 0.69363774902997921
    outer loop
      vertex -0.080285183477273619 0.6154160704380508 0.00541742344961755
      vertex 0.058491754489448815 0.57953799363177083 -0.021883736581522217
      vertex 0.02115024903772526 0.64153263288847362 0.039689146106204463
    endloop
  endfacet
  facet normal 0.27033712082937916 0.46898446418236922 0.84081592126770388
    outer loop
      vertex 0.37205674333660255 0.51899314659960172 0.029287238567113578
      vertex 0.41052104343687246 0.6090708417647096 -0.033322622181294122
      vertex 0.34400503966630536 0.61081138091497589 -0.012907381825527919
    endloop
  endfacet
  facet normal -0.38668778344188498 -0.063950645058492947 0.9199906918732409
    outer loop
      vertex 0.41052104343687246 0.6090708417647096 -0.033322622181294122
      vertex 0.48372500950617298 0.53531746461488272 -0.0076805112959272472
      vertex 0.48550478674538478 0.64844521709581793 0.00093132677027363611
    endloop
  endfacet
  facet normal -0.67668112251573354 -0.045296922009917293 0.73488151921740019
    outer loop
      vertex 0.48372500950617298 0.53531746461488272 -0.0076805112959272472
      vertex 0.52958626846487655 0.59598661715489687 0.038288224044088097
      vertex 0.48550478674538478 0.64844521709581793 0.00093132677027363611
    endloop
  endfacet
  facet normal -0.53626489685491097 0.097411862795921955 0.83840973836652211
    outer loop
      vertex 0.75745574828896611 0.55909865017818539 -0.023002131156062235
      vertex 0.88068480327145526 0.58521530567669711 0.052783420335022944
      vertex 0.79886057947150879 0.63791108837195176 -0.0056756493146651824
    endloop
  endfacet
  facet normal 0.56713490745825157 -0.19402702252049103 0.80044457101922639
    outer loop
      vertex -0.95171067999036651 0.56451082564267063 0.029939403550826964
      vertex -0.88706069494103679 0.53620737329324675 -0.022727451095783769
      vertex -0.91086604094599832 0.6763602893927908 0.028112166268448164
    endloop
  endfacet
  facet normal 0.31287104824177742 -0.27647135928365069 0.90866676767005283
    outer loop
      vertex -0.88706069494103679 0.53620737329324675 -0.022727451095783769
      vertex -0.8089493922908022 0.666656902917525 -0.0099320083140034352
      vertex -0.91086604094599832 0.6763602893927908 0.028112166268448164
    endloop
  endfacet
  facet normal 0.3827964197028465 -0.31441960037083283 0.86868130863126558
    outer loop
      vertex -0.88706069494103679 0.53620737329324675 -0.022727451095783769
      vertex -0.77794529148490277 0.61334693462813672 -0.042889961277267206
      vertex -0.8089493922908022 0.666656902917525 -0.0099320083140034352
    endloop
  endfacet
  facet normal -0.7809061247427046 0.45920032373811615 0.42346273391898454
    outer loop
      vertex -0.77794529148490277 0.61334693462813672 -0.042889961277267206
      vertex -0.75551034331266254 0.56285566153023647 0.053234665822222874
      vertex -0.70750268470179867 0.70051704960659156 -0.0075137242168444723
    endloop
  endfacet
  facet normal 0.37452579575711159 0.1702197460528988 0.9114579893589112
    outer loop
      vertex -0.63565313670248336 0.57725962149021437 0.0012943080195074305
      vertex -0.63614375289820624 0.70200721978510128 -0.021801387368665787
      vertex -0.75551034331266254 0.56285566153023647 0.053234665822222874
    endloop
  endfacet
  facet normal 0.31763506159811805 -0.46225770357894291 0.8279044528962759
    outer loop
      vertex -0.63565313670248336 0.57725962149021437 0.0012943080195074305
      vertex -0.51871517896610475 0.59935006579058225 -0.031236157617208184
      vertex -0.5588000949268126 0.67018037935569119 0.023690751742483088
    endloop
  endfacet
  facet normal 0.15231881776335304 0.23996472600960944 0.95875748134046257
    outer loop
      vertex -0.48693388625103806 0.54383857470512464 0.033113920739252838
      vertex -0.36411216970164756 0.63478193697789953 -0.0091608551654734933
      vertex -0.44056631400737978 0.66146919343906074 -0.003693982894730892
    endloop
  endfacet
  facet normal -0.70156254681508023 -0.14313914757777393 0.69808393287415393
    outer loop
      vertex -0.33941645092220146 0.55940033153432689 -0.033366856349096835
      vertex -0.28734756620769059 0.59144528162442689 0.025532173228789881
      vertex -0.31669819504087965 0.6972211349209867 0.017724177394802382
    endloop
  endfacet
  facet normal -0.094506875724794159 -0.33230204705495425 0.93842623576060868
    outer loop
      vertex -0.33941645092220146 0.55940033153432689 -0.033366856349096835
      vertex -0.31669819504087965 0.6972211349209867 0.017724177394802382
      vertex -0.36411216970164756 0.63478193697789953 -0.0091608551654734933
    endloop
  endfacet
  facet normal 0.3014949758401782 -0.8105062175088088 0.50217571717745746
    outer loop
      vertex -0.28734756620769059 0.59144528162442689 0.025532173228789881
      vertex -0.1902296480595036 0.58304929912426573 -0.046326260323185313
      vertex -0.19404311626288354 0.63926153613760905 0.046689207182449947
    endloop
  endfacet
  facet normal 0.024525882050531633 0.38895920427391134 0.92092845461536754
    outer loop
      vertex 0.29311264111555224 0.54420102098271272 0.016581221142135401
      vertex 0.34400503966630536 0.61081138091497589 -0.012907381825527919
      vertex 0.23377634702002104 0.62314359927684926 -0.015180385679463112
    endloop
  endfacet
  facet normal -0.020229579000930836 0.33503243553891038 0.94198940082694715
    outer loop
      vertex 0.67749110687316483 0.55677471534649647 0.020575244070731968
      vertex 0.79886057947150879 0.63791108837195176 -0.0056756493146651824
      vertex 0.62363731651579235 0.61440568806116191 -0.0010785926281717678
    endloop
  endfacet
  facet normal 0.44575791773228723 -0.40921099741787953 0.79614460895696548
    outer loop
      vertex 0.67749110687316483 0.55677471534649647 0.020575244070731968
      vertex 0.75745574828896611 0.55909865017818539 -0.023002131156062235
      vertex 0.79886057947150879 0.63791108837195176 -0.0056756493146651824
    endloop
  endfacet
  facet normal 0.55364356479554955 0.1934729573435767 0.80996729436268389
    outer loop
      vertex 0.88068480327145526 0.58521530567669711 0.052783420335022944
      vertex 0.95070167784114634 0.573035789835595 0.0078334756431659835
      vertex 0.93011367467822093 0.65711214902167325 0.0018232497671969025
    endloop
  endfacet
  facet normal -0.6927345506620276 0.26393388918427391 0.6711614891061185
    outer loop
      vertex -0.95171067999036651 0.56451082564267063 0.029939403550826964
      vertex -0.91086604094599832 0.6763602893927908 0.028112166268448164
      vertex -0.95051248687973644 0.71241048942680729 -0.026985352004470192
    endloop
  endfacet
  facet normal 0.17734902174303313 0.34490161033615047 0.92173217567486454
    outer loop
      vertex -0.75551034331266254 0.56285566153023647 0.053234665822222874
      vertex -0.63614375289820624 0.70200721978510128 -0.021801387368665787
      vertex -0.70750268470179867 0.70051704960659156 -0.0075137242168444723
    endloop
  endfacet
  facet normal -0.45038142829463684 0.16082412893823264 0.8782324114939859
    outer loop
      vertex -0.63565313670248336 0.57725962149021437 0.0012943080195074305
      vertex -0.5588000949268126 0.67018037935569119 0.023690751742483088
      vertex -0.63614375289820624 0.70200721978510128 -0.021801387368665787
    endloop
  endfacet
  facet normal 0.14939420205110968 -0.55174588122847523 0.82052291554893542
    outer loop
      vertex -0.51871517896610475 0.59935006579058225 -0.031236157617208184
      vertex -0.44056631400737978 0.66146919343906074 -0.003693982894730892
      vertex -0.5588000949268126 0.67018037935569119 0.023690751742483088
    endloop
  endfacet
  facet normal -0.48807927852342387 0.77347809821826363 0.40436400612902257
    outer loop
      vertex -0.28734756620769059 0.59144528162442689 0.025532173228789881
      vertex -0.19404311626288354 0.63926153613760905 0.046689207182449947
      vertex -0.16034225567976637 0.70030012939011876 -0.029389085745598679
    endloop
  endfacet
  facet normal 0.28263420176609327 0.14837970095316233 0.94768210510544815
    outer loop
      vertex -0.28734756620769059 0.59144528162442689 0.025532173228789881
      vertex -0.16034225567976637 0.70030012939011876 -0.029389085745598679
      vertex -0.31669819504087965 0.6972211349209867 0.017724177394802382
    endloop
  endfacet
  facet normal 0.0083714831211826272 -0.85567089480168246 0.51745264330143281
    outer loop
      vertex -0.1902296480595036 0.58304929912426573 -0.046326260323185313
      vertex -0.080285183477273619 0.6154160704380508 0.00541742344961755
      vertex -0.19404311626288354 0.63926153613760905 0.046689207182449947
    endloop
  endfacet
  facet normal 0.38622917358771841 0.49055672130172751 0.78114091472374381
    outer loop
      vertex -0.080285183477273619 0.6154160704380508 0.00541742344961755
      vertex -0.076402975538472806 0.66870650211278004 -0.029968511254344549
      vertex -0.19404311626288354 0.63926153613760905 0.046689207182449947
    endloop
  endfacet
  facet normal -0.39072064088521663 0.52878598440557689 0.75347379747571208
    outer loop
      vertex -0.080285183477273619 0.6154160704380508 0.00541742344961755
      vertex 0.02115024903772526 0.64153263288847362 0.039689146106204463
      vertex -0.076402975538472806 0.66870650211278004 -0.029968511254344549
    endloop
  endfacet
  facet normal 0.43640177706478184 -0.48794755185123939 0.75595018064491692
    outer loop
      vertex 0.02115024903772526 0.64153263288847362 0.039689146106204463
      vertex 0.058491754489448815 0.57953799363177083 -0.021883736581522217
      vertex 0.17451935996011966 0.68923866391019661 -0.01805607656250191
    endloop
  endfacet
  facet normal -0.47794906815319127 0.47984318010320742 0.73574126617985558
    outer loop
      vertex 0.058491754489448815 0.57953799363177083 -0.021883736581522217
      vertex 0.14344319585337897 0.58744776039943125 0.028143380681592375
      vertex 0.17451935996011966 0.68923866391019661 -0.01805607656250191
    endloop
  endfacet
  facet normal 0.52080147131318733 -0.65829911161677757 0.5435145877734846
    outer loop
      vertex 0.14344319585337897 0.58744776039943125 0.028143380681592375
      vertex 0.23377634702002104 0.62314359927684926 -0.015180385679463112
      vertex 0.27823384358601932 0.71522386141573402 0.05374660539627224
    endloop
  endfacet
  facet normal -0.57793748853854487 0.47698053062606405 0.66217658728275619
    outer loop
      vertex 0.14344319585337897 0.58744776039943125 0.028143380681592375
      vertex 0.27823384358601932 0.71522386141573402 0.05374660539627224
      vertex 0.17451935996011966 0.68923866391019661 -0.01805607656250191
    endloop
  endfacet
  facet normal -0.030612447654832297 -0.090145185029827796 0.99545804716447917
    outer loop
      vertex 0.23377634702002104 0.62314359927684926 -0.015180385679463112
      vertex 0.34400503966630536 0.61081138091497589 -0.012907381825527919
      vertex 0.35948848583435522 0.72033214695230263 -0.002513417023242738
    endloop
  endfacet
  facet normal 0.4534238101004468 -0.66399149203997343 0.59457728423857892
    outer loop
      vertex 0.23377634702002104 0.62314359927684926 -0.015180385679463112
      vertex 0.35948848583435522 0.72033214695230263 -0.002513417023242738
      vertex 0.27823384358601932 0.71522386141573402 0.05374660539627224
    endloop
  endfacet
  facet normal -0.14877584997893334 0.48761326035033958 0.8602900992069813
    outer loop
      vertex 0.48550478674538478 0.64844521709581793 0.00093132677027363611
      vertex 0.52958626846487655 0.59598661715489687 0.038288224044088097
      vertex 0.59802333412833386 0.71358786230324367 -0.016532985681996456
    endloop
  endfacet
  facet normal 0.33725297217009209 0.22936535612281278 0.91304543488979473
    outer loop
      vertex 0.52958626846487655 0.59598661715489687 0.038288224044088097
      vertex 0.62363731651579235 0.61440568806116191 -0.0010785926281717678
      vertex 0.59802333412833386 0.71358786230324367 -0.016532985681996456
    endloop
  endfacet
  facet normal -0.020318946326752928 0.33565491242018736 0.94176585210357189
    outer loop
      vertex 0.62363731651579235 0.61440568806116191 -0.0010785926281717678
      vertex 0.79886057947150879 0.63791108837195176 -0.0056756493146651824
      vertex 0.66875944765847628 0.69881859966976578 -0.030190684801659123
    endloop
  endfacet
  facet normal -0.31187360922188584 0.44626812993988274 0.83879652364019397
    outer loop
      vertex 0.79886057947150879 0.63791108837195176 -0.0056756493146651824
      vertex 0.88068480327145526 0.58521530567669711 0.052783420335022944
      vertex 0.9019255285041915 0.70206237447367237 -0.0014856424915720354
    endloop
  endfacet
  facet normal 0.41201122402715512 0.32114098816304298 0.85271051183699476
    outer loop
      vertex 0.88068480327145526 0.58521530567669711 0.052783420335022944
      vertex 0.93011367467822093 0.65711214902167325 0.0018232497671969025
      vertex 0.9019255285041915 0.70206237447367237 -0.0014856424915720354
    endloop
  endfacet
  facet normal 0.13386798413049547 -0.46362883345342376 0.87585824630213704
    outer loop
      vertex -0.77794529148490277 0.61334693462813672 -0.042889961277267206
      vertex -0.70750268470179867 0.70051704960659156 -0.0075137242168444723
      vertex -0.8089493922908022 0.666656902917525 -0.0099320083140034352
    endloop
  endfacet
  facet normal -0.058060668184728687 -0.3572912759511242 0.93218662452277257
    outer loop
      vertex -0.44056631400737978 0.66146919343906074 -0.003693982894730892
      vertex -0.36411216970164756 0.63478193697789953 -0.0091608551654734933
      vertex -0.31669819504087965 0.6972211349209867 0.017724177394802382
    endloop
  endfacet
  facet normal -0.14746806044959956 -0.079675499880774409 0.98585241586455619
    outer loop
      vertex -0.44056631400737978 0.66146919343906074 -0.003693982894730892
      vertex -0.31669819504087965 0.6972211349209867 0.017724177394802382
      vertex -0.42491935966748068 0.77353531289153332 0.0077036156856497544
    endloop
  endfacet
  facet normal 0.28406651691336188 -0.24623816836872364 0.92664609123824992
    outer loop
      vertex -0.31669819504087965 0.6972211349209867 0.017724177394802382
      vertex -0.16034225567976637 0.70030012939011876 -0.029389085745598679
      vertex -0.19801589703964104 0.74702119093556141 -0.0054248895873207029
    endloop
  endfacet
  facet normal 0.26489342950138106 0.69145367863293172 0.67210362393903456
    outer loop
      vertex -0.19404311626288354 0.63926153613760905 0.046689207182449947
      vertex -0.076402975538472806 0.66870650211278004 -0.029968511254344549
      vertex -0.16034225567976637 0.70030012939011876 -0.029389085745598679
    endloop
  endfacet
  facet normal -0.34626512022866762 0.60178371415253928 0.71969217579031741
    outer loop
      vertex -0.076402975538472806 0.66870650211278004 -0.029968511254344549
      vertex 0.02115024903772526 0.64153263288847362 0.039689146106204463
      vertex 0.038732838276435602 0.70884295631550842 -0.0081341041858538337
    endloop
  endfacet
  facet normal 0.1394848706171658 0.5490537505110471 0.82406550098803755
    outer loop
      vertex 0.02115024903772526 0.64153263288847362 0.039689146106204463
      vertex 0.17451935996011966 0.68923866391019661 -0.01805607656250191
      vertex 0.038732838276435602 0.70884295631550842 -0.0081341041858538337
    endloop
  endfacet
  facet normal 0.28776777655678593 -0.13072199937115123 0.94873677363954456
    outer loop
      vertex 0.34400503966630536 0.61081138091497589 -0.012907381825527919
      vertex 0.41052104343687246 0.6090708417647096 -0.033322622181294122
      vertex 0.35948848583435522 0.72033214695230263 -0.002513417023242738
    endloop
  endfacet
  facet normal -0.12924033766514281 -0.31924575039389641 0.93881791950070803
    outer loop
      vertex 0.41052104343687246 0.6090708417647096 -0.033322622181294122
      vertex 0.50905603456937087 0.71640439968257519 0.016740842511335497
      vertex 0.35948848583435522 0.72033214695230263 -0.002513417023242738
    endloop
  endfacet
  facet normal -0.37731592078915455 -0.083794875841541924 0.92228580966083029
    outer loop
      vertex 0.41052104343687246 0.6090708417647096 -0.033322622181294122
      vertex 0.48550478674538478 0.64844521709581793 0.00093132677027363611
      vertex 0.50905603456937087 0.71640439968257519 0.016740842511335497
    endloop
  endfacet
  facet normal 0.32309259621553321 -0.3192208533871902 0.89090359805843211
    outer loop
      vertex 0.48550478674538478 0.64844521709581793 0.00093132677027363611
      vertex 0.59802333412833386 0.71358786230324367 -0.016532985681996456
      vertex 0.50905603456937087 0.71640439968257519 0.016740842511335497
    endloop
  endfacet
  facet normal 0.22694832969843859 0.20689834880295116 0.95167616808959821
    outer loop
      vertex 0.62363731651579235 0.61440568806116191 -0.0010785926281717678
      vertex 0.66875944765847628 0.69881859966976578 -0.030190684801659123
      vertex 0.59802333412833386 0.71358786230324367 -0.016532985681996456
    endloop
  endfacet
  facet normal -0.39044131205762272 -0.53141719998942583 0.75176548297598822
    outer loop
      vertex 0.79886057947150879 0.63791108837195176 -0.0056756493146651824
      vertex 0.81493060752611668 0.73825862440369838 0.073605470678145657
      vertex 0.66875944765847628 0.69881859966976578 -0.030190684801659123
    endloop
  endfacet
  facet normal 0.35355017654748211 -0.61409750552084097 0.7056107470669114
    outer loop
      vertex 0.79886057947150879 0.63791108837195176 -0.0056756493146651824
      vertex 0.9019255285041915 0.70206237447367237 -0.0014856424915720354
      vertex 0.81493060752611668 0.73825862440369838 0.073605470678145657
    endloop
  endfacet
  facet normal -0.54304273646244716 0.46817105951968191 0.69707994190307587
    outer loop
      vertex -0.91086604094599832 0.6763602893927908 0.028112166268448164
      vertex -0.86279652254363093 0.75846597978473185 0.01041591005992905
      vertex -0.95051248687973644 0.71241048942680729 -0.026985352004470192
    endloop
  endfacet
  facet normal 0.31961011657975752 -0.23851423609814096 0.91703889369993152
    outer loop
      vertex -0.8089493922908022 0.666656902917525 -0.0099320083140034352
      vertex -0.75683083540194818 0.75579417260244586 -0.0049127122130643991
      vertex -0.91086604094599832 0.6763602893927908 0.028112166268448164
    endloop
  endfacet
  facet normal -0.006257426709402404 -0.052572045896583083 0.99859752883793174
    outer loop
      vertex -0.8089493922908022 0.666656902917525 -0.0099320083140034352
      vertex -0.70750268470179867 0.70051704960659156 -0.0075137242168444723
      vertex -0.75683083540194818 0.75579417260244586 -0.0049127122130643991
    endloop
  endfacet
  facet normal -0.41485306216600587 0.24455449156532152 0.87640746086892429
    outer loop
      vertex -0.5588000949268126 0.67018037935569119 0.023690751742483088
      vertex -0.58107474413803939 0.84529468740237057 -0.035717342470337358
      vertex -0.63614375289820624 0.70200721978510128 -0.021801387368665787
    endloop
  endfacet
  facet normal -0.022620572954193133 0.31860498828689343 0.94761762917219539
    outer loop
      vertex -0.5588000949268126 0.67018037935569119 0.023690751742483088
      vertex -0.47964275143503299 0.76247419767832292 -0.0054504182739949876
      vertex -0.58107474413803939 0.84529468740237057 -0.035717342470337358
    endloop
  endfacet
  facet normal 0.23179872747122487 0.10649171418268571 0.96691719643057028
    outer loop
      vertex -0.5588000949268126 0.67018037935569119 0.023690751742483088
      vertex -0.44056631400737978 0.66146919343906074 -0.003693982894730892
      vertex -0.47964275143503299 0.76247419767832292 -0.0054504182739949876
    endloop
  endfacet
  facet normal -0.22011151777925836 -0.068234366848633474 0.97308529478236239
    outer loop
      vertex -0.44056631400737978 0.66146919343906074 -0.003693982894730892
      vertex -0.42491935966748068 0.77353531289153332 0.0077036156856497544
      vertex -0.47964275143503299 0.76247419767832292 -0.0054504182739949876
    endloop
  endfacet
  facet normal 0.10681955829696972 0.1983232588054748 0.97429844861932169
    outer loop
      vertex -0.31669819504087965 0.6972211349209867 0.017724177394802382
      vertex -0.19801589703964104 0.74702119093556141 -0.0054248895873207029
      vertex -0.28922996100603965 0.79048388696945049 -0.0042714622047336885
    endloop
  endfacet
  facet normal -0.1394240370403346 -0.38714300027759896 0.91141715763498465
    outer loop
      vertex -0.076402975538472806 0.66870650211278004 -0.029968511254344549
      vertex -0.023206736998871907 0.75909955486327108 0.016565473346825066
      vertex -0.16034225567976637 0.70030012939011876 -0.029389085745598679
    endloop
  endfacet
  facet normal -0.01142356687685692 -0.45235437930642358 0.8917651134923984
    outer loop
      vertex -0.076402975538472806 0.66870650211278004 -0.029968511254344549
      vertex 0.038732838276435602 0.70884295631550842 -0.0081341041858538337
      vertex -0.023206736998871907 0.75909955486327108 0.016565473346825066
    endloop
  endfacet
  facet normal 0.060445126509980962 -0.084699659828807131 0.99457144253496277
    outer loop
      vertex 0.038732838276435602 0.70884295631550842 -0.0081341041858538337
      vertex 0.17451935996011966 0.68923866391019661 -0.01805607656250191
      vertex 0.079077006584959295 0.77900383351283031 -0.0046109846544663061
    endloop
  endfacet
  facet normal -0.087099536501821909 0.59607899978149781 0.79818763255305902
    outer loop
      vertex 0.50905603456937087 0.71640439968257519 0.016740842511335497
      vertex 0.50679112577403607 0.77240360474852454 -0.02532598649121813
      vertex 0.35948848583435522 0.72033214695230263 -0.002513417023242738
    endloop
  endfacet
  facet normal 0.65310686530755246 0.59320951633111529 0.47069511599585012
    outer loop
      vertex 0.9019255285041915 0.70206237447367237 -0.0014856424915720354
      vertex 0.87059401771546274 0.7723358631887689 -0.046576565965681833
      vertex 0.81493060752611668 0.73825862440369838 0.073605470678145657
    endloop
  endfacet
  facet normal -0.34861354253649468 -0.15051552342340677 0.92510198095600982
    outer loop
      vertex 0.9019255285041915 0.70206237447367237 -0.0014856424915720354
      vertex 0.93011367467822093 0.65711214902167325 0.0018232497671969025
      vertex 0.96110186795306973 0.80176946479201638 0.03703674633855264
    endloop
  endfacet
  facet normal -0.38035063737251873 -0.026346691672108031 0.92446700562445905
    outer loop
      vertex -0.95051248687973644 0.71241048942680729 -0.026985352004470192
      vertex -0.86279652254363093 0.75846597978473185 0.01041591005992905
      vertex -0.94554483972789993 0.80244423335093673 -0.022375626588884617
    endloop
  endfacet
  facet normal 0.14513981717512353 0.12652378818706272 0.98128801301817958
    outer loop
      vertex -0.91086604094599832 0.6763602893927908 0.028112166268448164
      vertex -0.75683083540194818 0.75579417260244586 -0.0049127122130643991
      vertex -0.86279652254363093 0.75846597978473185 0.01041591005992905
    endloop
  endfacet
  facet normal 0.059535469349570859 0.21249677706735282 0.97534642441817243
    outer loop
      vertex -0.42491935966748068 0.77353531289153332 0.0077036156856497544
      vertex -0.31669819504087965 0.6972211349209867 0.017724177394802382
      vertex -0.28922996100603965 0.79048388696945049 -0.0042714622047336885
    endloop
  endfacet
  facet normal 0.28595887028058598 -0.24463193162520164 0.92648947243731461
    outer loop
      vertex -0.16034225567976637 0.70030012939011876 -0.029389085745598679
      vertex -0.11128505843652078 0.83788455900621084 -0.0082024401768289613
      vertex -0.19801589703964104 0.74702119093556141 -0.0054248895873207029
    endloop
  endfacet
  facet normal 0.23319710772510321 -0.18206084659246377 0.95523450371449725
    outer loop
      vertex 0.038732838276435602 0.70884295631550842 -0.0081341041858538337
      vertex 0.079077006584959295 0.77900383351283031 -0.0046109846544663061
      vertex -0.023206736998871907 0.75909955486327108 0.016565473346825066
    endloop
  endfacet
  facet normal -0.2528856584296918 -0.40077395514261754 0.88058451078810396
    outer loop
      vertex 0.079077006584959295 0.77900383351283031 -0.0046109846544663061
      vertex 0.17451935996011966 0.68923866391019661 -0.01805607656250191
      vertex 0.14473554213597839 0.80745566642859012 0.02719386230791012
    endloop
  endfacet
  facet normal 0.34680224760890593 -0.25781190840368418 0.90180996941631864
    outer loop
      vertex 0.17451935996011966 0.68923866391019661 -0.01805607656250191
      vertex 0.23687308764547674 0.82525841235049102 -0.0031492797052807896
      vertex 0.14473554213597839 0.80745566642859012 0.02719386230791012
    endloop
  endfacet
  facet normal -0.59026789120581002 0.18446537454942399 0.78584753114315176
    outer loop
      vertex 0.17451935996011966 0.68923866391019661 -0.01805607656250191
      vertex 0.27823384358601932 0.71522386141573402 0.05374660539627224
      vertex 0.23687308764547674 0.82525841235049102 -0.0031492797052807896
    endloop
  endfacet
  facet normal 0.25794459805654113 -0.33222317518493372 0.9072443696179604
    outer loop
      vertex 0.35948848583435522 0.72033214695230263 -0.002513417023242738
      vertex 0.50679112577403607 0.77240360474852454 -0.02532598649121813
      vertex 0.45410035825111794 0.79781630958941441 -0.0010392682925191171
    endloop
  endfacet
  facet normal 0.301304085252589 0.58046452970180018 0.7564897738688664
    outer loop
      vertex 0.50905603456937087 0.71640439968257519 0.016740842511335497
      vertex 0.59802333412833386 0.71358786230324367 -0.016532985681996456
      vertex 0.50679112577403607 0.77240360474852454 -0.02532598649121813
    endloop
  endfacet
  facet normal 0.173377160118902 -0.077531842370118731 0.98179894773206988
    outer loop
      vertex 0.59802333412833386 0.71358786230324367 -0.016532985681996456
      vertex 0.66875944765847628 0.69881859966976578 -0.030190684801659123
      vertex 0.63474953321358307 0.80780297439432291 -0.015578424544676461
    endloop
  endfacet
  facet normal -0.37896976410226463 -0.23815867140260791 0.89423842745210769
    outer loop
      vertex 0.66875944765847628 0.69881859966976578 -0.030190684801659123
      vertex 0.73544742448597245 0.78254133909102053 0.020368564102848145
      vertex 0.63474953321358307 0.80780297439432291 -0.015578424544676461
    endloop
  endfacet
  facet normal -0.56910179522049453 0.58291052466870752 0.57994695180444089
    outer loop
      vertex 0.66875944765847628 0.69881859966976578 -0.030190684801659123
      vertex 0.81493060752611668 0.73825862440369838 0.073605470678145657
      vertex 0.80549323916588278 0.81269460070468102 -0.010471766255486065
    endloop
  endfacet
  facet normal 0.51716064156340769 -0.70500296510248528 0.48529958789847383
    outer loop
      vertex 0.66875944765847628 0.69881859966976578 -0.030190684801659123
      vertex 0.80549323916588278 0.81269460070468102 -0.010471766255486065
      vertex 0.73544742448597245 0.78254133909102053 0.020368564102848145
    endloop
  endfacet
  facet normal -0.69616536872551116 0.14123890577667711 0.70385037535138117
    outer loop
      vertex 0.87059401771546274 0.7723358631887689 -0.046576565965681833
      vertex 0.9019255285041915 0.70206237447367237 -0.0014856424915720354
      vertex 0.96110186795306973 0.80176946479201638 0.03703674633855264
    endloop
  endfacet
  facet normal 0.14065250009462002 -0.082170244762667308 0.98664326131220104
    outer loop
      vertex -0.86279652254363093 0.75846597978473185 0.01041591005992905
      vertex -0.75683083540194818 0.75579417260244586 -0.0049127122130643991
      vertex -0.74059660479962952 0.87283600789473115 0.0025205429660732359
    endloop
  endfacet
  facet normal 0.16299185607095962 -0.085034647102356836 0.9829561351590016
    outer loop
      vertex -0.75683083540194818 0.75579417260244586 -0.0049127122130643991
      vertex -0.64911587784527924 0.8080979472442632 -0.018249042666770222
      vertex -0.74059660479962952 0.87283600789473115 0.0025205429660732359
    endloop
  endfacet
  facet normal 0.10169180176186045 0.043983304044135321 0.99384316993164856
    outer loop
      vertex -0.75683083540194818 0.75579417260244586 -0.0049127122130643991
      vertex -0.70750268470179867 0.70051704960659156 -0.0075137242168444723
      vertex -0.64911587784527924 0.8080979472442632 -0.018249042666770222
    endloop
  endfacet
  facet normal 0.19649504987601776 -0.0088037133072743304 0.98046529260664028
    outer loop
      vertex -0.70750268470179867 0.70051704960659156 -0.0075137242168444723
      vertex -0.63614375289820624 0.70200721978510128 -0.021801387368665787
      vertex -0.64911587784527924 0.8080979472442632 -0.018249042666770222
    endloop
  endfacet
  facet normal 0.24964077570447926 -0.0018992635244243455 0.96833665421883675
    outer loop
      vertex -0.63614375289820624 0.70200721978510128 -0.021801387368665787
      vertex -0.58107474413803939 0.84529468740237057 -0.035717342470337358
      vertex -0.64911587784527924 0.8080979472442632 -0.018249042666770222
    endloop
  endfacet
  facet normal -0.44855108861106735 -0.2341308649735333 0.86254545327917165
    outer loop
      vertex -0.47964275143503299 0.76247419767832292 -0.0054504182739949876
      vertex -0.46515930448032156 0.86040932521432067 0.028665119530769053
      vertex -0.58107474413803939 0.84529468740237057 -0.035717342470337358
    endloop
  endfacet
  facet normal 0.14331550860367026 -0.5816059803971293 0.80074661944960168
    outer loop
      vertex -0.42491935966748068 0.77353531289153332 0.0077036156856497544
      vertex -0.28922996100603965 0.79048388696945049 -0.0042714622047336885
      vertex -0.35905775082932084 0.82096800572886841 0.030367648741339143
    endloop
  endfacet
  facet normal 0.053512149712537822 0.085902531816728564 0.99486542047686977
    outer loop
      vertex -0.28922996100603965 0.79048388696945049 -0.0042714622047336885
      vertex -0.19801589703964104 0.74702119093556141 -0.0054248895873207029
      vertex -0.18243891575466636 0.82938868213937189 -0.013374843043939299
    endloop
  endfacet
  facet normal -0.085308020599452167 0.11169317094629454 0.99007432912148852
    outer loop
      vertex -0.19801589703964104 0.74702119093556141 -0.0054248895873207029
      vertex -0.11128505843652078 0.83788455900621084 -0.0082024401768289613
      vertex -0.18243891575466636 0.82938868213937189 -0.013374843043939299
    endloop
  endfacet
  facet normal 0.26841974845079308 -0.23939332628166624 0.93308181526241984
    outer loop
      vertex -0.11128505843652078 0.83788455900621084 -0.0082024401768289613
      vertex -0.16034225567976637 0.70030012939011876 -0.029389085745598679
      vertex -0.042711064673227966 0.83171874553108671 -0.029511041875019597
    endloop
  endfacet
  facet normal -0.4394725090441452 0.39411551057922384 0.80717834343800465
    outer loop
      vertex -0.16034225567976637 0.70030012939011876 -0.029389085745598679
      vertex -0.023206736998871907 0.75909955486327108 0.016565473346825066
      vertex -0.042711064673227966 0.83171874553108671 -0.029511041875019597
    endloop
  endfacet
  facet normal 0.080368091316856211 -0.59653519382295739 0.7985528989545353
    outer loop
      vertex 0.50679112577403607 0.77240360474852454 -0.02532598649121813
      vertex 0.53804803976895443 0.83123888996198503 0.015479400093533493
      vertex 0.45410035825111794 0.79781630958941441 -0.0010392682925191171
    endloop
  endfacet
  facet normal -0.081947578466897333 0.021848948315643234 0.99639711854305979
    outer loop
      vertex 0.50679112577403607 0.77240360474852454 -0.02532598649121813
      vertex 0.59802333412833386 0.71358786230324367 -0.016532985681996456
      vertex 0.63474953321358307 0.80780297439432291 -0.015578424544676461
    endloop
  endfacet
  facet normal 0.6384304160005706 0.6104479975061069 0.46878550133949598
    outer loop
      vertex 0.81493060752611668 0.73825862440369838 0.073605470678145657
      vertex 0.87059401771546274 0.7723358631887689 -0.046576565965681833
      vertex 0.80549323916588278 0.81269460070468102 -0.010471766255486065
    endloop
  endfacet
  facet normal -0.27761727318334189 0.18111858202495593 0.94346420646228824
    outer loop
      vertex -0.94554483972789993 0.80244423335093673 -0.022375626588884617
      vertex -0.86279652254363093 0.75846597978473185 0.01041591005992905
      vertex -0.83433650188344077 0.87128076423484568 -0.002866904883971017
    endloop
  endfacet
  facet normal -0.059052956116240798 0.13140914183658203 0.98956777727233336
    outer loop
      vertex -0.86279652254363093 0.75846597978473185 0.01041591005992905
      vertex -0.74059660479962952 0.87283600789473115 0.0025205429660732359
      vertex -0.83433650188344077 0.87128076423484568 -0.002866904883971017
    endloop
  endfacet
  facet normal -0.16447484680633978 -0.3027008461504474 0.93878656919868331
    outer loop
      vertex -0.47964275143503299 0.76247419767832292 -0.0054504182739949876
      vertex -0.42491935966748068 0.77353531289153332 0.0077036156856497544
      vertex -0.46515930448032156 0.86040932521432067 0.028665119530769053
    endloop
  endfacet
  facet normal -0.56489463061047029 0.32854948229162451 0.75693414112019408
    outer loop
      vertex -0.042711064673227966 0.83171874553108671 -0.029511041875019597
      vertex -0.023206736998871907 0.75909955486327108 0.016565473346825066
      vertex 0.017651364610087865 0.87279435254137805 -0.0022919726648327607
    endloop
  endfacet
  facet normal 0.18381237792511257 0.09619560812941258 0.97824302435444344
    outer loop
      vertex -0.023206736998871907 0.75909955486327108 0.016565473346825066
      vertex 0.079077006584959295 0.77900383351283031 -0.0046109846544663061
      vertex 0.017651364610087865 0.87279435254137805 -0.0022919726648327607
    endloop
  endfacet
  facet normal 0.003055173121251946 0.46020860504466221 0.88780555627910174
    outer loop
      vertex 0.27823384358601932 0.71522386141573402 0.05374660539627224
      vertex 0.38850380182457023 0.87053283447866237 -0.027139821985046966
      vertex 0.23687308764547674 0.82525841235049102 -0.0031492797052807896
    endloop
  endfacet
  facet normal 0.56800717894489139 0.025151272134143754 0.82263920291771908
    outer loop
      vertex 0.27823384358601932 0.71522386141573402 0.05374660539627224
      vertex 0.35948848583435522 0.72033214695230263 -0.002513417023242738
      vertex 0.38850380182457023 0.87053283447866237 -0.027139821985046966
    endloop
  endfacet
  facet normal -0.17201570851797288 0.19165596428318055 0.96627045250165033
    outer loop
      vertex 0.35948848583435522 0.72033214695230263 -0.002513417023242738
      vertex 0.45410035825111794 0.79781630958941441 -0.0010392682925191171
      vertex 0.38850380182457023 0.87053283447866237 -0.027139821985046966
    endloop
  endfacet
  facet normal 0.10706915669170769 -0.60440622229894991 0.78944874066125337
    outer loop
      vertex 0.50679112577403607 0.77240360474852454 -0.02532598649121813
      vertex 0.63474953321358307 0.80780297439432291 -0.015578424544676461
      vertex 0.53804803976895443 0.83123888996198503 0.015479400093533493
    endloop
  endfacet
  facet normal -0.21663307671976931 0.40224920110073059 0.88953116318921077
    outer loop
      vertex 0.63474953321358307 0.80780297439432291 -0.015578424544676461
      vertex 0.73544742448597245 0.78254133909102053 0.020368564102848145
      vertex 0.77508402895242556 0.87880630581833385 -0.013509851438786743
    endloop
  endfacet
  facet normal 0.32502930674343344 0.19205588972720192 0.92599702212208856
    outer loop
      vertex 0.73544742448597245 0.78254133909102053 0.020368564102848145
      vertex 0.80549323916588278 0.81269460070468102 -0.010471766255486065
      vertex 0.77508402895242556 0.87880630581833385 -0.013509851438786743
    endloop
  endfacet
  facet normal -0.5646145901363917 -0.36571136670541637 0.7399091571723998
    outer loop
      vertex 0.87059401771546274 0.7723358631887689 -0.046576565965681833
      vertex 0.96110186795306973 0.80176946479201638 0.03703674633855264
      vertex 0.89645674826740074 0.86673947771974458 0.019819354974377819
    endloop
  endfacet
  facet normal 0.25750249345506832 -0.62488494300157282 0.73702867913965453
    outer loop
      vertex -0.9183600360848998 0.87877442929759164 0.032842625526856864
      vertex -0.94554483972789993 0.80244423335093673 -0.022375626588884617
      vertex -0.83433650188344077 0.87128076423484568 -0.002866904883971017
    endloop
  endfacet
  facet normal 0.089798971941571992 -0.18695476132735955 0.97825562193900351
    outer loop
      vertex -0.64911587784527924 0.8080979472442632 -0.018249042666770222
      vertex -0.62545262633961762 0.92418578378390415 0.0017643747633987374
      vertex -0.74059660479962952 0.87283600789473115 0.0025205429660732359
    endloop
  endfacet
  facet normal 0.35761339333256986 -0.22897913889594645 0.90536247705525952
    outer loop
      vertex -0.64911587784527924 0.8080979472442632 -0.018249042666770222
      vertex -0.58107474413803939 0.84529468740237057 -0.035717342470337358
      vertex -0.62545262633961762 0.92418578378390415 0.0017643747633987374
    endloop
  endfacet
  facet normal -0.49432477516429829 0.12965510419959256 0.85955370432205036
    outer loop
      vertex -0.58107474413803939 0.84529468740237057 -0.035717342470337358
      vertex -0.46515930448032156 0.86040932521432067 0.028665119530769053
      vertex -0.49507694862471546 0.91990009618809898 0.0024860515894698874
    endloop
  endfacet
  facet normal -0.12142649037794871 -0.28561621606145088 0.95062031566616156
    outer loop
      vertex -0.42491935966748068 0.77353531289153332 0.0077036156856497544
      vertex -0.35905775082932084 0.82096800572886841 0.030367648741339143
      vertex -0.46515930448032156 0.86040932521432067 0.028665119530769053
    endloop
  endfacet
  facet normal 0.18793012481204971 -0.51784909228871756 0.8345744938613201
    outer loop
      vertex -0.35905775082932084 0.82096800572886841 0.030367648741339143
      vertex -0.28922996100603965 0.79048388696945049 -0.0042714622047336885
      vertex -0.21677532180613224 0.89227681271286552 0.0425751226084446
    endloop
  endfacet
  facet normal 0.26899992856269767 -0.55404120709164029 0.78783080625074686
    outer loop
      vertex -0.28922996100603965 0.79048388696945049 -0.0042714622047336885
      vertex -0.18243891575466636 0.82938868213937189 -0.013374843043939299
      vertex -0.21677532180613224 0.89227681271286552 0.0425751226084446
    endloop
  endfacet
  facet normal -0.066991059243560788 -0.06848575190065577 0.99540037159327377
    outer loop
      vertex 0.017651364610087865 0.87279435254137805 -0.0022919726648327607
      vertex 0.079077006584959295 0.77900383351283031 -0.0046109846544663061
      vertex 0.097347506555070518 0.89152383659352896 0.0043602568837092341
    endloop
  endfacet
  facet normal -0.43557915123047852 -0.0010417052948728995 0.90014983078563904
    outer loop
      vertex 0.079077006584959295 0.77900383351283031 -0.0046109846544663061
      vertex 0.14473554213597839 0.80745566642859012 0.02719386230791012
      vertex 0.097347506555070518 0.89152383659352896 0.0043602568837092341
    endloop
  endfacet
  facet normal 0.27201998781313574 -0.46444821034314809 0.84278881467375233
    outer loop
      vertex 0.23687308764547674 0.82525841235049102 -0.0031492797052807896
      vertex 0.38850380182457023 0.87053283447866237 -0.027139821985046966
      vertex 0.27749421178213418 0.89375414130699316 0.021486739040915762
    endloop
  endfacet
  facet normal -0.38299144028366938 -0.013961582364734952 0.92364637761824908
    outer loop
      vertex 0.45410035825111794 0.79781630958941441 -0.0010392682925191171
      vertex 0.50440326479824849 0.96896800033908548 0.022405993423383782
      vertex 0.38850380182457023 0.87053283447866237 -0.027139821985046966
    endloop
  endfacet
  facet normal -0.15841466840160226 -0.088155954346827853 0.98342936734084285
    outer loop
      vertex 0.45410035825111794 0.79781630958941441 -0.0010392682925191171
      vertex 0.53804803976895443 0.83123888996198503 0.015479400093533493
      vertex 0.50440326479824849 0.96896800033908548 0.022405993423383782
    endloop
  endfacet
  facet normal 0.29009470063492387 -0.06803563865414608 0.95457645924067103
    outer loop
      vertex 0.53804803976895443 0.83123888996198503 0.015479400093533493
      vertex 0.63474953321358307 0.80780297439432291 -0.015578424544676461
      vertex 0.63812418990265485 0.88278007684886062 -0.0112601271594163
    endloop
  endfacet
  facet normal 0.014709316316967602 -0.058153225028401978 0.9981992979522093
    outer loop
      vertex 0.63474953321358307 0.80780297439432291 -0.015578424544676461
      vertex 0.77508402895242556 0.87880630581833385 -0.013509851438786743
      vertex 0.63812418990265485 0.88278007684886062 -0.0112601271594163
    endloop
  endfacet
  facet normal 0.08155620171296106 -0.58821910219052265 0.80457869334225507
    outer loop
      vertex 0.80549323916588278 0.81269460070468102 -0.010471766255486065
      vertex 0.87059401771546274 0.7723358631887689 -0.046576565965681833
      vertex 0.89645674826740074 0.86673947771974458 0.019819354974377819
    endloop
  endfacet
  facet normal -0.80137689447451332 -0.13597883371572775 0.58249878092893481
    outer loop
      vertex -0.94554483972789993 0.80244423335093673 -0.022375626588884617
      vertex -0.9183600360848998 0.87877442929759164 0.032842625526856864
      vertex -0.96343398428800198 0.93510238774087517 -0.016018954050377954
    endloop
  endfacet
  facet normal -0.4188218263389773 0.017869689111596566 0.90789258835676057
    outer loop
      vertex -0.58107474413803939 0.84529468740237057 -0.035717342470337358
      vertex -0.49507694862471546 0.91990009618809898 0.0024860515894698874
      vertex -0.55224529699427738 0.9465596719797934 -0.024411128448496883
    endloop
  endfacet
  facet normal 0.1077504806901078 0.33033737944962011 0.93769240673549681
    outer loop
      vertex -0.46515930448032156 0.86040932521432067 0.028665119530769053
      vertex -0.35905775082932084 0.82096800572886841 0.030367648741339143
      vertex -0.27975221910317383 0.94454596783201905 -0.022280350718980414
    endloop
  endfacet
  facet normal 0.26094719621509166 0.0094672451863338069 0.96530665182420894
    outer loop
      vertex -0.46515930448032156 0.86040932521432067 0.028665119530769053
      vertex -0.27975221910317383 0.94454596783201905 -0.022280350718980414
      vertex -0.3799752451175134 0.93957997859181797 0.0048612128689757006
    endloop
  endfacet
  facet normal -0.33864112120613765 0.54430054288952623 0.76750186321494829
    outer loop
      vertex -0.35905775082932084 0.82096800572886841 0.030367648741339143
      vertex -0.21677532180613224 0.89227681271286552 0.0425751226084446
      vertex -0.27975221910317383 0.94454596783201905 -0.022280350718980414
    endloop
  endfacet
  facet normal -0.060392002841760037 -0.098921169484724084 0.99326099702975124
    outer loop
      vertex -0.18243891575466636 0.82938868213937189 -0.013374843043939299
      vertex -0.11128505843652078 0.83788455900621084 -0.0082024401768289613
      vertex -0.14570018497514847 0.96616577717188179 0.0024808844839449909
    endloop
  endfacet
  facet normal 0.66504809179773294 -0.25979844000209201 0.70015413029466134
    outer loop
      vertex -0.18243891575466636 0.82938868213937189 -0.013374843043939299
      vertex -0.14570018497514847 0.96616577717188179 0.0024808844839449909
      vertex -0.21677532180613224 0.89227681271286552 0.0425751226084446
    endloop
  endfacet
  facet normal 0.2805802512229868 0.16071315305447742 0.94628008806004882
    outer loop
      vertex 0.14473554213597839 0.80745566642859012 0.02719386230791012
      vertex 0.23687308764547674 0.82525841235049102 -0.0031492797052807896
      vertex 0.19620995530457203 0.94960871713216843 -0.012211562411244117
    endloop
  endfacet
  facet normal 0.0058280754150699743 0.2651658248167022 0.96418520984623801
    outer loop
      vertex 0.14473554213597839 0.80745566642859012 0.02719386230791012
      vertex 0.19620995530457203 0.94960871713216843 -0.012211562411244117
      vertex 0.097347506555070518 0.89152383659352896 0.0043602568837092341
    endloop
  endfacet
  facet normal -0.42432769057153324 -0.072981026725401466 0.90256289573211212
    outer loop
      vertex 0.23687308764547674 0.82525841235049102 -0.0031492797052807896
      vertex 0.27749421178213418 0.89375414130699316 0.021486739040915762
      vertex 0.19620995530457203 0.94960871713216843 -0.012211562411244117
    endloop
  endfacet
  facet normal 0.88329905022773492 0.19431783379752032 0.42664196621408529
    outer loop
      vertex 0.53804803976895443 0.83123888996198503 0.015479400093533493
      vertex 0.55419079884499867 0.92384970420070589 -0.060122202944346323
      vertex 0.50440326479824849 0.96896800033908548 0.022405993423383782
    endloop
  endfacet
  facet normal -0.12749754137953823 0.64046212896600874 0.75733258103854262
    outer loop
      vertex 0.53804803976895443 0.83123888996198503 0.015479400093533493
      vertex 0.63812418990265485 0.88278007684886062 -0.0112601271594163
      vertex 0.55419079884499867 0.92384970420070589 -0.060122202944346323
    endloop
  endfacet
  facet normal 0.0011336209801297455 -0.46279481400565614 0.88646470602779415
    outer loop
      vertex 0.63812418990265485 0.88278007684886062 -0.0112601271594163
      vertex 0.77508402895242556 0.87880630581833385 -0.013509851438786743
      vertex 0.74124995045004938 0.93779721925289627 0.017330681349834561
    endloop
  endfacet
  facet normal -0.27139289468811928 -0.080758671841275026 0.95907451933373589
    outer loop
      vertex 0.80549323916588278 0.81269460070468102 -0.010471766255486065
      vertex 0.89645674826740074 0.86673947771974458 0.019819354974377819
      vertex 0.77508402895242556 0.87880630581833385 -0.013509851438786743
    endloop
  endfacet
  facet normal 0.043592092831863605 0.67432181397926405 0.73714979524805746
    outer loop
      vertex -0.9183600360848998 0.87877442929759164 0.032842625526856864
      vertex -0.87706957343578495 0.95551102887649364 -0.039795393302814022
      vertex -0.96343398428800198 0.93510238774087517 -0.016018954050377954
    endloop
  endfacet
  facet normal 0.37220597389097948 0.52454076776591418 0.7657151532726858
    outer loop
      vertex -0.9183600360848998 0.87877442929759164 0.032842625526856864
      vertex -0.83433650188344077 0.87128076423484568 -0.002866904883971017
      vertex -0.87706957343578495 0.95551102887649364 -0.039795393302814022
    endloop
  endfacet
  facet normal -0.51555606403275189 0.11094285696384883 0.84964323532160013
    outer loop
      vertex -0.83433650188344077 0.87128076423484568 -0.002866904883971017
      vertex -0.79781983346876473 0.94987312321045103 0.0090288280295638956
      vertex -0.87706957343578495 0.95551102887649364 -0.039795393302814022
    endloop
  endfacet
  facet normal -0.054873306368734429 -0.12445725475818331 0.9907064711539032
    outer loop
      vertex -0.83433650188344077 0.87128076423484568 -0.002866904883971017
      vertex -0.74059660479962952 0.87283600789473115 0.0025205429660732359
      vertex -0.79781983346876473 0.94987312321045103 0.0090288280295638956
    endloop
  endfacet
  facet normal 0.38545836289221441 -0.21005448440325003 0.89849817142748745
    outer loop
      vertex -0.58107474413803939 0.84529468740237057 -0.035717342470337358
      vertex -0.55224529699427738 0.9465596719797934 -0.024411128448496883
      vertex -0.62545262633961762 0.92418578378390415 0.0017643747633987374
    endloop
  endfacet
  facet normal -0.081816576542143665 0.36667172593465108 0.9267458622529845
    outer loop
      vertex -0.46515930448032156 0.86040932521432067 0.028665119530769053
      vertex -0.3799752451175134 0.93957997859181797 0.0048612128689757006
      vertex -0.49507694862471546 0.91990009618809898 0.0024860515894698874
    endloop
  endfacet
  facet normal -0.23814307968249968 0.63011923223166344 0.73907890429311651
    outer loop
      vertex -0.21677532180613224 0.89227681271286552 0.0425751226084446
      vertex -0.14570018497514847 0.96616577717188179 0.0024808844839449909
      vertex -0.27975221910317383 0.94454596783201905 -0.022280350718980414
    endloop
  endfacet
  facet normal 0.05785030268284496 -0.067431154118576211 0.99604537142328009
    outer loop
      vertex -0.11128505843652078 0.83788455900621084 -0.0082024401768289613
      vertex -0.017392106922539785 0.9650242557311498 -0.0050485268012866319
      vertex -0.14570018497514847 0.96616577717188179 0.0024808844839449909
    endloop
  endfacet
  facet normal 0.27088686545695412 -0.22327849820848111 0.93635838136937244
    outer loop
      vertex -0.11128505843652078 0.83788455900621084 -0.0082024401768289613
      vertex -0.042711064673227966 0.83171874553108671 -0.029511041875019597
      vertex -0.017392106922539785 0.9650242557311498 -0.0050485268012866319
    endloop
  endfacet
  facet normal -0.34874528294385476 -0.10467231452942939 0.93135408636858563
    outer loop
      vertex -0.042711064673227966 0.83171874553108671 -0.029511041875019597
      vertex 0.017651364610087865 0.87279435254137805 -0.0022919726648327607
      vertex -0.017392106922539785 0.9650242557311498 -0.0050485268012866319
    endloop
  endfacet
  facet normal 0.16905607032824341 0.093558818702691615 0.98115584517859789
    outer loop
      vertex 0.017651364610087865 0.87279435254137805 -0.0022919726648327607
      vertex 0.08376689469236448 0.9389428135927097 -0.019991509047027928
      vertex -0.017392106922539785 0.9650242557311498 -0.0050485268012866319
    endloop
  endfacet
  facet normal -0.17129175901149965 0.4108136935483675 0.89548380358769997
    outer loop
      vertex 0.017651364610087865 0.87279435254137805 -0.0022919726648327607
      vertex 0.097347506555070518 0.89152383659352896 0.0043602568837092341
      vertex 0.08376689469236448 0.9389428135927097 -0.019991509047027928
    endloop
  endfacet
  facet normal -0.10290469030511101 0.43092253498630262 0.8965023109586433
    outer loop
      vertex 0.097347506555070518 0.89152383659352896 0.0043602568837092341
      vertex 0.19620995530457203 0.94960871713216843 -0.012211562411244117
      vertex 0.08376689469236448 0.9389428135927097 -0.019991509047027928
    endloop
  endfacet
  facet normal -0.16412975154718676 0.3233936042207104 0.93192167128262304
    outer loop
      vertex 0.27749421178213418 0.89375414130699316 0.021486739040915762
      vertex 0.34952908001732003 0.95595108487777691 0.012590037759914968
      vertex 0.19620995530457203 0.94960871713216843 -0.012211562411244117
    endloop
  endfacet
  facet normal 0.33994879823963303 -0.26463355842999581 0.90244329147493108
    outer loop
      vertex 0.27749421178213418 0.89375414130699316 0.021486739040915762
      vertex 0.38850380182457023 0.87053283447866237 -0.027139821985046966
      vertex 0.34952908001732003 0.95595108487777691 0.012590037759914968
    endloop
  endfacet
  facet normal 0.53159011978229642 -0.14554438682906179 0.83440324544694577
    outer loop
      vertex 0.38850380182457023 0.87053283447866237 -0.027139821985046966
      vertex 0.43530320248257776 0.94777264208082523 -0.043482374149946768
      vertex 0.34952908001732003 0.95595108487777691 0.012590037759914968
    endloop
  endfacet
  facet normal -0.66818759661902549 0.51787297207690308 0.53416563022785912
    outer loop
      vertex 0.38850380182457023 0.87053283447866237 -0.027139821985046966
      vertex 0.50440326479824849 0.96896800033908548 0.022405993423383782
      vertex 0.43530320248257776 0.94777264208082523 -0.043482374149946768
    endloop
  endfacet
  facet normal -0.60453642974120481 -0.55054718849927675 0.57570261277095081
    outer loop
      vertex 0.55419079884499867 0.92384970420070589 -0.060122202944346323
      vertex 0.63812418990265485 0.88278007684886062 -0.0112601271594163
      vertex 0.61380509261699179 0.95962458720686417 0.036689540375932306
    endloop
  endfacet
  facet normal 0.31056643716193477 -0.29439140304668848 0.90381535167352867
    outer loop
      vertex 0.77508402895242556 0.87880630581833385 -0.013509851438786743
      vertex 0.83722727513443895 0.96097727779094155 -0.008098545734313789
      vertex 0.74124995045004938 0.93779721925289627 0.017330681349834561
    endloop
  endfacet
  facet normal -0.25094754432160832 0.12658396817515735 0.95968840203473615
    outer loop
      vertex 0.77508402895242556 0.87880630581833385 -0.013509851438786743
      vertex 0.89645674826740074 0.86673947771974458 0.019819354974377819
      vertex 0.83722727513443895 0.96097727779094155 -0.008098545734313789
    endloop
  endfacet
  facet normal -0.1709461288901602 0.17955928428960713 0.96878061729313769
    outer loop
      vertex 0.89645674826740074 0.86673947771974458 0.019819354974377819
      vertex 0.95980542445305295 0.96054153046863111 0.013611738528628028
      vertex 0.83722727513443895 0.96097727779094155 -0.008098545734313789
    endloop
  endfacet
  facet normal -0.11696708802322732 0.1440218664937675 0.982637472464295
    outer loop
      vertex 0.89645674826740074 0.86673947771974458 0.019819354974377819
      vertex 0.96110186795306973 0.80176946479201638 0.03703674633855264
      vertex 0.95980542445305295 0.96054153046863111 0.013611738528628028
    endloop
  endfacet
  facet normal 0.033156474978378148 -0.059656804042032295 0.99766813815942768
    outer loop
      vertex -0.74059660479962952 0.87283600789473115 0.0025205429660732359
      vertex -0.62545262633961762 0.92418578378390415 0.0017643747633987374
      vertex -0.79781983346876473 0.94987312321045103 0.0090288280295638956
    endloop
  endfacet
  facet normal 0.040632121499060883 -0.51965433498449287 0.85340986802023211
    outer loop
      vertex 0.61380509261699179 0.95962458720686417 0.036689540375932306
      vertex 0.63812418990265485 0.88278007684886062 -0.0112601271594163
      vertex 0.74124995045004938 0.93779721925289627 0.017330681349834561
    endloop
  endfacet
  facet normal -0.009242785366923259 -0.5238519205802088 0.85175920084439793
    outer loop
      vertex 0.08376689469236448 0.9389428135927097 -0.019991509047027928
      vertex 0.19620995530457203 0.94960871713216843 -0.012211562411244117
      vertex -0.017392106922539785 0.9650242557311498 -0.0050485268012866319
    endloop
  endfacet
  facet normal 0.066009564113424124 -0.96798802867647549 0.24216092538761599
    outer loop
      vertex 0.43530320248257776 0.94777264208082523 -0.043482374149946768
      vertex 0.50440326479824849 0.96896800033908548 0.022405993423383782
      vertex 0.34952908001732003 0.95595108487777691 0.012590037759914968
    endloop
  endfacet
  facet normal -0.13094694994429262 -0.90100133192147569 0.41358130539957177
    outer loop
      vertex 0.55419079884499867 0.92384970420070589 -0.060122202944346323
      vertex 0.61380509261699179 0.95962458720686417 0.036689540375932306
      vertex 0.50440326479824849 0.96896800033908548 0.022405993423383782
    endloop
  endfacet
endsolid line_w_1e_01
