solid line_f_1000_w_1e_03
  facet normal 6.3760319333918765e-07 2.3889506553938231e-06 -0.99999999999694322
    outer loop
      vertex 0.41999999999999998 0 0
      vertex 0.41683653336112841 -0.054450025572678043 -1.3209546070942992e-07
      vertex 0.40607172609079134 0.10783126564399249 2.4872286081070727e-07
    endloop
  endfacet
  facet normal -0.00025276912552169402 -3.0342913474734882e-05 -0.99999996759353793
    outer loop
      vertex 0.41999999999999998 0 0
      vertex 0.40607172609079134 0.10783126564399249 2.4872286081070727e-07
      vertex 0.41673133163737491 0.055147636632637317 -8.4712155049127947e-07
    endloop
  endfacet
  facet normal -0.00027183289815415327 -0.00011141928343354811 -0.99999995684630838
    outer loop
      vertex 0.38825829719945493 0.16112653180095723 -8.471215504933601e-07
      vertex 0.40607172609079134 0.10783126564399249 2.4872286081070727e-07
      vertex 0.3636223246543378 0.21054905364599069 3.4312434720297838e-07
    endloop
  endfacet
  facet normal -0.00013110116608671239 -0.00025182862325026395 -0.99999995969741362
    outer loop
      vertex 0.19385297283105973 0.37299770712296015 -8.471215504909253e-07
      vertex 0.240987964404451 0.34410658603811339 2.4903738188178717e-07
      vertex 0.14412789629357112 0.3945749669032364 2.3812238708273425e-07
    endloop
  endfacet
  facet normal 5.2927111721419933e-05 -0.0002049811570567503 -0.9999999775907229
    outer loop
      vertex -0.091258311960800031 0.41033910987437022 -8.4712155049190458e-07
      vertex -0.036952281589618649 0.41855558511585561 3.4291721085052875e-07
      vertex -0.16093255509815266 0.38837108399106807 -3.1746619044065904e-08
    endloop
  endfacet
  facet normal 0.00017425225575490755 -0.00022685224917384612 -0.99999995908710337
    outer loop
      vertex -0.25612492010122556 0.33332610143456509 -8.4712155049092552e-07
      vertex -0.21019435697763736 0.36371957176073455 2.6155562355659363e-07
      vertex -0.29669528407419771 0.29737882137911498 2.3812238708251741e-07
    endloop
  endfacet
  facet normal 0.0002673894654870289 -0.00017065412630103735 -0.99999994969002015
    outer loop
      vertex -0.35468293840533849 0.22562419595109931 -8.471215504884922e-07
      vertex -0.32212705879058756 0.26968555503503183 3.3872501971495515e-07
      vertex -0.38063134314930908 0.17799840046225987 3.4208695314896353e-07
    endloop
  endfacet
  facet normal 0.00028397625365238959 9.057970969708093e-05 -0.99999995557640087
    outer loop
      vertex -0.4008239597156929 -0.12667445643166486 -8.4712155049092583e-07
      vertex -0.41374160736343413 -0.073057327097252087 3.4119732719327042e-07
      vertex -0.38092044761107191 -0.1770928219564 2.381223870829511e-07
    endloop
  endfacet
  facet normal 1.8014418347242977e-05 -1.2389077165964461e-05 0.99999999976099585
    outer loop
      vertex -0.38092044761107191 -0.1770928219564 2.381223870829511e-07
      vertex -0.47381960061562289 -0.33139378947367976 0
      vertex -0.35438045263231321 -0.2260990035063003 -8.4712155048849252e-07
    endloop
  endfacet
  facet normal 1.8422108223794386e-07 7.8362697048933513e-06 0.99999999996927935
    outer loop
      vertex -0.35438045263231321 -0.2260990035063003 -8.4712155048849252e-07
      vertex -0.47381960061562289 -0.33139378947367976 0
      vertex -0.30977488808483511 -0.28416676067706526 -4.0030422950116779e-07
    endloop
  endfacet
  facet normal 7.2333333936107553e-05 0.00019447324395084167 -0.99999997847402289
    outer loop
      vertex -0.16060641153614871 -0.3884737380672037 -8.4712155049092213e-07
      vertex -0.20980408392029931 -0.3640556211854431 3.4291721085063717e-07
      vertex -0.090978232738604517 -0.41042726556666859 -8.0056934638284363e-08
    endloop
  endfacet
  facet normal -3.2828966834188411e-05 8.4032925177202113e-05 -0.99999999593036326
    outer loop
      vertex 0.17749966993109351 -0.3806492705553931 0
      vertex 0.12687133417465926 -0.40078713895106477 -3.0168032826457901e-08
      vertex 0.21037937437696608 -0.3637234770854243 3.4291721085074559e-07
    endloop
  endfacet
  facet normal -9.7014991109941638e-05 0.00010685017680863458 -0.99999998958556546
    outer loop
      vertex 0.25612492010122428 -0.33332610143456609 -8.471215504884904e-07
      vertex 0.21037937437696608 -0.3637234770854243 3.4291721085074559e-07
      vertex 0.34213829595652212 -0.24415343368129633 3.3640688383400341e-07
    endloop
  endfacet
  facet normal -0.00010594856430572041 0.00011546724307089766 -0.99999998772110865
    outer loop
      vertex 0.25612492010122428 -0.33332610143456609 -8.471215504884904e-07
      vertex 0.34213829595652212 -0.24415343368129633 3.3640688383400341e-07
      vertex 0.3101152771382536 -0.28378650334342759 -8.4712155049092636e-07
    endloop
  endfacet
  facet normal -0.00019183484158184327 9.4161798223453314e-05 -0.99999997716647437
    outer loop
      vertex 0.34213829595652212 -0.24415343368129633 3.3640688383400341e-07
      vertex 0.40079482098043001 -0.12702178974876566 1.1336791459477628e-07
      vertex 0.37299770712296026 -0.19385297283105973 -8.4712155048605741e-07
    endloop
  endfacet
  facet normal -3.0118335064900911e-07 -2.3666344984219066e-06 0.99999999999715428
    outer loop
      vertex 0.41683653336112841 -0.054450025572678043 -1.3209546070942992e-07
      vertex 0.55401334056036089 -0.016091719570636299 -0
      vertex 0.40607172609079134 0.10783126564399249 2.4872286081070727e-07
    endloop
  endfacet
  facet normal -8.8420458262203924e-05 -7.5080280401052074e-05 -0.99999999327238709
    outer loop
      vertex 0.33336286620308231 0.25608675990479174 -4.0030422950391773e-07
      vertex 0.3636223246543378 0.21054905364599069 3.4312434720297838e-07
      vertex 0.28400309352637909 0.30995132201721493 -8.005693463772589e-08
    endloop
  endfacet
  facet normal -6.8480989253288958e-07 1.0854878752673873e-05 0.9999999999408512
    outer loop
      vertex -0.30977488808483511 -0.28416676067706526 -4.0030422950116779e-07
      vertex -0.47381960061562289 -0.33139378947367976 0
      vertex -0.25629825771073994 -0.33330139847436946 1.6966763187833446e-07
    endloop
  endfacet
  facet normal -8.7770475300646932e-06 0.00019792639899555558 -0.99999998037405191
    outer loop
      vertex 0.018564908082819482 -0.41996020448316873 -4.0030422950429556e-07
      vertex -0.03609350943569279 -0.41862794645706874 3.4312434720319522e-07
      vertex 0.07265741346257043 -0.41381790348952519 3.406468115179067e-07
    endloop
  endfacet
  facet normal -2.0345081126013108e-06 3.8320739813581337e-06 0.99999999999058797
    outer loop
      vertex 0.40079482098043001 -0.12702178974876566 1.1336791459477628e-07
      vertex 0.55401334056036089 -0.016091719570636299 -0
      vertex 0.41683653336112841 -0.054450025572678043 -1.3209546070942992e-07
    endloop
  endfacet
  facet normal 1.2484572507841896e-06 -5.1664410296717965e-07 0.99999999999908729
    outer loop
      vertex 0.40607172609079134 0.10783126564399249 2.4872286081070727e-07
      vertex 0.55401334056036089 -0.016091719570636299 -0
      vertex 0.66753971333736839 0.25824185442098946 -0
    endloop
  endfacet
  facet normal 1.195684466412518e-06 -4.2490592267494448e-07 0.99999999999919487
    outer loop
      vertex 0.40607172609079134 0.10783126564399249 2.4872286081070727e-07
      vertex 0.66753971333736839 0.25824185442098946 -0
      vertex 0.3636223246543378 0.21054905364599069 3.4312434720297838e-07
    endloop
  endfacet
  facet normal -3.6076806535152703e-06 1.367579676771344e-06 0.99999999999255718
    outer loop
      vertex 0.3636223246543378 0.21054905364599069 3.4312434720297838e-07
      vertex 0.39442627292246046 0.54270897319937716 -0
      vertex 0.28400309352637909 0.30995132201721493 -8.005693463772589e-08
    endloop
  endfacet
  facet normal 5.3588812879957364e-06 -2.886270939111386e-06 0.99999999998147593
    outer loop
      vertex 0.28400309352637909 0.30995132201721493 -8.005693463772589e-08
      vertex 0.39442627292246046 0.54270897319937716 -0
      vertex 0.240987964404451 0.34410658603811339 2.4903738188178717e-07
    endloop
  endfacet
  facet normal 5.6996210284705688e-07 8.1360230967535964e-07 0.99999999999950651
    outer loop
      vertex 0.240987964404451 0.34410658603811339 2.4903738188178717e-07
      vertex 0.39442627292246046 0.54270897319937716 -0
      vertex 0.30619894295174122 0.60451587064876777 -0
    endloop
  endfacet
  facet normal 3.4109654408318135e-07 8.7091419494509091e-07 0.99999999999956257
    outer loop
      vertex 0.240987964404451 0.34410658603811339 2.4903738188178717e-07
      vertex 0.30619894295174122 0.60451587064876777 -0
      vertex 0.14412789629357112 0.3945749669032364 2.3812238708273425e-07
    endloop
  endfacet
  facet normal 1.0193074758761777e-07 1.0555463951085436e-06 0.99999999999943767
    outer loop
      vertex 0.14412789629357112 0.3945749669032364 2.3812238708273425e-07
      vertex 0.30619894295174122 0.60451587064876777 -0
      vertex 0.12038489668421491 0.62245934024527139 -0
    endloop
  endfacet
  facet normal -5.7613221580364507e-06 4.4466110530112736e-07 0.99999999998330469
    outer loop
      vertex 0.14412789629357112 0.3945749669032364 2.3812238708273425e-07
      vertex 0.12038489668421491 0.62245934024527139 -0
      vertex 0.090783084412498549 0.41046804863258191 -7.6281294917636241e-08
    endloop
  endfacet
  facet normal 1.1043636923460739e-06 -5.1404216083178351e-07 0.99999999999925793
    outer loop
      vertex 0.090783084412498549 0.41046804863258191 -7.6281294917636241e-08
      vertex 0.12038489668421491 0.62245934024527139 -0
      vertex 0.018315435800032892 0.42000202117566776 8.6502089270859532e-09
    endloop
  endfacet
  facet normal 6.1278775234257189e-06 -3.0466616326249851e-06 0.99999999997658351
    outer loop
      vertex 0.018315435800032892 0.42000202117566776 8.6502089270859532e-09
      vertex 0.12038489668421491 0.62245934024527139 -0
      vertex -0.036952281589618649 0.41855558511585561 3.4291721085052875e-07
    endloop
  endfacet
  facet normal -5.862704731434311e-07 1.0350787091019358e-06 0.99999999999929245
    outer loop
      vertex -0.036952281589618649 0.41855558511585561 3.4291721085052875e-07
      vertex -0.051628087608506075 0.74153896422708432 -0
      vertex -0.27771949425139431 0.61348037816922329 -0
    endloop
  endfacet
  facet normal -2.6525846298262784e-06 -1.5171912828084639e-06 0.99999999999533107
    outer loop
      vertex -0.036952281589618649 0.41855558511585561 3.4291721085052875e-07
      vertex -0.27771949425139431 0.61348037816922329 -0
      vertex -0.16093255509815266 0.38837108399106807 -3.1746619044065904e-08
    endloop
  endfacet
  facet normal 4.7828178543657259e-06 2.3403033651657882e-06 0.99999999998582378
    outer loop
      vertex -0.16093255509815266 0.38837108399106807 -3.1746619044065904e-08
      vertex -0.27771949425139431 0.61348037816922329 -0
      vertex -0.21019435697763736 0.36371957176073455 2.6155562355659363e-07
    endloop
  endfacet
  facet normal -4.6097432097224848e-07 9.2259579301748631e-07 0.99999999999946809
    outer loop
      vertex -0.21019435697763736 0.36371957176073455 2.6155562355659363e-07
      vertex -0.27771949425139431 0.61348037816922329 -0
      vertex -0.33901226359656711 0.58285549027873174 -0
    endloop
  endfacet
  facet normal -8.4306391781798554e-07 6.9798641661115374e-07 0.99999999999940115
    outer loop
      vertex -0.21019435697763736 0.36371957176073455 2.6155562355659363e-07
      vertex -0.33901226359656711 0.58285549027873174 -0
      vertex -0.44580497456229662 0.45386575758694381 -0
    endloop
  endfacet
  facet normal -8.3079872394193174e-07 7.3004334589156253e-07 0.9999999999993886
    outer loop
      vertex -0.21019435697763736 0.36371957176073455 2.6155562355659363e-07
      vertex -0.44580497456229662 0.45386575758694381 -0
      vertex -0.29669528407419771 0.29737882137911498 2.3812238708251741e-07
    endloop
  endfacet
  facet normal 1.1281941776955064e-06 2.596683669418574e-06 0.99999999999599209
    outer loop
      vertex -0.29669528407419771 0.29737882137911498 2.3812238708251741e-07
      vertex -0.44580497456229662 0.45386575758694381 -0
      vertex -0.32212705879058756 0.26968555503503183 3.3872501971495515e-07
    endloop
  endfacet
  facet normal -1.0692995869603777e-06 7.1897247593039816e-07 0.99999999999916989
    outer loop
      vertex -0.38063134314930908 0.17799840046225987 3.4208695314896353e-07
      vertex -0.32212705879058756 0.26968555503503183 3.3872501971495515e-07
      vertex -0.61711705665024252 0.30208225675266082 -0
    endloop
  endfacet
  facet normal 1.6230161475835951e-06 -7.0064147835958914e-06 0.99999999997413802
    outer loop
      vertex -0.38063134314930908 0.17799840046225987 3.4208695314896353e-07
      vertex -0.66842728197135393 0.062506464279460924 -0
      vertex -0.40109140700638396 0.12592591648357609 1.0452545594200665e-08
    endloop
  endfacet
  facet normal 2.609050168942977e-07 -1.2646248710923925e-06 0.99999999999916633
    outer loop
      vertex -0.40109140700638396 0.12592591648357609 1.0452545594200665e-08
      vertex -0.66842728197135393 0.062506464279460924 -0
      vertex -0.41683273713887331 0.054540593277908812 -7.5716117558571101e-08
    endloop
  endfacet
  facet normal 3.3861099955201027e-07 1.1896455198935163e-06 0.99999999999923506
    outer loop
      vertex -0.41683273713887331 0.054540593277908812 -7.5716117558571101e-08
      vertex -0.66842728197135393 0.062506464279460924 -0
      vertex -0.41998641522365354 -0.018604637224972433 1.2368648299380212e-08
    endloop
  endfacet
  facet normal 1.9965173446572617e-06 6.2677628395268756e-06 0.99999999997836442
    outer loop
      vertex -0.41998641522365354 -0.018604637224972433 1.2368648299380212e-08
      vertex -0.66842728197135393 0.062506464279460924 -0
      vertex -0.41374160736343413 -0.073057327097252087 3.4119732719327042e-07
    endloop
  endfacet
  facet normal -8.0267637062271946e-07 -1.243995711993107e-06 0.9999999999989041
    outer loop
      vertex -0.41374160736343413 -0.073057327097252087 3.4119732719327042e-07
      vertex -0.66928440050606408 -0.18244610082248813 0
      vertex -0.38092044761107191 -0.1770928219564 2.381223870829511e-07
    endloop
  endfacet
  facet normal -8.0613129275510278e-07 -1.0578901441888084e-06 0.9999999999991156
    outer loop
      vertex -0.38092044761107191 -0.1770928219564 2.381223870829511e-07
      vertex -0.66928440050606408 -0.18244610082248813 0
      vertex -0.47381960061562289 -0.33139378947367976 0
    endloop
  endfacet
  facet normal 2.7272688794609041e-06 -2.1328572838607567e-06 0.99999999999400646
    outer loop
      vertex -0.20980408392029931 -0.3640556211854431 3.4291721085063717e-07
      vertex -0.2796550525143095 -0.61415185956556861 0
      vertex -0.090978232738604517 -0.41042726556666859 -8.0056934638284363e-08
    endloop
  endfacet
  facet normal 1.0270093615965819e-07 2.9785136602611669e-07 0.99999999999995037
    outer loop
      vertex -0.090978232738604517 -0.41042726556666859 -8.0056934638284363e-08
      vertex -0.2796550525143095 -0.61415185956556861 0
      vertex -0.087292764086624286 -0.68047952952698554 0
    endloop
  endfacet
  facet normal -7.6817351109041604e-06 1.9161528191991592e-07 0.99999999997047706
    outer loop
      vertex -0.090978232738604517 -0.41042726556666859 -8.0056934638284363e-08
      vertex -0.087292764086624286 -0.68047952952698554 0
      vertex -0.03609350943569279 -0.41862794645706874 3.4312434720319522e-07
    endloop
  endfacet
  facet normal 5.6138829838016264e-06 5.1005631455285642e-06 0.99999999997123423
    outer loop
      vertex 0.07265741346257043 -0.41381790348952519 3.406468115179067e-07
      vertex 0.30573362692671863 -0.60356475095981488 -0
      vertex 0.12687133417465926 -0.40078713895106477 -3.0168032826457901e-08
    endloop
  endfacet
  facet normal -3.2581569870365358e-06 -2.7251203451269842e-06 0.9999999999909791
    outer loop
      vertex 0.12687133417465926 -0.40078713895106477 -3.0168032826457901e-08
      vertex 0.30573362692671863 -0.60356475095981488 -0
      vertex 0.21037937437696608 -0.3637234770854243 3.4291721085074559e-07
    endloop
  endfacet
  facet normal 8.4121347008139557e-07 -8.7251831352753101e-07 0.99999999999926559
    outer loop
      vertex 0.21037937437696608 -0.3637234770854243 3.4291721085074559e-07
      vertex 0.40180643866254767 -0.57218464404932678 -0
      vertex 0.34213829595652212 -0.24415343368129633 3.3640688383400341e-07
    endloop
  endfacet
  facet normal 1.2180399729261176e-06 1.2942102748436916e-06 0.9999999999984206
    outer loop
      vertex 0.34213829595652212 -0.24415343368129633 3.3640688383400341e-07
      vertex 0.64103288438029948 -0.26552451463746418 -0
      vertex 0.40079482098043001 -0.12702178974876566 1.1336791459477628e-07
    endloop
  endfacet
  facet normal 5.907081406872116e-07 2.0608017049062603e-07 0.99999999999980427
    outer loop
      vertex 0.40079482098043001 -0.12702178974876566 1.1336791459477628e-07
      vertex 0.64103288438029948 -0.26552451463746418 -0
      vertex 0.55401334056036089 -0.016091719570636299 -0
    endloop
  endfacet
  facet normal 0 0 1
    outer loop
      vertex 0.55401334056036089 -0.016091719570636299 -0
      vertex 0.67763795255063841 0.038598363091348765 -0
      vertex 0.66753971333736839 0.25824185442098946 -0
    endloop
  endfacet
  facet normal 1.0542046068312851e-06 4.7665969680020694e-07 0.99999999999933076
    outer loop
      vertex 0.66753971333736839 0.25824185442098946 -0
      vertex 0.59441888962566114 0.41995955308450816 -0
      vertex 0.3636223246543378 0.21054905364599069 3.4312434720297838e-07
    endloop
  endfacet
  facet normal 5.9988457156373887e-07 9.7737720532317161e-07 0.99999999999934241
    outer loop
      vertex 0.3636223246543378 0.21054905364599069 3.4312434720297838e-07
      vertex 0.59441888962566114 0.41995955308450816 -0
      vertex 0.39442627292246046 0.54270897319937716 -0
    endloop
  endfacet
  facet normal 7.588672308197088e-07 1.0961994394203655e-06 0.99999999999911127
    outer loop
      vertex 0.12038489668421491 0.62245934024527139 -0
      vertex -0.051628087608506075 0.74153896422708432 -0
      vertex -0.036952281589618649 0.41855558511585561 3.4291721085052875e-07
    endloop
  endfacet
  facet normal -1.0216257882895231e-06 1.1530689432292138e-06 0.99999999999881339
    outer loop
      vertex -0.32212705879058756 0.26968555503503183 3.3872501971495515e-07
      vertex -0.44580497456229662 0.45386575758694381 -0
      vertex -0.61711705665024252 0.30208225675266082 -0
    endloop
  endfacet
  facet normal -1.3004097422648592e-06 2.7851026264618298e-07 0.99999999999911571
    outer loop
      vertex -0.38063134314930908 0.17799840046225987 3.4208695314896353e-07
      vertex -0.61711705665024252 0.30208225675266082 -0
      vertex -0.66842728197135393 0.062506464279460924 -0
    endloop
  endfacet
  facet normal -1.2707545959901617e-06 1.2949133005097281e-07 0.99999999999918421
    outer loop
      vertex -0.66842728197135393 0.062506464279460924 -0
      vertex -0.67862692189877349 -0.037587026999925333 0
      vertex -0.41374160736343413 -0.073057327097252087 3.4119732719327042e-07
    endloop
  endfacet
  facet normal -1.2993157594864909e-06 -8.3797893763671977e-08 0.99999999999915234
    outer loop
      vertex -0.41374160736343413 -0.073057327097252087 3.4119732719327042e-07
      vertex -0.67862692189877349 -0.037587026999925333 0
      vertex -0.66928440050606408 -0.18244610082248813 0
    endloop
  endfacet
  facet normal 0 0 1
    outer loop
      vertex -0.66928440050606408 -0.18244610082248813 0
      vertex -0.63059104454468029 -0.32826492016296888 0
      vertex -0.47381960061562289 -0.33139378947367976 0
    endloop
  endfacet
  facet normal -7.8299132462845041e-07 -3.4057950950440051e-07 0.99999999999963551
    outer loop
      vertex -0.47381960061562289 -0.33139378947367976 0
      vertex -0.37134244464635097 -0.56698847986858092 0
      vertex -0.25629825771073994 -0.33330139847436946 1.6966763187833446e-07
    endloop
  endfacet
  facet normal -3.1732004483352394e-06 8.3612081814404891e-07 0.99999999999461586
    outer loop
      vertex -0.25629825771073994 -0.33330139847436946 1.6966763187833446e-07
      vertex -0.37134244464635097 -0.56698847986858092 0
      vertex -0.20980408392029931 -0.3640556211854431 3.4291721085063717e-07
    endloop
  endfacet
  facet normal -6.1670488121407104e-07 -1.1988975903953306e-06 0.99999999999909128
    outer loop
      vertex -0.20980408392029931 -0.3640556211854431 3.4291721085063717e-07
      vertex -0.37134244464635097 -0.56698847986858092 0
      vertex -0.2796550525143095 -0.61415185956556861 0
    endloop
  endfacet
  facet normal -1.3151883430629072e-07 -1.2846616276673351e-06 0.99999999999916622
    outer loop
      vertex -0.03609350943569279 -0.41862794645706874 3.4312434720319522e-07
      vertex -0.087292764086624286 -0.68047952952698554 0
      vertex 0.076283418378137485 -0.69722584495722228 -0
    endloop
  endfacet
  facet normal 7.590164962125798e-08 -1.2009952508752452e-06 0.99999999999927591
    outer loop
      vertex -0.03609350943569279 -0.41862794645706874 3.4312434720319522e-07
      vertex 0.076283418378137485 -0.69722584495722228 -0
      vertex 0.07265741346257043 -0.41381790348952519 3.406468115179067e-07
    endloop
  endfacet
  facet normal 4.8809104086275074e-07 -1.1957215780519525e-06 0.99999999999916611
    outer loop
      vertex 0.07265741346257043 -0.41381790348952519 3.406468115179067e-07
      vertex 0.076283418378137485 -0.69722584495722228 -0
      vertex 0.30573362692671863 -0.60356475095981488 -0
    endloop
  endfacet
  facet normal 4.1332841033379801e-07 -1.2654393646376151e-06 0.99999999999911393
    outer loop
      vertex 0.21037937437696608 -0.3637234770854243 3.4291721085074559e-07
      vertex 0.30573362692671863 -0.60356475095981488 -0
      vertex 0.40180643866254767 -0.57218464404932678 -0
    endloop
  endfacet
  facet normal 8.0603934312259858e-07 -8.789164084667002e-07 0.9999999999992889
    outer loop
      vertex 0.34213829595652212 -0.24415343368129633 3.3640688383400341e-07
      vertex 0.40180643866254767 -0.57218464404932678 -0
      vertex 0.54695364541504399 -0.43907260056050085 -0
    endloop
  endfacet
  facet normal 1.08350683477886e-06 -5.8736169798411554e-07 0.9999999999992405
    outer loop
      vertex 0.34213829595652212 -0.24415343368129633 3.3640688383400341e-07
      vertex 0.54695364541504399 -0.43907260056050085 -0
      vertex 0.64103288438029948 -0.26552451463746418 -0
    endloop
  endfacet
  facet normal 0 -0 1
    outer loop
      vertex 0.64103288438029948 -0.26552451463746418 -0
      vertex 0.69929922982592585 -0.065846462134009159 -0
      vertex 0.55401334056036089 -0.016091719570636299 -0
    endloop
  endfacet
  facet normal -0 0 1
    outer loop
      vertex 0.55401334056036089 -0.016091719570636299 -0
      vertex 0.69929922982592585 -0.065846462134009159 -0
      vertex 0.67763795255063841 0.038598363091348765 -0
    endloop
  endfacet
  facet normal 0 -0 1
    outer loop
      vertex 0.30619894295174122 0.60451587064876777 -0
      vertex 0.31936927726522041 0.68809862009580436 -0
      vertex 0.12038489668421491 0.62245934024527139 -0
    endloop
  endfacet
  facet normal 0 0 1
    outer loop
      vertex -0.33901226359656711 0.58285549027873174 -0
      vertex -0.40234665618244952 0.57461057504631996 -0
      vertex -0.44580497456229662 0.45386575758694381 -0
    endloop
  endfacet
  facet normal 0 0 1
    outer loop
      vertex -0.61711705665024252 0.30208225675266082 -0
      vertex -0.72887754404951821 0.072396120957934129 -0
      vertex -0.66842728197135393 0.062506464279460924 -0
    endloop
  endfacet
  facet normal 0 0 1
    outer loop
      vertex 0.67763795255063841 0.038598363091348765 -0
      vertex 0.75691286505317823 0.066221294969080635 -0
      vertex 0.8509109135216727 0.18864240791238304 -0
    endloop
  endfacet
  facet normal 0 -0 1
    outer loop
      vertex 0.67763795255063841 0.038598363091348765 -0
      vertex 0.8509109135216727 0.18864240791238304 -0
      vertex 0.66753971333736839 0.25824185442098946 -0
    endloop
  endfacet
  facet normal 0 0 1
    outer loop
      vertex 0.59441888962566114 0.41995955308450816 -0
      vertex 0.55025858756398205 0.60050187439494362 -0
      vertex 0.39442627292246046 0.54270897319937716 -0
    endloop
  endfacet
  facet normal 0 0 1
    outer loop
      vertex 0.39442627292246046 0.54270897319937716 -0
      vertex 0.55025858756398205 0.60050187439494362 -0
      vertex 0.43582929863215314 0.62242874412132321 -0
    endloop
  endfacet
  facet normal 0 0 1
    outer loop
      vertex 0.31936927726522041 0.68809862009580436 -0
      vertex 0.14130846563688745 0.81903049979249787 -0
      vertex 0.12038489668421491 0.62245934024527139 -0
    endloop
  endfacet
  facet normal 0 0 1
    outer loop
      vertex -0.051628087608506075 0.74153896422708432 -0
      vertex -0.22413378789008537 0.78134603222825361 -0
      vertex -0.27771949425139431 0.61348037816922329 -0
    endloop
  endfacet
  facet normal 0 -0 1
    outer loop
      vertex -0.27771949425139431 0.61348037816922329 -0
      vertex -0.22413378789008537 0.78134603222825361 -0
      vertex -0.32112445513863336 0.68865361638966083 -0
    endloop
  endfacet
  facet normal 0 0 1
    outer loop
      vertex -0.40234665618244952 0.57461057504631996 -0
      vertex -0.46772313600984361 0.66050135536692378 -0
      vertex -0.44580497456229662 0.45386575758694381 -0
    endloop
  endfacet
  facet normal 0 0 1
    outer loop
      vertex -0.44580497456229662 0.45386575758694381 -0
      vertex -0.46772313600984361 0.66050135536692378 -0
      vertex -0.6564048745537745 0.45689101758133405 -0
    endloop
  endfacet
  facet normal 0 0 1
    outer loop
      vertex -0.44580497456229662 0.45386575758694381 -0
      vertex -0.6564048745537745 0.45689101758133405 -0
      vertex -0.61711705665024252 0.30208225675266082 -0
    endloop
  endfacet
  facet normal 0 0 1
    outer loop
      vertex -0.67862692189877349 -0.037587026999925333 0
      vertex -0.75691286505317834 -0.066221294969080469 0
      vertex -0.66928440050606408 -0.18244610082248813 0
    endloop
  endfacet
  facet normal 0 0 1
    outer loop
      vertex -0.63059104454468029 -0.32826492016296888 0
      vertex -0.58140903714833692 -0.55623521537263354 0
      vertex -0.47381960061562289 -0.33139378947367976 0
    endloop
  endfacet
  facet normal 0 0 1
    outer loop
      vertex -0.47381960061562289 -0.33139378947367976 0
      vertex -0.58140903714833692 -0.55623521537263354 0
      vertex -0.37134244464635097 -0.56698847986858092 0
    endloop
  endfacet
  facet normal 0 0 1
    outer loop
      vertex -0.37134244464635097 -0.56698847986858092 0
      vertex -0.58140903714833692 -0.55623521537263354 0
      vertex -0.43582929863215281 -0.62242874412132354 0
    endloop
  endfacet
  facet normal 0 0 1
    outer loop
      vertex -0.2796550525143095 -0.61415185956556861 0
      vertex -0.32110710881186305 -0.68861641707185517 0
      vertex -0.24492058446420223 -0.77678885267842424 0
    endloop
  endfacet
  facet normal 0 0 1
    outer loop
      vertex -0.2796550525143095 -0.61415185956556861 0
      vertex -0.24492058446420223 -0.77678885267842424 0
      vertex -0.087292764086624286 -0.68047952952698554 0
    endloop
  endfacet
  facet normal 0 0 1
    outer loop
      vertex 0.076283418378137485 -0.69722584495722228 -0
      vertex 0.31665715379802145 -0.69035252389931889 -0
      vertex 0.30573362692671863 -0.60356475095981488 -0
    endloop
  endfacet
  facet normal -0 0 1
    outer loop
      vertex 0.40180643866254767 -0.57218464404932678 -0
      vertex 0.46618468149726755 -0.66322695123488518 -0
      vertex 0.54695364541504399 -0.43907260056050085 -0
    endloop
  endfacet
  facet normal 0 -0 1
    outer loop
      vertex 0.31936927726522041 0.68809862009580436 -0
      vertex 0.36497755070683097 0.7858939512508869 -0
      vertex 0.14130846563688745 0.81903049979249787 -0
    endloop
  endfacet
  facet normal 0 -0 1
    outer loop
      vertex 0.12038489668421491 0.62245934024527139 -0
      vertex 0.14130846563688745 0.81903049979249787 -0
      vertex -0.051628087608506075 0.74153896422708432 -0
    endloop
  endfacet
  facet normal 0 0 1
    outer loop
      vertex -0.61711705665024252 0.30208225675266082 -0
      vertex -0.88234555386697 0.082876863682225604 -0
      vertex -0.72887754404951821 0.072396120957934129 -0
    endloop
  endfacet
  facet normal -0 0 1
    outer loop
      vertex -0.24492058446420223 -0.77678885267842424 0
      vertex -0.11430765000884069 -0.88567796037546132 0
      vertex -0.087292764086624286 -0.68047952952698554 0
    endloop
  endfacet
  facet normal 0 0 1
    outer loop
      vertex 0.75691286505317823 0.066221294969080635 -0
      vertex 0.86432932447148425 0.075619017444274877 -0
      vertex 0.8509109135216727 0.18864240791238304 -0
    endloop
  endfacet
  facet normal 0 -0 1
    outer loop
      vertex 0.66753971333736839 0.25824185442098946 -0
      vertex 0.77439802470579877 0.49334595156813077 -0
      vertex 0.59441888962566114 0.41995955308450816 -0
    endloop
  endfacet
  facet normal 0 0 1
    outer loop
      vertex 0.55025858756398205 0.60050187439494362 -0
      vertex 0.50298647648640193 0.71540725882240952 -0
      vertex 0.43582929863215314 0.62242874412132321 -0
    endloop
  endfacet
  facet normal 0 0 1
    outer loop
      vertex -0.22413378789008537 0.78134603222825361 -0
      vertex -0.36798066338703234 0.78913707924718957 -0
      vertex -0.32112445513863336 0.68865361638966083 -0
    endloop
  endfacet
  facet normal 0 0 1
    outer loop
      vertex -0.46772313600984361 0.66050135536692378 -0
      vertex -0.51712466176187222 0.72911751656705359 -0
      vertex -0.67696455319844662 0.62032372380051304 -0
    endloop
  endfacet
  facet normal 0 0 1
    outer loop
      vertex -0.46772313600984361 0.66050135536692378 -0
      vertex -0.67696455319844662 0.62032372380051304 -0
      vertex -0.6564048745537745 0.45689101758133405 -0
    endloop
  endfacet
  facet normal 0 0 1
    outer loop
      vertex -0.6564048745537745 0.45689101758133405 -0
      vertex -0.87929003265012906 0.31678122032920858 -0
      vertex -0.61711705665024252 0.30208225675266082 -0
    endloop
  endfacet
  facet normal 0 0 1
    outer loop
      vertex -0.61711705665024252 0.30208225675266082 -0
      vertex -0.87929003265012906 0.31678122032920858 -0
      vertex -0.88234555386697 0.082876863682225604 -0
    endloop
  endfacet
  facet normal 0 0 1
    outer loop
      vertex -0.72887754404951821 0.072396120957934129 -0
      vertex -0.88234555386697 0.082876863682225604 -0
      vertex -0.80883820165066067 0.070764173271128147 -0
    endloop
  endfacet
  facet normal 0 0 1
    outer loop
      vertex -0.75691286505317834 -0.066221294969080469 0
      vertex -0.86432932447148425 -0.075619017444274683 0
      vertex -0.87158612428098847 -0.2546377500995286 0
    endloop
  endfacet
  facet normal 0 0 1
    outer loop
      vertex -0.75691286505317834 -0.066221294969080469 0
      vertex -0.87158612428098847 -0.2546377500995286 0
      vertex -0.66928440050606408 -0.18244610082248813 0
    endloop
  endfacet
  facet normal 0 0 1
    outer loop
      vertex -0.66928440050606408 -0.18244610082248813 0
      vertex -0.87158612428098847 -0.2546377500995286 0
      vertex -0.63059104454468029 -0.32826492016296888 0
    endloop
  endfacet
  facet normal 0 0 1
    outer loop
      vertex -0.63059104454468029 -0.32826492016296888 0
      vertex -0.87158612428098847 -0.2546377500995286 0
      vertex -0.79594534672891792 -0.4757543037833401 0
    endloop
  endfacet
  facet normal 0 0 1
    outer loop
      vertex -0.63059104454468029 -0.32826492016296888 0
      vertex -0.79594534672891792 -0.4757543037833401 0
      vertex -0.58140903714833692 -0.55623521537263354 0
    endloop
  endfacet
  facet normal 0 0 1
    outer loop
      vertex -0.58140903714833692 -0.55623521537263354 0
      vertex -0.49942242600280301 -0.71324914221821534 0
      vertex -0.43582929863215281 -0.62242874412132354 0
    endloop
  endfacet
  facet normal 0 0 1
    outer loop
      vertex -0.32110710881186305 -0.68861641707185517 0
      vertex -0.36667667211978189 -0.78634066095028543 0
      vertex -0.24492058446420223 -0.77678885267842424 0
    endloop
  endfacet
  facet normal 0 0 1
    outer loop
      vertex -0.087292764086624286 -0.68047952952698554 0
      vertex -0.11430765000884069 -0.88567796037546132 0
      vertex 0.040051114559308959 -0.91732133781977665 -0
    endloop
  endfacet
  facet normal 0 0 1
    outer loop
      vertex -0.087292764086624286 -0.68047952952698554 0
      vertex 0.040051114559308959 -0.91732133781977665 -0
      vertex 0.076283418378137485 -0.69722584495722228 -0
    endloop
  endfacet
  facet normal 0 0 1
    outer loop
      vertex 0.076283418378137485 -0.69722584495722228 -0
      vertex 0.040051114559308959 -0.91732133781977665 -0
      vertex 0.19873382678218229 -0.89643036243169338 -0
    endloop
  endfacet
  facet normal -0 0 1
    outer loop
      vertex 0.076283418378137485 -0.69722584495722228 -0
      vertex 0.19873382678218229 -0.89643036243169338 -0
      vertex 0.31665715379802145 -0.69035252389931889 -0
    endloop
  endfacet
  facet normal 0 0 1
    outer loop
      vertex 0.31665715379802145 -0.69035252389931889 -0
      vertex 0.19873382678218229 -0.89643036243169338 -0
      vertex 0.36666294205404515 -0.78955087844339544 -0
    endloop
  endfacet
  facet normal -0 0 1
    outer loop
      vertex 0.46618468149726755 -0.66322695123488518 -0
      vertex 0.51712466176187211 -0.72911751656705392 -0
      vertex 0.70850829668528792 -0.56790734221615524 -0
    endloop
  endfacet
  facet normal 0 0 1
    outer loop
      vertex 0.46618468149726755 -0.66322695123488518 -0
      vertex 0.70850829668528792 -0.56790734221615524 -0
      vertex 0.54695364541504399 -0.43907260056050085 -0
    endloop
  endfacet
  facet normal -0 0 1
    outer loop
      vertex 0.54695364541504399 -0.43907260056050085 -0
      vertex 0.70850829668528792 -0.56790734221615524 -0
      vertex 0.64103288438029948 -0.26552451463746418 -0
    endloop
  endfacet
  facet normal 0 0 1
    outer loop
      vertex 0.64103288438029948 -0.26552451463746418 -0
      vertex 0.70850829668528792 -0.56790734221615524 -0
      vertex 0.86355441949063938 -0.30947189586017604 -0
    endloop
  endfacet
  facet normal -0 0 1
    outer loop
      vertex 0.64103288438029948 -0.26552451463746418 -0
      vertex 0.86355441949063938 -0.30947189586017604 -0
      vertex 0.8856217255275719 -0.085957309233931314 -0
    endloop
  endfacet
  facet normal 0 0 1
    outer loop
      vertex 0.64103288438029948 -0.26552451463746418 -0
      vertex 0.8856217255275719 -0.085957309233931314 -0
      vertex 0.69929922982592585 -0.065846462134009159 -0
    endloop
  endfacet
  facet normal 0 0 1
    outer loop
      vertex 0.69929922982592585 -0.065846462134009159 -0
      vertex 0.8856217255275719 -0.085957309233931314 -0
      vertex 0.80883820165066078 -0.070764173271128245 -0
    endloop
  endfacet
  facet normal 0 0 1
    outer loop
      vertex 0.66753971333736839 0.25824185442098946 -0
      vertex 0.88996188277632404 0.38396007555644779 -0
      vertex 0.77439802470579877 0.49334595156813077 -0
    endloop
  endfacet
  facet normal 0 0 1
    outer loop
      vertex 0.77439802470579877 0.49334595156813077 -0
      vertex 0.72410015030239927 0.64431084481648715 -0
      vertex 0.59441888962566114 0.41995955308450816 -0
    endloop
  endfacet
  facet normal 0 -0 1
    outer loop
      vertex 0.59441888962566114 0.41995955308450816 -0
      vertex 0.72410015030239927 0.64431084481648715 -0
      vertex 0.55025858756398205 0.60050187439494362 -0
    endloop
  endfacet
  facet normal 0 0 1
    outer loop
      vertex 0.36497755070683097 0.7858939512508869 -0
      vertex 0.33210592392557547 0.91245352685263281 -0
      vertex 0.14130846563688745 0.81903049979249787 -0
    endloop
  endfacet
  facet normal 0 0 1
    outer loop
      vertex -0.051628087608506075 0.74153896422708432 -0
      vertex -0.19593948439369141 0.94924454745425146 -0
      vertex -0.22413378789008537 0.78134603222825361 -0
    endloop
  endfacet
  facet normal 0 0 1
    outer loop
      vertex -0.6564048745537745 0.45689101758133405 -0
      vertex -0.82498284602853122 0.50878364377676044 -0
      vertex -0.87929003265012906 0.31678122032920858 -0
    endloop
  endfacet
  facet normal 0 0 1
    outer loop
      vertex 0.88928571428571423 0 0
      vertex 0.96574635032543721 -6.0201667219756059e-17 -0
      vertex 0.86432932447148425 0.075619017444274877 -0
    endloop
  endfacet
  facet normal -0 -0 1
    outer loop
      vertex 0.86432932447148425 0.075619017444274877 -0
      vertex 0.96574635032543721 -6.0201667219756059e-17 -0
      vertex 0.8509109135216727 0.18864240791238304 -0
    endloop
  endfacet
  facet normal 0 -0 1
    outer loop
      vertex 0.8509109135216727 0.18864240791238304 -0
      vertex 0.88996188277632404 0.38396007555644779 -0
      vertex 0.66753971333736839 0.25824185442098946 -0
    endloop
  endfacet
  facet normal 0 -0 1
    outer loop
      vertex 0.55025858756398205 0.60050187439494362 -0
      vertex 0.72410015030239927 0.64431084481648715 -0
      vertex 0.50298647648640193 0.71540725882240952 -0
    endloop
  endfacet
  facet normal -0 -0 1
    outer loop
      vertex 0.36497755070683097 0.7858939512508869 -0
      vertex 0.44483333672970576 0.77851946060606381 -0
      vertex 0.33210592392557547 0.91245352685263281 -0
    endloop
  endfacet
  facet normal 0 0 1
    outer loop
      vertex 0.33210592392557547 0.91245352685263281 -0
      vertex 0.2212017909447748 0.99777679943987174 -0
      vertex 0.14130846563688745 0.81903049979249787 -0
    endloop
  endfacet
  facet normal 0 0 1
    outer loop
      vertex 0.14130846563688745 0.81903049979249787 -0
      vertex 0.0030564333497351544 0.98363827404517989 -0
      vertex -0.051628087608506075 0.74153896422708432 -0
    endloop
  endfacet
  facet normal 0 -0 1
    outer loop
      vertex -0.051628087608506075 0.74153896422708432 -0
      vertex 0.0030564333497351544 0.98363827404517989 -0
      vertex -0.19593948439369141 0.94924454745425146 -0
    endloop
  endfacet
  facet normal 0 -0 1
    outer loop
      vertex -0.22413378789008537 0.78134603222825361 -0
      vertex -0.19593948439369141 0.94924454745425146 -0
      vertex -0.39110336164367554 0.94420703996987132 -0
    endloop
  endfacet
  facet normal 0 0 1
    outer loop
      vertex -0.22413378789008537 0.78134603222825361 -0
      vertex -0.39110336164367554 0.94420703996987132 -0
      vertex -0.36798066338703234 0.78913707924718957 -0
    endloop
  endfacet
  facet normal 0 0 1
    outer loop
      vertex -0.36798066338703234 0.78913707924718957 -0
      vertex -0.39110336164367554 0.94420703996987132 -0
      vertex -0.44661807485896937 0.7735651972343357 -0
    endloop
  endfacet
  facet normal 0 0 1
    outer loop
      vertex -0.67696455319844662 0.62032372380051304 -0
      vertex -0.82498284602853122 0.50878364377676044 -0
      vertex -0.6564048745537745 0.45689101758133405 -0
    endloop
  endfacet
  facet normal 0 0 1
    outer loop
      vertex -0.87929003265012906 0.31678122032920858 -0
      vertex -1.0132589638678553 0.13339807329601999 -0
      vertex -0.88234555386697 0.082876863682225604 -0
    endloop
  endfacet
  facet normal 0 0 1
    outer loop
      vertex -0.88234555386697 0.082876863682225604 -0
      vertex -1.0132589638678553 0.13339807329601999 -0
      vertex -0.89663429859026267 -0.0040227602449093266 0
    endloop
  endfacet
  facet normal 0 0 1
    outer loop
      vertex -0.86432932447148425 -0.075619017444274683 0
      vertex -0.89663429859026267 -0.0040227602449093266 0
      vertex -0.87158612428098847 -0.2546377500995286 0
    endloop
  endfacet
  facet normal 0 0 1
    outer loop
      vertex -0.79594534672891792 -0.4757543037833401 0
      vertex -0.75349916014927265 -0.69045477004072509 0
      vertex -0.58140903714833692 -0.55623521537263354 0
    endloop
  endfacet
  facet normal 0 0 1
    outer loop
      vertex -0.58140903714833692 -0.55623521537263354 0
      vertex -0.75349916014927265 -0.69045477004072509 0
      vertex -0.62215560222417932 -0.81080896667385127 0
    endloop
  endfacet
  facet normal 0 0 1
    outer loop
      vertex -0.58140903714833692 -0.55623521537263354 0
      vertex -0.62215560222417932 -0.81080896667385127 0
      vertex -0.49942242600280301 -0.71324914221821534 0
    endloop
  endfacet
  facet normal 0 0 1
    outer loop
      vertex -0.49942242600280301 -0.71324914221821534 0
      vertex -0.62215560222417932 -0.81080896667385127 0
      vertex -0.44661807485896987 -0.77356519723433537 0
    endloop
  endfacet
  facet normal 0 0 1
    outer loop
      vertex -0.44661807485896987 -0.77356519723433537 0
      vertex -0.29049541318004807 -0.93280091572216417 0
      vertex -0.36667667211978189 -0.78634066095028543 0
    endloop
  endfacet
  facet normal -0 0 1
    outer loop
      vertex -0.36667667211978189 -0.78634066095028543 0
      vertex -0.29049541318004807 -0.93280091572216417 0
      vertex -0.24492058446420223 -0.77678885267842424 0
    endloop
  endfacet
  facet normal 0 0 1
    outer loop
      vertex -0.24492058446420223 -0.77678885267842424 0
      vertex -0.29049541318004807 -0.93280091572216417 0
      vertex -0.11430765000884069 -0.88567796037546132 0
    endloop
  endfacet
  facet normal -0 0 1
    outer loop
      vertex 0.19873382678218229 -0.89643036243169338 -0
      vertex 0.39110336164367543 -0.94420703996987143 -0
      vertex 0.36666294205404515 -0.78955087844339544 -0
    endloop
  endfacet
  facet normal -0 0 1
    outer loop
      vertex 0.36666294205404515 -0.78955087844339544 -0
      vertex 0.39110336164367543 -0.94420703996987143 -0
      vertex 0.44661807485896898 -0.77356519723433592 -0
    endloop
  endfacet
  facet normal 0 0 1
    outer loop
      vertex 0.70850829668528792 -0.56790734221615524 -0
      vertex 0.90652714314372607 -0.47190816115143031 -0
      vertex 0.86355441949063938 -0.30947189586017604 -0
    endloop
  endfacet
  facet normal 0 0 1
    outer loop
      vertex 0.8856217255275719 -0.085957309233931314 -0
      vertex 0.96574635032543721 -6.0201667219756059e-17 -0
      vertex 0.88928571428571423 0 0
    endloop
  endfacet
  facet normal 0 0 1
    outer loop
      vertex 0.2212017909447748 0.99777679943987174 -0
      vertex 0.0030564333497351544 0.98363827404517989 -0
      vertex 0.14130846563688745 0.81903049979249787 -0
    endloop
  endfacet
  facet normal 4.3526660544422661e-06 3.7265010767752091e-07 0.99999999999045774
    outer loop
      vertex 0.96574635032543721 -6.0201667219756059e-17 -0
      vertex 1.1497991143479176 -0.0021392106276582135 -8.0032304112381825e-07
      vertex 1.1327025522435377 0.19755380967812264 -8.0032304112381825e-07
    endloop
  endfacet
  facet normal 2.7864807577998048e-06 1.6962608700152219e-06 0.99999999999467903
    outer loop
      vertex 0.96574635032543721 -6.0201667219756059e-17 -0
      vertex 1.1327025522435377 0.19755380967812264 -8.0032304112381825e-07
      vertex 0.8509109135216727 0.18864240791238304 -0
    endloop
  endfacet
  facet normal 2.8164354886356739e-06 7.4904819677407003e-07 0.99999999999575329
    outer loop
      vertex 0.8509109135216727 0.18864240791238304 -0
      vertex 1.1327025522435377 0.19755380967812264 -8.0032304112381825e-07
      vertex 1.0811893962643864 0.39124425744388519 -8.0032304112381825e-07
    endloop
  endfacet
  facet normal 4.2173062624263493e-06 -8.4318996421553108e-07 0.99999999999075162
    outer loop
      vertex 0.8509109135216727 0.18864240791238304 -0
      vertex 1.0811893962643864 0.39124425744388519 -8.0032304112381825e-07
      vertex 0.88996188277632404 0.38396007555644779 -0
    endloop
  endfacet
  facet normal 2.3375713500191827e-06 2.4695945543690738e-06 0.99999999999421829
    outer loop
      vertex 0.88996188277632404 0.38396007555644779 -0
      vertex 0.94308729584818574 0.65774533976845562 -8.0032304112381825e-07
      vertex 0.77439802470579877 0.49334595156813077 -0
    endloop
  endfacet
  facet normal 3.5814534742283083e-06 1.1932542272063342e-06 0.99999999999287459
    outer loop
      vertex 0.77439802470579877 0.49334595156813077 -0
      vertex 0.94308729584818574 0.65774533976845562 -8.0032304112381825e-07
      vertex 0.72410015030239927 0.64431084481648715 -0
    endloop
  endfacet
  facet normal 1.0702023150488232e-06 3.328386795811091e-06 0.99999999999388822
    outer loop
      vertex 0.72410015030239927 0.64431084481648715 -0
      vertex 0.74071535474537586 0.87942216416337649 -8.0032304112468561e-07
      vertex 0.50298647648640193 0.71540725882240952 -0
    endloop
  endfacet
  facet normal 1.699050473884249e-06 2.4169125180130731e-06 0.99999999999563582
    outer loop
      vertex 0.50298647648640193 0.71540725882240952 -0
      vertex 0.74071535474537586 0.87942216416337649 -8.0032304112468561e-07
      vertex 0.57675216792155592 0.9946856369603162 -8.0032304112468561e-07
    endloop
  endfacet
  facet normal 2.4171664657358206e-06 2.2272368151405599e-06 0.99999999999459832
    outer loop
      vertex 0.50298647648640193 0.71540725882240952 -0
      vertex 0.57675216792155592 0.9946856369603162 -8.0032304112468561e-07
      vertex 0.44483333672970576 0.77851946060606381 -0
    endloop
  endfacet
  facet normal 2.3410247815428161e-06 2.27370348329923e-06 0.99999999999467504
    outer loop
      vertex 0.44483333672970576 0.77851946060606381 -0
      vertex 0.57675216792155592 0.9946856369603162 -8.0032304112468561e-07
      vertex 0.48599790942649146 1.0421675521161193 -6.9582486884010863e-07
    endloop
  endfacet
  facet normal 2.6450426323822653e-06 2.2262357969193461e-06 0.99999999999402389
    outer loop
      vertex 0.44483333672970576 0.77851946060606381 -0
      vertex 0.48599790942649146 1.0421675521161193 -6.9582486884010863e-07
      vertex 0.33210592392557547 0.91245352685263281 -0
    endloop
  endfacet
  facet normal -7.7081801651039274e-07 4.4598144432860287e-06 0.99999999998975808
    outer loop
      vertex 0.0030564333497351544 0.98363827404517989 -0
      vertex -0.098080525536217156 1.1456102260751273 -8.0032304112295088e-07
      vertex -0.19593948439369141 0.94924454745425146 -0
    endloop
  endfacet
  facet normal -1.0943495625042333e-07 4.2397456350663937e-06 0.99999999999100631
    outer loop
      vertex -0.19593948439369141 0.94924454745425146 -0
      vertex -0.29759639183399128 1.1107400966103698 -6.9582486884184336e-07
      vertex -0.39110336164367554 0.94420703996987132 -0
    endloop
  endfacet
  facet normal -3.005595519124848e-06 9.7780691189547917e-07 0.99999999999500511
    outer loop
      vertex -0.39110336164367554 0.94420703996987132 -0
      vertex -0.65774533976845651 0.94308729584818507 -8.0032304112468561e-07
      vertex -0.44661807485896937 0.7735651972343357 -0
    endloop
  endfacet
  facet normal -1.6672103308934373e-06 2.6446669053551647e-06 0.99999999999511302
    outer loop
      vertex -0.44661807485896937 0.7735651972343357 -0
      vertex -0.65774533976845651 0.94308729584818507 -8.0032304112468561e-07
      vertex -0.51712466176187222 0.72911751656705359 -0
    endloop
  endfacet
  facet normal -1.0477603685564426e-06 3.051768665180215e-06 0.99999999999479439
    outer loop
      vertex -0.51712466176187222 0.72911751656705359 -0
      vertex -0.65774533976845651 0.94308729584818507 -8.0032304112468561e-07
      vertex -0.73913297618832408 0.88090272911463663 -6.9582486884010863e-07
    endloop
  endfacet
  facet normal -2.1635735055583123e-06 1.4197269820569208e-06 0.99999999999665168
    outer loop
      vertex -0.51712466176187222 0.72911751656705359 -0
      vertex -0.73913297618832408 0.88090272911463663 -6.9582486884010863e-07
      vertex -0.87942216416337782 0.74071535474537442 -8.0032304112381825e-07
    endloop
  endfacet
  facet normal -2.109794014398237e-06 3.0997103569925655e-06 0.99999999999297018
    outer loop
      vertex -0.51712466176187222 0.72911751656705359 -0
      vertex -0.87942216416337782 0.74071535474537442 -8.0032304112381825e-07
      vertex -0.67696455319844662 0.62032372380051304 -0
    endloop
  endfacet
  facet normal -2.1855824346012374e-06 2.9722601150405002e-06 0.99999999999319444
    outer loop
      vertex -0.67696455319844662 0.62032372380051304 -0
      vertex -0.87942216416337782 0.74071535474537442 -8.0032304112381825e-07
      vertex -0.94194203393986209 0.65958500539950182 -6.9582486884010863e-07
    endloop
  endfacet
  facet normal -2.1944854670980981e-06 2.9121728477433368e-06 0.99999999999335165
    outer loop
      vertex -0.67696455319844662 0.62032372380051304 -0
      vertex -0.94194203393986209 0.65958500539950182 -6.9582486884010863e-07
      vertex -0.82498284602853122 0.50878364377676044 -0
    endloop
  endfacet
  facet normal -3.5947794212375416e-06 1.0167702750166294e-06 0.99999999999302192
    outer loop
      vertex -0.82498284602853122 0.50878364377676044 -0
      vertex -1.0797260900134344 0.39526465832612034 -8.0032304112555297e-07
      vertex -0.87929003265012906 0.31678122032920858 -0
    endloop
  endfacet
  facet normal -2.4340744050608592e-06 -2.0657210805407435e-06 0.99999999999490408
    outer loop
      vertex -1.0132589638678553 0.13339807329601999 -0
      vertex -1.1456102260751273 -0.098080525536216934 -8.0032304112208352e-07
      vertex -0.89663429859026267 -0.0040227602449093266 0
    endloop
  endfacet
  facet normal -3.0157570900425291e-06 -5.2597595108407652e-07 0.9999999999953143
    outer loop
      vertex -0.89663429859026267 -0.0040227602449093266 0
      vertex -1.1456102260751273 -0.098080525536216934 -8.0032304112208352e-07
      vertex -1.1111743280448754 -0.29552359004212281 -8.0032304112381825e-07
    endloop
  endfacet
  facet normal -3.2843923631108404e-06 -3.2826461202090372e-07 0.99999999999455247
    outer loop
      vertex -0.89663429859026267 -0.0040227602449093266 0
      vertex -1.1111743280448754 -0.29552359004212281 -8.0032304112381825e-07
      vertex -0.87158612428098847 -0.2546377500995286 0
    endloop
  endfacet
  facet normal -3.146129870808498e-06 -1.1384732863450057e-06 0.99999999999440281
    outer loop
      vertex -0.87158612428098847 -0.2546377500995286 0
      vertex -1.1111743280448754 -0.29552359004212281 -8.0032304112381825e-07
      vertex -1.0429759603383202 -0.48398731980675241 -8.0032304112381825e-07
    endloop
  endfacet
  facet normal -3.2032524343747963e-06 -1.0957863660363822e-06 0.99999999999426925
    outer loop
      vertex -0.87158612428098847 -0.2546377500995286 0
      vertex -1.0429759603383202 -0.48398731980675241 -8.0032304112381825e-07
      vertex -0.79594534672891792 -0.4757543037833401 0
    endloop
  endfacet
  facet normal -3.1788678447243292e-06 -1.8274429213066662e-06 0.9999999999932776
    outer loop
      vertex -0.79594534672891792 -0.4757543037833401 0
      vertex -1.0429759603383202 -0.48398731980675241 -8.0032304112381825e-07
      vertex -0.94308729584818551 -0.65774533976845651 -8.0032304112295088e-07
    endloop
  endfacet
  facet normal -4.3704483582761437e-06 -8.6403569440647501e-07 0.99999999999007638
    outer loop
      vertex -0.79594534672891792 -0.4757543037833401 0
      vertex -0.94308729584818551 -0.65774533976845651 -8.0032304112295088e-07
      vertex -0.75349916014927265 -0.69045477004072509 0
    endloop
  endfacet
  facet normal 6.5599213386422676e-07 -3.0918255290072103e-06 0.99999999999500511
    outer loop
      vertex -0.62215560222417932 -0.81080896667385127 0
      vertex -0.48786488630667368 -1.0411678213844013 -8.0032304112381825e-07
      vertex -0.44661807485896987 -0.77356519723433537 0
    endloop
  endfacet
  facet normal -2.6359555441273234e-06 -2.5844226378639025e-06 0.99999999999318634
    outer loop
      vertex -0.44661807485896987 -0.77356519723433537 0
      vertex -0.48786488630667368 -1.0411678213844013 -8.0032304112381825e-07
      vertex -0.29049541318004807 -0.93280091572216417 0
    endloop
  endfacet
  facet normal -1.6220890910873556e-06 -4.4309853539527335e-06 0.99999999998886768
    outer loop
      vertex -0.29049541318004807 -0.93280091572216417 0
      vertex -0.48786488630667368 -1.0411678213844013 -8.0032304112381825e-07
      vertex -0.29965622762837851 -1.1100669911410275 -8.0032304112468561e-07
    endloop
  endfacet
  facet normal 7.0595427797518199e-07 -2.6394886361110801e-06 0.99999999999626743
    outer loop
      vertex -0.29049541318004807 -0.93280091572216417 0
      vertex -0.10024635366133278 -1.1455382329840553 -6.9582486884010863e-07
      vertex -0.11430765000884069 -0.88567796037546132 0
    endloop
  endfacet
  facet normal 5.259370110570965e-07 -2.6492295484577531e-06 0.99999999999635247
    outer loop
      vertex -0.11430765000884069 -0.88567796037546132 0
      vertex -0.10024635366133278 -1.1455382329840553 -6.9582486884010863e-07
      vertex 0.09808052553621667 -1.1456102260751273 -8.0032304112208352e-07
    endloop
  endfacet
  facet normal -7.5818258596788193e-07 -3.698471425594038e-06 0.99999999999287337
    outer loop
      vertex -0.11430765000884069 -0.88567796037546132 0
      vertex 0.09808052553621667 -1.1456102260751273 -8.0032304112208352e-07
      vertex 0.040051114559308959 -0.91732133781977665 -0
    endloop
  endfacet
  facet normal 5.8547833560305826e-07 -3.3569223803195316e-06 0.9999999999941942
    outer loop
      vertex 0.040051114559308959 -0.91732133781977665 -0
      vertex 0.09808052553621667 -1.1456102260751273 -8.0032304112208352e-07
      vertex 0.29552359004212392 -1.1111743280448756 -8.0032304112121616e-07
    endloop
  endfacet
  facet normal 4.63168101540506e-07 -3.5181110121593972e-06 0.99999999999370415
    outer loop
      vertex 0.040051114559308959 -0.91732133781977665 -0
      vertex 0.29552359004212392 -1.1111743280448756 -8.0032304112121616e-07
      vertex 0.19873382678218229 -0.89643036243169338 -0
    endloop
  endfacet
  facet normal -1.0422743409286637e-06 -4.1966465751473946e-06 0.99999999999065103
    outer loop
      vertex 0.19873382678218229 -0.89643036243169338 -0
      vertex 0.29552359004212392 -1.1111743280448756 -8.0032304112121616e-07
      vertex 0.39110336164367543 -0.94420703996987143 -0
    endloop
  endfacet
  facet normal 3.0055955191248662e-06 -9.7780691189548107e-07 0.99999999999500511
    outer loop
      vertex 0.39110336164367543 -0.94420703996987143 -0
      vertex 0.65774533976845428 -0.94308729584818651 -8.0032304112468561e-07
      vertex 0.44661807485896898 -0.77356519723433592 -0
    endloop
  endfacet
  facet normal 1.6672103308934312e-06 -2.6446669053551719e-06 0.99999999999511302
    outer loop
      vertex 0.44661807485896898 -0.77356519723433592 -0
      vertex 0.65774533976845428 -0.94308729584818651 -8.0032304112468561e-07
      vertex 0.51712466176187211 -0.72911751656705392 -0
    endloop
  endfacet
  facet normal 2.0180337087439841e-06 -2.4141062092620257e-06 0.99999999999504985
    outer loop
      vertex 0.51712466176187211 -0.72911751656705392 -0
      vertex 0.65774533976845428 -0.94308729584818651 -8.0032304112468561e-07
      vertex 0.81151810041649308 -0.814543401098905 -8.0032304112208352e-07
    endloop
  endfacet
  facet normal 2.0219963313173424e-06 -2.4004502770836874e-06 0.99999999999507472
    outer loop
      vertex 0.51712466176187211 -0.72911751656705392 -0
      vertex 0.81151810041649308 -0.814543401098905 -8.0032304112208352e-07
      vertex 0.70850829668528792 -0.56790734221615524 -0
    endloop
  endfacet
  facet normal 2.5754960306664408e-06 -2.1692760698160773e-06 0.99999999999433042
    outer loop
      vertex 0.70850829668528792 -0.56790734221615524 -0
      vertex 0.81151810041649308 -0.814543401098905 -8.0032304112208352e-07
      vertex 0.940633294231352 -0.6612500172860788 -8.0032304112468561e-07
    endloop
  endfacet
  facet normal 1.8846019527165206e-06 -3.8873946691132088e-06 0.99999999999066824
    outer loop
      vertex 0.70850829668528792 -0.56790734221615524 -0
      vertex 0.940633294231352 -0.6612500172860788 -8.0032304112468561e-07
      vertex 0.90652714314372607 -0.47190816115143031 -0
    endloop
  endfacet
  facet normal 3.5715676623486261e-06 9.44862835200089e-07 0.99999999999317568
    outer loop
      vertex 0.90652714314372607 -0.47190816115143031 -0
      vertex 1.0805592987112065 -0.39331765358215287 -6.9582486884010863e-07
      vertex 0.86355441949063938 -0.30947189586017604 -0
    endloop
  endfacet
  facet normal 3.0962583704012597e-06 -2.8530596874646022e-07 0.99999999999516587
    outer loop
      vertex 0.86355441949063938 -0.30947189586017604 -0
      vertex 1.0805592987112065 -0.39331765358215287 -6.9582486884010863e-07
      vertex 1.131959612189261 -0.20176723210100903 -8.0032304112381825e-07
    endloop
  endfacet
  facet normal 3.1047752512706173e-06 -3.0653044474564935e-07 0.99999999999513323
    outer loop
      vertex 0.86355441949063938 -0.30947189586017604 -0
      vertex 1.131959612189261 -0.20176723210100903 -8.0032304112381825e-07
      vertex 0.8856217255275719 -0.085957309233931314 -0
    endloop
  endfacet
  facet normal 3.1178936001114932e-06 -2.7862656354120972e-07 0.99999999999510059
    outer loop
      vertex 0.8856217255275719 -0.085957309233931314 -0
      vertex 1.131959612189261 -0.20176723210100903 -8.0032304112381825e-07
      vertex 1.1497991143479176 -0.0021392106276582135 -8.0032304112381825e-07
    endloop
  endfacet
  facet normal 4.3017292797043518e-06 -4.0098328762278641e-06 0.99999999998270817
    outer loop
      vertex 0.8856217255275719 -0.085957309233931314 -0
      vertex 1.1497991143479176 -0.0021392106276582135 -8.0032304112381825e-07
      vertex 0.96574635032543721 -6.0201667219756059e-17 -0
    endloop
  endfacet
  facet normal 4.2857496059532523e-06 -2.6399944101299039e-06 0.99999999998733147
    outer loop
      vertex 1.0811893962643864 0.39124425744388519 -8.0032304112381825e-07
      vertex 1.0422314104430297 0.48599101493340024 -3.8322795858566905e-07
      vertex 0.88996188277632404 0.38396007555644779 -0
    endloop
  endfacet
  facet normal 6.4144690211446316e-07 2.7987112881600285e-06 0.99999999999587785
    outer loop
      vertex 0.88996188277632404 0.38396007555644779 -0
      vertex 1.0422314104430297 0.48599101493340024 -3.8322795858566905e-07
      vertex 0.94308729584818574 0.65774533976845562 -8.0032304112381825e-07
    endloop
  endfacet
  facet normal 3.7913523714917492e-06 -2.2281740089351746e-06 0.9999999999903304
    outer loop
      vertex 0.94308729584818574 0.65774533976845562 -8.0032304112381825e-07
      vertex 0.88093450590313538 0.73918061109532796 -3.8322795858566905e-07
      vertex 0.72410015030239927 0.64431084481648715 -0
    endloop
  endfacet
  facet normal 4.0158285450097542e-07 3.3756378131703682e-06 0.99999999999422196
    outer loop
      vertex 0.72410015030239927 0.64431084481648715 -0
      vertex 0.88093450590313538 0.73918061109532796 -3.8322795858566905e-07
      vertex 0.74071535474537586 0.87942216416337649 -8.0032304112468561e-07
    endloop
  endfacet
  facet normal 3.7518286938571338e-06 9.1315107705073249e-07 0.99999999999254485
    outer loop
      vertex 0.48599790942649146 1.0421675521161193 -6.9582486884010863e-07
      vertex 0.39332135563474568 1.080616440145026 -3.8322795858911139e-07
      vertex 0.33210592392557547 0.91245352685263281 -0
    endloop
  endfacet
  facet normal 1.3696718969553025e-06 1.7803146737566076e-06 0.99999999999747735
    outer loop
      vertex 0.33210592392557547 0.91245352685263281 -0
      vertex 0.39332135563474568 1.080616440145026 -3.8322795858911139e-07
      vertex 0.2212017909447748 0.99777679943987174 -0
    endloop
  endfacet
  facet normal -1.5956757540871961e-07 2.4619912491848139e-06 0.99999999999695666
    outer loop
      vertex 0.2212017909447748 0.99777679943987174 -0
      vertex 0.10023514027820506 1.1455943855324502 -3.832279585888954e-07
      vertex 0.0030564333497351544 0.98363827404517989 -0
    endloop
  endfacet
  facet normal -2.1028979759991624e-06 3.628049965510595e-06 0.99999999999120759
    outer loop
      vertex 0.0030564333497351544 0.98363827404517989 -0
      vertex 0.10023514027820506 1.1455943855324502 -3.832279585888954e-07
      vertex -0.098080525536217156 1.1456102260751273 -8.0032304112295088e-07
    endloop
  endfacet
  facet normal 3.8253314815116627e-06 2.1693204639503374e-06 0.9999999999903304
    outer loop
      vertex -0.098080525536217156 1.1456102260751273 -8.0032304112295088e-07
      vertex -0.1996819342418916 1.1325019667300713 -3.8322795858716999e-07
      vertex -0.19593948439369141 0.94924454745425146 -0
    endloop
  endfacet
  facet normal -3.6408035348443659e-06 2.0168484059641743e-06 0.99999999999133837
    outer loop
      vertex -0.19593948439369141 0.94924454745425146 -0
      vertex -0.1996819342418916 1.1325019667300713 -3.8322795858716999e-07
      vertex -0.29759639183399128 1.1107400966103698 -6.9582486884184336e-07
    endloop
  endfacet
  facet normal -6.500669365389019e-07 4.1099998115336713e-06 0.9999999999913427
    outer loop
      vertex -0.94194203393986209 0.65958500539950182 -6.9582486884010863e-07
      vertex -0.99589991164381431 0.57499299604247933 -3.8322795858393432e-07
      vertex -0.82498284602853122 0.50878364377676044 -0
    endloop
  endfacet
  facet normal -2.660488901291935e-06 -1.0798323058887442e-06 0.99999999999587785
    outer loop
      vertex -0.82498284602853122 0.50878364377676044 -0
      vertex -0.99589991164381431 0.57499299604247933 -3.8322795858393432e-07
      vertex -1.0797260900134344 0.39526465832612034 -8.0032304112555297e-07
    endloop
  endfacet
  facet normal -2.0629398812280813e-06 4.9288807245990932e-06 0.9999999999857252
    outer loop
      vertex -1.0797260900134344 0.39526465832612034 -8.0032304112555297e-07
      vertex -1.1107845832321139 0.2976427206634199 -3.832279585875664e-07
      vertex -0.87929003265012906 0.31678122032920858 -0
    endloop
  endfacet
  facet normal -1.7618615945499017e-06 1.2871123578912724e-06 0.99999999999761957
    outer loop
      vertex -0.87929003265012906 0.31678122032920858 -0
      vertex -1.1107845832321139 0.2976427206634199 -3.832279585875664e-07
      vertex -1.0132589638678553 0.13339807329601999 -0
    endloop
  endfacet
  facet normal -5.1264694868649871e-06 -4.2498848331956512e-06 0.99999999997782885
    outer loop
      vertex -0.29965622762837851 -1.1100669911410275 -8.0032304112468561e-07
      vertex -0.19969884486625794 -1.1324989849307354 -3.8322795858376153e-07
      vertex -0.29049541318004807 -0.93280091572216417 0
    endloop
  endfacet
  facet normal 3.0748714515630392e-06 -5.2098742459682151e-07 0.99999999999513689
    outer loop
      vertex -0.29049541318004807 -0.93280091572216417 0
      vertex -0.19969884486625794 -1.1324989849307354 -3.8322795858376153e-07
      vertex -0.10024635366133278 -1.1455382329840553 -6.9582486884010863e-07
    endloop
  endfacet
  facet normal -0.00017440138134951829 -1.4931238171299131e-05 0.99999998468060802
    outer loop
      vertex 1.1497991143479176 -0.0021392106276582135 -8.0032304112381825e-07
      vertex 1.1456239028055073 0.10022910415980689 0
      vertex 1.1327025522435377 0.19755380967812264 -8.0032304112381825e-07
    endloop
  endfacet
  facet normal -0.00016915905019029051 -4.498888116710638e-05 0.99999998468060802
    outer loop
      vertex 1.1327025522435377 0.19755380967812264 -8.0032304112381825e-07
      vertex 1.1108147002324285 0.29764190186789885 0
      vertex 1.0811893962643864 0.39124425744388519 -8.0032304112381825e-07
    endloop
  endfacet
  facet normal -0.00011804213551903763 -6.5710647711645189e-05 0.99999999087408242
    outer loop
      vertex 1.0422314104430297 0.48599101493340024 -3.8322795858566905e-07
      vertex 0.99592921435210446 0.57499999999999984 0
      vertex 0.94308729584818574 0.65774533976845562 -8.0032304112381825e-07
    endloop
  endfacet
  facet normal -9.701278019443236e-05 -9.4023164483830477e-05 0.99999999087408242
    outer loop
      vertex 0.88093450590313538 0.73918061109532796 -3.8322795858566905e-07
      vertex 0.8131727983645296 0.8131727983645296 0
      vertex 0.74071535474537586 0.87942216416337649 -8.0032304112468561e-07
    endloop
  endfacet
  facet normal -0.00010066505501379034 -0.00014319682394902162 0.99999998468060802
    outer loop
      vertex 0.74071535474537586 0.87942216416337649 -8.0032304112468561e-07
      vertex 0.65961290180370302 0.94202485093234034 0
      vertex 0.57675216792155592 0.9946856369603162 -8.0032304112468561e-07
    endloop
  endfacet
  facet normal 3.300827980276093e-06 -2.2321332507182508e-06 0.99999999999206102
    outer loop
      vertex 0.39332135563474568 1.080616440145026 -3.8322795858911139e-07
      vertex 0.29764190186789907 1.1108147002324285 0
      vertex 0.2212017909447748 0.99777679943987174 -0
    endloop
  endfacet
  facet normal 0 -0 1
    outer loop
      vertex 0.2212017909447748 0.99777679943987174 -0
      vertex 0.29764190186789907 1.1108147002324285 0
      vertex 0.19969540431696997 1.132528915964039 0
    endloop
  endfacet
  facet normal -3.9355879809988467e-06 -6.2811834730568448e-07 0.99999999999205824
    outer loop
      vertex 0.2212017909447748 0.99777679943987174 -0
      vertex 0.19969540431696997 1.132528915964039 0
      vertex 0.10023514027820506 1.1455943855324502 -3.832279585888954e-07
    endloop
  endfacet
  facet normal -2.1139775420835865e-06 -0.00013508281193254349 0.99999999087408242
    outer loop
      vertex 0.10023514027820506 1.1455943855324502 -3.832279585888954e-07
      vertex 7.0417190950972801e-17 1.1499999999999999 0
      vertex -0.098080525536217156 1.1456102260751273 -8.0032304112295088e-07
    endloop
  endfacet
  facet normal 7.2318753117644405e-06 1.1765905685249553e-07 0.99999999997384303
    outer loop
      vertex -0.29759639183399128 1.1107400966103698 -6.9582486884184336e-07
      vertex -0.39332316482451873 1.0806465139037946 0
      vertex -0.39110336164367554 0.94420703996987132 -0
    endloop
  endfacet
  facet normal 0 0 1
    outer loop
      vertex -0.39110336164367554 0.94420703996987132 -0
      vertex -0.39332316482451873 1.0806465139037946 0
      vertex -0.48601100100180417 1.0422539550921475 0
    endloop
  endfacet
  facet normal 0 0 1
    outer loop
      vertex -0.39110336164367554 0.94420703996987132 -0
      vertex -0.48601100100180417 1.0422539550921475 0
      vertex -0.57499999999999973 0.99592921435210446 0
    endloop
  endfacet
  facet normal -2.9573335052042124e-06 -1.0514710500887082e-05 0.99999999994034761
    outer loop
      vertex -0.39110336164367554 0.94420703996987132 -0
      vertex -0.57499999999999973 0.99592921435210446 0
      vertex -0.65774533976845651 0.94308729584818507 -8.0032304112468561e-07
    endloop
  endfacet
  facet normal 0.00011920580731313589 -0.00012003780052498536 0.9999999856904509
    outer loop
      vertex -0.73913297618832408 0.88090272911463663 -6.9582486884010863e-07
      vertex -0.81317279836452949 0.8131727983645296 0
      vertex -0.87942216416337782 0.74071535474537442 -8.0032304112381825e-07
    endloop
  endfacet
  facet normal 0.00012153319883482327 -5.9004377477911741e-05 0.99999999087408253
    outer loop
      vertex -0.99589991164381431 0.57499299604247933 -3.8322795858393432e-07
      vertex -1.0422539550921472 0.48601100100180439 0
      vertex -1.0797260900134344 0.39526465832612034 -8.0032304112555297e-07
    endloop
  endfacet
  facet normal 1.9359531954888277e-06 3.4828105646280408e-06 0.99999999999206102
    outer loop
      vertex -1.1107845832321139 0.2976427206634199 -3.832279585875664e-07
      vertex -1.132528915964039 0.1996954043169698 0
      vertex -1.0132589638678553 0.13339807329601999 -0
    endloop
  endfacet
  facet normal 0 0 1
    outer loop
      vertex -1.0132589638678553 0.13339807329601999 -0
      vertex -1.132528915964039 0.1996954043169698 0
      vertex -1.1456239028055073 0.10022910415980692 0
    endloop
  endfacet
  facet normal 0 0 1
    outer loop
      vertex -1.0132589638678553 0.13339807329601999 -0
      vertex -1.1456239028055073 0.10022910415980692 0
      vertex -1.1499999999999999 1.408343819019456e-16 0
    endloop
  endfacet
  facet normal 7.6273396545803919e-06 -7.8184811933879365e-06 0.99999999994034761
    outer loop
      vertex -1.0132589638678553 0.13339807329601999 -0
      vertex -1.1499999999999999 1.408343819019456e-16 0
      vertex -1.1456102260751273 -0.098080525536216934 -8.0032304112208352e-07
    endloop
  endfacet
  facet normal 0.00017243638828713157 3.0074502229888357e-05 0.99999998468060802
    outer loop
      vertex -1.1456102260751273 -0.098080525536216934 -8.0032304112208352e-07
      vertex -1.1325289159640393 -0.19969540431696953 0
      vertex -1.1111743280448754 -0.29552359004212281 -8.0032304112381825e-07
    endloop
  endfacet
  facet normal 0.00016459430958030012 5.9560867553575161e-05 0.99999998468060802
    outer loop
      vertex -1.1111743280448754 -0.29552359004212281 -8.0032304112381825e-07
      vertex -1.0806465139037946 -0.3933231648245189 0
      vertex -1.0429759603383202 -0.48398731980675241 -8.0032304112381825e-07
    endloop
  endfacet
  facet normal 0.0001517511160653442 8.7237506055814622e-05 0.99999998468060802
    outer loop
      vertex -1.0429759603383202 -0.48398731980675241 -8.0032304112381825e-07
      vertex -0.99592921435210435 -0.57500000000000007 0
      vertex -0.94308729584818551 -0.65774533976845651 -8.0032304112295088e-07
    endloop
  endfacet
  facet normal -2.9091874559045604e-06 7.605623603408412e-06 0.99999999996684552
    outer loop
      vertex -0.94308729584818551 -0.65774533976845651 -8.0032304112295088e-07
      vertex -0.88095110958682499 -0.7392057511395197 0
      vertex -0.75349916014927265 -0.69045477004072509 0
    endloop
  endfacet
  facet normal 0 0 1
    outer loop
      vertex -0.75349916014927265 -0.69045477004072509 0
      vertex -0.88095110958682499 -0.7392057511395197 0
      vertex -0.81317279836452983 -0.81317279836452949 0
    endloop
  endfacet
  facet normal 0 0 1
    outer loop
      vertex -0.75349916014927265 -0.69045477004072509 0
      vertex -0.81317279836452983 -0.81317279836452949 0
      vertex -0.73920575113952036 -0.88095110958682454 0
    endloop
  endfacet
  facet normal 0 0 1
    outer loop
      vertex -0.75349916014927265 -0.69045477004072509 0
      vertex -0.73920575113952036 -0.88095110958682454 0
      vertex -0.62215560222417932 -0.81080896667385127 0
    endloop
  endfacet
  facet normal 0 0 1
    outer loop
      vertex -0.62215560222417932 -0.81080896667385127 0
      vertex -0.73920575113952036 -0.88095110958682454 0
      vertex -0.65961290180370236 -0.9420248509323409 0
    endloop
  endfacet
  facet normal 0 0 1
    outer loop
      vertex -0.62215560222417932 -0.81080896667385127 0
      vertex -0.65961290180370236 -0.9420248509323409 0
      vertex -0.57500000000000051 -0.99592921435210413 0
    endloop
  endfacet
  facet normal 1.0584673159798161e-05 2.6962293074709362e-06 0.99999999994034761
    outer loop
      vertex -0.62215560222417932 -0.81080896667385127 0
      vertex -0.57500000000000051 -0.99592921435210413 0
      vertex -0.48786488630667368 -1.0411678213844013 -8.0032304112381825e-07
    endloop
  endfacet
  facet normal 6.0172911206398454e-05 0.00016437154390868975 0.99999998468060802
    outer loop
      vertex -0.48786488630667368 -1.0411678213844013 -8.0032304112381825e-07
      vertex -0.39332316482451879 -1.0806465139037946 0
      vertex -0.29965622762837851 -1.1100669911410275 -8.0032304112468561e-07
    endloop
  endfacet
  facet normal 5.8830804199092573e-07 0.0001691707774576842 0.9999999856904509
    outer loop
      vertex -0.10024635366133278 -1.1455382329840553 -6.9582486884010863e-07
      vertex -2.1125157285291839e-16 -1.1499999999999999 0
      vertex 0.09808052553621667 -1.1456102260751273 -8.0032304112208352e-07
    endloop
  endfacet
  facet normal -3.0074502229852145e-05 0.00017243638828685071 0.99999998468060802
    outer loop
      vertex 0.09808052553621667 -1.1456102260751273 -8.0032304112208352e-07
      vertex 0.19969540431696944 -1.1325289159640393 0
      vertex 0.29552359004212392 -1.1111743280448756 -8.0032304112121616e-07
    endloop
  endfacet
  facet normal -8.1419490872099157e-06 -1.3246550987737119e-07 0.99999999996684552
    outer loop
      vertex 0.29552359004212392 -1.1111743280448756 -8.0032304112121616e-07
      vertex 0.39332316482451929 -1.0806465139037944 0
      vertex 0.39110336164367543 -0.94420703996987143 -0
    endloop
  endfacet
  facet normal 0 0 1
    outer loop
      vertex 0.39110336164367543 -0.94420703996987143 -0
      vertex 0.39332316482451929 -1.0806465139037944 0
      vertex 0.48601100100180361 -1.0422539550921477 0
    endloop
  endfacet
  facet normal 0 0 1
    outer loop
      vertex 0.39110336164367543 -0.94420703996987143 -0
      vertex 0.48601100100180361 -1.0422539550921477 0
      vertex 0.57499999999999918 -0.9959292143521048 0
    endloop
  endfacet
  facet normal 2.9573335052042873e-06 1.0514710500887277e-05 0.99999999994034749
    outer loop
      vertex 0.39110336164367543 -0.94420703996987143 -0
      vertex 0.57499999999999918 -0.9959292143521048 0
      vertex 0.65774533976845428 -0.94308729584818651 -8.0032304112468561e-07
    endloop
  endfacet
  facet normal -0.00011226347708088922 0.0001342970416785979 0.99999998468060802
    outer loop
      vertex 0.65774533976845428 -0.94308729584818651 -8.0032304112468561e-07
      vertex 0.73920575113952003 -0.88095110958682477 0
      vertex 0.81151810041649308 -0.814543401098905 -8.0032304112208352e-07
    endloop
  endfacet
  facet normal -0.00013387837916290586 0.00011276241963806171 0.99999998468060802
    outer loop
      vertex 0.81151810041649308 -0.814543401098905 -8.0032304112208352e-07
      vertex 0.88095110958682443 -0.73920575113952047 0
      vertex 0.940633294231352 -0.6612500172860788 -8.0032304112468561e-07
    endloop
  endfacet
  facet normal -6.1519476659815129e-06 -5.335018459726794e-06 0.99999999996684552
    outer loop
      vertex 0.940633294231352 -0.6612500172860788 -8.0032304112468561e-07
      vertex 0.99592921435210457 -0.57499999999999962 0
      vertex 0.90652714314372607 -0.47190816115143031 -0
    endloop
  endfacet
  facet normal 0 0 1
    outer loop
      vertex 0.90652714314372607 -0.47190816115143031 -0
      vertex 0.99592921435210457 -0.57499999999999962 0
      vertex 1.042253955092147 -0.48601100100180494 0
    endloop
  endfacet
  facet normal 7.4788256144485114e-07 7.1976791095753785e-06 0.99999999997381706
    outer loop
      vertex 0.90652714314372607 -0.47190816115143031 -0
      vertex 1.042253955092147 -0.48601100100180494 0
      vertex 1.0805592987112065 -0.39331765358215287 -6.9582486884010863e-07
    endloop
  endfacet
  facet normal -0.00016325415767430535 4.435288101247925e-05 0.9999999856904509
    outer loop
      vertex 1.0805592987112065 -0.39331765358215287 -6.9582486884010863e-07
      vertex 1.1108147002324285 -0.29764190186789874 0
      vertex 1.131959612189261 -0.20176723210100903 -8.0032304112381825e-07
    endloop
  endfacet
  facet normal -0.00017434461478780795 1.5580082940773166e-05 0.99999998468060802
    outer loop
      vertex 1.131959612189261 -0.20176723210100903 -8.0032304112381825e-07
      vertex 1.1456239028055073 -0.10022910415980706 0
      vertex 1.1497991143479176 -0.0021392106276582135 -8.0032304112381825e-07
    endloop
  endfacet
  facet normal 1.7603389789695445e-05 -1.10813306739841e-05 -0.99999999978366239
    outer loop
      vertex 0.15343616745644717 0.047973968197203364 -0.18000004257394814
      vertex 0.13121616105045444 0.092200350881276191 -0.18000092380855326
      vertex 0.25865473581050674 0.21127832008258082 -0.18000000000000002
    endloop
  endfacet
  facet normal 1.5666639720190871e-05 -9.0085990828377836e-06 -0.99999999983670085
    outer loop
      vertex 0.13121616105045444 0.092200350881276191 -0.18000092380855326
      vertex 0.097466112870539662 0.12776177031059724 -0.18000177291696923
      vertex 0.25865473581050674 0.21127832008258082 -0.18000000000000002
    endloop
  endfacet
  facet normal 4.6565934388405851e-06 1.2241011965258474e-05 -0.99999999991423694
    outer loop
      vertex 0.097466112870539662 0.12776177031059724 -0.18000177291696923
      vertex 0.083331106050453727 0.2779730399579845 -0.18000000000000002
      vertex 0.25865473581050674 0.21127832008258082 -0.18000000000000002
    endloop
  endfacet
  facet normal 6.4141349794042753e-06 1.2406398102396571e-05 -0.99999999990247002
    outer loop
      vertex 0.097466112870539662 0.12776177031059724 -0.18000177291696923
      vertex 0.047891088047960675 0.15339216667279026 -0.18000177291696925
      vertex 0.083331106050453727 0.2779730399579845 -0.18000000000000002
    endloop
  endfacet
  facet normal -1.4954369082510891e-05 1.8485181693668659e-05 -0.99999999971733244
    outer loop
      vertex 0.047891088047960675 0.15339216667279026 -0.18000177291696925
      vertex -0.00026360786157512408 0.16036993525703183 -0.18000092380855323
      vertex 0.083331106050453727 0.2779730399579845 -0.18000000000000002
    endloop
  endfacet
  facet normal -7.2911523447800963e-07 5.4687020276630257e-06 -0.99999999998478084
    outer loop
      vertex -0.00026360786157512408 0.16036993525703183 -0.18000092380855323
      vertex -0.041761419147886447 0.15483723549005834 -0.18000092380855326
      vertex -0.12187714219653185 0.31308227328482557 -0.17999999999999999
    endloop
  endfacet
  facet normal 1.198245975507297e-06 7.0035695550954978e-06 -0.99999999997475708
    outer loop
      vertex -0.00026360786157512408 0.16036993525703183 -0.18000092380855323
      vertex -0.12187714219653185 0.31308227328482557 -0.17999999999999999
      vertex 0.083331106050453727 0.2779730399579845 -0.18000000000000002
    endloop
  endfacet
  facet normal 1.3397464440508347e-05 1.2620655482223946e-05 -0.99999999983061338
    outer loop
      vertex -0.041761419147886447 0.15483723549005834 -0.18000092380855326
      vertex -0.086721418886034518 0.13528528603430431 -0.18000177291696923
      vertex -0.12187714219653185 0.31308227328482557 -0.17999999999999999
    endloop
  endfacet
  facet normal -6.1637889871744955e-05 -2.2160535001487624e-06 -0.99999999809792983
    outer loop
      vertex -0.086721418886034518 0.13528528603430431 -0.18000177291696923
      vertex -0.11911900758627963 0.10722657895126485 -0.17999971381836485
      vertex -0.12187714219653185 0.31308227328482557 -0.17999999999999999
    endloop
  endfacet
  facet normal 6.2794826317918585e-05 -5.8292304199008319e-05 -0.9999999963294085
    outer loop
      vertex -0.14274559482468976 0.07379978502093415 -0.18000177291696923
      vertex -0.15636571203431424 0.034556790431808003 -0.18000034062528031
      vertex -0.24828442537690892 -0.070305163521554595 -0.18000000000000002
    endloop
  endfacet
  facet normal -0.0028914617923168407 0.0021053308272016517 -0.99999360349494815
    outer loop
      vertex -0.14274559482468976 0.07379978502093415 -0.18000177291696923
      vertex -0.24828442537690892 -0.070305163521554595 -0.18000000000000002
      vertex -0.11911900758627963 0.10722657895126485 -0.17999971381836485
    endloop
  endfacet
  facet normal -4.801096348676312e-05 3.8836589982053214e-05 -0.99999999809333329
    outer loop
      vertex -0.15636571203431424 0.034556790431808003 -0.18000034062528031
      vertex -0.16052120390696889 -0.0074603087903855822 -0.1800017729169692
      vertex -0.24828442537690892 -0.070305163521554595 -0.18000000000000002
    endloop
  endfacet
  facet normal 4.3429239809714796e-06 -3.4275931999582639e-05 -0.99999999940314965
    outer loop
      vertex -0.16052120390696889 -0.0074603087903855822 -0.1800017729169692
      vertex -0.15269507411846223 -0.0482557976299565 -0.18000034062528025
      vertex -0.24828442537690892 -0.070305163521554595 -0.18000000000000002
    endloop
  endfacet
  facet normal -1.5225317087247139e-05 5.0557141134922885e-05 -0.99999999860608257
    outer loop
      vertex -0.15269507411846223 -0.0482557976299565 -0.18000034062528025
      vertex -0.13160101806292152 -0.092941525780563958 -0.18000292097164078
      vertex -0.24828442537690892 -0.070305163521554595 -0.18000000000000002
    endloop
  endfacet
  facet normal -4.3400231991085425e-05 -9.4675783038812675e-05 -0.99999999457645783
    outer loop
      vertex -0.13160101806292152 -0.092941525780563958 -0.18000292097164078
      vertex -0.080062281019698242 -0.13983649133830198 -0.18000071794718828
      vertex -0.24828442537690892 -0.070305163521554595 -0.18000000000000002
    endloop
  endfacet
  facet normal 1.3149434990161747e-05 1.1556468898560609e-05 -0.99999999984677024
    outer loop
      vertex 0.074600528118112033 -0.14232875435234221 -0.18000177291696925
      vertex 0.11358506762518869 -0.11321226981220085 -0.18000092380855323
      vertex 0.23040127943821731 -0.16619200222960478 -0.17999999999999999
    endloop
  endfacet
  facet normal -5.8163223600139476e-06 -0.00011226905765082857 -0.99999999368091452
    outer loop
      vertex 0.074600528118112033 -0.14232875435234221 -0.18000177291696925
      vertex 0.23040127943821731 -0.16619200222960478 -0.17999999999999999
      vertex 0.029308622964706835 -0.15775629477935599 -0.17999977744921036
    endloop
  endfacet
  facet normal -1.3947045095898146e-06 -2.0512233657388935e-05 -0.99999999978865162
    outer loop
      vertex 0.11358506762518869 -0.11321226981220085 -0.18000092380855323
      vertex 0.14274559482468979 -0.073799785020934094 -0.18000177291696925
      vertex 0.23040127943821731 -0.16619200222960478 -0.17999999999999999
    endloop
  endfacet
  facet normal 0.00016044352683695283 -2.8294900042428869e-05 0.99999998672863655
    outer loop
      vertex 0.14274559482468979 -0.073799785020934094 -0.18000177291696925
      vertex 0.16055388979300991 -0.013394164473780008 -0.18000292097164078
      vertex 0.15343616745644717 0.047973968197203364 -0.18000004257394814
    endloop
  endfacet
  facet normal 3.222162658179854e-05 1.1380739643771172e-05 -0.99999999941612272
    outer loop
      vertex 0.14274559482468979 -0.073799785020934094 -0.18000177291696925
      vertex 0.15343616745644717 0.047973968197203364 -0.18000004257394814
      vertex 0.23040127943821731 -0.16619200222960478 -0.17999999999999999
    endloop
  endfacet
  facet normal 3.8877035198293124e-07 -1.3849961989105022e-06 -0.99999999999896527
    outer loop
      vertex -0.11911900758627963 0.10722657895126485 -0.17999971381836485
      vertex -0.3311072945836136 0.25435107961587861 -0.17999999999999999
      vertex -0.12187714219653185 0.31308227328482557 -0.17999999999999999
    endloop
  endfacet
  facet normal -4.4810514761629453e-06 -5.1580922115160396e-07 -0.99999999998982703
    outer loop
      vertex -0.080062281019698242 -0.13983649133830198 -0.18000071794718828
      vertex -0.22018468044240425 -0.31441945691320239 -0.17999999999999999
      vertex -0.24828442537690892 -0.070305163521554595 -0.18000000000000002
    endloop
  endfacet
  facet normal 6.029152709030107e-06 -9.1580904703160881e-07 -0.99999999998140521
    outer loop
      vertex -0.080062281019698242 -0.13983649133830198 -0.18000071794718828
      vertex -0.020472295100770956 -0.15940765720386266 -0.18000034074661247
      vertex -0.0023326145685154519 -0.41205826073662377 -0.17999999999999999
    endloop
  endfacet
  facet normal -1.3555059138803573e-06 -3.0244098870481417e-06 -0.99999999999450773
    outer loop
      vertex -0.080062281019698242 -0.13983649133830198 -0.18000071794718828
      vertex -0.0023326145685154519 -0.41205826073662377 -0.17999999999999999
      vertex -0.22018468044240425 -0.31441945691320239 -0.17999999999999999
    endloop
  endfacet
  facet normal 1.1333275485887628e-05 -5.3498631656393715e-07 -0.99999999993563538
    outer loop
      vertex -0.020472295100770956 -0.15940765720386266 -0.18000034074661247
      vertex 0.029308622964706835 -0.15775629477935599 -0.17999977744921036
      vertex -0.0023326145685154519 -0.41205826073662377 -0.17999999999999999
    endloop
  endfacet
  facet normal 1.0798841295117242e-07 -1.5998156841099095e-07 -0.99999999999998146
    outer loop
      vertex 0.23040127943821731 -0.16619200222960478 -0.17999999999999999
      vertex 0.15343616745644717 0.047973968197203364 -0.18000004257394814
      vertex 0.38061795822686734 -0.064794941916324914 -0.17999999999999999
    endloop
  endfacet
  facet normal 1.6097841746789886e-07 -5.3229059169543487e-08 -0.99999999999998557
    outer loop
      vertex 0.15343616745644717 0.047973968197203364 -0.18000004257394814
      vertex 0.45350232325695383 0.15562619555072305 -0.18000000000000002
      vertex 0.38061795822686734 -0.064794941916324914 -0.17999999999999999
    endloop
  endfacet
  facet normal 6.2888510533050735e-08 2.2018341004126198e-07 -0.9999999999999738
    outer loop
      vertex 0.15343616745644717 0.047973968197203364 -0.18000004257394814
      vertex 0.25865473581050674 0.21127832008258082 -0.18000000000000002
      vertex 0.45350232325695383 0.15562619555072305 -0.18000000000000002
    endloop
  endfacet
  facet normal -6.5722625234149183e-17 4.0641020805850365e-16 -1
    outer loop
      vertex 0.083331106050453727 0.2779730399579845 -0.18000000000000002
      vertex -0.12187714219653185 0.31308227328482557 -0.17999999999999999
      vertex 0.10493460147152756 0.41805561794374557 -0.17999999999999997
    endloop
  endfacet
  facet normal 1.0406548987315888e-06 -4.457108469745116e-07 -0.99999999999935918
    outer loop
      vertex -0.11911900758627963 0.10722657895126485 -0.17999971381836485
      vertex -0.39352272565935098 0.10862224089887972 -0.17999999999999997
      vertex -0.3311072945836136 0.25435107961587861 -0.17999999999999999
    endloop
  endfacet
  facet normal 1.0472454317990547e-06 8.500662435764224e-07 -0.99999999999909039
    outer loop
      vertex -0.11911900758627963 0.10722657895126485 -0.17999971381836485
      vertex -0.24828442537690892 -0.070305163521554595 -0.18000000000000002
      vertex -0.39352272565935098 0.10862224089887972 -0.17999999999999997
    endloop
  endfacet
  facet normal -1.1355925646930861e-16 2.1806608085944769e-16 -1
    outer loop
      vertex -0.24828442537690892 -0.070305163521554595 -0.18000000000000002
      vertex -0.44552618393855986 -0.045739453221465741 -0.17999999999999999
      vertex -0.39352272565935098 0.10862224089887972 -0.17999999999999997
    endloop
  endfacet
  facet normal -1.3923149064227534e-16 1.1939876787744205e-17 -1
    outer loop
      vertex -0.24828442537690892 -0.070305163521554595 -0.18000000000000002
      vertex -0.45828656566916637 -0.19453889236982083 -0.17999999999999999
      vertex -0.44552618393855986 -0.045739453221465741 -0.17999999999999999
    endloop
  endfacet
  facet normal -6.076753008785825e-17 -1.2069398846763975e-16 -1
    outer loop
      vertex -0.24828442537690892 -0.070305163521554595 -0.18000000000000002
      vertex -0.22018468044240425 -0.31441945691320239 -0.17999999999999999
      vertex -0.45828656566916637 -0.19453889236982083 -0.17999999999999999
    endloop
  endfacet
  facet normal -1.3803567047354081e-07 8.9231873695323511e-07 -0.99999999999959222
    outer loop
      vertex 0.029308622964706835 -0.15775629477935599 -0.17999977744921036
      vertex 0.20952227923103145 -0.37928574224332012 -0.17999999999999999
      vertex -0.0023326145685154519 -0.41205826073662377 -0.17999999999999999
    endloop
  endfacet
  facet normal -1.1021775074534492e-06 1.0799174300002914e-07 -0.99999999999938682
    outer loop
      vertex 0.029308622964706835 -0.15775629477935599 -0.17999977744921036
      vertex 0.23040127943821731 -0.16619200222960478 -0.17999999999999999
      vertex 0.20952227923103145 -0.37928574224332012 -0.17999999999999999
    endloop
  endfacet
  facet normal 0 -0 -1
    outer loop
      vertex 0.23040127943821731 -0.16619200222960478 -0.17999999999999999
      vertex 0.36903643833694605 -0.31582055641369478 -0.17999999999999999
      vertex 0.20952227923103145 -0.37928574224332012 -0.17999999999999999
    endloop
  endfacet
  facet normal 1.4239275652375224e-16 3.7431471294762083e-16 -1
    outer loop
      vertex 0.25865473581050674 0.21127832008258082 -0.18000000000000002
      vertex 0.083331106050453727 0.2779730399579845 -0.18000000000000002
      vertex 0.10493460147152756 0.41805561794374557 -0.17999999999999997
    endloop
  endfacet
  facet normal -0 0 -1
    outer loop
      vertex -0.12187714219653185 0.31308227328482557 -0.17999999999999999
      vertex -0.3311072945836136 0.25435107961587861 -0.17999999999999999
      vertex -0.23949562397544202 0.42590755836127298 -0.17999999999999999
    endloop
  endfacet
  facet normal 0 0 -1
    outer loop
      vertex 0.23040127943821731 -0.16619200222960478 -0.17999999999999999
      vertex 0.38061795822686734 -0.064794941916324914 -0.17999999999999999
      vertex 0.36903643833694605 -0.31582055641369478 -0.17999999999999999
    endloop
  endfacet
  facet normal 8.0894288237727297e-17 -1.5266913525218163e-16 -1
    outer loop
      vertex 0.38061795822686734 -0.064794941916324914 -0.17999999999999999
      vertex 0.45350232325695383 0.15562619555072305 -0.18000000000000002
      vertex 0.54806370023977369 0.023928977926396585 -0.17999999999999999
    endloop
  endfacet
  facet normal 3.9245740871311771e-17 1.3740603778650126e-16 -1
    outer loop
      vertex 0.45350232325695383 0.15562619555072305 -0.18000000000000002
      vertex 0.25865473581050674 0.21127832008258082 -0.18000000000000002
      vertex 0.42823221211077273 0.36484058170548717 -0.17999999999999999
    endloop
  endfacet
  facet normal -4.74719069647309e-17 2.3316758567801647e-16 -1
    outer loop
      vertex 0.25865473581050674 0.21127832008258082 -0.18000000000000002
      vertex 0.10493460147152756 0.41805561794374557 -0.17999999999999997
      vertex 0.42823221211077273 0.36484058170548717 -0.17999999999999999
    endloop
  endfacet
  facet normal -1.1960145757314697e-16 -2.0504148109357101e-16 -1
    outer loop
      vertex 0.10493460147152756 0.41805561794374557 -0.17999999999999997
      vertex 0.32392261121902211 0.56105042035172659 -0.18000000000000002
      vertex 0.42823221211077273 0.36484058170548717 -0.17999999999999999
    endloop
  endfacet
  facet normal 1.4693817094846545e-16 -5.3077542367461109e-17 -1
    outer loop
      vertex 0.10493460147152756 0.41805561794374557 -0.17999999999999997
      vertex -0.12187714219653185 0.31308227328482557 -0.17999999999999999
      vertex -0.038121462257617179 0.54494881924445693 -0.17999999999999999
    endloop
  endfacet
  facet normal 0 0 -1
    outer loop
      vertex -0.12187714219653185 0.31308227328482557 -0.17999999999999999
      vertex -0.23949562397544202 0.42590755836127298 -0.17999999999999999
      vertex -0.038121462257617179 0.54494881924445693 -0.17999999999999999
    endloop
  endfacet
  facet normal -4.948671333127931e-17 -1.6926533751111511e-16 -1
    outer loop
      vertex -0.3311072945836136 0.25435107961587861 -0.17999999999999999
      vertex -0.39352272565935098 0.10862224089887972 -0.17999999999999997
      vertex -0.54495427203995017 0.15289503552558198 -0.17999999999999997
    endloop
  endfacet
  facet normal 4.7855656596604807e-17 1.6368643864898444e-16 -1
    outer loop
      vertex -0.39352272565935098 0.10862224089887972 -0.17999999999999997
      vertex -0.44552618393855986 -0.045739453221465741 -0.17999999999999999
      vertex -0.54495427203995017 0.15289503552558198 -0.17999999999999997
    endloop
  endfacet
  facet normal 8.3042823870243071e-17 1.6493626797114092e-16 -1
    outer loop
      vertex -0.45828656566916637 -0.19453889236982083 -0.17999999999999999
      vertex -0.22018468044240425 -0.31441945691320239 -0.17999999999999999
      vertex -0.44620498853954843 -0.36890238592425545 -0.18000000000000002
    endloop
  endfacet
  facet normal 1.3974506520052739e-16 -7.0290770807730546e-17 -1
    outer loop
      vertex -0.22018468044240425 -0.31441945691320239 -0.17999999999999999
      vertex -0.29475495289074349 -0.46267259833654528 -0.17999999999999999
      vertex -0.44620498853954843 -0.36890238592425545 -0.18000000000000002
    endloop
  endfacet
  facet normal -2.9427460034078353e-16 1.4801802451778069e-16 -1
    outer loop
      vertex -0.22018468044240425 -0.31441945691320239 -0.17999999999999999
      vertex -0.26541046247805011 -0.59184765988408539 -0.18000000000000002
      vertex -0.29475495289074349 -0.46267259833654528 -0.17999999999999999
    endloop
  endfacet
  facet normal 4.17864293703865e-17 9.3234038183171307e-17 -1
    outer loop
      vertex -0.22018468044240425 -0.31441945691320239 -0.17999999999999999
      vertex -0.0023326145685154519 -0.41205826073662377 -0.17999999999999999
      vertex -0.26541046247805011 -0.59184765988408539 -0.18000000000000002
    endloop
  endfacet
  facet normal -3.936418531974335e-17 2.5446611013809955e-16 -1
    outer loop
      vertex -0.0023326145685154519 -0.41205826073662377 -0.17999999999999999
      vertex 0.20952227923103145 -0.37928574224332012 -0.17999999999999999
      vertex 0.26862307844220307 -0.58829077002364349 -0.18000000000000005
    endloop
  endfacet
  facet normal 1.9027661992762983e-16 -8.7787553580589978e-18 -1
    outer loop
      vertex 0.36903643833694605 -0.31582055641369478 -0.17999999999999999
      vertex 0.38061795822686734 -0.064794941916324914 -0.17999999999999999
      vertex 0.52117710649682436 -0.17989736153066402 -0.17999999999999997
    endloop
  endfacet
  facet normal 7.7575443133541825e-17 -1.4640558781107036e-16 -1
    outer loop
      vertex 0.38061795822686734 -0.064794941916324914 -0.17999999999999999
      vertex 0.54806370023977369 0.023928977926396585 -0.17999999999999999
      vertex 0.52117710649682436 -0.17989736153066402 -0.17999999999999997
    endloop
  endfacet
  facet normal 1.488461505956804e-16 -6.1615297916495604e-16 -1
    outer loop
      vertex 0.10493460147152756 0.41805561794374557 -0.17999999999999997
      vertex 0.27203438462183671 0.59356217230746688 -0.18000000000000005
      vertex 0.32392261121902211 0.56105042035172659 -0.18000000000000002
    endloop
  endfacet
  facet normal -1.2296610729476592e-16 -3.5736053967029662e-16 -1
    outer loop
      vertex 0.10493460147152756 0.41805561794374557 -0.17999999999999997
      vertex -0.038121462257617179 0.54494881924445693 -0.17999999999999999
      vertex 0.27203438462183671 0.59356217230746688 -0.18000000000000005
    endloop
  endfacet
  facet normal 0 0 -1
    outer loop
      vertex -0.23949562397544202 0.42590755836127298 -0.17999999999999999
      vertex -0.37973453450854128 0.53082940859339511 -0.17999999999999999
      vertex -0.29792117303250643 0.58103182775994289 -0.17999999999999999
    endloop
  endfacet
  facet normal -0 0 -1
    outer loop
      vertex -0.23949562397544202 0.42590755836127298 -0.17999999999999999
      vertex -0.3311072945836136 0.25435107961587861 -0.17999999999999999
      vertex -0.37973453450854128 0.53082940859339511 -0.17999999999999999
    endloop
  endfacet
  facet normal 1.2480455517365485e-16 2.1950729630772321e-17 -1
    outer loop
      vertex -0.3311072945836136 0.25435107961587861 -0.17999999999999999
      vertex -0.57549383033840051 0.37940283488098064 -0.18000000000000002
      vertex -0.37973453450854128 0.53082940859339511 -0.17999999999999999
    endloop
  endfacet
  facet normal -1.2707759007674413e-17 -2.4678726621067687e-16 -1
    outer loop
      vertex -0.3311072945836136 0.25435107961587861 -0.17999999999999999
      vertex -0.54495427203995017 0.15289503552558198 -0.17999999999999997
      vertex -0.57549383033840051 0.37940283488098064 -0.18000000000000002
    endloop
  endfacet
  facet normal -9.994003637620311e-17 8.9706117937308498e-17 -1
    outer loop
      vertex -0.54495427203995017 0.15289503552558198 -0.17999999999999997
      vertex -0.44552618393855986 -0.045739453221465741 -0.17999999999999999
      vertex -0.65214890976366824 0.033471341358712027 -0.17999999999999997
    endloop
  endfacet
  facet normal 9.4217654718098962e-17 5.9616980873145824e-16 -1
    outer loop
      vertex -0.44552618393855986 -0.045739453221465741 -0.17999999999999999
      vertex -0.65027842831469596 -0.059937252620688594 -0.18000000000000002
      vertex -0.65214890976366824 0.033471341358712027 -0.17999999999999997
    endloop
  endfacet
  facet normal 1.3636777946889226e-16 -1.1694297584302864e-17 -1
    outer loop
      vertex -0.44552618393855986 -0.045739453221465741 -0.17999999999999999
      vertex -0.45828656566916637 -0.19453889236982083 -0.17999999999999999
      vertex -0.65027842831469596 -0.059937252620688594 -0.18000000000000002
    endloop
  endfacet
  facet normal 1.0004841117752405e-16 7.9818661338349259e-18 -1
    outer loop
      vertex -0.0023326145685154519 -0.41205826073662377 -0.17999999999999999
      vertex 0.013779578666683192 -0.61401596169751205 -0.17999999999999999
      vertex -0.26541046247805011 -0.59184765988408539 -0.18000000000000002
    endloop
  endfacet
  facet normal -2.1608426065318755e-16 -1.7239210716720547e-17 -1
    outer loop
      vertex -0.0023326145685154519 -0.41205826073662377 -0.17999999999999999
      vertex 0.26862307844220307 -0.58829077002364349 -0.18000000000000005
      vertex 0.013779578666683192 -0.61401596169751205 -0.17999999999999999
    endloop
  endfacet
  facet normal 7.8446747862505949e-16 4.874227536777102e-16 -1
    outer loop
      vertex 0.26862307844220307 -0.58829077002364349 -0.18000000000000005
      vertex 0.20952227923103145 -0.37928574224332012 -0.17999999999999999
      vertex 0.32496705070037618 -0.56508475985521478 -0.17999999999999999
    endloop
  endfacet
  facet normal -3.9327739111066806e-16 -2.4435984174937106e-16 -1
    outer loop
      vertex 0.20952227923103145 -0.37928574224332012 -0.17999999999999999
      vertex 0.38291580359852728 -0.54476373974741688 -0.18000000000000002
      vertex 0.32496705070037618 -0.56508475985521478 -0.17999999999999999
    endloop
  endfacet
  facet normal -4.709859694175366e-17 1.1837817833545586e-16 -1
    outer loop
      vertex 0.20952227923103145 -0.37928574224332012 -0.17999999999999999
      vertex 0.36903643833694605 -0.31582055641369478 -0.17999999999999999
      vertex 0.38291580359852728 -0.54476373974741688 -0.18000000000000002
    endloop
  endfacet
  facet normal 1.8220280282239133e-16 -7.9927487311394964e-17 -1
    outer loop
      vertex 0.54806370023977369 0.023928977926396585 -0.17999999999999999
      vertex 0.45350232325695383 0.15562619555072305 -0.18000000000000002
      vertex 0.65693459996678671 0.27211122089838685 -0.17999999999999999
    endloop
  endfacet
  facet normal 2.7868658485131512e-16 -1.2225233711839528e-16 -1
    outer loop
      vertex 0.54806370023977369 0.023928977926396585 -0.17999999999999999
      vertex 0.65693459996678671 0.27211122089838685 -0.17999999999999999
      vertex 0.65334304779314956 0.036888780959541782 -0.17999999999999997
    endloop
  endfacet
  facet normal 5.6560429106161588e-17 1.3949740494436228e-16 -1
    outer loop
      vertex 0.45350232325695383 0.15562619555072305 -0.18000000000000002
      vertex 0.42823221211077273 0.36484058170548717 -0.17999999999999999
      vertex 0.65693459996678671 0.27211122089838685 -0.17999999999999999
    endloop
  endfacet
  facet normal -9.2108911162652097e-18 -1.4635535195357183e-16 -1
    outer loop
      vertex 0.42823221211077273 0.36484058170548717 -0.17999999999999999
      vertex 0.32392261121902211 0.56105042035172659 -0.18000000000000002
      vertex 0.38994239728617647 0.55689545742849444 -0.18000000000000002
    endloop
  endfacet
  facet normal -3.7636540913734769e-16 -2.1955463134763837e-16 -1
    outer loop
      vertex 0.42823221211077273 0.36484058170548717 -0.17999999999999999
      vertex 0.38994239728617647 0.55689545742849444 -0.18000000000000002
      vertex 0.46567217473699557 0.55349542412495223 -0.18000000000000005
    endloop
  endfacet
  facet normal -1.9048360083689473e-16 7.3404755650816547e-17 -1
    outer loop
      vertex 0.27203438462183671 0.59356217230746688 -0.18000000000000005
      vertex -0.038121462257617179 0.54494881924445693 -0.17999999999999999
      vertex 0.031704160306283577 0.72614465456499577 -0.17999999999999999
    endloop
  endfacet
  facet normal 0 0 -1
    outer loop
      vertex -0.038121462257617179 0.54494881924445693 -0.17999999999999999
      vertex -0.26192814601967696 0.6740593516338732 -0.17999999999999999
      vertex 0.031704160306283577 0.72614465456499577 -0.17999999999999999
    endloop
  endfacet
  facet normal 0 0 -1
    outer loop
      vertex -0.038121462257617179 0.54494881924445693 -0.17999999999999999
      vertex -0.29792117303250643 0.58103182775994289 -0.17999999999999999
      vertex -0.26192814601967696 0.6740593516338732 -0.17999999999999999
    endloop
  endfacet
  facet normal -0 0 -1
    outer loop
      vertex -0.038121462257617179 0.54494881924445693 -0.17999999999999999
      vertex -0.23949562397544202 0.42590755836127298 -0.17999999999999999
      vertex -0.29792117303250643 0.58103182775994289 -0.17999999999999999
    endloop
  endfacet
  facet normal -1.5147158663591747e-16 1.486868577260283e-16 -1
    outer loop
      vertex -0.45828656566916637 -0.19453889236982083 -0.17999999999999999
      vertex -0.44620498853954843 -0.36890238592425545 -0.18000000000000002
      vertex -0.64017390618741488 -0.3798327675558294 -0.17999999999999999
    endloop
  endfacet
  facet normal 1.2747461496902381e-16 -9.0109006014634443e-17 -1
    outer loop
      vertex -0.44620498853954843 -0.36890238592425545 -0.18000000000000002
      vertex -0.29475495289074349 -0.46267259833654528 -0.17999999999999999
      vertex -0.35585970748718171 -0.54911573437216643 -0.17999999999999999
    endloop
  endfacet
  facet normal -2.300398615711549e-16 1.6261012653348993e-16 -1
    outer loop
      vertex -0.29475495289074349 -0.46267259833654528 -0.17999999999999999
      vertex -0.26541046247805011 -0.59184765988408539 -0.18000000000000002
      vertex -0.35585970748718171 -0.54911573437216643 -0.17999999999999999
    endloop
  endfacet
  facet normal -1.5370190860252782e-16 -6.3522243596776909e-16 -1
    outer loop
      vertex 0.013779578666683192 -0.61401596169751205 -0.17999999999999999
      vertex 0.26862307844220307 -0.58829077002364349 -0.18000000000000005
      vertex 0.26192814601967679 -0.67405935163387332 -0.17999999999999999
    endloop
  endfacet
  facet normal 3.33789643354108e-16 1.4146900346476872e-16 -1
    outer loop
      vertex 0.38291580359852728 -0.54476373974741688 -0.18000000000000002
      vertex 0.36903643833694605 -0.31582055641369478 -0.17999999999999999
      vertex 0.46879368387401338 -0.55119321469426552 -0.17999999999999999
    endloop
  endfacet
  facet normal -1.1950847486189047e-16 -5.06508969973347e-17 -1
    outer loop
      vertex 0.36903643833694605 -0.31582055641369478 -0.17999999999999999
      vertex 0.62860432268089261 -0.38028113972015676 -0.18000000000000002
      vertex 0.46879368387401338 -0.55119321469426552 -0.17999999999999999
    endloop
  endfacet
  facet normal -4.3991073889351489e-17 2.5344023895163836e-16 -1
    outer loop
      vertex 0.36903643833694605 -0.31582055641369478 -0.17999999999999999
      vertex 0.52117710649682436 -0.17989736153066402 -0.17999999999999997
      vertex 0.62860432268089261 -0.38028113972015676 -0.18000000000000002
    endloop
  endfacet
  facet normal -1.9076734453750476e-16 1.7475240154246601e-16 -1
    outer loop
      vertex 0.52117710649682436 -0.17989736153066402 -0.17999999999999997
      vertex 0.71097181758259076 -0.13153718249523033 -0.17999999999999999
      vertex 0.62860432268089261 -0.38028113972015676 -0.18000000000000002
    endloop
  endfacet
  facet normal -1.3041484632861218e-16 -6.2107452770070392e-17 -1
    outer loop
      vertex 0.52117710649682436 -0.17989736153066402 -0.17999999999999997
      vertex 0.67686403478679147 -0.059916772165547361 -0.17999999999999999
      vertex 0.71097181758259076 -0.13153718249523033 -0.17999999999999999
    endloop
  endfacet
  facet normal -8.1634984338379866e-17 -1.2540424865892096e-16 -1
    outer loop
      vertex 0.52117710649682436 -0.17989736153066402 -0.17999999999999997
      vertex 0.54806370023977369 0.023928977926396585 -0.17999999999999999
      vertex 0.67686403478679147 -0.059916772165547361 -0.17999999999999999
    endloop
  endfacet
  facet normal 2.2171176245587441e-16 3.4058433666597164e-16 -1
    outer loop
      vertex 0.54806370023977369 0.023928977926396585 -0.17999999999999999
      vertex 0.65334304779314956 0.036888780959541782 -0.17999999999999997
      vertex 0.67686403478679147 -0.059916772165547361 -0.17999999999999999
    endloop
  endfacet
  facet normal -1.3910847215065915e-16 -1.1587312965204802e-16 -1
    outer loop
      vertex 0.65334304779314956 0.036888780959541782 -0.17999999999999997
      vertex 0.65693459996678671 0.27211122089838685 -0.17999999999999999
      vertex 0.786260250863141 0.11685267424392186 -0.17999999999999999
    endloop
  endfacet
  facet normal -6.6071532514869457e-18 3.5808386472929029e-16 1
    outer loop
      vertex 0.65334304779314956 0.036888780959541782 -0.17999999999999997
      vertex 0.786260250863141 0.11685267424392186 -0.17999999999999999
      vertex 0.71606633316228918 0.1155574972832889 -0.17999999999999999
    endloop
  endfacet
  facet normal 0 0 -1
    outer loop
      vertex 0.65693459996678671 0.27211122089838685 -0.17999999999999999
      vertex 0.42823221211077273 0.36484058170548717 -0.17999999999999999
      vertex 0.70718508303365257 0.45052658528741774 -0.17999999999999999
    endloop
  endfacet
  facet normal 0 0 -1
    outer loop
      vertex 0.42823221211077273 0.36484058170548717 -0.17999999999999999
      vertex 0.51460670592603486 0.60499178804023734 -0.17999999999999999
      vertex 0.70718508303365257 0.45052658528741774 -0.17999999999999999
    endloop
  endfacet
  facet normal 1.825245256174073e-15 -6.5648071270142601e-16 -1
    outer loop
      vertex 0.42823221211077273 0.36484058170548717 -0.17999999999999999
      vertex 0.46567217473699557 0.55349542412495223 -0.18000000000000005
      vertex 0.51460670592603486 0.60499178804023734 -0.17999999999999999
    endloop
  endfacet
  facet normal 9.1418279213766819e-16 -5.055501277154515e-16 1
    outer loop
      vertex 0.27203438462183671 0.59356217230746688 -0.18000000000000005
      vertex 0.29193274103618672 0.73934768835536679 -0.17999999999999999
      vertex 0.25795743833606521 0.6779103839549584 -0.17999999999999999
    endloop
  endfacet
  facet normal -1.9453715525911934e-17 3.8342799553564451e-16 -1
    outer loop
      vertex 0.27203438462183671 0.59356217230746688 -0.18000000000000005
      vertex 0.031704160306283577 0.72614465456499577 -0.17999999999999999
      vertex 0.29193274103618672 0.73934768835536679 -0.17999999999999999
    endloop
  endfacet
  facet normal 0 0 1
    outer loop
      vertex -0.37973453450854128 0.53082940859339511 -0.17999999999999999
      vertex -0.49432750982695445 0.6224950141114447 -0.17999999999999999
      vertex -0.45810889482622413 0.56235288667166938 -0.17999999999999999
    endloop
  endfacet
  facet normal 7.2081052422489597e-17 9.0109940522338539e-17 -1
    outer loop
      vertex -0.37973453450854128 0.53082940859339511 -0.17999999999999999
      vertex -0.57549383033840051 0.37940283488098064 -0.18000000000000002
      vertex -0.49432750982695445 0.6224950141114447 -0.17999999999999999
    endloop
  endfacet
  facet normal -6.4776414704580164e-17 -2.538075708125621e-16 -1
    outer loop
      vertex -0.57549383033840051 0.37940283488098064 -0.18000000000000002
      vertex -0.54495427203995017 0.15289503552558198 -0.17999999999999997
      vertex -0.77467447311178805 0.32088067318713426 -0.17999999999999999
    endloop
  endfacet
  facet normal 1.5006846309517706e-16 3.9992596954462561e-17 -1
    outer loop
      vertex -0.54495427203995017 0.15289503552558198 -0.17999999999999997
      vertex -0.71790117338460346 0.10784419934669917 -0.17999999999999999
      vertex -0.77467447311178805 0.32088067318713426 -0.17999999999999999
    endloop
  endfacet
  facet normal 2.0946134490241789e-16 -1.8801238012754679e-16 -1
    outer loop
      vertex -0.54495427203995017 0.15289503552558198 -0.17999999999999997
      vertex -0.65214890976366824 0.033471341358712027 -0.17999999999999997
      vertex -0.71790117338460346 0.10784419934669917 -0.17999999999999999
    endloop
  endfacet
  facet normal -2.7409097793557983e-15 4.2400004606583669e-15 1
    outer loop
      vertex -0.65027842831469596 -0.059937252620688594 -0.18000000000000002
      vertex -0.78059812109565252 -0.14418123412499806 -0.18000000000000002
      vertex -0.7160663331622894 -0.11555749728328868 -0.17999999999999997
    endloop
  endfacet
  facet normal 6.9352283298645323e-17 -1.0728325147684277e-16 -1
    outer loop
      vertex -0.65027842831469596 -0.059937252620688594 -0.18000000000000002
      vertex -0.45828656566916637 -0.19453889236982083 -0.17999999999999999
      vertex -0.78059812109565252 -0.14418123412499806 -0.18000000000000002
    endloop
  endfacet
  facet normal 7.4663261299540262e-17 -7.3290614806127637e-17 -1
    outer loop
      vertex -0.45828656566916637 -0.19453889236982083 -0.17999999999999999
      vertex -0.64017390618741488 -0.3798327675558294 -0.17999999999999999
      vertex -0.78059812109565252 -0.14418123412499806 -0.18000000000000002
    endloop
  endfacet
  facet normal -1.3572728856380155e-16 -1.3070910108954359e-16 -1
    outer loop
      vertex -0.64017390618741488 -0.3798327675558294 -0.17999999999999999
      vertex -0.44620498853954843 -0.36890238592425545 -0.18000000000000002
      vertex -0.47350977524303284 -0.55289547248887527 -0.17999999999999999
    endloop
  endfacet
  facet normal 4.8696056162612397e-18 -1.5157384268629213e-16 -1
    outer loop
      vertex -0.44620498853954843 -0.36890238592425545 -0.18000000000000002
      vertex -0.35585970748718171 -0.54911573437216643 -0.17999999999999999
      vertex -0.47350977524303284 -0.55289547248887527 -0.17999999999999999
    endloop
  endfacet
  facet normal 0 0 -1
    outer loop
      vertex -0.35585970748718171 -0.54911573437216643 -0.17999999999999999
      vertex -0.41625261380904449 -0.59447034071258276 -0.17999999999999999
      vertex -0.47350977524303284 -0.55289547248887527 -0.17999999999999999
    endloop
  endfacet
  facet normal -5.0422169113749071e-16 2.7883848016368375e-16 1
    outer loop
      vertex -0.26541046247805011 -0.59184765988408539 -0.18000000000000002
      vertex -0.29193274103618672 -0.73934768835536668 -0.17999999999999999
      vertex -0.25795743833606516 -0.6779103839549584 -0.17999999999999999
    endloop
  endfacet
  facet normal -1.3646735889221225e-17 -1.8571951049012367e-16 -1
    outer loop
      vertex -0.26541046247805011 -0.59184765988408539 -0.18000000000000002
      vertex -0.033110974807746649 -0.75836600407663879 -0.17999999999999999
      vertex -0.29193274103618672 -0.73934768835536668 -0.17999999999999999
    endloop
  endfacet
  facet normal 9.6914912407853783e-17 -3.1481763412265392e-17 -1
    outer loop
      vertex -0.26541046247805011 -0.59184765988408539 -0.18000000000000002
      vertex 0.013779578666683192 -0.61401596169751205 -0.17999999999999999
      vertex -0.033110974807746649 -0.75836600407663879 -0.17999999999999999
    endloop
  endfacet
  facet normal 0 -0 -1
    outer loop
      vertex 0.013779578666683192 -0.61401596169751205 -0.17999999999999999
      vertex 0.26192814601967679 -0.67405935163387332 -0.17999999999999999
      vertex -0.033110974807746649 -0.75836600407663879 -0.17999999999999999
    endloop
  endfacet
  facet normal -0 0 -1
    outer loop
      vertex 0.031704160306283577 0.72614465456499577 -0.17999999999999999
      vertex -0.26192814601967696 0.6740593516338732 -0.17999999999999999
      vertex -0.26951173679790402 0.74921566097451564 -0.17999999999999999
    endloop
  endfacet
  facet normal -4.8569025750711767e-17 1.6997190899807997e-16 -1
    outer loop
      vertex -0.033110974807746649 -0.75836600407663879 -0.17999999999999999
      vertex 0.26192814601967679 -0.67405935163387332 -0.17999999999999999
      vertex 0.2194535765444551 -0.84949142302725977 -0.18000000000000002
    endloop
  endfacet
  facet normal 2.9036719862653591e-16 8.7910686693413915e-17 -1
    outer loop
      vertex 0.26192814601967679 -0.67405935163387332 -0.17999999999999999
      vertex 0.28309305486684316 -0.74396661231277439 -0.17999999999999999
      vertex 0.2194535765444551 -0.84949142302725977 -0.18000000000000002
    endloop
  endfacet
  facet normal -1.243352364891094e-16 -4.6137653219027943e-17 -1
    outer loop
      vertex 0.46879368387401338 -0.55119321469426552 -0.17999999999999999
      vertex 0.62860432268089261 -0.38028113972015676 -0.18000000000000002
      vertex 0.4956403347198387 -0.62354159934248166 -0.17999999999999999
    endloop
  endfacet
  facet normal 1.4225314552664068e-17 1.0687243376006465e-16 -1
    outer loop
      vertex 0.62860432268089261 -0.38028113972015676 -0.18000000000000002
      vertex 0.71097181758259076 -0.13153718249523033 -0.17999999999999999
      vertex 0.78359566371603184 -0.14120381980220739 -0.17999999999999999
    endloop
  endfacet
  facet normal 8.3453932433709146e-17 6.9514589466495089e-17 -1
    outer loop
      vertex 0.786260250863141 0.11685267424392186 -0.17999999999999999
      vertex 0.65693459996678671 0.27211122089838685 -0.17999999999999999
      vertex 0.90420511325837005 0.37453402107871742 -0.17999999999999997
    endloop
  endfacet
  facet normal 3.7700545008873356e-17 9.0456644645202222e-17 -1
    outer loop
      vertex 0.786260250863141 0.11685267424392186 -0.17999999999999999
      vertex 0.90420511325837005 0.37453402107871742 -0.17999999999999997
      vertex 0.86509185425009538 0.08399721709902587 -0.17999999999999999
    endloop
  endfacet
  facet normal 1.2707244194029327e-16 -3.5789807754799979e-17 -1
    outer loop
      vertex 0.65693459996678671 0.27211122089838685 -0.17999999999999999
      vertex 0.70718508303365257 0.45052658528741774 -0.17999999999999999
      vertex 0.90420511325837005 0.37453402107871742 -0.17999999999999997
    endloop
  endfacet
  facet normal 0 0 -1
    outer loop
      vertex 0.70718508303365257 0.45052658528741774 -0.17999999999999999
      vertex 0.51460670592603486 0.60499178804023734 -0.17999999999999999
      vertex 0.75044544900005339 0.62969849947461287 -0.17999999999999999
    endloop
  endfacet
  facet normal 0 0 -1
    outer loop
      vertex 0.51460670592603486 0.60499178804023734 -0.17999999999999999
      vertex 0.66120321827337492 0.72157669303609506 -0.17999999999999999
      vertex 0.75044544900005339 0.62969849947461287 -0.17999999999999999
    endloop
  endfacet
  facet normal 0 0 -1
    outer loop
      vertex 0.51460670592603486 0.60499178804023734 -0.17999999999999999
      vertex 0.49107842260907264 0.70133267040320868 -0.17999999999999999
      vertex 0.66120321827337492 0.72157669303609506 -0.17999999999999999
    endloop
  endfacet
  facet normal -5.8843793187504811e-18 1.1597968337486175e-16 -1
    outer loop
      vertex 0.29193274103618672 0.73934768835536679 -0.17999999999999999
      vertex 0.031704160306283577 0.72614465456499577 -0.17999999999999999
      vertex 0.12774657979347945 0.97033160885289271 -0.17999999999999997
    endloop
  endfacet
  facet normal -5.9487479699410041e-17 7.7877952036804142e-17 -1
    outer loop
      vertex 0.29193274103618672 0.73934768835536679 -0.17999999999999999
      vertex 0.12774657979347945 0.97033160885289271 -0.17999999999999997
      vertex 0.35980220327009471 0.79119013093708057 -0.17999999999999999
    endloop
  endfacet
  facet normal 3.2507911480467075e-16 -1.4193260672236345e-17 -1
    outer loop
      vertex 0.031704160306283577 0.72614465456499577 -0.17999999999999999
      vertex -0.042690493408514212 0.97777305217545907 -0.18000000000000002
      vertex 0.12774657979347945 0.97033160885289271 -0.17999999999999997
    endloop
  endfacet
  facet normal -1.0089241920315072e-17 -1.3172550872660985e-16 -1
    outer loop
      vertex 0.031704160306283577 0.72614465456499577 -0.17999999999999999
      vertex -0.26951173679790402 0.74921566097451564 -0.17999999999999999
      vertex -0.21183043757072223 0.95550535608471154 -0.18000000000000002
    endloop
  endfacet
  facet normal 1.3977713856977704e-17 -1.0617127751563295e-16 -1
    outer loop
      vertex 0.031704160306283577 0.72614465456499577 -0.17999999999999999
      vertex -0.21183043757072223 0.95550535608471154 -0.18000000000000002
      vertex -0.042690493408514212 0.97777305217545907 -0.18000000000000002
    endloop
  endfacet
  facet normal 2.4153609358718368e-16 -2.0208324648367478e-16 -1
    outer loop
      vertex -0.26951173679790402 0.74921566097451564 -0.17999999999999999
      vertex -0.36049496775853729 0.77781695043333265 -0.18000000000000002
      vertex -0.21183043757072223 0.95550535608471154 -0.18000000000000002
    endloop
  endfacet
  facet normal 1.4950608396687049e-16 3.0343080238188527e-16 -1
    outer loop
      vertex -0.49432750982695445 0.6224950141114447 -0.17999999999999999
      vertex -0.71369162240869266 0.5476348429686797 -0.18000000000000005
      vertex -0.50206825000930788 0.71778152800632955 -0.17999999999999997
    endloop
  endfacet
  facet normal 2.4162205598855335e-16 3.3501704589626012e-17 -1
    outer loop
      vertex -0.49432750982695445 0.6224950141114447 -0.17999999999999999
      vertex -0.57549383033840051 0.37940283488098064 -0.18000000000000002
      vertex -0.71369162240869266 0.5476348429686797 -0.18000000000000005
    endloop
  endfacet
  facet normal -7.3205255454299438e-17 -2.2511994428320682e-16 -1
    outer loop
      vertex -0.57549383033840051 0.37940283488098064 -0.18000000000000002
      vertex -0.77467447311178805 0.32088067318713426 -0.17999999999999999
      vertex -0.71369162240869266 0.5476348429686797 -0.18000000000000005
    endloop
  endfacet
  facet normal -1.8056163322150091e-16 -4.8118895029178567e-17 -1
    outer loop
      vertex -0.77467447311178805 0.32088067318713426 -0.17999999999999999
      vertex -0.71790117338460346 0.10784419934669917 -0.17999999999999999
      vertex -0.86487579865334951 0.082540267611614343 -0.17999999999999997
    endloop
  endfacet
  facet normal 1.1682501729346217e-16 4.1832481164303336e-16 1
    outer loop
      vertex -0.71790117338460346 0.10784419934669917 -0.17999999999999999
      vertex -0.78584051326373283 0.12681752900675897 -0.17999999999999999
      vertex -0.86487579865334951 0.082540267611614343 -0.17999999999999997
    endloop
  endfacet
  facet normal -4.6428069892519328e-17 3.6327490612623289e-16 -1
    outer loop
      vertex -0.79339792026592582 -0.06941332368831328 -0.17999999999999999
      vertex -0.78059812109565252 -0.14418123412499806 -0.18000000000000002
      vertex -0.86480085081716462 -0.078538920293688683 -0.17999999999999999
    endloop
  endfacet
  facet normal -1.8378686539464963e-16 1.8707780310726974e-16 -1
    outer loop
      vertex -0.78059812109565252 -0.14418123412499806 -0.18000000000000002
      vertex -0.93340713060681746 -0.29430213781133641 -0.18000000000000002
      vertex -0.86480085081716462 -0.078538920293688683 -0.17999999999999999
    endloop
  endfacet
  facet normal -8.2802191712784976e-17 -1.6712392152176621e-16 -1
    outer loop
      vertex -0.78059812109565252 -0.14418123412499806 -0.18000000000000002
      vertex -0.64017390618741488 -0.3798327675558294 -0.17999999999999999
      vertex -0.80003647640862408 -0.46670605473263188 -0.17999999999999997
    endloop
  endfacet
  facet normal 1.7972819015395443e-16 -1.8294645212130732e-16 -1
    outer loop
      vertex -0.78059812109565252 -0.14418123412499806 -0.18000000000000002
      vertex -0.80003647640862408 -0.46670605473263188 -0.17999999999999997
      vertex -0.93340713060681746 -0.29430213781133641 -0.18000000000000002
    endloop
  endfacet
  facet normal 1.5753643126166219e-16 1.5171190360431525e-16 -1
    outer loop
      vertex -0.64017390618741488 -0.3798327675558294 -0.17999999999999999
      vertex -0.47350977524303284 -0.55289547248887527 -0.17999999999999999
      vertex -0.72157669303609517 -0.66120321827337469 -0.18000000000000005
    endloop
  endfacet
  facet normal 8.8873879634749585e-16 2.7561288135551604e-17 1
    outer loop
      vertex -0.47350977524303284 -0.55289547248887527 -0.17999999999999999
      vertex -0.50274745839688961 -0.61714908330601514 -0.17999999999999997
      vertex -0.49987462547106065 -0.709786193155583 -0.17999999999999997
    endloop
  endfacet
  facet normal 3.2484936025599583e-16 -2.3149986303272841e-16 -1
    outer loop
      vertex -0.47350977524303284 -0.55289547248887527 -0.17999999999999999
      vertex -0.49987462547106065 -0.709786193155583 -0.17999999999999997
      vertex -0.72157669303609517 -0.66120321827337469 -0.18000000000000005
    endloop
  endfacet
  facet normal 0 0 -1
    outer loop
      vertex -0.29193274103618672 -0.73934768835536668 -0.17999999999999999
      vertex -0.033110974807746649 -0.75836600407663879 -0.17999999999999999
      vertex -0.12774657979347942 -0.97033160885289282 -0.17999999999999999
    endloop
  endfacet
  facet normal 0 -0 -1
    outer loop
      vertex -0.29193274103618672 -0.73934768835536668 -0.17999999999999999
      vertex -0.12774657979347942 -0.97033160885289282 -0.17999999999999999
      vertex -0.35980220327009504 -0.79119013093708013 -0.17999999999999999
    endloop
  endfacet
  facet normal -4.0607409556802897e-16 1.8129860145790879e-16 -1
    outer loop
      vertex -0.033110974807746649 -0.75836600407663879 -0.17999999999999999
      vertex 0.039389392236342309 -0.90216540487638497 -0.18000000000000005
      vertex -0.12774657979347942 -0.97033160885289282 -0.17999999999999999
    endloop
  endfacet
  facet normal 3.591954754395392e-17 4.0414168132162812e-16 -1
    outer loop
      vertex -0.033110974807746649 -0.75836600407663879 -0.17999999999999999
      vertex 0.2194535765444551 -0.84949142302725977 -0.18000000000000002
      vertex 0.039389392236342309 -0.90216540487638497 -0.18000000000000005
    endloop
  endfacet
  facet normal 1.0149557853053996e-16 2.0181462351576644e-16 -1
    outer loop
      vertex 0.28309305486684316 -0.74396661231277439 -0.17999999999999999
      vertex 0.3664704069665774 -0.78589832390178094 -0.17999999999999999
      vertex 0.2194535765444551 -0.84949142302725977 -0.18000000000000002
    endloop
  endfacet
  facet normal -8.4521968600345833e-17 -6.7899228776644598e-17 -1
    outer loop
      vertex 0.4956403347198387 -0.62354159934248166 -0.17999999999999999
      vertex 0.62860432268089261 -0.38028113972015676 -0.18000000000000002
      vertex 0.73854104913495133 -0.51713200988160057 -0.18000000000000002
    endloop
  endfacet
  facet normal 1.1883482368608892e-16 9.5463854116395518e-17 -1
    outer loop
      vertex 0.62860432268089261 -0.38028113972015676 -0.18000000000000002
      vertex 0.83428620811248544 -0.34557266230101413 -0.17999999999999999
      vertex 0.73854104913495133 -0.51713200988160057 -0.18000000000000002
    endloop
  endfacet
  facet normal 1.2952295230100061e-16 3.2126173851632731e-17 -1
    outer loop
      vertex 0.62860432268089261 -0.38028113972015676 -0.18000000000000002
      vertex 0.78359566371603184 -0.14120381980220739 -0.17999999999999999
      vertex 0.83428620811248544 -0.34557266230101413 -0.17999999999999999
    endloop
  endfacet
  facet normal 0 0 -1
    outer loop
      vertex 0.78359566371603184 -0.14120381980220739 -0.17999999999999999
      vertex 0.95550535608471154 -0.21183043757072229 -0.17999999999999999
      vertex 0.83428620811248544 -0.34557266230101413 -0.17999999999999999
    endloop
  endfacet
  facet normal -1.1995429637713681e-16 -2.9197640832926771e-16 -1
    outer loop
      vertex 0.78359566371603184 -0.14120381980220739 -0.17999999999999999
      vertex 0.85291112037769379 -0.074620054028243038 -0.18000000000000002
      vertex 0.95550535608471154 -0.21183043757072229 -0.17999999999999999
    endloop
  endfacet
  facet normal -2.6463170348400701e-16 -6.4616472796032088e-18 -1
    outer loop
      vertex 0.8671428571428571 0 -0.17999999999999999
      vertex 0.86509185425009538 0.08399721709902587 -0.17999999999999999
      vertex 0.97202664563158714 -6.4724708688425657e-17 -0.18000000000000002
    endloop
  endfacet
  facet normal 4.8382920449391632e-17 -4.0659579394677613e-16 -1
    outer loop
      vertex 0.66120321827337492 0.72157669303609506 -0.17999999999999999
      vertex 0.49107842260907264 0.70133267040320868 -0.17999999999999999
      vertex 0.440877554076472 0.76362232357714444 -0.18000000000000002
    endloop
  endfacet
  facet normal 3.0012552057749053e-16 2.1689522067932407e-16 1
    outer loop
      vertex -0.36049496775853729 0.77781695043333265 -0.18000000000000002
      vertex -0.43357142857142839 0.75096774299593472 -0.17999999999999999
      vertex -0.50206825000930788 0.71778152800632955 -0.17999999999999997
    endloop
  endfacet
  facet normal -4.3965297291551356e-16 1.1213318610168762e-16 -1
    outer loop
      vertex -0.36049496775853729 0.77781695043333265 -0.18000000000000002
      vertex -0.50206825000930788 0.71778152800632955 -0.17999999999999997
      vertex -0.3836942768610046 0.93438015004867836 -0.17999999999999999
    endloop
  endfacet
  facet normal -6.098766481405536e-17 -3.4502612454117504e-16 -1
    outer loop
      vertex -0.87741897901991017 0.004136343288082738 -0.18000000000000002
      vertex -0.86480085081716462 -0.078538920293688683 -0.17999999999999999
      vertex -1.0010440851645734 -0.13490108397600903 -0.17999999999999997
    endloop
  endfacet
  facet normal -3.3322103995535612e-16 2.9369207857293432e-16 -1
    outer loop
      vertex -0.64017390618741488 -0.3798327675558294 -0.17999999999999999
      vertex -0.72157669303609517 -0.66120321827337469 -0.18000000000000005
      vertex -0.80003647640862408 -0.46670605473263188 -0.17999999999999997
    endloop
  endfacet
  facet normal -2.2576236560998326e-06 -5.5772267857614875e-06 -0.99999999998189881
    outer loop
      vertex -0.44229166787620822 -0.75779895394980623 -0.18000000000000002
      vertex -0.35980220327009504 -0.79119013093708013 -0.17999999999999999
      vertex -0.48699398130111365 -1.0414414430805907 -0.17999831714051176
    endloop
  endfacet
  facet normal 3.1361746306973346e-17 3.639525576730684e-16 -1
    outer loop
      vertex 0.2194535765444551 -0.84949142302725977 -0.18000000000000002
      vertex 0.3664704069665774 -0.78589832390178094 -0.17999999999999999
      vertex 0.48921723982128112 -0.87273692410195558 -0.18000000000000002
    endloop
  endfacet
  facet normal -9.5853576780115469e-17 1.841330078008606e-16 -1
    outer loop
      vertex 0.3664704069665774 -0.78589832390178094 -0.17999999999999999
      vertex 0.433571428571428 -0.75096774299593494 -0.17999999999999999
      vertex 0.48921723982128112 -0.87273692410195558 -0.18000000000000002
    endloop
  endfacet
  facet normal -1.098164836048557e-16 1.7775226950064741e-16 -1
    outer loop
      vertex 0.433571428571428 -0.75096774299593494 -0.17999999999999999
      vertex 0.50041712556871798 -0.70967004587521654 -0.17999999999999999
      vertex 0.48921723982128112 -0.87273692410195558 -0.18000000000000002
    endloop
  endfacet
  facet normal 0 0 -1
    outer loop
      vertex 0.50041712556871798 -0.70967004587521654 -0.17999999999999999
      vertex 0.4956403347198387 -0.62354159934248166 -0.17999999999999999
      vertex 0.68013151344438005 -0.74679896044433325 -0.17999999999999999
    endloop
  endfacet
  facet normal -6.901381297410961e-17 -1.0329962924767873e-16 -1
    outer loop
      vertex 0.4956403347198387 -0.62354159934248166 -0.17999999999999999
      vertex 0.73854104913495133 -0.51713200988160057 -0.18000000000000002
      vertex 0.68013151344438005 -0.74679896044433325 -0.17999999999999999
    endloop
  endfacet
  facet normal 8.6298663238723e-17 -1.3775801604885798e-16 -1
    outer loop
      vertex 0.95550535608471154 -0.21183043757072229 -0.17999999999999999
      vertex 0.85291112037769379 -0.074620054028243038 -0.18000000000000002
      vertex 0.97202664563158714 -6.4724708688425657e-17 -0.18000000000000002
    endloop
  endfacet
  facet normal -2.6463170348400676e-16 4.2242993213860912e-16 -1
    outer loop
      vertex 0.85291112037769379 -0.074620054028243038 -0.18000000000000002
      vertex 0.8671428571428571 0 -0.17999999999999999
      vertex 0.97202664563158714 -6.4724708688425657e-17 -0.18000000000000002
    endloop
  endfacet
  facet normal 3.5256208777789641e-06 4.4883812357594496e-06 -0.99999999998371225
    outer loop
      vertex 0.97202664563158714 -6.4724708688425657e-17 -0.18000000000000002
      vertex 0.86509185425009538 0.08399721709902587 -0.17999999999999999
      vertex 1.1317519389497877 0.20215644947066946 -0.17999852951395667
    endloop
  endfacet
  facet normal 5.86428088729927e-06 -7.8947360221697943e-07 -0.99999999998249356
    outer loop
      vertex 0.86509185425009538 0.08399721709902587 -0.17999999999999999
      vertex 0.90420511325837005 0.37453402107871742 -0.17999999999999997
      vertex 1.1317519389497877 0.20215644947066946 -0.17999852951395667
    endloop
  endfacet
  facet normal 2.3902893182413297e-06 6.1971178180621735e-06 -0.99999999997794109
    outer loop
      vertex 0.90420511325837005 0.37453402107871742 -0.17999999999999997
      vertex 0.70718508303365257 0.45052658528741774 -0.17999999999999999
      vertex 0.994357367769092 0.57704688418057848 -0.17999852951395665
    endloop
  endfacet
  facet normal 5.7301089447468965e-06 -1.3835126509733589e-06 -0.9999999999826259
    outer loop
      vertex 0.70718508303365257 0.45052658528741774 -0.17999999999999999
      vertex 0.75044544900005339 0.62969849947461287 -0.17999999999999999
      vertex 0.994357367769092 0.57704688418057848 -0.17999852951395665
    endloop
  endfacet
  facet normal 1.663604082251766e-06 4.8925648252771053e-06 -0.99999999998664768
    outer loop
      vertex 0.440877554076472 0.76362232357714444 -0.18000000000000002
      vertex 0.35980220327009471 0.79119013093708057 -0.17999999999999999
      vertex 0.39080334869442962 1.0812041546481452 -0.17999852951395665
    endloop
  endfacet
  facet normal 3.6158446388550007e-06 4.6838794223086371e-06 -0.99999999998249334
    outer loop
      vertex 0.35980220327009471 0.79119013093708057 -0.17999999999999999
      vertex 0.12774657979347945 0.97033160885289271 -0.17999999999999997
      vertex 0.39080334869442962 1.0812041546481452 -0.17999852951395665
    endloop
  endfacet
  facet normal -1.8000979215230976e-16 1.5060673813481145e-16 -1
    outer loop
      vertex -0.21183043757072223 0.95550535608471154 -0.18000000000000002
      vertex -0.36049496775853729 0.77781695043333265 -0.18000000000000002
      vertex -0.3836942768610046 0.93438015004867836 -0.17999999999999999
    endloop
  endfacet
  facet normal -3.3461325057235971e-06 4.1618198161369182e-06 -0.99999999998574141
    outer loop
      vertex -0.50206825000930788 0.71778152800632955 -0.17999999999999997
      vertex -0.71369162240869266 0.5476348429686797 -0.18000000000000005
      vertex -0.74094859025535997 0.87904770517747577 -0.17999852951395665
    endloop
  endfacet
  facet normal -4.1167254739566054e-06 4.0984425904557809e-06 -0.99999999998312761
    outer loop
      vertex -0.71369162240869266 0.5476348429686797 -0.18000000000000005
      vertex -0.88233694835331167 0.73702862288364224 -0.17999852951395667
      vertex -0.74094859025535997 0.87904770517747577 -0.17999852951395665
    endloop
  endfacet
  facet normal -4.169072994405604e-06 4.0518298418611988e-06 -0.99999999998310085
    outer loop
      vertex -0.71369162240869266 0.5476348429686797 -0.18000000000000005
      vertex -0.99582030633898833 0.57489024575257608 -0.17999871335066855
      vertex -0.88233694835331167 0.73702862288364224 -0.17999852951395667
    endloop
  endfacet
  facet normal -4.7115493394112786e-06 1.2671154412149587e-06 -0.99999999998809774
    outer loop
      vertex -0.71369162240869266 0.5476348429686797 -0.18000000000000005
      vertex -0.77467447311178805 0.32088067318713426 -0.17999999999999999
      vertex -1.0430290902915151 0.48354937512610385 -0.17999852951395665
    endloop
  endfacet
  facet normal -4.5288148297980288e-06 3.2803638446196767e-07 -0.99999999998969114
    outer loop
      vertex -0.71369162240869266 0.5476348429686797 -0.18000000000000005
      vertex -1.0430290902915151 0.48354937512610385 -0.17999852951395665
      vertex -0.99582030633898833 0.57489024575257608 -0.17999871335066855
    endloop
  endfacet
  facet normal -4.5008512083721325e-06 1.7033735595625256e-06 -0.99999999998842037
    outer loop
      vertex -0.77467447311178805 0.32088067318713426 -0.17999999999999999
      vertex -0.86487579865334951 0.082540267611614343 -0.17999999999999997
      vertex -1.1111506025389863 0.29508307280567542 -0.17999852951395665
    endloop
  endfacet
  facet normal -4.4948162526755526e-06 1.6246600938038411e-06 -0.99999999998857847
    outer loop
      vertex -0.77467447311178805 0.32088067318713426 -0.17999999999999999
      vertex -1.1111506025389863 0.29508307280567542 -0.17999852951395665
      vertex -1.0430290902915151 0.48354937512610385 -0.17999852951395665
    endloop
  endfacet
  facet normal -5.2465318958950926e-06 8.3934824044114252e-07 -0.99999999998588462
    outer loop
      vertex -0.86487579865334951 0.082540267611614343 -0.17999999999999997
      vertex -0.87741897901991017 0.004136343288082738 -0.18000000000000002
      vertex -1.1111506025389863 0.29508307280567542 -0.17999852951395665
    endloop
  endfacet
  facet normal -2.9585391182304932e-16 2.2271178757840853e-16 -1
    outer loop
      vertex -0.86480085081716462 -0.078538920293688683 -0.17999999999999999
      vertex -0.93340713060681746 -0.29430213781133641 -0.18000000000000002
      vertex -1.0010440851645734 -0.13490108397600903 -0.17999999999999997
    endloop
  endfacet
  facet normal -5.7117874053512011e-06 -4.4186050790015787e-06 -0.99999999997392575
    outer loop
      vertex -0.93340713060681746 -0.29430213781133641 -0.18000000000000002
      vertex -0.80003647640862408 -0.46670605473263188 -0.17999999999999997
      vertex -1.0408664875710152 -0.48818709162652973 -0.17999852951395662
    endloop
  endfacet
  facet normal -1.2615564350767494e-06 -5.7569482059893804e-06 -0.999999999982633
    outer loop
      vertex -0.72157669303609517 -0.66120321827337469 -0.18000000000000005
      vertex -0.49987462547106065 -0.709786193155583 -0.17999999999999997
      vertex -0.73907875262771949 -0.88086291475619971 -0.17999871335066853
    endloop
  endfacet
  facet normal -2.895374922988502e-06 -3.4724987398807254e-06 -0.99999999998977929
    outer loop
      vertex -0.49987462547106065 -0.709786193155583 -0.17999999999999997
      vertex -0.44229166787620822 -0.75779895394980623 -0.18000000000000002
      vertex -0.73907875262771949 -0.88086291475619971 -0.17999871335066853
    endloop
  endfacet
  facet normal -4.1216815701585118e-06 -4.6298078155551719e-06 -0.99999999998078826
    outer loop
      vertex -0.48699398130111365 -1.0414414430805907 -0.17999831714051176
      vertex -0.35980220327009504 -0.79119013093708013 -0.17999999999999999
      vertex -0.39080334869442984 -1.0812041546481457 -0.17999852951395662
    endloop
  endfacet
  facet normal -3.6158446390337361e-06 -4.6838794223852224e-06 -0.99999999998249334
    outer loop
      vertex -0.35980220327009504 -0.79119013093708013 -0.17999999999999999
      vertex -0.12774657979347942 -0.97033160885289282 -0.17999999999999999
      vertex -0.39080334869442984 -1.0812041546481457 -0.17999852951395662
    endloop
  endfacet
  facet normal 2.2654337521855968e-06 -5.554592308333707e-06 -0.99999999998200717
    outer loop
      vertex -0.12774657979347942 -0.97033160885289282 -0.17999999999999999
      vertex 0.039389392236342309 -0.90216540487638497 -0.18000000000000005
      vertex 4.0595959886362005e-05 -1.1498508057702539 -0.17999871335066853
    endloop
  endfacet
  facet normal 2.0471392164987752e-06 -5.5199127221281718e-06 -0.99999999998266986
    outer loop
      vertex 0.039389392236342309 -0.90216540487638497 -0.18000000000000005
      vertex 0.1027485023024612 -1.145064376641677 -0.17999852951395665
      vertex 4.0595959886362005e-05 -1.1498508057702539 -0.17999871335066853
    endloop
  endfacet
  facet normal 1.6453895726697932e-06 -5.6247073193124388e-06 -0.99999999998282774
    outer loop
      vertex 0.039389392236342309 -0.90216540487638497 -0.18000000000000005
      vertex 0.2194535765444551 -0.84949142302725977 -0.18000000000000002
      vertex 0.1027485023024612 -1.145064376641677 -0.17999852951395665
    endloop
  endfacet
  facet normal 9.5608442978439422e-07 -5.3525396297840642e-06 -0.99999999998521816
    outer loop
      vertex 0.2194535765444551 -0.84949142302725977 -0.18000000000000002
      vertex 0.30002586399300352 -1.109826185631986 -0.17999852951395665
      vertex 0.1027485023024612 -1.145064376641677 -0.17999852951395665
    endloop
  endfacet
  facet normal -5.0006183633018502e-07 -5.8032095070737296e-06 -0.99999999998303646
    outer loop
      vertex 0.2194535765444551 -0.84949142302725977 -0.18000000000000002
      vertex 0.48921723982128112 -0.87273692410195558 -0.18000000000000002
      vertex 0.30002586399300352 -1.109826185631986 -0.17999852951395665
    endloop
  endfacet
  facet normal 3.4673256685875858e-17 1.6782831314279728e-16 -1
    outer loop
      vertex 0.48921723982128112 -0.87273692410195558 -0.18000000000000002
      vertex 0.50041712556871798 -0.70967004587521654 -0.17999999999999999
      vertex 0.68013151344438005 -0.74679896044433325 -0.17999999999999999
    endloop
  endfacet
  facet normal 7.3627153565903346e-06 -1.8725061850401881e-06 -0.99999999997114208
    outer loop
      vertex 0.68013151344438005 -0.74679896044433325 -0.17999999999999999
      vertex 0.73854104913495133 -0.51713200988160057 -0.18000000000000002
      vertex 0.88233694835330967 -0.73702862288364435 -0.17999852951395667
    endloop
  endfacet
  facet normal 4.950448386508584e-06 -3.4499479354963081e-06 -0.99999999998179545
    outer loop
      vertex 0.73854104913495133 -0.51713200988160057 -0.18000000000000002
      vertex 0.99691594475958301 -0.57261529883797191 -0.17999852951395665
      vertex 0.88233694835330967 -0.73702862288364435 -0.17999852951395667
    endloop
  endfacet
  facet normal 5.0822178420475232e-06 -2.8363231854153312e-06 -0.99999999998306321
    outer loop
      vertex 0.73854104913495133 -0.51713200988160057 -0.18000000000000002
      vertex 0.83428620811248544 -0.34557266230101413 -0.17999999999999999
      vertex 0.99691594475958301 -0.57261529883797191 -0.17999852951395665
    endloop
  endfacet
  facet normal 4.6109729410272164e-06 -3.1738740318996728e-06 -0.99999999998433264
    outer loop
      vertex 0.83428620811248544 -0.34557266230101413 -0.17999999999999999
      vertex 1.0805202018230571 -0.39323398966873874 -0.17999871335066855
      vertex 0.99691594475958301 -0.57261529883797191 -0.17999852951395665
    endloop
  endfacet
  facet normal 4.4454209285636737e-06 -4.0291698334246393e-06 -0.99999999998200195
    outer loop
      vertex 0.83428620811248544 -0.34557266230101413 -0.17999999999999999
      vertex 0.95550535608471154 -0.21183043757072229 -0.17999999999999999
      vertex 1.0805202018230571 -0.39323398966873874 -0.17999871335066855
    endloop
  endfacet
  facet normal 4.98563175922929e-06 3.3348159307665269e-06 -0.99999999998201117
    outer loop
      vertex 0.97202664563158714 -6.4724708688425657e-17 -0.18000000000000002
      vertex 1.1317519389497877 0.20215644947066946 -0.17999852951395667
      vertex 1.1498741758322988 0.001387756764309196 -0.17999910868979177
    endloop
  endfacet
  facet normal 7.7101994904369489e-07 4.0402648305751623e-06 -0.99999999999154088
    outer loop
      vertex 0.66120321827337492 0.72157669303609506 -0.17999999999999999
      vertex 0.440877554076472 0.76362232357714444 -0.18000000000000002
      vertex 0.65840394823552861 0.94271776638753968 -0.17999910868979177
    endloop
  endfacet
  facet normal 2.2911578686056174e-06 2.1939301886950021e-06 -0.99999999999496858
    outer loop
      vertex 0.440877554076472 0.76362232357714444 -0.18000000000000002
      vertex 0.48597599677168007 1.0422128519064284 -0.17999928546417779
      vertex 0.65840394823552861 0.94271776638753968 -0.17999910868979177
    endloop
  endfacet
  facet normal -6.4634874704744347e-06 3.6111387115157024e-06 -0.99999999997259148
    outer loop
      vertex 0.440877554076472 0.76362232357714444 -0.18000000000000002
      vertex 0.39080334869442962 1.0812041546481452 -0.17999852951395665
      vertex 0.48597599677168007 1.0422128519064284 -0.17999928546417779
    endloop
  endfacet
  facet normal -3.9500859346969774e-06 2.1587735043306664e-06 -0.99999999998986822
    outer loop
      vertex -0.3836942768610046 0.93438015004867836 -0.17999999999999999
      vertex -0.50206825000930788 0.71778152800632955 -0.17999999999999997
      vertex -0.57613892052831472 0.99512636904431095 -0.17999910868979177
    endloop
  endfacet
  facet normal -3.6255503678806192e-06 3.1869055024140274e-06 -0.99999999998834954
    outer loop
      vertex -0.3836942768610046 0.93438015004867836 -0.17999999999999999
      vertex -0.57613892052831472 0.99512636904431095 -0.17999910868979177
      vertex -0.48600201442020341 1.042200719677675 -0.17999928546417782
    endloop
  endfacet
  facet normal -4.8629617921432487e-06 1.9149711440208847e-06 -0.99999999998634226
    outer loop
      vertex -0.50206825000930788 0.71778152800632955 -0.17999999999999997
      vertex -0.74094859025535997 0.87904770517747577 -0.17999852951395665
      vertex -0.57613892052831472 0.99512636904431095 -0.17999910868979177
    endloop
  endfacet
  facet normal -2.1480214746263527e-06 3.3285319905521594e-06 -0.99999999999215339
    outer loop
      vertex -1.1111506025389863 0.29508307280567542 -0.17999852951395665
      vertex -0.87741897901991017 0.004136343288082738 -0.18000000000000002
      vertex -1.1456195084082981 0.098835661930168989 -0.1799991086897918
    endloop
  endfacet
  facet normal -4.0749904797603915e-06 3.6232771308870806e-06 -0.99999999998513311
    outer loop
      vertex -0.87741897901991017 0.004136343288082738 -0.18000000000000002
      vertex -1.0010440851645734 -0.13490108397600903 -0.17999999999999997
      vertex -1.1455708042874362 -0.10023886711947522 -0.17999928546417782
    endloop
  endfacet
  facet normal -3.0100192501906897e-06 8.8724452354162208e-07 -0.99999999999507638
    outer loop
      vertex -0.87741897901991017 0.004136343288082738 -0.18000000000000002
      vertex -1.1455708042874362 -0.10023886711947522 -0.17999928546417782
      vertex -1.1456195084082981 0.098835661930168989 -0.1799991086897918
    endloop
  endfacet
  facet normal -6.181194263179041e-06 8.4404864479370581e-07 -0.99999999998054012
    outer loop
      vertex -1.0408664875710152 -0.48818709162652973 -0.17999852951395662
      vertex -0.80003647640862408 -0.46670605473263188 -0.17999999999999997
      vertex -0.94197398478695393 -0.65959480751575617 -0.17999928546417782
    endloop
  endfacet
  facet normal -3.2516078426638974e-06 -1.3116923775143725e-06 -0.99999999999385325
    outer loop
      vertex -0.80003647640862408 -0.46670605473263188 -0.17999999999999997
      vertex -0.72157669303609517 -0.66120321827337469 -0.18000000000000005
      vertex -0.94197398478695393 -0.65959480751575617 -0.17999928546417782
    endloop
  endfacet
  facet normal -5.3374741478012699e-06 2.4169875472970876e-06 -0.99999999998283473
    outer loop
      vertex -0.73907875262771949 -0.88086291475619971 -0.17999871335066853
      vertex -0.44229166787620822 -0.75779895394980623 -0.18000000000000002
      vertex -0.65957129187319119 -0.94199045061714315 -0.17999928546417784
    endloop
  endfacet
  facet normal 2.0094350587136309e-06 -6.249719107524723e-06 -0.99999999997845168
    outer loop
      vertex -0.44229166787620822 -0.75779895394980623 -0.18000000000000002
      vertex -0.48699398130111365 -1.0414414430805907 -0.17999831714051176
      vertex -0.65957129187319119 -0.94199045061714315 -0.17999928546417784
    endloop
  endfacet
  facet normal 2.5951344109227065e-06 -3.9340655239971786e-06 -0.99999999998889433
    outer loop
      vertex 0.48921723982128112 -0.87273692410195558 -0.18000000000000002
      vertex 0.68013151344438005 -0.74679896044433325 -0.17999999999999999
      vertex 0.65959480751575739 -0.94197398478695271 -0.17999928546417782
    endloop
  endfacet
  facet normal 7.1043577551552038e-06 3.4744238296261137e-06 -0.99999999996872824
    outer loop
      vertex 0.68013151344438005 -0.74679896044433325 -0.17999999999999999
      vertex 0.88233694835330967 -0.73702862288364435 -0.17999852951395667
      vertex 0.81314614615602221 -0.81312584703031543 -0.17999928546417782
    endloop
  endfacet
  facet normal 3.9398242545492382e-06 -3.0727868028519463e-07 -0.99999999999219169
    outer loop
      vertex 0.95550535608471154 -0.21183043757072229 -0.17999999999999999
      vertex 0.97202664563158714 -6.4724708688425657e-17 -0.18000000000000002
      vertex 1.1455733062933926 -0.1002102690605325 -0.17999928546417782
    endloop
  endfacet
  facet normal 4.9997282109617638e-06 1.5282896101332661e-06 -0.99999999998633349
    outer loop
      vertex 0.97202664563158714 -6.4724708688425657e-17 -0.18000000000000002
      vertex 1.1498741758322988 0.001387756764309196 -0.17999910868979177
      vertex 1.1455733062933926 -0.1002102690605325 -0.17999928546417782
    endloop
  endfacet
  facet normal -0.00025183127341410873 -1.9846571300063466e-05 -0.99999996809356118
    outer loop
      vertex 1.1498741758322988 0.001387756764309196 -0.17999910868979177
      vertex 1.1317519389497877 0.20215644947066946 -0.17999852951395667
      vertex 1.1456239028055073 0.10022910415980689 -0.17999999999999999
    endloop
  endfacet
  facet normal 7.9646045859874985e-07 -7.4792444404507339e-06 -0.99999999997171329
    outer loop
      vertex 1.1317519389497877 0.20215644947066946 -0.17999852951395667
      vertex 0.90420511325837005 0.37453402107871742 -0.17999999999999997
      vertex 1.0806465139037946 0.39332316482451901 -0.17999999999999999
    endloop
  endfacet
  facet normal -0.00016037218237306268 -5.056515487210604e-05 -0.99999998586196404
    outer loop
      vertex 1.1317519389497877 0.20215644947066946 -0.17999852951395667
      vertex 1.0806465139037946 0.39332316482451901 -0.17999999999999999
      vertex 1.1108147002324285 0.29764190186789885 -0.17999999999999999
    endloop
  endfacet
  facet normal -1.5066200774833127e-16 -6.2406246943719458e-17 -1
    outer loop
      vertex 0.90420511325837005 0.37453402107871742 -0.17999999999999997
      vertex 1.0422539550921472 0.48601100100180433 -0.17999999999999999
      vertex 1.0806465139037946 0.39332316482451901 -0.17999999999999999
    endloop
  endfacet
  facet normal -9.1543805830294373e-06 1.1336435899474461e-05 -0.99999999989384136
    outer loop
      vertex 0.90420511325837005 0.37453402107871742 -0.17999999999999997
      vertex 0.994357367769092 0.57704688418057848 -0.17999852951395665
      vertex 1.0422539550921472 0.48601100100180433 -0.17999999999999999
    endloop
  endfacet
  facet normal 4.79517258054016e-06 -5.7146641499679799e-06 -0.99999999997217437
    outer loop
      vertex 0.994357367769092 0.57704688418057848 -0.17999852951395665
      vertex 0.75044544900005339 0.62969849947461287 -0.17999999999999999
      vertex 0.88095110958682465 0.73920575113952003 -0.17999999999999999
    endloop
  endfacet
  facet normal -0.00013340625484117681 -0.00010236621970483389 -0.99999998586196404
    outer loop
      vertex 0.994357367769092 0.57704688418057848 -0.17999852951395665
      vertex 0.88095110958682465 0.73920575113952003 -0.17999999999999999
      vertex 0.94202485093234045 0.65961290180370291 -0.17999999999999999
    endloop
  endfacet
  facet normal 0 0 -1
    outer loop
      vertex 0.75044544900005339 0.62969849947461287 -0.17999999999999999
      vertex 0.66120321827337492 0.72157669303609506 -0.17999999999999999
      vertex 0.8131727983645296 0.8131727983645296 -0.17999999999999999
    endloop
  endfacet
  facet normal 0 0 -1
    outer loop
      vertex 0.75044544900005339 0.62969849947461287 -0.17999999999999999
      vertex 0.8131727983645296 0.8131727983645296 -0.17999999999999999
      vertex 0.88095110958682465 0.73920575113952003 -0.17999999999999999
    endloop
  endfacet
  facet normal 0 0 -1
    outer loop
      vertex 0.66120321827337492 0.72157669303609506 -0.17999999999999999
      vertex 0.73920575113952025 0.88095110958682465 -0.17999999999999999
      vertex 0.8131727983645296 0.8131727983645296 -0.17999999999999999
    endloop
  endfacet
  facet normal -8.0274912854248627e-06 3.9288906361250086e-06 -0.99999999996006161
    outer loop
      vertex 0.66120321827337492 0.72157669303609506 -0.17999999999999999
      vertex 0.65840394823552861 0.94271776638753968 -0.17999910868979177
      vertex 0.73920575113952025 0.88095110958682465 -0.17999999999999999
    endloop
  endfacet
  facet normal -9.0407526199811741e-05 -0.0001584556547733325 -0.99999998335914209
    outer loop
      vertex 0.65840394823552861 0.94271776638753968 -0.17999910868979177
      vertex 0.48597599677168007 1.0422128519064284 -0.17999928546417779
      vertex 0.57500000000000007 0.99592921435210435 -0.17999999999999999
    endloop
  endfacet
  facet normal 6.8754459159729843e-06 -3.0498672300266004e-06 -0.99999999997171329
    outer loop
      vertex 0.39080334869442962 1.0812041546481452 -0.17999852951395665
      vertex 0.12774657979347945 0.97033160885289271 -0.17999999999999997
      vertex 0.19969540431696997 1.132528915964039 -0.17999999999999999
    endloop
  endfacet
  facet normal -3.6395382521676321e-05 -0.00016416896143456013 -0.99999998586196404
    outer loop
      vertex 0.39080334869442962 1.0812041546481452 -0.17999852951395665
      vertex 0.19969540431696997 1.132528915964039 -0.17999999999999999
      vertex 0.29764190186789907 1.1108147002324285 -0.17999999999999999
    endloop
  endfacet
  facet normal -2.1285608666060132e-17 -1.616802495670825e-16 -1
    outer loop
      vertex 0.12774657979347945 0.97033160885289271 -0.17999999999999997
      vertex 0.10022910415980685 1.1456239028055073 -0.17999999999999999
      vertex 0.19969540431696997 1.132528915964039 -0.17999999999999999
    endloop
  endfacet
  facet normal 3.2917263720938734e-16 7.95638167526402e-17 -1
    outer loop
      vertex 0.12774657979347945 0.97033160885289271 -0.17999999999999997
      vertex -0.042690493408514212 0.97777305217545907 -0.18000000000000002
      vertex 7.0417190950972801e-17 1.1499999999999999 -0.17999999999999999
    endloop
  endfacet
  facet normal -6.9609319927099787e-18 -1.5943155435960405e-16 -1
    outer loop
      vertex 0.12774657979347945 0.97033160885289271 -0.17999999999999997
      vertex 7.0417190950972801e-17 1.1499999999999999 -0.17999999999999999
      vertex 0.10022910415980685 1.1456239028055073 -0.17999999999999999
    endloop
  endfacet
  facet normal -7.1132482601387331e-18 1.6292017043800443e-16 -1
    outer loop
      vertex -0.042690493408514212 0.97777305217545907 -0.18000000000000002
      vertex -0.10022910415980671 1.1456239028055073 -0.17999999999999999
      vertex 7.0417190950972801e-17 1.1499999999999999 -0.17999999999999999
    endloop
  endfacet
  facet normal -2.0829819082540028e-17 1.5821818396352307e-16 -1
    outer loop
      vertex -0.042690493408514212 0.97777305217545907 -0.18000000000000002
      vertex -0.21183043757072223 0.95550535608471154 -0.18000000000000002
      vertex -0.19969540431696983 1.132528915964039 -0.17999999999999999
    endloop
  endfacet
  facet normal -2.0829819082540111e-17 1.5821818396352304e-16 -1
    outer loop
      vertex -0.042690493408514212 0.97777305217545907 -0.18000000000000002
      vertex -0.19969540431696983 1.132528915964039 -0.17999999999999999
      vertex -0.10022910415980671 1.1456239028055073 -0.17999999999999999
    endloop
  endfacet
  facet normal -3.529597273743011e-17 1.592098443717515e-16 -1
    outer loop
      vertex -0.21183043757072223 0.95550535608471154 -0.18000000000000002
      vertex -0.29764190186789896 1.1108147002324285 -0.17999999999999999
      vertex -0.19969540431696983 1.132528915964039 -0.17999999999999999
    endloop
  endfacet
  facet normal -1.6020114772505335e-16 -1.0546231289368026e-17 -1
    outer loop
      vertex -0.21183043757072223 0.95550535608471154 -0.18000000000000002
      vertex -0.3836942768610046 0.93438015004867836 -0.17999999999999999
      vertex -0.39332316482451873 1.0806465139037946 -0.17999999999999999
    endloop
  endfacet
  facet normal -4.7987666645363871e-17 1.5219743410997422e-16 -1
    outer loop
      vertex -0.21183043757072223 0.95550535608471154 -0.18000000000000002
      vertex -0.39332316482451873 1.0806465139037946 -0.17999999999999999
      vertex -0.29764190186789896 1.1108147002324285 -0.17999999999999999
    endloop
  endfacet
  facet normal -7.5048572628377775e-06 -4.9405364200897636e-07 -0.99999999997171651
    outer loop
      vertex -0.3836942768610046 0.93438015004867836 -0.17999999999999999
      vertex -0.48600201442020341 1.042200719677675 -0.17999928546417782
      vertex -0.39332316482451873 1.0806465139037946 -0.17999999999999999
    endloop
  endfacet
  facet normal 0.00014310327163250891 -0.00020816899459645378 -0.99999996809356106
    outer loop
      vertex -0.57613892052831472 0.99512636904431095 -0.17999910868979177
      vertex -0.74094859025535997 0.87904770517747577 -0.17999852951395665
      vertex -0.65961290180370302 0.94202485093234034 -0.17999999999999999
    endloop
  endfacet
  facet normal 0.00022139671783388828 -0.00022041346780439223 -0.99999995120069707
    outer loop
      vertex -0.74094859025535997 0.87904770517747577 -0.17999852951395665
      vertex -0.88233694835331167 0.73702862288364224 -0.17999852951395667
      vertex -0.81317279836452949 0.8131727983645296 -0.17999999999999999
    endloop
  endfacet
  facet normal 0.00025124894832881183 -0.00017471950900649995 -0.99999995317352841
    outer loop
      vertex -0.88233694835331167 0.73702862288364224 -0.17999852951395667
      vertex -0.99582030633898833 0.57489024575257608 -0.17999871335066855
      vertex -0.94202485093234067 0.6596129018037028 -0.17999999999999999
    endloop
  endfacet
  facet normal 0.00029380432602757771 -0.00010619614619391954 -0.99999995120069718
    outer loop
      vertex -1.0430290902915151 0.48354937512610385 -0.17999852951395665
      vertex -1.1111506025389863 0.29508307280567542 -0.17999852951395665
      vertex -1.0806465139037944 0.39332316482451918 -0.17999999999999999
    endloop
  endfacet
  facet normal 0.00025710754963349065 -4.2207130652883075e-05 -0.99999996605713248
    outer loop
      vertex -1.1111506025389863 0.29508307280567542 -0.17999852951395665
      vertex -1.1456195084082981 0.098835661930168989 -0.1799991086897918
      vertex -1.132528915964039 0.1996954043169698 -0.17999999999999999
    endloop
  endfacet
  facet normal 0.00018243038550062472 9.3261300432100635e-07 -0.99999998335914231
    outer loop
      vertex -1.1456195084082981 0.098835661930168989 -0.1799991086897918
      vertex -1.1455708042874362 -0.10023886711947522 -0.17999928546417782
      vertex -1.1499999999999999 1.408343819019456e-16 -0.17999999999999999
    endloop
  endfacet
  facet normal -3.3255022713246839e-06 6.7483245629433069e-06 -0.99999999997170053
    outer loop
      vertex -1.1455708042874362 -0.10023886711947522 -0.17999928546417782
      vertex -1.0010440851645734 -0.13490108397600903 -0.17999999999999997
      vertex -1.1325289159640393 -0.19969540431696953 -0.17999999999999999
    endloop
  endfacet
  facet normal -1.617150398918627e-16 2.796295090547741e-16 -1
    outer loop
      vertex -1.0010440851645734 -0.13490108397600903 -0.17999999999999997
      vertex -0.93340713060681746 -0.29430213781133641 -0.18000000000000002
      vertex -1.1108147002324287 -0.29764190186789841 -0.17999999999999999
    endloop
  endfacet
  facet normal 1.9030299967017058e-16 4.2189159311817719e-17 -1
    outer loop
      vertex -1.0010440851645734 -0.13490108397600903 -0.17999999999999997
      vertex -1.1108147002324287 -0.29764190186789841 -0.17999999999999999
      vertex -1.1325289159640393 -0.19969540431696953 -0.17999999999999999
    endloop
  endfacet
  facet normal -1.5552775612721882e-16 -4.9037713143978098e-17 -1
    outer loop
      vertex -0.93340713060681746 -0.29430213781133641 -0.18000000000000002
      vertex -1.0806465139037946 -0.3933231648245189 -0.17999999999999999
      vertex -1.1108147002324287 -0.29764190186789841 -0.17999999999999999
    endloop
  endfacet
  facet normal 8.1315099100576784e-06 -1.2091154177773928e-05 -0.99999999989384136
    outer loop
      vertex -0.93340713060681746 -0.29430213781133641 -0.18000000000000002
      vertex -1.0408664875710152 -0.48818709162652973 -0.17999852951395662
      vertex -1.0806465139037946 -0.3933231648245189 -0.17999999999999999
    endloop
  endfacet
  facet normal 0.00021123598867984255 0.00012628139687077624 -0.99999996971618244
    outer loop
      vertex -1.0408664875710152 -0.48818709162652973 -0.17999852951395662
      vertex -0.94197398478695393 -0.65959480751575617 -0.17999928546417782
      vertex -0.99592921435210435 -0.57500000000000007 -0.17999999999999999
    endloop
  endfacet
  facet normal -3.1944043133332856e-06 6.5267922066423108e-06 -0.99999999997359834
    outer loop
      vertex -0.94197398478695393 -0.65959480751575617 -0.17999928546417782
      vertex -0.72157669303609517 -0.66120321827337469 -0.18000000000000005
      vertex -0.88095110958682499 -0.7392057511395197 -0.17999999999999999
    endloop
  endfacet
  facet normal -2.4046356677957738e-16 -2.2034426245554638e-16 -1
    outer loop
      vertex -0.72157669303609517 -0.66120321827337469 -0.18000000000000005
      vertex -0.81317279836452983 -0.81317279836452949 -0.17999999999999999
      vertex -0.88095110958682499 -0.7392057511395197 -0.17999999999999999
    endloop
  endfacet
  facet normal 1.1198706065948132e-05 -6.7497578120503036e-06 -0.99999999991451483
    outer loop
      vertex -0.72157669303609517 -0.66120321827337469 -0.18000000000000005
      vertex -0.73907875262771949 -0.88086291475619971 -0.17999871335066853
      vertex -0.81317279836452983 -0.81317279836452949 -0.17999999999999999
    endloop
  endfacet
  facet normal 0.00013730971495994201 0.00022853686150885443 -0.99999996445847195
    outer loop
      vertex -0.65957129187319119 -0.94199045061714315 -0.17999928546417784
      vertex -0.48699398130111365 -1.0414414430805907 -0.17999831714051176
      vertex -0.57500000000000051 -0.99592921435210413 -0.17999999999999999
    endloop
  endfacet
  facet normal -6.8754459161438198e-06 3.0498672299312558e-06 -0.99999999997171329
    outer loop
      vertex -0.39080334869442984 -1.0812041546481457 -0.17999852951395662
      vertex -0.12774657979347942 -0.97033160885289282 -0.17999999999999999
      vertex -0.19969540431696986 -1.132528915964039 -0.17999999999999999
    endloop
  endfacet
  facet normal 3.6395382522365982e-05 0.00016416896143767057 -0.99999998586196404
    outer loop
      vertex -0.39080334869442984 -1.0812041546481457 -0.17999852951395662
      vertex -0.19969540431696986 -1.132528915964039 -0.17999999999999999
      vertex -0.29764190186789868 -1.1108147002324285 -0.17999999999999999
    endloop
  endfacet
  facet normal 0 -0 -1
    outer loop
      vertex -0.12774657979347942 -0.97033160885289282 -0.17999999999999999
      vertex -0.10022910415980697 -1.1456239028055073 -0.17999999999999999
      vertex -0.19969540431696986 -1.132528915964039 -0.17999999999999999
    endloop
  endfacet
  facet normal 1.2917367241926526e-05 2.0277750397116657e-06 -0.99999999991451483
    outer loop
      vertex -0.12774657979347942 -0.97033160885289282 -0.17999999999999999
      vertex 4.0595959886362005e-05 -1.1498508057702539 -0.17999871335066853
      vertex -0.10022910415980697 -1.1456239028055073 -0.17999999999999999
    endloop
  endfacet
  facet normal -5.4933602625848376e-05 0.00030754008317860666 -0.99999995120069707
    outer loop
      vertex 0.1027485023024612 -1.145064376641677 -0.17999852951395665
      vertex 0.30002586399300352 -1.109826185631986 -0.17999852951395665
      vertex 0.19969540431696944 -1.1325289159640393 -0.17999999999999999
    endloop
  endfacet
  facet normal -7.9611786207554552e-06 1.5057743617738289e-07 -0.99999999996829836
    outer loop
      vertex 0.30002586399300352 -1.109826185631986 -0.17999852951395665
      vertex 0.48921723982128112 -0.87273692410195558 -0.18000000000000002
      vertex 0.48601100100180361 -1.0422539550921477 -0.17999999999999999
    endloop
  endfacet
  facet normal -6.4350095863783172e-05 0.00015535487417435434 -0.99999998586196404
    outer loop
      vertex 0.30002586399300352 -1.109826185631986 -0.17999852951395665
      vertex 0.48601100100180361 -1.0422539550921477 -0.17999999999999999
      vertex 0.39332316482451929 -1.0806465139037944 -0.17999999999999999
    endloop
  endfacet
  facet normal 8.6081697896653229e-17 -1.6536140311880254e-16 -1
    outer loop
      vertex 0.48921723982128112 -0.87273692410195558 -0.18000000000000002
      vertex 0.57499999999999918 -0.9959292143521048 -0.17999999999999999
      vertex 0.48601100100180361 -1.0422539550921477 -0.17999999999999999
    endloop
  endfacet
  facet normal 5.8489131652633851e-06 4.0727866517894569e-06 -0.99999999997460121
    outer loop
      vertex 0.48921723982128112 -0.87273692410195558 -0.18000000000000002
      vertex 0.65959480751575739 -0.94197398478695271 -0.17999928546417782
      vertex 0.57499999999999918 -0.9959292143521048 -0.17999999999999999
    endloop
  endfacet
  facet normal -6.7103578739584653e-06 -2.954923037756369e-06 -0.99999999997311984
    outer loop
      vertex 0.65959480751575739 -0.94197398478695271 -0.17999928546417782
      vertex 0.68013151344438005 -0.74679896044433325 -0.17999999999999999
      vertex 0.73920575113952003 -0.88095110958682477 -0.17999999999999999
    endloop
  endfacet
  facet normal 6.8832826924900002e-06 3.0310709183428398e-06 -0.99999999997171662
    outer loop
      vertex 0.68013151344438005 -0.74679896044433325 -0.17999999999999999
      vertex 0.81314614615602221 -0.81312584703031543 -0.17999928546417782
      vertex 0.73920575113952003 -0.88095110958682477 -0.17999999999999999
    endloop
  endfacet
  facet normal -0.00025630760123146516 0.00017861975536891608 -0.99999995120069707
    outer loop
      vertex 0.88233694835330967 -0.73702862288364435 -0.17999852951395667
      vertex 0.99691594475958301 -0.57261529883797191 -0.17999852951395665
      vertex 0.94202485093234023 -0.65961290180370347 -0.17999999999999999
    endloop
  endfacet
  facet normal -0.00027777163659507983 0.00012843620505523687 -0.99999995317352841
    outer loop
      vertex 0.99691594475958301 -0.57261529883797191 -0.17999852951395665
      vertex 1.0805202018230571 -0.39323398966873874 -0.17999871335066855
      vertex 1.042253955092147 -0.48601100100180494 -0.17999999999999999
    endloop
  endfacet
  facet normal -6.3286437010350001e-06 -1.1454151384113686e-05 -0.99999999991437527
    outer loop
      vertex 1.0805202018230571 -0.39323398966873874 -0.17999871335066855
      vertex 0.95550535608471154 -0.21183043757072229 -0.17999999999999999
      vertex 1.1108147002324285 -0.29764190186789874 -0.17999999999999999
    endloop
  endfacet
  facet normal 0 0 -1
    outer loop
      vertex 0.95550535608471154 -0.21183043757072229 -0.17999999999999999
      vertex 1.132528915964039 -0.19969540431696992 -0.17999999999999999
      vertex 1.1108147002324285 -0.29764190186789874 -0.17999999999999999
    endloop
  endfacet
  facet normal -4.9681753052427158e-07 7.247479757557959e-06 -0.99999999997361355
    outer loop
      vertex 0.95550535608471154 -0.21183043757072229 -0.17999999999999999
      vertex 1.1455733062933926 -0.1002102690605325 -0.17999928546417782
      vertex 1.132528915964039 -0.19969540431696992 -0.17999999999999999
    endloop
  endfacet
  facet normal 1.8943024329429586e-05 1.0366907872047553e-05 0.99999999976684462
    outer loop
      vertex 0.061972038839174071 0.14827546484895157 0.58000039723143204
      vertex 0.020596568752622117 0.26219641243959291 0.58000000000000007
      vertex 0.0074780610294589911 0.16052303058868567 0.58000130254279403
    endloop
  endfacet
  facet normal -4.3012556368010596e-06 1.3366023873508041e-05 0.99999999990142419
    outer loop
      vertex 0.0074780610294589911 0.16052303058868567 0.58000130254279403
      vertex 0.020596568752622117 0.26219641243959291 0.58000000000000007
      vertex -0.054474700438166518 0.15163017831567152 0.58000115493020532
    endloop
  endfacet
  facet normal -7.5997174487519862e-05 -1.1401730179003529e-05 -0.99999999704721498
    outer loop
      vertex -0.15929899306757375 0.021321137502673119 0.58000022052278155
      vertex -0.14296460068708058 -0.073454359086917054 0.58000005975975288
      vertex -0.15798263689589787 -0.027577380118485414 0.58000067801113731
    endloop
  endfacet
  facet normal 1.5457108566268794e-06 -3.8589330069463172e-06 0.9999999999913598
    outer loop
      vertex -0.068688273558238061 -0.14574811898264051 0.58000081613748222
      vertex -0.037506638780682014 -0.41811695974188479 0.57999971688658114
      vertex -0.014251211546338587 -0.15973706027169168 0.58000067801113719
    endloop
  endfacet
  facet normal 5.4845971796821842e-06 -4.2134516225325402e-06 0.99999999997608302
    outer loop
      vertex -0.014251211546338587 -0.15973706027169168 0.58000067801113719
      vertex -0.037506638780682014 -0.41811695974188479 0.57999971688658114
      vertex 0.041233426468918963 -0.1557671888853171 0.58000039042710905
    endloop
  endfacet
  facet normal 5.4449981051873516e-06 -1.0338292335917094e-05 -0.99999999993173594
    outer loop
      vertex 0.12697936682051825 -0.097574627437666678 0.58000024980400711
      vertex 0.097551570186866748 -0.12771170288765676 0.58000040113560636
      vertex 0.1453063004344522 -0.067914249696075527 0.58000004295647001
    endloop
  endfacet
  facet normal 0.00016429514219177947 -2.2227638064866858e-05 -0.99999998625651909
    outer loop
      vertex 0.159260436030733 -0.021440108708615291 0.58000130254279403
      vertex 0.1453063004344522 -0.067914249696075527 0.58000004295647001
      vertex 0.15804179972157262 0.02737469301533782 0.58000001728900574
    endloop
  endfacet
  facet normal 6.7354463556920001e-07 -3.7197107500360679e-06 0.99999999999285494
    outer loop
      vertex 0.15804179972157262 0.02737469301533782 0.58000001728900574
      vertex 0.4197440232091566 0.0012208262904092328 0.57999974373605778
      vertex 0.14269673580611256 0.073950878294286468 0.5800002008745283
    endloop
  endfacet
  facet normal 7.6920480562453033e-06 -1.207218673921162e-06 0.99999999996968747
    outer loop
      vertex 0.10891187918960461 0.11816583493909524 0.58000051412639031
      vertex 0.14269673580611256 0.073950878294286468 0.5800002008745283
      vertex 0.24185669925359229 0.3431013788658559 0.57999976305483458
    endloop
  endfacet
  facet normal -2.5267866356700214e-07 3.4883943261526657e-06 0.99999999999388367
    outer loop
      vertex 0.10891187918960461 0.11816583493909524 0.58000051412639031
      vertex 0.24185669925359229 0.3431013788658559 0.57999976305483458
      vertex 0.061972038839174071 0.14827546484895157 0.58000039723143204
    endloop
  endfacet
  facet normal -5.5224519316428868e-05 4.7941444326986676e-05 0.99999999732593525
    outer loop
      vertex -0.054474700438166518 0.15163017831567152 0.58000115493020532
      vertex 0.020596568752622117 0.26219641243959291 0.58000000000000007
      vertex -0.097431868583393338 0.12711752261996134 0.57999995781335845
    endloop
  endfacet
  facet normal -2.9743592785935153e-06 1.3234239039632256e-06 0.99999999999470091
    outer loop
      vertex -0.14296460068708058 -0.073454359086917054 0.58000005975975288
      vertex -0.21834048003805501 -0.19770418766690923 0.57999999999999996
      vertex -0.11352953259698249 -0.1132794542011983 0.58000020001570363
    endloop
  endfacet
  facet normal -8.1390912627982637e-06 7.7352943397178852e-06 0.9999999999369602
    outer loop
      vertex -0.11352953259698249 -0.1132794542011983 0.58000020001570363
      vertex -0.21834048003805501 -0.19770418766690923 0.57999999999999996
      vertex -0.068688273558238061 -0.14574811898264051 0.58000081613748222
    endloop
  endfacet
  facet normal 1.1749552758470938e-06 -2.9199819023583159e-06 0.99999999999504663
    outer loop
      vertex -0.037506638780682014 -0.41811695974188479 0.57999971688658114
      vertex 0.10732175602153954 -0.26288301629567096 0.58000000000000007
      vertex 0.041233426468918963 -0.1557671888853171 0.58000039042710905
    endloop
  endfacet
  facet normal 1.91837889451344e-06 4.4578398493342764e-06 0.99999999998822375
    outer loop
      vertex 0.097551570186866748 -0.12771170288765676 0.58000040113560636
      vertex 0.40460618237833157 -0.11166320822820143 0.57999974054689984
      vertex 0.1453063004344522 -0.067914249696075527 0.58000004295647001
    endloop
  endfacet
  facet normal -1.8018638015430719e-07 3.4214614961438697e-06 0.99999999999413069
    outer loop
      vertex 0.061972038839174071 0.14827546484895157 0.58000039723143204
      vertex 0.24185669925359229 0.3431013788658559 0.57999976305483458
      vertex 0.020596568752622117 0.26219641243959291 0.58000000000000007
    endloop
  endfacet
  facet normal -8.1239284037655815e-07 3.9753669799816341e-07 0.99999999999959099
    outer loop
      vertex 0.020596568752622117 0.26219641243959291 0.58000000000000007
      vertex -0.21070968862008618 0.36301159142947481 0.57999977201071928
      vertex -0.097431868583393338 0.12711752261996134 0.57999995781335845
    endloop
  endfacet
  facet normal 2.3737647137688178e-06 1.9275496561352482e-06 0.99999999999532485
    outer loop
      vertex -0.097431868583393338 0.12711752261996134 0.57999995781335845
      vertex -0.21070968862008618 0.36301159142947481 0.57999977201071928
      vertex -0.12737155289468891 0.098045486049373631 0.5800000849209187
    endloop
  endfacet
  facet normal -8.4480039785275741e-07 -2.6292939706830888e-06 0.99999999999618661
    outer loop
      vertex -0.12737155289468891 0.098045486049373631 0.5800000849209187
      vertex -0.41341282532301771 0.073368318221104067 0.57999977838960937
      vertex -0.14799647319573817 0.061225059469139552 0.57999997068525222
    endloop
  endfacet
  facet normal -4.3245100290322243e-07 6.3834656551865425e-06 0.99999999997953226
    outer loop
      vertex -0.14799647319573817 0.061225059469139552 0.57999997068525222
      vertex -0.41341282532301771 0.073368318221104067 0.57999977838960937
      vertex -0.15929899306757375 0.021321137502673119 0.58000022052278155
    endloop
  endfacet
  facet normal -3.8974761920924795e-06 -4.4820860449225862e-06 0.99999999998236033
    outer loop
      vertex -0.068688273558238061 -0.14574811898264051 0.58000081613748222
      vertex -0.21834048003805501 -0.19770418766690923 0.57999999999999996
      vertex -0.037506638780682014 -0.41811695974188479 0.57999971688658114
    endloop
  endfacet
  facet normal 1.243430942191442e-06 -2.8777337816735124e-06 0.99999999999508615
    outer loop
      vertex 0.041233426468918963 -0.1557671888853171 0.58000039042710905
      vertex 0.10732175602153954 -0.26288301629567096 0.58000000000000007
      vertex 0.097551570186866748 -0.12771170288765676 0.58000040113560636
    endloop
  endfacet
  facet normal 2.2977963043050038e-06 -2.8015242275423112e-06 0.99999999999343581
    outer loop
      vertex 0.097551570186866748 -0.12771170288765676 0.58000040113560636
      vertex 0.10732175602153954 -0.26288301629567096 0.58000000000000007
      vertex 0.40460618237833157 -0.11166320822820143 0.57999974054689984
    endloop
  endfacet
  facet normal 1.1357898421180171e-06 -1.8056197115829503e-07 0.99999999999933864
    outer loop
      vertex 0.1453063004344522 -0.067914249696075527 0.58000004295647001
      vertex 0.40460618237833157 -0.11166320822820143 0.57999974054689984
      vertex 0.4197440232091566 0.0012208262904092328 0.57999974373605778
    endloop
  endfacet
  facet normal 1.0580704409365804e-06 1.2795198028141602e-07 0.99999999999943201
    outer loop
      vertex 0.1453063004344522 -0.067914249696075527 0.58000004295647001
      vertex 0.4197440232091566 0.0012208262904092328 0.57999974373605778
      vertex 0.15804179972157262 0.02737469301533782 0.58000001728900574
    endloop
  endfacet
  facet normal 1.8938979569125685e-06 9.2892579062256823e-07 0.99999999999777511
    outer loop
      vertex 0.4197440232091566 0.0012208262904092328 0.57999974373605778
      vertex 0.24185669925359229 0.3431013788658559 0.57999976305483458
      vertex 0.14269673580611256 0.073950878294286468 0.5800002008745283
    endloop
  endfacet
  facet normal -1.7970117933840301e-06 -2.788312650284845e-07 0.99999999999834654
    outer loop
      vertex -0.15929899306757375 0.021321137502673119 0.58000022052278155
      vertex -0.41341282532301771 0.073368318221104067 0.57999977838960937
      vertex -0.41673642997223365 -0.05473424312695218 0.57999973669805338
    endloop
  endfacet
  facet normal -1.3114828387232434e-06 -1.9222827683357219e-06 0.9999999999972925
    outer loop
      vertex -0.15929899306757375 0.021321137502673119 0.58000022052278155
      vertex -0.41673642997223365 -0.05473424312695218 0.57999973669805338
      vertex -0.14296460068708058 -0.073454359086917054 0.58000005975975288
    endloop
  endfacet
  facet normal -1.1646173216575592e-06 2.2554801180572359e-07 0.99999999999929623
    outer loop
      vertex -0.14296460068708058 -0.073454359086917054 0.58000005975975288
      vertex -0.41673642997223365 -0.05473424312695218 0.57999973669805338
      vertex -0.21834048003805501 -0.19770418766690923 0.57999999999999996
    endloop
  endfacet
  facet normal -7.874230741480288e-08 -1.3490719704645085e-06 0.99999999999908684
    outer loop
      vertex -0.21834048003805501 -0.19770418766690923 0.57999999999999996
      vertex -0.16106262369802879 -0.38825028161924413 0.5799997474497961
      vertex -0.037506638780682014 -0.41811695974188479 0.57999971688658114
    endloop
  endfacet
  facet normal -3.5652330940843824e-06 1.5024650022126412e-06 0.99999999999251588
    outer loop
      vertex -0.037506638780682014 -0.41811695974188479 0.57999971688658114
      vertex 0.00014487397874905753 -0.41994832926849579 0.57999985387456909
      vertex 0.10732175602153954 -0.26288301629567096 0.58000000000000007
    endloop
  endfacet
  facet normal -2.7613250980105527e-06 -1.3929774548858279e-06 0.99999999999521727
    outer loop
      vertex 0.4197440232091566 0.0012208262904092328 0.57999974373605778
      vertex 0.40568193394961172 0.10851239735576411 0.57999985436079737
      vertex 0.36371126213295707 0.20997709192048794 0.5799998798041599
    endloop
  endfacet
  facet normal -2.3631519952382286e-06 -1.2861028742972507e-06 0.99999999999638067
    outer loop
      vertex 0.4197440232091566 0.0012208262904092328 0.57999974373605778
      vertex 0.36371126213295707 0.20997709192048794 0.5799998798041599
      vertex 0.24185669925359229 0.3431013788658559 0.57999976305483458
    endloop
  endfacet
  facet normal 1.1930871136061918e-06 -3.3418770394192084e-07 0.99999999999923261
    outer loop
      vertex 0.24185669925359229 0.3431013788658559 0.57999976305483458
      vertex 0.14381842341406165 0.39457995743568175 0.5799998972265461
      vertex 0.020596568752622117 0.26219641243959291 0.58000000000000007
    endloop
  endfacet
  facet normal -7.8668215662415167e-07 4.5652624791364083e-07 0.99999999999958633
    outer loop
      vertex 0.020596568752622117 0.26219641243959291 0.58000000000000007
      vertex -0.03654670528404616 0.41835543218862181 0.57999988375571465
      vertex -0.21070968862008618 0.36301159142947481 0.57999977201071928
    endloop
  endfacet
  facet normal -1.1269193376181582e-07 1.1454999623877757e-06 0.99999999999933764
    outer loop
      vertex -0.21070968862008618 0.36301159142947481 0.57999977201071928
      vertex -0.34400764103644604 0.24091017520809518 0.57999989685628295
      vertex -0.12737155289468891 0.098045486049373631 0.5800000849209187
    endloop
  endfacet
  facet normal -1.5370399840509504e-06 -1.0143422742362635e-06 0.99999999999830425
    outer loop
      vertex -0.12737155289468891 0.098045486049373631 0.5800000849209187
      vertex -0.34400764103644604 0.24091017520809518 0.57999989685628295
      vertex -0.40078501656249438 0.1267551624573646 0.57999969379493133
    endloop
  endfacet
  facet normal -1.2335063923828528e-06 1.8763266924847235e-06 0.99999999999747891
    outer loop
      vertex -0.12737155289468891 0.098045486049373631 0.5800000849209187
      vertex -0.40078501656249438 0.1267551624573646 0.57999969379493133
      vertex -0.41341282532301771 0.073368318221104067 0.57999977838960937
    endloop
  endfacet
  facet normal 1.2458869290561404e-06 -7.3356580861548845e-07 0.99999999999895473
    outer loop
      vertex 0.10732175602153954 -0.26288301629567096 0.58000000000000007
      vertex 0.25537501212853159 -0.33386358536791383 0.57999976347346494
      vertex 0.40460618237833157 -0.11166320822820143 0.57999974054689984
    endloop
  endfacet
  facet normal 6.8098006556101986e-05 7.8941476841829804e-06 0.999999997650172
    outer loop
      vertex 0.4197440232091566 0.0012208262904092328 0.57999974373605778
      vertex 0.41680721644991858 0.054557426399753077 0.57999952267974497
      vertex 0.40568193394961172 0.10851239735576411 0.57999985436079737
    endloop
  endfacet
  facet normal 5.5099951306638453e-05 2.2541225997213649e-05 0.99999999822794428
    outer loop
      vertex 0.40568193394961172 0.10851239735576411 0.57999985436079737
      vertex 0.38847349400607267 0.16059737165916438 0.57999962848582309
      vertex 0.36371126213295707 0.20997709192048794 0.5799998798041599
    endloop
  endfacet
  facet normal 1.7926636296539473e-05 1.7286040044960444e-05 0.99999999968991438
    outer loop
      vertex 0.36371126213295707 0.20997709192048794 0.5799998798041599
      vertex 0.33367092231041717 0.25566948768602299 0.57999962848582309
      vertex 0.24185669925359229 0.3431013788658559 0.57999976305483458
    endloop
  endfacet
  facet normal 2.5873065737715064e-05 2.5630766842237134e-05 0.99999999933682415
    outer loop
      vertex 0.24185669925359229 0.3431013788658559 0.57999976305483458
      vertex 0.33367092231041717 0.25566948768602299 0.57999962848582309
      vertex 0.28422401430720273 0.30971192768634676 0.57999952267974508
    endloop
  endfacet
  facet normal 3.5551037098135083e-05 6.5098741328162491e-05 0.99999999724913879
    outer loop
      vertex 0.24185669925359229 0.3431013788658559 0.57999976305483458
      vertex 0.19437997049023972 0.37272133764020987 0.57999952267974508
      vertex 0.14381842341406165 0.39457995743568175 0.5799998972265461
    endloop
  endfacet
  facet normal -3.8161925000112802e-06 4.3284214180927547e-06 0.99999999998335076
    outer loop
      vertex 0.14381842341406165 0.39457995743568175 0.5799998972265461
      vertex 0.091265577006797854 0.41033372489077002 0.57999962848582332
      vertex 0.020596568752622117 0.26219641243959291 0.58000000000000007
    endloop
  endfacet
  facet normal 2.091990013979545e-06 1.5099188279296398e-06 0.99999999999667177
    outer loop
      vertex 0.020596568752622117 0.26219641243959291 0.58000000000000007
      vertex 0.091265577006797854 0.41033372489077002 0.57999962848582332
      vertex -0.03654670528404616 0.41835543218862181 0.57999988375571465
    endloop
  endfacet
  facet normal -1.1784575706907715e-05 3.506608577490437e-05 0.99999999931574668
    outer loop
      vertex -0.03654670528404616 0.41835543218862181 0.57999988375571465
      vertex -0.090724323403659282 0.41045633925625641 0.57999952228574236
      vertex -0.21070968862008618 0.36301159142947481 0.57999977201071928
    endloop
  endfacet
  facet normal -1.7334702879142107e-05 1.9946746225621993e-05 0.99999999965081776
    outer loop
      vertex -0.21070968862008618 0.36301159142947481 0.57999977201071928
      vertex -0.30966035404550629 0.28427526092382649 0.57999962726393772
      vertex -0.34400764103644604 0.24091017520809518 0.57999989685628295
    endloop
  endfacet
  facet normal -3.3318696786044385e-05 1.4792927329960835e-05 0.99999999933551686
    outer loop
      vertex -0.34400764103644604 0.24091017520809518 0.57999989685628295
      vertex -0.37273067277775818 0.1943579607316295 0.5799996284858232
      vertex -0.40078501656249438 0.1267551624573646 0.57999969379493133
    endloop
  endfacet
  facet normal -2.5824505856250268e-05 3.4455901030887773e-07 0.99999999966648812
    outer loop
      vertex -0.41341282532301771 0.073368318221104067 0.57999977838960937
      vertex -0.41994793472575997 0.018625344256861829 0.5799996284858232
      vertex -0.41673642997223365 -0.05473424312695218 0.57999973669805338
    endloop
  endfacet
  facet normal -6.3381289093222677e-05 -1.6972148788983666e-05 0.99999999784737914
    outer loop
      vertex -0.41673642997223365 -0.05473424312695218 0.57999973669805338
      vertex -0.40100118059880285 -0.1261063900778234 0.57999952267974497
      vertex -0.38068387039959489 -0.1774010855069178 0.57999993983585429
    endloop
  endfacet
  facet normal -1.6973146741567676e-07 1.6061271591458351e-06 0.99999999999869571
    outer loop
      vertex -0.41673642997223365 -0.05473424312695218 0.57999973669805338
      vertex -0.38068387039959489 -0.1774010855069178 0.57999993983585429
      vertex -0.21834048003805501 -0.19770418766690923 0.57999999999999996
    endloop
  endfacet
  facet normal -1.2634138039891126e-06 -7.1389452490127009e-06 0.99999999997371958
    outer loop
      vertex -0.21834048003805501 -0.19770418766690923 0.57999999999999996
      vertex -0.38068387039959489 -0.1774010855069178 0.57999993983585429
      vertex -0.35468426781020795 -0.22561525102939003 0.5799996284858232
    endloop
  endfacet
  facet normal -2.033413882025771e-06 -3.37754333271668e-06 0.99999999999222866
    outer loop
      vertex -0.21834048003805501 -0.19770418766690923 0.57999999999999996
      vertex -0.35468426781020795 -0.22561525102939003 0.5799996284858232
      vertex -0.31013562921850024 -0.28376162522324738 0.57999952267974486
    endloop
  endfacet
  facet normal -7.7915202511202183e-06 2.7644735361271059e-06 0.999999999965825
    outer loop
      vertex -0.21834048003805501 -0.19770418766690923 0.57999999999999996
      vertex -0.31013562921850024 -0.28376162522324738 0.57999952267974486
      vertex -0.27004381775455522 -0.32166394080467398 0.57999993983585418
    endloop
  endfacet
  facet normal 5.1313125656609068e-06 -2.6256113298729028e-06 0.99999999998338784
    outer loop
      vertex -0.21834048003805501 -0.19770418766690923 0.57999999999999996
      vertex -0.27004381775455522 -0.32166394080467398 0.57999993983585418
      vertex -0.22610398864355219 -0.35437290761088719 0.57999962848582309
    endloop
  endfacet
  facet normal -2.9870844237610312e-06 -2.2233150392721932e-06 0.9999999999930671
    outer loop
      vertex -0.21834048003805501 -0.19770418766690923 0.57999999999999996
      vertex -0.22610398864355219 -0.35437290761088719 0.57999962848582309
      vertex -0.16106262369802879 -0.38825028161924413 0.5799997474497961
    endloop
  endfacet
  facet normal 1.6219637925112948e-06 -2.037129949246706e-06 0.99999999999660971
    outer loop
      vertex 0.00014487397874905753 -0.41994832926849579 0.57999985387456909
      vertex 0.12605833452202692 -0.40101079226276343 0.5799996882257189
      vertex 0.10732175602153954 -0.26288301629567096 0.58000000000000007
    endloop
  endfacet
  facet normal 5.5129624636692955e-07 -2.1823624804018052e-06 0.99999999999746669
    outer loop
      vertex 0.10732175602153954 -0.26288301629567096 0.58000000000000007
      vertex 0.12605833452202692 -0.40101079226276343 0.5799996882257189
      vertex 0.25537501212853159 -0.33386358536791383 0.57999976347346494
    endloop
  endfacet
  facet normal 1.1223184709963259e-05 -7.4343817250590865e-06 0.99999999990938504
    outer loop
      vertex 0.25537501212853159 -0.33386358536791383 0.57999976347346494
      vertex 0.30971192768634548 -0.28422401430720401 0.57999952267974497
      vertex 0.40460618237833157 -0.11166320822820143 0.57999974054689984
    endloop
  endfacet
  facet normal -1.2230693526065455e-05 5.4633228314749782e-06 0.9999999999102811
    outer loop
      vertex 0.40460618237833157 -0.11166320822820143 0.57999974054689984
      vertex 0.30971192768634548 -0.28422401430720401 0.57999952267974497
      vertex 0.35436067625696965 -0.22609948988843692 0.57999975121186376
    endloop
  endfacet
  facet normal 7.9814573065130534e-06 9.5348578025233725e-05 0.99999999542247242
    outer loop
      vertex 0.091265577006797854 0.41033372489077002 0.57999962848582332
      vertex 0.018624842448162277 0.41995240265870132 0.57999929113749571
      vertex -0.03654670528404616 0.41835543218862181 0.57999988375571465
    endloop
  endfacet
  facet normal -2.42684317486411e-05 6.6637125660883885e-05 0.99999999748526824
    outer loop
      vertex -0.090724323403659282 0.41045633925625641 0.57999952228574236
      vertex -0.16059971468235021 0.38847733125496842 0.57999929113749571
      vertex -0.21070968862008618 0.36301159142947481 0.57999977201071928
    endloop
  endfacet
  facet normal -5.2750824004150321e-05 6.4455408618860704e-05 0.99999999653142546
    outer loop
      vertex -0.21070968862008618 0.36301159142947481 0.57999977201071928
      vertex -0.25567274402572493 0.33367402238920385 0.5799992911374956
      vertex -0.30966035404550629 0.28427526092382649 0.57999962726393772
    endloop
  endfacet
  facet normal -2.00985023597636e-05 -8.4169168695161898e-05 0.99999999625580061
    outer loop
      vertex -0.16106262369802879 -0.38825028161924413 0.5799997474497961
      vertex -0.091265858670112526 -0.41033821208393678 0.5799992911374956
      vertex -0.037506638780682014 -0.41811695974188479 0.57999971688658114
    endloop
  endfacet
  facet normal 1.5954966238152162e-05 -9.7335580754377262e-05 0.99999999513561189
    outer loop
      vertex 0.00014487397874905753 -0.41994832926849579 0.57999985387456909
      vertex 0.054582080186951543 -0.41680655198485062 0.57999929113749571
      vertex 0.12605833452202692 -0.40101079226276343 0.5799996882257189
    endloop
  endfacet
  facet normal 3.0944085437157397e-05 -6.0714871916395165e-05 0.99999999767808401
    outer loop
      vertex 0.12605833452202692 -0.40101079226276343 0.5799996882257189
      vertex 0.19384661462775982 -0.3730018703068278 0.57999929113749582
      vertex 0.25537501212853159 -0.33386358536791383 0.57999976347346494
    endloop
  endfacet
  facet normal 8.4532305339457152e-05 -3.7022379965986957e-05 0.99999999574181631
    outer loop
      vertex 0.35436067625696965 -0.22609948988843692 0.57999975121186376
      vertex 0.38825610257615617 -0.16113380795912477 0.57999929113749571
      vertex 0.40460618237833157 -0.11166320822820143 0.57999974054689984
    endloop
  endfacet
  facet normal 9.9184351612480537e-05 -1.3328953841493122e-05 0.99999999499240178
    outer loop
      vertex 0.40460618237833157 -0.11166320822820143 0.57999974054689984
      vertex 0.41673109500236011 -0.055155232872036497 0.57999929113749582
      vertex 0.4197440232091566 0.0012208262904092328 0.57999974373605778
    endloop
  endfacet
  facet normal 0.99907673882466597 0.042961260915740027 0
    outer loop
      vertex 1.1498741758322988 0.001387756764309196 -0.17999910868979177
      vertex 1.1456239028055073 0.10022910415980689 -0.17999999999999999
      vertex 1.1456239028055073 0.10022910415980689 0
    endloop
  endfacet
  facet normal 0.99916854310229286 0.040752249073320201 0.0012151832403753124
    outer loop
      vertex 1.1498741758322988 0.001387756764309196 -0.17999910868979177
      vertex 1.1456239028055073 0.10022910415980689 0
      vertex 1.1497991143479176 -0.0021392106276582135 -8.0032304112381825e-07
    endloop
  endfacet
  facet normal 0.99086397687888383 0.13485323154155013 -0.0017847315103162781
    outer loop
      vertex 1.1456239028055073 0.10022910415980689 -0.17999999999999999
      vertex 1.1317519389497877 0.20215644947066946 -0.17999852951395667
      vertex 1.1327025522435377 0.19755380967812264 -8.0032304112381825e-07
    endloop
  endfacet
  facet normal 0.99130150474776002 0.13161051130068172 -0
    outer loop
      vertex 1.1456239028055073 0.10022910415980689 -0.17999999999999999
      vertex 1.1327025522435377 0.19755380967812264 -8.0032304112381825e-07
      vertex 1.1456239028055073 0.10022910415980689 0
    endloop
  endfacet
  facet normal 0.97679355356658937 0.21418299117986575 0
    outer loop
      vertex 1.1317519389497877 0.20215644947066946 -0.17999852951395667
      vertex 1.1108147002324285 0.29764190186789885 -0.17999999999999999
      vertex 1.1108147002324285 0.29764190186789885 0
    endloop
  endfacet
  facet normal 0.97691304880303498 0.21363708238625295 0.00030349274832578723
    outer loop
      vertex 1.1317519389497877 0.20215644947066946 -0.17999852951395667
      vertex 1.1108147002324285 0.29764190186789885 0
      vertex 1.1327025522435377 0.19755380967812264 -8.0032304112381825e-07
    endloop
  endfacet
  facet normal 0.95371678103233393 0.30070574599305699 0.00059657697097481523
    outer loop
      vertex 1.1108147002324285 0.29764190186789885 -0.17999999999999999
      vertex 1.0806465139037946 0.39332316482451901 -0.17999999999999999
      vertex 1.0811893962643864 0.39124425744388519 -8.0032304112381825e-07
    endloop
  endfacet
  facet normal 0.95338748199908774 0.30174875172474092 -0
    outer loop
      vertex 1.1108147002324285 0.29764190186789885 -0.17999999999999999
      vertex 1.0811893962643864 0.39124425744388519 -8.0032304112381825e-07
      vertex 1.1108147002324285 0.29764190186789885 0
    endloop
  endfacet
  facet normal 0.92387952094944747 0.38268342757602108 0.00015820520786666967
    outer loop
      vertex 1.0806465139037946 0.39332316482451901 -0.17999999999999999
      vertex 1.0422539550921472 0.48601100100180433 -0.17999999999999999
      vertex 1.0422314104430297 0.48599101493340024 -3.8322795858566905e-07
    endloop
  endfacet
  facet normal 0.92486714071158938 0.38028700127266712 0.0016027148878403241
    outer loop
      vertex 1.0806465139037946 0.39332316482451901 -0.17999999999999999
      vertex 1.0422314104430297 0.48599101493340024 -3.8322795858566905e-07
      vertex 1.0811893962643864 0.39124425744388519 -8.0032304112381825e-07
    endloop
  endfacet
  facet normal 0.88498383076416898 0.46561539722357309 -0.0024333422099607326
    outer loop
      vertex 1.0422539550921472 0.48601100100180433 -0.17999999999999999
      vertex 0.994357367769092 0.57704688418057848 -0.17999852951395665
      vertex 0.99592921435210446 0.57499999999999984 0
    endloop
  endfacet
  facet normal 0.8871452878346231 0.4614902078200887 0.00016235453505903351
    outer loop
      vertex 1.0422539550921472 0.48601100100180433 -0.17999999999999999
      vertex 0.99592921435210446 0.57499999999999984 0
      vertex 1.0422314104430297 0.48599101493340024 -3.8322795858566905e-07
    endloop
  endfacet
  facet normal 0.84463065565228701 0.53534916805924593 0.00056902606338052309
    outer loop
      vertex 0.994357367769092 0.57704688418057848 -0.17999852951395665
      vertex 0.94202485093234045 0.65961290180370291 -0.17999999999999999
      vertex 0.94308729584818574 0.65774533976845562 -8.0032304112381825e-07
    endloop
  endfacet
  facet normal 0.84280262571912479 0.53822132818460766 -0.0012393418195238276
    outer loop
      vertex 0.994357367769092 0.57704688418057848 -0.17999852951395665
      vertex 0.94308729584818574 0.65774533976845562 -8.0032304112381825e-07
      vertex 0.99592921435210446 0.57499999999999984 0
    endloop
  endfacet
  facet normal 0.79335333036285904 0.60876142139041023 0.00015820520786679002
    outer loop
      vertex 0.94202485093234045 0.65961290180370291 -0.17999999999999999
      vertex 0.88095110958682465 0.73920575113952003 -0.17999999999999999
      vertex 0.88093450590313538 0.73918061109532796 -3.8322795858566905e-07
    endloop
  endfacet
  facet normal 0.79492753856515963 0.60670226613696177 0.0016027148878421274
    outer loop
      vertex 0.94202485093234045 0.65961290180370291 -0.17999999999999999
      vertex 0.88093450590313538 0.73918061109532796 -3.8322795858566905e-07
      vertex 0.94308729584818574 0.65774533976845562 -8.0032304112381825e-07
    endloop
  endfacet
  facet normal 0.73727733681012486 0.67559020761565924 0
    outer loop
      vertex 0.88095110958682465 0.73920575113952003 -0.17999999999999999
      vertex 0.8131727983645296 0.8131727983645296 -0.17999999999999999
      vertex 0.8131727983645296 0.8131727983645296 0
    endloop
  endfacet
  facet normal 0.73747409027795074 0.67537540657749284 0.00016235453505781289
    outer loop
      vertex 0.88095110958682465 0.73920575113952003 -0.17999999999999999
      vertex 0.8131727983645296 0.8131727983645296 0
      vertex 0.88093450590313538 0.73918061109532796 -3.8322795858566905e-07
    endloop
  endfacet
  facet normal 0.67559008739299331 0.73727720561010524 0.00059657697097635252
    outer loop
      vertex 0.8131727983645296 0.8131727983645296 -0.17999999999999999
      vertex 0.73920575113952025 0.88095110958682465 -0.17999999999999999
      vertex 0.74071535474537586 0.87942216416337649 -8.0032304112468561e-07
    endloop
  endfacet
  facet normal 0.67478340319891628 0.73801582555341505 -0
    outer loop
      vertex 0.8131727983645296 0.8131727983645296 -0.17999999999999999
      vertex 0.74071535474537586 0.87942216416337649 -8.0032304112468561e-07
      vertex 0.8131727983645296 0.8131727983645296 0
    endloop
  endfacet
  facet normal 0.60730734302931533 0.79446632997483357 -0.0010206071685352135
    outer loop
      vertex 0.73920575113952025 0.88095110958682465 -0.17999999999999999
      vertex 0.65840394823552861 0.94271776638753968 -0.17999910868979177
      vertex 0.65961290180370302 0.94202485093234034 0
    endloop
  endfacet
  facet normal 0.6110347975039595 0.79160212105779992 0.0015994299257143145
    outer loop
      vertex 0.73920575113952025 0.88095110958682465 -0.17999999999999999
      vertex 0.65961290180370302 0.94202485093234034 0
      vertex 0.74071535474537586 0.87942216416337649 -8.0032304112468561e-07
    endloop
  endfacet
  facet normal 0.53785497311146591 0.8430371767033813 0.00058872341232753299
    outer loop
      vertex 0.65840394823552861 0.94271776638753968 -0.17999910868979177
      vertex 0.57500000000000007 0.99592921435210435 -0.17999999999999999
      vertex 0.57675216792155592 0.9946856369603162 -8.0032304112468561e-07
    endloop
  endfacet
  facet normal 0.53637679277669381 0.84397856082548328 -0.00035360646685283652
    outer loop
      vertex 0.65840394823552861 0.94271776638753968 -0.17999910868979177
      vertex 0.57675216792155592 0.9946856369603162 -8.0032304112468561e-07
      vertex 0.65961290180370302 0.94202485093234034 0
    endloop
  endfacet
  facet normal 0.46128334659184078 0.88725286487125632 0.00016713700949541886
    outer loop
      vertex 0.57500000000000007 0.99592921435210435 -0.17999999999999999
      vertex 0.48597599677168007 1.0422128519064284 -0.17999928546417779
      vertex 0.48599790942649146 1.0421675521161193 -6.9582486884010863e-07
    endloop
  endfacet
  facet normal 0.46357708654862834 0.88605513149245441 0.001608969538213662
    outer loop
      vertex 0.57500000000000007 0.99592921435210435 -0.17999999999999999
      vertex 0.48599790942649146 1.0421675521161193 -6.9582486884010863e-07
      vertex 0.57675216792155592 0.9946856369603162 -8.0032304112468561e-07
    endloop
  endfacet
  facet normal 0.37910685857485238 0.92535008637391469 -0.0022819792495844598
    outer loop
      vertex 0.48597599677168007 1.0422128519064284 -0.17999928546417779
      vertex 0.39080334869442962 1.0812041546481452 -0.17999852951395665
      vertex 0.39332135563474568 1.080616440145026 -3.8322795858911139e-07
    endloop
  endfacet
  facet normal 0.38320231280538464 0.92366441575754199 0.00018580603555493948
    outer loop
      vertex 0.48597599677168007 1.0422128519064284 -0.17999928546417779
      vertex 0.39332135563474568 1.080616440145026 -3.8322795858911139e-07
      vertex 0.48599790942649146 1.0421675521161193 -6.9582486884010863e-07
    endloop
  endfacet
  facet normal 0.30290886536299749 0.95301952723147365 0
    outer loop
      vertex 0.39080334869442962 1.0812041546481452 -0.17999852951395665
      vertex 0.29764190186789907 1.1108147002324285 -0.17999999999999999
      vertex 0.29764190186789907 1.1108147002324285 0
    endloop
  endfacet
  facet normal 0.30098341187737532 0.95362874477778448 -0.0010967717179502195
    outer loop
      vertex 0.39080334869442962 1.0812041546481452 -0.17999852951395665
      vertex 0.29764190186789907 1.1108147002324285 0
      vertex 0.39332135563474568 1.080616440145026 -3.8322795858911139e-07
    endloop
  endfacet
  facet normal 0.21643961393810118 0.9762960071199337 0
    outer loop
      vertex 0.29764190186789907 1.1108147002324285 -0.17999999999999999
      vertex 0.19969540431696997 1.132528915964039 -0.17999999999999999
      vertex 0.19969540431696997 1.132528915964039 0
    endloop
  endfacet
  facet normal 0.21643961393810118 0.9762960071199337 -0
    outer loop
      vertex 0.29764190186789907 1.1108147002324285 -0.17999999999999999
      vertex 0.19969540431696997 1.132528915964039 0
      vertex 0.29764190186789907 1.1108147002324285 0
    endloop
  endfacet
  facet normal 0.13052619058659035 0.99144484896642904 0.00015820520786788235
    outer loop
      vertex 0.19969540431696997 1.132528915964039 -0.17999999999999999
      vertex 0.10022910415980685 1.1456239028055073 -0.17999999999999999
      vertex 0.10023514027820506 1.1455943855324502 -3.832279585888954e-07
    endloop
  endfacet
  facet normal 0.1302447403008008 0.99148187458166726 -0
    outer loop
      vertex 0.19969540431696997 1.132528915964039 -0.17999999999999999
      vertex 0.10023514027820506 1.1455943855324502 -3.832279585888954e-07
      vertex 0.19969540431696997 1.132528915964039 0
    endloop
  endfacet
  facet normal 0.043619387365335785 0.99904822158185769 0
    outer loop
      vertex 0.10022910415980685 1.1456239028055073 -0.17999999999999999
      vertex 7.0417190950972801e-17 1.1499999999999999 -0.17999999999999999
      vertex 7.0417190950972801e-17 1.1499999999999999 0
    endloop
  endfacet
  facet normal 0.043910400347352857 0.999035460022486 0.00016235453505893479
    outer loop
      vertex 0.10022910415980685 1.1456239028055073 -0.17999999999999999
      vertex 7.0417190950972801e-17 1.1499999999999999 0
      vertex 0.10023514027820506 1.1455943855324502 -3.832279585888954e-07
    endloop
  endfacet
  facet normal -0.043619379603176078 0.99904804379917156 0.0005965769709756802
    outer loop
      vertex 7.0417190950972801e-17 1.1499999999999999 -0.17999999999999999
      vertex -0.10022910415980671 1.1456239028055073 -0.17999999999999999
      vertex -0.098080525536217156 1.1456102260751273 -8.0032304112295088e-07
    endloop
  endfacet
  facet normal -0.044712074637716669 0.99899991510589803 0
    outer loop
      vertex 7.0417190950972801e-17 1.1499999999999999 -0.17999999999999999
      vertex -0.098080525536217156 1.1456102260751273 -8.0032304112295088e-07
      vertex 7.0417190950972801e-17 1.1499999999999999 0
    endloop
  endfacet
  facet normal -0.13052619058659035 0.99144484896642904 0.00015820520786908313
    outer loop
      vertex -0.10022910415980671 1.1456239028055073 -0.17999999999999999
      vertex -0.19969540431696983 1.132528915964039 -0.17999999999999999
      vertex -0.1996819342418916 1.1325019667300713 -3.8322795858716999e-07
    endloop
  endfacet
  facet normal -0.12795580572562232 0.99177857563374261 0.0016027148878416826
    outer loop
      vertex -0.10022910415980671 1.1456239028055073 -0.17999999999999999
      vertex -0.1996819342418916 1.1325019667300713 -3.8322795858716999e-07
      vertex -0.098080525536217156 1.1456102260751273 -8.0032304112295088e-07
    endloop
  endfacet
  facet normal -0.21643959110196523 0.97629590411278155 0.00045936501897497561
    outer loop
      vertex -0.19969540431696983 1.132528915964039 -0.17999999999999999
      vertex -0.29764190186789896 1.1108147002324285 -0.17999999999999999
      vertex -0.29759639183399128 1.1107400966103698 -6.9582486884184336e-07
    endloop
  endfacet
  facet normal -0.216959923879775 0.97618049819703423 0.00016238802964395381
    outer loop
      vertex -0.19969540431696983 1.132528915964039 -0.17999999999999999
      vertex -0.29759639183399128 1.1107400966103698 -6.9582486884184336e-07
      vertex -0.1996819342418916 1.1325019667300713 -3.8322795858716999e-07
    endloop
  endfacet
  facet normal -0.30070579950427367 0.95371695074822682 0
    outer loop
      vertex -0.29764190186789896 1.1108147002324285 -0.17999999999999999
      vertex -0.39332316482451873 1.0806465139037946 -0.17999999999999999
      vertex -0.39332316482451873 1.0806465139037946 0
    endloop
  endfacet
  facet normal -0.29989934812449309 0.95397073275459821 0.00047121349658656067
    outer loop
      vertex -0.29764190186789896 1.1108147002324285 -0.17999999999999999
      vertex -0.39332316482451873 1.0806465139037946 0
      vertex -0.29759639183399128 1.1107400966103698 -6.9582486884184336e-07
    endloop
  endfacet
  facet normal -0.38316789903604759 0.92367866474360638 -0.0002923110834177366
    outer loop
      vertex -0.39332316482451873 1.0806465139037946 -0.17999999999999999
      vertex -0.48600201442020341 1.042200719677675 -0.17999928546417782
      vertex -0.48601100100180417 1.0422539550921475 0
    endloop
  endfacet
  facet normal -0.38268343236508906 0.92387953251128707 0
    outer loop
      vertex -0.39332316482451873 1.0806465139037946 -0.17999999999999999
      vertex -0.48601100100180417 1.0422539550921475 0
      vertex -0.39332316482451873 1.0806465139037946 0
    endloop
  endfacet
  facet normal -0.46292438587029433 0.88639718151884439 -0.0010244813612733418
    outer loop
      vertex -0.48600201442020341 1.042200719677675 -0.17999928546417782
      vertex -0.57613892052831472 0.99512636904431095 -0.17999910868979177
      vertex -0.57499999999999973 0.99592921435210446 0
    endloop
  endfacet
  facet normal -0.46174859443095895 0.88701079705592933 -0.00028538962648223598
    outer loop
      vertex -0.48600201442020341 1.042200719677675 -0.17999928546417782
      vertex -0.57499999999999973 0.99592921435210446 0
      vertex -0.48601100100180417 1.0422539550921475 0
    endloop
  endfacet
  facet normal -0.53674382420271582 0.84374505662847465 0.00058872341232715775
    outer loop
      vertex -0.57613892052831472 0.99512636904431095 -0.17999910868979177
      vertex -0.65961290180370302 0.94202485093234034 -0.17999999999999999
      vertex -0.65774533976845651 0.94308729584818507 -8.0032304112468561e-07
    endloop
  endfacet
  facet normal -0.53822171396678364 0.8428032164017436 -0.00035360646684901172
    outer loop
      vertex -0.57613892052831472 0.99512636904431095 -0.17999910868979177
      vertex -0.65774533976845651 0.94308729584818507 -8.0032304112468561e-07
      vertex -0.57499999999999973 0.99592921435210446 0
    endloop
  endfacet
  facet normal -0.61221809793886439 0.79068647808412706 -0.0019733045984165927
    outer loop
      vertex -0.65961290180370302 0.94202485093234034 -0.17999999999999999
      vertex -0.74094859025535997 0.87904770517747577 -0.17999852951395665
      vertex -0.73913297618832408 0.88090272911463663 -6.9582486884010863e-07
    endloop
  endfacet
  facet normal -0.60712252291539404 0.79460660290855367 0.0016089695382134615
    outer loop
      vertex -0.65961290180370302 0.94202485093234034 -0.17999999999999999
      vertex -0.73913297618832408 0.88090272911463663 -6.9582486884010863e-07
      vertex -0.65774533976845651 0.94308729584818507 -8.0032304112468561e-07
    endloop
  endfacet
  facet normal -0.67388468820359926 0.73883653605160715 0
    outer loop
      vertex -0.74094859025535997 0.87904770517747577 -0.17999852951395665
      vertex -0.81317279836452949 0.8131727983645296 -0.17999999999999999
      vertex -0.81317279836452949 0.8131727983645296 0
    endloop
  endfacet
  facet normal -0.67496643503698173 0.73784800483071755 -0.00079582711514506301
    outer loop
      vertex -0.74094859025535997 0.87904770517747577 -0.17999852951395665
      vertex -0.81317279836452949 0.8131727983645296 0
      vertex -0.73913297618832408 0.88090272911463663 -6.9582486884010863e-07
    endloop
  endfacet
  facet normal -0.74021865588151348 0.67236385701374635 -0.001784731510315175
    outer loop
      vertex -0.81317279836452949 0.8131727983645296 -0.17999999999999999
      vertex -0.88233694835331167 0.73702862288364224 -0.17999852951395667
      vertex -0.87942216416337782 0.74071535474537442 -8.0032304112381825e-07
    endloop
  endfacet
  facet normal -0.73801582555341438 0.67478340319891694 0
    outer loop
      vertex -0.81317279836452949 0.8131727983645296 -0.17999999999999999
      vertex -0.87942216416337782 0.74071535474537442 -8.0032304112381825e-07
      vertex -0.81317279836452949 0.8131727983645296 0
    endloop
  endfacet
  facet normal -0.79194440445006309 0.6105930310596468 0.00045900068426462835
    outer loop
      vertex -0.88233694835331167 0.73702862288364224 -0.17999852951395667
      vertex -0.94202485093234067 0.6596129018037028 -0.17999999999999999
      vertex -0.94194203393986209 0.65958500539950182 -6.9582486884010863e-07
    endloop
  endfacet
  facet normal -0.79209563116868287 0.6103969247560288 0.0003245487157384966
    outer loop
      vertex -0.88233694835331167 0.73702862288364224 -0.17999852951395667
      vertex -0.94194203393986209 0.65958500539950182 -6.9582486884010863e-07
      vertex -0.87942216416337782 0.74071535474537442 -8.0032304112381825e-07
    endloop
  endfacet
  facet normal -0.84419777781815908 0.53603138940226791 -0.00067933964727116044
    outer loop
      vertex -0.94202485093234067 0.6596129018037028 -0.17999999999999999
      vertex -0.99582030633898833 0.57489024575257608 -0.17999871335066855
      vertex -0.99589991164381431 0.57499299604247933 -3.8322795858393432e-07
    endloop
  endfacet
  facet normal -0.8430894149843513 0.53777320151523256 0.00047124664579217677
    outer loop
      vertex -0.94202485093234067 0.6596129018037028 -0.17999999999999999
      vertex -0.99589991164381431 0.57499299604247933 -3.8322795858393432e-07
      vertex -0.94194203393986209 0.65958500539950182 -6.9582486884010863e-07
    endloop
  endfacet
  facet normal -0.88835976360578661 0.45914149288802641 -0.0024535514718952681
    outer loop
      vertex -0.99582030633898833 0.57489024575257608 -0.17999871335066855
      vertex -1.0430290902915151 0.48354937512610385 -0.17999852951395665
      vertex -1.0422539550921472 0.48601100100180439 0
    endloop
  endfacet
  facet normal -0.88687610220652491 0.462006871219237 -0.00065595820991009495
    outer loop
      vertex -0.99582030633898833 0.57489024575257608 -0.17999871335066855
      vertex -1.0422539550921472 0.48601100100180439 0
      vertex -0.99589991164381431 0.57499299604247933 -3.8322795858393432e-07
    endloop
  endfacet
  facet normal -0.92299260692602825 0.38481726022780405 0.00056902606338198795
    outer loop
      vertex -1.0430290902915151 0.48354937512610385 -0.17999852951395665
      vertex -1.0806465139037944 0.39332316482451918 -0.17999999999999999
      vertex -1.0797260900134344 0.39526465832612034 -8.0032304112555297e-07
    endloop
  endfacet
  facet normal -0.92429682786963852 0.38167242240169547 -0.0012393418195240161
    outer loop
      vertex -1.0430290902915151 0.48354937512610385 -0.17999852951395665
      vertex -1.0797260900134344 0.39526465832612034 -8.0032304112555297e-07
      vertex -1.0422539550921472 0.48601100100180439 0
    endloop
  endfacet
  facet normal -0.95501822830886252 0.29653837593874971 -0.0022749051431002146
    outer loop
      vertex -1.0806465139037944 0.39332316482451918 -0.17999999999999999
      vertex -1.1111506025389863 0.29508307280567542 -0.17999852951395665
      vertex -1.1107845832321139 0.2976427206634199 -3.832279585875664e-07
    endloop
  endfacet
  facet normal -0.95293310630836825 0.30317639454032758 0.0016027148878437879
    outer loop
      vertex -1.0806465139037944 0.39332316482451918 -0.17999999999999999
      vertex -1.1107845832321139 0.2976427206634199 -3.832279585875664e-07
      vertex -1.0797260900134344 0.39526465832612034 -8.0032304112555297e-07
    endloop
  endfacet
  facet normal -0.97579324735146067 0.21869508093071302 0
    outer loop
      vertex -1.1111506025389863 0.29508307280567542 -0.17999852951395665
      vertex -1.132528915964039 0.1996954043169698 -0.17999999999999999
      vertex -1.132528915964039 0.1996954043169698 0
    endloop
  endfacet
  facet normal -0.97623233231241391 0.21672385756917348 -0.0010967717179484371
    outer loop
      vertex -1.1111506025389863 0.29508307280567542 -0.17999852951395665
      vertex -1.132528915964039 0.1996954043169698 0
      vertex -1.1107845832321139 0.2976427206634199 -3.832279585875664e-07
    endloop
  endfacet
  facet normal -0.99168169572425358 0.12871042198080393 -0.0010206071685349542
    outer loop
      vertex -1.132528915964039 0.1996954043169698 -0.17999999999999999
      vertex -1.1456195084082981 0.098835661930168989 -0.1799991086897918
      vertex -1.1456239028055073 0.10022910415980692 0
    endloop
  endfacet
  facet normal -0.99144486137381005 0.13052619222005335 0
    outer loop
      vertex -1.132528915964039 0.1996954043169698 -0.17999999999999999
      vertex -1.1456239028055073 0.10022910415980692 0
      vertex -1.132528915964039 0.1996954043169698 0
    endloop
  endfacet
  facet normal -0.99901927080841091 0.044277494886575418 0
    outer loop
      vertex -1.1456195084082981 0.098835661930168989 -0.1799991086897918
      vertex -1.1499999999999999 1.408343819019456e-16 -0.17999999999999999
      vertex -1.1499999999999999 1.408343819019456e-16 0
    endloop
  endfacet
  facet normal -0.99904815609884989 0.04361938450628592 -0.0003620646085711145
    outer loop
      vertex -1.1456195084082981 0.098835661930168989 -0.1799991086897918
      vertex -1.1499999999999999 1.408343819019456e-16 0
      vertex -1.1456239028055073 0.10022910415980692 0
    endloop
  endfacet
  facet normal -0.99902515968962269 -0.044143333412669593 0.00031051947098889918
    outer loop
      vertex -1.1499999999999999 1.408343819019456e-16 -0.17999999999999999
      vertex -1.1455708042874362 -0.10023886711947522 -0.17999928546417782
      vertex -1.1456102260751273 -0.098080525536216934 -8.0032304112208352e-07
    endloop
  endfacet
  facet normal -0.99899991510589803 -0.044712074637716738 0
    outer loop
      vertex -1.1499999999999999 1.408343819019456e-16 -0.17999999999999999
      vertex -1.1456102260751273 -0.098080525536216934 -8.0032304112208352e-07
      vertex -1.1499999999999999 1.408343819019456e-16 0
    endloop
  endfacet
  facet normal -0.99151157669643875 -0.13001843437352192 0
    outer loop
      vertex -1.1455708042874362 -0.10023886711947522 -0.17999928546417782
      vertex -1.1325289159640393 -0.19969540431696953 -0.17999999999999999
      vertex -1.1325289159640393 -0.19969540431696953 0
    endloop
  endfacet
  facet normal -0.99181448904332026 -0.12768043428353704 0.0013137826703439788
    outer loop
      vertex -1.1455708042874362 -0.10023886711947522 -0.17999928546417782
      vertex -1.1325289159640393 -0.19969540431696953 0
      vertex -1.1456102260751273 -0.098080525536216934 -8.0032304112208352e-07
    endloop
  endfacet
  facet normal -0.97629583338605086 -0.21643957542222711 0.00059657697097556029
    outer loop
      vertex -1.1325289159640393 -0.19969540431696953 -0.17999999999999999
      vertex -1.1108147002324287 -0.29764190186789841 -0.17999999999999999
      vertex -1.1111743280448754 -0.29552359004212281 -8.0032304112381825e-07
    endloop
  endfacet
  facet normal -0.97605869137427892 -0.21750731250403996 0
    outer loop
      vertex -1.1325289159640393 -0.19969540431696953 -0.17999999999999999
      vertex -1.1111743280448754 -0.29552359004212281 -8.0032304112381825e-07
      vertex -1.1325289159640393 -0.19969540431696953 0
    endloop
  endfacet
  facet normal -0.95371695074822671 -0.30070579950427362 0
    outer loop
      vertex -1.1108147002324287 -0.29764190186789841 -0.17999999999999999
      vertex -1.0806465139037946 -0.3933231648245189 -0.17999999999999999
      vertex -1.0806465139037946 -0.3933231648245189 0
    endloop
  endfacet
  facet normal -0.95457472711134128 -0.29796733408919346 0.0015994299257146515
    outer loop
      vertex -1.1108147002324287 -0.29764190186789841 -0.17999999999999999
      vertex -1.0806465139037946 -0.3933231648245189 0
      vertex -1.1111743280448754 -0.29552359004212281 -8.0032304112381825e-07
    endloop
  endfacet
  facet normal -0.92219852099023658 -0.38671268742679776 -0.0017847315103164335
    outer loop
      vertex -1.0806465139037946 -0.3933231648245189 -0.17999999999999999
      vertex -1.0408664875710152 -0.48818709162652973 -0.17999852951395662
      vertex -1.0429759603383202 -0.48398731980675241 -8.0032304112381825e-07
    endloop
  endfacet
  facet normal -0.92346041821478164 -0.38369370074394066 0
    outer loop
      vertex -1.0806465139037946 -0.3933231648245189 -0.17999999999999999
      vertex -1.0429759603383202 -0.48398731980675241 -8.0032304112381825e-07
      vertex -1.0806465139037946 -0.3933231648245189 0
    endloop
  endfacet
  facet normal -0.88807548308826745 -0.45969765752888114 0
    outer loop
      vertex -1.0408664875710152 -0.48818709162652973 -0.17999852951395662
      vertex -0.99592921435210435 -0.57500000000000007 -0.17999999999999999
      vertex -0.99592921435210435 -0.57500000000000007 0
    endloop
  endfacet
  facet normal -0.888332198215945 -0.45920127776932274 0.00030349274832615223
    outer loop
      vertex -1.0408664875710152 -0.48818709162652973 -0.17999852951395662
      vertex -0.99592921435210435 -0.57500000000000007 0
      vertex -1.0429759603383202 -0.48398731980675241 -8.0032304112381825e-07
    endloop
  endfacet
  facet normal -0.84310950060468559 -0.53774182798790726 0.0003105194709896875
    outer loop
      vertex -0.99592921435210435 -0.57500000000000007 -0.17999999999999999
      vertex -0.94197398478695393 -0.65959480751575617 -0.17999928546417782
      vertex -0.94308729584818551 -0.65774533976845651 -8.0032304112295088e-07
    endloop
  endfacet
  facet normal -0.84280326754134749 -0.5382217500451163 0
    outer loop
      vertex -0.99592921435210435 -0.57500000000000007 -0.17999999999999999
      vertex -0.94308729584818551 -0.65774533976845651 -8.0032304112295088e-07
      vertex -0.99592921435210435 -0.57500000000000007 0
    endloop
  endfacet
  facet normal -0.79366499637871579 -0.60835505547597224 0
    outer loop
      vertex -0.94197398478695393 -0.65959480751575617 -0.17999928546417782
      vertex -0.88095110958682499 -0.7392057511395197 -0.17999999999999999
      vertex -0.88095110958682499 -0.7392057511395197 0
    endloop
  endfacet
  facet normal -0.79509632621122783 -0.60648174417743517 0.0013137826703443288
    outer loop
      vertex -0.94197398478695393 -0.65959480751575617 -0.17999928546417782
      vertex -0.88095110958682499 -0.7392057511395197 0
      vertex -0.94308729584818551 -0.65774533976845651 -8.0032304112295088e-07
    endloop
  endfacet
  facet normal -0.73727733681012542 -0.6755902076156588 0
    outer loop
      vertex -0.88095110958682499 -0.7392057511395197 -0.17999999999999999
      vertex -0.81317279836452983 -0.81317279836452949 -0.17999999999999999
      vertex -0.81317279836452983 -0.81317279836452949 0
    endloop
  endfacet
  facet normal -0.73727733681012542 -0.6755902076156588 0
    outer loop
      vertex -0.88095110958682499 -0.7392057511395197 -0.17999999999999999
      vertex -0.81317279836452983 -0.81317279836452949 0
      vertex -0.88095110958682499 -0.7392057511395197 0
    endloop
  endfacet
  facet normal -0.67448119137505369 -0.73829155546026382 -0.00083762602199348966
    outer loop
      vertex -0.81317279836452983 -0.81317279836452949 -0.17999999999999999
      vertex -0.73907875262771949 -0.88086291475619971 -0.17999871335066853
      vertex -0.73920575113952036 -0.88095110958682454 0
    endloop
  endfacet
  facet normal -0.67559020761565991 -0.73727733681012442 0
    outer loop
      vertex -0.81317279836452983 -0.81317279836452949 -0.17999999999999999
      vertex -0.73920575113952036 -0.88095110958682454 0
      vertex -0.81317279836452983 -0.81317279836452949 0
    endloop
  endfacet
  facet normal -0.60950994722440788 -0.79277836671494284 -0.00029240945102139291
    outer loop
      vertex -0.73907875262771949 -0.88086291475619971 -0.17999871335066853
      vertex -0.65957129187319119 -0.94199045061714315 -0.17999928546417784
      vertex -0.65961290180370236 -0.9420248509323409 0
    endloop
  endfacet
  facet normal -0.60876122522275622 -0.79335307471219663 -0.00081823590265540545
    outer loop
      vertex -0.73907875262771949 -0.88086291475619971 -0.17999871335066853
      vertex -0.65961290180370236 -0.9420248509323409 0
      vertex -0.73920575113952036 -0.88095110958682454 0
    endloop
  endfacet
  facet normal -0.53773145720637172 -0.84311617226258451 0
    outer loop
      vertex -0.65957129187319119 -0.94199045061714315 -0.17999928546417784
      vertex -0.57500000000000051 -0.99592921435210413 -0.17999999999999999
      vertex -0.57500000000000051 -0.99592921435210413 0
    endloop
  endfacet
  facet normal -0.53729958646603915 -0.84339141146693231 -0.00028538962648431445
    outer loop
      vertex -0.65957129187319119 -0.94199045061714315 -0.17999928546417784
      vertex -0.57500000000000051 -0.99592921435210413 0
      vertex -0.65961290180370236 -0.9420248509323409 0
    endloop
  endfacet
  facet normal -0.45935802638060935 -0.88825077691256127 -0.00087230381326823005
    outer loop
      vertex -0.57500000000000051 -0.99592921435210413 -0.17999999999999999
      vertex -0.48699398130111365 -1.0414414430805907 -0.17999831714051176
      vertex -0.48786488630667368 -1.0411678213844013 -8.0032304112381825e-07
    endloop
  endfacet
  facet normal -0.46077816506077879 -0.88751534217906436 0
    outer loop
      vertex -0.57500000000000051 -0.99592921435210413 -0.17999999999999999
      vertex -0.48786488630667368 -1.0411678213844013 -8.0032304112381825e-07
      vertex -0.57500000000000051 -0.99592921435210413 0
    endloop
  endfacet
  facet normal -0.38201994143766071 -0.92415073969746842 -0.0024848864336866803
    outer loop
      vertex -0.48699398130111365 -1.0414414430805907 -0.17999831714051176
      vertex -0.39080334869442984 -1.0812041546481457 -0.17999852951395662
      vertex -0.39332316482451879 -1.0806465139037946 0
    endloop
  endfacet
  facet normal -0.38533302355340676 -0.92277746387470239 -0.00046165372511095567
    outer loop
      vertex -0.48699398130111365 -1.0414414430805907 -0.17999831714051176
      vertex -0.39332316482451879 -1.0806465139037946 0
      vertex -0.48786488630667368 -1.0411678213844013 -8.0032304112381825e-07
    endloop
  endfacet
  facet normal -0.30290880816589366 -0.95301937553486127 0.00056902606338095178
    outer loop
      vertex -0.39080334869442984 -1.0812041546481457 -0.17999852951395662
      vertex -0.29764190186789868 -1.1108147002324285 -0.17999999999999999
      vertex -0.29965622762837851 -1.1100669911410275 -8.0032304112468561e-07
    endloop
  endfacet
  facet normal -0.29966226705212079 -0.95404454284746987 -0.0012393418195237947
    outer loop
      vertex -0.39080334869442984 -1.0812041546481457 -0.17999852951395662
      vertex -0.29965622762837851 -1.1100669911410275 -8.0032304112468561e-07
      vertex -0.39332316482451879 -1.0806465139037946 0
    endloop
  endfacet
  facet normal -0.21643961122948033 -0.97629599490213193 0.00015820520786633384
    outer loop
      vertex -0.29764190186789868 -1.1108147002324285 -0.17999999999999999
      vertex -0.19969540431696986 -1.132528915964039 -0.17999999999999999
      vertex -0.19969884486625794 -1.1324989849307354 -3.8322795858376153e-07
    endloop
  endfacet
  facet normal -0.21896912415850303 -0.97573047199021434 0.0016027148878418329
    outer loop
      vertex -0.29764190186789868 -1.1108147002324285 -0.17999999999999999
      vertex -0.19969884486625794 -1.1324989849307354 -3.8322795858376153e-07
      vertex -0.29965622762837851 -1.1100669911410275 -8.0032304112468561e-07
    endloop
  endfacet
  facet normal -0.13052617844848075 -0.99144475676833077 0.00045936501897298328
    outer loop
      vertex -0.19969540431696986 -1.132528915964039 -0.17999999999999999
      vertex -0.10022910415980697 -1.1456239028055073 -0.17999999999999999
      vertex -0.10024635366133278 -1.1455382329840553 -6.9582486884010863e-07
    endloop
  endfacet
  facet normal -0.12999775442897379 -0.99151427497215205 0.00016238802964104002
    outer loop
      vertex -0.19969540431696986 -1.132528915964039 -0.17999999999999999
      vertex -0.10024635366133278 -1.1455382329840553 -6.9582486884010863e-07
      vertex -0.19969884486625794 -1.1324989849307354 -3.8322795858376153e-07
    endloop
  endfacet
  facet normal -0.042117904455069355 -0.99911229624450182 -0.00083762602199277875
    outer loop
      vertex -0.10022910415980697 -1.1456239028055073 -0.17999999999999999
      vertex 4.0595959886362005e-05 -1.1498508057702539 -0.17999871335066853
      vertex -2.1125157285291839e-16 -1.1499999999999999 0
    endloop
  endfacet
  facet normal -0.044464002334127395 -0.9990108760440356 0.00047121349658463707
    outer loop
      vertex -0.10022910415980697 -1.1456239028055073 -0.17999999999999999
      vertex -2.1125157285291839e-16 -1.1499999999999999 0
      vertex -0.10024635366133278 -1.1455382329840553 -6.9582486884010863e-07
    endloop
  endfacet
  facet normal 0.046551746753592506 -0.99891421814992254 -0.0018219912509053482
    outer loop
      vertex 4.0595959886362005e-05 -1.1498508057702539 -0.17999871335066853
      vertex 0.1027485023024612 -1.145064376641677 -0.17999852951395665
      vertex 0.09808052553621667 -1.1456102260751273 -8.0032304112208352e-07
    endloop
  endfacet
  facet normal 0.044712053019595834 -0.99899958121788446 -0.0008179494263313926
    outer loop
      vertex 4.0595959886362005e-05 -1.1498508057702539 -0.17999871335066853
      vertex 0.09808052553621667 -1.1456102260751273 -8.0032304112208352e-07
      vertex -2.1125157285291839e-16 -1.1499999999999999 0
    endloop
  endfacet
  facet normal 0.12823479256259276 -0.99174383687342804 0
    outer loop
      vertex 0.1027485023024612 -1.145064376641677 -0.17999852951395665
      vertex 0.19969540431696944 -1.1325289159640393 -0.17999999999999999
      vertex 0.19969540431696944 -1.1325289159640393 0
    endloop
  endfacet
  facet normal 0.12768054642066898 -0.99181529830804238 0.00030349274832461472
    outer loop
      vertex 0.1027485023024612 -1.145064376641677 -0.17999852951395665
      vertex 0.19969540431696944 -1.1325289159640393 0
      vertex 0.09808052553621667 -1.1456102260751273 -8.0032304112208352e-07
    endloop
  endfacet
  facet normal 0.22069956014900591 -0.97534020673992072 -0.0017847315103204338
    outer loop
      vertex 0.19969540431696944 -1.1325289159640393 -0.17999999999999999
      vertex 0.30002586399300352 -1.109826185631986 -0.17999852951395665
      vertex 0.29552359004212392 -1.1111743280448756 -8.0032304112121616e-07
    endloop
  endfacet
  facet normal 0.21750731250403521 -0.97605869137428003 0
    outer loop
      vertex 0.19969540431696944 -1.1325289159640393 -0.17999999999999999
      vertex 0.29552359004212392 -1.1111743280448756 -8.0032304112121616e-07
      vertex 0.19969540431696944 -1.1325289159640393 0
    endloop
  endfacet
  facet normal 0.29850112790703631 -0.95440928151303461 0
    outer loop
      vertex 0.30002586399300352 -1.109826185631986 -0.17999852951395665
      vertex 0.39332316482451929 -1.0806465139037944 -0.17999999999999999
      vertex 0.39332316482451929 -1.0806465139037944 0
    endloop
  endfacet
  facet normal 0.29796771115729076 -0.95457590112040713 0.00030349274832244013
    outer loop
      vertex 0.30002586399300352 -1.109826185631986 -0.17999852951395665
      vertex 0.39332316482451929 -1.0806465139037944 0
      vertex 0.29552359004212392 -1.1111743280448756 -8.0032304112121616e-07
    endloop
  endfacet
  facet normal 0.38268343236508923 -0.92387953251128685 0
    outer loop
      vertex 0.39332316482451929 -1.0806465139037944 -0.17999999999999999
      vertex 0.48601100100180361 -1.0422539550921477 -0.17999999999999999
      vertex 0.48601100100180361 -1.0422539550921477 0
    endloop
  endfacet
  facet normal 0.38268343236508923 -0.92387953251128685 0
    outer loop
      vertex 0.39332316482451929 -1.0806465139037944 -0.17999999999999999
      vertex 0.48601100100180361 -1.0422539550921477 0
      vertex 0.39332316482451929 -1.0806465139037944 0
    endloop
  endfacet
  facet normal 0.46174861323503341 -0.88701083317822205 0
    outer loop
      vertex 0.48601100100180361 -1.0422539550921477 -0.17999999999999999
      vertex 0.57499999999999918 -0.9959292143521048 -0.17999999999999999
      vertex 0.57499999999999918 -0.9959292143521048 0
    endloop
  endfacet
  facet normal 0.46174861323503341 -0.88701083317822205 0
    outer loop
      vertex 0.48601100100180361 -1.0422539550921477 -0.17999999999999999
      vertex 0.57499999999999918 -0.9959292143521048 0
      vertex 0.48601100100180361 -1.0422539550921477 0
    endloop
  endfacet
  facet normal 0.53774182798790959 -0.84310950060468393 0.00031051947098958315
    outer loop
      vertex 0.57499999999999918 -0.9959292143521048 -0.17999999999999999
      vertex 0.65959480751575739 -0.94197398478695271 -0.17999928546417782
      vertex 0.65774533976845428 -0.94308729584818651 -8.0032304112468561e-07
    endloop
  endfacet
  facet normal 0.53822175004511852 -0.84280326754134616 0
    outer loop
      vertex 0.57499999999999918 -0.9959292143521048 -0.17999999999999999
      vertex 0.65774533976845428 -0.94308729584818651 -8.0032304112468561e-07
      vertex 0.57499999999999918 -0.9959292143521048 0
    endloop
  endfacet
  facet normal 0.60835505547597024 -0.79366499637871712 0
    outer loop
      vertex 0.65959480751575739 -0.94197398478695271 -0.17999928546417782
      vertex 0.73920575113952003 -0.88095110958682477 -0.17999999999999999
      vertex 0.73920575113952003 -0.88095110958682477 0
    endloop
  endfacet
  facet normal 0.60648174417743084 -0.79509632621123127 0.0013137826703460487
    outer loop
      vertex 0.65959480751575739 -0.94197398478695271 -0.17999928546417782
      vertex 0.73920575113952003 -0.88095110958682477 0
      vertex 0.65774533976845428 -0.94308729584818651 -8.0032304112468561e-07
    endloop
  endfacet
  facet normal 0.67597674967513 -0.73692288434835895 0.00031051947098747985
    outer loop
      vertex 0.73920575113952003 -0.88095110958682477 -0.17999999999999999
      vertex 0.81314614615602221 -0.81312584703031543 -0.17999928546417782
      vertex 0.81151810041649308 -0.814543401098905 -8.0032304112208352e-07
    endloop
  endfacet
  facet normal 0.67639620382451804 -0.73653796606270117 0
    outer loop
      vertex 0.73920575113952003 -0.88095110958682477 -0.17999999999999999
      vertex 0.81151810041649308 -0.814543401098905 -8.0032304112208352e-07
      vertex 0.73920575113952003 -0.88095110958682477 0
    endloop
  endfacet
  facet normal 0.73988218974312558 -0.67273203417156568 -0.0024403893756025151
    outer loop
      vertex 0.81314614615602221 -0.81312584703031543 -0.17999928546417782
      vertex 0.88233694835330967 -0.73702862288364435 -0.17999852951395667
      vertex 0.88095110958682443 -0.73920575113952047 0
    endloop
  endfacet
  facet normal 0.73533495184255337 -0.67770257677967038 0.0013137826703432946
    outer loop
      vertex 0.81314614615602221 -0.81312584703031543 -0.17999928546417782
      vertex 0.88095110958682443 -0.73920575113952047 0
      vertex 0.81151810041649308 -0.814543401098905 -8.0032304112208352e-07
    endloop
  endfacet
  facet normal 0.79194436067259899 -0.61059299521711496 0.00056902606338106346
    outer loop
      vertex 0.88233694835330967 -0.73702862288364435 -0.17999852951395667
      vertex 0.94202485093234023 -0.65961290180370347 -0.17999999999999999
      vertex 0.940633294231352 -0.6612500172860788 -8.0032304112468561e-07
    endloop
  endfacet
  facet normal 0.79401808528837092 -0.60789287236061906 -0.0012393418195213676
    outer loop
      vertex 0.88233694835330967 -0.73702862288364435 -0.17999852951395667
      vertex 0.940633294231352 -0.6612500172860788 -8.0032304112468561e-07
      vertex 0.88095110958682443 -0.73920575113952047 0
    endloop
  endfacet
  facet normal 0.8457266777708804 -0.53361078076845359 -0.0024333422099586991
    outer loop
      vertex 0.94202485093234023 -0.65961290180370347 -0.17999999999999999
      vertex 0.99691594475958301 -0.57261529883797191 -0.17999852951395665
      vertex 0.99592921435210457 -0.57499999999999962 0
    endloop
  endfacet
  facet normal 0.84184502761708246 -0.53971695480159476 0.0015994299257146496
    outer loop
      vertex 0.94202485093234023 -0.65961290180370347 -0.17999999999999999
      vertex 0.99592921435210457 -0.57499999999999962 0
      vertex 0.940633294231352 -0.6612500172860788 -8.0032304112468561e-07
    endloop
  endfacet
  facet normal 0.88594144672014596 -0.46379710325034884 0
    outer loop
      vertex 0.99691594475958301 -0.57261529883797191 -0.17999852951395665
      vertex 1.042253955092147 -0.48601100100180494 -0.17999999999999999
      vertex 1.042253955092147 -0.48601100100180494 0
    endloop
  endfacet
  facet normal 0.88701013468564793 -0.4617482496228143 -0.0012549642289516904
    outer loop
      vertex 0.99691594475958301 -0.57261529883797191 -0.17999852951395665
      vertex 1.042253955092147 -0.48601100100180494 0
      vertex 0.99592921435210457 -0.57499999999999962 0
    endloop
  endfacet
  facet normal 0.92445353640507577 -0.38129452674387554 -0.00037802554560459193
    outer loop
      vertex 1.042253955092147 -0.48601100100180494 -0.17999999999999999
      vertex 1.0805202018230571 -0.39323398966873874 -0.17999871335066855
      vertex 1.0805592987112065 -0.39331765358215287 -6.9582486884010863e-07
    endloop
  endfacet
  facet normal 0.924194706929236 -0.38192164600083034 0
    outer loop
      vertex 1.042253955092147 -0.48601100100180494 -0.17999999999999999
      vertex 1.0805592987112065 -0.39331765358215287 -6.9582486884010863e-07
      vertex 1.042253955092147 -0.48601100100180494 0
    endloop
  endfacet
  facet normal 0.95327426437748641 -0.30210623442021584 0
    outer loop
      vertex 1.0805202018230571 -0.39323398966873874 -0.17999871335066855
      vertex 1.1108147002324285 -0.29764190186789874 -0.17999999999999999
      vertex 1.1108147002324285 -0.29764190186789874 0
    endloop
  endfacet
  facet normal 0.95346232537147046 -0.30151197906453031 -0.0003472431688895619
    outer loop
      vertex 1.0805202018230571 -0.39323398966873874 -0.17999871335066855
      vertex 1.1108147002324285 -0.29764190186789874 0
      vertex 1.0805592987112065 -0.39331765358215287 -6.9582486884010863e-07
    endloop
  endfacet
  facet normal 0.97629583338605086 -0.21643957542222722 0.00059657697097582484
    outer loop
      vertex 1.1108147002324285 -0.29764190186789874 -0.17999999999999999
      vertex 1.132528915964039 -0.19969540431696992 -0.17999999999999999
      vertex 1.131959612189261 -0.20176723210100903 -8.0032304112381825e-07
    endloop
  endfacet
  facet normal 0.97653215492366052 -0.2153716564456713 0
    outer loop
      vertex 1.1108147002324285 -0.29764190186789874 -0.17999999999999999
      vertex 1.131959612189261 -0.20176723210100903 -8.0032304112381825e-07
      vertex 1.1108147002324285 -0.29764190186789874 0
    endloop
  endfacet
  facet normal 0.99151313811967645 -0.13000619789187717 -0.00029231108341720355
    outer loop
      vertex 1.132528915964039 -0.19969540431696992 -0.17999999999999999
      vertex 1.1455733062933926 -0.1002102690605325 -0.17999928546417782
      vertex 1.1456239028055073 -0.10022910415980706 0
    endloop
  endfacet
  facet normal 0.99106494527767897 -0.13337059670581075 0.0015994299257134626
    outer loop
      vertex 1.132528915964039 -0.19969540431696992 -0.17999999999999999
      vertex 1.1456239028055073 -0.10022910415980706 0
      vertex 1.131959612189261 -0.20176723210100903 -8.0032304112381825e-07
    endloop
  endfacet
  facet normal 0.99910510940475428 -0.042294332232053256 -0.00041209508442490838
    outer loop
      vertex 1.1455733062933926 -0.1002102690605325 -0.17999928546417782
      vertex 1.1498741758322988 0.001387756764309196 -0.17999910868979177
      vertex 1.1497991143479176 -0.0021392106276582135 -8.0032304112381825e-07
    endloop
  endfacet
  facet normal 0.9990952921405819 -0.0425266485039964 -0.00028528852526548001
    outer loop
      vertex 1.1455733062933926 -0.1002102690605325 -0.17999928546417782
      vertex 1.1497991143479176 -0.0021392106276582135 -8.0032304112381825e-07
      vertex 1.1456239028055073 -0.10022910415980706 0
    endloop
  endfacet
  facet normal 0.99824807276023531 0.059167391987862507 -7.039765799316455e-05
    outer loop
      vertex 0.41999999999999998 0 0
      vertex 0.41673133163737491 0.055147636632637317 -8.4712155049127947e-07
      vertex 0.41680721644991858 0.054557426399753077 0.57999952267974497
    endloop
  endfacet
  facet normal 0.99848748706442725 0.054978473821839229 0.00032494920631122824
    outer loop
      vertex 0.41999999999999998 0 0
      vertex 0.41680721644991858 0.054557426399753077 0.57999952267974497
      vertex 0.4197440232091566 0.0012208262904092328 0.57999974373605778
    endloop
  endfacet
  facet normal 0.98013849330418124 0.19831377316028351 0.00042581491396948912
    outer loop
      vertex 0.41673133163737491 0.055147636632637317 -8.4712155049127947e-07
      vertex 0.40607172609079134 0.10783126564399249 2.4872286081070727e-07
      vertex 0.40568193394961172 0.10851239735576411 0.57999985436079737
    endloop
  endfacet
  facet normal 0.97939638383152949 0.20194731330925272 7.7362122787903552e-05
    outer loop
      vertex 0.41673133163737491 0.055147636632637317 -8.4712155049127947e-07
      vertex 0.40568193394961172 0.10851239735576411 0.57999985436079737
      vertex 0.41680721644991858 0.054557426399753077 0.57999952267974497
    endloop
  endfacet
  facet normal 0.94842490694381654 0.31700188005765112 -6.2677968415570537e-05
    outer loop
      vertex 0.40607172609079134 0.10783126564399249 2.4872286081070727e-07
      vertex 0.38825829719945493 0.16112653180095723 -8.471215504933601e-07
      vertex 0.38847349400607267 0.16059737165916438 0.57999962848582309
    endloop
  endfacet
  facet normal 0.94951789036659195 0.31371277169939327 0.00026971551853050956
    outer loop
      vertex 0.40607172609079134 0.10783126564399249 2.4872286081070727e-07
      vertex 0.38847349400607267 0.16059737165916438 0.57999962848582309
      vertex 0.40568193394961172 0.10851239735576411 0.57999985436079737
    endloop
  endfacet
  facet normal 0.89497183424747517 0.44612254400969592 0.00030270452057473978
    outer loop
      vertex 0.38825829719945493 0.16112653180095723 -8.471215504933601e-07
      vertex 0.3636223246543378 0.21054905364599069 3.4312434720297838e-07
      vertex 0.36371126213295707 0.20997709192048794 0.5799998798041599
    endloop
  endfacet
  facet normal 0.89390252701596218 0.44826138158263656 7.730525901760365e-05
    outer loop
      vertex 0.38825829719945493 0.16112653180095723 -8.471215504933601e-07
      vertex 0.36371126213295707 0.20997709192048794 0.5799998798041599
      vertex 0.38847349400607267 0.16059737165916438 0.57999962848582309
    endloop
  endfacet
  facet normal 0.83288516670705048 0.55344583937857583 -4.4203082197035857e-05
    outer loop
      vertex 0.3636223246543378 0.21054905364599069 3.4312434720297838e-07
      vertex 0.33336286620308231 0.25608675990479174 -4.0030422950391773e-07
      vertex 0.33367092231041717 0.25566948768602299 0.57999962848582309
    endloop
  endfacet
  facet normal 0.83558865639347057 0.54935546436812865 0.00041361265980510172
    outer loop
      vertex 0.3636223246543378 0.21054905364599069 3.4312434720297838e-07
      vertex 0.33367092231041717 0.25566948768602299 0.57999962848582309
      vertex 0.36371126213295707 0.20997709192048794 0.5799998798041599
    endloop
  endfacet
  facet normal 0.73726373384006716 0.67560505234962076 -1.9670018895245065e-06
    outer loop
      vertex 0.33336286620308231 0.25608675990479174 -4.0030422950391773e-07
      vertex 0.28400309352637909 0.30995132201721493 -8.005693463772589e-08
      vertex 0.28422401430720273 0.30971192768634676 0.57999952267974508
    endloop
  endfacet
  facet normal 0.73777940465254066 0.67504188112575225 9.3790981603155972e-05
    outer loop
      vertex 0.33336286620308231 0.25608675990479174 -4.0030422950391773e-07
      vertex 0.28422401430720273 0.30971192768634676 0.57999952267974508
      vertex 0.33367092231041717 0.25566948768602299 0.57999962848582309
    endloop
  endfacet
  facet normal 0.62183955879826136 0.78314454715705262 0.00042587763341899419
    outer loop
      vertex 0.28400309352637909 0.30995132201721493 -8.005693463772589e-08
      vertex 0.240987964404451 0.34410658603811339 2.4903738188178717e-07
      vertex 0.24185669925359229 0.3431013788658559 0.57999976305483458
    endloop
  endfacet
  facet normal 0.61897678875968731 0.78540927366592728 8.840987442139689e-05
    outer loop
      vertex 0.28400309352637909 0.30995132201721493 -8.005693463772589e-08
      vertex 0.24185669925359229 0.3431013788658559 0.57999976305483458
      vertex 0.28422401430720273 0.30971192768634676 0.57999952267974508
    endloop
  endfacet
  facet normal 0.52258747035267417 0.85258567377584882 -6.8575321675301386e-05
    outer loop
      vertex 0.240987964404451 0.34410658603811339 2.4903738188178717e-07
      vertex 0.19385297283105973 0.37299770712296015 -8.471215504909253e-07
      vertex 0.19437997049023972 0.37272133764020987 0.57999952267974508
    endloop
  endfacet
  facet normal 0.52931760793580274 0.84842348552727676 0.00067759491342255537
    outer loop
      vertex 0.240987964404451 0.34410658603811339 2.4903738188178717e-07
      vertex 0.19437997049023972 0.37272133764020987 0.57999952267974508
      vertex 0.24185669925359229 0.3431013788658559 0.57999976305483458
    endloop
  endfacet
  facet normal 0.39806909607070556 0.9173554125477682 0.00020450615029274789
    outer loop
      vertex 0.19385297283105973 0.37299770712296015 -8.471215504909253e-07
      vertex 0.14412789629357112 0.3945749669032364 2.3812238708273425e-07
      vertex 0.14381842341406165 0.39457995743568175 0.5799998972265461
    endloop
  endfacet
  facet normal 0.39682193790811238 0.9178956060979605 7.6817367379390018e-05
    outer loop
      vertex 0.19385297283105973 0.37299770712296015 -8.471215504909253e-07
      vertex 0.14381842341406165 0.39457995743568175 0.5799998972265461
      vertex 0.19437997049023972 0.37272133764020987 0.57999952267974508
    endloop
  endfacet
  facet normal 0.28552836386202923 0.95837025892276884 -1.557490759366166e-05
    outer loop
      vertex 0.14412789629357112 0.3945749669032364 2.3812238708273425e-07
      vertex 0.090783084412498549 0.41046804863258191 -7.6281294917636241e-08
      vertex 0.091265577006797854 0.41033372489077002 0.57999962848582332
    endloop
  endfacet
  facet normal 0.28714576404610237 0.95788688746303674 0.00014497156942696818
    outer loop
      vertex 0.14412789629357112 0.3945749669032364 2.3812238708273425e-07
      vertex 0.091265577006797854 0.41033372489077002 0.57999962848582332
      vertex 0.14381842341406165 0.39457995743568175 0.5799998972265461
    endloop
  endfacet
  facet normal 0.13043777747586124 0.99145649726806095 1.5234993869369635e-05
    outer loop
      vertex 0.090783084412498549 0.41046804863258191 -7.6281294917636241e-08
      vertex 0.018315435800032892 0.42000202117566776 8.6502089270859532e-09
      vertex 0.018624842448162277 0.41995240265870132 0.57999929113749571
    endloop
  endfacet
  facet normal 0.13126857508690448 0.99134683471591312 0.00012038851115758556
    outer loop
      vertex 0.090783084412498549 0.41046804863258191 -7.6281294917636241e-08
      vertex 0.018624842448162277 0.41995240265870132 0.57999929113749571
      vertex 0.091265577006797854 0.41033372489077002 0.57999962848582332
    endloop
  endfacet
  facet normal -0.02616248329807197 0.99965763764602067 0.00036326802159620251
    outer loop
      vertex 0.018315435800032892 0.42000202117566776 8.6502089270859532e-09
      vertex -0.036952281589618649 0.41855558511585561 3.4291721085052875e-07
      vertex -0.03654670528404616 0.41835543218862181 0.57999988375571465
    endloop
  endfacet
  facet normal -0.028933424589368362 0.99958133573560359 0.0001009482927919331
    outer loop
      vertex 0.018315435800032892 0.42000202117566776 8.6502089270859532e-09
      vertex -0.03654670528404616 0.41835543218862181 0.57999988375571465
      vertex 0.018624842448162277 0.41995240265870132 0.57999929113749571
    endloop
  endfacet
  facet normal -0.14959693478222683 0.9887470623194774 -6.2115745955939255e-05
    outer loop
      vertex -0.036952281589618649 0.41855558511585561 3.4291721085052875e-07
      vertex -0.091258311960800031 0.41033910987437022 -8.4712155049190458e-07
      vertex -0.090724323403659282 0.41045633925625641 0.57999952228574236
    endloop
  endfacet
  facet normal -0.14427451629270502 0.98953760325677154 0.0004423678902143374
    outer loop
      vertex -0.036952281589618649 0.41855558511585561 3.4291721085052875e-07
      vertex -0.090724323403659282 0.41045633925625641 0.57999952228574236
      vertex -0.03654670528404616 0.41835543218862181 0.57999988375571465
    endloop
  endfacet
  facet normal -0.30070357594259622 0.95371765182927071 -2.144119382976594e-06
    outer loop
      vertex -0.091258311960800031 0.41033910987437022 -8.4712155049190458e-07
      vertex -0.16093255509815266 0.38837108399106807 -3.1746619044065904e-08
      vertex -0.16059971468235021 0.38847733125496842 0.57999929113749571
    endloop
  endfacet
  facet normal -0.30005235048743678 0.95392273272225447 8.3442618198196469e-05
    outer loop
      vertex -0.091258311960800031 0.41033910987437022 -8.4712155049190458e-07
      vertex -0.16059971468235021 0.38847733125496842 0.57999929113749571
      vertex -0.090724323403659282 0.41045633925625641 0.57999952228574236
    endloop
  endfacet
  facet normal -0.44751279415879458 0.89427725982696815 0.00069398887441094804
    outer loop
      vertex -0.16093255509815266 0.38837108399106807 -3.1746619044065904e-08
      vertex -0.21019435697763736 0.36371957176073455 2.6155562355659363e-07
      vertex -0.21070968862008618 0.36301159142947481 0.57999977201071928
    endloop
  endfacet
  facet normal -0.45305006252116187 0.89148507082404538 9.6682046673714244e-05
    outer loop
      vertex -0.16093255509815266 0.38837108399106807 -3.1746619044065904e-08
      vertex -0.21070968862008618 0.36301159142947481 0.57999977201071928
      vertex -0.16059971468235021 0.38847733125496842 0.57999929113749571
    endloop
  endfacet
  facet normal -0.55184473443228765 0.8339468713145648 -7.0028613107583733e-05
    outer loop
      vertex -0.21019435697763736 0.36371957176073455 2.6155562355659363e-07
      vertex -0.25612492010122556 0.33332610143456509 -8.4712155049092552e-07
      vertex -0.25567274402572493 0.33367402238920385 0.5799992911374956
    endloop
  endfacet
  facet normal -0.54644851851875442 0.8374925244366116 0.00053676945704990214
    outer loop
      vertex -0.21019435697763736 0.36371957176073455 2.6155562355659363e-07
      vertex -0.25567274402572493 0.33367402238920385 0.5799992911374956
      vertex -0.21070968862008618 0.36301159142947481 0.57999977201071928
    endloop
  endfacet
  facet normal -0.66317362831445903 0.74846268478387457 0.0020852324450885045
    outer loop
      vertex -0.25612492010122556 0.33332610143456509 -8.4712155049092552e-07
      vertex -0.29669528407419771 0.29737882137911498 2.3812238708251741e-07
      vertex -0.30966035404550629 0.28427526092382649 0.57999962726393772
    endloop
  endfacet
  facet normal -0.6750569137038348 0.73776565130859373 8.3724904654262309e-05
    outer loop
      vertex -0.25612492010122556 0.33332610143456509 -8.4712155049092552e-07
      vertex -0.30966035404550629 0.28427526092382649 0.57999962726393772
      vertex -0.25567274402572493 0.33367402238920385 0.5799992911374956
    endloop
  endfacet
  facet normal -0.73654019809593907 0.67639273879044592 -0.0011830047989397385
    outer loop
      vertex -0.29669528407419771 0.29737882137911498 2.3812238708251741e-07
      vertex -0.32212705879058756 0.26968555503503183 3.3872501971495515e-07
      vertex -0.30966035404550629 0.28427526092382649 0.57999962726393772
    endloop
  endfacet
  facet normal -0.80427364771155063 0.59425849802887576 -0.00085855531057268313
    outer loop
      vertex -0.32212705879058756 0.26968555503503183 3.3872501971495515e-07
      vertex -0.35468293840533849 0.22562419595109931 -8.471215504884922e-07
      vertex -0.34400764103644604 0.24091017520809518 0.57999989685628295
    endloop
  endfacet
  facet normal -0.7838992226450856 0.62088686000947191 0.0012311799255106759
    outer loop
      vertex -0.32212705879058756 0.26968555503503183 3.3872501971495515e-07
      vertex -0.34400764103644604 0.24091017520809518 0.57999989685628295
      vertex -0.30966035404550629 0.28427526092382649 0.57999962726393772
    endloop
  endfacet
  facet normal -0.85104011533776269 0.52509750676994382 0.0018249574999544872
    outer loop
      vertex -0.35468293840533849 0.22562419595109931 -8.471215504884922e-07
      vertex -0.37273067277775818 0.1943579607316295 0.5799996284858232
      vertex -0.34400764103644604 0.24091017520809518 0.57999989685628295
    endloop
  endfacet
  facet normal -0.87812157682301795 0.47843510082462765 -0.001533172131673488
    outer loop
      vertex -0.35468293840533849 0.22562419595109931 -8.471215504884922e-07
      vertex -0.38063134314930908 0.17799840046225987 3.4208695314896353e-07
      vertex -0.37273067277775818 0.1943579607316295 0.5799996284858232
    endloop
  endfacet
  facet normal -0.93073314184275679 0.36569908080697228 -3.118406858631266e-05
    outer loop
      vertex -0.38063134314930908 0.17799840046225987 3.4208695314896353e-07
      vertex -0.40109140700638396 0.12592591648357609 1.0452545594200665e-08
      vertex -0.40078501656249438 0.1267551624573646 0.57999969379493133
    endloop
  endfacet
  facet normal -0.92362501965646104 0.38329321576477032 0.0017702579764426788
    outer loop
      vertex -0.38063134314930908 0.17799840046225987 3.4208695314896353e-07
      vertex -0.40078501656249438 0.1267551624573646 0.57999969379493133
      vertex -0.37273067277775818 0.1943579607316295 0.5799996284858232
    endloop
  endfacet
  facet normal -0.97653866130582634 0.21533862803479692 -0.001232173330364857
    outer loop
      vertex -0.40109140700638396 0.12592591648357609 1.0452545594200665e-08
      vertex -0.41683273713887331 0.054540593277908812 -7.5716117558571101e-08
      vertex -0.41341282532301771 0.073368318221104067 0.57999977838960937
    endloop
  endfacet
  facet normal -0.97314745014624726 0.23018254942177371 0.0001849744576715778
    outer loop
      vertex -0.40109140700638396 0.12592591648357609 1.0452545594200665e-08
      vertex -0.41341282532301771 0.073368318221104067 0.57999977838960937
      vertex -0.40078501656249438 0.1267551624573646 0.57999969379493133
    endloop
  endfacet
  facet normal -0.9929477087464732 0.11853615426977866 0.0020069444587154516
    outer loop
      vertex -0.41683273713887331 0.054540593277908812 -7.5716117558571101e-08
      vertex -0.41994793472575997 0.018625344256861829 0.5799996284858232
      vertex -0.41341282532301771 0.073368318221104067 0.57999977838960937
    endloop
  endfacet
  facet normal -0.99906819162300309 0.043075115106576925 -0.0026986933315249649
    outer loop
      vertex -0.41683273713887331 0.054540593277908812 -7.5716117558571101e-08
      vertex -0.41998641522365354 -0.018604637224972433 1.2368648299380212e-08
      vertex -0.41994793472575997 0.018625344256861829 0.5799996284858232
    endloop
  endfacet
  facet normal -0.99903901234638826 -0.043735499892582547 0.0028736490911281561
    outer loop
      vertex -0.41998641522365354 -0.018604637224972433 1.2368648299380212e-08
      vertex -0.41673642997223365 -0.05473424312695218 0.57999973669805338
      vertex -0.41994793472575997 0.018625344256861829 0.5799996284858232
    endloop
  endfacet
  facet normal -0.9934868841749106 -0.11393624853289153 -0.0015304387211944423
    outer loop
      vertex -0.41998641522365354 -0.018604637224972433 1.2368648299380212e-08
      vertex -0.41374160736343413 -0.073057327097252087 3.4119732719327042e-07
      vertex -0.41673642997223365 -0.05473424312695218 0.57999973669805338
    endloop
  endfacet
  facet normal -0.97218310275618569 -0.23422213844711318 -6.7650701415699683e-05
    outer loop
      vertex -0.41374160736343413 -0.073057327097252087 3.4119732719327042e-07
      vertex -0.4008239597156929 -0.12667445643166486 -8.4712155049092583e-07
      vertex -0.40100118059880285 -0.1261063900778234 0.57999952267974497
    endloop
  endfacet
  facet normal -0.97654702581950648 -0.2152970312526124 0.0017591750588582071
    outer loop
      vertex -0.41374160736343413 -0.073057327097252087 3.4119732719327042e-07
      vertex -0.40100118059880285 -0.1261063900778234 0.57999952267974497
      vertex -0.41673642997223365 -0.05473424312695218 0.57999973669805338
    endloop
  endfacet
  facet normal -0.93014559369798766 -0.36719087758207675 0.00018424093472431069
    outer loop
      vertex -0.4008239597156929 -0.12667445643166486 -8.4712155049092583e-07
      vertex -0.38092044761107191 -0.1770928219564 2.381223870829511e-07
      vertex -0.38068387039959489 -0.1774010855069178 0.57999993983585429
    endloop
  endfacet
  facet normal -0.92972496083122191 -0.36825465555815096 7.6597194024907061e-05
    outer loop
      vertex -0.4008239597156929 -0.12667445643166486 -8.4712155049092583e-07
      vertex -0.38068387039959489 -0.1774010855069178 0.57999993983585429
      vertex -0.40100118059880285 -0.1261063900778234 0.57999952267974497
    endloop
  endfacet
  facet normal -0.87932968551682045 -0.47621350269249935 -6.3421057248765436e-05
    outer loop
      vertex -0.38092044761107191 -0.1770928219564 2.381223870829511e-07
      vertex -0.35438045263231321 -0.2260990035063003 -8.4712155048849252e-07
      vertex -0.35468426781020795 -0.22561525102939003 0.5799996284858232
    endloop
  endfacet
  facet normal -0.88018036942102817 -0.47463934296442001 0.00010675282786158798
    outer loop
      vertex -0.38092044761107191 -0.1770928219564 2.381223870829511e-07
      vertex -0.35468426781020795 -0.22561525102939003 0.5799996284858232
      vertex -0.38068387039959489 -0.1774010855069178 0.57999993983585429
    endloop
  endfacet
  facet normal -0.79303262220878157 -0.60917916537439254 -6.7723128904219386e-05
    outer loop
      vertex -0.35438045263231321 -0.2260990035063003 -8.4712155048849252e-07
      vertex -0.30977488808483511 -0.28416676067706526 -4.0030422950116779e-07
      vertex -0.31013562921850024 -0.28376162522324738 0.57999952267974486
    endloop
  endfacet
  facet normal -0.79380570798647054 -0.60817143110076244 9.1438224666536962e-05
    outer loop
      vertex -0.35438045263231321 -0.2260990035063003 -8.4712155048849252e-07
      vertex -0.31013562921850024 -0.28376162522324738 0.57999952267974486
      vertex -0.35468426781020795 -0.22561525102939003 0.5799996284858232
    endloop
  endfacet
  facet normal -0.67657957953556014 -0.73636844461174544 -0.0012594981395333458
    outer loop
      vertex -0.30977488808483511 -0.28416676067706526 -4.0030422950116779e-07
      vertex -0.25629825771073994 -0.33330139847436946 1.6966763187833446e-07
      vertex -0.27004381775455522 -0.32166394080467398 0.57999993983585418
    endloop
  endfacet
  facet normal -0.68698582921438511 -0.72667080855774135 8.0303564040042069e-05
    outer loop
      vertex -0.30977488808483511 -0.28416676067706526 -4.0030422950116779e-07
      vertex -0.27004381775455522 -0.32166394080467398 0.57999993983585418
      vertex -0.31013562921850024 -0.28376162522324738 0.57999952267974486
    endloop
  endfacet
  facet normal -0.5971219361090101 -0.80214812627968757 0.0019434308358654263
    outer loop
      vertex -0.25629825771073994 -0.33330139847436946 1.6966763187833446e-07
      vertex -0.22610398864355219 -0.35437290761088719 0.57999962848582309
      vertex -0.27004381775455522 -0.32166394080467398 0.57999993983585418
    endloop
  endfacet
  facet normal -0.55169178315899658 -0.83404656849082648 -0.0015805010357151279
    outer loop
      vertex -0.25629825771073994 -0.33330139847436946 1.6966763187833446e-07
      vertex -0.20980408392029931 -0.3640556211854431 3.4291721085063717e-07
      vertex -0.22610398864355219 -0.35437290761088719 0.57999962848582309
    endloop
  endfacet
  facet normal -0.44457938124811835 -0.89573945639786756 -4.5926908481486017e-06
    outer loop
      vertex -0.20980408392029931 -0.3640556211854431 3.4291721085063717e-07
      vertex -0.16060641153614871 -0.3884737380672037 -8.4712155049092213e-07
      vertex -0.16106262369802879 -0.38825028161924413 0.5799997474497961
    endloop
  endfacet
  facet normal -0.46195149191486801 -0.88690331630700658 0.0018239082382843659
    outer loop
      vertex -0.20980408392029931 -0.3640556211854431 3.4291721085063717e-07
      vertex -0.16106262369802879 -0.38825028161924413 0.5799997474497961
      vertex -0.22610398864355219 -0.35437290761088719 0.57999962848582309
    endloop
  endfacet
  facet normal -0.30070389394730956 -0.95371755156215199 -2.6868444571141382e-06
    outer loop
      vertex -0.16060641153614871 -0.3884737380672037 -8.4712155049092213e-07
      vertex -0.090978232738604517 -0.41042726556666859 -8.0056934638284363e-08
      vertex -0.091265858670112526 -0.41033821208393678 0.5799992911374956
    endloop
  endfacet
  facet normal -0.30171319151279419 -0.95339872727424768 0.00012999618694151737
    outer loop
      vertex -0.16060641153614871 -0.3884737380672037 -8.4712155049092213e-07
      vertex -0.091265858670112526 -0.41033821208393678 0.5799992911374956
      vertex -0.16106262369802879 -0.38825028161924413 0.5799997474497961
    endloop
  endfacet
  facet normal -0.14777597677183937 -0.98902072742088276 0.0005112934546279063
    outer loop
      vertex -0.090978232738604517 -0.41042726556666859 -8.0056934638284363e-08
      vertex -0.03609350943569279 -0.41862794645706874 3.4312434720319522e-07
      vertex -0.037506638780682014 -0.41811695974188479 0.57999971688658114
    endloop
  endfacet
  facet normal -0.14320469752299345 -0.98969308780841858 8.0941866690096979e-05
    outer loop
      vertex -0.090978232738604517 -0.41042726556666859 -8.0056934638284363e-08
      vertex -0.037506638780682014 -0.41811695974188479 0.57999971688658114
      vertex -0.091265858670112526 -0.41033821208393678 0.5799992911374956
    endloop
  endfacet
  facet normal -0.024367017827916143 -0.99970279625362157 -0.00075339555619461935
    outer loop
      vertex -0.03609350943569279 -0.41862794645706874 3.4312434720319522e-07
      vertex 0.018564908082819482 -0.41996020448316873 -4.0030422950429556e-07
      vertex 0.00014487397874905753 -0.41994832926849579 0.57999985387456909
    endloop
  endfacet
  facet normal -0.048582551675749396 -0.99881888029425359 0.00076160383831536148
    outer loop
      vertex -0.03609350943569279 -0.41862794645706874 3.4312434720319522e-07
      vertex 0.00014487397874905753 -0.41994832926849579 0.57999985387456909
      vertex -0.037506638780682014 -0.41811695974188479 0.57999971688658114
    endloop
  endfacet
  facet normal 0.057617827266819875 -0.99833699838764689 0.0018503057571044119
    outer loop
      vertex 0.018564908082819482 -0.41996020448316873 -4.0030422950429556e-07
      vertex 0.054582080186951543 -0.41680655198485062 0.57999929113749571
      vertex 0.00014487397874905753 -0.41994832926849579 0.57999985387456909
    endloop
  endfacet
  facet normal 0.11282660524829771 -0.99361339819983197 -0.0016037661696775493
    outer loop
      vertex 0.018564908082819482 -0.41996020448316873 -4.0030422950429556e-07
      vertex 0.07265741346257043 -0.41381790348952519 3.406468115179067e-07
      vertex 0.054582080186951543 -0.41680655198485062 0.57999929113749571
    endloop
  endfacet
  facet normal 0.23370232114464298 -0.97230819334718377 -4.7344922166372018e-05
    outer loop
      vertex 0.07265741346257043 -0.41381790348952519 3.406468115179067e-07
      vertex 0.12687133417465926 -0.40078713895106477 -3.0168032826457901e-08
      vertex 0.12605833452202692 -0.40101079226276343 0.5799996882257189
    endloop
  endfacet
  facet normal 0.21578631326123418 -0.97643914268679866 0.0016934102261999338
    outer loop
      vertex 0.07265741346257043 -0.41381790348952519 3.406468115179067e-07
      vertex 0.12605833452202692 -0.40101079226276343 0.5799996882257189
      vertex 0.054582080186951543 -0.41680655198485062 0.57999929113749571
    endloop
  endfacet
  facet normal 0.36959413073495029 -0.92919148303847898 0.0018347683855431877
    outer loop
      vertex 0.12687133417465926 -0.40078713895106477 -3.0168032826457901e-08
      vertex 0.17749966993109351 -0.3806492705553931 0
      vertex 0.19384661462775982 -0.3730018703068278 0.57999929113749582
    endloop
  endfacet
  facet normal 0.3818698011209804 -0.92421611270864024 0.00017888977880357358
    outer loop
      vertex 0.12687133417465926 -0.40078713895106477 -3.0168032826457901e-08
      vertex 0.19384661462775982 -0.3730018703068278 0.57999929113749582
      vertex 0.12605833452202692 -0.40101079226276343 0.5799996882257189
    endloop
  endfacet
  facet normal 0.45769477652336765 -0.8891086023036272 -0.0011767977374310666
    outer loop
      vertex 0.17749966993109351 -0.3806492705553931 0
      vertex 0.21037937437696608 -0.3637234770854243 3.4291721085074559e-07
      vertex 0.19384661462775982 -0.3730018703068278 0.57999929113749582
    endloop
  endfacet
  facet normal 0.55344343198605173 -0.83288676566875619 -5.6261342088403241e-05
    outer loop
      vertex 0.21037937437696608 -0.3637234770854243 3.4291721085074559e-07
      vertex 0.25612492010122428 -0.33332610143456609 -8.471215504884904e-07
      vertex 0.25537501212853159 -0.33386358536791383 0.57999976347346494
    endloop
  endfacet
  facet normal 0.53671696878141628 -0.84376042289250985 0.0018011613868206648
    outer loop
      vertex 0.21037937437696608 -0.3637234770854243 3.4291721085074559e-07
      vertex 0.25537501212853159 -0.33386358536791383 0.57999976347346494
      vertex 0.19384661462775982 -0.3730018703068278 0.57999929113749582
    endloop
  endfacet
  facet normal 0.67608375391634556 -0.73682477588383843 -8.5639438923392719e-05
    outer loop
      vertex 0.25612492010122428 -0.33332610143456609 -8.471215504884904e-07
      vertex 0.3101152771382536 -0.28378650334342759 -8.4712155049092636e-07
      vertex 0.30971192768634548 -0.28422401430720401 0.57999952267974497
    endloop
  endfacet
  facet normal 0.67447387874103593 -0.73829868725176795 0.0001878785205407438
    outer loop
      vertex 0.25612492010122428 -0.33332610143456609 -8.471215504884904e-07
      vertex 0.30971192768634548 -0.28422401430720401 0.57999952267974497
      vertex 0.25537501212853159 -0.33386358536791383 0.57999976347346494
    endloop
  endfacet
  facet normal 0.77782503233368305 -0.6284728791837636 0.0031716250685331223
    outer loop
      vertex 0.3101152771382536 -0.28378650334342759 -8.4712155049092636e-07
      vertex 0.34213829595652212 -0.24415343368129633 3.3640688383400341e-07
      vertex 0.35436067625696965 -0.22609948988843692 0.57999975121186376
    endloop
  endfacet
  facet normal 0.79303540579773801 -0.60917553848671901 9.1981698801644939e-05
    outer loop
      vertex 0.3101152771382536 -0.28378650334342759 -8.4712155049092636e-07
      vertex 0.35436067625696965 -0.22609948988843692 0.57999975121186376
      vertex 0.30971192768634548 -0.28422401430720401 0.57999952267974497
    endloop
  endfacet
  facet normal 0.85237271910254475 -0.52293203193245541 -0.0016845500075755289
    outer loop
      vertex 0.34213829595652212 -0.24415343368129633 3.3640688383400341e-07
      vertex 0.37299770712296026 -0.19385297283105973 -8.4712155048605741e-07
      vertex 0.35436067625696965 -0.22609948988843692 0.57999975121186376
    endloop
  endfacet
  facet normal 0.88657983964880727 -0.46256730420906483 0.002770740885362727
    outer loop
      vertex 0.37299770712296026 -0.19385297283105973 -8.4712155048605741e-07
      vertex 0.38825610257615617 -0.16113380795912477 0.57999929113749571
      vertex 0.35436067625696965 -0.22609948988843692 0.57999975121186376
    endloop
  endfacet
  facet normal 0.92331495710120648 -0.384034626996059 -0.0026258829362631898
    outer loop
      vertex 0.37299770712296026 -0.19385297283105973 -8.4712155048605741e-07
      vertex 0.40079482098043001 -0.12702178974876566 1.1336791459477628e-07
      vertex 0.38825610257615617 -0.16113380795912477 0.57999929113749571
    endloop
  endfacet
  facet normal 0.94948496570616414 -0.31380569419244714 0.00207031165784014
    outer loop
      vertex 0.40079482098043001 -0.12702178974876566 1.1336791459477628e-07
      vertex 0.40460618237833157 -0.11166320822820143 0.57999974054689984
      vertex 0.38825610257615617 -0.16113380795912477 0.57999929113749571
    endloop
  endfacet
  facet normal 0.97642961422198216 -0.21583605180363369 -8.4924262416912245e-05
    outer loop
      vertex 0.40079482098043001 -0.12702178974876566 1.1336791459477628e-07
      vertex 0.41683653336112841 -0.054450025572678043 -1.3209546070942992e-07
      vertex 0.41673109500236011 -0.055155232872036497 0.57999929113749582
    endloop
  endfacet
  facet normal 0.97774507206114691 -0.20979470390539887 -0.00086963980404934995
    outer loop
      vertex 0.40079482098043001 -0.12702178974876566 1.1336791459477628e-07
      vertex 0.41673109500236011 -0.055155232872036497 0.57999929113749582
      vertex 0.40460618237833157 -0.11166320822820143 0.57999974054689984
    endloop
  endfacet
  facet normal 0.99831638269527334 -0.058000719243145642 0.00056268063965197481
    outer loop
      vertex 0.41683653336112841 -0.054450025572678043 -1.3209546070942992e-07
      vertex 0.41999999999999998 0 0
      vertex 0.4197440232091566 0.0012208262904092328 0.57999974373605778
    endloop
  endfacet
  facet normal 0.99857494665924407 -0.053367239939799992 0.00011664345449454983
    outer loop
      vertex 0.41683653336112841 -0.054450025572678043 -1.3209546070942992e-07
      vertex 0.4197440232091566 0.0012208262904092328 0.57999974373605778
      vertex 0.41673109500236011 -0.055155232872036497 0.57999929113749582
    endloop
  endfacet
  facet normal -0.99968660041877921 -0.024956711331311419 -0.0019655794742273859
    outer loop
      vertex 0.16055388979300991 -0.013394164473780008 -0.18000292097164078
      vertex 0.159260436030733 -0.021440108708615291 0.58000130254279403
      vertex 0.15804179972157262 0.02737469301533782 0.58000001728900574
    endloop
  endfacet
  facet normal -0.99333678020126592 -0.11521132253800614 0.0028969394928741628
    outer loop
      vertex 0.16055388979300991 -0.013394164473780008 -0.18000292097164078
      vertex 0.15804179972157262 0.02737469301533782 0.58000001728900574
      vertex 0.15343616745644717 0.047973968197203364 -0.18000004257394814
    endloop
  endfacet
  facet normal -0.94977719327951504 -0.31291509059065264 -0.0027256571189749061
    outer loop
      vertex 0.15343616745644717 0.047973968197203364 -0.18000004257394814
      vertex 0.15804179972157262 0.02737469301533782 0.58000001728900574
      vertex 0.14269673580611256 0.073950878294286468 0.5800002008745283
    endloop
  endfacet
  facet normal -0.89355899711343567 -0.44893755807732427 0.002718018616631446
    outer loop
      vertex 0.15343616745644717 0.047973968197203364 -0.18000004257394814
      vertex 0.14269673580611256 0.073950878294286468 0.5800002008745283
      vertex 0.13121616105045444 0.092200350881276191 -0.18000092380855326
    endloop
  endfacet
  facet normal -0.79458564660865005 -0.60714661667334058 -0.002576056216254338
    outer loop
      vertex 0.13121616105045444 0.092200350881276191 -0.18000092380855326
      vertex 0.14269673580611256 0.073950878294286468 0.5800002008745283
      vertex 0.10891187918960461 0.11816583493909524 0.58000051412639031
    endloop
  endfacet
  facet normal -0.72533672861781551 -0.68839062206178459 0.0022319443081423667
    outer loop
      vertex 0.13121616105045444 0.092200350881276191 -0.18000092380855326
      vertex 0.10891187918960461 0.11816583493909524 0.58000051412639031
      vertex 0.097466112870539662 0.12776177031059724 -0.18000177291696923
    endloop
  endfacet
  facet normal -0.53991844640824771 -0.84171363262664545 -0.0024963730812402468
    outer loop
      vertex 0.097466112870539662 0.12776177031059724 -0.18000177291696923
      vertex 0.10891187918960461 0.11816583493909524 0.58000051412639031
      vertex 0.061972038839174071 0.14827546484895157 0.58000039723143204
    endloop
  endfacet
  facet normal -0.45925381583552644 -0.88830149164194483 0.0025283566212433908
    outer loop
      vertex 0.097466112870539662 0.12776177031059724 -0.18000177291696923
      vertex 0.061972038839174071 0.14827546484895157 0.58000039723143204
      vertex 0.047891088047960675 0.15339216667279026 -0.18000177291696925
    endloop
  endfacet
  facet normal -0.21928013153979001 -0.97565872333821324 -0.0025058902490690325
    outer loop
      vertex 0.047891088047960675 0.15339216667279026 -0.18000177291696925
      vertex 0.061972038839174071 0.14827546484895157 0.58000039723143204
      vertex 0.0074780610294589911 0.16052303058868567 0.58000130254279403
    endloop
  endfacet
  facet normal -0.14340523768090727 -0.98966266058056174 0.0016601380323185355
    outer loop
      vertex 0.047891088047960675 0.15339216667279026 -0.18000177291696925
      vertex 0.0074780610294589911 0.16052303058868567 0.58000130254279403
      vertex -0.00026360786157512408 0.16036993525703183 -0.18000092380855323
    endloop
  endfacet
  facet normal 0.14208602110192348 -0.98985352716485808 -0.0012479449960809627
    outer loop
      vertex -0.00026360786157512408 0.16036993525703183 -0.18000092380855323
      vertex 0.0074780610294589911 0.16052303058868567 0.58000130254279403
      vertex -0.054474700438166518 0.15163017831567152 0.58000115493020532
    endloop
  endfacet
  facet normal 0.13215544283147596 -0.99122704250396276 -0.0019720899735402933
    outer loop
      vertex -0.00026360786157512408 0.16036993525703183 -0.18000092380855323
      vertex -0.054474700438166518 0.15163017831567152 0.58000115493020532
      vertex -0.041761419147886447 0.15483723549005834 -0.18000092380855326
    endloop
  endfacet
  facet normal 0.3987952354024869 -0.91703572057973781 0.0028013213089813876
    outer loop
      vertex -0.041761419147886447 0.15483723549005834 -0.18000092380855326
      vertex -0.054474700438166518 0.15163017831567152 0.58000115493020532
      vertex -0.086721418886034518 0.13528528603430431 -0.18000177291696923
    endloop
  endfacet
  facet normal 0.49561477177113494 -0.8685392777375297 -0.0023496870889829539
    outer loop
      vertex -0.086721418886034518 0.13528528603430431 -0.18000177291696923
      vertex -0.054474700438166518 0.15163017831567152 0.58000115493020532
      vertex -0.097431868583393338 0.12711752261996134 0.57999995781335845
    endloop
  endfacet
  facet normal 0.69663337286717486 -0.71742421436038373 0.0021072392104157715
    outer loop
      vertex -0.086721418886034518 0.13528528603430431 -0.18000177291696923
      vertex -0.097431868583393338 0.12711752261996134 0.57999995781335845
      vertex -0.12737155289468891 0.098045486049373631 0.5800000849209187
    endloop
  endfacet
  facet normal 0.65467321995851824 -0.75590930885464014 -0.0020228336673762124
    outer loop
      vertex -0.086721418886034518 0.13528528603430431 -0.18000177291696923
      vertex -0.12737155289468891 0.098045486049373631 0.5800000849209187
      vertex -0.11911900758627963 0.10722657895126485 -0.17999971381836485
    endloop
  endfacet
  facet normal 0.816607045934998 -0.5771909071364304 0.0018945311664382743
    outer loop
      vertex -0.11911900758627963 0.10722657895126485 -0.17999971381836485
      vertex -0.12737155289468891 0.098045486049373631 0.5800000849209187
      vertex -0.14274559482468976 0.07379978502093415 -0.18000177291696923
    endloop
  endfacet
  facet normal 0.87244879592584657 -0.48870119981901505 -0.0020581017943049171
    outer loop
      vertex -0.14274559482468976 0.07379978502093415 -0.18000177291696923
      vertex -0.12737155289468891 0.098045486049373631 0.5800000849209187
      vertex -0.14799647319573817 0.061225059469139552 0.57999997068525222
    endloop
  endfacet
  facet normal 0.96214723809863545 -0.27252177751132323 0.002138457677084744
    outer loop
      vertex -0.14274559482468976 0.07379978502093415 -0.18000177291696923
      vertex -0.14799647319573817 0.061225059469139552 0.57999997068525222
      vertex -0.15929899306757375 0.021321137502673119 0.58000022052278155
    endloop
  endfacet
  facet normal 0.94471579965262731 -0.32788381753275081 -0.0020639977826227315
    outer loop
      vertex -0.14274559482468976 0.07379978502093415 -0.18000177291696923
      vertex -0.15929899306757375 0.021321137502673119 0.58000022052278155
      vertex -0.15636571203431424 0.034556790431808003 -0.18000034062528031
    endloop
  endfacet
  facet normal 0.99514272250701075 -0.098419705745685551 0.0021268197542339373
    outer loop
      vertex -0.15636571203431424 0.034556790431808003 -0.18000034062528031
      vertex -0.15929899306757375 0.021321137502673119 0.58000022052278155
      vertex -0.16052120390696889 -0.0074603087903855822 -0.1800017729169692
    endloop
  endfacet
  facet normal 0.99963440136109394 0.026910298634630653 -0.0026266790520159968
    outer loop
      vertex -0.16052120390696889 -0.0074603087903855822 -0.1800017729169692
      vertex -0.15929899306757375 0.021321137502673119 0.58000022052278155
      vertex -0.15798263689589787 -0.027577380118485414 0.58000067801113731
    endloop
  endfacet
  facet normal 0.98209042790204792 0.18840243898910508 0.0017065773140430708
    outer loop
      vertex -0.16052120390696889 -0.0074603087903855822 -0.1800017729169692
      vertex -0.15798263689589787 -0.027577380118485414 0.58000067801113731
      vertex -0.15269507411846223 -0.0482557976299565 -0.18000034062528025
    endloop
  endfacet
  facet normal 0.95037251036694992 0.31110875735375276 -0.0018527376029677702
    outer loop
      vertex -0.15269507411846223 -0.0482557976299565 -0.18000034062528025
      vertex -0.15798263689589787 -0.027577380118485414 0.58000067801113731
      vertex -0.14296460068708058 -0.073454359086917054 0.58000005975975288
    endloop
  endfacet
  facet normal 0.9043045958938577 0.42688003487058268 0.0025755919973498151
    outer loop
      vertex -0.15269507411846223 -0.0482557976299565 -0.18000034062528025
      vertex -0.14296460068708058 -0.073454359086917054 0.58000005975975288
      vertex -0.13160101806292152 -0.092941525780563958 -0.18000292097164078
    endloop
  endfacet
  facet normal 0.80418040197810592 0.59437659520777864 -0.0032162312635356806
    outer loop
      vertex -0.13160101806292152 -0.092941525780563958 -0.18000292097164078
      vertex -0.14296460068708058 -0.073454359086917054 0.58000005975975288
      vertex -0.11352953259698249 -0.1132794542011983 0.58000020001570363
    endloop
  endfacet
  facet normal 0.67299442568369383 0.73963784117589271 0.0037903692880689242
    outer loop
      vertex -0.13160101806292152 -0.092941525780563958 -0.18000292097164078
      vertex -0.11352953259698249 -0.1132794542011983 0.58000020001570363
      vertex -0.080062281019698242 -0.13983649133830198 -0.18000071794718828
    endloop
  endfacet
  facet normal 0.58647732427510879 0.80996185920044372 -0.0024768430853764544
    outer loop
      vertex -0.080062281019698242 -0.13983649133830198 -0.18000071794718828
      vertex -0.11352953259698249 -0.1132794542011983 0.58000020001570363
      vertex -0.068688273558238061 -0.14574811898264051 0.58000081613748222
    endloop
  endfacet
  facet normal 0.31203122736820499 0.95006795195275551 0.0027202609044196116
    outer loop
      vertex -0.080062281019698242 -0.13983649133830198 -0.18000071794718828
      vertex -0.068688273558238061 -0.14574811898264051 0.58000081613748222
      vertex -0.020472295100770956 -0.15940765720386266 -0.18000034074661247
    endloop
  endfacet
  facet normal 0.24888783617034041 0.96853096421516571 -0.0016175175075515604
    outer loop
      vertex -0.020472295100770956 -0.15940765720386266 -0.18000034074661247
      vertex -0.068688273558238061 -0.14574811898264051 0.58000081613748222
      vertex -0.014251211546338587 -0.15973706027169168 0.58000067801113719
    endloop
  endfacet
  facet normal -0.071366537369249666 0.99744963986860347 0.0010164988523371239
    outer loop
      vertex -0.020472295100770956 -0.15940765720386266 -0.18000034074661247
      vertex -0.014251211546338587 -0.15973706027169168 0.58000067801113719
      vertex 0.041233426468918963 -0.1557671888853171 0.58000039042710905
    endloop
  endfacet
  facet normal -0.033154265479559547 0.99944804926354547 -0.0020955915165860092
    outer loop
      vertex -0.020472295100770956 -0.15940765720386266 -0.18000034074661247
      vertex 0.041233426468918963 -0.1557671888853171 0.58000039042710905
      vertex 0.029308622964706835 -0.15775629477935599 -0.17999977744921036
    endloop
  endfacet
  facet normal -0.32243154548114888 0.94658926334480564 0.0025816659303532614
    outer loop
      vertex 0.029308622964706835 -0.15775629477935599 -0.17999977744921036
      vertex 0.041233426468918963 -0.1557671888853171 0.58000039042710905
      vertex 0.074600528118112033 -0.14232875435234221 -0.18000177291696925
    endloop
  endfacet
  facet normal -0.44589291330539321 0.89507846046916772 -0.00374959573468329
    outer loop
      vertex 0.074600528118112033 -0.14232875435234221 -0.18000177291696925
      vertex 0.041233426468918963 -0.1557671888853171 0.58000039042710905
      vertex 0.097551570186866748 -0.12771170288765676 0.58000040113560636
    endloop
  endfacet
  facet normal -0.59839308190066876 0.80119825077887441 0.0026612933493573758
    outer loop
      vertex 0.074600528118112033 -0.14232875435234221 -0.18000177291696925
      vertex 0.097551570186866748 -0.12771170288765676 0.58000040113560636
      vertex 0.11358506762518869 -0.11321226981220085 -0.18000092380855323
    endloop
  endfacet
  facet normal -0.71547494174056914 0.69863616493866099 -0.0017654407748016042
    outer loop
      vertex 0.11358506762518869 -0.11321226981220085 -0.18000092380855323
      vertex 0.097551570186866748 -0.12771170288765676 0.58000040113560636
      vertex 0.12697936682051825 -0.097574627437666678 0.58000024980400711
    endloop
  endfacet
  facet normal -0.80388633159047829 0.59477982675509178 0.0019296546806687916
    outer loop
      vertex 0.11358506762518869 -0.11321226981220085 -0.18000092380855323
      vertex 0.12697936682051825 -0.097574627437666678 0.58000024980400711
      vertex 0.14274559482468979 -0.073799785020934094 -0.18000177291696925
    endloop
  endfacet
  facet normal -0.8507039085665915 0.52564380481369444 -0.0012043298996054078
    outer loop
      vertex 0.14274559482468979 -0.073799785020934094 -0.18000177291696925
      vertex 0.12697936682051825 -0.097574627437666678 0.58000024980400711
      vertex 0.1453063004344522 -0.067914249696075527 0.58000004295647001
    endloop
  endfacet
  facet normal -0.95775832807768191 0.2875725733683846 0.0010000220639099558
    outer loop
      vertex 0.14274559482468979 -0.073799785020934094 -0.18000177291696925
      vertex 0.1453063004344522 -0.067914249696075527 0.58000004295647001
      vertex 0.159260436030733 -0.021440108708615291 0.58000130254279403
    endloop
  endfacet
  facet normal -0.95918414933976059 0.28277891475091987 0.0013612595827549403
    outer loop
      vertex 0.14274559482468979 -0.073799785020934094 -0.18000177291696925
      vertex 0.159260436030733 -0.021440108708615291 0.58000130254279403
      vertex 0.16055388979300991 -0.013394164473780008 -0.18000292097164078
    endloop
  endfacet
  facet normal -0.98530988181955315 -0.16860371576942854 -0.02715186581949703
    outer loop
      vertex 0.88469974057552192 0.014493559128296642 -0.17999999999999999
      vertex 0.88469974057552192 -0.014493559128296635 -0
      vertex 0.87330361597264849 0.052104701381061144 -0
    endloop
  endfacet
  facet normal -0.92107020442451815 -0.38872207106006496 0.022909168298963511
    outer loop
      vertex 0.88469974057552192 0.014493559128296642 -0.17999999999999999
      vertex 0.87330361597264849 0.052104701381061144 -0
      vertex 0.86342585554389473 0.064901660684116944 -0.18000000000000002
    endloop
  endfacet
  facet normal -0.61989470945561886 -0.78438357621898758 -0.021747518176695686
    outer loop
      vertex 0.86342585554389473 0.064901660684116944 -0.18000000000000002
      vertex 0.87330361597264849 0.052104701381061144 -0
      vertex 0.80913203188523641 0.10281920724173368 -0
    endloop
  endfacet
  facet normal -0.60340795838299521 -0.79730883708109013 -0.014051835199199314
    outer loop
      vertex 0.86342585554389473 0.064901660684116944 -0.18000000000000002
      vertex 0.80913203188523641 0.10281920724173368 -0
      vertex 0.8197980798914043 0.097919414672190674 -0.17999999999999999
    endloop
  endfacet
  facet normal -0.1239004756635697 -0.99209978915480068 0.0196641930762845
    outer loop
      vertex 0.8197980798914043 0.097919414672190674 -0.17999999999999999
      vertex 0.80913203188523641 0.10281920724173368 -0
      vertex 0.7655064408717035 0.10469974057552191 -0.17999999999999999
    endloop
  endfacet
  facet normal 0.070877573084191459 -0.9971032377001241 -0.027595343839588723
    outer loop
      vertex 0.7655064408717035 0.10469974057552191 -0.17999999999999999
      vertex 0.80913203188523641 0.10281920724173368 -0
      vertex 0.74020192010859598 0.097919414672190702 -0
    endloop
  endfacet
  facet normal 0.38874671211191286 -0.92112859096942035 0.019952762236537469
    outer loop
      vertex 0.7655064408717035 0.10469974057552191 -0.17999999999999999
      vertex 0.74020192010859598 0.097919414672190702 -0
      vertex 0.71509833931588207 0.083425855543893868 -0.17999999999999997
    endloop
  endfacet
  facet normal 0.60334740387572794 -0.79722882381130167 -0.01995276223653825
    outer loop
      vertex 0.71509833931588207 0.083425855543893868 -0.17999999999999997
      vertex 0.74020192010859598 0.097919414672190702 -0
      vertex 0.69657414445610588 0.064901660684117402 -0
    endloop
  endfacet
  facet normal 0.79722882381130389 -0.60334740387572516 0.019952762236536605
    outer loop
      vertex 0.71509833931588207 0.083425855543893868 -0.17999999999999997
      vertex 0.69657414445610588 0.064901660684117402 -0
      vertex 0.68208058532780935 0.039798079891404214 -0.18000000000000002
    endloop
  endfacet
  facet normal 0.9211285909694209 -0.38874671211191164 -0.019952762236537681
    outer loop
      vertex 0.68208058532780935 0.039798079891404214 -0.18000000000000002
      vertex 0.69657414445610588 0.064901660684117402 -0
      vertex 0.67530025942447824 0.014493559128296739 -0
    endloop
  endfacet
  facet normal 0.99209411598763986 -0.12389976715811708 0.019952762236536751
    outer loop
      vertex 0.68208058532780935 0.039798079891404214 -0.18000000000000002
      vertex 0.67530025942447824 0.014493559128296739 -0
      vertex 0.67530025942447813 -0.014493559128296645 -0.17999999999999999
    endloop
  endfacet
  facet normal 0.99209411598763997 0.12389976715811651 -0.019952762236537882
    outer loop
      vertex 0.67530025942447813 -0.014493559128296645 -0.17999999999999999
      vertex 0.67530025942447824 0.014493559128296739 -0
      vertex 0.68208058532780946 -0.039798079891404388 -0
    endloop
  endfacet
  facet normal 0.92112859096941968 0.38874671211191425 0.019952762236537538
    outer loop
      vertex 0.67530025942447813 -0.014493559128296645 -0.17999999999999999
      vertex 0.68208058532780946 -0.039798079891404388 -0
      vertex 0.69657414445610621 -0.064901660684117957 -0.17999999999999997
    endloop
  endfacet
  facet normal 0.79722882381130178 0.60334740387572761 -0.019952762236537434
    outer loop
      vertex 0.69657414445610621 -0.064901660684117957 -0.17999999999999997
      vertex 0.68208058532780946 -0.039798079891404388 -0
      vertex 0.7150983393158824 -0.083425855543894034 -0
    endloop
  endfacet
  facet normal 0.55993339769955908 0.82807794750192587 0.027595343839588417
    outer loop
      vertex 0.69657414445610621 -0.064901660684117957 -0.17999999999999997
      vertex 0.7150983393158824 -0.083425855543894034 -0
      vertex 0.75381947605560617 -0.10361006141093648 -0.17999999999999999
    endloop
  endfacet
  facet normal 0.38874893511177316 0.9211338583290275 -0.019664193076284624
    outer loop
      vertex 0.75381947605560617 -0.10361006141093648 -0.17999999999999999
      vertex 0.7150983393158824 -0.083425855543894034 -0
      vertex 0.7655064408717035 -0.10469974057552195 -0
    endloop
  endfacet
  facet normal -0.12391220226482971 0.9921936867655502 0.014051835199199213
    outer loop
      vertex 0.75381947605560617 -0.10361006141093648 -0.17999999999999999
      vertex 0.7655064408717035 -0.10469974057552195 -0
      vertex 0.81979807989140463 -0.097919414672190563 -0
    endloop
  endfacet
  facet normal -0.092192022135192286 0.99573856106795211 0.0023128028338562164
    outer loop
      vertex 0.75381947605560617 -0.10361006141093648 -0.17999999999999999
      vertex 0.81979807989140463 -0.097919414672190563 -0
      vertex 0.82109798995510808 -0.097380974293939271 -0.17999999999999997
    endloop
  endfacet
  facet normal -0.60346636553414079 0.79738601295707046 -0.0019728176401970967
    outer loop
      vertex 0.82109798995510808 -0.097380974293939271 -0.17999999999999997
      vertex 0.81979807989140463 -0.097919414672190563 -0
      vertex 0.86342585554389384 -0.064901660684118068 -0
    endloop
  endfacet
  facet normal -0.65508671800137341 0.75534512911088902 0.017751840091763772
    outer loop
      vertex 0.82109798995510808 -0.097380974293939271 -0.17999999999999997
      vertex 0.86342585554389384 -0.064901660684118068 -0
      vertex 0.87330361597264838 -0.052104701381061401 -0.17999999999999999
    endloop
  endfacet
  facet normal -0.92107020442451537 0.38872207106007139 -0.022909168298965013
    outer loop
      vertex 0.87330361597264838 -0.052104701381061401 -0.17999999999999999
      vertex 0.86342585554389384 -0.064901660684118068 -0
      vertex 0.88469974057552192 -0.014493559128296635 -0
    endloop
  endfacet
  facet normal -0.98530988181955292 0.16860371576942948 0.027151865819497186
    outer loop
      vertex 0.87330361597264838 -0.052104701381061401 -0.17999999999999999
      vertex 0.88469974057552192 -0.014493559128296635 -0
      vertex 0.88469974057552192 0.014493559128296642 -0.17999999999999999
    endloop
  endfacet
  facet normal -0.98446316362014186 -0.17514853608812372 -0.012460729561663199
    outer loop
      vertex 0.49469974057552202 0.68999337408015893 -0.18000000000000002
      vertex 0.49500000000000011 0.67549981495186218 0
      vertex 0.48791941467219058 0.71529789484326689 -0
    endloop
  endfacet
  facet normal -0.92112859096942123 -0.3887467121119107 0.01995276223653689
    outer loop
      vertex 0.49469974057552202 0.68999337408015893 -0.18000000000000002
      vertex 0.48791941467219058 0.71529789484326689 -0
      vertex 0.47342585554389449 0.74040147563597947 -0.17999999999999999
    endloop
  endfacet
  facet normal -0.79722882381129989 -0.60334740387573016 -0.019952762236537566
    outer loop
      vertex 0.47342585554389449 0.74040147563597947 -0.17999999999999999
      vertex 0.48791941467219058 0.71529789484326689 -0
      vertex 0.45490166068411758 0.75892567049575632 -0
    endloop
  endfacet
  facet normal -0.60334740387572594 -0.79722882381130322 0.019952762236537899
    outer loop
      vertex 0.47342585554389449 0.74040147563597947 -0.17999999999999999
      vertex 0.45490166068411758 0.75892567049575632 -0
      vertex 0.42979807989140406 0.77341922962405285 -0.17999999999999999
    endloop
  endfacet
  facet normal -0.3887467121119168 -0.92112859096941868 -0.019952762236536067
    outer loop
      vertex 0.42979807989140406 0.77341922962405285 -0.17999999999999999
      vertex 0.45490166068411758 0.75892567049575632 -0
      vertex 0.40449355912829665 0.7801995555273844 -0
    endloop
  endfacet
  facet normal -0.12389976715811984 -0.9920941159876393 0.019952762236538843
    outer loop
      vertex 0.42979807989140406 0.77341922962405285 -0.17999999999999999
      vertex 0.40449355912829665 0.7801995555273844 -0
      vertex 0.37550644087170354 0.78019955552738418 -0.17999999999999999
    endloop
  endfacet
  facet normal 0.12389976715812187 -0.9920941159876393 -0.019952762236536723
    outer loop
      vertex 0.37550644087170354 0.78019955552738418 -0.17999999999999999
      vertex 0.40449355912829665 0.7801995555273844 -0
      vertex 0.35020192010859613 0.77341922962405296 -0
    endloop
  endfacet
  facet normal 0.38874671211191464 -0.92112859096941968 0.019952762236537431
    outer loop
      vertex 0.37550644087170354 0.78019955552738418 -0.17999999999999999
      vertex 0.35020192010859613 0.77341922962405296 -0
      vertex 0.32509833931588228 0.7589256704957561 -0.17999999999999999
    endloop
  endfacet
  facet normal 0.63867004193855437 -0.76900153037086039 -0.0271518658194978
    outer loop
      vertex 0.32509833931588228 0.7589256704957561 -0.17999999999999999
      vertex 0.35020192010859613 0.77341922962405296 -0
      vertex 0.29822419696107461 0.73025076595859229 -0
    endloop
  endfacet
  facet normal 0.7971782907619801 -0.60330916017051972 0.022909168298964371
    outer loop
      vertex 0.32509833931588228 0.7589256704957561 -0.17999999999999999
      vertex 0.29822419696107461 0.73025076595859229 -0
      vertex 0.29208058532780945 0.71529789484326634 -0.17999999999999999
    endloop
  endfacet
  facet normal 0.98924345804474034 -0.14465277795064377 -0.021747518176695992
    outer loop
      vertex 0.29208058532780945 0.71529789484326634 -0.17999999999999999
      vertex 0.29822419696107461 0.73025076595859229 -0
      vertex 0.2863899385890637 0.64931929100746855 -0
    endloop
  endfacet
  facet normal 0.99746776755326805 -0.070903485136553479 0.0055451319001609605
    outer loop
      vertex 0.29208058532780945 0.71529789484326634 -0.17999999999999999
      vertex 0.2863899385890637 0.64931929100746855 -0
      vertex 0.28718079275826658 0.64636778306662557 -0.17999999999999997
    endloop
  endfacet
  facet normal 0.82838068358900341 0.56013810312174384 -0.0055451319001614107
    outer loop
      vertex 0.28718079275826658 0.64636778306662557 -0.17999999999999997
      vertex 0.2863899385890637 0.64931929100746855 -0
      vertex 0.32509833931588289 0.59207395940796781 -0
    endloop
  endfacet
  facet normal 0.78438357621898702 0.61989470945561953 0.021747518176695936
    outer loop
      vertex 0.28718079275826658 0.64636778306662557 -0.17999999999999997
      vertex 0.32509833931588289 0.59207395940796781 -0
      vertex 0.33789529861893902 0.58219619897921371 -0.17999999999999999
    endloop
  endfacet
  facet normal 0.38872207106006845 0.92107020442451659 -0.02290916829896417
    outer loop
      vertex 0.33789529861893902 0.58219619897921371 -0.17999999999999999
      vertex 0.32509833931588289 0.59207395940796781 -0
      vertex 0.37550644087170398 0.57080007437634006 -0
    endloop
  endfacet
  facet normal 0.11625225626826707 0.99247154139044869 0.03854416223767191
    outer loop
      vertex 0.33789529861893902 0.58219619897921371 -0.17999999999999999
      vertex 0.37550644087170398 0.57080007437634006 -0
      vertex 0.41913203188523651 0.57268060771012852 -0.17999999999999997
    endloop
  endfacet
  facet normal -0.16858708742433592 0.98521270678002182 -0.030566588834249706
    outer loop
      vertex 0.41913203188523651 0.57268060771012852 -0.17999999999999997
      vertex 0.37550644087170398 0.57080007437634006 -0
      vertex 0.44210470138106156 0.58219619897921393 -0
    endloop
  endfacet
  facet normal -0.61960218107242315 0.7840134255210478 0.037630915655196086
    outer loop
      vertex 0.41913203188523651 0.57268060771012852 -0.17999999999999997
      vertex 0.44210470138106156 0.58219619897921393 -0
      vertex 0.48330361597264831 0.62339511357080057 -0.17999999999999997
    endloop
  endfacet
  facet normal -0.7552652803430363 0.65501746771398184 -0.02294500594721045
    outer loop
      vertex 0.48330361597264831 0.62339511357080057 -0.17999999999999997
      vertex 0.44210470138106156 0.58219619897921393 -0
      vertex 0.48738097429393967 0.63440182499675468 -0
    endloop
  endfacet
  facet normal -0.98318563457436314 0.18226965921773675 0.0111256143766071
    outer loop
      vertex 0.48330361597264831 0.62339511357080057 -0.17999999999999997
      vertex 0.48738097429393967 0.63440182499675468 -0
      vertex 0.49500000000000011 0.67549981495186218 0
    endloop
  endfacet
  facet normal -0.98555905749283346 0.16864635407558196 0.015223384999767125
    outer loop
      vertex 0.48330361597264831 0.62339511357080057 -0.17999999999999997
      vertex 0.49500000000000011 0.67549981495186218 0
      vertex 0.49469974057552202 0.68999337408015893 -0.18000000000000002
    endloop
  endfacet
  facet normal -0.89906123550199746 -0.43722125007792628 0.02294500594720985
    outer loop
      vertex -0.28530025942447795 0.68999337408015882 -0.18000000000000002
      vertex -0.28638993858906331 0.70168033889625581 -0
      vertex -0.31552197047429953 0.75213849824920187 -0.17999999999999999
    endloop
  endfacet
  facet normal -0.82817532739287369 -0.55999924446358751 -0.022945005947210866
    outer loop
      vertex -0.31552197047429953 0.75213849824920187 -0.17999999999999999
      vertex -0.28638993858906331 0.70168033889625581 -0
      vertex -0.32509833931588217 0.75892567049575621 -0
    endloop
  endfacet
  facet normal -0.34671807044102188 -0.93781684727508841 0.016915690842175073
    outer loop
      vertex -0.31552197047429953 0.75213849824920187 -0.17999999999999999
      vertex -0.32509833931588217 0.75892567049575621 -0
      vertex -0.38847218706627712 0.782355467339654 -0
    endloop
  endfacet
  facet normal -0.36942885725193308 -0.92923785440571083 0.0062713131800006981
    outer loop
      vertex -0.31552197047429953 0.75213849824920187 -0.17999999999999999
      vertex -0.38847218706627712 0.782355467339654 -0
      vertex -0.39152781293372285 0.78235546733965378 -0.17999999999999997
    endloop
  endfacet
  facet normal 0.36942885725193431 -0.92923785440571049 -0.0062713131799984516
    outer loop
      vertex -0.39152781293372285 0.78235546733965378 -0.17999999999999997
      vertex -0.38847218706627712 0.782355467339654 -0
      vertex -0.46447802952569989 0.7521384982492022 -0
    endloop
  endfacet
  facet normal 0.3467180704410236 -0.93781684727508796 -0.016915690842172534
    outer loop
      vertex -0.39152781293372285 0.78235546733965378 -0.17999999999999997
      vertex -0.46447802952569989 0.7521384982492022 -0
      vertex -0.45490166068411808 0.75892567049575577 -0.17999999999999999
    endloop
  endfacet
  facet normal 0.82817532739287603 -0.55999924446358407 0.022945005947209707
    outer loop
      vertex -0.45490166068411808 0.75892567049575577 -0.17999999999999999
      vertex -0.46447802952569989 0.7521384982492022 -0
      vertex -0.49361006141093622 0.70168033889625592 -0.17999999999999997
    endloop
  endfacet
  facet normal 0.89906123550199646 -0.43722125007792828 -0.02294500594720917
    outer loop
      vertex -0.49361006141093622 0.70168033889625592 -0.17999999999999997
      vertex -0.46447802952569989 0.7521384982492022 -0
      vertex -0.49469974057552168 0.68999337408015904 -0
    endloop
  endfacet
  facet normal 0.9921936867655502 0.12391220226482794 0.014051835199198797
    outer loop
      vertex -0.49361006141093622 0.70168033889625592 -0.17999999999999997
      vertex -0.49469974057552168 0.68999337408015904 -0
      vertex -0.48791941467219035 0.63570173506045757 -0
    endloop
  endfacet
  facet normal 0.98924345804474056 0.14465277795064224 0.021747518176695263
    outer loop
      vertex -0.49361006141093622 0.70168033889625592 -0.17999999999999997
      vertex -0.48791941467219035 0.63570173506045757 -0
      vertex -0.48177580303892542 0.62074886394513207 -0.17999999999999999
    endloop
  endfacet
  facet normal 0.79717829076197788 0.60330916017052272 -0.022909168298964191
    outer loop
      vertex -0.48177580303892542 0.62074886394513207 -0.17999999999999999
      vertex -0.48791941467219035 0.63570173506045757 -0
      vertex -0.45490166068411736 0.59207395940796792 -0
    endloop
  endfacet
  facet normal 0.63867004193855492 0.76900153037085994 0.027151865819497724
    outer loop
      vertex -0.48177580303892542 0.62074886394513207 -0.17999999999999999
      vertex -0.45490166068411736 0.59207395940796792 -0
      vertex -0.42979807989140423 0.57758040027967161 -0.17999999999999999
    endloop
  endfacet
  facet normal 0.34663983988099661 0.93760524614029184 -0.027151865819496614
    outer loop
      vertex -0.42979807989140423 0.57758040027967161 -0.17999999999999999
      vertex -0.45490166068411736 0.59207395940796792 -0
      vertex -0.39152781293372257 0.56864416256407047 -0
    endloop
  endfacet
  facet normal 0.070862548512470466 0.99689187254670042 0.034425189449745361
    outer loop
      vertex -0.42979807989140423 0.57758040027967161 -0.17999999999999999
      vertex -0.39152781293372257 0.56864416256407047 -0
      vertex -0.3608679681147634 0.57268060771012852 -0.17999999999999997
    endloop
  endfacet
  facet normal -0.32646256824786102 0.94458302857099852 -0.034425189449744799
    outer loop
      vertex -0.3608679681147634 0.57268060771012852 -0.17999999999999997
      vertex -0.39152781293372257 0.56864416256407047 -0
      vertex -0.32621459739372227 0.59121742445929193 -0
    endloop
  endfacet
  facet normal -0.61958059831632295 0.78398611578737998 0.038544162237671938
    outer loop
      vertex -0.3608679681147634 0.57268060771012852 -0.17999999999999997
      vertex -0.32621459739372227 0.59121742445929193 -0
      vertex -0.29669638402735171 0.6233951135708008 -0.17999999999999999
    endloop
  endfacet
  facet normal -0.78913135505905441 0.61390962199115195 -0.019664193076283764
    outer loop
      vertex -0.29669638402735171 0.6233951135708008 -0.17999999999999999
      vertex -0.32621459739372227 0.59121742445929193 -0
      vertex -0.29261902570606052 0.63440182499675446 -0
    endloop
  endfacet
  facet normal -0.99559875302333256 0.092179077787300751 0.016915690842174803
    outer loop
      vertex -0.29669638402735171 0.6233951135708008 -0.17999999999999999
      vertex -0.29261902570606052 0.63440182499675446 -0
      vertex -0.28638993858906331 0.70168033889625581 -0
    endloop
  endfacet
  facet normal -0.98553224905776793 0.16864176668450051 -0.016915690842174383
    outer loop
      vertex -0.29669638402735171 0.6233951135708008 -0.17999999999999999
      vertex -0.28638993858906331 0.70168033889625581 -0
      vertex -0.28530025942447795 0.68999337408015882 -0.18000000000000002
    endloop
  endfacet
  facet normal -0.92631466886107716 -0.37648861892536351 0.014051835199199669
    outer loop
      vertex -0.67314434761220843 0.001527812933722903 -0.17999999999999999
      vertex -0.67511660743861512 0.013098583801368885 -0
      vertex -0.69571760950742945 0.063785402606277283 -0
    endloop
  endfacet
  facet normal -0.93794854123234861 -0.34676675870556156 0.0023128028338567246
    outer loop
      vertex -0.67314434761220843 0.001527812933722903 -0.17999999999999999
      vertex -0.69571760950742945 0.063785402606277283 -0
      vertex -0.69657414445610633 0.064901660684118193 -0.18000000000000002
    endloop
  endfacet
  facet normal -0.61402715495786819 -0.78928243421788169 -0.0019728176401977711
    outer loop
      vertex -0.69657414445610633 0.064901660684118193 -0.18000000000000002
      vertex -0.69571760950742945 0.063785402606277283 -0
      vertex -0.73890201004489231 0.097380974293939465 0
    endloop
  endfacet
  facet normal -0.60346636553414035 -0.79738601295707079 0.0019728176401968551
    outer loop
      vertex -0.69657414445610633 0.064901660684118193 -0.18000000000000002
      vertex -0.73890201004489231 0.097380974293939465 0
      vertex -0.74020192010859553 0.097919414672190647 -0.17999999999999999
    endloop
  endfacet
  facet normal -0.13712189769805919 -0.99055221627243939 -0.0019728176401971513
    outer loop
      vertex -0.74020192010859553 0.097919414672190647 -0.17999999999999999
      vertex -0.73890201004489231 0.097380974293939465 0
      vertex -0.79309858380136888 0.10488339256138489 -0
    endloop
  endfacet
  facet normal -0.12392419640349858 -0.99228972661028059 0.0019728176401974276
    outer loop
      vertex -0.74020192010859553 0.097919414672190647 -0.17999999999999999
      vertex -0.79309858380136888 0.10488339256138489 -0
      vertex -0.79449355912829667 0.10469974057552202 -0.17999999999999999
    endloop
  endfacet
  facet normal 0.37652506131457153 -0.92640433191593863 -0.0019728176401970568
    outer loop
      vertex -0.79449355912829667 0.10469974057552202 -0.17999999999999999
      vertex -0.79309858380136888 0.10488339256138489 -0
      vertex -0.84378540260627721 0.084282390492570691 -0
    endloop
  endfacet
  facet normal 0.43726747433714852 -0.89915628678231874 0.017751840091763445
    outer loop
      vertex -0.79449355912829667 0.10469974057552202 -0.17999999999999999
      vertex -0.84378540260627721 0.084282390492570691 -0
      vertex -0.85663868329734005 0.074478029525700054 -0.17999999999999997
    endloop
  endfacet
  facet normal 0.78907682303694959 -0.61386719846703375 -0.022909168298964548
    outer loop
      vertex -0.85663868329734005 0.074478029525700054 -0.17999999999999997
      vertex -0.84378540260627721 0.084282390492570691 -0
      vertex -0.87738097429393969 0.041097989955107501 -0
    endloop
  endfacet
  facet normal 0.92856559572758801 -0.3691615933279972 0.038544162237672125
    outer loop
      vertex -0.85663868329734005 0.074478029525700054 -0.17999999999999997
      vertex -0.87738097429393969 0.041097989955107501 -0
      vertex -0.88685565238779163 -0.0015278129337227956 -0.17999999999999997
    endloop
  endfacet
  facet normal 0.99036261139955439 -0.13709565074251445 -0.019664193076283438
    outer loop
      vertex -0.88685565238779163 -0.0015278129337227956 -0.17999999999999997
      vertex -0.87738097429393969 0.041097989955107501 -0
      vertex -0.88488339256138493 -0.013098583801368739 0
    endloop
  endfacet
  facet normal 0.90830335098796444 0.41796995345044458 0.01691569084217551
    outer loop
      vertex -0.88685565238779163 -0.0015278129337227956 -0.17999999999999997
      vertex -0.88488339256138493 -0.013098583801368739 0
      vertex -0.85663868329734016 -0.07447802952569961 0
    endloop
  endfacet
  facet normal 0.93781684727509007 0.34671807044101732 -0.016915690842175254
    outer loop
      vertex -0.88685565238779163 -0.0015278129337227956 -0.17999999999999997
      vertex -0.85663868329734016 -0.07447802952569961 0
      vertex -0.86342585554389439 -0.064901660684117207 -0.17999999999999997
    endloop
  endfacet
  facet normal 0.60335085404302802 0.79723338266545718 0.019664193076284416
    outer loop
      vertex -0.86342585554389439 -0.064901660684117207 -0.17999999999999997
      vertex -0.85663868329734016 -0.07447802952569961 0
      vertex -0.81979807989140407 -0.097919414672190619 -0.17999999999999997
    endloop
  endfacet
  facet normal 0.43716984000056597 0.89895552058611572 -0.027595343839589351
    outer loop
      vertex -0.81979807989140407 -0.097919414672190619 -0.17999999999999997
      vertex -0.85663868329734016 -0.07447802952569961 0
      vertex -0.79449355912829644 -0.10469974057552188 0
    endloop
  endfacet
  facet normal 0.12389976715811774 0.99209411598763975 0.019952762236537389
    outer loop
      vertex -0.81979807989140407 -0.097919414672190619 -0.17999999999999997
      vertex -0.79449355912829644 -0.10469974057552188 0
      vertex -0.76550644087170339 -0.10469974057552185 -0.18000000000000002
    endloop
  endfacet
  facet normal -0.123899767158119 0.99209411598763975 -0.019952762236537289
    outer loop
      vertex -0.76550644087170339 -0.10469974057552185 -0.18000000000000002
      vertex -0.79449355912829644 -0.10469974057552188 0
      vertex -0.74020192010859587 -0.097919414672190591 -0
    endloop
  endfacet
  facet normal -0.43716984000056425 0.89895552058611661 0.027595343839588803
    outer loop
      vertex -0.76550644087170339 -0.10469974057552185 -0.18000000000000002
      vertex -0.74020192010859587 -0.097919414672190591 -0
      vertex -0.70336131670266011 -0.074478029525699943 -0.17999999999999999
    endloop
  endfacet
  facet normal -0.63860705384950933 0.76892568849056386 -0.030566588834250185
    outer loop
      vertex -0.70336131670266011 -0.074478029525699943 -0.17999999999999999
      vertex -0.74020192010859587 -0.097919414672190591 -0
      vertex -0.68822419696107484 -0.054750951006730428 0
    endloop
  endfacet
  facet normal -0.92859794180948896 0.3691744528730726 0.037630915655195288
    outer loop
      vertex -0.70336131670266011 -0.074478029525699943 -0.17999999999999999
      vertex -0.68822419696107484 -0.054750951006730428 0
      vertex -0.67314434761220843 0.001527812933722903 -0.17999999999999999
    endloop
  endfacet
  facet normal -0.98158765323043518 0.18962912679134847 -0.022945005947209423
    outer loop
      vertex -0.67314434761220843 0.001527812933722903 -0.17999999999999999
      vertex -0.68822419696107484 -0.054750951006730428 0
      vertex -0.67511660743861512 0.013098583801368885 -0
    endloop
  endfacet
  facet normal -0.92631466886107838 -0.37648861892536034 0.014051835199198382
    outer loop
      vertex -0.2831443476122088 -0.67397200201813923 -0.17999999999999999
      vertex -0.28511660743861572 -0.66240123115049321 0
      vertex -0.30571760950742977 -0.61171441234558499 0
    endloop
  endfacet
  facet normal -0.91809691075230793 -0.39575890125204144 0.021747518176696411
    outer loop
      vertex -0.2831443476122088 -0.67397200201813923 -0.17999999999999999
      vertex -0.30571760950742977 -0.61171441234558499 0
      vertex -0.31552197047430047 -0.59886113165452204 -0.17999999999999999
    endloop
  endfacet
  facet normal -0.61386719846703408 -0.78907682303694915 -0.022909168298964746
    outer loop
      vertex -0.31552197047430047 -0.59886113165452204 -0.17999999999999999
      vertex -0.30571760950742977 -0.61171441234558499 0
      vertex -0.34890201004489291 -0.57811884065792252 0
    endloop
  endfacet
  facet normal -0.41787564621260803 -0.90809840903115513 0.027151865819497432
    outer loop
      vertex -0.31552197047430047 -0.59886113165452204 -0.17999999999999999
      vertex -0.34890201004489291 -0.57811884065792252 0
      vertex -0.37690141619863138 -0.57061642239047738 -0.17999999999999999
    endloop
  endfacet
  facet normal -0.092158279272618771 -0.99537411446351665 -0.027151865819496659
    outer loop
      vertex -0.37690141619863138 -0.57061642239047738 -0.17999999999999999
      vertex -0.34890201004489291 -0.57811884065792252 0
      vertex -0.41618052394439392 -0.57188975354092553 0
    endloop
  endfacet
  facet normal 0.18956663679814406 -0.98126418285005679 0.03442518944974509
    outer loop
      vertex -0.37690141619863138 -0.57061642239047738 -0.17999999999999999
      vertex -0.41618052394439392 -0.57188975354092553 0
      vertex -0.44475095100673051 -0.58372401191293666 -0.18000000000000002
    endloop
  endfacet
  facet normal 0.55981470346205509 -0.82790241219544736 -0.034425189449744702
    outer loop
      vertex -0.44475095100673051 -0.58372401191293666 -0.18000000000000002
      vertex -0.41618052394439392 -0.57188975354092553 0
      vertex -0.47342585554389427 -0.61059815426774433 0
    endloop
  endfacet
  facet normal 0.76900153037085894 -0.63867004193855592 0.027151865819497075
    outer loop
      vertex -0.44475095100673051 -0.58372401191293666 -0.18000000000000002
      vertex -0.47342585554389427 -0.61059815426774433 0
      vertex -0.48791941467219097 -0.63570173506045768 -0.17999999999999999
    endloop
  endfacet
  facet normal 0.92112859096941957 -0.38874671211191486 -0.019952762236537618
    outer loop
      vertex -0.48791941467219097 -0.63570173506045768 -0.17999999999999999
      vertex -0.47342585554389427 -0.61059815426774433 0
      vertex -0.4946997405755223 -0.66100625582356543 0
    endloop
  endfacet
  facet normal 0.99209411598763997 -0.12389976715811649 0.019952762236537878
    outer loop
      vertex -0.48791941467219097 -0.63570173506045768 -0.17999999999999999
      vertex -0.4946997405755223 -0.66100625582356543 0
      vertex -0.49469974057552218 -0.68999337408015882 -0.17999999999999999
    endloop
  endfacet
  facet normal 0.9920941159876393 0.12389976715812198 -0.019952762236537542
    outer loop
      vertex -0.49469974057552218 -0.68999337408015882 -0.17999999999999999
      vertex -0.4946997405755223 -0.66100625582356543 0
      vertex -0.48791941467219074 -0.71529789484326678 0
    endloop
  endfacet
  facet normal 0.92112859096942024 0.38874671211191308 0.019952762236537254
    outer loop
      vertex -0.49469974057552218 -0.68999337408015882 -0.17999999999999999
      vertex -0.48791941467219074 -0.71529789484326678 0
      vertex -0.47342585554389427 -0.74040147563597991 -0.18000000000000002
    endloop
  endfacet
  facet normal 0.79722882381130111 0.60334740387572861 -0.019952762236537382
    outer loop
      vertex -0.47342585554389427 -0.74040147563597991 -0.18000000000000002
      vertex -0.48791941467219074 -0.71529789484326678 0
      vertex -0.4549016606841178 -0.75892567049575632 0
    endloop
  endfacet
  facet normal 0.60334740387572505 0.79722882381130378 0.019952762236537556
    outer loop
      vertex -0.47342585554389427 -0.74040147563597991 -0.18000000000000002
      vertex -0.4549016606841178 -0.75892567049575632 0
      vertex -0.42979807989140434 -0.77341922962405285 -0.17999999999999999
    endloop
  endfacet
  facet normal 0.34663983988099722 0.9376052461402915 -0.027151865819497002
    outer loop
      vertex -0.42979807989140434 -0.77341922962405285 -0.17999999999999999
      vertex -0.4549016606841178 -0.75892567049575632 0
      vertex -0.39152781293372346 -0.78235546733965367 0
    endloop
  endfacet
  facet normal 0.070862548512465734 0.99689187254670086 0.034425189449744847
    outer loop
      vertex -0.42979807989140434 -0.77341922962405285 -0.17999999999999999
      vertex -0.39152781293372346 -0.78235546733965367 0
      vertex -0.36086796811476357 -0.77831902219359561 -0.17999999999999997
    endloop
  endfacet
  facet normal -0.32646256824785597 0.94458302857100029 -0.034425189449745222
    outer loop
      vertex -0.36086796811476357 -0.77831902219359561 -0.17999999999999997
      vertex -0.39152781293372346 -0.78235546733965367 0
      vertex -0.32621459739372299 -0.75978220544443253 0
    endloop
  endfacet
  facet normal -0.57749846825090967 0.81594012975853392 0.027151865819497599
    outer loop
      vertex -0.36086796811476357 -0.77831902219359561 -0.17999999999999997
      vertex -0.32621459739372299 -0.75978220544443253 0
      vertex -0.30571760950742966 -0.73928521755813903 -0.17999999999999999
    endloop
  endfacet
  facet normal -0.78912684253507359 0.61390611144519269 -0.019952762236536949
    outer loop
      vertex -0.30571760950742966 -0.73928521755813903 -0.17999999999999999
      vertex -0.32621459739372299 -0.75978220544443253 0
      vertex -0.2926190257060608 -0.71659780490696956 0
    endloop
  endfacet
  facet normal -0.94478330298616342 0.32653178619688777 0.027595343839589396
    outer loop
      vertex -0.30571760950742966 -0.73928521755813903 -0.17999999999999999
      vertex -0.2926190257060608 -0.71659780490696956 0
      vertex -0.2831443476122088 -0.67397200201813923 -0.17999999999999999
    endloop
  endfacet
  facet normal -0.99036261139955495 0.1370956507425112 -0.01966419307628451
    outer loop
      vertex -0.2831443476122088 -0.67397200201813923 -0.17999999999999999
      vertex -0.2926190257060608 -0.71659780490696956 0
      vertex -0.28511660743861572 -0.66240123115049321 0
    endloop
  endfacet
  facet normal -0.99029417352103277 -0.13708617690396152 0.022909168298964902
    outer loop
      vertex 0.49488339256138481 -0.68859839875323126 -0.18000000000000002
      vertex 0.49361006141093655 -0.64931929100746832 -0
      vertex 0.48738097429393934 -0.63440182499675424 -0.18000000000000002
    endloop
  endfacet
  facet normal -0.82826288441579032 -0.56005844915739966 -0.017751840091763345
    outer loop
      vertex 0.48738097429393934 -0.63440182499675424 -0.18000000000000002
      vertex 0.49361006141093655 -0.64931929100746832 -0
      vertex 0.45490166068411775 -0.59207395940796803 -0
    endloop
  endfacet
  facet normal -0.75534512911088902 -0.6550867180013733 0.017751840091763726
    outer loop
      vertex 0.48738097429393934 -0.63440182499675424 -0.18000000000000002
      vertex 0.45490166068411775 -0.59207395940796803 -0
      vertex 0.44210470138106128 -0.58219619897921371 -0.18000000000000002
    endloop
  endfacet
  facet normal -0.34664305256077299 -0.93761393592451481 -0.026808604430090487
    outer loop
      vertex 0.44210470138106128 -0.58219619897921371 -0.18000000000000002
      vertex 0.45490166068411775 -0.59207395940796803 -0
      vertex 0.39152781293372313 -0.56864416256407058 -0
    endloop
  endfacet
  facet normal -0.11623580001577982 -0.99233105067829197 0.042051452464912528
    outer loop
      vertex 0.44210470138106128 -0.58219619897921371 -0.18000000000000002
      vertex 0.39152781293372313 -0.56864416256407058 -0
      vertex 0.36086796811476385 -0.57268060771012841 -0.17999999999999999
    endloop
  endfacet
  facet normal 0.32646256824785702 -0.94458302857099985 -0.034425189449745451
    outer loop
      vertex 0.36086796811476385 -0.57268060771012841 -0.17999999999999999
      vertex 0.39152781293372313 -0.56864416256407058 -0
      vertex 0.32621459739372322 -0.5912174244592916 -0
    endloop
  endfacet
  facet normal 0.57749846825090612 -0.81594012975853636 0.027151865819496353
    outer loop
      vertex 0.36086796811476385 -0.57268060771012841 -0.17999999999999999
      vertex 0.32621459739372322 -0.5912174244592916 -0
      vertex 0.3057176095074296 -0.61171441234558488 -0.18000000000000002
    endloop
  endfacet
  facet normal 0.78912684253507159 -0.61390611144519514 -0.019952762236538416
    outer loop
      vertex 0.3057176095074296 -0.61171441234558488 -0.18000000000000002
      vertex 0.32621459739372322 -0.5912174244592916 -0
      vertex 0.29261902570606063 -0.63440182499675479 -0
    endloop
  endfacet
  facet normal 0.94478330298616309 -0.32653178619688911 0.027595343839588962
    outer loop
      vertex 0.3057176095074296 -0.61171441234558488 -0.18000000000000002
      vertex 0.29261902570606063 -0.63440182499675479 -0
      vertex 0.28314434761220852 -0.67702762788558501 -0.17999999999999997
    endloop
  endfacet
  facet normal 0.99036261139955462 -0.13709565074251345 -0.019664193076284652
    outer loop
      vertex 0.28314434761220852 -0.67702762788558501 -0.17999999999999997
      vertex 0.29261902570606063 -0.63440182499675479 -0
      vertex 0.28511660743861544 -0.68859839875323103 -0
    endloop
  endfacet
  facet normal 0.90830335098796444 0.41796995345044408 0.016915690842174536
    outer loop
      vertex 0.28314434761220852 -0.67702762788558501 -0.17999999999999997
      vertex 0.28511660743861544 -0.68859839875323103 -0
      vertex 0.31336131670266038 -0.74997784447756233 0
    endloop
  endfacet
  facet normal 0.9378168472750894 0.34671807044101943 -0.016915690842175372
    outer loop
      vertex 0.28314434761220852 -0.67702762788558501 -0.17999999999999997
      vertex 0.31336131670266038 -0.74997784447756233 0
      vertex 0.30657414445610609 -0.74040147563597991 -0.18000000000000002
    endloop
  endfacet
  facet normal 0.60335085404302757 0.79723338266545751 0.019664193076284319
    outer loop
      vertex 0.30657414445610609 -0.74040147563597991 -0.18000000000000002
      vertex 0.31336131670266038 -0.74997784447756233 0
      vertex 0.35020192010859613 -0.77341922962405307 -0.17999999999999999
    endloop
  endfacet
  facet normal 0.39555836351964374 0.91763169551136237 -0.038544162237672264
    outer loop
      vertex 0.35020192010859613 -0.77341922962405307 -0.17999999999999999
      vertex 0.31336131670266038 -0.74997784447756233 0
      vertex 0.38847218706627706 -0.78235546733965367 -0
    endloop
  endfacet
  facet normal 0.12389191366253557 0.99203123123059223 0.022909168298962865
    outer loop
      vertex 0.35020192010859613 -0.77341922962405307 -0.17999999999999999
      vertex 0.38847218706627706 -0.78235546733965367 -0
      vertex 0.40449355912829627 -0.78019955552738418 -0.17999999999999999
    endloop
  endfacet
  facet normal -0.32660471143418057 0.94499430402640638 -0.017751840091763966
    outer loop
      vertex 0.40449355912829627 -0.78019955552738418 -0.17999999999999999
      vertex 0.38847218706627706 -0.78235546733965367 -0
      vertex 0.45378540260627753 -0.75978220544443253 -0
    endloop
  endfacet
  facet normal -0.4372674743371458 0.89915628678232029 0.017751840091762644
    outer loop
      vertex 0.40449355912829627 -0.78019955552738418 -0.17999999999999999
      vertex 0.45378540260627753 -0.75978220544443253 -0
      vertex 0.46663868329733993 -0.74997784447756233 -0.17999999999999999
    endloop
  endfacet
  facet normal -0.78907682303694848 0.61386719846703486 -0.022909168298963927
    outer loop
      vertex 0.46663868329733993 -0.74997784447756233 -0.17999999999999999
      vertex 0.45378540260627753 -0.75978220544443253 -0
      vertex 0.48738097429393934 -0.71659780490697034 -0
    endloop
  endfacet
  facet normal -0.90809840903115435 0.41787564621260986 0.027151865819497464
    outer loop
      vertex 0.46663868329733993 -0.74997784447756233 -0.17999999999999999
      vertex 0.48738097429393934 -0.71659780490697034 -0
      vertex 0.49488339256138481 -0.68859839875323126 -0.18000000000000002
    endloop
  endfacet
  facet normal -0.99537411446351642 0.092158279272620672 -0.02715186581949788
    outer loop
      vertex 0.49488339256138481 -0.68859839875323126 -0.18000000000000002
      vertex 0.48738097429393934 -0.71659780490697034 -0
      vertex 0.49361006141093655 -0.64931929100746832 -0
    endloop
  endfacet
endsolid line_f_1000_w_1e_03
