solid line_r_0_25_w_1e_03
  facet normal -0 4.1849860971399045e-05 0.9999999991242946
    outer loop
      vertex -1 -1 1
      vertex -0.8666666666666667 -1 1
      vertex -0.99846510454468473 -0.85974895397489537 0.99999413051321762
    endloop
  endfacet
  facet normal -0 4.1849860971399045e-05 0.9999999991242946
    outer loop
      vertex -0.8666666666666667 -1 1
      vertex -0.73333333333333339 -1 1
      vertex -0.99846510454468473 -0.85974895397489537 0.99999413051321762
    endloop
  endfacet
  facet normal 2.1815129417938009e-05 8.3089367193903406e-05 0.99999999631012859
    outer loop
      vertex -0.73333333333333339 -1 1
      vertex -0.59999999999999998 -0.99974263826068366 0.99999706993204274
      vertex -0.99846510454468473 -0.85974895397489537 0.99999413051321762
    endloop
  endfacet
  facet normal -1.3882404166373461e-05 0.004192756015020207 0.99999121026350901
    outer loop
      vertex -0.59999999999999998 -0.99974263826068366 0.99999706993204274
      vertex -0.46666666666666667 -1 1
      vertex -0.3299619358346928 -0.99821275872614701 0.99999440427453867
    endloop
  endfacet
  facet normal -0 0.003824002375644469 0.99999268847618639
    outer loop
      vertex -0.19999999999999996 -1 1
      vertex -0.066666666666666652 -1 1
      vertex 0.05974895397489538 -0.99846510454468473 0.99999413051321762
    endloop
  endfacet
  facet normal 2.8646834023857003e-06 0.003339221263390963 0.9999944247810324
    outer loop
      vertex -0.19999999999999996 -1 1
      vertex 0.05974895397489538 -0.99846510454468473 0.99999413051321762
      vertex -0.3299619358346928 -0.99821275872614701 0.99999440427453867
    endloop
  endfacet
  facet normal -4.1735673059996984e-05 1.0433918264999239e-05 0.99999999907463344
    outer loop
      vertex 0.05974895397489538 -0.99846510454468473 0.99999413051321762
      vertex 0.19999999999999996 -1 1
      vertex 0.26666666666666661 -0.73333333333333328 1
    endloop
  endfacet
  facet normal 0 0 1
    outer loop
      vertex 0.19999999999999996 -1 1
      vertex 0.33333333333333326 -1 1
      vertex 0.26666666666666661 -0.73333333333333328 1
    endloop
  endfacet
  facet normal -0 0.70710678118581094 0.70710678118728409
    outer loop
      vertex 0.33333333333333326 -1 1
      vertex 0.46666666666666656 -1 1
      vertex 0.59308228730822876 -0.99989341859845449 0.99989341859845471
    endloop
  endfacet
  facet normal 0.00041028253727810199 0.00010257063431952546 0.99999991057374826
    outer loop
      vertex 0.33333333333333326 -1 1
      vertex 0.59308228730822876 -0.99989341859845449 0.99989341859845471
      vertex 0.26666666666666661 -0.73333333333333328 1
    endloop
  endfacet
  facet normal -0.00071104877177819022 0.062379314508233419 0.99805226092180521
    outer loop
      vertex 0.59308228730822876 -0.99989341859845449 0.99989341859845471
      vertex 0.73333333333333339 -1 1
      vertex 0.85974895397489537 -0.99846510454468473 0.99999413051321762
    endloop
  endfacet
  facet normal -4.1849860971399052e-05 0 0.9999999991242946
    outer loop
      vertex 0.85974895397489537 -0.99846510454468473 0.99999413051321762
      vertex 1 -1 1
      vertex 1 -0.8666666666666667 1
    endloop
  endfacet
  facet normal -1.0103667082802201e-05 -7.7613496715544771e-06 0.9999999999188387
    outer loop
      vertex -0.99846510454468473 -0.85974895397489537 0.99999413051321762
      vertex -0.59999999999999998 -0.99974263826068366 0.99999706993204274
      vertex -0.6000000000000002 -0.62222222222222234 1
    endloop
  endfacet
  facet normal 9.9153852333814249e-06 -7.7613496715690918e-06 0.9999999999207233
    outer loop
      vertex -0.59999999999999998 -0.99974263826068366 0.99999706993204274
      vertex -0.3299619358346928 -0.99821275872614701 0.99999440427453867
      vertex -0.6000000000000002 -0.62222222222222234 1
    endloop
  endfacet
  facet normal 0.00010735263627320539 -0.00026838159068301399 0.99999995822336563
    outer loop
      vertex 0.26666666666666661 -0.73333333333333328 1
      vertex 0.59308228730822876 -0.99989341859845449 0.99989341859845471
      vertex 0.6000000000000002 -0.60000000000000009 1
    endloop
  endfacet
  facet normal -0.00037627695260782572 -0.00026001531835915967 0.99999989540383893
    outer loop
      vertex 0.59308228730822876 -0.99989341859845449 0.99989341859845471
      vertex 0.85974895397489537 -0.99846510454468473 0.99999413051321762
      vertex 0.6000000000000002 -0.60000000000000009 1
    endloop
  endfacet
  facet normal -4.1849860971399032e-05 0 0.9999999991242946
    outer loop
      vertex 0.85974895397489537 -0.99846510454468473 0.99999413051321762
      vertex 1 -0.8666666666666667 1
      vertex 1 -0.73333333333333339 1
    endloop
  endfacet
  facet normal 0.004861099700635441 1.2592291977767265e-05 0.99998818470576678
    outer loop
      vertex -1 -0.73333333333333339 1
      vertex -0.99846510454468473 -0.85974895397489537 0.99999413051321762
      vertex -0.99974263826068366 -0.59999999999999998 0.99999706993204274
    endloop
  endfacet
  facet normal -7.9611554319838194e-06 -1.135553935514947e-05 0.99999999990383592
    outer loop
      vertex -0.99846510454468473 -0.85974895397489537 0.99999413051321762
      vertex -0.6000000000000002 -0.62222222222222234 1
      vertex -0.99974263826068366 -0.59999999999999998 0.99999706993204274
    endloop
  endfacet
  facet normal 3.3307838574863101e-06 -1.2490439465573653e-05 0.99999999991644739
    outer loop
      vertex -0.6000000000000002 -0.62222222222222234 1
      vertex -0.3299619358346928 -0.99821275872614701 0.99999440427453867
      vertex -0.26666666666666666 -0.53333333333333333 1
    endloop
  endfacet
  facet normal 6.9532027944051347e-07 -1.1046096395818503e-05 0.99999999993875022
    outer loop
      vertex -0.3299619358346928 -0.99821275872614701 0.99999440427453867
      vertex 0.05974895397489538 -0.99846510454468473 0.99999413051321762
      vertex 0.066666666666666652 -0.46666666666666667 1
    endloop
  endfacet
  facet normal 2.4747781448182121e-06 -1.2373890724091061e-05 0.99999999992038113
    outer loop
      vertex -0.3299619358346928 -0.99821275872614701 0.99999440427453867
      vertex 0.066666666666666652 -0.46666666666666667 1
      vertex -0.26666666666666666 -0.53333333333333333 1
    endloop
  endfacet
  facet normal -1.4465181790269239e-05 -1.084888634270193e-05 0.9999999998365301
    outer loop
      vertex 0.05974895397489538 -0.99846510454468473 0.99999413051321762
      vertex 0.26666666666666661 -0.73333333333333328 1
      vertex 0.066666666666666652 -0.46666666666666667 1
    endloop
  endfacet
  facet normal 7.3298859731056103e-06 -9.9520799247839057e-06 0.99999999992361444
    outer loop
      vertex 0.85974895397489537 -0.99846510454468473 0.99999413051321762
      vertex 0.99974263826068366 -0.59999999999999998 0.99999706993204274
      vertex 0.6000000000000002 -0.60000000000000009 1
    endloop
  endfacet
  facet normal -8.308936719390342e-05 2.1815129417938003e-05 0.99999999631012859
    outer loop
      vertex 0.85974895397489537 -0.99846510454468473 0.99999413051321762
      vertex 1 -0.73333333333333339 1
      vertex 0.99974263826068366 -0.59999999999999998 0.99999706993204274
    endloop
  endfacet
  facet normal -0.3663223700429033 0.0010765608458741475 0.93048737886276311
    outer loop
      vertex -0.99974263826068366 -0.59999999999999998 0.99999706993204274
      vertex -0.99897473232116796 -0.33688430698739985 0.99999496465974835
      vertex -0.99999706993204274 -0.46666666666666667 0.99974263826068344
    endloop
  endfacet
  facet normal -6.8839652443913828e-06 8.0214087875162765e-06 0.99999999994413402
    outer loop
      vertex -0.99974263826068366 -0.59999999999999998 0.99999706993204274
      vertex -0.6000000000000002 -0.62222222222222234 1
      vertex -0.99897473232116796 -0.33688430698739985 0.99999496465974835
    endloop
  endfacet
  facet normal 0 0 1
    outer loop
      vertex -0.6000000000000002 -0.62222222222222234 1
      vertex -0.26666666666666666 -0.53333333333333333 1
      vertex -0.50476190476190474 -0.33333333333333326 1
    endloop
  endfacet
  facet normal 0 -0 1
    outer loop
      vertex 0.26666666666666661 -0.73333333333333328 1
      vertex 0.53333333333333321 -0.33333333333333326 1
      vertex 0.066666666666666652 -0.46666666666666667 1
    endloop
  endfacet
  facet normal 0 0 1
    outer loop
      vertex 0.26666666666666661 -0.73333333333333328 1
      vertex 0.6000000000000002 -0.60000000000000009 1
      vertex 0.53333333333333321 -0.33333333333333326 1
    endloop
  endfacet
  facet normal 7.3298859733990666e-06 4.3556438439532849e-06 0.99999999996365063
    outer loop
      vertex 0.6000000000000002 -0.60000000000000009 1
      vertex 0.99974263826068366 -0.59999999999999998 0.99999706993204274
      vertex 0.99948634544406822 -0.46301853486319505 0.99999647516816448
    endloop
  endfacet
  facet normal -1.0212798188937231e-05 3.3668565458034884e-06 0.99999999994218136
    outer loop
      vertex -0.6000000000000002 -0.62222222222222234 1
      vertex -0.50476190476190474 -0.33333333333333326 1
      vertex -0.99897473232116796 -0.33688430698739985 0.99999496465974835
    endloop
  endfacet
  facet normal 0 -0 1
    outer loop
      vertex -0.26666666666666666 -0.53333333333333333 1
      vertex -0.20000000000000004 -0.20000000000000001 1
      vertex -0.50476190476190474 -0.33333333333333326 1
    endloop
  endfacet
  facet normal 0 0 1
    outer loop
      vertex -0.26666666666666666 -0.53333333333333333 1
      vertex 0.066666666666666652 -0.46666666666666667 1
      vertex -0.20000000000000004 -0.20000000000000001 1
    endloop
  endfacet
  facet normal 8.1267561031057287e-06 2.0316890257764407e-06 0.99999999996491407
    outer loop
      vertex 0.6000000000000002 -0.60000000000000009 1
      vertex 0.99948634544406822 -0.46301853486319505 0.99999647516816448
      vertex 0.53333333333333321 -0.33333333333333326 1
    endloop
  endfacet
  facet normal 1.8324062446800853e-05 -3.6648124893601699e-05 0.99999999916057192
    outer loop
      vertex -0.99897473232116796 -0.33688430698739985 0.99999496465974835
      vertex -0.78666666666666674 -0.093333333333333324 1
      vertex -1 -0.19999999999999996 1
    endloop
  endfacet
  facet normal -1.0103338280422144e-05 -1.1867413218273638e-05 0.99999999987854349
    outer loop
      vertex -0.99897473232116796 -0.33688430698739985 0.99999496465974835
      vertex -0.50476190476190474 -0.33333333333333326 1
      vertex -0.78666666666666674 -0.093333333333333324 1
    endloop
  endfacet
  facet normal -0 0 1
    outer loop
      vertex -0.20000000000000004 -0.20000000000000001 1
      vertex 0.066666666666666652 -0.46666666666666667 1
      vertex 0.22666666666666663 -0.14666666666666667 1
    endloop
  endfacet
  facet normal 0 0 1
    outer loop
      vertex 0.066666666666666652 -0.46666666666666667 1
      vertex 0.53333333333333321 -0.33333333333333326 1
      vertex 0.22666666666666663 -0.14666666666666667 1
    endloop
  endfacet
  facet normal 0 -0 1
    outer loop
      vertex 0.53333333333333321 -0.33333333333333326 1
      vertex 0.59999999999999998 -0.066666666666666693 1
      vertex 0.22666666666666663 -0.14666666666666667 1
    endloop
  endfacet
  facet normal 7.561533968129297e-06 0 0.99999999997141154
    outer loop
      vertex 0.53333333333333321 -0.33333333333333326 1
      vertex 0.99948634544406822 -0.46301853486319505 0.99999647516816448
      vertex 0.99948634544406822 -0.19635186819652836 0.99999647516816448
    endloop
  endfacet
  facet normal -0.0068620998382468417 0 0.99997645551573366
    outer loop
      vertex 0.99948634544406822 -0.46301853486319505 0.99999647516816448
      vertex 1 -0.33333333333333337 1
      vertex 0.99948634544406822 -0.19635186819652836 0.99999647516816448
    endloop
  endfacet
  facet normal -0.00096511487951689854 0.0019302297590337971 0.99999767138046214
    outer loop
      vertex -1 -0.19999999999999996 1
      vertex -0.78666666666666674 -0.093333333333333324 1
      vertex -0.99999706993204285 -0.066666666666666638 0.99974263826068344
    endloop
  endfacet
  facet normal -0 0 1
    outer loop
      vertex -0.78666666666666674 -0.093333333333333324 1
      vertex -0.50476190476190474 -0.33333333333333326 1
      vertex -0.44761904761904758 0.047619047619047603 1
    endloop
  endfacet
  facet normal 0 0 1
    outer loop
      vertex -0.50476190476190474 -0.33333333333333326 1
      vertex -0.20000000000000004 -0.20000000000000001 1
      vertex -0.44761904761904758 0.047619047619047603 1
    endloop
  endfacet
  facet normal 0 0 1
    outer loop
      vertex -0.20000000000000004 -0.20000000000000001 1
      vertex 0.22666666666666663 -0.14666666666666667 1
      vertex 0 0 1
    endloop
  endfacet
  facet normal 8.1610776504124048e-06 -2.040269412603105e-06 0.99999999996461708
    outer loop
      vertex 0.53333333333333321 -0.33333333333333326 1
      vertex 0.99948634544406822 -0.19635186819652836 0.99999647516816448
      vertex 0.59999999999999998 -0.066666666666666693 1
    endloop
  endfacet
  facet normal -0.0014373634235088652 -0.0018477106739188825 0.99999725997207323
    outer loop
      vertex -0.99999706993204285 -0.066666666666666638 0.99974263826068344
      vertex -0.78666666666666674 -0.093333333333333324 1
      vertex -0.99948634544406822 0.070314798470138259 0.99999647516816448
    endloop
  endfacet
  facet normal 0 -0 1
    outer loop
      vertex -0.20000000000000004 -0.20000000000000001 1
      vertex 0 0 1
      vertex -0.44761904761904758 0.047619047619047603 1
    endloop
  endfacet
  facet normal -0 0 1
    outer loop
      vertex 0 0 1
      vertex 0.22666666666666663 -0.14666666666666667 1
      vertex 0.29523809523809519 0.18095238095238089 1
    endloop
  endfacet
  facet normal 0 0 1
    outer loop
      vertex 0.22666666666666663 -0.14666666666666667 1
      vertex 0.59999999999999998 -0.066666666666666693 1
      vertex 0.29523809523809519 0.18095238095238089 1
    endloop
  endfacet
  facet normal 0 -0 1
    outer loop
      vertex 0.59999999999999998 -0.066666666666666693 1
      vertex 0.70666666666666667 0.22666666666666654 1
      vertex 0.29523809523809519 0.18095238095238089 1
    endloop
  endfacet
  facet normal 8.8234100503897681e-06 0 0.99999999996107369
    outer loop
      vertex 0.59999999999999998 -0.066666666666666693 1
      vertex 0.99948634544406822 -0.19635186819652836 0.99999647516816448
      vertex 0.99948634544406822 0.19635186819652833 0.99999647516816448
    endloop
  endfacet
  facet normal -0.0068620998382468408 0 0.99997645551573366
    outer loop
      vertex 0.99948634544406822 -0.19635186819652836 0.99999647516816448
      vertex 1 -0.066666666666666652 1
      vertex 1 0.066666666666666652 1
    endloop
  endfacet
  facet normal -0.0068620998382468408 0 0.99997645551573355
    outer loop
      vertex 0.99948634544406822 -0.19635186819652836 0.99999647516816448
      vertex 1 0.066666666666666652 1
      vertex 0.99948634544406822 0.19635186819652833 0.99999647516816448
    endloop
  endfacet
  facet normal -1.3183394845008952e-05 4.3944649483363173e-06 0.99999999990344335
    outer loop
      vertex -0.99948634544406822 0.070314798470138259 0.99999647516816448
      vertex -0.78666666666666674 -0.093333333333333324 1
      vertex -0.66666666666666674 0.26666666666666661 1
    endloop
  endfacet
  facet normal 0 0 1
    outer loop
      vertex -0.78666666666666674 -0.093333333333333324 1
      vertex -0.44761904761904758 0.047619047619047603 1
      vertex -0.66666666666666674 0.26666666666666661 1
    endloop
  endfacet
  facet normal -0 0 1
    outer loop
      vertex -0.44761904761904758 0.047619047619047603 1
      vertex 0 0 1
      vertex -0.15555555555555556 0.28888888888888886 1
    endloop
  endfacet
  facet normal 0 -0 1
    outer loop
      vertex 0 0 1
      vertex 0.099999999999999978 0.36666666666666659 1
      vertex -0.15555555555555556 0.28888888888888886 1
    endloop
  endfacet
  facet normal 0 0 1
    outer loop
      vertex 0 0 1
      vertex 0.29523809523809519 0.18095238095238089 1
      vertex 0.099999999999999978 0.36666666666666659 1
    endloop
  endfacet
  facet normal 0 0 1
    outer loop
      vertex 0.29523809523809519 0.18095238095238089 1
      vertex 0.70666666666666667 0.22666666666666654 1
      vertex 0.48888888888888887 0.37777777777777771 1
    endloop
  endfacet
  facet normal 1.1600823548700185e-05 -4.2184812904364329e-06 0.99999999992381272
    outer loop
      vertex 0.59999999999999998 -0.066666666666666693 1
      vertex 0.99948634544406822 0.19635186819652833 0.99999647516816448
      vertex 0.70666666666666667 0.22666666666666654 1
    endloop
  endfacet
  facet normal 0.0068620998381744881 -2.865849956551197e-16 0.99997645551573411
    outer loop
      vertex -1 0.19999999999999996 1
      vertex -0.99948634544406822 0.070314798470138259 0.99999647516816448
      vertex -0.999486345444068 0.46301853486319494 0.99999647516816459
    endloop
  endfacet
  facet normal 0.006862099838027747 -0 0.99997645551573511
    outer loop
      vertex -1 0.19999999999999996 1
      vertex -0.999486345444068 0.46301853486319494 0.99999647516816459
      vertex -1 0.33333333333333326 1
    endloop
  endfacet
  facet normal -1.0590815567808382e-05 -2.8270663233952762e-16 0.99999999994391742
    outer loop
      vertex -0.99948634544406822 0.070314798470138259 0.99999647516816448
      vertex -0.66666666666666674 0.26666666666666661 1
      vertex -0.999486345444068 0.46301853486319494 0.99999647516816459
    endloop
  endfacet
  facet normal -0 0 1
    outer loop
      vertex -0.66666666666666674 0.26666666666666661 1
      vertex -0.44761904761904758 0.047619047619047603 1
      vertex -0.35999999999999993 0.41333333333333327 1
    endloop
  endfacet
  facet normal 0 0 1
    outer loop
      vertex -0.44761904761904758 0.047619047619047603 1
      vertex -0.15555555555555556 0.28888888888888886 1
      vertex -0.35999999999999993 0.41333333333333327 1
    endloop
  endfacet
  facet normal 0.00020380216227803975 0.0018523117688658741 0.99999826370138745
    outer loop
      vertex 0.99948634544406822 0.19635186819652833 0.99999647516816448
      vertex 0.99999706993204285 0.33333333333333326 0.99974263826068344
      vertex 0.70666666666666667 0.22666666666666654 1
    endloop
  endfacet
  facet normal -1.0590815567641594e-05 0 0.99999999994391731
    outer loop
      vertex -0.999486345444068 0.46301853486319494 0.99999647516816459
      vertex -0.66666666666666674 0.26666666666666661 1
      vertex -0.66666666666666674 0.55555555555555558 1
    endloop
  endfacet
  facet normal 0 0 1
    outer loop
      vertex -0.66666666666666674 0.26666666666666661 1
      vertex -0.35999999999999993 0.41333333333333327 1
      vertex -0.66666666666666674 0.55555555555555558 1
    endloop
  endfacet
  facet normal 0 -0 1
    outer loop
      vertex 0.29523809523809519 0.18095238095238089 1
      vertex 0.48888888888888887 0.37777777777777771 1
      vertex 0.099999999999999978 0.36666666666666659 1
    endloop
  endfacet
  facet normal 9.0627388776137448e-06 1.3061006029502158e-05 0.99999999987363841
    outer loop
      vertex 0.48888888888888887 0.37777777777777771 1
      vertex 0.70666666666666667 0.22666666666666654 1
      vertex 0.99846510454468473 0.47358437935843789 0.99999413051321762
    endloop
  endfacet
  facet normal 0.0015233870584476659 -0.0017765128651444913 0.99999726164320579
    outer loop
      vertex 0.70666666666666667 0.22666666666666654 1
      vertex 0.99999706993204285 0.33333333333333326 0.99974263826068344
      vertex 0.99846510454468473 0.47358437935843789 0.99999413051321762
    endloop
  endfacet
  facet normal -3.4326736970664103e-06 -2.5745052727998039e-05 0.99999999966270436
    outer loop
      vertex -0.999486345444068 0.46301853486319494 0.99999647516816459
      vertex -0.66666666666666674 0.55555555555555558 1
      vertex -1 0.60000000000000009 1
    endloop
  endfacet
  facet normal 0 -0 1
    outer loop
      vertex -0.35999999999999993 0.41333333333333327 1
      vertex -0.27999999999999997 0.70666666666666667 1
      vertex -0.66666666666666674 0.55555555555555558 1
    endloop
  endfacet
  facet normal -0 0 1
    outer loop
      vertex -0.35999999999999993 0.41333333333333327 1
      vertex -0.15555555555555556 0.28888888888888886 1
      vertex -0 0.66666666666666663 1
    endloop
  endfacet
  facet normal 0 0 1
    outer loop
      vertex -0.35999999999999993 0.41333333333333327 1
      vertex -0 0.66666666666666663 1
      vertex -0.27999999999999997 0.70666666666666667 1
    endloop
  endfacet
  facet normal 0 0 1
    outer loop
      vertex -0.15555555555555556 0.28888888888888886 1
      vertex 0.099999999999999978 0.36666666666666659 1
      vertex -0 0.66666666666666663 1
    endloop
  endfacet
  facet normal 0 -0 1
    outer loop
      vertex 0.099999999999999978 0.36666666666666659 1
      vertex 0.27999999999999992 0.70666666666666667 1
      vertex -0 0.66666666666666663 1
    endloop
  endfacet
  facet normal 0 0 1
    outer loop
      vertex 0.099999999999999978 0.36666666666666659 1
      vertex 0.48888888888888887 0.37777777777777771 1
      vertex 0.27999999999999992 0.70666666666666667 1
    endloop
  endfacet
  facet normal 0 -0 1
    outer loop
      vertex 0.48888888888888887 0.37777777777777771 1
      vertex 0.53333333333333333 0.66666666666666674 1
      vertex 0.27999999999999992 0.70666666666666667 1
    endloop
  endfacet
  facet normal 1.1861461216233544e-05 -1.8248401871128522e-06 0.99999999992798783
    outer loop
      vertex 0.48888888888888887 0.37777777777777771 1
      vertex 0.99846510454468473 0.47358437935843789 0.99999413051321762
      vertex 0.53333333333333333 0.66666666666666674 1
    endloop
  endfacet
  facet normal 3.0105304072371308e-06 2.2578978054278446e-05 0.99999999974056331
    outer loop
      vertex -1 0.60000000000000009 1
      vertex -0.66666666666666674 0.55555555555555558 1
      vertex -0.99846510454468473 0.85974895397489537 0.99999413051321762
    endloop
  endfacet
  facet normal 0.003824002375644469 -0 0.99999268847618639
    outer loop
      vertex -1 0.60000000000000009 1
      vertex -0.99846510454468473 0.85974895397489537 0.99999413051321762
      vertex -1 0.73333333333333339 1
    endloop
  endfacet
  facet normal -4.8080183583574177e-06 1.4050909136603573e-05 0.99999999988972743
    outer loop
      vertex -0.66666666666666674 0.55555555555555558 1
      vertex -0.59308228730822865 0.99846510454468473 0.99999413051321762
      vertex -0.99846510454468473 0.85974895397489537 0.99999413051321762
    endloop
  endfacet
  facet normal -5.5385945496977707e-06 1.4172286053638419e-05 0.99999999988423527
    outer loop
      vertex -0.66666666666666674 0.55555555555555558 1
      vertex -0.27999999999999997 0.70666666666666667 1
      vertex -0.59308228730822865 0.99846510454468473 0.99999413051321762
    endloop
  endfacet
  facet normal 1.585725004270624e-05 7.8009435170686464e-06 0.99999999984384647
    outer loop
      vertex 0.53333333333333333 0.66666666666666674 1
      vertex 0.99846510454468473 0.47358437935843789 0.99999413051321762
      vertex 0.74025104602510461 0.99846510454468473 0.99999413051321773
    endloop
  endfacet
  facet normal -0.0038240023756444677 0 0.99999268847618639
    outer loop
      vertex 0.99846510454468473 0.47358437935843789 0.99999413051321762
      vertex 1 0.60000000000000009 1
      vertex 1 0.73333333333333339 1
    endloop
  endfacet
  facet normal -4.5388048855327376e-05 -2.2328562930504766e-05 0.99999999872068002
    outer loop
      vertex 0.99846510454468473 0.47358437935843789 0.99999413051321762
      vertex 1 0.73333333333333339 1
      vertex 0.74025104602510461 0.99846510454468473 0.99999413051321773
    endloop
  endfacet
  facet normal 1.6522242239268009e-06 1.1565569567487595e-05 0.99999999993175381
    outer loop
      vertex -0.27999999999999997 0.70666666666666667 1
      vertex -0 0.66666666666666663 1
      vertex -0.19635186819652836 0.999486345444068 0.99999647516816448
    endloop
  endfacet
  facet normal -9.5438273472703172e-21 1.0590815567975166e-05 0.99999999994391731
    outer loop
      vertex -0 0.66666666666666663 1
      vertex 0.070314798470138259 0.99948634544406822 0.99999647516816448
      vertex -0.19635186819652836 0.999486345444068 0.99999647516816448
    endloop
  endfacet
  facet normal -1.5600584346863585e-06 1.0920409042804496e-05 0.99999999993915534
    outer loop
      vertex -0 0.66666666666666663 1
      vertex 0.27999999999999992 0.70666666666666667 1
      vertex 0.070314798470138259 0.99948634544406822 0.99999647516816448
    endloop
  endfacet
  facet normal 1.6236906312241476e-06 1.0283373997752956e-05 0.99999999994580802
    outer loop
      vertex 0.27999999999999992 0.70666666666666667 1
      vertex 0.53333333333333333 0.66666666666666674 1
      vertex 0.59635186819652852 0.999486345444068 0.99999647516816448
    endloop
  endfacet
  facet normal 1.6346929577394862e-05 7.4955672472154303e-06 0.99999999983829724
    outer loop
      vertex 0.53333333333333333 0.66666666666666674 1
      vertex 0.74025104602510461 0.99846510454468473 0.99999413051321773
      vertex 0.59635186819652852 0.999486345444068 0.99999647516816448
    endloop
  endfacet
  facet normal 0.0019476527421524034 0.0019302485886828701 0.99999624038752366
    outer loop
      vertex 0.74025104602510461 0.99846510454468473 0.99999413051321773
      vertex 1 0.73333333333333339 1
      vertex 0.99999706993204285 0.8666666666666667 0.99974263826068344
    endloop
  endfacet
  facet normal 0 -4.1849860971399052e-05 0.9999999991242946
    outer loop
      vertex -0.99846510454468473 0.85974895397489537 0.99999413051321762
      vertex -0.8666666666666667 1 1
      vertex -1 1 1
    endloop
  endfacet
  facet normal 0 -4.1849860971399032e-05 0.9999999991242946
    outer loop
      vertex -0.99846510454468473 0.85974895397489537 0.99999413051321762
      vertex -0.73333333333333339 1 1
      vertex -0.8666666666666667 1 1
    endloop
  endfacet
  facet normal 4.0552882329424198e-05 -0.00011851137461812457 0.99999999215525881
    outer loop
      vertex -0.99846510454468473 0.85974895397489537 0.99999413051321762
      vertex -0.59308228730822865 0.99846510454468473 0.99999413051321762
      vertex -0.73333333333333339 1 1
    endloop
  endfacet
  facet normal -2.2572516024258229e-05 -4.1040938225924115e-06 0.99999999973681886
    outer loop
      vertex -0.59308228730822865 0.99846510454468473 0.99999413051321762
      vertex -0.27999999999999997 0.70666666666666667 1
      vertex -0.33333333333333337 1 1
    endloop
  endfacet
  facet normal -0.0018429924977340323 0.30825012097779669 0.95130356159105534
    outer loop
      vertex -0.59308228730822865 0.99846510454468473 0.99999413051321762
      vertex -0.33333333333333337 1 1
      vertex -0.46666666666666667 0.99999706993204274 0.99974263826068366
    endloop
  endfacet
  facet normal 2.5749736604380383e-05 4.6817702917055299e-06 0.99999999965751607
    outer loop
      vertex -0.27999999999999997 0.70666666666666667 1
      vertex -0.19635186819652836 0.999486345444068 0.99999647516816448
      vertex -0.33333333333333337 1 1
    endloop
  endfacet
  facet normal -3.705974856515011e-16 0.44507271954254474 0.8954944300882075
    outer loop
      vertex -0.19635186819652836 0.999486345444068 0.99999647516816448
      vertex 0.070314798470138259 0.99948634544406822 0.99999647516816448
      vertex -0.066666666666666638 0.99999706993204285 0.99974263826068366
    endloop
  endfacet
  facet normal -1.340621818548858e-05 2.4374942155433791e-06 0.99999999990716593
    outer loop
      vertex 0.070314798470138259 0.99948634544406822 0.99999647516816448
      vertex 0.27999999999999992 0.70666666666666667 1
      vertex 0.33333333333333326 1 1
    endloop
  endfacet
  facet normal 0 -0.0068620998382468408 0.99997645551573344
    outer loop
      vertex 0.070314798470138259 0.99948634544406822 0.99999647516816448
      vertex 0.33333333333333326 1 1
      vertex 0.19999999999999996 1 1
    endloop
  endfacet
  facet normal 2.7111573278665369e-05 -1.7252819359150688e-05 0.99999999948365137
    outer loop
      vertex 0.27999999999999992 0.70666666666666667 1
      vertex 0.59635186819652852 0.999486345444068 0.99999647516816448
      vertex 0.46666666666666656 1 1
    endloop
  endfacet
  facet normal 0 0 1
    outer loop
      vertex 0.27999999999999992 0.70666666666666667 1
      vertex 0.46666666666666656 1 1
      vertex 0.33333333333333326 1 1
    endloop
  endfacet
  facet normal -1.1190830491282997e-05 -0.0019302092031211378 0.99999813708186358
    outer loop
      vertex 0.74025104602510461 0.99846510454468473 0.99999413051321773
      vertex 0.99999706993204285 0.8666666666666667 0.99974263826068344
      vertex 1 1 1
    endloop
  endfacet
  facet normal 0 -0.003824002375572138 0.99999268847618661
    outer loop
      vertex 0.74025104602510461 0.99846510454468473 0.99999413051321773
      vertex 1 1 1
      vertex 0.8666666666666667 1 1
    endloop
  endfacet
  facet normal 0 -4.1849860971399045e-05 -0.9999999991242946
    outer loop
      vertex -1 1 -1
      vertex -0.8666666666666667 1 -1
      vertex -0.99846510454468473 0.85974895397489537 -0.99999413051321762
    endloop
  endfacet
  facet normal 0.0019301653461987814 -0.0018556884286732658 -0.99999641543467155
    outer loop
      vertex -0.8666666666666667 1 -1
      vertex -0.73333333333333339 0.99999706993204274 -0.99974263826068366
      vertex -0.99846510454468473 0.85974895397489537 -0.99999413051321762
    endloop
  endfacet
  facet normal -0.0018979380165616328 0.0053811191773313902 -0.99998372056133233
    outer loop
      vertex -0.73333333333333339 0.99999706993204274 -0.99974263826068366
      vertex -0.59999999999999998 0.99974263826068344 -0.99999706993204274
      vertex -0.99846510454468473 0.85974895397489537 -0.99999413051321762
    endloop
  endfacet
  facet normal -1.0041937401606141e-05 -0.0061822980336579281 -0.99998088936248297
    outer loop
      vertex -0.59999999999999998 0.99974263826068344 -0.99999706993204274
      vertex -0.46666666666666667 1 -1
      vertex -0.33688430698739985 0.99897473232116796 -0.99999496465974835
    endloop
  endfacet
  facet normal -3.6602602931960617e-05 -2.4401735287973732e-05 -0.99999999903240233
    outer loop
      vertex -0.33688430698739985 0.99897473232116796 -0.99999496465974835
      vertex -0.19999999999999996 1 -1
      vertex -0.06666666666666668 0.80000000000000004 -1
    endloop
  endfacet
  facet normal 0 0 -1
    outer loop
      vertex -0.19999999999999996 1 -1
      vertex -0.066666666666666652 1 -1
      vertex -0.06666666666666668 0.80000000000000004 -1
    endloop
  endfacet
  facet normal 0 -0 -1
    outer loop
      vertex -0.066666666666666652 1 -1
      vertex 0.066666666666666652 1 -1
      vertex -0.06666666666666668 0.80000000000000004 -1
    endloop
  endfacet
  facet normal 0 -0.003824002375644469 -0.99999268847618639
    outer loop
      vertex 0.066666666666666652 1 -1
      vertex 0.19999999999999996 1 -1
      vertex 0.32641562064156199 0.99846510454468473 -0.99999413051321762
    endloop
  endfacet
  facet normal 2.2508098577335997e-05 -1.5005399051557335e-05 -0.99999999963411168
    outer loop
      vertex 0.066666666666666652 1 -1
      vertex 0.32641562064156199 0.99846510454468473 -0.99999413051321762
      vertex -0.06666666666666668 0.80000000000000004 -1
    endloop
  endfacet
  facet normal -3.1841216127460965e-18 -0.003824002375644178 -0.99999268847618639
    outer loop
      vertex 0.32641562064156199 0.99846510454468473 -0.99999413051321762
      vertex 0.46666666666666656 1 -1
      vertex 0.59308228730822876 0.99846510454468451 -0.99999413051321762
    endloop
  endfacet
  facet normal 3.1841216127461216e-18 -0.0038240023756442062 -0.99999268847618639
    outer loop
      vertex 0.59308228730822876 0.99846510454468451 -0.99999413051321762
      vertex 0.73333333333333339 1 -1
      vertex 0.85974895397489537 0.99846510454468473 -0.99999413051321762
    endloop
  endfacet
  facet normal -4.1849860971399052e-05 0 -0.9999999991242946
    outer loop
      vertex 0.85974895397489537 0.99846510454468473 -0.99999413051321762
      vertex 1 1 -1
      vertex 1 0.8666666666666667 -1
    endloop
  endfacet
  facet normal -9.7124312031054922e-06 6.6477719659937805e-06 -0.99999999993073796
    outer loop
      vertex -0.99846510454468473 0.85974895397489537 -0.99999413051321762
      vertex -0.59999999999999998 0.99974263826068344 -0.99999706993204274
      vertex -0.58333333333333337 0.58333333333333326 -1
    endloop
  endfacet
  facet normal 8.0227911519022869e-06 7.3576193103777746e-06 -0.99999999994075006
    outer loop
      vertex -0.59999999999999998 0.99974263826068344 -0.99999706993204274
      vertex -0.33688430698739985 0.99897473232116796 -0.99999496465974835
      vertex -0.58333333333333337 0.58333333333333326 -1
    endloop
  endfacet
  facet normal -0.0018556884286748318 -0.0019301653462004474 -0.99999641543467155
    outer loop
      vertex 0.85974895397489537 0.99846510454468473 -0.99999413051321762
      vertex 1 0.8666666666666667 -1
      vertex 0.99999706993204285 0.73333333333333339 -0.99974263826068344
    endloop
  endfacet
  facet normal 0.004861099700635441 -1.2592291977767265e-05 -0.99998818470576678
    outer loop
      vertex -1 0.73333333333333339 -1
      vertex -0.99846510454468473 0.85974895397489537 -0.99999413051321762
      vertex -0.99974263826068366 0.59999999999999998 -0.99999706993204274
    endloop
  endfacet
  facet normal -6.5822784579745416e-06 1.1348757569244827e-05 -0.99999999991393962
    outer loop
      vertex -0.99846510454468473 0.85974895397489537 -0.99999413051321762
      vertex -0.58333333333333337 0.58333333333333326 -1
      vertex -0.99974263826068366 0.59999999999999998 -0.99999706993204274
    endloop
  endfacet
  facet normal 4.7335819737077392e-07 1.1833954934269392e-05 -0.99999999992986677
    outer loop
      vertex -0.58333333333333337 0.58333333333333326 -1
      vertex -0.33688430698739985 0.99897473232116796 -0.99999496465974835
      vertex -0.16666666666666666 0.56666666666666665 -1
    endloop
  endfacet
  facet normal -1.4164405404959623e-05 6.0704594592684029e-06 -0.99999999988125954
    outer loop
      vertex -0.33688430698739985 0.99897473232116796 -0.99999496465974835
      vertex -0.06666666666666668 0.80000000000000004 -1
      vertex -0.16666666666666666 0.56666666666666665 -1
    endloop
  endfacet
  facet normal 0 -0 -1
    outer loop
      vertex -0.06666666666666668 0.80000000000000004 -1
      vertex 0.2533333333333333 0.57333333333333336 -1
      vertex -0.16666666666666666 0.56666666666666665 -1
    endloop
  endfacet
  facet normal 8.7179013645830478e-06 1.2307625455881947e-05 -0.99999999988626032
    outer loop
      vertex -0.06666666666666668 0.80000000000000004 -1
      vertex 0.32641562064156199 0.99846510454468473 -0.99999413051321762
      vertex 0.2533333333333333 0.57333333333333336 -1
    endloop
  endfacet
  facet normal 1.1496034540091311e-20 1.3806276498931626e-05 -0.99999999990469335
    outer loop
      vertex 0.32641562064156199 0.99846510454468473 -0.99999413051321762
      vertex 0.59308228730822876 0.99846510454468451 -0.99999413051321762
      vertex 0.2533333333333333 0.57333333333333336 -1
    endloop
  endfacet
  facet normal 4.3364459564150698e-06 1.0340755742220548e-05 -0.99999999993713196
    outer loop
      vertex 0.59308228730822876 0.99846510454468451 -0.99999413051321762
      vertex 0.66666666666666674 0.39999999999999991 -1
      vertex 0.2533333333333333 0.57333333333333336 -1
    endloop
  endfacet
  facet normal -8.1664402636891314e-21 9.8075672875983402e-06 -0.9999999999519058
    outer loop
      vertex 0.59308228730822876 0.99846510454468451 -0.99999413051321762
      vertex 0.85974895397489537 0.99846510454468473 -0.99999413051321762
      vertex 0.66666666666666674 0.39999999999999991 -1
    endloop
  endfacet
  facet normal 3.6066058019673943e-06 8.6439711274379903e-06 -0.99999999995613709
    outer loop
      vertex 0.85974895397489537 0.99846510454468473 -0.99999413051321762
      vertex 0.99974263826068344 0.59999999999999998 -0.99999706993204274
      vertex 0.66666666666666674 0.39999999999999991 -1
    endloop
  endfacet
  facet normal 0.0053811191773360922 0.0018979380165632847 -0.99998372056133233
    outer loop
      vertex 0.85974895397489537 0.99846510454468473 -0.99999413051321762
      vertex 0.99999706993204285 0.73333333333333339 -0.99974263826068344
      vertex 0.99974263826068344 0.59999999999999998 -0.99999706993204274
    endloop
  endfacet
  facet normal 0.0061822980336600514 1.0041937401612338e-05 -0.99998088936248297
    outer loop
      vertex -0.99974263826068366 0.59999999999999998 -0.99999706993204274
      vertex -0.99897473232116818 0.33688430698739985 -0.99999496465974835
      vertex -1 0.46666666666666667 -1
    endloop
  endfacet
  facet normal -7.3576193103777738e-06 -8.0227911519022852e-06 -0.99999999994075006
    outer loop
      vertex -0.99974263826068366 0.59999999999999998 -0.99999706993204274
      vertex -0.58333333333333337 0.58333333333333326 -1
      vertex -0.99897473232116818 0.33688430698739985 -0.99999496465974835
    endloop
  endfacet
  facet normal 0 0 -1
    outer loop
      vertex -0.58333333333333337 0.58333333333333326 -1
      vertex -0.16666666666666666 0.56666666666666665 -1
      vertex -0.22666666666666671 0.38666666666666671 -1
    endloop
  endfacet
  facet normal 0 0 -1
    outer loop
      vertex -0.16666666666666666 0.56666666666666665 -1
      vertex 0.2533333333333333 0.57333333333333336 -1
      vertex 0.26666666666666661 0.36666666666666664 -1
    endloop
  endfacet
  facet normal 0 0 -1
    outer loop
      vertex 0.2533333333333333 0.57333333333333336 -1
      vertex 0.66666666666666674 0.39999999999999991 -1
      vertex 0.26666666666666661 0.36666666666666664 -1
    endloop
  endfacet
  facet normal 1.1416993264650547e-05 -4.3632908363082713e-06 -0.99999999992530686
    outer loop
      vertex 0.66666666666666674 0.39999999999999991 -1
      vertex 0.99974263826068344 0.59999999999999998 -0.99999706993204274
      vertex 0.99948634544406822 0.463018534863195 -0.99999647516816448
    endloop
  endfacet
  facet normal -1.1077530470414883e-05 -1.7490837584865623e-06 -0.99999999993711453
    outer loop
      vertex -0.58333333333333337 0.58333333333333326 -1
      vertex -0.53333333333333333 0.26666666666666666 -1
      vertex -0.99897473232116818 0.33688430698739985 -0.99999496465974835
    endloop
  endfacet
  facet normal 0 0 -1
    outer loop
      vertex -0.58333333333333337 0.58333333333333326 -1
      vertex -0.22666666666666671 0.38666666666666671 -1
      vertex -0.53333333333333333 0.26666666666666666 -1
    endloop
  endfacet
  facet normal 0 -0 -1
    outer loop
      vertex -0.16666666666666666 0.56666666666666665 -1
      vertex 0.26666666666666661 0.36666666666666664 -1
      vertex -0.22666666666666671 0.38666666666666671 -1
    endloop
  endfacet
  facet normal 1.6294810690258695e-05 3.6663324053082068e-05 -0.99999999919513993
    outer loop
      vertex -0.99897473232116818 0.33688430698739985 -0.99999496465974835
      vertex -0.69999999999999996 0.066666666666666652 -1
      vertex -1 0.19999999999999996 -1
    endloop
  endfacet
  facet normal -9.6065661706672362e-06 8.0054718088893584e-06 -0.99999999992181321
    outer loop
      vertex -0.99897473232116818 0.33688430698739985 -0.99999496465974835
      vertex -0.53333333333333333 0.26666666666666666 -1
      vertex -0.69999999999999996 0.066666666666666652 -1
    endloop
  endfacet
  facet normal 0 0 -1
    outer loop
      vertex -0.53333333333333333 0.26666666666666666 -1
      vertex -0.22666666666666671 0.38666666666666671 -1
      vertex -0.31666666666666665 0.01666666666666667 -1
    endloop
  endfacet
  facet normal 0 -0 -1
    outer loop
      vertex -0.22666666666666671 0.38666666666666671 -1
      vertex 0.037037037037037028 0.022222222222222237 -1
      vertex -0.31666666666666665 0.01666666666666667 -1
    endloop
  endfacet
  facet normal 0 0 -1
    outer loop
      vertex -0.22666666666666671 0.38666666666666671 -1
      vertex 0.26666666666666661 0.36666666666666664 -1
      vertex 0.037037037037037028 0.022222222222222237 -1
    endloop
  endfacet
  facet normal 0 0 -1
    outer loop
      vertex 0.26666666666666661 0.36666666666666664 -1
      vertex 0.66666666666666674 0.39999999999999991 -1
      vertex 0.39999999999999991 0 -1
    endloop
  endfacet
  facet normal 1.0590815567975168e-05 -7.1578705104527383e-21 -0.99999999994391731
    outer loop
      vertex 0.66666666666666674 0.39999999999999991 -1
      vertex 0.99948634544406822 0.463018534863195 -0.99999647516816448
      vertex 0.999486345444068 0.19635186819652831 -0.99999647516816448
    endloop
  endfacet
  facet normal -0.0068620998382453993 5.7138459282724527e-18 -0.99997645551573366
    outer loop
      vertex 0.99948634544406822 0.463018534863195 -0.99999647516816448
      vertex 1 0.33333333333333337 -1
      vertex 0.999486345444068 0.19635186819652831 -0.99999647516816448
    endloop
  endfacet
  facet normal 0 0 -1
    outer loop
      vertex -1 0.19999999999999996 -1
      vertex -0.69999999999999996 0.066666666666666652 -1
      vertex -1 0.066666666666666652 -1
    endloop
  endfacet
  facet normal 0 -0 -1
    outer loop
      vertex -0.53333333333333333 0.26666666666666666 -1
      vertex -0.31666666666666665 0.01666666666666667 -1
      vertex -0.69999999999999996 0.066666666666666652 -1
    endloop
  endfacet
  facet normal 0 -0 -1
    outer loop
      vertex 0.26666666666666661 0.36666666666666664 -1
      vertex 0.39999999999999991 0 -1
      vertex 0.037037037037037028 0.022222222222222237 -1
    endloop
  endfacet
  facet normal 0 0 -1
    outer loop
      vertex 0.39999999999999991 0 -1
      vertex 0.66666666666666674 0.39999999999999991 -1
      vertex 0.66666666666666663 0 -1
    endloop
  endfacet
  facet normal 1.0590815567975173e-05 -2.9395418232811482e-21 -0.99999999994391731
    outer loop
      vertex 0.66666666666666674 0.39999999999999991 -1
      vertex 0.999486345444068 0.19635186819652831 -0.99999647516816448
      vertex 0.66666666666666663 0 -1
    endloop
  endfacet
  facet normal 0 -2.5732180852603787e-05 -0.99999999966892739
    outer loop
      vertex -1 0.066666666666666652 -1
      vertex -0.69999999999999996 0.066666666666666652 -1
      vertex -0.99948634544406822 -0.070314798470138259 -0.99999647516816448
    endloop
  endfacet
  facet normal 1.0590815567975166e-05 9.5438273472703187e-21 -0.99999999994391731
    outer loop
      vertex 0.66666666666666663 0 -1
      vertex 0.999486345444068 0.19635186819652831 -0.99999647516816448
      vertex 0.99948634544406822 -0.070314798470138259 -0.99999647516816448
    endloop
  endfacet
  facet normal 0.44507271954285693 3.7059748565176113e-16 -0.8954944300880523
    outer loop
      vertex 0.999486345444068 0.19635186819652831 -0.99999647516816448
      vertex 0.99999706993204285 0.066666666666666638 -0.99974263826068344
      vertex 0.99948634544406822 -0.070314798470138259 -0.99999647516816448
    endloop
  endfacet
  facet normal -1.1254809627585046e-05 -1.1254809627585009e-06 -0.99999999993603128
    outer loop
      vertex -0.99948634544406822 -0.070314798470138259 -0.99999647516816448
      vertex -0.69999999999999996 0.066666666666666652 -1
      vertex -0.66666666666666674 -0.26666666666666661 -1
    endloop
  endfacet
  facet normal 0 0 -1
    outer loop
      vertex -0.69999999999999996 0.066666666666666652 -1
      vertex -0.31666666666666665 0.01666666666666667 -1
      vertex -0.66666666666666674 -0.26666666666666661 -1
    endloop
  endfacet
  facet normal 0 0 -1
    outer loop
      vertex -0.31666666666666665 0.01666666666666667 -1
      vertex 0.037037037037037028 0.022222222222222237 -1
      vertex -0.20000000000000001 -0.31111111111111101 -1
    endloop
  endfacet
  facet normal 0 0 -1
    outer loop
      vertex 0.037037037037037028 0.022222222222222237 -1
      vertex 0.39999999999999991 0 -1
      vertex 0.1333333333333333 -0.33333333333333331 -1
    endloop
  endfacet
  facet normal 0 0 -1
    outer loop
      vertex 0.39999999999999991 0 -1
      vertex 0.66666666666666663 0 -1
      vertex 0.69523809523809532 -0.33333333333333331 -1
    endloop
  endfacet
  facet normal 1.0786140198069284e-05 9.2452630269165684e-07 -0.99999999994140221
    outer loop
      vertex 0.66666666666666663 0 -1
      vertex 0.99948634544406822 -0.070314798470138259 -0.99999647516816448
      vertex 0.69523809523809532 -0.33333333333333331 -1
    endloop
  endfacet
  facet normal 0.099592535777581939 -0.00036741935063451086 -0.99502823669502549
    outer loop
      vertex -1 -0.19999999999999996 -1
      vertex -0.99948634544406822 -0.070314798470138259 -0.99999647516816448
      vertex -0.99989341859845449 -0.45974895397489524 -0.99989341859845471
    endloop
  endfacet
  facet normal 0.70710678118581094 0 -0.70710678118728409
    outer loop
      vertex -1 -0.19999999999999996 -1
      vertex -0.99989341859845449 -0.45974895397489524 -0.99989341859845471
      vertex -1 -0.33333333333333326 -1
    endloop
  endfacet
  facet normal -0.00016661134678461634 -0.00026445739340872401 -0.99999995115147189
    outer loop
      vertex -0.99948634544406822 -0.070314798470138259 -0.99999647516816448
      vertex -0.66666666666666674 -0.26666666666666661 -1
      vertex -0.99989341859845449 -0.45974895397489524 -0.99989341859845471
    endloop
  endfacet
  facet normal 0 0 -1
    outer loop
      vertex -0.66666666666666674 -0.26666666666666661 -1
      vertex -0.31666666666666665 0.01666666666666667 -1
      vertex -0.36666666666666653 -0.43333333333333324 -1
    endloop
  endfacet
  facet normal 0 -0 -1
    outer loop
      vertex -0.31666666666666665 0.01666666666666667 -1
      vertex -0.20000000000000001 -0.31111111111111101 -1
      vertex -0.36666666666666653 -0.43333333333333324 -1
    endloop
  endfacet
  facet normal 0 -0 -1
    outer loop
      vertex 0.037037037037037028 0.022222222222222237 -1
      vertex 0.1333333333333333 -0.33333333333333331 -1
      vertex -0.20000000000000001 -0.31111111111111101 -1
    endloop
  endfacet
  facet normal 0 0 -1
    outer loop
      vertex 0.1333333333333333 -0.33333333333333331 -1
      vertex 0.39999999999999991 0 -1
      vertex 0.39999999999999991 -0.39999999999999991 -1
    endloop
  endfacet
  facet normal 0 0 -1
    outer loop
      vertex 0.39999999999999991 0 -1
      vertex 0.69523809523809532 -0.33333333333333331 -1
      vertex 0.39999999999999991 -0.39999999999999991 -1
    endloop
  endfacet
  facet normal -0.0068620998382468408 0 -0.99997645551573344
    outer loop
      vertex 0.99948634544406822 -0.070314798470138259 -0.99999647516816448
      vertex 1 -0.19999999999999996 -1
      vertex 1 -0.33333333333333326 -1
    endloop
  endfacet
  facet normal -1.3208797525306605e-21 1.3401457950629745e-05 -0.99999999991020039
    outer loop
      vertex 0.99948634544406822 -0.070314798470138259 -0.99999647516816448
      vertex 1 -0.33333333333333326 -1
      vertex 0.69523809523809532 -0.33333333333333331 -1
    endloop
  endfacet
  facet normal -0.00031984645733178273 0 -0.99999994884912058
    outer loop
      vertex -0.99989341859845449 -0.45974895397489524 -0.99989341859845471
      vertex -0.66666666666666674 -0.26666666666666661 -1
      vertex -0.66666666666666674 -0.55555555555555558 -1
    endloop
  endfacet
  facet normal 0 0 -1
    outer loop
      vertex -0.66666666666666674 -0.26666666666666661 -1
      vertex -0.36666666666666653 -0.43333333333333324 -1
      vertex -0.66666666666666674 -0.55555555555555558 -1
    endloop
  endfacet
  facet normal 4.6870129123747339e-21 -2.5732180852603787e-05 -0.9999999996689275
    outer loop
      vertex 0.69523809523809532 -0.33333333333333331 -1
      vertex 1 -0.33333333333333326 -1
      vertex 0.999486345444068 -0.47031479847013818 -0.99999647516816448
    endloop
  endfacet
  facet normal -0.00010133464110782366 0.00076000980830867636 -0.99999970605814759
    outer loop
      vertex -0.99989341859845449 -0.45974895397489524 -0.99989341859845471
      vertex -0.66666666666666674 -0.55555555555555558 -1
      vertex -1 -0.60000000000000009 -1
    endloop
  endfacet
  facet normal 0 -0 -1
    outer loop
      vertex -0.36666666666666653 -0.43333333333333324 -1
      vertex -0.27999999999999997 -0.70666666666666667 -1
      vertex -0.66666666666666674 -0.55555555555555558 -1
    endloop
  endfacet
  facet normal 0 0 -1
    outer loop
      vertex -0.36666666666666653 -0.43333333333333324 -1
      vertex -0.20000000000000001 -0.31111111111111101 -1
      vertex 0 -0.66666666666666663 -1
    endloop
  endfacet
  facet normal 0 0 -1
    outer loop
      vertex -0.36666666666666653 -0.43333333333333324 -1
      vertex 0 -0.66666666666666663 -1
      vertex -0.27999999999999997 -0.70666666666666667 -1
    endloop
  endfacet
  facet normal 0 0 -1
    outer loop
      vertex -0.20000000000000001 -0.31111111111111101 -1
      vertex 0.1333333333333333 -0.33333333333333331 -1
      vertex 0 -0.66666666666666663 -1
    endloop
  endfacet
  facet normal 0 -0 -1
    outer loop
      vertex 0.1333333333333333 -0.33333333333333331 -1
      vertex 0.33333333333333331 -0.69523809523809532 -1
      vertex 0 -0.66666666666666663 -1
    endloop
  endfacet
  facet normal 0 0 -1
    outer loop
      vertex 0.1333333333333333 -0.33333333333333331 -1
      vertex 0.39999999999999991 -0.39999999999999991 -1
      vertex 0.33333333333333331 -0.69523809523809532 -1
    endloop
  endfacet
  facet normal 0 0 -1
    outer loop
      vertex 0.39999999999999991 -0.39999999999999991 -1
      vertex 0.69523809523809532 -0.33333333333333331 -1
      vertex 0.7333333333333335 -0.7333333333333335 -1
    endloop
  endfacet
  facet normal 0 -0 -1
    outer loop
      vertex 0.39999999999999991 -0.39999999999999991 -1
      vertex 0.7333333333333335 -0.7333333333333335 -1
      vertex 0.33333333333333331 -0.69523809523809532 -1
    endloop
  endfacet
  facet normal 1.2104405317531267e-05 1.1528005064315511e-06 -0.99999999992607724
    outer loop
      vertex 0.69523809523809532 -0.33333333333333331 -1
      vertex 0.999486345444068 -0.47031479847013818 -0.99999647516816448
      vertex 0.7333333333333335 -0.7333333333333335 -1
    endloop
  endfacet
  facet normal 1.875990986307498e-06 -1.4069932397306211e-05 -0.99999999989925881
    outer loop
      vertex -1 -0.60000000000000009 -1
      vertex -0.66666666666666674 -0.55555555555555558 -1
      vertex -0.85974895397489537 -0.99846510454468473 -0.99999413051321762
    endloop
  endfacet
  facet normal -0.0054422979905917141 -0.0019303004607222375 -0.99998332752737085
    outer loop
      vertex -1 -0.60000000000000009 -1
      vertex -0.85974895397489537 -0.99846510454468473 -0.99999413051321762
      vertex -0.99999706993204285 -0.73333333333333339 -0.99974263826068344
    endloop
  endfacet
  facet normal 0 -1.3252111622485082e-05 -0.9999999999121908
    outer loop
      vertex -0.66666666666666674 -0.55555555555555558 -1
      vertex -0.47358437935843795 -0.99846510454468473 -0.99999413051321762
      vertex -0.85974895397489537 -0.99846510454468473 -0.99999413051321762
    endloop
  endfacet
  facet normal -6.2425072527808953e-06 -1.5973474440939356e-05 -0.99999999985293953
    outer loop
      vertex -0.66666666666666674 -0.55555555555555558 -1
      vertex -0.27999999999999997 -0.70666666666666667 -1
      vertex -0.47358437935843795 -0.99846510454468473 -0.99999413051321762
    endloop
  endfacet
  facet normal 0.70450385350658362 0.0013853517326246302 -0.70969881019693914
    outer loop
      vertex 0.999486345444068 -0.47031479847013818 -0.99999647516816448
      vertex 0.99999706993204274 -0.60000000000000009 -0.99974263826068366
      vertex 1 -0.73333333333333339 -1
    endloop
  endfacet
  facet normal -6.0383074401401602e-21 1.3401457950629735e-05 -0.9999999999102005
    outer loop
      vertex 0.999486345444068 -0.47031479847013818 -0.99999647516816448
      vertex 1 -0.73333333333333339 -1
      vertex 0.7333333333333335 -0.7333333333333335 -1
    endloop
  endfacet
  facet normal 0.001855688428674832 0.001930165346200448 -0.99999641543467155
    outer loop
      vertex -0.99999706993204285 -0.73333333333333339 -0.99974263826068344
      vertex -0.85974895397489537 -0.99846510454468473 -0.99999413051321762
      vertex -1 -0.8666666666666667 -1
    endloop
  endfacet
  facet normal 1.6522242239268009e-06 -1.1565569567487595e-05 -0.99999999993175381
    outer loop
      vertex -0.27999999999999997 -0.70666666666666667 -1
      vertex 0 -0.66666666666666663 -1
      vertex -0.19635186819652831 -0.999486345444068 -0.99999647516816448
    endloop
  endfacet
  facet normal -9.5438273472703187e-21 -1.0590815567975166e-05 -0.99999999994391731
    outer loop
      vertex 0 -0.66666666666666663 -1
      vertex 0.070314798470138259 -0.99948634544406822 -0.99999647516816448
      vertex -0.19635186819652831 -0.999486345444068 -0.99999647516816448
    endloop
  endfacet
  facet normal -9.2452630269165684e-07 -1.0786140198069284e-05 -0.99999999994140221
    outer loop
      vertex 0 -0.66666666666666663 -1
      vertex 0.33333333333333331 -0.69523809523809532 -1
      vertex 0.070314798470138259 -0.99948634544406822 -0.99999647516816448
    endloop
  endfacet
  facet normal -8.656026581634826e-05 -0.00090888279107165508 -0.99999958321960936
    outer loop
      vertex 0.33333333333333331 -0.69523809523809532 -1
      vertex 0.7333333333333335 -0.7333333333333335 -1
      vertex 0.47324317157252699 -0.9999399812134987 -0.99973517222184316
    endloop
  endfacet
  facet normal 0 0 -1
    outer loop
      vertex 0.7333333333333335 -0.7333333333333335 -1
      vertex 1 -0.73333333333333339 -1
      vertex 1 -0.8666666666666667 -1
    endloop
  endfacet
  facet normal 4.1849860971399045e-05 0 -0.9999999991242946
    outer loop
      vertex -1 -0.8666666666666667 -1
      vertex -0.85974895397489537 -0.99846510454468473 -0.99999413051321762
      vertex -1 -1 -1
    endloop
  endfacet
  facet normal 0 -0.16199481185897077 -0.98679160967793833
    outer loop
      vertex -0.85974895397489537 -0.99846510454468473 -0.99999413051321762
      vertex -0.47358437935843795 -0.99846510454468473 -0.99999413051321762
      vertex -0.59999999999999998 -0.99999706993204274 -0.99974263826068366
    endloop
  endfacet
  facet normal 0.0019016924501573209 0.16039992108682061 -0.98705027677477852
    outer loop
      vertex -0.85974895397489537 -0.99846510454468473 -0.99999413051321762
      vertex -0.59999999999999998 -0.99999706993204274 -0.99974263826068366
      vertex -0.73333333333333339 -1 -1
    endloop
  endfacet
  facet normal -4.1766753374410775e-05 7.5939551589837905e-06 -0.99999999909893511
    outer loop
      vertex -0.47358437935843795 -0.99846510454468473 -0.99999413051321762
      vertex -0.27999999999999997 -0.70666666666666667 -1
      vertex -0.33333333333333337 -1 -1
    endloop
  endfacet
  facet normal 2.574973660438037e-05 -4.6817702917055273e-06 -0.99999999965751607
    outer loop
      vertex -0.27999999999999997 -0.70666666666666667 -1
      vertex -0.19635186819652831 -0.999486345444068 -0.99999647516816448
      vertex -0.33333333333333337 -1 -1
    endloop
  endfacet
  facet normal 5.713845928272388e-18 0.0068620998382453178 -0.99997645551573366
    outer loop
      vertex -0.19635186819652831 -0.999486345444068 -0.99999647516816448
      vertex 0.070314798470138259 -0.99948634544406822 -0.99999647516816448
      vertex -0.066666666666666652 -1 -1
    endloop
  endfacet
  facet normal -1.3401457950629745e-05 1.3208797525306605e-21 -0.99999999991020039
    outer loop
      vertex 0.070314798470138259 -0.99948634544406822 -0.99999647516816448
      vertex 0.33333333333333331 -0.69523809523809532 -1
      vertex 0.33333333333333326 -1 -1
    endloop
  endfacet
  facet normal 0 0.0068620998382468408 -0.99997645551573344
    outer loop
      vertex 0.070314798470138259 -0.99948634544406822 -0.99999647516816448
      vertex 0.33333333333333326 -1 -1
      vertex 0.19999999999999996 -1 -1
    endloop
  endfacet
  facet normal 0.0018928426125698063 -3.447736442171822e-19 -0.99999820857181743
    outer loop
      vertex 0.33333333333333331 -0.69523809523809532 -1
      vertex 0.47324317157252699 -0.9999399812134987 -0.99973517222184316
      vertex 0.33333333333333326 -1 -1
    endloop
  endfacet
  facet normal -2.8917405347717554e-05 -0.00096511667702376552 -0.99999953385668294
    outer loop
      vertex 0.47324317157252699 -0.9999399812134987 -0.99973517222184316
      vertex 0.7333333333333335 -0.7333333333333335 -1
      vertex 0.73333333333333339 -0.99999706993204285 -0.99974263826068366
    endloop
  endfacet
  facet normal 0.00021433513894550423 0.99248801479098236 -0.12234171225180397
    outer loop
      vertex 0.47324317157252699 -0.9999399812134987 -0.99973517222184316
      vertex 0.73333333333333339 -0.99999706993204285 -0.99974263826068366
      vertex 0.60000000000000009 -1 -1
    endloop
  endfacet
  facet normal -0.0019302297590321315 -0.00096511487951606533 -0.99999767138046203
    outer loop
      vertex 0.7333333333333335 -0.7333333333333335 -1
      vertex 0.8666666666666667 -1 -1
      vertex 0.73333333333333339 -0.99999706993204285 -0.99974263826068366
    endloop
  endfacet
  facet normal 0 0 -1
    outer loop
      vertex 0.7333333333333335 -0.7333333333333335 -1
      vertex 1 -0.8666666666666667 -1
      vertex 1 -1 -1
    endloop
  endfacet
  facet normal 0 0 -1
    outer loop
      vertex 0.7333333333333335 -0.7333333333333335 -1
      vertex 1 -1 -1
      vertex 0.8666666666666667 -1 -1
    endloop
  endfacet
  facet normal 0.9999999991242946 -0 4.1849860970607449e-05
    outer loop
      vertex 1 -1 -1
      vertex 1 -0.8666666666666667 -1
      vertex 0.99999413051321773 -0.99846510454468451 -0.85974895397489537
    endloop
  endfacet
  facet normal 0.9999999991242946 -0 4.1849860970607449e-05
    outer loop
      vertex 1 -0.8666666666666667 -1
      vertex 1 -0.73333333333333339 -1
      vertex 0.99999413051321773 -0.99846510454468451 -0.85974895397489537
    endloop
  endfacet
  facet normal 0.99999999631012859 2.1815129417939548e-05 8.3089367193114717e-05
    outer loop
      vertex 1 -0.73333333333333339 -1
      vertex 0.99999706993204274 -0.60000000000000009 -0.99974263826068366
      vertex 0.99999413051321773 -0.99846510454468451 -0.85974895397489537
    endloop
  endfacet
  facet normal 0.9999643279202749 0.0039234050903973828 -0.0074799585192484421
    outer loop
      vertex 0.99999706993204274 -0.60000000000000009 -0.99974263826068366
      vertex 0.999486345444068 -0.47031479847013818 -0.99999647516816448
      vertex 1 -0.23809523809523811 -0.80952380952380965
    endloop
  endfacet
  facet normal 0.99999121216706111 -0.0037497294464307719 0.001874864723215386
    outer loop
      vertex 0.999486345444068 -0.47031479847013818 -0.99999647516816448
      vertex 1 -0.33333333333333326 -1
      vertex 1 -0.23809523809523811 -0.80952380952380965
    endloop
  endfacet
  facet normal 1 0 0
    outer loop
      vertex 1 -0.33333333333333326 -1
      vertex 1 -0.19999999999999996 -1
      vertex 1 -0.23809523809523811 -0.80952380952380965
    endloop
  endfacet
  facet normal 0.9999918425437293 0.0039607261860187841 0.00079214523720375855
    outer loop
      vertex 1 -0.19999999999999996 -1
      vertex 0.99948634544406822 -0.070314798470138259 -0.99999647516816448
      vertex 1 -0.23809523809523811 -0.80952380952380965
    endloop
  endfacet
  facet normal 0.99997526382272361 -0.0037172633227793624 -0.0059710716009161368
    outer loop
      vertex 0.99948634544406822 -0.070314798470138259 -0.99999647516816448
      vertex 0.99999706993204285 0.066666666666666638 -0.99974263826068344
      vertex 1 -0.23809523809523811 -0.80952380952380965
    endloop
  endfacet
  facet normal 0.99999086817638427 0.0039348867092466192 -0.0016674022989125027
    outer loop
      vertex 0.99999706993204285 0.066666666666666638 -0.99974263826068344
      vertex 0.999486345444068 0.19635186819652831 -0.99999647516816448
      vertex 1 0.19999999999999996 -0.68333333333333335
    endloop
  endfacet
  facet normal 0.9999917229719647 -0.003749820234022142 -0.0015788716774830082
    outer loop
      vertex 0.999486345444068 0.19635186819652831 -0.99999647516816448
      vertex 1 0.33333333333333337 -1
      vertex 1 0.19999999999999996 -0.68333333333333335
    endloop
  endfacet
  facet normal 0.9999889794607385 0.0039608048837009241 -0.0025205121987187697
    outer loop
      vertex 1 0.33333333333333337 -1
      vertex 0.99948634544406822 0.463018534863195 -0.99999647516816448
      vertex 1 0.48888888888888887 -0.75555555555555565
    endloop
  endfacet
  facet normal 1 0 -0
    outer loop
      vertex 1 0.33333333333333337 -1
      vertex 1 0.48888888888888887 -0.75555555555555565
      vertex 1 0.19999999999999996 -0.68333333333333335
    endloop
  endfacet
  facet normal 0.9999964383509139 -0.0018710052163614685 -0.0019033194600995334
    outer loop
      vertex 0.99948634544406822 0.463018534863195 -0.99999647516816448
      vertex 0.99974263826068344 0.59999999999999998 -0.99999706993204274
      vertex 1 0.48888888888888887 -0.75555555555555565
    endloop
  endfacet
  facet normal 0.99999634583392805 -0.001904569463400388 -0.0019185760214953447
    outer loop
      vertex 0.99974263826068344 0.59999999999999998 -0.99999706993204274
      vertex 0.99999706993204285 0.73333333333333339 -0.99974263826068344
      vertex 1 0.48888888888888887 -0.75555555555555565
    endloop
  endfacet
  facet normal 0.9999999986582736 -2.1884881989294752e-05 4.6952153857229481e-05
    outer loop
      vertex 0.99999706993204285 0.73333333333333339 -0.99974263826068344
      vertex 1 0.8666666666666667 -1
      vertex 0.99999647516816448 0.999486345444068 -0.86301853486319502
    endloop
  endfacet
  facet normal 0.99999999966892739 -0 2.5732180852603777e-05
    outer loop
      vertex 1 0.8666666666666667 -1
      vertex 1 1 -1
      vertex 0.99999647516816448 0.999486345444068 -0.86301853486319502
    endloop
  endfacet
  facet normal 0.99999999993073785 -9.7124312028307367e-06 -6.6477719660047708e-06
    outer loop
      vertex 0.99999413051321773 -0.99846510454468451 -0.85974895397489537
      vertex 0.99999706993204274 -0.60000000000000009 -0.99974263826068366
      vertex 1 -0.58333333333333337 -0.58333333333333326
    endloop
  endfacet
  facet normal 0.99999999996640232 -4.4923241616582116e-06 -6.8567052993730526e-06
    outer loop
      vertex 0.99999706993204274 -0.60000000000000009 -0.99974263826068366
      vertex 1 -0.23809523809523811 -0.80952380952380965
      vertex 1 -0.58333333333333337 -0.58333333333333326
    endloop
  endfacet
  facet normal 0.99999999993984934 3.0358860306056416e-06 -1.0539679804366747e-05
    outer loop
      vertex 1 -0.23809523809523811 -0.80952380952380965
      vertex 0.99999706993204285 0.066666666666666638 -0.99974263826068344
      vertex 1 0.19999999999999996 -0.68333333333333335
    endloop
  endfacet
  facet normal 0.99999999996387989 5.596908856611344e-06 -6.3964672646986814e-06
    outer loop
      vertex 1 0.48888888888888887 -0.75555555555555565
      vertex 0.99999706993204285 0.73333333333333339 -0.99974263826068344
      vertex 1 0.66666666666666674 -0.60000000000000009
    endloop
  endfacet
  facet normal 0.99999999996419586 5.5265898854647697e-06 -6.4081946386688318e-06
    outer loop
      vertex 0.99999706993204285 0.73333333333333339 -0.99974263826068344
      vertex 0.99999647516816448 0.999486345444068 -0.86301853486319502
      vertex 1 0.66666666666666674 -0.60000000000000009
    endloop
  endfacet
  facet normal 0.99999999974482645 8.9156184705919802e-07 -2.2573262737493263e-05
    outer loop
      vertex 0.99999413051321773 -0.99846510454468451 -0.85974895397489537
      vertex 1 -0.58333333333333337 -0.58333333333333326
      vertex 0.99999706993204285 -0.99974263826068344 -0.72958257713248653
    endloop
  endfacet
  facet normal 1 -0 0
    outer loop
      vertex 1 -0.58333333333333337 -0.58333333333333326
      vertex 1 -0.23809523809523811 -0.80952380952380965
      vertex 1 -0.26666666666666666 -0.53333333333333333
    endloop
  endfacet
  facet normal 1 0 -0
    outer loop
      vertex 1 -0.23809523809523811 -0.80952380952380965
      vertex 1 -0.04444444444444446 -0.42222222222222217
      vertex 1 -0.26666666666666666 -0.53333333333333333
    endloop
  endfacet
  facet normal 1 0 0
    outer loop
      vertex 1 -0.23809523809523811 -0.80952380952380965
      vertex 1 0.19999999999999996 -0.68333333333333335
      vertex 1 -0.04444444444444446 -0.42222222222222217
    endloop
  endfacet
  facet normal 0.99999999995873023 8.7969959015912308e-06 -2.2698722944116162e-06
    outer loop
      vertex 1 0.66666666666666674 -0.60000000000000009
      vertex 0.99999647516816448 0.999486345444068 -0.86301853486319502
      vertex 0.99999706993204285 0.99974263826068344 -0.59999999999999998
    endloop
  endfacet
  facet normal 0.83170899466577308 0.55521153937689827 -0.00054289481836673216
    outer loop
      vertex 0.99999647516816448 0.999486345444068 -0.86301853486319502
      vertex 0.99974263826068344 0.99999706993204274 -0.72958257713248642
      vertex 0.99999706993204285 0.99974263826068344 -0.59999999999999998
    endloop
  endfacet
  facet normal 0.99999381211215821 -0.002922852879955971 0.0019577202138988947
    outer loop
      vertex 0.99974263826068344 -0.99999706993204274 -0.59999999999999998
      vertex 0.99999706993204285 -0.99974263826068344 -0.72958257713248653
      vertex 1 -0.73333333333333339 -0.33333333333333331
    endloop
  endfacet
  facet normal 0.99999767148280472 0.00096509367095732853 -0.0019301873419146562
    outer loop
      vertex 0.99974263826068344 -0.99999706993204274 -0.59999999999999998
      vertex 1 -0.73333333333333339 -0.33333333333333331
      vertex 1 -1 -0.46666666666666667
    endloop
  endfacet
  facet normal 0.99999999997703182 -5.8117951317740189e-06 -3.4870770790644131e-06
    outer loop
      vertex 0.99999706993204285 -0.99974263826068344 -0.72958257713248653
      vertex 1 -0.58333333333333337 -0.58333333333333326
      vertex 1 -0.73333333333333339 -0.33333333333333331
    endloop
  endfacet
  facet normal 1 -0 0
    outer loop
      vertex 1 0.19999999999999996 -0.68333333333333335
      vertex 1 0.48888888888888887 -0.75555555555555565
      vertex 1 0.39999999999999991 -0.39999999999999997
    endloop
  endfacet
  facet normal 1 0 -0
    outer loop
      vertex 1 0.48888888888888887 -0.75555555555555565
      vertex 1 0.66666666666666674 -0.60000000000000009
      vertex 1 0.39999999999999991 -0.39999999999999997
    endloop
  endfacet
  facet normal 0.99999999995842825 8.7969959015885762e-06 -2.3991807004332418e-06
    outer loop
      vertex 1 0.66666666666666674 -0.60000000000000009
      vertex 0.99999706993204285 0.99974263826068344 -0.59999999999999998
      vertex 1 0.73333333333333328 -0.35555555555555551
    endloop
  endfacet
  facet normal 0.99999999971707343 -9.1491041467706583e-06 -2.1957849952249573e-05
    outer loop
      vertex 0.99999706993204285 0.99974263826068344 -0.59999999999999998
      vertex 1 1 -0.46666666666666667
      vertex 1 0.73333333333333328 -0.35555555555555551
    endloop
  endfacet
  facet normal 1 0 0
    outer loop
      vertex 1 -1 -0.46666666666666667
      vertex 1 -0.73333333333333339 -0.33333333333333331
      vertex 1 -1 -0.33333333333333337
    endloop
  endfacet
  facet normal 1 0 -0
    outer loop
      vertex 1 -0.58333333333333337 -0.58333333333333326
      vertex 1 -0.38666666666666671 -0.22666666666666671
      vertex 1 -0.73333333333333339 -0.33333333333333331
    endloop
  endfacet
  facet normal 1 0 0
    outer loop
      vertex 1 -0.58333333333333337 -0.58333333333333326
      vertex 1 -0.26666666666666666 -0.53333333333333333
      vertex 1 -0.38666666666666671 -0.22666666666666671
    endloop
  endfacet
  facet normal 1 0 -0
    outer loop
      vertex 1 -0.26666666666666666 -0.53333333333333333
      vertex 1 -0.04444444444444446 -0.42222222222222217
      vertex 1 -0.38666666666666671 -0.22666666666666671
    endloop
  endfacet
  facet normal 1 -0 0
    outer loop
      vertex 1 -0.04444444444444446 -0.42222222222222217
      vertex 1 0.19999999999999996 -0.68333333333333335
      vertex 1 0.1333333333333333 -0.19999999999999998
    endloop
  endfacet
  facet normal 1 0 -0
    outer loop
      vertex 1 0.19999999999999996 -0.68333333333333335
      vertex 1 0.39999999999999991 -0.39999999999999997
      vertex 1 0.1333333333333333 -0.19999999999999998
    endloop
  endfacet
  facet normal 1 -0 0
    outer loop
      vertex 1 0.39999999999999991 -0.39999999999999997
      vertex 1 0.66666666666666674 -0.60000000000000009
      vertex 1 0.73333333333333328 -0.35555555555555551
    endloop
  endfacet
  facet normal 1 -0 0
    outer loop
      vertex 1 0.73333333333333328 -0.35555555555555551
      vertex 1 1 -0.46666666666666667
      vertex 1 1 -0.33333333333333337
    endloop
  endfacet
  facet normal 0.99999999974469311 -4.7038972152452186e-21 2.259676772881864e-05
    outer loop
      vertex 1 -1 -0.33333333333333337
      vertex 1 -0.73333333333333339 -0.33333333333333331
      vertex 0.99999413051321773 -0.99846510454468451 -0.073584379358437924
    endloop
  endfacet
  facet normal 0.99999268847618661 0.0038240023755715846 -0
    outer loop
      vertex 1 -1 -0.33333333333333337
      vertex 0.99999413051321773 -0.99846510454468451 -0.073584379358437924
      vertex 1 -1 -0.19999999999999996
    endloop
  endfacet
  facet normal 1 -0 0
    outer loop
      vertex 1 -0.38666666666666671 -0.22666666666666671
      vertex 1 -0.04444444444444446 -0.42222222222222217
      vertex 1 -0.1333333333333333 -0.066666666666666693
    endloop
  endfacet
  facet normal 1 0 -0
    outer loop
      vertex 1 -0.04444444444444446 -0.42222222222222217
      vertex 1 0.1333333333333333 -0.19999999999999998
      vertex 1 -0.1333333333333333 -0.066666666666666693
    endloop
  endfacet
  facet normal 1 -0 0
    outer loop
      vertex 1 0.1333333333333333 -0.19999999999999998
      vertex 1 0.39999999999999991 -0.39999999999999997
      vertex 1 0.37777777777777771 -0.088888888888888878
    endloop
  endfacet
  facet normal 1 0 -0
    outer loop
      vertex 1 0.39999999999999991 -0.39999999999999997
      vertex 1 0.73333333333333328 -0.35555555555555551
      vertex 1 0.37777777777777771 -0.088888888888888878
    endloop
  endfacet
  facet normal 0.99999999990663069 1.3648457936290547e-05 -6.7678303816317329e-07
    outer loop
      vertex 1 0.73333333333333328 -0.35555555555555551
      vertex 0.99999647516816448 0.999486345444068 -0.19635186819652831
      vertex 1 0.75238095238095248 0.028571428571428529
    endloop
  endfacet
  facet normal 0.9999999996668365 -2.1436785386624452e-06 2.572414246394944e-05
    outer loop
      vertex 1 0.73333333333333328 -0.35555555555555551
      vertex 1 1 -0.33333333333333337
      vertex 0.99999647516816448 0.999486345444068 -0.19635186819652831
    endloop
  endfacet
  facet normal 0.99999999986521504 -1.4386219298240524e-05 7.9124206140322951e-06
    outer loop
      vertex 0.99999413051321773 -0.99846510454468451 -0.073584379358437924
      vertex 1 -0.73333333333333339 -0.33333333333333331
      vertex 1 -0.52380952380952372 0.047619047619047596
    endloop
  endfacet
  facet normal 1 0 0
    outer loop
      vertex 1 -0.73333333333333339 -0.33333333333333331
      vertex 1 -0.38666666666666671 -0.22666666666666671
      vertex 1 -0.52380952380952372 0.047619047619047596
    endloop
  endfacet
  facet normal 1 -0 0
    outer loop
      vertex 1 0.37777777777777771 -0.088888888888888878
      vertex 1 0.73333333333333328 -0.35555555555555551
      vertex 1 0.75238095238095248 0.028571428571428529
    endloop
  endfacet
  facet normal 0.99999999983276766 -8.1903288194754063e-06 -1.6351860244342743e-05
    outer loop
      vertex 0.99999413051321773 -0.99846510454468451 -0.073584379358437924
      vertex 1 -0.52380952380952372 0.047619047619047596
      vertex 0.99999647516816448 -0.999486345444068 0.070314798470138259
    endloop
  endfacet
  facet normal 1 0 -0
    outer loop
      vertex 1 -0.38666666666666671 -0.22666666666666671
      vertex 1 -0.1333333333333333 -0.066666666666666693
      vertex 1 -0.52380952380952372 0.047619047619047596
    endloop
  endfacet
  facet normal 1 -0 0
    outer loop
      vertex 1 -0.1333333333333333 -0.066666666666666693
      vertex 1 0.1333333333333333 -0.19999999999999998
      vertex 1 0.16190476190476186 0.14285714285714282
    endloop
  endfacet
  facet normal 1 0 0
    outer loop
      vertex 1 0.1333333333333333 -0.19999999999999998
      vertex 1 0.37777777777777771 -0.088888888888888878
      vertex 1 0.16190476190476186 0.14285714285714282
    endloop
  endfacet
  facet normal 1 0 0
    outer loop
      vertex 1 0.37777777777777771 -0.088888888888888878
      vertex 1 0.75238095238095248 0.028571428571428529
      vertex 1 0.59999999999999998 0.29999999999999993
    endloop
  endfacet
  facet normal 0.99997645551573366 -0.0068620998382438745 0
    outer loop
      vertex 0.99999647516816448 0.999486345444068 -0.19635186819652831
      vertex 1 1 -0.066666666666666652
      vertex 1 1 0.066666666666666652
    endloop
  endfacet
  facet normal 0.9999999999080198 2.062382403318601e-06 -1.3405485621570899e-05
    outer loop
      vertex 0.99999647516816448 0.999486345444068 -0.19635186819652831
      vertex 1 1 0.066666666666666652
      vertex 1 0.75238095238095248 0.028571428571428529
    endloop
  endfacet
  facet normal 0.99999999996398325 -7.5912386341048098e-06 -3.795619317052407e-06
    outer loop
      vertex 0.99999647516816448 -0.999486345444068 0.070314798470138259
      vertex 1 -0.52380952380952372 0.047619047619047596
      vertex 1 -0.69999999999999996 0.39999999999999991
    endloop
  endfacet
  facet normal 1 -0 0
    outer loop
      vertex 1 -0.52380952380952372 0.047619047619047596
      vertex 1 -0.1333333333333333 -0.066666666666666693
      vertex 1 -0.22666666666666666 0.27999999999999992
    endloop
  endfacet
  facet normal 1 0 -0
    outer loop
      vertex 1 -0.1333333333333333 -0.066666666666666693
      vertex 1 0.16190476190476186 0.14285714285714282
      vertex 1 -0.22666666666666666 0.27999999999999992
    endloop
  endfacet
  facet normal 1 -0 0
    outer loop
      vertex 1 0.16190476190476186 0.14285714285714282
      vertex 1 0.37777777777777771 -0.088888888888888878
      vertex 1 0.59999999999999998 0.29999999999999993
    endloop
  endfacet
  facet normal 1 0 0
    outer loop
      vertex 1 0.75238095238095248 0.028571428571428529
      vertex 1 1 0.066666666666666652
      vertex 1 1 0.19999999999999996
    endloop
  endfacet
  facet normal 0.99997645551573411 0.006862099838172501 -2.8270576967199734e-16
    outer loop
      vertex 1 -1 0.19999999999999996
      vertex 0.99999647516816448 -0.999486345444068 0.070314798470138259
      vertex 0.99999647516816459 -0.999486345444068 0.46301853486319494
    endloop
  endfacet
  facet normal 0.7096988101968621 -0.70450385350666145 0.0013853517326244827
    outer loop
      vertex 1 -1 0.19999999999999996
      vertex 0.99999647516816459 -0.999486345444068 0.46301853486319494
      vertex 0.99974263826068366 -0.99999706993204274 0.33333333333333326
    endloop
  endfacet
  facet normal 0.9999999999307384 -1.1769591130968055e-05 -2.8271262065025019e-16
    outer loop
      vertex 0.99999647516816448 -0.999486345444068 0.070314798470138259
      vertex 1 -0.69999999999999996 0.39999999999999991
      vertex 0.99999647516816459 -0.999486345444068 0.46301853486319494
    endloop
  endfacet
  facet normal 1 -0 0
    outer loop
      vertex 1 -0.69999999999999996 0.39999999999999991
      vertex 1 -0.52380952380952372 0.047619047619047596
      vertex 1 -0.3833333333333333 0.51666666666666661
    endloop
  endfacet
  facet normal 1 0 0
    outer loop
      vertex 1 -0.52380952380952372 0.047619047619047596
      vertex 1 -0.22666666666666666 0.27999999999999992
      vertex 1 -0.3833333333333333 0.51666666666666661
    endloop
  endfacet
  facet normal 1 0 0
    outer loop
      vertex 1 0.16190476190476186 0.14285714285714282
      vertex 1 0 0.46666666666666662
      vertex 1 -0.22666666666666666 0.27999999999999992
    endloop
  endfacet
  facet normal 1 0 -0
    outer loop
      vertex 1 0.16190476190476186 0.14285714285714282
      vertex 1 0.31111111111111101 0.44444444444444436
      vertex 1 0 0.46666666666666662
    endloop
  endfacet
  facet normal 1 0 0
    outer loop
      vertex 1 0.16190476190476186 0.14285714285714282
      vertex 1 0.59999999999999998 0.29999999999999993
      vertex 1 0.31111111111111101 0.44444444444444436
    endloop
  endfacet
  facet normal 0.99999999996611111 7.1788028258909052e-06 4.0302050952370027e-06
    outer loop
      vertex 1 0.75238095238095248 0.028571428571428529
      vertex 0.99999647516816448 0.99948634544406822 0.46301853486319494
      vertex 1 0.59999999999999998 0.29999999999999993
    endloop
  endfacet
  facet normal 1 0 0
    outer loop
      vertex 1 0.75238095238095248 0.028571428571428529
      vertex 1 1 0.19999999999999996
      vertex 1 1 0.33333333333333326
    endloop
  endfacet
  facet normal 0.99999999908009218 -3.3289912454993405e-05 2.7048053869682138e-05
    outer loop
      vertex 1 0.75238095238095248 0.028571428571428529
      vertex 1 1 0.33333333333333326
      vertex 0.99999647516816448 0.99948634544406822 0.46301853486319494
    endloop
  endfacet
  facet normal 1 0 -0
    outer loop
      vertex 1 -0.22666666666666666 0.27999999999999992
      vertex 1 0 0.46666666666666662
      vertex 1 -0.3833333333333333 0.51666666666666661
    endloop
  endfacet
  facet normal 0.99999999951938412 -1.7197779509730214e-05 -2.5796669264595307e-05
    outer loop
      vertex 0.99999647516816459 -0.999486345444068 0.46301853486319494
      vertex 1 -0.69999999999999996 0.39999999999999991
      vertex 1 -1 0.60000000000000009
    endloop
  endfacet
  facet normal 1 -0 0
    outer loop
      vertex 1 0 0.46666666666666662
      vertex 1 0.31111111111111101 0.44444444444444436
      vertex 1 0.16190476190476183 0.73333333333333328
    endloop
  endfacet
  facet normal 1 -0 0
    outer loop
      vertex 1 0.31111111111111101 0.44444444444444436
      vertex 1 0.59999999999999998 0.29999999999999993
      vertex 1 0.67999999999999994 0.70666666666666667
    endloop
  endfacet
  facet normal 1 0 0
    outer loop
      vertex 1 0.31111111111111101 0.44444444444444436
      vertex 1 0.67999999999999994 0.70666666666666667
      vertex 1 0.49999999999999994 0.76666666666666672
    endloop
  endfacet
  facet normal 0.99999999996107369 8.8234100507119235e-06 -7.8945143215883174e-16
    outer loop
      vertex 1 0.59999999999999998 0.29999999999999993
      vertex 0.99999647516816448 0.99948634544406822 0.46301853486319494
      vertex 0.99999647516816459 0.999486345444068 0.60364813180347154
    endloop
  endfacet
  facet normal 0.99999999994409994 1.0374711143678612e-05 -2.0409267823630042e-06
    outer loop
      vertex 1 0.59999999999999998 0.29999999999999993
      vertex 0.99999647516816459 0.999486345444068 0.60364813180347154
      vertex 1 0.67999999999999994 0.70666666666666667
    endloop
  endfacet
  facet normal 1 -0 0
    outer loop
      vertex 1 -1 0.60000000000000009
      vertex 1 -0.69999999999999996 0.39999999999999991
      vertex 1 -0.73333333333333328 0.80000000000000004
    endloop
  endfacet
  facet normal 1 0 0
    outer loop
      vertex 1 -1 0.60000000000000009
      vertex 1 -0.73333333333333328 0.80000000000000004
      vertex 1 -1 0.73333333333333339
    endloop
  endfacet
  facet normal 1 0 -0
    outer loop
      vertex 1 -0.69999999999999996 0.39999999999999991
      vertex 1 -0.3833333333333333 0.51666666666666661
      vertex 1 -0.73333333333333328 0.80000000000000004
    endloop
  endfacet
  facet normal 1 0 -0
    outer loop
      vertex 1 -0.3833333333333333 0.51666666666666661
      vertex 1 -0.26666666666666661 0.80000000000000004
      vertex 1 -0.73333333333333328 0.80000000000000004
    endloop
  endfacet
  facet normal 1 -0 0
    outer loop
      vertex 1 -0.3833333333333333 0.51666666666666661
      vertex 1 0 0.46666666666666662
      vertex 1 -0.26666666666666661 0.80000000000000004
    endloop
  endfacet
  facet normal 1 0 -0
    outer loop
      vertex 1 0 0.46666666666666662
      vertex 1 0.16190476190476183 0.73333333333333328
      vertex 1 -0.26666666666666661 0.80000000000000004
    endloop
  endfacet
  facet normal 1 0 -0
    outer loop
      vertex 1 0.31111111111111101 0.44444444444444436
      vertex 1 0.49999999999999994 0.76666666666666672
      vertex 1 0.16190476190476183 0.73333333333333328
    endloop
  endfacet
  facet normal 1 0 0
    outer loop
      vertex 1 -1 0.73333333333333339
      vertex 1 -0.73333333333333328 0.80000000000000004
      vertex 1 -1 0.8666666666666667
    endloop
  endfacet
  facet normal 0.99999999993037614 -1.1577987851156002e-06 1.1743387677601053e-05
    outer loop
      vertex 1 0.16190476190476183 0.73333333333333328
      vertex 1 0.49999999999999994 0.76666666666666672
      vertex 0.99999706993204285 0.33333333333333326 0.99974263826068344
    endloop
  endfacet
  facet normal 0.9999999999270186 1.182747407307479e-05 2.4644558634489393e-06
    outer loop
      vertex 1 0.67999999999999994 0.70666666666666667
      vertex 0.99999647516816459 0.999486345444068 0.60364813180347154
      vertex 0.99999706993204285 0.8666666666666667 0.99974263826068344
    endloop
  endfacet
  facet normal 0.99997645551573511 -0.0068620998380277461 0
    outer loop
      vertex 0.99999647516816459 0.999486345444068 0.60364813180347154
      vertex 1 1 0.73333333333333339
      vertex 1 1 0.8666666666666667
    endloop
  endfacet
  facet normal 0.99999999928869998 -3.5282329314548855e-05 -1.3332554321813449e-05
    outer loop
      vertex 0.99999647516816459 0.999486345444068 0.60364813180347154
      vertex 1 1 0.8666666666666667
      vertex 0.99999706993204285 0.8666666666666667 0.99974263826068344
    endloop
  endfacet
  facet normal 1 -0 0
    outer loop
      vertex 1 -1 0.8666666666666667
      vertex 1 -0.73333333333333328 0.80000000000000004
      vertex 1 -0.8666666666666667 1
    endloop
  endfacet
  facet normal 1 0 0
    outer loop
      vertex 1 -1 0.8666666666666667
      vertex 1 -0.8666666666666667 1
      vertex 1 -1 1
    endloop
  endfacet
  facet normal 1 0 0
    outer loop
      vertex 1 -0.73333333333333328 0.80000000000000004
      vertex 1 -0.73333333333333339 1
      vertex 1 -0.8666666666666667 1
    endloop
  endfacet
  facet normal 0.99999813714400598 0.0019302094491636227 1.0714814864052475e-18
    outer loop
      vertex 1 -0.73333333333333328 0.80000000000000004
      vertex 0.99974263826068366 -0.59999999999999998 0.99999706993204274
      vertex 1 -0.73333333333333339 1
    endloop
  endfacet
  facet normal 0.99999670188752854 -0 0.0025683095735031321
    outer loop
      vertex 1 -0.73333333333333328 0.80000000000000004
      vertex 1 -0.26666666666666661 0.80000000000000004
      vertex 0.99948634544406822 -0.46301853486319505 0.99999647516816448
    endloop
  endfacet
  facet normal 0.99999824889793765 0.0018710005112145104 3.9473347403292026e-05
    outer loop
      vertex 1 -0.73333333333333328 0.80000000000000004
      vertex 0.99948634544406822 -0.46301853486319505 0.99999647516816448
      vertex 0.99974263826068366 -0.59999999999999998 0.99999706993204274
    endloop
  endfacet
  facet normal 0.99999128483939936 -0.0039607096236015998 -0.0013202365412005354
    outer loop
      vertex 1 -0.26666666666666661 0.80000000000000004
      vertex 1 -0.33333333333333337 1
      vertex 0.99948634544406822 -0.46301853486319505 0.99999647516816448
    endloop
  endfacet
  facet normal 0.99999218824649172 0.003749813514526852 0.0012499378381756192
    outer loop
      vertex 1 -0.26666666666666661 0.80000000000000004
      vertex 0.99948634544406822 -0.19635186819652836 0.99999647516816448
      vertex 1 -0.33333333333333337 1
    endloop
  endfacet
  facet normal 0.99998431173795344 -0.0039608255434618253 0.0039608255434618253
    outer loop
      vertex 1 -0.26666666666666661 0.80000000000000004
      vertex 1 -0.066666666666666652 1
      vertex 0.99948634544406822 -0.19635186819652836 0.99999647516816448
    endloop
  endfacet
  facet normal 1 -0 0
    outer loop
      vertex 1 -0.26666666666666661 0.80000000000000004
      vertex 1 0.16190476190476183 0.73333333333333328
      vertex 1 0.066666666666666652 1
    endloop
  endfacet
  facet normal 1 0 0
    outer loop
      vertex 1 -0.26666666666666661 0.80000000000000004
      vertex 1 0.066666666666666652 1
      vertex 1 -0.066666666666666652 1
    endloop
  endfacet
  facet normal 0.99999115556034712 0.003960783443223777 0.001414565515437062
    outer loop
      vertex 1 0.16190476190476183 0.73333333333333328
      vertex 0.99948634544406822 0.19635186819652833 0.99999647516816448
      vertex 1 0.066666666666666652 1
    endloop
  endfacet
  facet normal 0.99999016869718771 -0.0037239229015561784 0.0024072613471574134
    outer loop
      vertex 1 0.16190476190476183 0.73333333333333328
      vertex 0.99999706993204285 0.33333333333333326 0.99974263826068344
      vertex 0.99948634544406822 0.19635186819652833 0.99999647516816448
    endloop
  endfacet
  facet normal 0.99990998484020477 0.010908030394521324 0.0078126237445529795
    outer loop
      vertex 0.99999706993204285 0.33333333333333326 0.99974263826068344
      vertex 1 0.49999999999999994 0.76666666666666672
      vertex 0.99846510454468473 0.47358437935843789 0.99999413051321762
    endloop
  endfacet
  facet normal 0.99991275943195579 -0.01214084210949804 0.0052032180469277411
    outer loop
      vertex 1 0.49999999999999994 0.76666666666666672
      vertex 1 0.60000000000000009 1
      vertex 0.99846510454468473 0.47358437935843789 0.99999413051321762
    endloop
  endfacet
  facet normal 1 -0 0
    outer loop
      vertex 1 0.49999999999999994 0.76666666666666672
      vertex 1 0.67999999999999994 0.70666666666666667
      vertex 1 0.73333333333333339 1
    endloop
  endfacet
  facet normal 1 0 0
    outer loop
      vertex 1 0.49999999999999994 0.76666666666666672
      vertex 1 0.73333333333333339 1
      vertex 1 0.60000000000000009 1
    endloop
  endfacet
  facet normal 0.99999999975073139 2.1967800121460123e-05 -3.9941454766291225e-06
    outer loop
      vertex 1 0.67999999999999994 0.70666666666666667
      vertex 0.99999706993204285 0.8666666666666667 0.99974263826068344
      vertex 1 0.73333333333333339 1
    endloop
  endfacet
  facet normal 0.99999999975853848 -2.1975509673333803e-05 0
    outer loop
      vertex 0.99999706993204285 0.8666666666666667 0.99974263826068344
      vertex 1 1 0.8666666666666667
      vertex 1 1 1
    endloop
  endfacet
  facet normal -0.99994012062238125 -0.010943259819150276 -1.5304512110269885e-05
    outer loop
      vertex -1 1 -1
      vertex -0.99846510454468473 0.85974895397489537 -0.99999413051321762
      vertex -0.99999647516816448 0.999486345444068 -0.86301853486319502
    endloop
  endfacet
  facet normal -0.99990787956990723 0.012140259437487984 0.0060701297187439919
    outer loop
      vertex -0.99846510454468473 0.85974895397489537 -0.99999413051321762
      vertex -1 0.73333333333333339 -1
      vertex -1 0.62666666666666682 -0.78666666666666685
    endloop
  endfacet
  facet normal -0.99995538973681597 -0.0018860021262805163 -0.0092553515477356279
    outer loop
      vertex -0.99846510454468473 0.85974895397489537 -0.99999413051321762
      vertex -1 0.62666666666666682 -0.78666666666666685
      vertex -0.99999647516816448 0.999486345444068 -0.86301853486319502
    endloop
  endfacet
  facet normal -0.99999767138046214 -0.0019302297590321309 -0.00096511487951606544
    outer loop
      vertex -1 0.73333333333333339 -1
      vertex -0.99974263826068366 0.59999999999999998 -0.99999706993204274
      vertex -1 0.62666666666666682 -0.78666666666666685
    endloop
  endfacet
  facet normal -0.99999545488938046 0.0019301533725158116 0.002316184047018974
    outer loop
      vertex -0.99974263826068366 0.59999999999999998 -0.99999706993204274
      vertex -1 0.46666666666666667 -1
      vertex -1 0.23809523809523811 -0.80952380952380953
    endloop
  endfacet
  facet normal -0.99999925892442088 7.1490308224078782e-05 -0.0012153352398093487
    outer loop
      vertex -0.99974263826068366 0.59999999999999998 -0.99999706993204274
      vertex -1 0.23809523809523811 -0.80952380952380953
      vertex -1 0.62666666666666682 -0.78666666666666685
    endloop
  endfacet
  facet normal -0.99992386333115368 -0.0078996664408772406 -0.0094795997290526898
    outer loop
      vertex -1 0.46666666666666667 -1
      vertex -0.99897473232116818 0.33688430698739985 -0.99999496465974835
      vertex -1 0.23809523809523811 -0.80952380952380953
    endloop
  endfacet
  facet normal -0.99997082855514208 0.0074898674337652866 -0.00149797348675306
    outer loop
      vertex -0.99897473232116818 0.33688430698739985 -0.99999496465974835
      vertex -1 0.19999999999999996 -1
      vertex -1 0.23809523809523811 -0.80952380952380953
    endloop
  endfacet
  facet normal -1 0 0
    outer loop
      vertex -1 0.19999999999999996 -1
      vertex -1 0.066666666666666652 -1
      vertex -1 0.23809523809523811 -0.80952380952380953
    endloop
  endfacet
  facet normal -0.99998593849305994 -0.0037498544074402148 -0.0037498544074402148
    outer loop
      vertex -1 0.066666666666666652 -1
      vertex -0.99948634544406822 -0.070314798470138259 -0.99999647516816448
      vertex -1 -0.1333333333333333 -0.80000000000000004
    endloop
  endfacet
  facet normal -1 0 0
    outer loop
      vertex -1 0.066666666666666652 -1
      vertex -1 -0.1333333333333333 -0.80000000000000004
      vertex -1 0.23809523809523811 -0.80952380952380953
    endloop
  endfacet
  facet normal -0.99999128452356145 0.0039607813908160766 -0.0013202604636053585
    outer loop
      vertex -0.99948634544406822 -0.070314798470138259 -0.99999647516816448
      vertex -1 -0.19999999999999996 -1
      vertex -1 -0.1333333333333333 -0.80000000000000004
    endloop
  endfacet
  facet normal -0.99999990648874615 -0.00041026850843464712 0.0001367561694782157
    outer loop
      vertex -1 -0.19999999999999996 -1
      vertex -0.99989341859845449 -0.45974895397489524 -0.99989341859845471
      vertex -1 -0.1333333333333333 -0.80000000000000004
    endloop
  endfacet
  facet normal -0.99999969332076066 0.00075978844400793953 0.00018994711100198494
    outer loop
      vertex -0.99989341859845449 -0.45974895397489524 -0.99989341859845471
      vertex -1 -0.60000000000000009 -1
      vertex -1 -0.66666666666666674 -0.73333333333333339
    endloop
  endfacet
  facet normal -0.99999999974319942 -2.1986119146492398e-05 -5.4965297866230995e-06
    outer loop
      vertex -1 -0.60000000000000009 -1
      vertex -0.99999706993204285 -0.73333333333333339 -0.99974263826068344
      vertex -1 -0.66666666666666674 -0.73333333333333339
    endloop
  endfacet
  facet normal -0.9999999986582736 2.1884881989294752e-05 4.6952153857229481e-05
    outer loop
      vertex -0.99999706993204285 -0.73333333333333339 -0.99974263826068344
      vertex -1 -0.8666666666666667 -1
      vertex -0.99999647516816448 -0.999486345444068 -0.86301853486319502
    endloop
  endfacet
  facet normal -0.99999999966892739 0 2.5732180852603777e-05
    outer loop
      vertex -1 -0.8666666666666667 -1
      vertex -1 -1 -1
      vertex -0.99999647516816448 -0.999486345444068 -0.86301853486319502
    endloop
  endfacet
  facet normal -0.99999994512080204 -0.00014372226520904791 -0.00029850008928033035
    outer loop
      vertex -1 -0.1333333333333333 -0.80000000000000004
      vertex -0.99989341859845449 -0.45974895397489524 -0.99989341859845471
      vertex -1 -0.4933333333333334 -0.62666666666666671
    endloop
  endfacet
  facet normal -0.99999994952885318 0.00016651317641828604 -0.00027058391167971476
    outer loop
      vertex -0.99989341859845449 -0.45974895397489524 -0.99989341859845471
      vertex -1 -0.66666666666666674 -0.73333333333333339
      vertex -1 -0.4933333333333334 -0.62666666666666671
    endloop
  endfacet
  facet normal -0.99999999993281286 -6.9864721226525832e-06 -9.2500641051194531e-06
    outer loop
      vertex -0.99999706993204285 -0.73333333333333339 -0.99974263826068344
      vertex -0.99999647516816448 -0.999486345444068 -0.86301853486319502
      vertex -1 -0.66666666666666674 -0.73333333333333339
    endloop
  endfacet
  facet normal -0.99999999995379751 9.5899691523316689e-06 6.6137718291942648e-07
    outer loop
      vertex -0.99999647516816448 0.999486345444068 -0.86301853486319502
      vertex -1 0.62666666666666682 -0.78666666666666685
      vertex -1 0.60000000000000009 -0.40000000000000002
    endloop
  endfacet
  facet normal -0.99999999998337707 3.6491229782346112e-06 -4.4643073163866083e-06
    outer loop
      vertex -0.99999647516816448 0.999486345444068 -0.86301853486319502
      vertex -1 0.60000000000000009 -0.40000000000000002
      vertex -0.99999706993204285 0.99974263826068344 -0.72958257713248653
    endloop
  endfacet
  facet normal -1 0 0
    outer loop
      vertex -1 0.62666666666666682 -0.78666666666666685
      vertex -1 0.36666666666666659 -0.56666666666666665
      vertex -1 0.60000000000000009 -0.40000000000000002
    endloop
  endfacet
  facet normal -1 -0 0
    outer loop
      vertex -1 0.62666666666666682 -0.78666666666666685
      vertex -1 0.23809523809523811 -0.80952380952380953
      vertex -1 0.36666666666666659 -0.56666666666666665
    endloop
  endfacet
  facet normal -1 0 0
    outer loop
      vertex -1 0.23809523809523811 -0.80952380952380953
      vertex -1 -0.099999999999999978 -0.51666666666666661
      vertex -1 0.36666666666666659 -0.56666666666666665
    endloop
  endfacet
  facet normal -1 0 0
    outer loop
      vertex -1 0.23809523809523811 -0.80952380952380953
      vertex -1 -0.1333333333333333 -0.80000000000000004
      vertex -1 -0.099999999999999978 -0.51666666666666661
    endloop
  endfacet
  facet normal -1 0 0
    outer loop
      vertex -1 -0.1333333333333333 -0.80000000000000004
      vertex -1 -0.4933333333333334 -0.62666666666666671
      vertex -1 -0.099999999999999978 -0.51666666666666661
    endloop
  endfacet
  facet normal -0.99999999995031863 -9.7060009528921772e-06 -2.2707580550293382e-06
    outer loop
      vertex -1 -0.66666666666666674 -0.73333333333333339
      vertex -0.99999647516816448 -0.999486345444068 -0.86301853486319502
      vertex -0.99999706993204285 -0.99974263826068344 -0.59999999999999998
    endloop
  endfacet
  facet normal -0.83170899466577308 -0.55521153937689827 -0.00054289481836673216
    outer loop
      vertex -0.99999647516816448 -0.999486345444068 -0.86301853486319502
      vertex -0.99974263826068344 -0.99999706993204274 -0.72958257713248642
      vertex -0.99999706993204285 -0.99974263826068344 -0.59999999999999998
    endloop
  endfacet
  facet normal -0.89455058713582147 0.44696585409934231 0.00087881977825649655
    outer loop
      vertex -0.99974263826068344 0.99999706993204274 -0.59999999999999998
      vertex -0.99999706993204285 0.99974263826068344 -0.72958257713248653
      vertex -0.99999496465974835 0.99897473232116796 -0.33688430698739985
    endloop
  endfacet
  facet normal -0.97047016821118093 -0.24121393722538167 -0.0018679133791301894
    outer loop
      vertex -0.99974263826068344 0.99999706993204274 -0.59999999999999998
      vertex -0.99999496465974835 0.99897473232116796 -0.33688430698739985
      vertex -1 1 -0.46666666666666667
    endloop
  endfacet
  facet normal -0.99999999991625166 1.1768970314017844e-05 5.3840567103679898e-06
    outer loop
      vertex -0.99999706993204285 0.99974263826068344 -0.72958257713248653
      vertex -1 0.60000000000000009 -0.40000000000000002
      vertex -0.99999496465974835 0.99897473232116796 -0.33688430698739985
    endloop
  endfacet
  facet normal -1 0 0
    outer loop
      vertex -1 0.36666666666666659 -0.56666666666666665
      vertex -1 -0.099999999999999978 -0.51666666666666661
      vertex -1 0.22666666666666671 -0.38666666666666671
    endloop
  endfacet
  facet normal -1 -0 0
    outer loop
      vertex -1 -0.099999999999999978 -0.51666666666666661
      vertex -1 -0.4933333333333334 -0.62666666666666671
      vertex -1 -0.46666666666666656 -0.29999999999999999
    endloop
  endfacet
  facet normal -0.99999999989595878 -7.5601371647256061e-06 1.2285222892679108e-05
    outer loop
      vertex -1 -0.4933333333333334 -0.62666666666666671
      vertex -1 -0.66666666666666674 -0.73333333333333339
      vertex -0.99999413051321762 -0.99846510454468451 -0.45974895397489546
    endloop
  endfacet
  facet normal -0.99999999978021581 -4.0573214722940477e-07 2.0961962455219951e-05
    outer loop
      vertex -1 -0.66666666666666674 -0.73333333333333339
      vertex -0.99999706993204285 -0.99974263826068344 -0.59999999999999998
      vertex -0.99999413051321762 -0.99846510454468451 -0.45974895397489546
    endloop
  endfacet
  facet normal -1 0 0
    outer loop
      vertex -1 0.36666666666666659 -0.56666666666666665
      vertex -1 0.22666666666666671 -0.38666666666666671
      vertex -1 0.60000000000000009 -0.40000000000000002
    endloop
  endfacet
  facet normal -1 0 0
    outer loop
      vertex -1 -0.099999999999999978 -0.51666666666666661
      vertex -1 -0.46666666666666656 -0.29999999999999999
      vertex -1 -0.19999999999999998 -0.16190476190476191
    endloop
  endfacet
  facet normal -0.99999999993556432 -1.131450521788568e-05 9.236330790110817e-07
    outer loop
      vertex -1 -0.4933333333333334 -0.62666666666666671
      vertex -0.99999413051321762 -0.99846510454468451 -0.45974895397489546
      vertex -1 -0.46666666666666656 -0.29999999999999999
    endloop
  endfacet
  facet normal -0.99999101625792675 -0.0042387944128377819 -5.036341432591843e-06
    outer loop
      vertex -0.99999496465974835 0.99897473232116796 -0.33688430698739985
      vertex -0.99999413051321773 0.99846510454468451 -0.073584379358437924
      vertex -1 1 -0.19999999999999996
    endloop
  endfacet
  facet normal -0.99999999992151067 1.2115821570251002e-05 3.1914976101014782e-06
    outer loop
      vertex -0.99999496465974835 0.99897473232116796 -0.33688430698739985
      vertex -1 0.60000000000000009 -0.40000000000000002
      vertex -0.99999413051321773 0.99846510454468451 -0.073584379358437924
    endloop
  endfacet
  facet normal -1 0 0
    outer loop
      vertex -1 0.60000000000000009 -0.40000000000000002
      vertex -1 0.22666666666666671 -0.38666666666666671
      vertex -1 0.18333333333333332 -0.083333333333333315
    endloop
  endfacet
  facet normal -1 -0 0
    outer loop
      vertex -1 0.22666666666666671 -0.38666666666666671
      vertex -1 -0.099999999999999978 -0.51666666666666661
      vertex -1 -0.19999999999999998 -0.16190476190476191
    endloop
  endfacet
  facet normal -1 0 0
    outer loop
      vertex -1 0.22666666666666671 -0.38666666666666671
      vertex -1 -0.19999999999999998 -0.16190476190476191
      vertex -1 0.18333333333333332 -0.083333333333333315
    endloop
  endfacet
  facet normal -0.99999999993909183 -1.1037051566843228e-05 0
    outer loop
      vertex -1 -0.46666666666666656 -0.29999999999999999
      vertex -0.99999413051321762 -0.99846510454468451 -0.45974895397489546
      vertex -0.99999413051321762 -0.99846510454468451 -0.073584379358437924
    endloop
  endfacet
  facet normal -0.99999268847618639 0.0038240023756439152 0
    outer loop
      vertex -0.99999413051321762 -0.99846510454468451 -0.45974895397489546
      vertex -1 -1 -0.33333333333333337
      vertex -1 -1 -0.19999999999999996
    endloop
  endfacet
  facet normal -0.99999268847618628 0.0038240023756439157 0
    outer loop
      vertex -0.99999413051321762 -0.99846510454468451 -0.45974895397489546
      vertex -1 -1 -0.19999999999999996
      vertex -0.99999413051321762 -0.99846510454468451 -0.073584379358437924
    endloop
  endfacet
  facet normal -0.99999999991401667 1.2927667120876788e-05 2.2004539780215859e-06
    outer loop
      vertex -0.99999413051321773 0.99846510454468451 -0.073584379358437924
      vertex -1 0.60000000000000009 -0.40000000000000002
      vertex -1 0.52380952380952372 0.047619047619047596
    endloop
  endfacet
  facet normal -1 0 0
    outer loop
      vertex -1 0.60000000000000009 -0.40000000000000002
      vertex -1 0.18333333333333332 -0.083333333333333315
      vertex -1 0.52380952380952372 0.047619047619047596
    endloop
  endfacet
  facet normal -0.99999999990237609 -1.3103264480272398e-05 -4.853060918619409e-06
    outer loop
      vertex -1 -0.46666666666666656 -0.29999999999999999
      vertex -0.99999413051321762 -0.99846510454468451 -0.073584379358437924
      vertex -1 -0.6333333333333333 0.14999999999999997
    endloop
  endfacet
  facet normal -0.99999999983276766 8.1903288194754063e-06 -1.6351860244342743e-05
    outer loop
      vertex -0.99999413051321773 0.99846510454468451 -0.073584379358437924
      vertex -1 0.52380952380952372 0.047619047619047596
      vertex -0.99999647516816448 0.999486345444068 0.070314798470138259
    endloop
  endfacet
  facet normal -1 -0 0
    outer loop
      vertex -1 0.18333333333333332 -0.083333333333333315
      vertex -1 -0.19999999999999998 -0.16190476190476191
      vertex -1 -0.022222222222222216 0.15555555555555553
    endloop
  endfacet
  facet normal -1 0 0
    outer loop
      vertex -1 -0.19999999999999998 -0.16190476190476191
      vertex -1 -0.29523809523809519 0.19999999999999996
      vertex -1 -0.022222222222222216 0.15555555555555553
    endloop
  endfacet
  facet normal -1 -0 0
    outer loop
      vertex -1 -0.19999999999999998 -0.16190476190476191
      vertex -1 -0.46666666666666656 -0.29999999999999999
      vertex -1 -0.6333333333333333 0.14999999999999997
    endloop
  endfacet
  facet normal -1 0 0
    outer loop
      vertex -1 -0.19999999999999998 -0.16190476190476191
      vertex -1 -0.6333333333333333 0.14999999999999997
      vertex -1 -0.29523809523809519 0.19999999999999996
    endloop
  endfacet
  facet normal -0.99999967516276733 -0.00043254577998729253 0.00068013124323508631
    outer loop
      vertex -0.99999413051321762 -0.99846510454468451 -0.073584379358437924
      vertex -0.99989341859845471 -0.99989341859845449 0.073584379358437924
      vertex -1 -0.6333333333333333 0.14999999999999997
    endloop
  endfacet
  facet normal -0.99999999996941125 7.5138034062207815e-06 -2.1726660451722771e-06
    outer loop
      vertex -0.99999647516816448 0.999486345444068 0.070314798470138259
      vertex -1 0.52380952380952372 0.047619047619047596
      vertex -1 0.59999999999999998 0.31111111111111101
    endloop
  endfacet
  facet normal -1 -0 0
    outer loop
      vertex -1 0.52380952380952372 0.047619047619047596
      vertex -1 0.18333333333333332 -0.083333333333333315
      vertex -1 0.22666666666666666 0.27999999999999992
    endloop
  endfacet
  facet normal -1 0 0
    outer loop
      vertex -1 0.18333333333333332 -0.083333333333333315
      vertex -1 -0.022222222222222216 0.15555555555555553
      vertex -1 0.22666666666666666 0.27999999999999992
    endloop
  endfacet
  facet normal -0.99997645551573411 -0.006862099838172501 -2.8270576967199734e-16
    outer loop
      vertex -1 1 0.19999999999999996
      vertex -0.99999647516816448 0.999486345444068 0.070314798470138259
      vertex -0.99999647516816459 0.999486345444068 0.46301853486319494
    endloop
  endfacet
  facet normal -0.7096988101968621 0.70450385350666145 0.0013853517326244827
    outer loop
      vertex -1 1 0.19999999999999996
      vertex -0.99999647516816459 0.999486345444068 0.46301853486319494
      vertex -0.99974263826068366 0.99999706993204274 0.33333333333333326
    endloop
  endfacet
  facet normal -0.99999999996107369 8.8234100502193654e-06 -2.8271262065882634e-16
    outer loop
      vertex -0.99999647516816448 0.999486345444068 0.070314798470138259
      vertex -1 0.59999999999999998 0.31111111111111101
      vertex -0.99999647516816459 0.999486345444068 0.46301853486319494
    endloop
  endfacet
  facet normal -1 0 0
    outer loop
      vertex -1 0.52380952380952372 0.047619047619047596
      vertex -1 0.22666666666666666 0.27999999999999992
      vertex -1 0.59999999999999998 0.31111111111111101
    endloop
  endfacet
  facet normal -1 0 0
    outer loop
      vertex -1 -0.022222222222222216 0.15555555555555553
      vertex -1 -0.066666666666666638 0.56666666666666665
      vertex -1 0.22666666666666666 0.27999999999999992
    endloop
  endfacet
  facet normal -1 0 0
    outer loop
      vertex -1 -0.022222222222222216 0.15555555555555553
      vertex -1 -0.29523809523809519 0.19999999999999996
      vertex -1 -0.066666666666666638 0.56666666666666665
    endloop
  endfacet
  facet normal -1 -0 0
    outer loop
      vertex -1 -0.29523809523809519 0.19999999999999996
      vertex -1 -0.6333333333333333 0.14999999999999997
      vertex -1 -0.36666666666666659 0.43333333333333324
    endloop
  endfacet
  facet normal -0.99999989888132002 -0.00020759867069777518 -0.00039892372894552512
    outer loop
      vertex -1 -0.6333333333333333 0.14999999999999997
      vertex -0.99989341859845471 -0.99989341859845449 0.073584379358437924
      vertex -0.99999706993204285 -0.99974263826068344 0.33333333333333326
    endloop
  endfacet
  facet normal -0.9546348042550109 0.29777858185790923 -0.00055379751680581252
    outer loop
      vertex -0.99989341859845471 -0.99989341859845449 0.073584379358437924
      vertex -1 -1 0.19999999999999996
      vertex -0.99999706993204285 -0.99974263826068344 0.33333333333333326
    endloop
  endfacet
  facet normal -0.9999999999610738 8.8234100501118633e-06 0
    outer loop
      vertex -0.99999647516816459 0.999486345444068 0.46301853486319494
      vertex -1 0.59999999999999998 0.31111111111111101
      vertex -1 0.59999999999999998 0.53333333333333321
    endloop
  endfacet
  facet normal -1 -0 0
    outer loop
      vertex -1 0.59999999999999998 0.31111111111111101
      vertex -1 0.22666666666666666 0.27999999999999992
      vertex -1 0.26666666666666666 0.53333333333333333
    endloop
  endfacet
  facet normal -1 0 0
    outer loop
      vertex -1 0.22666666666666666 0.27999999999999992
      vertex -1 -0.066666666666666638 0.56666666666666665
      vertex -1 0.26666666666666666 0.53333333333333333
    endloop
  endfacet
  facet normal -1 0 0
    outer loop
      vertex -1 -0.066666666666666638 0.56666666666666665
      vertex -1 -0.29523809523809519 0.19999999999999996
      vertex -1 -0.36666666666666659 0.43333333333333324
    endloop
  endfacet
  facet normal -1 -0 0
    outer loop
      vertex -1 -0.36666666666666659 0.43333333333333324
      vertex -1 -0.6333333333333333 0.14999999999999997
      vertex -1 -0.66666666666666674 0.66666666666666663
    endloop
  endfacet
  facet normal -0.99999999997359745 -5.8187703269978e-06 4.3528165419681288e-06
    outer loop
      vertex -1 -0.6333333333333333 0.14999999999999997
      vertex -0.99999706993204285 -0.99974263826068344 0.33333333333333326
      vertex -0.99999647516816448 -0.99948634544406822 0.47031479847013818
    endloop
  endfacet
  facet normal -0.99999999994773803 -1.0202486094489262e-05 -6.5822490932189004e-07
    outer loop
      vertex -1 -0.6333333333333333 0.14999999999999997
      vertex -0.99999647516816448 -0.99948634544406822 0.47031479847013818
      vertex -1 -0.66666666666666674 0.66666666666666663
    endloop
  endfacet
  facet normal -0.99999999955176055 -1.5404649797405154e-05 -2.567441632900862e-05
    outer loop
      vertex -0.99999647516816459 0.999486345444068 0.46301853486319494
      vertex -1 0.75 0.74999999999999989
      vertex -1 1 0.60000000000000009
    endloop
  endfacet
  facet normal -0.99999999995424649 7.8650170710521034e-06 -5.4450118184206872e-06
    outer loop
      vertex -0.99999647516816459 0.999486345444068 0.46301853486319494
      vertex -1 0.59999999999999998 0.53333333333333321
      vertex -1 0.75 0.74999999999999989
    endloop
  endfacet
  facet normal -1 0 0
    outer loop
      vertex -1 0.59999999999999998 0.31111111111111101
      vertex -1 0.26666666666666666 0.53333333333333333
      vertex -1 0.59999999999999998 0.53333333333333321
    endloop
  endfacet
  facet normal -1 0 0
    outer loop
      vertex -1 -0.36666666666666659 0.43333333333333324
      vertex -1 -0.35555555555555546 0.73333333333333317
      vertex -1 -0.066666666666666638 0.56666666666666665
    endloop
  endfacet
  facet normal -1 0 0
    outer loop
      vertex -1 -0.36666666666666659 0.43333333333333324
      vertex -1 -0.66666666666666674 0.66666666666666663
      vertex -1 -0.35555555555555546 0.73333333333333317
    endloop
  endfacet
  facet normal -1 0 0
    outer loop
      vertex -1 1 0.60000000000000009
      vertex -1 0.75 0.74999999999999989
      vertex -1 1 0.73333333333333339
    endloop
  endfacet
  facet normal -1 0 0
    outer loop
      vertex -1 0.59999999999999998 0.53333333333333321
      vertex -1 0.26666666666666661 0.80000000000000004
      vertex -1 0.75 0.74999999999999989
    endloop
  endfacet
  facet normal -1 0 0
    outer loop
      vertex -1 0.59999999999999998 0.53333333333333321
      vertex -1 0.26666666666666666 0.53333333333333333
      vertex -1 0.26666666666666661 0.80000000000000004
    endloop
  endfacet
  facet normal -1 0 0
    outer loop
      vertex -1 0.26666666666666666 0.53333333333333333
      vertex -1 -0.066666666666666638 0.56666666666666665
      vertex -1 0.26666666666666661 0.80000000000000004
    endloop
  endfacet
  facet normal -0.99999999994391731 -1.0590815567975173e-05 7.1578705104527353e-21
    outer loop
      vertex -1 -0.66666666666666674 0.66666666666666663
      vertex -0.99999647516816448 -0.99948634544406822 0.47031479847013818
      vertex -0.99999647516816448 -0.999486345444068 0.73698146513680507
    endloop
  endfacet
  facet normal -0.99997645551573366 0.0068620998382453993 -5.7138459282724488e-18
    outer loop
      vertex -0.99999647516816448 -0.99948634544406822 0.47031479847013818
      vertex -1 -1 0.60000000000000009
      vertex -0.99999647516816448 -0.999486345444068 0.73698146513680507
    endloop
  endfacet
  facet normal -1 0 0
    outer loop
      vertex -1 1 0.73333333333333339
      vertex -1 0.75 0.74999999999999989
      vertex -1 1 0.8666666666666667
    endloop
  endfacet
  facet normal -0.99999999996589772 -4.7359994653760091e-06 6.765713521965724e-06
    outer loop
      vertex -1 0.26666666666666661 0.80000000000000004
      vertex -1 -0.066666666666666638 0.56666666666666665
      vertex -0.99999706993204285 -0.066666666666666638 0.99974263826068344
    endloop
  endfacet
  facet normal -0.99999999996949485 3.9032962626865708e-06 6.7657135219900601e-06
    outer loop
      vertex -1 -0.066666666666666638 0.56666666666666665
      vertex -1 -0.35555555555555546 0.73333333333333317
      vertex -0.99999706993204285 -0.066666666666666638 0.99974263826068344
    endloop
  endfacet
  facet normal -0.99999999994669453 -2.1634423508185917e-06 1.009606430382012e-05
    outer loop
      vertex -1 -0.35555555555555546 0.73333333333333317
      vertex -1 -0.66666666666666674 0.66666666666666663
      vertex -0.99999706993204274 -0.46666666666666667 0.99974263826068344
    endloop
  endfacet
  facet normal -0.999963697580045 -0.0036033098025965715 0.0077213781484212147
    outer loop
      vertex -1 1 0.8666666666666667
      vertex -1 0.75 0.74999999999999989
      vertex -0.99846510454468473 0.85974895397489537 0.99999413051321762
    endloop
  endfacet
  facet normal -0.99994012074649707 -0.010943259180016884 0
    outer loop
      vertex -1 1 0.8666666666666667
      vertex -0.99846510454468473 0.85974895397489537 0.99999413051321762
      vertex -1 1 1
    endloop
  endfacet
  facet normal -0.9999259702123261 0.01214079850437224 0.00080938656695814606
    outer loop
      vertex -1 0.75 0.74999999999999989
      vertex -1 0.73333333333333339 1
      vertex -0.99846510454468473 0.85974895397489537 0.99999413051321762
    endloop
  endfacet
  facet normal -1 0 0
    outer loop
      vertex -1 0.75 0.74999999999999989
      vertex -1 0.60000000000000009 1
      vertex -1 0.73333333333333339 1
    endloop
  endfacet
  facet normal -0.99999725292832664 0.00024119121582651278 0.0023315150863229494
    outer loop
      vertex -1 0.75 0.74999999999999989
      vertex -1 0.26666666666666661 0.80000000000000004
      vertex -0.999486345444068 0.46301853486319494 0.99999647516816459
    endloop
  endfacet
  facet normal -0.99999043889805761 -0.0037497168981405356 -0.0022498301388843194
    outer loop
      vertex -1 0.75 0.74999999999999989
      vertex -0.999486345444068 0.46301853486319494 0.99999647516816459
      vertex -1 0.60000000000000009 1
    endloop
  endfacet
  facet normal -0.99999128483939936 0.003960709623603312 -0.0013202365412011041
    outer loop
      vertex -1 0.26666666666666661 0.80000000000000004
      vertex -1 0.33333333333333326 1
      vertex -0.999486345444068 0.46301853486319494 0.99999647516816459
    endloop
  endfacet
  facet normal -1 0 0
    outer loop
      vertex -1 0.26666666666666661 0.80000000000000004
      vertex -1 0.19999999999999996 1
      vertex -1 0.33333333333333326 1
    endloop
  endfacet
  facet normal -0.99999128483939936 -0.0039607096236015998 -0.001320236541200533
    outer loop
      vertex -1 0.26666666666666661 0.80000000000000004
      vertex -0.99948634544406822 0.070314798470138259 0.99999647516816448
      vertex -1 0.19999999999999996 1
    endloop
  endfacet
  facet normal -0.99997376481866895 0.0037168014180995177 0.0062173194863818114
    outer loop
      vertex -1 0.26666666666666661 0.80000000000000004
      vertex -0.99999706993204285 -0.066666666666666638 0.99974263826068344
      vertex -0.99948634544406822 0.070314798470138259 0.99999647516816448
    endloop
  endfacet
  facet normal -0.99999999967710207 2.1950794007996106e-05 -1.2804629837997715e-05
    outer loop
      vertex -0.99999706993204285 -0.066666666666666638 0.99974263826068344
      vertex -1 -0.35555555555555546 0.73333333333333317
      vertex -1 -0.19999999999999996 1
    endloop
  endfacet
  facet normal -0.99996240533852154 -0.007489909959593942 0.0043691141430964621
    outer loop
      vertex -1 -0.35555555555555546 0.73333333333333317
      vertex -0.99897473232116796 -0.33688430698739985 0.99999496465974835
      vertex -1 -0.19999999999999996 1
    endloop
  endfacet
  facet normal -0.99996360201580758 0.0078706331201549799 0.0032935964930966154
    outer loop
      vertex -1 -0.35555555555555546 0.73333333333333317
      vertex -0.99999706993204274 -0.46666666666666667 0.99974263826068344
      vertex -0.99897473232116796 -0.33688430698739985 0.99999496465974835
    endloop
  endfacet
  facet normal -0.99999751846760465 -0.0019060320297849458 0.0011532998456923039
    outer loop
      vertex -0.99999706993204274 -0.46666666666666667 0.99974263826068344
      vertex -1 -0.66666666666666674 0.66666666666666663
      vertex -0.99974263826068366 -0.59999999999999998 0.99999706993204274
    endloop
  endfacet
  facet normal -0.99999806261295288 0.0019302177888067518 0.00038604355776135021
    outer loop
      vertex -1 -0.66666666666666674 0.66666666666666663
      vertex -1 -0.73333333333333339 1
      vertex -0.99974263826068366 -0.59999999999999998 0.99999706993204274
    endloop
  endfacet
  facet normal -0.99998567100373881 0.0010964244008020592 0.0052398130439545347
    outer loop
      vertex -1 -0.66666666666666674 0.66666666666666663
      vertex -0.99999647516816448 -0.999486345444068 0.73698146513680507
      vertex -0.99846510454468473 -0.85974895397489537 0.99999413051321762
    endloop
  endfacet
  facet normal -0.99992335188796988 -0.012140616395742881 -0.0024281232791485753
    outer loop
      vertex -1 -0.66666666666666674 0.66666666666666663
      vertex -0.99846510454468473 -0.85974895397489537 0.99999413051321762
      vertex -1 -0.73333333333333339 1
    endloop
  endfacet
  facet normal -0.99997645551573366 0.0068620998382438745 0
    outer loop
      vertex -0.99999647516816448 -0.999486345444068 0.73698146513680507
      vertex -1 -1 0.8666666666666667
      vertex -1 -1 1
    endloop
  endfacet
  facet normal -0.99994012071108307 0.010943259513200809 7.9706714802216351e-06
    outer loop
      vertex -0.99999647516816448 -0.999486345444068 0.73698146513680507
      vertex -1 -1 1
      vertex -0.99846510454468473 -0.85974895397489537 0.99999413051321762
    endloop
  endfacet
  facet normal -0.010943061840232138 0.99988024222659866 -0.010943061840232138
    outer loop
      vertex 1 1 -1
      vertex 0.85974895397489537 0.99846510454468473 -0.99999413051321762
      vertex 0.80000000000000004 1 -0.80000000000000004
    endloop
  endfacet
  facet normal 0.0037498544074418337 0.99998593849305994 0.0037498544074418337
    outer loop
      vertex 1 1 -1
      vertex 0.80000000000000004 1 -0.80000000000000004
      vertex 0.99999647516816448 0.999486345444068 -0.86301853486319502
    endloop
  endfacet
  facet normal 0.012140853359331379 0.99991810757998634 -0.0040469511197771266
    outer loop
      vertex 0.85974895397489537 0.99846510454468473 -0.99999413051321762
      vertex 0.73333333333333339 1 -1
      vertex 0.80000000000000004 1 -0.80000000000000004
    endloop
  endfacet
  facet normal -0.010942704866794837 0.99983367673800594 -0.014590273155726464
    outer loop
      vertex 0.73333333333333339 1 -1
      vertex 0.59308228730822876 0.99846510454468451 -0.99999413051321762
      vertex 0.46666666666666667 1 -0.80000000000000016
    endloop
  endfacet
  facet normal 0 1 -0
    outer loop
      vertex 0.73333333333333339 1 -1
      vertex 0.46666666666666667 1 -0.80000000000000016
      vertex 0.80000000000000004 1 -0.80000000000000004
    endloop
  endfacet
  facet normal 0.012140764906782307 0.99992629819776124 -6.4318926292264536e-18
    outer loop
      vertex 0.59308228730822876 0.99846510454468451 -0.99999413051321762
      vertex 0.46666666666666656 1 -1
      vertex 0.46666666666666667 1 -0.80000000000000016
    endloop
  endfacet
  facet normal -0.010943259180016887 0.99994012074649696 6.074729153047684e-18
    outer loop
      vertex 0.46666666666666656 1 -1
      vertex 0.32641562064156199 0.99846510454468473 -0.99999413051321762
      vertex 0.46666666666666667 1 -0.80000000000000016
    endloop
  endfacet
  facet normal 0.012139306779602973 0.99985262637141747 0.012139306779602971
    outer loop
      vertex 0.32641562064156199 0.99846510454468473 -0.99999413051321762
      vertex 0.19999999999999996 1 -1
      vertex 0 1 -0.80000000000000004
    endloop
  endfacet
  facet normal -2.3232901331067778e-18 0.99997055077163277 -0.0076744764953341725
    outer loop
      vertex 0.32641562064156199 0.99846510454468473 -0.99999413051321762
      vertex 0 1 -0.80000000000000004
      vertex 0.46666666666666667 1 -0.80000000000000016
    endloop
  endfacet
  facet normal 0 1 0
    outer loop
      vertex 0.19999999999999996 1 -1
      vertex 0.066666666666666652 1 -1
      vertex 0 1 -0.80000000000000004
    endloop
  endfacet
  facet normal 0 1 0
    outer loop
      vertex 0.066666666666666652 1 -1
      vertex -0.066666666666666652 1 -1
      vertex 0 1 -0.80000000000000004
    endloop
  endfacet
  facet normal 0 1 -0
    outer loop
      vertex -0.066666666666666652 1 -1
      vertex -0.19999999999999996 1 -1
      vertex 0 1 -0.80000000000000004
    endloop
  endfacet
  facet normal -0.0074898145863190125 0.99992208401658111 -0.0099864194484253523
    outer loop
      vertex -0.19999999999999996 1 -1
      vertex -0.33688430698739985 0.99897473232116796 -0.99999496465974835
      vertex -0.46666666666666667 1 -0.80000000000000004
    endloop
  endfacet
  facet normal 0 1 -0
    outer loop
      vertex -0.19999999999999996 1 -1
      vertex -0.46666666666666667 1 -0.80000000000000004
      vertex 0 1 -0.80000000000000004
    endloop
  endfacet
  facet normal 0.007899653621602885 0.99996879724952359 0
    outer loop
      vertex -0.33688430698739985 0.99897473232116796 -0.99999496465974835
      vertex -0.46666666666666667 1 -1
      vertex -0.46666666666666667 1 -0.80000000000000004
    endloop
  endfacet
  facet normal -0.0019302094491652896 0.99999813714400598 0
    outer loop
      vertex -0.46666666666666667 1 -1
      vertex -0.59999999999999998 0.99974263826068344 -0.99999706993204274
      vertex -0.46666666666666667 1 -0.80000000000000004
    endloop
  endfacet
  facet normal 0.0019033508871469185 0.99999492271083346 -0.0025557401969765357
    outer loop
      vertex -0.59999999999999998 0.99974263826068344 -0.99999706993204274
      vertex -0.73333333333333339 0.99999706993204274 -0.99974263826068366
      vertex -0.46666666666666667 1 -0.80000000000000004
    endloop
  endfacet
  facet normal 2.1986119147325455e-05 0.99999999974319942 -5.4965297868313638e-06
    outer loop
      vertex -0.73333333333333339 0.99999706993204274 -0.99974263826068366
      vertex -0.8666666666666667 1 -1
      vertex -0.80000000000000004 1 -0.73333333333333339
    endloop
  endfacet
  facet normal 0 0.99999296953421091 0.0037497842805829617
    outer loop
      vertex -0.8666666666666667 1 -1
      vertex -1 1 -1
      vertex -0.99999647516816448 0.999486345444068 -0.86301853486319502
    endloop
  endfacet
  facet normal -0.0030652033796515388 0.99999500864317148 0.0007663008449128847
    outer loop
      vertex -0.8666666666666667 1 -1
      vertex -0.99999647516816448 0.999486345444068 -0.86301853486319502
      vertex -0.80000000000000004 1 -0.73333333333333339
    endloop
  endfacet
  facet normal 0.0013630892772281814 0.99999175617083946 -0.0038248631325639953
    outer loop
      vertex 0.99999647516816448 0.999486345444068 -0.86301853486319502
      vertex 0.80000000000000004 1 -0.80000000000000004
      vertex 0.99974263826068344 0.99999706993204274 -0.72958257713248642
    endloop
  endfacet
  facet normal -2.3155639301538971e-06 0.9999999999302962 -1.1577819650769491e-05
    outer loop
      vertex -0.46666666666666667 1 -0.80000000000000004
      vertex -0.73333333333333339 0.99999706993204274 -0.99974263826068366
      vertex -0.80000000000000004 1 -0.73333333333333339
    endloop
  endfacet
  facet normal -0.0013228453104351422 0.99999728045675529 -0.0019207184536710535
    outer loop
      vertex -0.80000000000000004 1 -0.73333333333333339
      vertex -0.99999647516816448 0.999486345444068 -0.86301853486319502
      vertex -0.99999706993204285 0.99974263826068344 -0.72958257713248653
    endloop
  endfacet
  facet normal 1.3703040199859418e-05 0.99999999990235788 2.7406080399718798e-06
    outer loop
      vertex 0.80000000000000004 1 -0.80000000000000004
      vertex 0.7333333333333335 1 -0.46666666666666684
      vertex 0.99974263826068344 0.99999706993204274 -0.72958257713248642
    endloop
  endfacet
  facet normal 0 1 0
    outer loop
      vertex 0.80000000000000004 1 -0.80000000000000004
      vertex 0.46666666666666667 1 -0.80000000000000016
      vertex 0.7333333333333335 1 -0.46666666666666684
    endloop
  endfacet
  facet normal 0 1 -0
    outer loop
      vertex 0.46666666666666667 1 -0.80000000000000016
      vertex 0.33333333333333326 1 -0.50476190476190474
      vertex 0.7333333333333335 1 -0.46666666666666684
    endloop
  endfacet
  facet normal 0 1 0
    outer loop
      vertex 0.46666666666666667 1 -0.80000000000000016
      vertex 0 1 -0.80000000000000004
      vertex 0.33333333333333326 1 -0.50476190476190474
    endloop
  endfacet
  facet normal 0 1 0
    outer loop
      vertex 0 1 -0.80000000000000004
      vertex 0.028571428571428581 1 -0.44761904761904753
      vertex 0.33333333333333326 1 -0.50476190476190474
    endloop
  endfacet
  facet normal 0 1 -0
    outer loop
      vertex 0 1 -0.80000000000000004
      vertex -0.31111111111111106 1 -0.46666666666666662
      vertex 0.028571428571428581 1 -0.44761904761904753
    endloop
  endfacet
  facet normal 0 1 0
    outer loop
      vertex 0 1 -0.80000000000000004
      vertex -0.46666666666666667 1 -0.80000000000000004
      vertex -0.31111111111111106 1 -0.46666666666666662
    endloop
  endfacet
  facet normal 0 1 -0
    outer loop
      vertex -0.46666666666666667 1 -0.80000000000000004
      vertex -0.66666666666666663 1 -0.46666666666666673
      vertex -0.31111111111111106 1 -0.46666666666666662
    endloop
  endfacet
  facet normal 0 1 0
    outer loop
      vertex -0.46666666666666667 1 -0.80000000000000004
      vertex -0.80000000000000004 1 -0.73333333333333339
      vertex -0.66666666666666663 1 -0.46666666666666673
    endloop
  endfacet
  facet normal -0.0013235981562040278 0.99999720154042793 -0.0019608669596968662
    outer loop
      vertex -0.80000000000000004 1 -0.73333333333333339
      vertex -0.99999706993204285 0.99974263826068344 -0.72958257713248653
      vertex -0.99974263826068344 0.99999706993204274 -0.59999999999999998
    endloop
  endfacet
  facet normal 0.001944946699785383 0.9999961884796984 0.0019596449705477177
    outer loop
      vertex 0.99999706993204285 0.99974263826068344 -0.59999999999999998
      vertex 0.99974263826068344 0.99999706993204274 -0.72958257713248642
      vertex 0.7333333333333335 1 -0.46666666666666684
    endloop
  endfacet
  facet normal 1.1434923486277625e-18 0.99999813714400609 -0.0019302094491652894
    outer loop
      vertex 0.99999706993204285 0.99974263826068344 -0.59999999999999998
      vertex 0.7333333333333335 1 -0.46666666666666684
      vertex 1 1 -0.46666666666666667
    endloop
  endfacet
  facet normal -1.0998369436985456e-05 0.99999999992439736 5.4991847184927314e-06
    outer loop
      vertex -0.80000000000000004 1 -0.73333333333333339
      vertex -0.99974263826068344 0.99999706993204274 -0.59999999999999998
      vertex -0.66666666666666663 1 -0.46666666666666673
    endloop
  endfacet
  facet normal -3.5734202453662366e-21 0.99999999975853848 -2.1975509674166467e-05
    outer loop
      vertex -0.99974263826068344 0.99999706993204274 -0.59999999999999998
      vertex -1 1 -0.46666666666666667
      vertex -0.66666666666666663 1 -0.46666666666666673
    endloop
  endfacet
  facet normal 0 1 -0
    outer loop
      vertex 1 1 -0.46666666666666667
      vertex 0.7333333333333335 1 -0.46666666666666684
      vertex 1 1 -0.33333333333333337
    endloop
  endfacet
  facet normal 0 1 0
    outer loop
      vertex 0.7333333333333335 1 -0.46666666666666684
      vertex 0.33333333333333326 1 -0.50476190476190474
      vertex 0.66666666666666663 1 -0.20000000000000001
    endloop
  endfacet
  facet normal 0 1 0
    outer loop
      vertex 0.028571428571428581 1 -0.44761904761904753
      vertex -0.31111111111111106 1 -0.46666666666666662
      vertex -0.19999999999999998 1 -0.16190476190476191
    endloop
  endfacet
  facet normal 0 1 0
    outer loop
      vertex -0.66666666666666663 1 -0.46666666666666673
      vertex -0.53333333333333321 1 -0.19999999999999998
      vertex -0.31111111111111106 1 -0.46666666666666662
    endloop
  endfacet
  facet normal 1.3155566005900537e-18 0.99996879724952348 0.007899653621602885
    outer loop
      vertex -0.66666666666666663 1 -0.46666666666666673
      vertex -1 1 -0.46666666666666667
      vertex -0.99999496465974835 0.99897473232116796 -0.33688430698739985
    endloop
  endfacet
  facet normal 0 1 0
    outer loop
      vertex 1 1 -0.33333333333333337
      vertex 0.7333333333333335 1 -0.46666666666666684
      vertex 0.66666666666666663 1 -0.20000000000000001
    endloop
  endfacet
  facet normal 0.0014999274633373278 0.99999184450556111 0.0037498186583433189
    outer loop
      vertex 1 1 -0.33333333333333337
      vertex 0.66666666666666663 1 -0.20000000000000001
      vertex 0.99999647516816448 0.999486345444068 -0.19635186819652831
    endloop
  endfacet
  facet normal 0 1 0
    outer loop
      vertex 0.66666666666666663 1 -0.20000000000000001
      vertex 0.33333333333333326 1 -0.50476190476190474
      vertex 0.18333333333333332 1 -0.083333333333333315
    endloop
  endfacet
  facet normal 0 1 0
    outer loop
      vertex 0.33333333333333326 1 -0.50476190476190474
      vertex 0.028571428571428581 1 -0.44761904761904753
      vertex 0.18333333333333332 1 -0.083333333333333315
    endloop
  endfacet
  facet normal 0 1 -0
    outer loop
      vertex 0.028571428571428581 1 -0.44761904761904753
      vertex -0.19999999999999998 1 -0.16190476190476191
      vertex 0.18333333333333332 1 -0.083333333333333315
    endloop
  endfacet
  facet normal 0 1 -0
    outer loop
      vertex -0.31111111111111106 1 -0.46666666666666662
      vertex -0.53333333333333321 1 -0.19999999999999998
      vertex -0.19999999999999998 1 -0.16190476190476191
    endloop
  endfacet
  facet normal 0 1 0
    outer loop
      vertex -0.53333333333333321 1 -0.19999999999999998
      vertex -0.66666666666666663 1 -0.46666666666666673
      vertex -0.76000000000000023 1 -0.11999999999999998
    endloop
  endfacet
  facet normal -0.0059919253473042881 0.99995399800615592 -0.0074899066841303584
    outer loop
      vertex -0.66666666666666663 1 -0.46666666666666673
      vertex -0.99999496465974835 0.99897473232116796 -0.33688430698739985
      vertex -1 1 -0.19999999999999996
    endloop
  endfacet
  facet normal 0 1 0
    outer loop
      vertex -0.66666666666666663 1 -0.46666666666666673
      vertex -1 1 -0.19999999999999996
      vertex -0.76000000000000023 1 -0.11999999999999998
    endloop
  endfacet
  facet normal 0.0015843148195189012 0.99999090101485755 -0.0039607870487972522
    outer loop
      vertex 0.99999647516816448 0.999486345444068 -0.19635186819652831
      vertex 0.66666666666666663 1 -0.20000000000000001
      vertex 1 1 -0.066666666666666652
    endloop
  endfacet
  facet normal 0 1 0
    outer loop
      vertex 0.66666666666666663 1 -0.20000000000000001
      vertex 0.18333333333333332 1 -0.083333333333333315
      vertex 0.52380952380952372 1 0.047619047619047596
    endloop
  endfacet
  facet normal -0.0040469511197777112 0.99991810757998634 0.012140853359333124
    outer loop
      vertex -0.76000000000000023 1 -0.11999999999999998
      vertex -1 1 -0.19999999999999996
      vertex -0.99999413051321773 0.99846510454468451 -0.073584379358437924
    endloop
  endfacet
  facet normal 0 1 0
    outer loop
      vertex 1 1 -0.066666666666666652
      vertex 0.66666666666666663 1 -0.20000000000000001
      vertex 0.76666666666666672 1 0.26666666666666661
    endloop
  endfacet
  facet normal 0 1 -0
    outer loop
      vertex 1 1 -0.066666666666666652
      vertex 0.76666666666666672 1 0.26666666666666661
      vertex 1 1 0.066666666666666652
    endloop
  endfacet
  facet normal 0 1 -0
    outer loop
      vertex 0.66666666666666663 1 -0.20000000000000001
      vertex 0.52380952380952372 1 0.047619047619047596
      vertex 0.76666666666666672 1 0.26666666666666661
    endloop
  endfacet
  facet normal 0 1 0
    outer loop
      vertex 0.18333333333333332 1 -0.083333333333333315
      vertex -0.19999999999999998 1 -0.16190476190476191
      vertex -0.1333333333333333 1 0.1333333333333333
    endloop
  endfacet
  facet normal 0 1 -0
    outer loop
      vertex -0.19999999999999998 1 -0.16190476190476191
      vertex -0.5 1 0.099999999999999978
      vertex -0.1333333333333333 1 0.1333333333333333
    endloop
  endfacet
  facet normal 0 1 0
    outer loop
      vertex -0.19999999999999998 1 -0.16190476190476191
      vertex -0.53333333333333321 1 -0.19999999999999998
      vertex -0.5 1 0.099999999999999978
    endloop
  endfacet
  facet normal 0 1 -0
    outer loop
      vertex -0.53333333333333321 1 -0.19999999999999998
      vertex -0.76000000000000023 1 -0.11999999999999998
      vertex -0.5 1 0.099999999999999978
    endloop
  endfacet
  facet normal 0 1 -0
    outer loop
      vertex -0.76000000000000023 1 -0.11999999999999998
      vertex -0.80000000000000004 1 0.1333333333333333
      vertex -0.5 1 0.099999999999999978
    endloop
  endfacet
  facet normal -0.0077677152482566745 0.9999446485235145 -0.0070966533667091531
    outer loop
      vertex -0.76000000000000023 1 -0.11999999999999998
      vertex -0.99999413051321773 0.99846510454468451 -0.073584379358437924
      vertex -0.99999647516816448 0.999486345444068 0.070314798470138259
    endloop
  endfacet
  facet normal -0.0024465867225837937 0.99999693248693133 -0.00038630316672375514
    outer loop
      vertex -0.76000000000000023 1 -0.11999999999999998
      vertex -0.99999647516816448 0.999486345444068 0.070314798470138259
      vertex -0.80000000000000004 1 0.1333333333333333
    endloop
  endfacet
  facet normal 0 1 -0
    outer loop
      vertex 1 1 0.066666666666666652
      vertex 0.76666666666666672 1 0.26666666666666661
      vertex 1 1 0.19999999999999996
    endloop
  endfacet
  facet normal 0 1 0
    outer loop
      vertex 0.52380952380952372 1 0.047619047619047596
      vertex 0.18333333333333332 1 -0.083333333333333315
      vertex 0.35999999999999999 1 0.30666666666666659
    endloop
  endfacet
  facet normal 0 1 -0
    outer loop
      vertex 0.18333333333333332 1 -0.083333333333333315
      vertex 0.033333333333333326 1 0.41666666666666663
      vertex 0.35999999999999999 1 0.30666666666666659
    endloop
  endfacet
  facet normal 0 1 0
    outer loop
      vertex 0.18333333333333332 1 -0.083333333333333315
      vertex -0.1333333333333333 1 0.1333333333333333
      vertex 0.033333333333333326 1 0.41666666666666663
    endloop
  endfacet
  facet normal 0 1 0
    outer loop
      vertex -0.1333333333333333 1 0.1333333333333333
      vertex -0.5 1 0.099999999999999978
      vertex -0.33333333333333326 1 0.31111111111111106
    endloop
  endfacet
  facet normal -0.0013202604636059292 0.99999128452356145 -0.003960781390817787
    outer loop
      vertex -0.80000000000000004 1 0.1333333333333333
      vertex -0.99999647516816448 0.999486345444068 0.070314798470138259
      vertex -1 1 0.19999999999999996
    endloop
  endfacet
  facet normal 0 1 -0
    outer loop
      vertex 1 1 0.19999999999999996
      vertex 0.76666666666666672 1 0.26666666666666661
      vertex 1 1 0.33333333333333326
    endloop
  endfacet
  facet normal 0 1 0
    outer loop
      vertex 0.76666666666666672 1 0.26666666666666661
      vertex 0.52380952380952372 1 0.047619047619047596
      vertex 0.35999999999999999 1 0.30666666666666659
    endloop
  endfacet
  facet normal 0 1 -0
    outer loop
      vertex -0.1333333333333333 1 0.1333333333333333
      vertex -0.33333333333333326 1 0.31111111111111106
      vertex 0.033333333333333326 1 0.41666666666666663
    endloop
  endfacet
  facet normal 0 1 0
    outer loop
      vertex -0.33333333333333326 1 0.31111111111111106
      vertex -0.5 1 0.099999999999999978
      vertex -0.73333333333333339 1 0.46666666666666667
    endloop
  endfacet
  facet normal 0 1 0
    outer loop
      vertex -0.5 1 0.099999999999999978
      vertex -0.80000000000000004 1 0.1333333333333333
      vertex -0.73333333333333339 1 0.46666666666666667
    endloop
  endfacet
  facet normal -1.2221722336472494e-05 0.99999999992232735 2.4443444672944978e-06
    outer loop
      vertex -0.80000000000000004 1 0.1333333333333333
      vertex -0.99974263826068366 0.99999706993204274 0.33333333333333326
      vertex -0.73333333333333339 1 0.46666666666666667
    endloop
  endfacet
  facet normal 7.320459875479451e-06 0.99999999973205433 2.1961379626438353e-05
    outer loop
      vertex -0.80000000000000004 1 0.1333333333333333
      vertex -1 1 0.19999999999999996
      vertex -0.99974263826068366 0.99999706993204274 0.33333333333333326
    endloop
  endfacet
  facet normal -0.0011316330472955318 0.99999151603304259 0.0039607156655343612
    outer loop
      vertex 1 1 0.33333333333333326
      vertex 0.76666666666666672 1 0.26666666666666661
      vertex 0.99999647516816448 0.99948634544406822 0.46301853486319494
    endloop
  endfacet
  facet normal 0 1 0
    outer loop
      vertex 0.76666666666666672 1 0.26666666666666661
      vertex 0.35999999999999999 1 0.30666666666666659
      vertex 0.59999999999999998 1 0.53333333333333321
    endloop
  endfacet
  facet normal 0 1 0
    outer loop
      vertex 0.35999999999999999 1 0.30666666666666659
      vertex 0.033333333333333326 1 0.41666666666666663
      vertex 0.26666666666666666 1 0.53333333333333333
    endloop
  endfacet
  facet normal 0 1 0
    outer loop
      vertex -0.33333333333333326 1 0.31111111111111106
      vertex -0.73333333333333339 1 0.46666666666666667
      vertex -0.46666666666666662 1 0.53333333333333333
    endloop
  endfacet
  facet normal -0.0019800348667531526 0.99999030043368198 0.0039342725478506329
    outer loop
      vertex -0.99974263826068366 0.99999706993204274 0.33333333333333326
      vertex -0.99999647516816459 0.999486345444068 0.46301853486319494
      vertex -0.73333333333333339 1 0.46666666666666667
    endloop
  endfacet
  facet normal 0.002139326012374816 0.9999977089184855 7.3769862495683643e-05
    outer loop
      vertex 0.99999647516816448 0.99948634544406822 0.46301853486319494
      vertex 0.76666666666666672 1 0.26666666666666661
      vertex 0.75 1 0.74999999999999989
    endloop
  endfacet
  facet normal 0.0020546428559622865 0.99999788921913968 1.5773068392645974e-15
    outer loop
      vertex 0.99999647516816448 0.99948634544406822 0.46301853486319494
      vertex 0.75 1 0.74999999999999989
      vertex 0.99999647516816459 0.999486345444068 0.60364813180347154
    endloop
  endfacet
  facet normal 0 1 0
    outer loop
      vertex 0.76666666666666672 1 0.26666666666666661
      vertex 0.59999999999999998 1 0.53333333333333321
      vertex 0.75 1 0.74999999999999989
    endloop
  endfacet
  facet normal 0 1 -0
    outer loop
      vertex 0.35999999999999999 1 0.30666666666666659
      vertex 0.26666666666666666 1 0.53333333333333333
      vertex 0.59999999999999998 1 0.53333333333333321
    endloop
  endfacet
  facet normal 0 1 0
    outer loop
      vertex 0.033333333333333326 1 0.41666666666666663
      vertex -0.33333333333333326 1 0.31111111111111106
      vertex -0.26666666666666661 1 0.73333333333333317
    endloop
  endfacet
  facet normal 0 1 -0
    outer loop
      vertex -0.33333333333333326 1 0.31111111111111106
      vertex -0.46666666666666662 1 0.53333333333333333
      vertex -0.26666666666666661 1 0.73333333333333317
    endloop
  endfacet
  facet normal -0.0018749129673462895 0.99999121171479521 -0.003749825934692576
    outer loop
      vertex -0.73333333333333339 1 0.46666666666666667
      vertex -0.99999647516816459 0.999486345444068 0.46301853486319494
      vertex -1 1 0.60000000000000009
    endloop
  endfacet
  facet normal -0.00026404944293252679 0.99999212137072424 -0.0039607416439879414
    outer loop
      vertex 0.99999647516816459 0.999486345444068 0.60364813180347154
      vertex 0.75 1 0.74999999999999989
      vertex 1 1 0.73333333333333339
    endloop
  endfacet
  facet normal 0 1 -0
    outer loop
      vertex 0.59999999999999998 1 0.53333333333333321
      vertex 0.26666666666666661 1 0.80000000000000004
      vertex 0.75 1 0.74999999999999989
    endloop
  endfacet
  facet normal 0 1 0
    outer loop
      vertex 0.59999999999999998 1 0.53333333333333321
      vertex 0.26666666666666666 1 0.53333333333333333
      vertex 0.26666666666666661 1 0.80000000000000004
    endloop
  endfacet
  facet normal 0 1 0
    outer loop
      vertex 0.26666666666666666 1 0.53333333333333333
      vertex 0.033333333333333326 1 0.41666666666666663
      vertex 0.26666666666666661 1 0.80000000000000004
    endloop
  endfacet
  facet normal 0 1 -0
    outer loop
      vertex 0.033333333333333326 1 0.41666666666666663
      vertex -0.26666666666666661 1 0.73333333333333317
      vertex 0.26666666666666661 1 0.80000000000000004
    endloop
  endfacet
  facet normal 0 1 -0
    outer loop
      vertex -0.46666666666666662 1 0.53333333333333333
      vertex -0.73333333333333328 1 0.80000000000000004
      vertex -0.26666666666666661 1 0.73333333333333317
    endloop
  endfacet
  facet normal 0 1 0
    outer loop
      vertex -0.46666666666666662 1 0.53333333333333333
      vertex -0.73333333333333339 1 0.46666666666666667
      vertex -0.73333333333333328 1 0.80000000000000004
    endloop
  endfacet
  facet normal 0 1 0
    outer loop
      vertex -0.73333333333333339 1 0.46666666666666667
      vertex -1 1 0.60000000000000009
      vertex -1 1 0.73333333333333339
    endloop
  endfacet
  facet normal 0 1 -0
    outer loop
      vertex -0.73333333333333339 1 0.46666666666666667
      vertex -1 1 0.73333333333333339
      vertex -0.73333333333333328 1 0.80000000000000004
    endloop
  endfacet
  facet normal 0 1 -0
    outer loop
      vertex 1 1 0.73333333333333339
      vertex 0.75 1 0.74999999999999989
      vertex 1 1 0.8666666666666667
    endloop
  endfacet
  facet normal -1.5171680922855239e-06 0.99999999992519151 1.2137344738284153e-05
    outer loop
      vertex 0.26666666666666661 1 0.80000000000000004
      vertex -0.26666666666666661 1 0.73333333333333317
      vertex -0.066666666666666638 0.99999706993204285 0.99974263826068366
    endloop
  endfacet
  facet normal 1.7599431307276196e-06 0.99999999992256505 1.2319601915093299e-05
    outer loop
      vertex -0.26666666666666661 1 0.73333333333333317
      vertex -0.73333333333333328 1 0.80000000000000004
      vertex -0.46666666666666667 0.99999706993204274 0.99974263826068366
    endloop
  endfacet
  facet normal 0 1 0
    outer loop
      vertex -0.73333333333333328 1 0.80000000000000004
      vertex -1 1 0.73333333333333339
      vertex -1 1 0.8666666666666667
    endloop
  endfacet
  facet normal 0 1 0
    outer loop
      vertex 1 1 0.8666666666666667
      vertex 0.75 1 0.74999999999999989
      vertex 0.8666666666666667 1 1
    endloop
  endfacet
  facet normal 0 1 -0
    outer loop
      vertex 1 1 0.8666666666666667
      vertex 0.8666666666666667 1 1
      vertex 1 1 1
    endloop
  endfacet
  facet normal -0.012140833064598561 0.9999102458549064 0.005665722096812661
    outer loop
      vertex 0.75 1 0.74999999999999989
      vertex 0.74025104602510461 0.99846510454468473 0.99999413051321773
      vertex 0.8666666666666667 1 1
    endloop
  endfacet
  facet normal 0.0070966993699887772 0.99995423361507929 0.0064161930559642737
    outer loop
      vertex 0.75 1 0.74999999999999989
      vertex 0.59635186819652852 0.999486345444068 0.99999647516816448
      vertex 0.74025104602510461 0.99846510454468473 0.99999413051321773
    endloop
  endfacet
  facet normal 0 1 0
    outer loop
      vertex 0.75 1 0.74999999999999989
      vertex 0.26666666666666661 1 0.80000000000000004
      vertex 0.46666666666666656 1 1
    endloop
  endfacet
  facet normal 0.0039608310599701154 0.99998208044855486 0.0044889418679661302
    outer loop
      vertex 0.75 1 0.74999999999999989
      vertex 0.46666666666666656 1 1
      vertex 0.59635186819652852 0.999486345444068 0.99999647516816448
    endloop
  endfacet
  facet normal 0 1 0
    outer loop
      vertex 0.26666666666666661 1 0.80000000000000004
      vertex 0.33333333333333326 1 1
      vertex 0.46666666666666656 1 1
    endloop
  endfacet
  facet normal 0 1 -0
    outer loop
      vertex 0.26666666666666661 1 0.80000000000000004
      vertex 0.19999999999999996 1 1
      vertex 0.33333333333333326 1 1
    endloop
  endfacet
  facet normal -0.0039607096236015998 0.99999128483939936 -0.001320236541200533
    outer loop
      vertex 0.26666666666666661 1 0.80000000000000004
      vertex 0.070314798470138259 0.99948634544406822 0.99999647516816448
      vertex 0.19999999999999996 1 1
    endloop
  endfacet
  facet normal 0.0037168014180995277 0.99997376481866895 0.0062173194863818209
    outer loop
      vertex 0.26666666666666661 1 0.80000000000000004
      vertex -0.066666666666666638 0.99999706993204285 0.99974263826068366
      vertex 0.070314798470138259 0.99948634544406822 0.99999647516816448
    endloop
  endfacet
  facet normal -0.0039323388220139305 0.99998787829713487 0.0029631014466923091
    outer loop
      vertex -0.066666666666666638 0.99999706993204285 0.99974263826068366
      vertex -0.26666666666666661 1 0.73333333333333317
      vertex -0.19635186819652836 0.999486345444068 0.99999647516816448
    endloop
  endfacet
  facet normal 0.0037498067552352251 0.99999253003891453 0.00093745168880880693
    outer loop
      vertex -0.26666666666666661 1 0.73333333333333317
      vertex -0.33333333333333337 1 1
      vertex -0.19635186819652836 0.999486345444068 0.99999647516816448
    endloop
  endfacet
  facet normal -2.1964910434677645e-05 0.99999999974369447 -5.4912276086694155e-06
    outer loop
      vertex -0.26666666666666661 1 0.73333333333333317
      vertex -0.46666666666666667 0.99999706993204274 0.99974263826068366
      vertex -0.33333333333333337 1 1
    endloop
  endfacet
  facet normal -0.012083893301507956 0.99979660169271656 0.016147283560187364
    outer loop
      vertex -0.46666666666666667 0.99999706993204274 0.99974263826068366
      vertex -0.73333333333333328 1 0.80000000000000004
      vertex -0.59308228730822865 0.99846510454468473 0.99999413051321762
    endloop
  endfacet
  facet normal 0.010943259180016873 0.99994012074649696 6.074729153047674e-18
    outer loop
      vertex -0.73333333333333328 1 0.80000000000000004
      vertex -0.73333333333333339 1 1
      vertex -0.59308228730822865 0.99846510454468473 0.99999413051321762
    endloop
  endfacet
  facet normal 0 1 0
    outer loop
      vertex -0.73333333333333328 1 0.80000000000000004
      vertex -0.8666666666666667 1 1
      vertex -0.73333333333333339 1 1
    endloop
  endfacet
  facet normal 0 1 0
    outer loop
      vertex -0.73333333333333328 1 0.80000000000000004
      vertex -1 1 0.8666666666666667
      vertex -1 1 1
    endloop
  endfacet
  facet normal 0 1 0
    outer loop
      vertex -0.73333333333333328 1 0.80000000000000004
      vertex -1 1 1
      vertex -0.8666666666666667 1 1
    endloop
  endfacet
  facet normal 0.010943061840232138 -0.99988024222659866 -0.010943061840232138
    outer loop
      vertex -1 -1 -1
      vertex -0.85974895397489537 -0.99846510454468473 -0.99999413051321762
      vertex -0.80000000000000004 -1 -0.80000000000000004
    endloop
  endfacet
  facet normal -0.0037498544074418337 -0.99998593849305994 0.0037498544074418337
    outer loop
      vertex -1 -1 -1
      vertex -0.80000000000000004 -1 -0.80000000000000004
      vertex -0.99999647516816448 -0.999486345444068 -0.86301853486319502
    endloop
  endfacet
  facet normal -0.012140853359331379 -0.99991810757998634 -0.0040469511197771266
    outer loop
      vertex -0.85974895397489537 -0.99846510454468473 -0.99999413051321762
      vertex -0.73333333333333339 -1 -1
      vertex -0.80000000000000004 -1 -0.80000000000000004
    endloop
  endfacet
  facet normal 2.1961379626438333e-05 -0.99999999973205433 7.3204598754794442e-06
    outer loop
      vertex -0.73333333333333339 -1 -1
      vertex -0.59999999999999998 -0.99999706993204274 -0.99974263826068366
      vertex -0.80000000000000004 -1 -0.80000000000000004
    endloop
  endfacet
  facet normal 0.01210231710572952 -0.99989858025242839 -0.0075075382017328581
    outer loop
      vertex -0.59999999999999998 -0.99999706993204274 -0.99974263826068366
      vertex -0.47358437935843795 -0.99846510454468473 -0.99999413051321762
      vertex -0.40740740740740738 -1 -0.68888888888888888
    endloop
  endfacet
  facet normal -0.010943331062571877 -0.99993672529231525 -0.002605555014898064
    outer loop
      vertex -0.47358437935843795 -0.99846510454468473 -0.99999413051321762
      vertex -0.33333333333333337 -1 -1
      vertex -0.40740740740740738 -1 -0.68888888888888888
    endloop
  endfacet
  facet normal 0.0037498718652722303 -0.9999734389624666 -0.0062497864421203865
    outer loop
      vertex -0.33333333333333337 -1 -1
      vertex -0.19635186819652831 -0.999486345444068 -0.99999647516816448
      vertex 0 -1 -0.80000000000000004
    endloop
  endfacet
  facet normal 0 -1 0
    outer loop
      vertex -0.33333333333333337 -1 -1
      vertex 0 -1 -0.80000000000000004
      vertex -0.40740740740740738 -1 -0.68888888888888888
    endloop
  endfacet
  facet normal -0.0039607096236033128 -0.99999128483939936 0.0013202365412011039
    outer loop
      vertex -0.19635186819652831 -0.999486345444068 -0.99999647516816448
      vertex -0.066666666666666652 -1 -1
      vertex 0 -1 -0.80000000000000004
    endloop
  endfacet
  facet normal 0.0037498135145268541 -0.99999218824649172 -0.0012499378381756179
    outer loop
      vertex -0.066666666666666652 -1 -1
      vertex 0.070314798470138259 -0.99948634544406822 -0.99999647516816448
      vertex 0 -1 -0.80000000000000004
    endloop
  endfacet
  facet normal -0.0039608255434618262 -0.99998431173795344 -0.0039608255434618262
    outer loop
      vertex 0.070314798470138259 -0.99948634544406822 -0.99999647516816448
      vertex 0.19999999999999996 -1 -1
      vertex 0 -1 -0.80000000000000004
    endloop
  endfacet
  facet normal 0 -0.97526744981842151 0.22102805551484342
    outer loop
      vertex 0.19999999999999996 -1 -1
      vertex 0.33333333333333326 -1 -1
      vertex 0.47324317157252699 -0.9999399812134987 -0.99973517222184316
    endloop
  endfacet
  facet normal 0.00021944068821984093 -0.99999995184578316 0.00021944068821984093
    outer loop
      vertex 0.19999999999999996 -1 -1
      vertex 0.47324317157252699 -0.9999399812134987 -0.99973517222184316
      vertex 0 -1 -0.80000000000000004
    endloop
  endfacet
  facet normal -2.1986119146492388e-05 -0.99999999974319942 -5.496529786623097e-06
    outer loop
      vertex 0.73333333333333339 -0.99999706993204285 -0.99974263826068366
      vertex 0.8666666666666667 -1 -1
      vertex 0.80000000000000004 -1 -0.73333333333333339
    endloop
  endfacet
  facet normal 0 -0.99994012074649707 0.010943259180018467
    outer loop
      vertex 0.8666666666666667 -1 -1
      vertex 1 -1 -1
      vertex 0.99999413051321773 -0.99846510454468451 -0.85974895397489537
    endloop
  endfacet
  facet normal 0.0091147078625727074 -0.99995586389193514 0.0022786769656431768
    outer loop
      vertex 0.8666666666666667 -1 -1
      vertex 0.99999413051321773 -0.99846510454468451 -0.85974895397489537
      vertex 0.80000000000000004 -1 -0.73333333333333339
    endloop
  endfacet
  facet normal -0.0013630892772281814 -0.99999175617083946 -0.0038248631325639953
    outer loop
      vertex -0.99999647516816448 -0.999486345444068 -0.86301853486319502
      vertex -0.80000000000000004 -1 -0.80000000000000004
      vertex -0.99974263826068344 -0.99999706993204274 -0.72958257713248642
    endloop
  endfacet
  facet normal 3.2349370922637157e-06 -0.99999999992944388 -1.1430111059331793e-05
    outer loop
      vertex -0.80000000000000004 -1 -0.80000000000000004
      vertex -0.59999999999999998 -0.99999706993204274 -0.99974263826068366
      vertex -0.40740740740740738 -1 -0.68888888888888888
    endloop
  endfacet
  facet normal 6.0166313525813926e-05 -0.99999998571802673 -0.00015793657300526163
    outer loop
      vertex 0 -1 -0.80000000000000004
      vertex 0.47324317157252699 -0.9999399812134987 -0.99973517222184316
      vertex 0.46666666666666667 -1 -0.62222222222222234
    endloop
  endfacet
  facet normal -0.00021949461201079893 -0.99999997494620974 4.3928293921647909e-05
    outer loop
      vertex 0.47324317157252699 -0.9999399812134987 -0.99973517222184316
      vertex 0.73333333333333339 -0.99999706993204285 -0.99974263826068366
      vertex 0.80000000000000004 -1 -0.73333333333333339
    endloop
  endfacet
  facet normal 0.001470819700694294 -0.99995075815231182 -0.0098141713875927235
    outer loop
      vertex 0.80000000000000004 -1 -0.73333333333333339
      vertex 0.99999413051321773 -0.99846510454468451 -0.85974895397489537
      vertex 0.99999706993204285 -0.99974263826068344 -0.72958257713248653
    endloop
  endfacet
  facet normal -1.3703040199859418e-05 -0.99999999990235788 2.7406080399718798e-06
    outer loop
      vertex -0.80000000000000004 -1 -0.80000000000000004
      vertex -0.7333333333333335 -1 -0.46666666666666684
      vertex -0.99974263826068344 -0.99999706993204274 -0.72958257713248642
    endloop
  endfacet
  facet normal 0 -1 0
    outer loop
      vertex -0.80000000000000004 -1 -0.80000000000000004
      vertex -0.40740740740740738 -1 -0.68888888888888888
      vertex -0.7333333333333335 -1 -0.46666666666666684
    endloop
  endfacet
  facet normal 0 -1 0
    outer loop
      vertex 0 -1 -0.80000000000000004
      vertex 0.066666666666666652 -1 -0.50476190476190474
      vertex -0.40740740740740738 -1 -0.68888888888888888
    endloop
  endfacet
  facet normal 0 -1 0
    outer loop
      vertex 0 -1 -0.80000000000000004
      vertex 0.46666666666666667 -1 -0.62222222222222234
      vertex 0.066666666666666652 -1 -0.50476190476190474
    endloop
  endfacet
  facet normal -5.3304434122679614e-05 -0.9999999857931865 -0.000159913302368039
    outer loop
      vertex 0.47324317157252699 -0.9999399812134987 -0.99973517222184316
      vertex 0.80000000000000004 -1 -0.73333333333333339
      vertex 0.46666666666666667 -1 -0.62222222222222234
    endloop
  endfacet
  facet normal 0.0013235981562040278 -0.99999720154042793 -0.0019608669596968662
    outer loop
      vertex 0.80000000000000004 -1 -0.73333333333333339
      vertex 0.99999706993204285 -0.99974263826068344 -0.72958257713248653
      vertex 0.99974263826068344 -0.99999706993204274 -0.59999999999999998
    endloop
  endfacet
  facet normal -0.001944946699785383 -0.9999961884796984 0.0019596449705477177
    outer loop
      vertex -0.99999706993204285 -0.99974263826068344 -0.59999999999999998
      vertex -0.99974263826068344 -0.99999706993204274 -0.72958257713248642
      vertex -0.7333333333333335 -1 -0.46666666666666684
    endloop
  endfacet
  facet normal -0.0055193653927120834 -0.99994328425441692 0.0091085059231543111
    outer loop
      vertex -0.99999706993204285 -0.99974263826068344 -0.59999999999999998
      vertex -0.7333333333333335 -1 -0.46666666666666684
      vertex -0.99999413051321762 -0.99846510454468451 -0.45974895397489546
    endloop
  endfacet
  facet normal 0 -1 0
    outer loop
      vertex -0.40740740740740738 -1 -0.68888888888888888
      vertex 0.066666666666666652 -1 -0.50476190476190474
      vertex -0.22666666666666671 -1 -0.38666666666666671
    endloop
  endfacet
  facet normal 0 -1 0
    outer loop
      vertex 0.066666666666666652 -1 -0.50476190476190474
      vertex 0.46666666666666667 -1 -0.62222222222222234
      vertex 0.46666666666666656 -1 -0.29999999999999999
    endloop
  endfacet
  facet normal 0 -1 0
    outer loop
      vertex 0.46666666666666667 -1 -0.62222222222222234
      vertex 0.80000000000000004 -1 -0.73333333333333339
      vertex 0.80000000000000004 -1 -0.40000000000000002
    endloop
  endfacet
  facet normal 1.4669216259794025e-05 -0.99999999989240707 0
    outer loop
      vertex 0.80000000000000004 -1 -0.73333333333333339
      vertex 0.99974263826068344 -0.99999706993204274 -0.59999999999999998
      vertex 0.80000000000000004 -1 -0.40000000000000002
    endloop
  endfacet
  facet normal -7.3204598754794459e-06 -0.99999999973205433 -2.1961379626438339e-05
    outer loop
      vertex 0.99974263826068344 -0.99999706993204274 -0.59999999999999998
      vertex 1 -1 -0.46666666666666667
      vertex 0.80000000000000004 -1 -0.40000000000000002
    endloop
  endfacet
  facet normal -0.0060704115099394027 -0.99990787101637513 -0.012140823019878785
    outer loop
      vertex -0.99999413051321762 -0.99846510454468451 -0.45974895397489546
      vertex -0.7333333333333335 -1 -0.46666666666666684
      vertex -1 -1 -0.33333333333333337
    endloop
  endfacet
  facet normal 0 -1 0
    outer loop
      vertex -0.7333333333333335 -1 -0.46666666666666684
      vertex -0.40740740740740738 -1 -0.68888888888888888
      vertex -0.46666666666666673 -1 -0.22222222222222227
    endloop
  endfacet
  facet normal 0 -1 0
    outer loop
      vertex -0.40740740740740738 -1 -0.68888888888888888
      vertex -0.22666666666666671 -1 -0.38666666666666671
      vertex -0.46666666666666673 -1 -0.22222222222222227
    endloop
  endfacet
  facet normal 0 -1 0
    outer loop
      vertex 0.066666666666666652 -1 -0.50476190476190474
      vertex 0.46666666666666656 -1 -0.29999999999999999
      vertex 0 -1 -0.16666666666666663
    endloop
  endfacet
  facet normal 0 -1 0
    outer loop
      vertex 0.46666666666666667 -1 -0.62222222222222234
      vertex 0.80000000000000004 -1 -0.40000000000000002
      vertex 0.46666666666666656 -1 -0.29999999999999999
    endloop
  endfacet
  facet normal 0 -1 0
    outer loop
      vertex 0.80000000000000004 -1 -0.40000000000000002
      vertex 1 -1 -0.46666666666666667
      vertex 1 -1 -0.33333333333333337
    endloop
  endfacet
  facet normal 0 -1 0
    outer loop
      vertex -1 -1 -0.33333333333333337
      vertex -0.7333333333333335 -1 -0.46666666666666684
      vertex -0.80000000000000004 -1 -0.1333333333333333
    endloop
  endfacet
  facet normal 0 -1 0
    outer loop
      vertex -1 -1 -0.33333333333333337
      vertex -0.80000000000000004 -1 -0.1333333333333333
      vertex -1 -1 -0.19999999999999996
    endloop
  endfacet
  facet normal 0 -1 0
    outer loop
      vertex -0.7333333333333335 -1 -0.46666666666666684
      vertex -0.46666666666666673 -1 -0.22222222222222227
      vertex -0.80000000000000004 -1 -0.1333333333333333
    endloop
  endfacet
  facet normal 0 -1 0
    outer loop
      vertex -0.22666666666666671 -1 -0.38666666666666671
      vertex 0 -1 -0.16666666666666663
      vertex -0.46666666666666673 -1 -0.22222222222222227
    endloop
  endfacet
  facet normal 0 -1 0
    outer loop
      vertex -0.22666666666666671 -1 -0.38666666666666671
      vertex 0.066666666666666652 -1 -0.50476190476190474
      vertex 0 -1 -0.16666666666666663
    endloop
  endfacet
  facet normal 0 -1 0
    outer loop
      vertex 0 -1 -0.16666666666666663
      vertex 0.46666666666666656 -1 -0.29999999999999999
      vertex 0.27999999999999992 -1 -0.040000000000000001
    endloop
  endfacet
  facet normal 0 -1 0
    outer loop
      vertex 0.46666666666666656 -1 -0.29999999999999999
      vertex 0.80000000000000004 -1 -0.40000000000000002
      vertex 0.76000000000000023 -1 -0.11999999999999998
    endloop
  endfacet
  facet normal 0 -1 0
    outer loop
      vertex 0.80000000000000004 -1 -0.40000000000000002
      vertex 1 -1 -0.33333333333333337
      vertex 1 -1 -0.19999999999999996
    endloop
  endfacet
  facet normal 0 -1 0
    outer loop
      vertex 0.80000000000000004 -1 -0.40000000000000002
      vertex 1 -1 -0.19999999999999996
      vertex 0.76000000000000023 -1 -0.11999999999999998
    endloop
  endfacet
  facet normal -0.0040469511197777103 -0.99991810757998634 0.012140853359333131
    outer loop
      vertex -1 -1 -0.19999999999999996
      vertex -0.80000000000000004 -1 -0.1333333333333333
      vertex -0.99999413051321762 -0.99846510454468451 -0.073584379358437924
    endloop
  endfacet
  facet normal 0 -1 0
    outer loop
      vertex -0.80000000000000004 -1 -0.1333333333333333
      vertex -0.46666666666666673 -1 -0.22222222222222227
      vertex -0.52380952380952372 -1 0.047619047619047596
    endloop
  endfacet
  facet normal 0.0040469511197777112 -0.99991810757998634 0.012140853359333124
    outer loop
      vertex 0.76000000000000023 -1 -0.11999999999999998
      vertex 1 -1 -0.19999999999999996
      vertex 0.99999413051321773 -0.99846510454468451 -0.073584379358437924
    endloop
  endfacet
  facet normal -0.010570940123801668 -0.99989710595207859 -0.009697047672189962
    outer loop
      vertex -0.99999413051321762 -0.99846510454468451 -0.073584379358437924
      vertex -0.80000000000000004 -1 -0.1333333333333333
      vertex -0.99989341859845471 -0.99989341859845449 0.073584379358437924
    endloop
  endfacet
  facet normal -0.00020666716030318685 -0.9999999288933481 0.00031543934993644331
    outer loop
      vertex -0.80000000000000004 -1 -0.1333333333333333
      vertex -0.52380952380952372 -1 0.047619047619047596
      vertex -0.99989341859845471 -0.99989341859845449 0.073584379358437924
    endloop
  endfacet
  facet normal 0 -1 0
    outer loop
      vertex -0.46666666666666673 -1 -0.22222222222222227
      vertex 0 -1 -0.16666666666666663
      vertex -0.049999999999999996 -1 0.1999999999999999
    endloop
  endfacet
  facet normal 0 -1 0
    outer loop
      vertex -0.46666666666666673 -1 -0.22222222222222227
      vertex -0.049999999999999996 -1 0.1999999999999999
      vertex -0.52380952380952372 -1 0.047619047619047596
    endloop
  endfacet
  facet normal 0 -1 0
    outer loop
      vertex 0 -1 -0.16666666666666663
      vertex 0.27999999999999992 -1 -0.040000000000000001
      vertex -0.049999999999999996 -1 0.1999999999999999
    endloop
  endfacet
  facet normal 0 -1 0
    outer loop
      vertex 0.27999999999999992 -1 -0.040000000000000001
      vertex 0.46666666666666656 -1 -0.29999999999999999
      vertex 0.66666666666666652 -1 0.1333333333333333
    endloop
  endfacet
  facet normal 0 -1 0
    outer loop
      vertex 0.46666666666666656 -1 -0.29999999999999999
      vertex 0.76000000000000023 -1 -0.11999999999999998
      vertex 0.66666666666666652 -1 0.1333333333333333
    endloop
  endfacet
  facet normal 0.0077677152482566745 -0.9999446485235145 -0.0070966533667091531
    outer loop
      vertex 0.76000000000000023 -1 -0.11999999999999998
      vertex 0.99999413051321773 -0.99846510454468451 -0.073584379358437924
      vertex 0.99999647516816448 -0.999486345444068 0.070314798470138259
    endloop
  endfacet
  facet normal 0.0016563467535987938 -0.99999844206433641 0.00061023301448376863
    outer loop
      vertex 0.76000000000000023 -1 -0.11999999999999998
      vertex 0.99999647516816448 -0.999486345444068 0.070314798470138259
      vertex 0.66666666666666652 -1 0.1333333333333333
    endloop
  endfacet
  facet normal -0.00023212763029248104 -0.99999996159928051 -0.00015138758497335738
    outer loop
      vertex -0.99989341859845471 -0.99989341859845449 0.073584379358437924
      vertex -0.52380952380952372 -1 0.047619047619047596
      vertex -0.66666666666666674 -1 0.26666666666666661
    endloop
  endfacet
  facet normal 0 -1 0
    outer loop
      vertex -0.52380952380952372 -1 0.047619047619047596
      vertex -0.049999999999999996 -1 0.1999999999999999
      vertex -0.35999999999999999 -1 0.30666666666666659
    endloop
  endfacet
  facet normal 0 -1 0
    outer loop
      vertex -0.049999999999999996 -1 0.1999999999999999
      vertex 0.27999999999999992 -1 -0.040000000000000001
      vertex 0.26666666666666661 -1 0.26666666666666661
    endloop
  endfacet
  facet normal 0 -1 0
    outer loop
      vertex 0.27999999999999992 -1 -0.040000000000000001
      vertex 0.66666666666666652 -1 0.1333333333333333
      vertex 0.26666666666666661 -1 0.26666666666666661
    endloop
  endfacet
  facet normal 0.0007921538492842462 -0.99999184236635441 -0.0039607692464212335
    outer loop
      vertex 0.66666666666666652 -1 0.1333333333333333
      vertex 0.99999647516816448 -0.999486345444068 0.070314798470138259
      vertex 1 -1 0.19999999999999996
    endloop
  endfacet
  facet normal 0.00094140387019254546 -0.9999992021370635 -0.0008423087259617516
    outer loop
      vertex -1 -1 0.19999999999999996
      vertex -0.99989341859845471 -0.99989341859845449 0.073584379358437924
      vertex -0.71666666666666656 -1 0.51666666666666661
    endloop
  endfacet
  facet normal -0.0021573408795754461 -0.9999958099942885 0.0019302523659359262
    outer loop
      vertex -1 -1 0.19999999999999996
      vertex -0.71666666666666656 -1 0.51666666666666661
      vertex -0.99999706993204285 -0.99974263826068344 0.33333333333333326
    endloop
  endfacet
  facet normal -0.00028662994052266452 -0.99999995727850322 -5.7325988104532716e-05
    outer loop
      vertex -0.99989341859845471 -0.99989341859845449 0.073584379358437924
      vertex -0.66666666666666674 -1 0.26666666666666661
      vertex -0.71666666666666656 -1 0.51666666666666661
    endloop
  endfacet
  facet normal 0 -1 0
    outer loop
      vertex -0.66666666666666674 -1 0.26666666666666661
      vertex -0.52380952380952372 -1 0.047619047619047596
      vertex -0.35999999999999999 -1 0.30666666666666659
    endloop
  endfacet
  facet normal 0 -1 0
    outer loop
      vertex 0.26666666666666661 -1 0.26666666666666661
      vertex 0.66666666666666652 -1 0.1333333333333333
      vertex 0.66666666666666674 -1 0.43333333333333324
    endloop
  endfacet
  facet normal 8.7969959019472082e-06 -0.99999999996130651 -6.5110849319166259e-21
    outer loop
      vertex 0.66666666666666652 -1 0.1333333333333333
      vertex 0.99974263826068366 -0.99999706993204274 0.33333333333333326
      vertex 0.66666666666666674 -1 0.43333333333333324
    endloop
  endfacet
  facet normal -4.3934058929185064e-06 -0.99999999974907372 2.1967029464592548e-05
    outer loop
      vertex 0.66666666666666652 -1 0.1333333333333333
      vertex 1 -1 0.19999999999999996
      vertex 0.99974263826068366 -0.99999706993204274 0.33333333333333326
    endloop
  endfacet
  facet normal -0.0021190043497707938 -0.99999600457180771 0.0018710053412478017
    outer loop
      vertex -0.99999706993204285 -0.99974263826068344 0.33333333333333326
      vertex -0.71666666666666656 -1 0.51666666666666661
      vertex -0.99999647516816448 -0.99948634544406822 0.47031479847013818
    endloop
  endfacet
  facet normal 0 -1 0
    outer loop
      vertex -0.66666666666666674 -1 0.26666666666666661
      vertex -0.35999999999999999 -1 0.30666666666666659
      vertex -0.71666666666666656 -1 0.51666666666666661
    endloop
  endfacet
  facet normal 0 -1 0
    outer loop
      vertex -0.35999999999999999 -1 0.30666666666666659
      vertex -0.049999999999999996 -1 0.1999999999999999
      vertex -0.20000000000000001 -1 0.53333333333333333
    endloop
  endfacet
  facet normal 0 -1 0
    outer loop
      vertex -0.049999999999999996 -1 0.1999999999999999
      vertex 0.19999999999999998 -1 0.53333333333333333
      vertex -0.20000000000000001 -1 0.53333333333333333
    endloop
  endfacet
  facet normal 0 -1 0
    outer loop
      vertex -0.049999999999999996 -1 0.1999999999999999
      vertex 0.26666666666666661 -1 0.26666666666666661
      vertex 0.19999999999999998 -1 0.53333333333333333
    endloop
  endfacet
  facet normal 0 -1 0
    outer loop
      vertex 0.26666666666666661 -1 0.26666666666666661
      vertex 0.66666666666666674 -1 0.43333333333333324
      vertex 0.19999999999999998 -1 0.53333333333333333
    endloop
  endfacet
  facet normal 0.0011904561392615152 -0.99999154602032503 0.0039358229203806348
    outer loop
      vertex 0.99974263826068366 -0.99999706993204274 0.33333333333333326
      vertex 0.99999647516816459 -0.999486345444068 0.46301853486319494
      vertex 0.66666666666666674 -1 0.43333333333333324
    endloop
  endfacet
  facet normal -0.0011649346863519315 -0.99999147754635254 -0.0039607779335965616
    outer loop
      vertex -0.99999647516816448 -0.99948634544406822 0.47031479847013818
      vertex -0.71666666666666656 -1 0.51666666666666661
      vertex -1 -1 0.60000000000000009
    endloop
  endfacet
  facet normal 0 -1 0
    outer loop
      vertex -0.35999999999999999 -1 0.30666666666666659
      vertex -0.20000000000000001 -1 0.53333333333333333
      vertex -0.71666666666666656 -1 0.51666666666666661
    endloop
  endfacet
  facet normal 0 -1 0
    outer loop
      vertex 0.19999999999999998 -1 0.53333333333333333
      vertex 0.66666666666666674 -1 0.43333333333333324
      vertex 0.39999999999999991 -1 0.73333333333333339
    endloop
  endfacet
  facet normal 0 -1 0
    outer loop
      vertex 0.66666666666666674 -1 0.43333333333333324
      vertex 0.7333333333333335 -1 0.7333333333333335
      vertex 0.39999999999999991 -1 0.73333333333333339
    endloop
  endfacet
  facet normal 0.0018749129673462899 -0.9999912117147951 -0.0037498259346925751
    outer loop
      vertex 0.66666666666666674 -1 0.43333333333333324
      vertex 0.99999647516816459 -0.999486345444068 0.46301853486319494
      vertex 1 -1 0.60000000000000009
    endloop
  endfacet
  facet normal 0 -1 0
    outer loop
      vertex -1 -1 0.60000000000000009
      vertex -0.71666666666666656 -1 0.51666666666666661
      vertex -0.73333333333333328 -1 0.80000000000000004
    endloop
  endfacet
  facet normal -0.0028123813641024956 -0.9999890145383582 0.0037498418188033297
    outer loop
      vertex -1 -1 0.60000000000000009
      vertex -0.73333333333333328 -1 0.80000000000000004
      vertex -0.99999647516816448 -0.999486345444068 0.73698146513680507
    endloop
  endfacet
  facet normal 0 -1 0
    outer loop
      vertex -0.71666666666666656 -1 0.51666666666666661
      vertex -0.40000000000000002 -1 0.80000000000000004
      vertex -0.73333333333333328 -1 0.80000000000000004
    endloop
  endfacet
  facet normal 0 -1 0
    outer loop
      vertex -0.71666666666666656 -1 0.51666666666666661
      vertex -0.20000000000000001 -1 0.53333333333333333
      vertex -0.40000000000000002 -1 0.80000000000000004
    endloop
  endfacet
  facet normal 0 -1 0
    outer loop
      vertex -0.20000000000000001 -1 0.53333333333333333
      vertex 0 -1 0.80000000000000004
      vertex -0.40000000000000002 -1 0.80000000000000004
    endloop
  endfacet
  facet normal 0 -1 0
    outer loop
      vertex -0.20000000000000001 -1 0.53333333333333333
      vertex 0.19999999999999998 -1 0.53333333333333333
      vertex 0 -1 0.80000000000000004
    endloop
  endfacet
  facet normal 0 -1 0
    outer loop
      vertex 0.19999999999999998 -1 0.53333333333333333
      vertex 0.39999999999999991 -1 0.73333333333333339
      vertex 0 -1 0.80000000000000004
    endloop
  endfacet
  facet normal 0 -1 0
    outer loop
      vertex 0.66666666666666674 -1 0.43333333333333324
      vertex 1 -1 0.60000000000000009
      vertex 1 -1 0.73333333333333339
    endloop
  endfacet
  facet normal 0 -1 0
    outer loop
      vertex 0.66666666666666674 -1 0.43333333333333324
      vertex 1 -1 0.73333333333333339
      vertex 0.7333333333333335 -1 0.7333333333333335
    endloop
  endfacet
  facet normal -0.00099019348250300185 -0.99999166585864219 -0.0039607739300120083
    outer loop
      vertex -0.99999647516816448 -0.999486345444068 0.73698146513680507
      vertex -0.73333333333333328 -1 0.80000000000000004
      vertex -1 -1 0.8666666666666667
    endloop
  endfacet
  facet normal -1.3317348291233942e-19 -0.9999999200639712 0.00039984003201309556
    outer loop
      vertex 0.39999999999999991 -1 0.73333333333333339
      vertex 0.7333333333333335 -1 0.7333333333333335
      vertex 0.59308228730822876 -0.99989341859845449 0.99989341859845471
    endloop
  endfacet
  facet normal 0 -1 0
    outer loop
      vertex 0.7333333333333335 -1 0.7333333333333335
      vertex 1 -1 0.73333333333333339
      vertex 1 -1 0.8666666666666667
    endloop
  endfacet
  facet normal 0 -1 0
    outer loop
      vertex -1 -1 0.8666666666666667
      vertex -0.73333333333333328 -1 0.80000000000000004
      vertex -0.8666666666666667 -1 1
    endloop
  endfacet
  facet normal 0 -1 0
    outer loop
      vertex -1 -1 0.8666666666666667
      vertex -0.8666666666666667 -1 1
      vertex -1 -1 1
    endloop
  endfacet
  facet normal 0 -1 0
    outer loop
      vertex -0.73333333333333328 -1 0.80000000000000004
      vertex -0.73333333333333339 -1 1
      vertex -0.8666666666666667 -1 1
    endloop
  endfacet
  facet normal 0.0019302094491636227 -0.99999813714400598 1.0714814864052475e-18
    outer loop
      vertex -0.73333333333333328 -1 0.80000000000000004
      vertex -0.59999999999999998 -0.99974263826068366 0.99999706993204274
      vertex -0.73333333333333339 -1 1
    endloop
  endfacet
  facet normal 0 -1 0
    outer loop
      vertex -0.73333333333333328 -1 0.80000000000000004
      vertex -0.40000000000000002 -1 0.80000000000000004
      vertex -0.46666666666666667 -1 1
    endloop
  endfacet
  facet normal -0.0019302596141749055 -0.99999482512247406 0.0025736794855665403
    outer loop
      vertex -0.73333333333333328 -1 0.80000000000000004
      vertex -0.46666666666666667 -1 1
      vertex -0.59999999999999998 -0.99974263826068366 0.99999706993204274
    endloop
  endfacet
  facet normal 0.013072670969177283 -0.99990505397803298 0.0043575569897257608
    outer loop
      vertex -0.40000000000000002 -1 0.80000000000000004
      vertex -0.3299619358346928 -0.99821275872614701 0.99999440427453867
      vertex -0.46666666666666667 -1 1
    endloop
  endfacet
  facet normal 0 -1 0
    outer loop
      vertex -0.40000000000000002 -1 0.80000000000000004
      vertex 0 -1 0.80000000000000004
      vertex -0.19999999999999996 -1 1
    endloop
  endfacet
  facet normal -0.013750028191880962 -0.99981091884888151 0.01375002819188097
    outer loop
      vertex -0.40000000000000002 -1 0.80000000000000004
      vertex -0.19999999999999996 -1 1
      vertex -0.3299619358346928 -0.99821275872614701 0.99999440427453867
    endloop
  endfacet
  facet normal 0 -1 0
    outer loop
      vertex 0 -1 0.80000000000000004
      vertex -0.066666666666666652 -1 1
      vertex -0.19999999999999996 -1 1
    endloop
  endfacet
  facet normal 0.012140853359331372 -0.99991810757998645 0.004046951119777124
    outer loop
      vertex 0 -1 0.80000000000000004
      vertex 0.05974895397489538 -0.99846510454468473 0.99999413051321762
      vertex -0.066666666666666652 -1 1
    endloop
  endfacet
  facet normal -0.010943061840232141 -0.99988024222659866 0.010943061840232141
    outer loop
      vertex 0 -1 0.80000000000000004
      vertex 0.19999999999999996 -1 1
      vertex 0.05974895397489538 -0.99846510454468473 0.99999413051321762
    endloop
  endfacet
  facet normal 0 -1 0
    outer loop
      vertex 0 -1 0.80000000000000004
      vertex 0.39999999999999991 -1 0.73333333333333339
      vertex 0.33333333333333326 -1 1
    endloop
  endfacet
  facet normal 0 -1 0
    outer loop
      vertex 0 -1 0.80000000000000004
      vertex 0.33333333333333326 -1 1
      vertex 0.19999999999999996 -1 1
    endloop
  endfacet
  facet normal 0.00084292511272711422 -0.99999962253472008 -0.00021073127818177856
    outer loop
      vertex 0.39999999999999991 -1 0.73333333333333339
      vertex 0.59308228730822876 -0.99989341859845449 0.99989341859845471
      vertex 0.46666666666666656 -1 1
    endloop
  endfacet
  facet normal 0 -1 0
    outer loop
      vertex 0.39999999999999991 -1 0.73333333333333339
      vertex 0.46666666666666656 -1 1
      vertex 0.33333333333333326 -1 1
    endloop
  endfacet
  facet normal -0.00075993280471623153 -0.99999971125102449 -3.1706870038207326e-19
    outer loop
      vertex 0.59308228730822876 -0.99989341859845449 0.99989341859845471
      vertex 0.7333333333333335 -1 0.7333333333333335
      vertex 0.73333333333333339 -1 1
    endloop
  endfacet
  facet normal 0.012140764906780573 -0.99992629819776135 5.0546087760258348e-18
    outer loop
      vertex 0.7333333333333335 -1 0.7333333333333335
      vertex 0.85974895397489537 -0.99846510454468473 0.99999413051321762
      vertex 0.73333333333333339 -1 1
    endloop
  endfacet
  facet normal 0 -1 0
    outer loop
      vertex 0.7333333333333335 -1 0.7333333333333335
      vertex 1 -1 0.8666666666666667
      vertex 1 -1 1
    endloop
  endfacet
  facet normal -0.010943061840232136 -0.99988024222659877 0.010943061840232136
    outer loop
      vertex 0.7333333333333335 -1 0.7333333333333335
      vertex 1 -1 1
      vertex 0.85974895397489537 -0.99846510454468473 0.99999413051321762
    endloop
  endfacet
endsolid line_r_0_25_w_1e_03
