solid line_r_0_25_w_1e_03
  facet normal -0.44721359549995721 -1.2371456820343593e-15 0.89442719099991619
    outer loop
      vertex -0.31666666666660809 -0.97777777777777775 0.34166666666669598
      vertex -0.22380952380954186 -0.98095238095238102 0.388095238095229
      vertex -0.28333333333335953 -0.93333333333333335 0.35833333333332029
    endloop
  endfacet
  facet normal 0.44721359549995682 -1.675710553442893e-15 0.89442719099991641
    outer loop
      vertex 0.038888888888905702 -0.96666666666666667 0.48055555555554708
      vertex 0.14166666666661981 -0.97499999999999998 0.42916666666669018
      vertex 0.083333333333330428 -0.94999999999999996 0.45833333333333481
    endloop
  endfacet
  facet normal 0.44721359549995843 2.1722173840912233e-15 0.89442719099991574
    outer loop
      vertex 0.14166666666661981 -0.97499999999999998 0.42916666666669018
      vertex 0.24761904761901379 -0.97142857142857142 0.37619047619049312
      vertex 0.18333333333333335 -0.94999999999999996 0.40833333333333333
    endloop
  endfacet
  facet normal 0.44721359549995776 -1.2849736638283175e-15 0.89442719099991608
    outer loop
      vertex 0.24761904761901379 -0.97142857142857142 0.37619047619049312
      vertex 0.35416666666667174 -0.96666666666666656 0.32291666666666419
      vertex 0.28333333333334443 -0.94999999999999996 0.35833333333332784
    endloop
  endfacet
  facet normal 0.44721359549995793 0 0.89442719099991586
    outer loop
      vertex 0.35416666666667174 -0.96666666666666656 0.32291666666666419
      vertex 0.41666666666668706 -1 0.29166666666665653
      vertex 0.41666666666668706 -0.94999999999999996 0.29166666666665653
    endloop
  endfacet
  facet normal 0.44721359549995904 -0 0.89442719099991541
    outer loop
      vertex 0.41666666666668706 -1 0.29166666666665653
      vertex 0.4722222222222468 -0.96666666666666679 0.26388888888887657
      vertex 0.41666666666668706 -0.94999999999999996 0.29166666666665653
    endloop
  endfacet
  facet normal 0.44721359549995771 -5.3480124046038219e-16 0.89442719099991608
    outer loop
      vertex 0.4722222222222468 -0.96666666666666679 0.26388888888887657
      vertex 0.55833333333333335 -0.98333333333333339 0.22083333333333333
      vertex 0.51666666666666672 -0.94999999999999996 0.24166666666666664
    endloop
  endfacet
  facet normal 0.44721359549995787 1.5975107276148336e-15 0.89442719099991586
    outer loop
      vertex 0.67916666666667558 -0.96666666666666656 0.16041666666666221
      vertex 0.77878787878787481 -0.96363636363636362 0.1106060606060626
      vertex 0.73333333333334105 -0.93333333333333324 0.13333333333332942
    endloop
  endfacet
  facet normal 0.44721359549995837 1.3525127108487888e-15 0.89442719099991574
    outer loop
      vertex 0.77878787878787481 -0.96363636363636362 0.1106060606060626
      vertex 0.88333333333334996 -1 0.058333333333325021
      vertex 0.85000000000003317 -0.94999999999999996 0.074999999999983358
    endloop
  endfacet
  facet normal 0.44721359549995737 4.9456735084243753e-16 0.89442719099991619
    outer loop
      vertex 0.88333333333334996 -1 0.058333333333325021
      vertex 0.91666666666667185 -0.94999999999999996 0.041666666666664076
      vertex 0.85000000000003317 -0.94999999999999996 0.074999999999983358
    endloop
  endfacet
  facet normal 0.44721359549995726 5.2365954795063994e-16 0.89442719099991619
    outer loop
      vertex 0.88333333333334996 -1 0.058333333333325021
      vertex 0.97727272727272896 -0.95909090909090911 0.011363636363635576
      vertex 0.91666666666667185 -0.94999999999999996 0.041666666666664076
    endloop
  endfacet
  facet normal -0.44721359549995765 -3.2475010725638332e-16 0.89442719099991608
    outer loop
      vertex -0.938888888888881 -0.96666666666666656 0.030555555555559499
      vertex -0.8791666666666953 -0.96666666666666667 0.060416666666652324
      vertex -0.90000000000000002 -0.91666666666666674 0.049999999999999989
    endloop
  endfacet
  facet normal -0.44721359549995837 -5.7783122532489142e-16 0.89442719099991563
    outer loop
      vertex -0.82121212121211451 -0.94545454545454555 0.089393939393942745
      vertex -0.77500000000004188 -0.98333333333333328 0.11249999999997906
      vertex -0.7499999999999738 -0.91666666666666663 0.12500000000001316
    endloop
  endfacet
  facet normal -0.44721359549995837 -5.41162170600766e-16 0.89442719099991563
    outer loop
      vertex -0.77500000000004188 -0.98333333333333328 0.11249999999997906
      vertex -0.6999999999999772 -0.9696969696969695 0.15000000000001146
      vertex -0.7499999999999738 -0.91666666666666663 0.12500000000001316
    endloop
  endfacet
  facet normal -0.44721359549995848 1.1032532649268082e-15 0.89442719099991563
    outer loop
      vertex -0.6999999999999772 -0.9696969696969695 0.15000000000001146
      vertex -0.62083333333328294 -0.9666666666666669 0.18958333333335864
      vertex -0.67777777777778814 -0.91111111111111098 0.16111111111110593
    endloop
  endfacet
  facet normal -0.44721359549995793 1.4946449890539407e-15 0.89442719099991586
    outer loop
      vertex -0.62083333333328294 -0.9666666666666669 0.18958333333335864
      vertex -0.52999999999996483 -0.96666666666666656 0.23500000000001769
      vertex -0.58333333333334436 -0.91666666666666674 0.20833333333332785
    endloop
  endfacet
  facet normal -0.44721359549995771 1.8029506365837295e-15 0.89442719099991597
    outer loop
      vertex -0.52999999999996483 -0.96666666666666656 0.23500000000001769
      vertex -0.51666666666666661 -0.90000000000000002 0.24166666666666667
      vertex -0.58333333333334436 -0.91666666666666674 0.20833333333332785
    endloop
  endfacet
  facet normal -0.44721359549995682 -1.2929865381502398e-16 0.89442719099991641
    outer loop
      vertex -0.52999999999996483 -0.96666666666666656 0.23500000000001769
      vertex -0.45714285714285774 -0.98095238095238102 0.27142857142857113
      vertex -0.44999999999999885 -0.90000000000000002 0.27500000000000058
    endloop
  endfacet
  facet normal -0.4472135954999587 0 0.89442719099991552
    outer loop
      vertex -0.45714285714285774 -0.98095238095238102 0.27142857142857113
      vertex -0.38333333333333836 -0.97777777777777775 0.30833333333333091
      vertex -0.38333333333333836 -0.90000000000000002 0.30833333333333091
    endloop
  endfacet
  facet normal -0.44721359549995876 9.8827904882842227e-17 0.89442719099991541
    outer loop
      vertex -0.45714285714285774 -0.98095238095238102 0.27142857142857113
      vertex -0.38333333333333836 -0.90000000000000002 0.30833333333333091
      vertex -0.44999999999999885 -0.90000000000000002 0.27500000000000058
    endloop
  endfacet
  facet normal -0.44721359549995732 -1.8702126712503486e-16 0.89442719099991608
    outer loop
      vertex -0.38333333333333836 -0.97777777777777775 0.30833333333333091
      vertex -0.31666666666660809 -0.97777777777777775 0.34166666666669598
      vertex -0.33333333333330228 -0.90000000000000002 0.33333333333334891
    endloop
  endfacet
  facet normal -0.44721359549995759 0 0.89442719099991619
    outer loop
      vertex -0.38333333333333836 -0.97777777777777775 0.30833333333333091
      vertex -0.33333333333330228 -0.90000000000000002 0.33333333333334891
      vertex -0.38333333333333836 -0.90000000000000002 0.30833333333333091
    endloop
  endfacet
  facet normal -0.44721359549995809 -3.7819856240937376e-16 0.89442719099991586
    outer loop
      vertex -0.31666666666660809 -0.97777777777777775 0.34166666666669598
      vertex -0.28333333333335953 -0.93333333333333335 0.35833333333332029
      vertex -0.33333333333330228 -0.90000000000000002 0.33333333333334891
    endloop
  endfacet
  facet normal -0.44721359549995698 -8.3785527672092633e-16 0.89442719099991641
    outer loop
      vertex -0.28333333333335953 -0.93333333333333335 0.35833333333332029
      vertex -0.22380952380954186 -0.98095238095238102 0.388095238095229
      vertex -0.21666666666669285 -0.91666666666666663 0.39166666666665356
    endloop
  endfacet
  facet normal -0.44721359549995882 1.3898073310524925e-16 0.89442719099991541
    outer loop
      vertex -0.22380952380954186 -0.98095238095238102 0.388095238095229
      vertex -0.13333333333327332 -0.97777777777777775 0.43333333333336338
      vertex -0.14999999999998717 -0.91666666666666674 0.42500000000000643
    endloop
  endfacet
  facet normal -0.44721359549995821 -7.3538609357216533e-16 0.89442719099991563
    outer loop
      vertex -0.22380952380954186 -0.98095238095238102 0.388095238095229
      vertex -0.14999999999998717 -0.91666666666666674 0.42500000000000643
      vertex -0.21666666666669285 -0.91666666666666663 0.39166666666665356
    endloop
  endfacet
  facet normal -0.44721359549995843 2.5574070946421974e-16 0.89442719099991563
    outer loop
      vertex -0.13333333333327332 -0.97777777777777775 0.43333333333336338
      vertex -0.091666666666666646 -0.89166666666666672 0.45416666666666672
      vertex -0.14999999999998717 -0.91666666666666674 0.42500000000000643
    endloop
  endfacet
  facet normal -0.44721359549995771 6.0934929216105769e-16 0.89442719099991597
    outer loop
      vertex -0.13333333333327332 -0.97777777777777775 0.43333333333336338
      vertex -0.049999999999989525 -0.97777777777777775 0.47500000000000525
      vertex -0.049999999999999989 -0.91666666666666674 0.47499999999999998
    endloop
  endfacet
  facet normal -0.4472135954999571 -5.4460592986879767e-16 0.89442719099991641
    outer loop
      vertex -0.13333333333327332 -0.97777777777777775 0.43333333333336338
      vertex -0.049999999999999989 -0.91666666666666674 0.47499999999999998
      vertex -0.091666666666666646 -0.89166666666666672 0.45416666666666672
    endloop
  endfacet
  facet normal -0.44721359549995798 6.0934929216067923e-16 0.89442719099991574
    outer loop
      vertex -0.049999999999989525 -0.97777777777777775 0.47500000000000525
      vertex -1.0903692870170852e-17 -0.95999999999999996 0.5
      vertex -0.049999999999999989 -0.91666666666666674 0.47499999999999998
    endloop
  endfacet
  facet normal 0.44721359549995793 0 0.89442719099991586
    outer loop
      vertex 0.28333333333334443 -0.94999999999999996 0.35833333333332784
      vertex 0.35416666666667174 -0.96666666666666656 0.32291666666666419
      vertex 0.32222222222221186 -0.91111111111111098 0.33888888888889412
    endloop
  endfacet
  facet normal 0.44721359549995748 -6.9821273060062958e-16 0.89442719099991608
    outer loop
      vertex 0.51666666666666672 -0.94999999999999996 0.24166666666666664
      vertex 0.55833333333333335 -0.98333333333333339 0.22083333333333333
      vertex 0.55555555555557623 -0.91111111111111098 0.22222222222221194
    endloop
  endfacet
  facet normal 0.4472135954999587 -8.1609280200056082e-16 0.89442719099991552
    outer loop
      vertex 0.55833333333333335 -0.98333333333333339 0.22083333333333333
      vertex 0.61666666666669379 -0.97777777777777763 0.19166666666665305
      vertex 0.616666666666701 -0.91666666666666663 0.1916666666666495
    endloop
  endfacet
  facet normal 0.44721359549995854 -6.5870858926400467e-16 0.89442719099991563
    outer loop
      vertex 0.55833333333333335 -0.98333333333333339 0.22083333333333333
      vertex 0.616666666666701 -0.91666666666666663 0.1916666666666495
      vertex 0.55555555555557623 -0.91111111111111098 0.22222222222221194
    endloop
  endfacet
  facet normal 0.44721359549995743 -8.1246572288084631e-16 0.89442719099991608
    outer loop
      vertex 0.61666666666669379 -0.97777777777777763 0.19166666666665305
      vertex 0.67916666666667558 -0.96666666666666656 0.16041666666666221
      vertex 0.616666666666701 -0.91666666666666663 0.1916666666666495
    endloop
  endfacet
  facet normal 0.44721359549995876 -1.8057225791399483e-16 0.89442719099991541
    outer loop
      vertex 0.67916666666667558 -0.96666666666666656 0.16041666666666221
      vertex 0.73333333333334105 -0.93333333333333324 0.13333333333332942
      vertex 0.6888888888888941 -0.91111111111111098 0.15555555555555295
    endloop
  endfacet
  facet normal -0.44721359549995704 -4.9319735818038138e-16 0.89442719099991641
    outer loop
      vertex -0.97647058823530575 -0.95882352941176463 0.011764705882347182
      vertex -0.938888888888881 -0.96666666666666656 0.030555555555559499
      vertex -0.91666666666666674 -0.8666666666666667 0.041666666666666657
    endloop
  endfacet
  facet normal -0.44721359549995926 1.3413343763245336e-15 0.8944271909999153
    outer loop
      vertex -0.97647058823530575 -0.95882352941176463 0.011764705882347182
      vertex -0.91666666666666674 -0.8666666666666667 0.041666666666666657
      vertex -0.98095238095239012 -0.89047619047619053 0.0095238095238048825
    endloop
  endfacet
  facet normal -0.44721359549995759 -3.4910636530044742e-16 0.89442719099991619
    outer loop
      vertex -0.938888888888881 -0.96666666666666656 0.030555555555559499
      vertex -0.90000000000000002 -0.91666666666666674 0.049999999999999989
      vertex -0.91666666666666674 -0.8666666666666667 0.041666666666666657
    endloop
  endfacet
  facet normal -0.44721359549995765 -3.5177129938688962e-16 0.89442719099991597
    outer loop
      vertex -0.90000000000000002 -0.91666666666666674 0.049999999999999989
      vertex -0.8791666666666953 -0.96666666666666667 0.060416666666652324
      vertex -0.85555555555557283 -0.87777777777777777 0.072222222222213583
    endloop
  endfacet
  facet normal -0.44721359549995815 -1.8766441718398806e-16 0.89442719099991586
    outer loop
      vertex -0.8791666666666953 -0.96666666666666667 0.060416666666652324
      vertex -0.82121212121211451 -0.94545454545454555 0.089393939393942745
      vertex -0.85555555555557283 -0.87777777777777777 0.072222222222213583
    endloop
  endfacet
  facet normal -0.44721359549995893 1.296680785400924e-15 0.89442719099991541
    outer loop
      vertex -0.82121212121211451 -0.94545454545454555 0.089393939393942745
      vertex -0.7499999999999738 -0.91666666666666663 0.12500000000001316
      vertex -0.78888888888889408 -0.87777777777777788 0.1055555555555529
    endloop
  endfacet
  facet normal -0.44721359549995743 5.6658246171731014e-16 0.89442719099991619
    outer loop
      vertex -0.7499999999999738 -0.91666666666666663 0.12500000000001316
      vertex -0.6999999999999772 -0.9696969696969695 0.15000000000001146
      vertex -0.67777777777778814 -0.91111111111111098 0.16111111111110593
    endloop
  endfacet
  facet normal -0.44721359549995876 6.6647578830008601e-16 0.89442719099991552
    outer loop
      vertex -0.67777777777778814 -0.91111111111111098 0.16111111111110593
      vertex -0.62083333333328294 -0.9666666666666669 0.18958333333335864
      vertex -0.64999999999998492 -0.8666666666666667 0.17500000000000754
    endloop
  endfacet
  facet normal -0.44721359549995754 1.1357593751115793e-15 0.89442719099991608
    outer loop
      vertex -0.62083333333328294 -0.9666666666666669 0.18958333333335864
      vertex -0.58333333333334436 -0.91666666666666674 0.20833333333332785
      vertex -0.64999999999998492 -0.8666666666666667 0.17500000000000754
    endloop
  endfacet
  facet normal -0.44721359549995832 1.9419041569834345e-15 0.89442719099991586
    outer loop
      vertex -0.52999999999996483 -0.96666666666666656 0.23500000000001769
      vertex -0.44999999999999885 -0.90000000000000002 0.27500000000000058
      vertex -0.51666666666666661 -0.90000000000000002 0.24166666666666667
    endloop
  endfacet
  facet normal -0.44721359549995759 2.0347913863223808e-15 0.89442719099991608
    outer loop
      vertex -0.28333333333335953 -0.93333333333333335 0.35833333333332029
      vertex -0.21666666666669285 -0.91666666666666663 0.39166666666665356
      vertex -0.25555555555557624 -0.87777777777777788 0.3722222222222118
    endloop
  endfacet
  facet normal -0.44676179983227043 0.00065140928214647809 0.89465270908692685
    outer loop
      vertex -0.049999999999999989 -0.91666666666666674 0.47499999999999998
      vertex -1.0903692870170852e-17 -0.95999999999999996 0.5
      vertex 6.7331675731017212e-05 -0.88888888888888895 0.499981846344351
    endloop
  endfacet
  facet normal 0.44718683273493742 -0.00019508165238737134 0.89444055060783323
    outer loop
      vertex -1.0903692870170852e-17 -0.95999999999999996 0.5
      vertex 0.038888888888905702 -0.96666666666666667 0.48055555555554708
      vertex 6.7331675731017212e-05 -0.88888888888888895 0.499981846344351
    endloop
  endfacet
  facet normal 0.44721359549995648 -4.4397222543655241e-16 0.89442719099991652
    outer loop
      vertex 0.038888888888905702 -0.96666666666666667 0.48055555555554708
      vertex 0.083333333333330428 -0.94999999999999996 0.45833333333333481
      vertex 0.050000000000000044 -0.8666666666666667 0.47499999999999998
    endloop
  endfacet
  facet normal 0.44744740503114055 -3.2475701237407486e-05 0.89431024744001852
    outer loop
      vertex 0.038888888888905702 -0.96666666666666667 0.48055555555554708
      vertex 0.050000000000000044 -0.8666666666666667 0.47499999999999998
      vertex 6.7331675731017212e-05 -0.88888888888888895 0.499981846344351
    endloop
  endfacet
  facet normal 0.44721359549995754 9.6973990361241445e-17 0.89442719099991619
    outer loop
      vertex 0.083333333333330428 -0.94999999999999996 0.45833333333333481
      vertex 0.1166666666666539 -0.8833333333333333 0.44166666666667309
      vertex 0.050000000000000044 -0.8666666666666667 0.47499999999999998
    endloop
  endfacet
  facet normal 0.44721359549995737 2.0535668547096047e-16 0.8944271909999163
    outer loop
      vertex 0.083333333333330428 -0.94999999999999996 0.45833333333333481
      vertex 0.14166666666661981 -0.97499999999999998 0.42916666666669018
      vertex 0.1166666666666539 -0.8833333333333333 0.44166666666667309
    endloop
  endfacet
  facet normal 0.44721359549995932 1.4445780633105877e-16 0.89442719099991519
    outer loop
      vertex 0.14166666666661981 -0.97499999999999998 0.42916666666669018
      vertex 0.18333333333333335 -0.94999999999999996 0.40833333333333333
      vertex 0.17777777777778814 -0.88888888888888884 0.41111111111110593
    endloop
  endfacet
  facet normal 0.44721359549995843 5.9466423241822255e-16 0.89442719099991574
    outer loop
      vertex 0.14166666666661981 -0.97499999999999998 0.42916666666669018
      vertex 0.17777777777778814 -0.88888888888888884 0.41111111111110593
      vertex 0.1166666666666539 -0.8833333333333333 0.44166666666667309
    endloop
  endfacet
  facet normal 0.44721359549995765 -6.1093613927595726e-16 0.89442719099991608
    outer loop
      vertex 0.18333333333333335 -0.94999999999999996 0.40833333333333333
      vertex 0.24761904761901379 -0.97142857142857142 0.37619047619049312
      vertex 0.24999999999999126 -0.8833333333333333 0.37500000000000444
    endloop
  endfacet
  facet normal 0.44721359549995726 -7.6367017409483083e-17 0.89442719099991619
    outer loop
      vertex 0.18333333333333335 -0.94999999999999996 0.40833333333333333
      vertex 0.24999999999999126 -0.8833333333333333 0.37500000000000444
      vertex 0.17777777777778814 -0.88888888888888884 0.41111111111110593
    endloop
  endfacet
  facet normal 0.44721359549995732 -5.4435976512325594e-16 0.89442719099991608
    outer loop
      vertex 0.24761904761901379 -0.97142857142857142 0.37619047619049312
      vertex 0.28333333333334443 -0.94999999999999996 0.35833333333332784
      vertex 0.24999999999999126 -0.8833333333333333 0.37500000000000444
    endloop
  endfacet
  facet normal 0.44721359549995809 -1.2468084475016312e-16 0.89442719099991597
    outer loop
      vertex 0.28333333333334443 -0.94999999999999996 0.35833333333332784
      vertex 0.32222222222221186 -0.91111111111111098 0.33888888888889412
      vertex 0.24999999999999126 -0.8833333333333333 0.37500000000000444
    endloop
  endfacet
  facet normal 0.44721359549995882 6.386092048177671e-16 0.89442719099991541
    outer loop
      vertex 0.32222222222221186 -0.91111111111111098 0.33888888888889412
      vertex 0.35416666666667174 -0.96666666666666656 0.32291666666666419
      vertex 0.37777777777776483 -0.88888888888888884 0.31111111111111756
    endloop
  endfacet
  facet normal 0.44721359549995776 1.0418925720878864e-15 0.89442719099991608
    outer loop
      vertex 0.35416666666667174 -0.96666666666666656 0.32291666666666419
      vertex 0.41666666666668706 -0.94999999999999996 0.29166666666665653
      vertex 0.37777777777776483 -0.88888888888888884 0.31111111111111756
    endloop
  endfacet
  facet normal 0.44721359549995643 -0 0.89442719099991663
    outer loop
      vertex 0.41666666666668706 -0.94999999999999996 0.29166666666665653
      vertex 0.41666666666668706 -0.86666666666666659 0.29166666666665653
      vertex 0.37777777777776483 -0.88888888888888884 0.31111111111111756
    endloop
  endfacet
  facet normal 0.44721359549995887 -4.4309654057356116e-16 0.8944271909999153
    outer loop
      vertex 0.41666666666668706 -0.94999999999999996 0.29166666666665653
      vertex 0.4722222222222468 -0.96666666666666679 0.26388888888887657
      vertex 0.4833333333333496 -0.8833333333333333 0.2583333333333252
    endloop
  endfacet
  facet normal 0.44721359549995848 -0 0.89442719099991563
    outer loop
      vertex 0.41666666666668706 -0.94999999999999996 0.29166666666665653
      vertex 0.4833333333333496 -0.8833333333333333 0.2583333333333252
      vertex 0.41666666666668706 -0.86666666666666659 0.29166666666665653
    endloop
  endfacet
  facet normal 0.44721359549995748 -2.3426874513591979e-16 0.89442719099991597
    outer loop
      vertex 0.4722222222222468 -0.96666666666666679 0.26388888888887657
      vertex 0.51666666666666672 -0.94999999999999996 0.24166666666666664
      vertex 0.4833333333333496 -0.8833333333333333 0.2583333333333252
    endloop
  endfacet
  facet normal 0.44721359549995715 -4.2391487215040173e-16 0.89442719099991608
    outer loop
      vertex 0.51666666666666672 -0.94999999999999996 0.24166666666666664
      vertex 0.55555555555557623 -0.91111111111111098 0.22222222222221194
      vertex 0.4833333333333496 -0.8833333333333333 0.2583333333333252
    endloop
  endfacet
  facet normal 0.44721359549995793 0 0.89442719099991586
    outer loop
      vertex 0.616666666666701 -0.91666666666666663 0.1916666666666495
      vertex 0.67916666666667558 -0.96666666666666656 0.16041666666666221
      vertex 0.6888888888888941 -0.91111111111111098 0.15555555555555295
    endloop
  endfacet
  facet normal 0.44721359549995665 -8.5665331177552141e-16 0.89442719099991663
    outer loop
      vertex 0.73333333333334105 -0.93333333333333324 0.13333333333332942
      vertex 0.77878787878787481 -0.96363636363636362 0.1106060606060626
      vertex 0.7666666666667028 -0.88333333333333341 0.11666666666664866
    endloop
  endfacet
  facet normal 0.4472135954999587 -4.6492624435469978e-16 0.89442719099991541
    outer loop
      vertex 0.77878787878787481 -0.96363636363636362 0.1106060606060626
      vertex 0.81666666666667709 -0.8833333333333333 0.091666666666661456
      vertex 0.7666666666667028 -0.88333333333333341 0.11666666666664866
    endloop
  endfacet
  facet normal 0.44721359549995854 -3.7283204061187539e-16 0.89442719099991552
    outer loop
      vertex 0.77878787878787481 -0.96363636363636362 0.1106060606060626
      vertex 0.85000000000003317 -0.94999999999999996 0.074999999999983358
      vertex 0.81666666666667709 -0.8833333333333333 0.091666666666661456
    endloop
  endfacet
  facet normal 0.44721359549995782 -7.8548932192592185e-16 0.89442719099991574
    outer loop
      vertex 0.85000000000003317 -0.94999999999999996 0.074999999999983358
      vertex 0.87777777777778809 -0.88888888888888884 0.061111111111105954
      vertex 0.81666666666667709 -0.8833333333333333 0.091666666666661456
    endloop
  endfacet
  facet normal 0.44721359549995737 -4.7605413450074242e-16 0.89442719099991619
    outer loop
      vertex 0.85000000000003317 -0.94999999999999996 0.074999999999983358
      vertex 0.91666666666667185 -0.94999999999999996 0.041666666666664076
      vertex 0.87777777777778809 -0.88888888888888884 0.061111111111105954
    endloop
  endfacet
  facet normal 0.44721359549995793 -0 0.89442719099991586
    outer loop
      vertex 0.91666666666667185 -0.94999999999999996 0.041666666666664076
      vertex 0.91666666666667185 -0.8666666666666667 0.041666666666664076
      vertex 0.87777777777778809 -0.88888888888888884 0.061111111111105954
    endloop
  endfacet
  facet normal 0.44721359549995732 6.3299505796228603e-16 0.89442719099991619
    outer loop
      vertex 0.91666666666667185 -0.94999999999999996 0.041666666666664076
      vertex 0.97727272727272896 -0.95909090909090911 0.011363636363635576
      vertex 0.97777777777778807 -0.88333333333333341 0.011111111111105965
    endloop
  endfacet
  facet normal 0.44721359549995798 -0 0.89442719099991597
    outer loop
      vertex 0.91666666666667185 -0.94999999999999996 0.041666666666664076
      vertex 0.97777777777778807 -0.88333333333333341 0.011111111111105965
      vertex 0.91666666666667185 -0.8666666666666667 0.041666666666664076
    endloop
  endfacet
  facet normal -0.44721359549995765 -3.8852160009249425e-16 0.89442719099991597
    outer loop
      vertex -0.90000000000000002 -0.91666666666666674 0.049999999999999989
      vertex -0.85555555555557283 -0.87777777777777777 0.072222222222213583
      vertex -0.91666666666666674 -0.8666666666666667 0.041666666666666657
    endloop
  endfacet
  facet normal -0.44721359549995732 3.6538931144307379e-16 0.89442719099991608
    outer loop
      vertex -0.82121212121211451 -0.94545454545454555 0.089393939393942745
      vertex -0.78888888888889408 -0.87777777777777788 0.1055555555555529
      vertex -0.85555555555557283 -0.87777777777777777 0.072222222222213583
    endloop
  endfacet
  facet normal -0.44721359549995893 1.346553123301485e-15 0.89442719099991552
    outer loop
      vertex -0.7499999999999738 -0.91666666666666663 0.12500000000001316
      vertex -0.71666666666669054 -0.84999999999999998 0.14166666666665473
      vertex -0.78888888888889408 -0.87777777777777788 0.1055555555555529
    endloop
  endfacet
  facet normal -0.44721359549995748 4.189276383606732e-16 0.89442719099991608
    outer loop
      vertex -0.7499999999999738 -0.91666666666666663 0.12500000000001316
      vertex -0.67777777777778814 -0.91111111111111098 0.16111111111110593
      vertex -0.71666666666669054 -0.84999999999999998 0.14166666666665473
    endloop
  endfacet
  facet normal -0.44721359549995793 0 0.89442719099991586
    outer loop
      vertex -0.67777777777778814 -0.91111111111111098 0.16111111111110593
      vertex -0.64999999999998492 -0.8666666666666667 0.17500000000000754
      vertex -0.71666666666669054 -0.84999999999999998 0.14166666666665473
    endloop
  endfacet
  facet normal -0.44721359549995765 1.0473190959019837e-15 0.89442719099991597
    outer loop
      vertex -0.64999999999998492 -0.8666666666666667 0.17500000000000754
      vertex -0.58333333333334436 -0.91666666666666674 0.20833333333332785
      vertex -0.6166666666666929 -0.83333333333333337 0.1916666666666535
    endloop
  endfacet
  facet normal -0.44721359549995859 5.6729784361293193e-16 0.89442719099991563
    outer loop
      vertex -0.58333333333334436 -0.91666666666666674 0.20833333333332785
      vertex -0.55000000000000004 -0.8666666666666667 0.22500000000000001
      vertex -0.6166666666666929 -0.83333333333333337 0.1916666666666535
    endloop
  endfacet
  facet normal -0.44721359549995721 -6.2839145754063193e-16 0.89442719099991619
    outer loop
      vertex -0.58333333333334436 -0.91666666666666674 0.20833333333332785
      vertex -0.51666666666666661 -0.90000000000000002 0.24166666666666667
      vertex -0.55000000000000004 -0.8666666666666667 0.22500000000000001
    endloop
  endfacet
  facet normal -0.44721359549995809 -2.7786016830060385e-16 0.89442719099991586
    outer loop
      vertex -0.33333333333330228 -0.90000000000000002 0.33333333333334891
      vertex -0.28333333333335953 -0.93333333333333335 0.35833333333332029
      vertex -0.30555555555554131 -0.82777777777777772 0.34722222222222943
    endloop
  endfacet
  facet normal -0.4472135954999551 5.0038579026410412e-16 0.8944271909999173
    outer loop
      vertex -0.28333333333335953 -0.93333333333333335 0.35833333333332029
      vertex -0.25555555555557624 -0.87777777777777788 0.3722222222222118
      vertex -0.30555555555554131 -0.82777777777777772 0.34722222222222943
    endloop
  endfacet
  facet normal -0.44721359549995915 2.1373859100021406e-17 0.89442719099991519
    outer loop
      vertex -0.21666666666669285 -0.91666666666666663 0.39166666666665356
      vertex -0.18333333333333166 -0.83333333333333326 0.40833333333333421
      vertex -0.25555555555557624 -0.87777777777777788 0.3722222222222118
    endloop
  endfacet
  facet normal -0.44721359549995821 -4.5383827489025092e-16 0.89442719099991574
    outer loop
      vertex -0.21666666666669285 -0.91666666666666663 0.39166666666665356
      vertex -0.14999999999998717 -0.91666666666666674 0.42500000000000643
      vertex -0.18333333333333166 -0.83333333333333326 0.40833333333333421
    endloop
  endfacet
  facet normal -0.44721359549995782 -2.2826185423476099e-16 0.89442719099991597
    outer loop
      vertex -0.14999999999998717 -0.91666666666666674 0.42500000000000643
      vertex -0.13333333333330771 -0.85000000000000009 0.43333333333334617
      vertex -0.18333333333333166 -0.83333333333333326 0.40833333333333421
    endloop
  endfacet
  facet normal -0.44721359549995826 -9.7749782284144435e-17 0.89442719099991563
    outer loop
      vertex -0.14999999999998717 -0.91666666666666674 0.42500000000000643
      vertex -0.091666666666666646 -0.89166666666666672 0.45416666666666672
      vertex -0.13333333333330771 -0.85000000000000009 0.43333333333334617
    endloop
  endfacet
  facet normal -0.4472135954999571 -6.3749858011377027e-16 0.89442719099991619
    outer loop
      vertex -0.049999999999999989 -0.91666666666666674 0.47499999999999998
      vertex -0.033333333333333326 -0.85000000000000009 0.48333333333333334
      vertex -0.091666666666666646 -0.89166666666666672 0.45416666666666672
    endloop
  endfacet
  facet normal -0.44635311413713424 -0.00026883073562684011 0.89485687415928028
    outer loop
      vertex -0.049999999999999989 -0.91666666666666674 0.47499999999999998
      vertex 6.7331675731017212e-05 -0.88888888888888895 0.499981846344351
      vertex -0.033333333333333326 -0.85000000000000009 0.48333333333333334
    endloop
  endfacet
  facet normal 0.44721359549995715 8.6850851855243605e-16 0.89442719099991619
    outer loop
      vertex 0.17777777777778814 -0.88888888888888884 0.41111111111110593
      vertex 0.24999999999999126 -0.8833333333333333 0.37500000000000444
      vertex 0.21666666666666198 -0.83333333333333348 0.39166666666666899
    endloop
  endfacet
  facet normal 0.44721359549995843 9.9744675800105473e-16 0.89442719099991563
    outer loop
      vertex 0.24999999999999126 -0.8833333333333333 0.37500000000000444
      vertex 0.32222222222221186 -0.91111111111111098 0.33888888888889412
      vertex 0.28888888888889408 -0.84444444444444444 0.35555555555555296
    endloop
  endfacet
  facet normal 0.44721359549995721 3.1637764355355042e-16 0.89442719099991619
    outer loop
      vertex 0.32222222222221186 -0.91111111111111098 0.33888888888889412
      vertex 0.3499999999999942 -0.83333333333333326 0.32500000000000295
      vertex 0.28888888888889408 -0.84444444444444444 0.35555555555555296
    endloop
  endfacet
  facet normal 0.44721359549995926 -5.4984252534817117e-16 0.89442719099991541
    outer loop
      vertex 0.32222222222221186 -0.91111111111111098 0.33888888888889412
      vertex 0.37777777777776483 -0.88888888888888884 0.31111111111111756
      vertex 0.3499999999999942 -0.83333333333333326 0.32500000000000295
    endloop
  endfacet
  facet normal 0.44721359549995748 0 0.89442719099991619
    outer loop
      vertex 0.4833333333333496 -0.8833333333333333 0.2583333333333252
      vertex 0.55555555555557623 -0.91111111111111098 0.22222222222221194
      vertex 0.55833333333332424 -0.85833333333333339 0.22083333333333793
    endloop
  endfacet
  facet normal 0.44721359549995859 -4.1144678767539956e-17 0.89442719099991552
    outer loop
      vertex 0.55555555555557623 -0.91111111111111098 0.22222222222221194
      vertex 0.616666666666701 -0.91666666666666663 0.1916666666666495
      vertex 0.55833333333332424 -0.85833333333333339 0.22083333333333793
    endloop
  endfacet
  facet normal 0.44721359549995798 -7.8133329376728771e-16 0.89442719099991586
    outer loop
      vertex 0.616666666666701 -0.91666666666666663 0.1916666666666495
      vertex 0.65000000000001923 -0.84999999999999998 0.17499999999999044
      vertex 0.55833333333332424 -0.85833333333333339 0.22083333333333793
    endloop
  endfacet
  facet normal 0.44721359549995798 -7.5406974904916237e-16 0.89442719099991586
    outer loop
      vertex 0.616666666666701 -0.91666666666666663 0.1916666666666495
      vertex 0.6888888888888941 -0.91111111111111098 0.15555555555555295
      vertex 0.65000000000001923 -0.84999999999999998 0.17499999999999044
    endloop
  endfacet
  facet normal 0.44721359549995832 -5.7379716424409632e-16 0.89442719099991563
    outer loop
      vertex 0.6888888888888941 -0.91111111111111098 0.15555555555555295
      vertex 0.69999999999998253 -0.81666666666666654 0.15000000000000879
      vertex 0.65000000000001923 -0.84999999999999998 0.17499999999999044
    endloop
  endfacet
  facet normal 0.44721359549995859 -6.4687355923307362e-16 0.89442719099991563
    outer loop
      vertex 0.6888888888888941 -0.91111111111111098 0.15555555555555295
      vertex 0.73333333333334105 -0.93333333333333324 0.13333333333332942
      vertex 0.74444444444444702 -0.84444444444444444 0.12777777777777649
    endloop
  endfacet
  facet normal 0.44721359549995859 -6.1332727876388272e-16 0.89442719099991563
    outer loop
      vertex 0.6888888888888941 -0.91111111111111098 0.15555555555555295
      vertex 0.74444444444444702 -0.84444444444444444 0.12777777777777649
      vertex 0.69999999999998253 -0.81666666666666654 0.15000000000000879
    endloop
  endfacet
  facet normal 0.44721359549995587 -2.3161864620865038e-16 0.89442719099991685
    outer loop
      vertex 0.73333333333334105 -0.93333333333333324 0.13333333333332942
      vertex 0.7666666666667028 -0.88333333333333341 0.11666666666664866
      vertex 0.74444444444444702 -0.84444444444444444 0.12777777777777649
    endloop
  endfacet
  facet normal -0.44721359549995893 3.1419572877028821e-16 0.89442719099991541
    outer loop
      vertex -0.98095238095239012 -0.89047619047619053 0.0095238095238048825
      vertex -0.91666666666666674 -0.8666666666666667 0.041666666666666657
      vertex -0.92222222222223516 -0.81111111111111101 0.038888888888882422
    endloop
  endfacet
  facet normal -0.44721359549995643 -2.1049586958522179e-15 0.89442719099991674
    outer loop
      vertex -0.98095238095239012 -0.89047619047619053 0.0095238095238048825
      vertex -0.92222222222223516 -0.81111111111111101 0.038888888888882422
      vertex -0.97777777777778918 -0.81666666666666654 0.011111111111105521
    endloop
  endfacet
  facet normal -0.44721359549995771 -4.0870989108348523e-16 0.89442719099991608
    outer loop
      vertex -0.91666666666666674 -0.8666666666666667 0.041666666666666657
      vertex -0.85555555555557283 -0.87777777777777777 0.072222222222213583
      vertex -0.85000000000000009 -0.81666666666666665 0.074999999999999983
    endloop
  endfacet
  facet normal -0.44721359549995748 -8.5689744210081967e-16 0.8944271909999163
    outer loop
      vertex -0.85555555555557283 -0.87777777777777777 0.072222222222213583
      vertex -0.78888888888889408 -0.87777777777777788 0.1055555555555529
      vertex -0.78333333333333799 -0.81666666666666665 0.10833333333333101
    endloop
  endfacet
  facet normal -0.44721359549995765 -4.403500744130319e-16 0.89442719099991597
    outer loop
      vertex -0.85555555555557283 -0.87777777777777777 0.072222222222213583
      vertex -0.78333333333333799 -0.81666666666666665 0.10833333333333101
      vertex -0.85000000000000009 -0.81666666666666665 0.074999999999999983
    endloop
  endfacet
  facet normal -0.44721359549995826 -7.7979737031794659e-16 0.89442719099991574
    outer loop
      vertex -0.78888888888889408 -0.87777777777777788 0.1055555555555529
      vertex -0.71666666666669054 -0.84999999999999998 0.14166666666665473
      vertex -0.78333333333333799 -0.81666666666666665 0.10833333333333101
    endloop
  endfacet
  facet normal -0.44721359549995982 -2.5135658301618481e-15 0.89442719099991486
    outer loop
      vertex -0.6166666666666929 -0.83333333333333337 0.1916666666666535
      vertex -0.55000000000000004 -0.8666666666666667 0.22500000000000001
      vertex -0.57777777777778816 -0.81111111111111101 0.21111111111110603
    endloop
  endfacet
  facet normal -0.4472135954999571 -7.6304676987097493e-16 0.8944271909999163
    outer loop
      vertex -0.55000000000000004 -0.8666666666666667 0.22500000000000001
      vertex -0.51666666666668415 -0.81666666666666665 0.24166666666665795
      vertex -0.57777777777778816 -0.81111111111111101 0.21111111111110603
    endloop
  endfacet
  facet normal -0.44721359549995721 -5.9348082101079931e-16 0.89442719099991619
    outer loop
      vertex -0.55000000000000004 -0.8666666666666667 0.22500000000000001
      vertex -0.51666666666666661 -0.90000000000000002 0.24166666666666667
      vertex -0.51666666666668415 -0.81666666666666665 0.24166666666665795
    endloop
  endfacet
  facet normal -0.44721359549995832 -3.4910636530039136e-16 0.89442719099991574
    outer loop
      vertex -0.51666666666666661 -0.90000000000000002 0.24166666666666667
      vertex -0.44999999999999885 -0.90000000000000002 0.27500000000000058
      vertex -0.45000000000004364 -0.81666666666666654 0.27499999999997821
    endloop
  endfacet
  facet normal -0.44721359549995798 -5.958081967793547e-16 0.89442719099991586
    outer loop
      vertex -0.51666666666666661 -0.90000000000000002 0.24166666666666667
      vertex -0.45000000000004364 -0.81666666666666654 0.27499999999997821
      vertex -0.51666666666668415 -0.81666666666666665 0.24166666666665795
    endloop
  endfacet
  facet normal -0.44721359549995887 2.7928509224034347e-16 0.89442719099991541
    outer loop
      vertex -0.44999999999999885 -0.90000000000000002 0.27500000000000058
      vertex -0.38333333333333836 -0.90000000000000002 0.30833333333333091
      vertex -0.38333333333334207 -0.81666666666666654 0.30833333333332902
    endloop
  endfacet
  facet normal -0.44721359549995826 -2.9790409838988028e-16 0.89442719099991563
    outer loop
      vertex -0.44999999999999885 -0.90000000000000002 0.27500000000000058
      vertex -0.38333333333334207 -0.81666666666666654 0.30833333333332902
      vertex -0.45000000000004364 -0.81666666666666654 0.27499999999997821
    endloop
  endfacet
  facet normal -0.44721359549995748 -5.3708671584637785e-16 0.89442719099991597
    outer loop
      vertex -0.38333333333333836 -0.90000000000000002 0.30833333333333091
      vertex -0.33333333333330228 -0.90000000000000002 0.33333333333334891
      vertex -0.30555555555554131 -0.82777777777777772 0.34722222222222943
    endloop
  endfacet
  facet normal -0.44721359549995815 2.9790409838965985e-16 0.89442719099991586
    outer loop
      vertex -0.38333333333333836 -0.90000000000000002 0.30833333333333091
      vertex -0.30555555555554131 -0.82777777777777772 0.34722222222222943
      vertex -0.38333333333334207 -0.81666666666666654 0.30833333333332902
    endloop
  endfacet
  facet normal -0.44721359549995687 -1.6989843111290472e-15 0.8944271909999163
    outer loop
      vertex -0.25555555555557624 -0.87777777777777788 0.3722222222222118
      vertex -0.23333333333333328 -0.81666666666666665 0.38333333333333336
      vertex -0.30555555555554131 -0.82777777777777772 0.34722222222222943
    endloop
  endfacet
  facet normal -0.44721359549995876 -8.4917764532518006e-16 0.89442719099991552
    outer loop
      vertex -0.25555555555557624 -0.87777777777777788 0.3722222222222118
      vertex -0.18333333333333166 -0.83333333333333326 0.40833333333333421
      vertex -0.23333333333333328 -0.81666666666666665 0.38333333333333336
    endloop
  endfacet
  facet normal -0.44721359549995787 3.0467464608045124e-16 0.89442719099991574
    outer loop
      vertex -0.13333333333330771 -0.85000000000000009 0.43333333333334617
      vertex -0.091666666666666646 -0.89166666666666672 0.45416666666666672
      vertex -0.11111111111108266 -0.81111111111111101 0.44444444444445869
    endloop
  endfacet
  facet normal -0.44721359549995787 3.2503006424548483e-16 0.89442719099991586
    outer loop
      vertex -0.091666666666666646 -0.89166666666666672 0.45416666666666672
      vertex -0.055555555555576251 -0.81111111111111101 0.47222222222221188
      vertex -0.11111111111108266 -0.81111111111111101 0.44444444444445869
    endloop
  endfacet
  facet normal -0.44721359549995743 1.2142830097401826e-16 0.89442719099991608
    outer loop
      vertex -0.091666666666666646 -0.89166666666666672 0.45416666666666672
      vertex -0.033333333333333326 -0.85000000000000009 0.48333333333333334
      vertex -0.055555555555576251 -0.81111111111111101 0.47222222222221188
    endloop
  endfacet
  facet normal -0.44658820916100106 -0.00052101365089240776 0.89473945927467935
    outer loop
      vertex -0.033333333333333326 -0.85000000000000009 0.48333333333333334
      vertex 6.7331675731017212e-05 -0.88888888888888895 0.499981846344351
      vertex 0 -0.80000000000000004 0.5
    endloop
  endfacet
  facet normal 0.44738022928465387 0.0001562315670484445 0.89434384105717857
    outer loop
      vertex 6.7331675731017212e-05 -0.88888888888888895 0.499981846344351
      vertex 0.050000000000000044 -0.8666666666666667 0.47499999999999998
      vertex 0 -0.80000000000000004 0.5
    endloop
  endfacet
  facet normal 0.44721359549995787 1.4613754826530715e-15 0.89442719099991597
    outer loop
      vertex 0.050000000000000044 -0.8666666666666667 0.47499999999999998
      vertex 0.1166666666666539 -0.8833333333333333 0.44166666666667309
      vertex 0.11111111111110594 -0.8222222222222223 0.44444444444444697
    endloop
  endfacet
  facet normal 0.44721359549995782 1.3553541241075034e-15 0.89442719099991597
    outer loop
      vertex 0.050000000000000044 -0.8666666666666667 0.47499999999999998
      vertex 0.11111111111110594 -0.8222222222222223 0.44444444444444697
      vertex 0.055555555555552971 -0.81111111111111123 0.47222222222222343
    endloop
  endfacet
  facet normal 0.44721359549995843 0 0.89442719099991552
    outer loop
      vertex 0.1166666666666539 -0.8833333333333333 0.44166666666667309
      vertex 0.17777777777778814 -0.88888888888888884 0.41111111111110593
      vertex 0.17777777777778814 -0.81111111111111123 0.41111111111110593
    endloop
  endfacet
  facet normal 0.44721359549995721 1.3365042193960226e-15 0.8944271909999163
    outer loop
      vertex 0.1166666666666539 -0.8833333333333333 0.44166666666667309
      vertex 0.17777777777778814 -0.81111111111111123 0.41111111111110593
      vertex 0.11111111111110594 -0.8222222222222223 0.44444444444444697
    endloop
  endfacet
  facet normal 0.44721359549995821 -0 0.89442719099991574
    outer loop
      vertex 0.17777777777778814 -0.88888888888888884 0.41111111111110593
      vertex 0.21666666666666198 -0.83333333333333348 0.39166666666666899
      vertex 0.17777777777778814 -0.81111111111111123 0.41111111111110593
    endloop
  endfacet
  facet normal 0.44721359549995793 1.5260935397414888e-15 0.89442719099991586
    outer loop
      vertex 0.24999999999999126 -0.8833333333333333 0.37500000000000444
      vertex 0.28888888888889408 -0.84444444444444444 0.35555555555555296
      vertex 0.21666666666666198 -0.83333333333333348 0.39166666666666899
    endloop
  endfacet
  facet normal 0.44721359549995726 -1.8153530995609615e-15 0.8944271909999163
    outer loop
      vertex 0.37777777777776483 -0.88888888888888884 0.31111111111111756
      vertex 0.41666666666668706 -0.86666666666666659 0.29166666666665653
      vertex 0.3499999999999942 -0.83333333333333326 0.32500000000000295
    endloop
  endfacet
  facet normal 0.44721359549995859 4.4885104110055888e-16 0.89442719099991552
    outer loop
      vertex 0.41666666666668706 -0.86666666666666659 0.29166666666665653
      vertex 0.4833333333333496 -0.8833333333333333 0.2583333333333252
      vertex 0.45000000000000817 -0.81666666666666665 0.27499999999999591
    endloop
  endfacet
  facet normal 0.44721359549995826 1.854627565658536e-16 0.89442719099991574
    outer loop
      vertex 0.4833333333333496 -0.8833333333333333 0.2583333333333252
      vertex 0.5083333333333333 -0.80000000000000004 0.24583333333333332
      vertex 0.45000000000000817 -0.81666666666666665 0.27499999999999591
    endloop
  endfacet
  facet normal 0.44721359549995721 5.5167425627733952e-16 0.89442719099991619
    outer loop
      vertex 0.4833333333333496 -0.8833333333333333 0.2583333333333252
      vertex 0.55833333333332424 -0.85833333333333339 0.22083333333333793
      vertex 0.5083333333333333 -0.80000000000000004 0.24583333333333332
    endloop
  endfacet
  facet normal 0.44721359549995793 0 0.89442719099991586
    outer loop
      vertex 0.55833333333332424 -0.85833333333333339 0.22083333333333793
      vertex 0.65000000000001923 -0.84999999999999998 0.17499999999999044
      vertex 0.58333333333333459 -0.81666666666666665 0.20833333333333276
    endloop
  endfacet
  facet normal 0.44721359549995876 1.2694776920021005e-16 0.89442719099991552
    outer loop
      vertex 0.7666666666667028 -0.88333333333333341 0.11666666666664866
      vertex 0.81666666666667709 -0.8833333333333333 0.091666666666661456
      vertex 0.81111111111112921 -0.8222222222222223 0.094444444444435394
    endloop
  endfacet
  facet normal 0.44721359549995765 1.0682654778187488e-15 0.89442719099991608
    outer loop
      vertex 0.7666666666667028 -0.88333333333333341 0.11666666666664866
      vertex 0.81111111111112921 -0.8222222222222223 0.094444444444435394
      vertex 0.74444444444444702 -0.84444444444444444 0.12777777777777649
    endloop
  endfacet
  facet normal 0.44721359549995798 5.8796861524275619e-16 0.89442719099991574
    outer loop
      vertex 0.81666666666667709 -0.8833333333333333 0.091666666666661456
      vertex 0.87777777777778809 -0.88888888888888884 0.061111111111105954
      vertex 0.85000000000004361 -0.80000000000000004 0.07499999999997814
    endloop
  endfacet
  facet normal 0.44721359549995898 1.0667138939728464e-16 0.89442719099991541
    outer loop
      vertex 0.81666666666667709 -0.8833333333333333 0.091666666666661456
      vertex 0.85000000000004361 -0.80000000000000004 0.07499999999997814
      vertex 0.81111111111112921 -0.8222222222222223 0.094444444444435394
    endloop
  endfacet
  facet normal 0.44721359549995776 4.7605413450068296e-16 0.89442719099991608
    outer loop
      vertex 0.87777777777778809 -0.88888888888888884 0.061111111111105954
      vertex 0.91666666666667185 -0.8666666666666667 0.041666666666664076
      vertex 0.85000000000004361 -0.80000000000000004 0.07499999999997814
    endloop
  endfacet
  facet normal 0.44721359549995809 9.6542994848499658e-16 0.89442719099991574
    outer loop
      vertex 0.91666666666667185 -0.8666666666666667 0.041666666666664076
      vertex 0.97777777777778807 -0.88333333333333341 0.011111111111105965
      vertex 0.95238095238095521 -0.82380952380952388 0.023809523809522337
    endloop
  endfacet
  facet normal -0.44721359549995815 4.2014545126261918e-16 0.89442719099991574
    outer loop
      vertex -0.91666666666666674 -0.8666666666666667 0.041666666666666657
      vertex -0.85000000000000009 -0.81666666666666665 0.074999999999999983
      vertex -0.92222222222223516 -0.81111111111111101 0.038888888888882422
    endloop
  endfacet
  facet normal -0.44721359549995826 -7.4185102626343048e-16 0.89442719099991574
    outer loop
      vertex -0.78333333333333799 -0.81666666666666665 0.10833333333333101
      vertex -0.71666666666669054 -0.84999999999999998 0.14166666666665473
      vertex -0.74999999999999123 -0.76666666666666661 0.12500000000000444
    endloop
  endfacet
  facet normal -0.44721359549995743 -3.1196739026833286e-16 0.89442719099991608
    outer loop
      vertex -0.71666666666669054 -0.84999999999999998 0.14166666666665473
      vertex -0.68888888888887079 -0.78888888888888886 0.15555555555556461
      vertex -0.74999999999999123 -0.76666666666666661 0.12500000000000444
    endloop
  endfacet
  facet normal -0.44721359549995793 0 0.89442719099991586
    outer loop
      vertex -0.71666666666669054 -0.84999999999999998 0.14166666666665473
      vertex -0.64999999999998492 -0.8666666666666667 0.17500000000000754
      vertex -0.68888888888887079 -0.78888888888888886 0.15555555555556461
    endloop
  endfacet
  facet normal -0.44721359549995715 4.9872337900099319e-16 0.8944271909999163
    outer loop
      vertex -0.64999999999998492 -0.8666666666666667 0.17500000000000754
      vertex -0.6166666666666929 -0.83333333333333337 0.1916666666666535
      vertex -0.68888888888887079 -0.78888888888888886 0.15555555555556461
    endloop
  endfacet
  facet normal -0.44721359549995715 1.0217747277086857e-16 0.8944271909999163
    outer loop
      vertex -0.30555555555554131 -0.82777777777777772 0.34722222222222943
      vertex -0.23333333333333328 -0.81666666666666665 0.38333333333333336
      vertex -0.24999999999999536 -0.76666666666666661 0.37500000000000233
    endloop
  endfacet
  facet normal -0.44721359549995776 1.6757105534411916e-16 0.89442719099991597
    outer loop
      vertex -0.18333333333333166 -0.83333333333333326 0.40833333333333421
      vertex -0.13333333333330771 -0.85000000000000009 0.43333333333334617
      vertex -0.11111111111108266 -0.81111111111111101 0.44444444444445869
    endloop
  endfacet
  facet normal -0.44721359549995776 -1.4098526290971497e-16 0.89442719099991586
    outer loop
      vertex -0.033333333333333326 -0.85000000000000009 0.48333333333333334
      vertex 0 -0.80000000000000004 0.5
      vertex -0.055555555555576251 -0.81111111111111101 0.47222222222221188
    endloop
  endfacet
  facet normal 0.44721359549995915 1.2321401128250017e-15 0.8944271909999153
    outer loop
      vertex 0 -0.80000000000000004 0.5
      vertex 0.050000000000000044 -0.8666666666666667 0.47499999999999998
      vertex 0.055555555555552971 -0.81111111111111123 0.47222222222222343
    endloop
  endfacet
  facet normal 0.44721359549995737 7.3223580857488975e-17 0.8944271909999163
    outer loop
      vertex 0.11111111111110594 -0.8222222222222223 0.44444444444444697
      vertex 0.17777777777778814 -0.81111111111111123 0.41111111111110593
      vertex 0.11666666666669634 -0.76666666666666661 0.44166666666665177
    endloop
  endfacet
  facet normal 0.44721359549995782 3.5653416030668879e-16 0.89442719099991597
    outer loop
      vertex 0.21666666666666198 -0.83333333333333348 0.39166666666666899
      vertex 0.28888888888889408 -0.84444444444444444 0.35555555555555296
      vertex 0.28333333333339444 -0.78333333333333333 0.35833333333330275
    endloop
  endfacet
  facet normal 0.44721359549995721 6.5831486028087556e-16 0.8944271909999163
    outer loop
      vertex 0.28888888888889408 -0.84444444444444444 0.35555555555555296
      vertex 0.3499999999999942 -0.83333333333333326 0.32500000000000295
      vertex 0.33333333333333326 -0.78333333333333333 0.33333333333333337
    endloop
  endfacet
  facet normal 0.44721359549995754 3.5704060087584374e-16 0.89442719099991608
    outer loop
      vertex 0.28888888888889408 -0.84444444444444444 0.35555555555555296
      vertex 0.33333333333333326 -0.78333333333333333 0.33333333333333337
      vertex 0.28333333333339444 -0.78333333333333333 0.35833333333330275
    endloop
  endfacet
  facet normal 0.44721359549995821 6.5942313445610969e-16 0.89442719099991586
    outer loop
      vertex 0.3499999999999942 -0.83333333333333326 0.32500000000000295
      vertex 0.41666666666668706 -0.86666666666666659 0.29166666666665653
      vertex 0.39999999999999991 -0.78333333333333333 0.30000000000000004
    endloop
  endfacet
  facet normal 0.44721359549995837 6.8478556270462592e-16 0.89442719099991574
    outer loop
      vertex 0.41666666666668706 -0.86666666666666659 0.29166666666665653
      vertex 0.45000000000000817 -0.81666666666666665 0.27499999999999591
      vertex 0.39999999999999991 -0.78333333333333333 0.30000000000000004
    endloop
  endfacet
  facet normal 0.44721359549995721 5.2023693652604926e-16 0.89442719099991608
    outer loop
      vertex 0.55833333333332424 -0.85833333333333339 0.22083333333333793
      vertex 0.58333333333333459 -0.81666666666666665 0.20833333333333276
      vertex 0.5083333333333333 -0.80000000000000004 0.24583333333333332
    endloop
  endfacet
  facet normal 0.44721359549995898 2.5933615708020721e-15 0.8944271909999153
    outer loop
      vertex 0.58333333333333459 -0.81666666666666665 0.20833333333333276
      vertex 0.65000000000001923 -0.84999999999999998 0.17499999999999044
      vertex 0.64444444444447035 -0.78888888888888886 0.17777777777776471
    endloop
  endfacet
  facet normal 0.44721359549995676 2.2966211602993652e-15 0.89442719099991652
    outer loop
      vertex 0.65000000000001923 -0.84999999999999998 0.17499999999999044
      vertex 0.69999999999998253 -0.81666666666666654 0.15000000000000879
      vertex 0.64444444444447035 -0.78888888888888886 0.17777777777776471
    endloop
  endfacet
  facet normal 0.44721359549995848 -6.9821273060044538e-16 0.89442719099991563
    outer loop
      vertex 0.69999999999998253 -0.81666666666666654 0.15000000000000879
      vertex 0.74444444444444702 -0.84444444444444444 0.12777777777777649
      vertex 0.75000000000001166 -0.76666666666666672 0.12499999999999423
    endloop
  endfacet
  facet normal 0.44721359549995815 -6.5138138891402784e-16 0.89442719099991586
    outer loop
      vertex 0.74444444444444702 -0.84444444444444444 0.12777777777777649
      vertex 0.81111111111112921 -0.8222222222222223 0.094444444444435394
      vertex 0.75000000000001166 -0.76666666666666672 0.12499999999999423
    endloop
  endfacet
  facet normal 0.44721359549995665 -9.1640420891451506e-16 0.89442719099991663
    outer loop
      vertex 0.85000000000004361 -0.80000000000000004 0.07499999999997814
      vertex 0.91666666666667185 -0.8666666666666667 0.041666666666664076
      vertex 0.89999999999998259 -0.78333333333333333 0.05000000000000876
    endloop
  endfacet
  facet normal 0.44721359549995937 -2.496298203491567e-16 0.89442719099991519
    outer loop
      vertex 0.91666666666667185 -0.8666666666666667 0.041666666666664076
      vertex 0.95238095238095521 -0.82380952380952388 0.023809523809522337
      vertex 0.89999999999998259 -0.78333333333333333 0.05000000000000876
    endloop
  endfacet
  facet normal -0.44721359549995637 -1.5413375373641049e-15 0.89442719099991663
    outer loop
      vertex -0.97777777777778918 -0.81666666666666654 0.011111111111105521
      vertex -0.92222222222223516 -0.81111111111111101 0.038888888888882422
      vertex -0.90000000000000002 -0.75000000000000011 0.050000000000000044
    endloop
  endfacet
  facet normal -0.44721359549995915 2.4559632798869093e-15 0.89442719099991519
    outer loop
      vertex -0.97777777777778918 -0.81666666666666654 0.011111111111105521
      vertex -0.90000000000000002 -0.75000000000000011 0.050000000000000044
      vertex -0.97333333333337324 -0.7533333333333333 0.013333333333313324
    endloop
  endfacet
  facet normal -0.44721359549995826 -6.6258963210063172e-16 0.89442719099991586
    outer loop
      vertex -0.92222222222223516 -0.81111111111111101 0.038888888888882422
      vertex -0.85000000000000009 -0.81666666666666665 0.074999999999999983
      vertex -0.90000000000000002 -0.75000000000000011 0.050000000000000044
    endloop
  endfacet
  facet normal -0.44721359549995704 4.4796834485454042e-16 0.8944271909999163
    outer loop
      vertex -0.85000000000000009 -0.81666666666666665 0.074999999999999983
      vertex -0.81333333333334334 -0.73999999999999988 0.093333333333328272
      vertex -0.90000000000000002 -0.75000000000000011 0.050000000000000044
    endloop
  endfacet
  facet normal -0.44721359549995765 7.9687322514226602e-16 0.89442719099991608
    outer loop
      vertex -0.85000000000000009 -0.81666666666666665 0.074999999999999983
      vertex -0.78333333333333799 -0.81666666666666665 0.10833333333333101
      vertex -0.81333333333334334 -0.73999999999999988 0.093333333333328272
    endloop
  endfacet
  facet normal -0.4472135954999592 4.7822789767162388e-17 0.89442719099991519
    outer loop
      vertex -0.78333333333333799 -0.81666666666666665 0.10833333333333101
      vertex -0.74999999999999123 -0.76666666666666661 0.12500000000000444
      vertex -0.81333333333334334 -0.73999999999999988 0.093333333333328272
    endloop
  endfacet
  facet normal -0.44721359549995726 3.8472946380068563e-16 0.89442719099991619
    outer loop
      vertex -0.68888888888887079 -0.78888888888888886 0.15555555555556461
      vertex -0.6166666666666929 -0.83333333333333337 0.1916666666666535
      vertex -0.65000000000000868 -0.75 0.1749999999999956
    endloop
  endfacet
  facet normal -0.44721359549996087 -3.4910636530035788e-16 0.89442719099991441
    outer loop
      vertex -0.6166666666666929 -0.83333333333333337 0.1916666666666535
      vertex -0.57777777777778816 -0.81111111111111101 0.21111111111110603
      vertex -0.58333333333331294 -0.75 0.20833333333334364
    endloop
  endfacet
  facet normal -0.4472135954999597 -8.9022123151562472e-16 0.89442719099991497
    outer loop
      vertex -0.6166666666666929 -0.83333333333333337 0.1916666666666535
      vertex -0.58333333333331294 -0.75 0.20833333333334364
      vertex -0.65000000000000868 -0.75 0.1749999999999956
    endloop
  endfacet
  facet normal -0.44721359549995698 9.309503074678423e-17 0.89442719099991641
    outer loop
      vertex -0.57777777777778816 -0.81111111111111101 0.21111111111110603
      vertex -0.51666666666668415 -0.81666666666666665 0.24166666666665795
      vertex -0.50000000000002331 -0.75000000000000011 0.24999999999998834
    endloop
  endfacet
  facet normal -0.44721359549995693 1.0949245093518245e-16 0.8944271909999163
    outer loop
      vertex -0.57777777777778816 -0.81111111111111101 0.21111111111110603
      vertex -0.50000000000002331 -0.75000000000000011 0.24999999999998834
      vertex -0.58333333333331294 -0.75 0.20833333333334364
    endloop
  endfacet
  facet normal -0.44721359549995793 3.7092551313181903e-16 0.89442719099991586
    outer loop
      vertex -0.51666666666668415 -0.81666666666666665 0.24166666666665795
      vertex -0.45000000000004364 -0.81666666666666654 0.27499999999997821
      vertex -0.50000000000002331 -0.75000000000000011 0.24999999999998834
    endloop
  endfacet
  facet normal -0.44721359549995771 5.9348082101051187e-16 0.89442719099991597
    outer loop
      vertex -0.45000000000004364 -0.81666666666666654 0.27499999999997821
      vertex -0.41666666666666669 -0.75 0.29166666666666663
      vertex -0.50000000000002331 -0.75000000000000011 0.24999999999998834
    endloop
  endfacet
  facet normal -0.44721359549995826 9.1640420891306592e-16 0.89442719099991574
    outer loop
      vertex -0.45000000000004364 -0.81666666666666654 0.27499999999997821
      vertex -0.38333333333334207 -0.81666666666666654 0.30833333333332902
      vertex -0.41666666666666669 -0.75 0.29166666666666663
    endloop
  endfacet
  facet normal -0.44721359549995859 6.6330209407063357e-16 0.89442719099991552
    outer loop
      vertex -0.38333333333334207 -0.81666666666666654 0.30833333333332902
      vertex -0.33333333333331783 -0.75000000000000011 0.33333333333334114
      vertex -0.41666666666666669 -0.75 0.29166666666666663
    endloop
  endfacet
  facet normal -0.44721359549995821 2.027069217872646e-16 0.89442719099991574
    outer loop
      vertex -0.38333333333334207 -0.81666666666666654 0.30833333333332902
      vertex -0.30555555555554131 -0.82777777777777772 0.34722222222222943
      vertex -0.33333333333331783 -0.75000000000000011 0.33333333333334114
    endloop
  endfacet
  facet normal -0.44721359549995754 5.1560324721296679e-16 0.89442719099991608
    outer loop
      vertex -0.30555555555554131 -0.82777777777777772 0.34722222222222943
      vertex -0.24999999999999536 -0.76666666666666661 0.37500000000000233
      vertex -0.33333333333331783 -0.75000000000000011 0.33333333333334114
    endloop
  endfacet
  facet normal -0.44721359549995843 2.3273757686690471e-16 0.89442719099991552
    outer loop
      vertex -0.23333333333333328 -0.81666666666666665 0.38333333333333336
      vertex -0.18333333333333166 -0.83333333333333326 0.40833333333333421
      vertex -0.18333333333330618 -0.73333333333333339 0.40833333333334693
    endloop
  endfacet
  facet normal -0.44721359549995787 -2.1195743607518841e-16 0.89442719099991597
    outer loop
      vertex -0.23333333333333328 -0.81666666666666665 0.38333333333333336
      vertex -0.18333333333330618 -0.73333333333333339 0.40833333333334693
      vertex -0.24999999999999536 -0.76666666666666661 0.37500000000000233
    endloop
  endfacet
  facet normal -0.44721359549995771 5.3952801910040637e-16 0.89442719099991586
    outer loop
      vertex -0.18333333333333166 -0.83333333333333326 0.40833333333333421
      vertex -0.11111111111108266 -0.81111111111111101 0.44444444444445869
      vertex -0.13333333333331782 -0.73333333333333339 0.43333333333334106
    endloop
  endfacet
  facet normal -0.44721359549995737 2.4825341532454208e-16 0.89442719099991608
    outer loop
      vertex -0.18333333333333166 -0.83333333333333326 0.40833333333333421
      vertex -0.13333333333331782 -0.73333333333333339 0.43333333333334106
      vertex -0.18333333333330618 -0.73333333333333339 0.40833333333334693
    endloop
  endfacet
  facet normal -0.44721359549995804 4.5475697585214152e-16 0.89442719099991597
    outer loop
      vertex -0.11111111111108266 -0.81111111111111101 0.44444444444445869
      vertex -0.083333333333345555 -0.75 0.45833333333332721
      vertex -0.13333333333331782 -0.73333333333333339 0.43333333333334106
    endloop
  endfacet
  facet normal -0.44721359549995787 3.7132222491075225e-16 0.89442719099991597
    outer loop
      vertex -0.11111111111108266 -0.81111111111111101 0.44444444444445869
      vertex -0.055555555555576251 -0.81111111111111101 0.47222222222221188
      vertex -0.083333333333345555 -0.75 0.45833333333332721
    endloop
  endfacet
  facet normal -0.44737638760537035 -9.2500810715553743e-05 0.89434577164359053
    outer loop
      vertex -0.055555555555576251 -0.81111111111111101 0.47222222222221188
      vertex -0.0001241515791458419 -0.73333333333333328 0.49995858165373497
      vertex -0.083333333333345555 -0.75 0.45833333333332721
    endloop
  endfacet
  facet normal -0.44716924941074832 -0.0002770523522604758 0.89444931976240105
    outer loop
      vertex -0.055555555555576251 -0.81111111111111101 0.47222222222221188
      vertex 0 -0.80000000000000004 0.5
      vertex -0.0001241515791458419 -0.73333333333333328 0.49995858165373497
    endloop
  endfacet
  facet normal 0.44721359549995893 -5.2365954795047764e-16 0.89442719099991541
    outer loop
      vertex 0 -0.80000000000000004 0.5
      vertex 0.055555555555552971 -0.81111111111111123 0.47222222222222343
      vertex 0.050000000000078572 -0.74999999999999989 0.47499999999996068
    endloop
  endfacet
  facet normal 0.44721359549995754 6.160700564124176e-17 0.89442719099991608
    outer loop
      vertex 0.055555555555552971 -0.81111111111111123 0.47222222222222343
      vertex 0.11111111111110594 -0.8222222222222223 0.44444444444444697
      vertex 0.11666666666669634 -0.76666666666666661 0.44166666666665177
    endloop
  endfacet
  facet normal 0.44721359549995804 -6.5152990268298435e-16 0.89442719099991586
    outer loop
      vertex 0.055555555555552971 -0.81111111111111123 0.47222222222222343
      vertex 0.11666666666669634 -0.76666666666666661 0.44166666666665177
      vertex 0.050000000000078572 -0.74999999999999989 0.47499999999996068
    endloop
  endfacet
  facet normal 0.44721359549995698 -6.2839145754088466e-16 0.89442719099991641
    outer loop
      vertex 0.11666666666669634 -0.76666666666666661 0.44166666666665177
      vertex 0.17777777777778814 -0.81111111111111123 0.41111111111110593
      vertex 0.15555555555557624 -0.74444444444444446 0.4222222222222119
    endloop
  endfacet
  facet normal 0.44721359549995915 3.6819811965250563e-16 0.89442719099991508
    outer loop
      vertex 0.17777777777778814 -0.81111111111111123 0.41111111111110593
      vertex 0.21666666666672776 -0.74999999999999989 0.39166666666663602
      vertex 0.15555555555557624 -0.74444444444444446 0.4222222222222119
    endloop
  endfacet
  facet normal 0.44721359549995859 8.9770208220096215e-16 0.89442719099991552
    outer loop
      vertex 0.17777777777778814 -0.81111111111111123 0.41111111111110593
      vertex 0.21666666666666198 -0.83333333333333348 0.39166666666666899
      vertex 0.21666666666672776 -0.74999999999999989 0.39166666666663602
    endloop
  endfacet
  facet normal 0.44721359549995759 8.9371229516937402e-16 0.89442719099991619
    outer loop
      vertex 0.21666666666666198 -0.83333333333333348 0.39166666666666899
      vertex 0.28333333333339444 -0.78333333333333333 0.35833333333330275
      vertex 0.21666666666672776 -0.74999999999999989 0.39166666666663602
    endloop
  endfacet
  facet normal 0.44721359549995615 2.4728367542122207e-16 0.89442719099991674
    outer loop
      vertex 0.33333333333333326 -0.78333333333333333 0.33333333333333337
      vertex 0.3499999999999942 -0.83333333333333326 0.32500000000000295
      vertex 0.34999999999999126 -0.73333333333333328 0.3250000000000044
    endloop
  endfacet
  facet normal 0.44721359549995843 2.4825341532475024e-16 0.89442719099991552
    outer loop
      vertex 0.3499999999999942 -0.83333333333333326 0.32500000000000295
      vertex 0.39999999999999991 -0.78333333333333333 0.30000000000000004
      vertex 0.34999999999999126 -0.73333333333333328 0.3250000000000044
    endloop
  endfacet
  facet normal 0.44721359549995776 -3.4910636530021579e-16 0.89442719099991597
    outer loop
      vertex 0.39999999999999991 -0.78333333333333333 0.30000000000000004
      vertex 0.45000000000000817 -0.81666666666666665 0.27499999999999591
      vertex 0.45000000000004364 -0.74999999999999989 0.27499999999997821
    endloop
  endfacet
  facet normal 0.44721359549995832 -3.7238012298740488e-16 0.89442719099991563
    outer loop
      vertex 0.45000000000000817 -0.81666666666666665 0.27499999999999591
      vertex 0.5083333333333333 -0.80000000000000004 0.24583333333333332
      vertex 0.45000000000004364 -0.74999999999999989 0.27499999999997821
    endloop
  endfacet
  facet normal 0.4472135954999571 0 0.89442719099991641
    outer loop
      vertex 0.5083333333333333 -0.80000000000000004 0.24583333333333332
      vertex 0.58333333333333459 -0.81666666666666665 0.20833333333333276
      vertex 0.58333333333330717 -0.74999999999999989 0.20833333333334647
    endloop
  endfacet
  facet normal 0.44721359549995743 -2.6447451916704484e-16 0.89442719099991619
    outer loop
      vertex 0.5083333333333333 -0.80000000000000004 0.24583333333333332
      vertex 0.58333333333330717 -0.74999999999999989 0.20833333333334647
      vertex 0.5166666666666585 -0.73333333333333328 0.24166666666667075
    endloop
  endfacet
  facet normal 0.44721359549995998 9.9582804009569235e-28 0.89442719099991497
    outer loop
      vertex 0.58333333333333459 -0.81666666666666665 0.20833333333333276
      vertex 0.64444444444447035 -0.78888888888888886 0.17777777777776471
      vertex 0.58333333333330717 -0.74999999999999989 0.20833333333334647
    endloop
  endfacet
  facet normal 0.44721359549995482 -2.296621160299667e-15 0.8944271909999173
    outer loop
      vertex 0.64444444444447035 -0.78888888888888886 0.17777777777776471
      vertex 0.69999999999998253 -0.81666666666666654 0.15000000000000879
      vertex 0.65000000000000868 -0.73333333333333328 0.17499999999999571
    endloop
  endfacet
  facet normal 0.44721359549995865 0 0.89442719099991563
    outer loop
      vertex 0.75000000000001166 -0.76666666666666672 0.12499999999999423
      vertex 0.81111111111112921 -0.8222222222222223 0.094444444444435394
      vertex 0.81111111111112921 -0.74444444444444446 0.094444444444435394
    endloop
  endfacet
  facet normal 0.44721359549995898 -0 0.89442719099991541
    outer loop
      vertex 0.81111111111112921 -0.8222222222222223 0.094444444444435394
      vertex 0.85000000000004361 -0.80000000000000004 0.07499999999997814
      vertex 0.81111111111112921 -0.74444444444444446 0.094444444444435394
    endloop
  endfacet
  facet normal 0.44721359549995632 8.378552767219816e-17 0.89442719099991663
    outer loop
      vertex 0.85000000000004361 -0.80000000000000004 0.07499999999997814
      vertex 0.89999999999998259 -0.78333333333333333 0.05000000000000876
      vertex 0.87777777777778809 -0.74444444444444446 0.061111111111105954
    endloop
  endfacet
  facet normal 0.44721359549995909 -5.946009483858595e-16 0.8944271909999153
    outer loop
      vertex 0.89999999999998259 -0.78333333333333333 0.05000000000000876
      vertex 0.95238095238095521 -0.82380952380952388 0.023809523809522337
      vertex 0.95238095238093434 -0.74285714285714288 0.023809523809532829
    endloop
  endfacet
  facet normal 0.44721359549995404 -6.1333196727413304e-16 0.89442719099991785
    outer loop
      vertex 0.95238095238095521 -0.82380952380952388 0.023809523809522337
      vertex 0.97777777777778918 -0.78333333333333344 0.011111111111105521
      vertex 0.95238095238093434 -0.74285714285714288 0.023809523809532829
    endloop
  endfacet
  facet normal -0.44721359549995726 2.1594208162910603e-16 0.89442719099991619
    outer loop
      vertex -0.74999999999999123 -0.76666666666666661 0.12500000000000444
      vertex -0.68888888888887079 -0.78888888888888886 0.15555555555556461
      vertex -0.70833333333334347 -0.70833333333333326 0.14583333333332826
    endloop
  endfacet
  facet normal -0.4472135954999571 2.4936168950035203e-16 0.89442719099991619
    outer loop
      vertex -0.68888888888887079 -0.78888888888888886 0.15555555555556461
      vertex -0.65000000000000868 -0.75 0.1749999999999956
      vertex -0.70833333333334347 -0.70833333333333326 0.14583333333332826
    endloop
  endfacet
  facet normal -0.44721359549995765 -3.4910636530043001e-16 0.89442719099991597
    outer loop
      vertex -0.33333333333331783 -0.75000000000000011 0.33333333333334114
      vertex -0.24999999999999536 -0.76666666666666661 0.37500000000000233
      vertex -0.24999999999998254 -0.69999999999999996 0.37500000000000877
    endloop
  endfacet
  facet normal 0.44610338487099932 0.0013867956928744778 0.89498036112774193
    outer loop
      vertex 0 -0.80000000000000004 0.5
      vertex 0.050000000000078572 -0.74999999999999989 0.47499999999996068
      vertex -0.0001241515791458419 -0.73333333333333328 0.49995858165373497
    endloop
  endfacet
  facet normal 0.44721359549995726 1.469921538107506e-16 0.8944271909999163
    outer loop
      vertex 0.21666666666672776 -0.74999999999999989 0.39166666666663602
      vertex 0.28333333333339444 -0.78333333333333333 0.35833333333330275
      vertex 0.29166666666666669 -0.70833333333333337 0.35416666666666663
    endloop
  endfacet
  facet normal 0.44721359549995754 -3.878959614453608e-16 0.89442719099991608
    outer loop
      vertex 0.28333333333339444 -0.78333333333333333 0.35833333333330275
      vertex 0.33333333333333326 -0.78333333333333333 0.33333333333333337
      vertex 0.34999999999999126 -0.73333333333333328 0.3250000000000044
    endloop
  endfacet
  facet normal 0.44721359549995726 9.5210826900153961e-17 0.89442719099991619
    outer loop
      vertex 0.28333333333339444 -0.78333333333333333 0.35833333333330275
      vertex 0.34999999999999126 -0.73333333333333328 0.3250000000000044
      vertex 0.29166666666666669 -0.70833333333333337 0.35416666666666663
    endloop
  endfacet
  facet normal 0.44721359549995843 9.5210826900080868e-17 0.89442719099991563
    outer loop
      vertex 0.34999999999999126 -0.73333333333333328 0.3250000000000044
      vertex 0.39999999999999991 -0.78333333333333333 0.30000000000000004
      vertex 0.38888888888889406 -0.71111111111111114 0.30555555555555297
    endloop
  endfacet
  facet normal 0.44721359549995759 -7.3068774132586676e-17 0.89442719099991597
    outer loop
      vertex 0.39999999999999991 -0.78333333333333333 0.30000000000000004
      vertex 0.45000000000004364 -0.74999999999999989 0.27499999999997821
      vertex 0.38888888888889406 -0.71111111111111114 0.30555555555555297
    endloop
  endfacet
  facet normal 0.44721359549995843 -4.0541384357496721e-16 0.89442719099991574
    outer loop
      vertex 0.45000000000004364 -0.74999999999999989 0.27499999999997821
      vertex 0.5083333333333333 -0.80000000000000004 0.24583333333333332
      vertex 0.5166666666666585 -0.73333333333333328 0.24166666666667075
    endloop
  endfacet
  facet normal 0.44721359549995854 -2.7928509224014605e-15 0.89442719099991563
    outer loop
      vertex 0.58333333333330717 -0.74999999999999989 0.20833333333334647
      vertex 0.64444444444447035 -0.78888888888888886 0.17777777777776471
      vertex 0.65000000000000868 -0.73333333333333328 0.17499999999999571
    endloop
  endfacet
  facet normal 0.44721359549995876 5.4547869578215705e-16 0.89442719099991552
    outer loop
      vertex 0.65000000000000868 -0.73333333333333328 0.17499999999999571
      vertex 0.69999999999998253 -0.81666666666666654 0.15000000000000879
      vertex 0.68333333333332458 -0.69999999999999996 0.15833333333333771
    endloop
  endfacet
  facet normal 0.44721359549995765 3.7092551313150821e-16 0.89442719099991608
    outer loop
      vertex 0.69999999999998253 -0.81666666666666654 0.15000000000000879
      vertex 0.75000000000001166 -0.76666666666666672 0.12499999999999423
      vertex 0.68333333333332458 -0.69999999999999996 0.15833333333333771
    endloop
  endfacet
  facet normal 0.44721359549995793 -8.9022123151611796e-16 0.89442719099991586
    outer loop
      vertex 0.85000000000004361 -0.80000000000000004 0.07499999999997814
      vertex 0.87777777777778809 -0.74444444444444446 0.061111111111105954
      vertex 0.81111111111112921 -0.74444444444444446 0.094444444444435394
    endloop
  endfacet
  facet normal 0.44721359549995787 1.2548958536478665e-15 0.89442719099991586
    outer loop
      vertex 0.89999999999998259 -0.78333333333333333 0.05000000000000876
      vertex 0.95238095238093434 -0.74285714285714288 0.023809523809532829
      vertex 0.87777777777778809 -0.74444444444444446 0.061111111111105954
    endloop
  endfacet
  facet normal -0.44721359549995893 4.1071337094142109e-16 0.8944271909999153
    outer loop
      vertex -0.97333333333337324 -0.7533333333333333 0.013333333333313324
      vertex -0.90000000000000002 -0.75000000000000011 0.050000000000000044
      vertex -0.913333333333335 -0.67333333333333323 0.043333333333332502
    endloop
  endfacet
  facet normal -0.44721359549995848 -9.6973990361220713e-17 0.89442719099991563
    outer loop
      vertex -0.97333333333337324 -0.7533333333333333 0.013333333333313324
      vertex -0.913333333333335 -0.67333333333333323 0.043333333333332502
      vertex -0.98333333333334028 -0.68333333333333324 0.0083333333333298065
    endloop
  endfacet
  facet normal -0.44721359549995721 8.1115890761016378e-16 0.8944271909999163
    outer loop
      vertex -0.90000000000000002 -0.75000000000000011 0.050000000000000044
      vertex -0.85000000000003317 -0.68333333333333335 0.074999999999983358
      vertex -0.913333333333335 -0.67333333333333323 0.043333333333332502
    endloop
  endfacet
  facet normal -0.4472135954999571 6.6146469214816473e-16 0.8944271909999163
    outer loop
      vertex -0.90000000000000002 -0.75000000000000011 0.050000000000000044
      vertex -0.81333333333334334 -0.73999999999999988 0.093333333333328272
      vertex -0.85000000000003317 -0.68333333333333335 0.074999999999983358
    endloop
  endfacet
  facet normal -0.44721359549995926 0 0.8944271909999153
    outer loop
      vertex -0.81333333333334334 -0.73999999999999988 0.093333333333328272
      vertex -0.74999999999999123 -0.76666666666666661 0.12500000000000444
      vertex -0.74999999999999123 -0.68333333333333324 0.12500000000000444
    endloop
  endfacet
  facet normal -0.44721359549995704 0 0.89442719099991641
    outer loop
      vertex -0.74999999999999123 -0.76666666666666661 0.12500000000000444
      vertex -0.70833333333334347 -0.70833333333333326 0.14583333333332826
      vertex -0.74999999999999123 -0.68333333333333324 0.12500000000000444
    endloop
  endfacet
  facet normal -0.44721359549995715 0 0.89442719099991619
    outer loop
      vertex -0.70833333333334347 -0.70833333333333326 0.14583333333332826
      vertex -0.65000000000000868 -0.75 0.1749999999999956
      vertex -0.64999999999998492 -0.68333333333333335 0.17500000000000748
    endloop
  endfacet
  facet normal -0.44721359549995976 0 0.89442719099991497
    outer loop
      vertex -0.65000000000000868 -0.75 0.1749999999999956
      vertex -0.58333333333331294 -0.75 0.20833333333334364
      vertex -0.58333333333331294 -0.68333333333333335 0.20833333333334364
    endloop
  endfacet
  facet normal -0.44721359549995976 7.9377597398972659e-28 0.89442719099991497
    outer loop
      vertex -0.65000000000000868 -0.75 0.1749999999999956
      vertex -0.58333333333331294 -0.68333333333333335 0.20833333333334364
      vertex -0.64999999999998492 -0.68333333333333335 0.17500000000000748
    endloop
  endfacet
  facet normal -0.44721359549995698 -1.1869616420219741e-15 0.8944271909999163
    outer loop
      vertex -0.58333333333331294 -0.75 0.20833333333334364
      vertex -0.50000000000002331 -0.75000000000000011 0.24999999999998834
      vertex -0.51666666666664163 -0.68333333333333335 0.2416666666666793
    endloop
  endfacet
  facet normal -0.44721359549995793 0 0.89442719099991586
    outer loop
      vertex -0.58333333333331294 -0.75 0.20833333333334364
      vertex -0.51666666666664163 -0.68333333333333335 0.2416666666666793
      vertex -0.58333333333331294 -0.68333333333333335 0.20833333333334364
    endloop
  endfacet
  facet normal -0.44721359549995809 -1.536068007321969e-15 0.89442719099991586
    outer loop
      vertex -0.50000000000002331 -0.75000000000000011 0.24999999999998834
      vertex -0.44166666666665821 -0.69166666666666654 0.279166666666671
      vertex -0.51666666666664163 -0.68333333333333335 0.2416666666666793
    endloop
  endfacet
  facet normal -0.44721359549995776 -1.9948935160017099e-15 0.89442719099991597
    outer loop
      vertex -0.50000000000002331 -0.75000000000000011 0.24999999999998834
      vertex -0.41666666666666669 -0.75 0.29166666666666663
      vertex -0.44166666666665821 -0.69166666666666654 0.279166666666671
    endloop
  endfacet
  facet normal -0.44721359549995865 8.3785527672079725e-16 0.89442719099991563
    outer loop
      vertex -0.41666666666666669 -0.75 0.29166666666666663
      vertex -0.33333333333331783 -0.75000000000000011 0.33333333333334114
      vertex -0.35000000000000003 -0.68333333333333335 0.32499999999999996
    endloop
  endfacet
  facet normal -0.44721359549995676 -1.4837020525268403e-15 0.89442719099991641
    outer loop
      vertex -0.41666666666666669 -0.75 0.29166666666666663
      vertex -0.35000000000000003 -0.68333333333333335 0.32499999999999996
      vertex -0.44166666666665821 -0.69166666666666654 0.279166666666671
    endloop
  endfacet
  facet normal -0.44721359549995809 1.0575869301746752e-15 0.89442719099991574
    outer loop
      vertex -0.33333333333331783 -0.75000000000000011 0.33333333333334114
      vertex -0.28333333333333338 -0.66666666666666674 0.35833333333333328
      vertex -0.35000000000000003 -0.68333333333333335 0.32499999999999996
    endloop
  endfacet
  facet normal -0.44721359549995843 1.3091488698762155e-15 0.89442719099991563
    outer loop
      vertex -0.33333333333331783 -0.75000000000000011 0.33333333333334114
      vertex -0.24999999999998254 -0.69999999999999996 0.37500000000000877
      vertex -0.28333333333333338 -0.66666666666666674 0.35833333333333328
    endloop
  endfacet
  facet normal -0.44721359549995782 -3.7238012298711887e-16 0.89442719099991597
    outer loop
      vertex -0.24999999999999536 -0.76666666666666661 0.37500000000000233
      vertex -0.18333333333330618 -0.73333333333333339 0.40833333333334693
      vertex -0.24999999999998254 -0.69999999999999996 0.37500000000000877
    endloop
  endfacet
  facet normal -0.44721359549995821 -2.5389553840042591e-16 0.89442719099991574
    outer loop
      vertex -0.13333333333331782 -0.73333333333333339 0.43333333333334106
      vertex -0.083333333333345555 -0.75 0.45833333333332721
      vertex -0.099999999999999978 -0.68333333333333335 0.45000000000000001
    endloop
  endfacet
  facet normal -0.44721359549995654 2.4493753049300088e-16 0.89442719099991663
    outer loop
      vertex -0.083333333333345555 -0.75 0.45833333333332721
      vertex -0.055555555555552971 -0.68888888888888888 0.47222222222222343
      vertex -0.099999999999999978 -0.68333333333333335 0.45000000000000001
    endloop
  endfacet
  facet normal -0.44740899366539533 0.00011102931544292227 0.8943294583428465
    outer loop
      vertex -0.083333333333345555 -0.75 0.45833333333332721
      vertex -0.0001241515791458419 -0.73333333333333328 0.49995858165373497
      vertex -0.055555555555552971 -0.68888888888888888 0.47222222222222343
    endloop
  endfacet
  facet normal 0.44559999465860423 -0.00050400530882598277 0.89523203178779331
    outer loop
      vertex -0.0001241515791458419 -0.73333333333333328 0.49995858165373497
      vertex 0.050000000000078572 -0.74999999999999989 0.47499999999996068
      vertex 0.033333333333333437 -0.68333333333333335 0.48333333333333328
    endloop
  endfacet
  facet normal 0.44721359549995793 -5.2365954795059833e-16 0.89442719099991586
    outer loop
      vertex 0.050000000000078572 -0.74999999999999989 0.47499999999996068
      vertex 0.08333333333333337 -0.68333333333333335 0.45833333333333331
      vertex 0.033333333333333437 -0.68333333333333335 0.48333333333333328
    endloop
  endfacet
  facet normal 0.44721359549995804 -5.430543460233379e-16 0.89442719099991597
    outer loop
      vertex 0.050000000000078572 -0.74999999999999989 0.47499999999996068
      vertex 0.11666666666669634 -0.76666666666666661 0.44166666666665177
      vertex 0.08333333333333337 -0.68333333333333335 0.45833333333333331
    endloop
  endfacet
  facet normal 0.44721359549995676 -1.5203019134054185e-16 0.89442719099991652
    outer loop
      vertex 0.11666666666669634 -0.76666666666666661 0.44166666666665177
      vertex 0.15555555555557624 -0.74444444444444446 0.4222222222222119
      vertex 0.13333333333336825 -0.68333333333333335 0.43333333333331586
    endloop
  endfacet
  facet normal 0.44721359549995809 -4.8874891142021637e-16 0.89442719099991586
    outer loop
      vertex 0.11666666666669634 -0.76666666666666661 0.44166666666665177
      vertex 0.13333333333336825 -0.68333333333333335 0.43333333333331586
      vertex 0.08333333333333337 -0.68333333333333335 0.45833333333333331
    endloop
  endfacet
  facet normal 0.44721359549995687 -1.1221276027518942e-16 0.89442719099991652
    outer loop
      vertex 0.15555555555557624 -0.74444444444444446 0.4222222222222119
      vertex 0.17777777777778814 -0.68888888888888888 0.41111111111110599
      vertex 0.13333333333336825 -0.68333333333333335 0.43333333333331586
    endloop
  endfacet
  facet normal 0.4472135954999592 -1.2678073266164455e-15 0.89442719099991541
    outer loop
      vertex 0.15555555555557624 -0.74444444444444446 0.4222222222222119
      vertex 0.21666666666672776 -0.74999999999999989 0.39166666666663602
      vertex 0.17777777777778814 -0.68888888888888888 0.41111111111110599
    endloop
  endfacet
  facet normal 0.44721359549995865 -1.6966569353590859e-15 0.89442719099991563
    outer loop
      vertex 0.21666666666672776 -0.74999999999999989 0.39166666666663602
      vertex 0.25000000000004363 -0.68333333333333324 0.37499999999997818
      vertex 0.17777777777778814 -0.68888888888888888 0.41111111111110599
    endloop
  endfacet
  facet normal 0.44721359549995782 -1.2352994464487043e-15 0.89442719099991608
    outer loop
      vertex 0.21666666666672776 -0.74999999999999989 0.39166666666663602
      vertex 0.29166666666666669 -0.70833333333333337 0.35416666666666663
      vertex 0.25000000000004363 -0.68333333333333324 0.37499999999997818
    endloop
  endfacet
  facet normal 0.44721359549995771 0 0.89442719099991619
    outer loop
      vertex 0.38888888888889406 -0.71111111111111114 0.30555555555555297
      vertex 0.45000000000004364 -0.74999999999999989 0.27499999999997821
      vertex 0.45000000000004364 -0.68333333333333324 0.27499999999997821
    endloop
  endfacet
  facet normal 0.44721359549995821 -0 0.89442719099991563
    outer loop
      vertex 0.45000000000004364 -0.74999999999999989 0.27499999999997821
      vertex 0.5166666666666585 -0.73333333333333328 0.24166666666667075
      vertex 0.45000000000004364 -0.68333333333333324 0.27499999999997821
    endloop
  endfacet
  facet normal 0.44721359549995743 7.7940025741493906e-16 0.89442719099991608
    outer loop
      vertex 0.5166666666666585 -0.73333333333333328 0.24166666666667075
      vertex 0.58333333333330717 -0.74999999999999989 0.20833333333334647
      vertex 0.57777777777778816 -0.68888888888888888 0.21111111111110592
    endloop
  endfacet
  facet normal 0.44721359549995798 0 0.89442719099991597
    outer loop
      vertex 0.5166666666666585 -0.73333333333333328 0.24166666666667075
      vertex 0.57777777777778816 -0.68888888888888888 0.21111111111110592
      vertex 0.53333333333331778 -0.66666666666666663 0.23333333333334111
    endloop
  endfacet
  facet normal 0.44721359549995782 7.9712620076895232e-16 0.89442719099991597
    outer loop
      vertex 0.58333333333330717 -0.74999999999999989 0.20833333333334647
      vertex 0.65000000000000868 -0.73333333333333328 0.17499999999999571
      vertex 0.57777777777778816 -0.68888888888888888 0.21111111111110592
    endloop
  endfacet
  facet normal 0.44721359549995737 0 0.89442719099991608
    outer loop
      vertex 0.68333333333332458 -0.69999999999999996 0.15833333333333771
      vertex 0.75000000000001166 -0.76666666666666672 0.12499999999999423
      vertex 0.74999999999999123 -0.68333333333333324 0.12500000000000444
    endloop
  endfacet
  facet normal 0.44721359549995854 9.6675608852408926e-17 0.89442719099991552
    outer loop
      vertex 0.75000000000001166 -0.76666666666666672 0.12499999999999423
      vertex 0.81111111111112921 -0.74444444444444446 0.094444444444435394
      vertex 0.80000000000002092 -0.64999999999999991 0.099999999999989542
    endloop
  endfacet
  facet normal 0.44721359549995882 2.3284095237016174e-28 0.89442719099991552
    outer loop
      vertex 0.75000000000001166 -0.76666666666666672 0.12499999999999423
      vertex 0.80000000000002092 -0.64999999999999991 0.099999999999989542
      vertex 0.74999999999999123 -0.68333333333333324 0.12500000000000444
    endloop
  endfacet
  facet normal 0.44721359549995876 1.2812946386018626e-16 0.89442719099991541
    outer loop
      vertex 0.81111111111112921 -0.74444444444444446 0.094444444444435394
      vertex 0.85000000000004361 -0.68333333333333324 0.07499999999997814
      vertex 0.80000000000002092 -0.64999999999999991 0.099999999999989542
    endloop
  endfacet
  facet normal 0.44721359549995793 8.0929202865101503e-16 0.89442719099991586
    outer loop
      vertex 0.81111111111112921 -0.74444444444444446 0.094444444444435394
      vertex 0.87777777777778809 -0.74444444444444446 0.061111111111105954
      vertex 0.85000000000004361 -0.68333333333333324 0.07499999999997814
    endloop
  endfacet
  facet normal 0.44721359549995737 4.7605413450085384e-16 0.8944271909999163
    outer loop
      vertex 0.87777777777778809 -0.74444444444444446 0.061111111111105954
      vertex 0.91666666666666663 -0.68333333333333335 0.041666666666666685
      vertex 0.85000000000004361 -0.68333333333333324 0.07499999999997814
    endloop
  endfacet
  facet normal 0.44721359549995798 0 0.89442719099991597
    outer loop
      vertex 0.87777777777778809 -0.74444444444444446 0.061111111111105954
      vertex 0.95238095238093434 -0.74285714285714288 0.023809523809532829
      vertex 0.91666666666666663 -0.68333333333333335 0.041666666666666685
    endloop
  endfacet
  facet normal 0.44721359549995732 -4.7986256757646567e-16 0.89442719099991619
    outer loop
      vertex 0.95238095238093434 -0.74285714285714288 0.023809523809532829
      vertex 0.97777777777778807 -0.68333333333333335 0.01111111111110602
      vertex 0.91666666666666663 -0.68333333333333335 0.041666666666666685
    endloop
  endfacet
  facet normal -0.44721359549995793 0 0.89442719099991586
    outer loop
      vertex -0.85000000000003317 -0.68333333333333335 0.074999999999983358
      vertex -0.81333333333334334 -0.73999999999999988 0.093333333333328272
      vertex -0.78888888888889408 -0.64444444444444449 0.1055555555555529
    endloop
  endfacet
  facet normal -0.44721359549995954 5.1950351979208981e-16 0.89442719099991508
    outer loop
      vertex -0.81333333333334334 -0.73999999999999988 0.093333333333328272
      vertex -0.74999999999999123 -0.68333333333333324 0.12500000000000444
      vertex -0.78888888888889408 -0.64444444444444449 0.1055555555555529
    endloop
  endfacet
  facet normal -0.44721359549995682 -8.5933874535488151e-16 0.89442719099991641
    outer loop
      vertex -0.44166666666665821 -0.69166666666666654 0.279166666666671
      vertex -0.35000000000000003 -0.68333333333333335 0.32499999999999996
      vertex -0.41666666666667251 -0.64999999999999991 0.29166666666666385
    endloop
  endfacet
  facet normal -0.44721359549995748 3.4338331013154745e-16 0.89442719099991619
    outer loop
      vertex -0.24999999999998254 -0.69999999999999996 0.37500000000000877
      vertex -0.18333333333330618 -0.73333333333333339 0.40833333333334693
      vertex -0.20666666666667785 -0.61999999999999988 0.39666666666666106
    endloop
  endfacet
  facet normal -0.44721359549995843 9.3208010152988803e-17 0.89442719099991563
    outer loop
      vertex -0.18333333333330618 -0.73333333333333339 0.40833333333334693
      vertex -0.14999999999998487 -0.64999999999999991 0.42500000000000759
      vertex -0.20666666666667785 -0.61999999999999988 0.39666666666666106
    endloop
  endfacet
  facet normal -0.44721359549995732 -4.6547515373397144e-16 0.89442719099991619
    outer loop
      vertex -0.18333333333330618 -0.73333333333333339 0.40833333333334693
      vertex -0.13333333333331782 -0.73333333333333339 0.43333333333334106
      vertex -0.14999999999998487 -0.64999999999999991 0.42500000000000759
    endloop
  endfacet
  facet normal -0.44721359549995787 -5.7736821953547578e-16 0.89442719099991597
    outer loop
      vertex -0.13333333333331782 -0.73333333333333339 0.43333333333334106
      vertex -0.099999999999999978 -0.68333333333333335 0.45000000000000001
      vertex -0.14999999999998487 -0.64999999999999991 0.42500000000000759
    endloop
  endfacet
  facet normal -0.44748019452220089 4.1980332731974603e-17 0.89429384181619709
    outer loop
      vertex -0.055555555555552971 -0.68888888888888888 0.47222222222222343
      vertex -0.0001241515791458419 -0.73333333333333328 0.49995858165373497
      vertex -0.0001241515791458418 -0.65000000000000002 0.49995858165373497
    endloop
  endfacet
  facet normal 0.44499610011970064 -5.7895888619682833e-19 0.89553250687970964
    outer loop
      vertex -0.0001241515791458419 -0.73333333333333328 0.49995858165373497
      vertex 0.033333333333333437 -0.68333333333333335 0.48333333333333328
      vertex -0.0001241515791458418 -0.65000000000000002 0.49995858165373497
    endloop
  endfacet
  facet normal 0.44721359549995848 -7.4286587034814555e-16 0.89442719099991552
    outer loop
      vertex 0.17777777777778814 -0.68888888888888888 0.41111111111110599
      vertex 0.25000000000004363 -0.68333333333333324 0.37499999999997818
      vertex 0.18333333333331356 -0.63333333333333341 0.40833333333334332
    endloop
  endfacet
  facet normal 0.44721359549995737 3.1918296256044878e-16 0.89442719099991619
    outer loop
      vertex 0.29166666666666669 -0.70833333333333337 0.35416666666666663
      vertex 0.34999999999999126 -0.73333333333333328 0.3250000000000044
      vertex 0.34999999999996856 -0.64999999999999991 0.32500000000001572
    endloop
  endfacet
  facet normal 0.44721359549995832 2.9790409838979755e-16 0.89442719099991563
    outer loop
      vertex 0.34999999999999126 -0.73333333333333328 0.3250000000000044
      vertex 0.38888888888889406 -0.71111111111111114 0.30555555555555297
      vertex 0.34999999999996856 -0.64999999999999991 0.32500000000001572
    endloop
  endfacet
  facet normal 0.44721359549995793 0 0.89442719099991586
    outer loop
      vertex 0.38888888888889406 -0.71111111111111114 0.30555555555555297
      vertex 0.41666666666666663 -0.6333333333333333 0.29166666666666669
      vertex 0.34999999999996856 -0.64999999999999991 0.32500000000001572
    endloop
  endfacet
  facet normal 0.44721359549995748 1.9485006435355685e-16 0.89442719099991597
    outer loop
      vertex 0.38888888888889406 -0.71111111111111114 0.30555555555555297
      vertex 0.45000000000004364 -0.68333333333333324 0.27499999999997821
      vertex 0.41666666666666663 -0.6333333333333333 0.29166666666666669
    endloop
  endfacet
  facet normal 0.44721359549995832 1.282431546002413e-16 0.89442719099991563
    outer loop
      vertex 0.45000000000004364 -0.68333333333333324 0.27499999999997821
      vertex 0.5166666666666585 -0.73333333333333328 0.24166666666667075
      vertex 0.48888888888890547 -0.64444444444444438 0.25555555555554726
    endloop
  endfacet
  facet normal 0.44721359549995793 0 0.89442719099991586
    outer loop
      vertex 0.5166666666666585 -0.73333333333333328 0.24166666666667075
      vertex 0.53333333333331778 -0.66666666666666663 0.23333333333334111
      vertex 0.48888888888890547 -0.64444444444444438 0.25555555555554726
    endloop
  endfacet
  facet normal 0.44721359549995759 4.2747718200048288e-16 0.89442719099991608
    outer loop
      vertex 0.57777777777778816 -0.68888888888888888 0.21111111111110592
      vertex 0.65000000000000868 -0.73333333333333328 0.17499999999999571
      vertex 0.61666666666667946 -0.64999999999999991 0.19166666666666027
    endloop
  endfacet
  facet normal 0.44721359549995837 8.4782974430131217e-16 0.89442719099991563
    outer loop
      vertex 0.65000000000000868 -0.73333333333333328 0.17499999999999571
      vertex 0.68333333333332458 -0.69999999999999996 0.15833333333333771
      vertex 0.61666666666667946 -0.64999999999999991 0.19166666666666027
    endloop
  endfacet
  facet normal 0.44721359549995732 8.0563007377011578e-17 0.89442719099991619
    outer loop
      vertex 0.68333333333332458 -0.69999999999999996 0.15833333333333771
      vertex 0.74999999999999123 -0.68333333333333324 0.12500000000000444
      vertex 0.68888888888887079 -0.64444444444444449 0.15555555555556461
    endloop
  endfacet
  facet normal -0.44721359549995843 -1.1244223422250786e-15 0.89442719099991563
    outer loop
      vertex -0.98333333333334028 -0.68333333333333324 0.0083333333333298065
      vertex -0.913333333333335 -0.67333333333333323 0.043333333333332502
      vertex -0.96666666666669465 -0.60333333333333339 0.01666666666665273
    endloop
  endfacet
  facet normal -0.44721359549995754 -1.1024411535806661e-15 0.89442719099991619
    outer loop
      vertex -0.913333333333335 -0.67333333333333323 0.043333333333332502
      vertex -0.85000000000003317 -0.68333333333333335 0.074999999999983358
      vertex -0.85000000000000009 -0.6166666666666667 0.074999999999999983
    endloop
  endfacet
  facet normal -0.44721359549995732 -1.1171403689616139e-15 0.89442719099991608
    outer loop
      vertex -0.85000000000003317 -0.68333333333333335 0.074999999999983358
      vertex -0.78888888888889408 -0.64444444444444449 0.1055555555555529
      vertex -0.85000000000000009 -0.6166666666666667 0.074999999999999983
    endloop
  endfacet
  facet normal -0.44721359549995909 1.1071659013810625e-15 0.8944271909999153
    outer loop
      vertex -0.74999999999999123 -0.68333333333333324 0.12500000000000444
      vertex -0.73333333333333339 -0.6166666666666667 0.1333333333333333
      vertex -0.78888888888889408 -0.64444444444444449 0.1055555555555529
    endloop
  endfacet
  facet normal -0.44721359549995698 -4.363829566256715e-17 0.8944271909999163
    outer loop
      vertex -0.74999999999999123 -0.68333333333333324 0.12500000000000444
      vertex -0.70833333333334347 -0.70833333333333326 0.14583333333332826
      vertex -0.68333333333334489 -0.6166666666666667 0.15833333333332753
    endloop
  endfacet
  facet normal -0.44721359549995754 6.4002833638421115e-16 0.89442719099991608
    outer loop
      vertex -0.74999999999999123 -0.68333333333333324 0.12500000000000444
      vertex -0.68333333333334489 -0.6166666666666667 0.15833333333332753
      vertex -0.73333333333333339 -0.6166666666666667 0.1333333333333333
    endloop
  endfacet
  facet normal -0.44721359549995732 4.1071337094144081e-17 0.89442719099991619
    outer loop
      vertex -0.70833333333334347 -0.70833333333333326 0.14583333333332826
      vertex -0.64999999999998492 -0.68333333333333335 0.17500000000000748
      vertex -0.68333333333334489 -0.6166666666666667 0.15833333333332753
    endloop
  endfacet
  facet normal -0.44721359549995821 -5.3197160426715596e-16 0.89442719099991574
    outer loop
      vertex -0.64999999999998492 -0.68333333333333335 0.17500000000000748
      vertex -0.59166666666665568 -0.625 0.20416666666667216
      vertex -0.68333333333334489 -0.6166666666666667 0.15833333333332753
    endloop
  endfacet
  facet normal -0.44721359549995976 1.3964254612014781e-15 0.89442719099991508
    outer loop
      vertex -0.64999999999998492 -0.68333333333333335 0.17500000000000748
      vertex -0.58333333333331294 -0.68333333333333335 0.20833333333334364
      vertex -0.59166666666665568 -0.625 0.20416666666667216
    endloop
  endfacet
  facet normal -0.44721359549995793 2.388622499423607e-15 0.89442719099991586
    outer loop
      vertex -0.58333333333331294 -0.68333333333333335 0.20833333333334364
      vertex -0.51666666666664163 -0.68333333333333335 0.2416666666666793
      vertex -0.50000000000001399 -0.62 0.24999999999999295
    endloop
  endfacet
  facet normal -0.44721359549995759 1.7725245867060914e-15 0.89442719099991608
    outer loop
      vertex -0.58333333333331294 -0.68333333333333335 0.20833333333334364
      vertex -0.50000000000001399 -0.62 0.24999999999999295
      vertex -0.59166666666665568 -0.625 0.20416666666667216
    endloop
  endfacet
  facet normal -0.44721359549995776 2.2810927278157416e-15 0.89442719099991597
    outer loop
      vertex -0.51666666666664163 -0.68333333333333335 0.2416666666666793
      vertex -0.44166666666665821 -0.69166666666666654 0.279166666666671
      vertex -0.50000000000001399 -0.62 0.24999999999999295
    endloop
  endfacet
  facet normal -0.44721359549995915 8.9573343728393498e-16 0.89442719099991541
    outer loop
      vertex -0.44166666666665821 -0.69166666666666654 0.279166666666671
      vertex -0.41666666666667251 -0.64999999999999991 0.29166666666666385
      vertex -0.50000000000001399 -0.62 0.24999999999999295
    endloop
  endfacet
  facet normal -0.44721359549995648 -9.9744675800104642e-17 0.89442719099991674
    outer loop
      vertex -0.41666666666667251 -0.64999999999999991 0.29166666666666385
      vertex -0.35000000000000003 -0.68333333333333335 0.32499999999999996
      vertex -0.35833333333333339 -0.59166666666666667 0.3208333333333333
    endloop
  endfacet
  facet normal -0.44721359549995987 -4.9093082620330626e-16 0.89442719099991486
    outer loop
      vertex -0.35000000000000003 -0.68333333333333335 0.32499999999999996
      vertex -0.31333333333329982 -0.60666666666666669 0.3433333333333502
      vertex -0.35833333333333339 -0.59166666666666667 0.3208333333333333
    endloop
  endfacet
  facet normal -0.44721359549995748 -1.8532807046813541e-15 0.89442719099991608
    outer loop
      vertex -0.35000000000000003 -0.68333333333333335 0.32499999999999996
      vertex -0.28333333333333338 -0.66666666666666674 0.35833333333333328
      vertex -0.31333333333329982 -0.60666666666666669 0.3433333333333502
    endloop
  endfacet
  facet normal -0.44721359549995854 1.0378837887307998e-15 0.89442719099991552
    outer loop
      vertex -0.28333333333333338 -0.66666666666666674 0.35833333333333328
      vertex -0.24999999999998254 -0.69999999999999996 0.37500000000000877
      vertex -0.20666666666667785 -0.61999999999999988 0.39666666666666106
    endloop
  endfacet
  facet normal -0.44721359549995726 5.3392738222451405e-16 0.89442719099991619
    outer loop
      vertex -0.14999999999998487 -0.64999999999999991 0.42500000000000759
      vertex -0.099999999999999978 -0.68333333333333335 0.45000000000000001
      vertex -0.083333333333395418 -0.59999999999999998 0.45833333333330223
    endloop
  endfacet
  facet normal -0.4472135954999566 3.193046024089116e-16 0.89442719099991663
    outer loop
      vertex -0.099999999999999978 -0.68333333333333335 0.45000000000000001
      vertex -0.055555555555552971 -0.68888888888888888 0.47222222222222343
      vertex -0.083333333333395418 -0.59999999999999998 0.45833333333330223
    endloop
  endfacet
  facet normal -0.44743226267473729 -8.5422723857113745e-05 0.89431781991679182
    outer loop
      vertex -0.055555555555552971 -0.68888888888888888 0.47222222222222343
      vertex -0.0001241515791458418 -0.65000000000000002 0.49995858165373497
      vertex -0.083333333333395418 -0.59999999999999998 0.45833333333330223
    endloop
  endfacet
  facet normal 0.44533667438911539 0.00042634019959306022 0.89536309097375533
    outer loop
      vertex -0.0001241515791458418 -0.65000000000000002 0.49995858165373497
      vertex 0.033333333333333437 -0.68333333333333335 0.48333333333333328
      vertex 0.044444444444423754 -0.62222222222222212 0.47777777777778807
    endloop
  endfacet
  facet normal 0.44721359549995787 7.6168661520086733e-16 0.89442719099991574
    outer loop
      vertex 0.033333333333333437 -0.68333333333333335 0.48333333333333328
      vertex 0.08333333333333337 -0.68333333333333335 0.45833333333333331
      vertex 0.044444444444423754 -0.62222222222222212 0.47777777777778807
    endloop
  endfacet
  facet normal 0.44721359549995748 4.3987402027839651e-16 0.89442719099991597
    outer loop
      vertex 0.08333333333333337 -0.68333333333333335 0.45833333333333331
      vertex 0.11666666666666201 -0.61666666666666659 0.44166666666666898
      vertex 0.044444444444423754 -0.62222222222222212 0.47777777777778807
    endloop
  endfacet
  facet normal 0.44721359549995809 5.8184394216692282e-17 0.89442719099991574
    outer loop
      vertex 0.08333333333333337 -0.68333333333333335 0.45833333333333331
      vertex 0.13333333333336825 -0.68333333333333335 0.43333333333331586
      vertex 0.11666666666666201 -0.61666666666666659 0.44166666666666898
    endloop
  endfacet
  facet normal 0.44721359549995676 -4.6547515373414992e-16 0.89442719099991641
    outer loop
      vertex 0.13333333333336825 -0.68333333333333335 0.43333333333331586
      vertex 0.17777777777778814 -0.68888888888888888 0.41111111111110599
      vertex 0.18333333333331356 -0.63333333333333341 0.40833333333334332
    endloop
  endfacet
  facet normal 0.44721359549995665 -4.0729075951729361e-16 0.89442719099991641
    outer loop
      vertex 0.13333333333336825 -0.68333333333333335 0.43333333333331586
      vertex 0.18333333333331356 -0.63333333333333341 0.40833333333334332
      vertex 0.11666666666666201 -0.61666666666666659 0.44166666666666898
    endloop
  endfacet
  facet normal 0.44721359549995893 0 0.89442719099991541
    outer loop
      vertex 0.18333333333331356 -0.63333333333333341 0.40833333333334332
      vertex 0.25000000000004363 -0.68333333333333324 0.37499999999997818
      vertex 0.26666666666665889 -0.61666666666666659 0.36666666666667053
    endloop
  endfacet
  facet normal 0.44721359549995854 1.9732098908309234e-16 0.89442719099991552
    outer loop
      vertex 0.25000000000004363 -0.68333333333333324 0.37499999999997818
      vertex 0.29166666666666669 -0.70833333333333337 0.35416666666666663
      vertex 0.26666666666665889 -0.61666666666666659 0.36666666666667053
    endloop
  endfacet
  facet normal 0.44721359549995771 -8.5495436400127815e-17 0.89442719099991597
    outer loop
      vertex 0.29166666666666669 -0.70833333333333337 0.35416666666666663
      vertex 0.34999999999996856 -0.64999999999999991 0.32500000000001572
      vertex 0.26666666666665889 -0.61666666666666659 0.36666666666667053
    endloop
  endfacet
  facet normal 0.44721359549995804 5.386212493205568e-16 0.89442719099991586
    outer loop
      vertex 0.45000000000004364 -0.68333333333333324 0.27499999999997821
      vertex 0.48888888888890547 -0.64444444444444438 0.25555555555554726
      vertex 0.41666666666666663 -0.6333333333333333 0.29166666666666669
    endloop
  endfacet
  facet normal 0.44721359549995793 0 0.89442719099991586
    outer loop
      vertex 0.53333333333331778 -0.66666666666666663 0.23333333333334111
      vertex 0.57777777777778816 -0.68888888888888888 0.21111111111110592
      vertex 0.55000000000002969 -0.59999999999999998 0.22499999999998516
    endloop
  endfacet
  facet normal 0.44721359549995798 0 0.89442719099991597
    outer loop
      vertex 0.57777777777778816 -0.68888888888888888 0.21111111111110592
      vertex 0.61666666666667946 -0.64999999999999991 0.19166666666666027
      vertex 0.55000000000002969 -0.59999999999999998 0.22499999999998516
    endloop
  endfacet
  facet normal 0.44721359549995798 0 0.89442719099991597
    outer loop
      vertex 0.61666666666667946 -0.64999999999999991 0.19166666666666027
      vertex 0.68333333333332458 -0.69999999999999996 0.15833333333333771
      vertex 0.68888888888887079 -0.64444444444444449 0.15555555555556461
    endloop
  endfacet
  facet normal 0.44721359549995765 8.2683086518491472e-16 0.89442719099991597
    outer loop
      vertex 0.68888888888887079 -0.64444444444444449 0.15555555555556461
      vertex 0.74999999999999123 -0.68333333333333324 0.12500000000000444
      vertex 0.74444444444444702 -0.62222222222222212 0.12777777777777649
    endloop
  endfacet
  facet normal 0.44721359549995821 8.5281697809059351e-16 0.89442719099991574
    outer loop
      vertex 0.74999999999999123 -0.68333333333333324 0.12500000000000444
      vertex 0.80000000000002092 -0.64999999999999991 0.099999999999989542
      vertex 0.74444444444444702 -0.62222222222222212 0.12777777777777649
    endloop
  endfacet
  facet normal 0.44721359549995821 -7.4325871322039686e-16 0.89442719099991563
    outer loop
      vertex 0.80000000000002092 -0.64999999999999991 0.099999999999989542
      vertex 0.85000000000004361 -0.68333333333333324 0.07499999999997814
      vertex 0.84444444444442379 -0.62222222222222212 0.077777777777788104
    endloop
  endfacet
  facet normal 0.44721359549995732 -6.071415048706538e-16 0.89442719099991608
    outer loop
      vertex 0.85000000000004361 -0.68333333333333324 0.07499999999997814
      vertex 0.91666666666666663 -0.68333333333333335 0.041666666666666685
      vertex 0.91999999999998439 -0.60666666666666658 0.040000000000007863
    endloop
  endfacet
  facet normal 0.44721359549995754 -8.5558548188754801e-16 0.89442719099991608
    outer loop
      vertex 0.85000000000004361 -0.68333333333333324 0.07499999999997814
      vertex 0.91999999999998439 -0.60666666666666658 0.040000000000007863
      vertex 0.84444444444442379 -0.62222222222222212 0.077777777777788104
    endloop
  endfacet
  facet normal 0.44721359549995732 1.5534398073172971e-15 0.8944271909999163
    outer loop
      vertex 0.91666666666666663 -0.68333333333333335 0.041666666666666685
      vertex 0.97777777777778807 -0.68333333333333335 0.01111111111110602
      vertex 0.97333333333340033 -0.62 0.013333333333299779
    endloop
  endfacet
  facet normal 0.44721359549995926 -7.1850688422774283e-16 0.89442719099991519
    outer loop
      vertex 0.91666666666666663 -0.68333333333333335 0.041666666666666685
      vertex 0.97333333333340033 -0.62 0.013333333333299779
      vertex 0.91999999999998439 -0.60666666666666658 0.040000000000007863
    endloop
  endfacet
  facet normal -0.44721359549995748 -2.5482216445270681e-16 0.89442719099991608
    outer loop
      vertex -0.96666666666669465 -0.60333333333333339 0.01666666666665273
      vertex -0.913333333333335 -0.67333333333333323 0.043333333333332502
      vertex -0.91666666666666674 -0.58333333333333326 0.041666666666666657
    endloop
  endfacet
  facet normal -0.44721359549995809 -2.7994378349559963e-16 0.89442719099991586
    outer loop
      vertex -0.913333333333335 -0.67333333333333323 0.043333333333332502
      vertex -0.85000000000000009 -0.6166666666666667 0.074999999999999983
      vertex -0.91666666666666674 -0.58333333333333326 0.041666666666666657
    endloop
  endfacet
  facet normal -0.4472135954999571 -3.5908083288043227e-16 0.8944271909999163
    outer loop
      vertex -0.85000000000000009 -0.6166666666666667 0.074999999999999983
      vertex -0.78888888888889408 -0.64444444444444449 0.1055555555555529
      vertex -0.82500000000000007 -0.57499999999999996 0.087499999999999981
    endloop
  endfacet
  facet normal -0.44721359549995848 -1.1910687757307172e-15 0.89442719099991574
    outer loop
      vertex -0.78888888888889408 -0.64444444444444449 0.1055555555555529
      vertex -0.75555555555555298 -0.57777777777777772 0.12222222222222356
      vertex -0.82500000000000007 -0.57499999999999996 0.087499999999999981
    endloop
  endfacet
  facet normal -0.44721359549995804 -1.3964254612015248e-15 0.89442719099991574
    outer loop
      vertex -0.78888888888889408 -0.64444444444444449 0.1055555555555529
      vertex -0.73333333333333339 -0.6166666666666667 0.1333333333333333
      vertex -0.75555555555555298 -0.57777777777777772 0.12222222222222356
    endloop
  endfacet
  facet normal -0.44721359549995821 -8.593387453545917e-16 0.89442719099991563
    outer loop
      vertex -0.68333333333334489 -0.6166666666666667 0.15833333333332753
      vertex -0.59166666666665568 -0.625 0.20416666666667216
      vertex -0.6166666666666516 -0.58333333333333326 0.19166666666667423
    endloop
  endfacet
  facet normal -0.44721359549995887 1.8851743726219041e-15 0.8944271909999153
    outer loop
      vertex -0.50000000000001399 -0.62 0.24999999999999295
      vertex -0.41666666666667251 -0.64999999999999991 0.29166666666666385
      vertex -0.41666666666666669 -0.58333333333333326 0.29166666666666663
    endloop
  endfacet
  facet normal -0.44721359549995804 1.8619006149354688e-15 0.89442719099991586
    outer loop
      vertex -0.41666666666667251 -0.64999999999999991 0.29166666666666385
      vertex -0.35833333333333339 -0.59166666666666667 0.3208333333333333
      vertex -0.41666666666666669 -0.58333333333333326 0.29166666666666663
    endloop
  endfacet
  facet normal -0.44721359549995676 -1.3360860894217936e-15 0.89442719099991641
    outer loop
      vertex -0.31333333333329982 -0.60666666666666669 0.3433333333333502
      vertex -0.28333333333333338 -0.66666666666666674 0.35833333333333328
      vertex -0.24999999999998254 -0.58333333333333337 0.37500000000000877
    endloop
  endfacet
  facet normal -0.44721359549995771 -8.8279770535764714e-16 0.89442719099991608
    outer loop
      vertex -0.28333333333333338 -0.66666666666666674 0.35833333333333328
      vertex -0.20666666666667785 -0.61999999999999988 0.39666666666666106
      vertex -0.24999999999998254 -0.58333333333333337 0.37500000000000877
    endloop
  endfacet
  facet normal -0.44721359549995837 2.0535668547073056e-16 0.89442719099991563
    outer loop
      vertex -0.20666666666667785 -0.61999999999999988 0.39666666666666106
      vertex -0.14999999999998487 -0.64999999999999991 0.42500000000000759
      vertex -0.14999999999998717 -0.58333333333333326 0.42500000000000643
    endloop
  endfacet
  facet normal -0.44721359549995704 1.8619006149358461e-16 0.8944271909999163
    outer loop
      vertex -0.14999999999998487 -0.64999999999999991 0.42500000000000759
      vertex -0.083333333333395418 -0.59999999999999998 0.45833333333330223
      vertex -0.14999999999998717 -0.58333333333333326 0.42500000000000643
    endloop
  endfacet
  facet normal -0.44739120884900024 0 0.89433836227941743
    outer loop
      vertex -0.083333333333395418 -0.59999999999999998 0.45833333333330223
      vertex -0.0001241515791458418 -0.65000000000000002 0.49995858165373497
      vertex -0.00012415157914584193 -0.58333333333333326 0.49995858165373497
    endloop
  endfacet
  facet normal 0.445549698494558 9.0574865823386356e-19 0.89525720671291364
    outer loop
      vertex -0.0001241515791458418 -0.65000000000000002 0.49995858165373497
      vertex 0.044444444444423754 -0.62222222222222212 0.47777777777778807
      vertex -0.00012415157914584193 -0.58333333333333326 0.49995858165373497
    endloop
  endfacet
  facet normal 0.44721359549995743 -6.0890645110526731e-17 0.89442719099991608
    outer loop
      vertex 0.044444444444423754 -0.62222222222222212 0.47777777777778807
      vertex 0.11666666666666201 -0.61666666666666659 0.44166666666666898
      vertex 0.050000000000047139 -0.56666666666666665 0.47499999999997639
    endloop
  endfacet
  facet normal 0.44721359549995898 1.3964254612014403e-16 0.8944271909999153
    outer loop
      vertex 0.18333333333331356 -0.63333333333333341 0.40833333333334332
      vertex 0.26666666666665889 -0.61666666666666659 0.36666666666667053
      vertex 0.22499999999999559 -0.57499999999999996 0.38750000000000223
    endloop
  endfacet
  facet normal 0.44721359549995771 1.2694776920017719e-16 0.89442719099991597
    outer loop
      vertex 0.26666666666665889 -0.61666666666666659 0.36666666666667053
      vertex 0.34999999999996856 -0.64999999999999991 0.32500000000001572
      vertex 0.36666666666663561 -0.58333333333333326 0.31666666666668219
    endloop
  endfacet
  facet normal 0.44721359549995793 0 0.89442719099991586
    outer loop
      vertex 0.34999999999996856 -0.64999999999999991 0.32500000000001572
      vertex 0.41666666666666663 -0.6333333333333333 0.29166666666666669
      vertex 0.36666666666663561 -0.58333333333333326 0.31666666666668219
    endloop
  endfacet
  facet normal 0.44721359549995793 0 0.89442719099991586
    outer loop
      vertex 0.41666666666666663 -0.6333333333333333 0.29166666666666669
      vertex 0.48888888888890547 -0.64444444444444438 0.25555555555554726
      vertex 0.48333333333333328 -0.58333333333333326 0.25833333333333336
    endloop
  endfacet
  facet normal 0.44721359549995793 0 0.89442719099991586
    outer loop
      vertex 0.48888888888890547 -0.64444444444444438 0.25555555555554726
      vertex 0.53333333333331778 -0.66666666666666663 0.23333333333334111
      vertex 0.55000000000002969 -0.59999999999999998 0.22499999999998516
    endloop
  endfacet
  facet normal 0.44721359549995798 0 0.89442719099991597
    outer loop
      vertex 0.48888888888890547 -0.64444444444444438 0.25555555555554726
      vertex 0.55000000000002969 -0.59999999999999998 0.22499999999998516
      vertex 0.48333333333333328 -0.58333333333333326 0.25833333333333336
    endloop
  endfacet
  facet normal 0.44721359549995887 1.5826155226960517e-15 0.8944271909999153
    outer loop
      vertex 0.55000000000002969 -0.59999999999999998 0.22499999999998516
      vertex 0.61666666666667946 -0.64999999999999991 0.19166666666666027
      vertex 0.60666666666665492 -0.57999999999999996 0.19666666666667243
    endloop
  endfacet
  facet normal 0.44721359549995804 -7.8548932192626639e-16 0.89442719099991586
    outer loop
      vertex 0.61666666666667946 -0.64999999999999991 0.19166666666666027
      vertex 0.68888888888887079 -0.64444444444444449 0.15555555555556461
      vertex 0.68333333333335489 -0.58333333333333326 0.15833333333332261
    endloop
  endfacet
  facet normal 0.44721359549995643 1.1455052611414488e-15 0.89442719099991663
    outer loop
      vertex 0.61666666666667946 -0.64999999999999991 0.19166666666666027
      vertex 0.68333333333335489 -0.58333333333333326 0.15833333333332261
      vertex 0.60666666666665492 -0.57999999999999996 0.19666666666667243
    endloop
  endfacet
  facet normal 0.44721359549995815 -7.8548932192580786e-16 0.89442719099991563
    outer loop
      vertex 0.68888888888887079 -0.64444444444444449 0.15555555555556461
      vertex 0.74444444444444702 -0.62222222222222212 0.12777777777777649
      vertex 0.68333333333335489 -0.58333333333333326 0.15833333333332261
    endloop
  endfacet
  facet normal 0.44721359549995759 -8.4533612740590719e-16 0.89442719099991597
    outer loop
      vertex 0.74444444444444702 -0.62222222222222212 0.12777777777777649
      vertex 0.80000000000002092 -0.64999999999999991 0.099999999999989542
      vertex 0.7499999999999738 -0.56666666666666665 0.12500000000001316
    endloop
  endfacet
  facet normal 0.44721359549995732 6.1473077368119189e-16 0.8944271909999163
    outer loop
      vertex 0.84444444444442379 -0.62222222222222212 0.077777777777788104
      vertex 0.91999999999998439 -0.60666666666666658 0.040000000000007863
      vertex 0.87777777777778809 -0.57777777777777772 0.061111111111105954
    endloop
  endfacet
  facet normal -0.44721359549995787 2.1483468633870588e-16 0.89442719099991597
    outer loop
      vertex -0.91666666666666674 -0.58333333333333326 0.041666666666666657
      vertex -0.85000000000000009 -0.6166666666666667 0.074999999999999983
      vertex -0.82500000000000007 -0.57499999999999996 0.087499999999999981
    endloop
  endfacet
  facet normal -0.44721359549995754 -3.8084330760052093e-16 0.89442719099991608
    outer loop
      vertex -0.73333333333333339 -0.6166666666666667 0.1333333333333333
      vertex -0.68333333333334489 -0.6166666666666667 0.15833333333332753
      vertex -0.6888888888888941 -0.55555555555555547 0.15555555555555295
    endloop
  endfacet
  facet normal -0.4472135954999571 -7.226501761719068e-16 0.8944271909999163
    outer loop
      vertex -0.73333333333333339 -0.6166666666666667 0.1333333333333333
      vertex -0.6888888888888941 -0.55555555555555547 0.15555555555555295
      vertex -0.75555555555555298 -0.57777777777777772 0.12222222222222356
    endloop
  endfacet
  facet normal -0.44721359549995826 -4.4966417704438355e-16 0.89442719099991563
    outer loop
      vertex -0.68333333333334489 -0.6166666666666667 0.15833333333332753
      vertex -0.6166666666666516 -0.58333333333333326 0.19166666666667423
      vertex -0.6888888888888941 -0.55555555555555547 0.15555555555555295
    endloop
  endfacet
  facet normal -0.44721359549995759 -3.123583268478772e-16 0.89442719099991608
    outer loop
      vertex -0.6166666666666516 -0.58333333333333326 0.19166666666667423
      vertex -0.59166666666665568 -0.625 0.20416666666667216
      vertex -0.58333333333334436 -0.53333333333333333 0.20833333333332785
    endloop
  endfacet
  facet normal -0.44721359549995748 -7.1489358082013205e-16 0.89442719099991608
    outer loop
      vertex -0.59166666666665568 -0.625 0.20416666666667216
      vertex -0.50000000000001399 -0.62 0.24999999999999295
      vertex -0.50555555555555309 -0.56111111111111112 0.24722222222222345
    endloop
  endfacet
  facet normal -0.44721359549995776 -2.8982415232483387e-16 0.89442719099991586
    outer loop
      vertex -0.59166666666665568 -0.625 0.20416666666667216
      vertex -0.50555555555555309 -0.56111111111111112 0.24722222222222345
      vertex -0.58333333333334436 -0.53333333333333333 0.20833333333332785
    endloop
  endfacet
  facet normal -0.44721359549995793 -8.3481956919656756e-16 0.89442719099991586
    outer loop
      vertex -0.50000000000001399 -0.62 0.24999999999999295
      vertex -0.41666666666666669 -0.58333333333333326 0.29166666666666663
      vertex -0.50555555555555309 -0.56111111111111112 0.24722222222222345
    endloop
  endfacet
  facet normal 0.44568339499643772 0.0001911923028123853 0.89519063604907789
    outer loop
      vertex -0.00012415157914584193 -0.58333333333333326 0.49995858165373497
      vertex 0.044444444444423754 -0.62222222222222212 0.47777777777778807
      vertex 0.050000000000047139 -0.56666666666666665 0.47499999999997639
    endloop
  endfacet
  facet normal 0.44721359549995748 -2.4936168950050655e-16 0.89442719099991619
    outer loop
      vertex 0.050000000000047139 -0.56666666666666665 0.47499999999997639
      vertex 0.11666666666666201 -0.61666666666666659 0.44166666666666898
      vertex 0.083333333333345555 -0.53333333333333321 0.45833333333332721
    endloop
  endfacet
  facet normal 0.44721359549995765 -1.0909573915638546e-16 0.89442719099991586
    outer loop
      vertex 0.11666666666666201 -0.61666666666666659 0.44166666666666898
      vertex 0.15000000000000002 -0.56666666666666665 0.42499999999999999
      vertex 0.083333333333345555 -0.53333333333333321 0.45833333333332721
    endloop
  endfacet
  facet normal 0.44721359549995682 6.483403927008518e-16 0.8944271909999163
    outer loop
      vertex 0.11666666666666201 -0.61666666666666659 0.44166666666666898
      vertex 0.18333333333331356 -0.63333333333333341 0.40833333333334332
      vertex 0.15000000000000002 -0.56666666666666665 0.42499999999999999
    endloop
  endfacet
  facet normal 0.44721359549995782 1.1910687757307998e-15 0.89442719099991597
    outer loop
      vertex 0.18333333333331356 -0.63333333333333341 0.40833333333334332
      vertex 0.22499999999999559 -0.57499999999999996 0.38750000000000223
      vertex 0.15000000000000002 -0.56666666666666665 0.42499999999999999
    endloop
  endfacet
  facet normal 0.44721359549995837 -6.9821273060077602e-16 0.89442719099991563
    outer loop
      vertex 0.26666666666665889 -0.61666666666666659 0.36666666666667053
      vertex 0.28333333333333505 -0.53333333333333321 0.3583333333333325
      vertex 0.22499999999999559 -0.57499999999999996 0.38750000000000223
    endloop
  endfacet
  facet normal 0.44721359549995787 -5.8599997032583738e-16 0.89442719099991597
    outer loop
      vertex 0.26666666666665889 -0.61666666666666659 0.36666666666667053
      vertex 0.36666666666663561 -0.58333333333333326 0.31666666666668219
      vertex 0.28333333333333505 -0.53333333333333321 0.3583333333333325
    endloop
  endfacet
  facet normal 0.44721359549995826 3.9897870320019468e-16 0.89442719099991563
    outer loop
      vertex 0.36666666666663561 -0.58333333333333326 0.31666666666668219
      vertex 0.41666666666666663 -0.6333333333333333 0.29166666666666669
      vertex 0.42777777777778814 -0.52777777777777768 0.28611111111110588
    endloop
  endfacet
  facet normal 0.44721359549995765 5.0869784658062024e-16 0.89442719099991597
    outer loop
      vertex 0.41666666666666663 -0.6333333333333333 0.29166666666666669
      vertex 0.48333333333333328 -0.58333333333333326 0.25833333333333336
      vertex 0.42777777777778814 -0.52777777777777768 0.28611111111110588
    endloop
  endfacet
  facet normal 0.44721359549995815 -9.6675608852476174e-16 0.89442719099991586
    outer loop
      vertex 0.68333333333335489 -0.58333333333333326 0.15833333333332261
      vertex 0.74444444444444702 -0.62222222222222212 0.12777777777777649
      vertex 0.7499999999999738 -0.56666666666666665 0.12500000000001316
    endloop
  endfacet
  facet normal 0.44721359549995848 -1.0301499303938471e-16 0.89442719099991552
    outer loop
      vertex 0.7499999999999738 -0.56666666666666665 0.12500000000001316
      vertex 0.80000000000002092 -0.64999999999999991 0.099999999999989542
      vertex 0.81111111111112921 -0.55555555555555547 0.094444444444435394
    endloop
  endfacet
  facet normal 0.44721359549995793 0 0.89442719099991586
    outer loop
      vertex 0.80000000000002092 -0.64999999999999991 0.099999999999989542
      vertex 0.84444444444442379 -0.62222222222222212 0.077777777777788104
      vertex 0.81111111111112921 -0.55555555555555547 0.094444444444435394
    endloop
  endfacet
  facet normal 0.44721359549995793 0 0.89442719099991586
    outer loop
      vertex 0.84444444444442379 -0.62222222222222212 0.077777777777788104
      vertex 0.87777777777778809 -0.57777777777777772 0.061111111111105954
      vertex 0.81111111111112921 -0.55555555555555547 0.094444444444435394
    endloop
  endfacet
  facet normal 0.4472135954999592 -9.6973990361097024e-16 0.8944271909999153
    outer loop
      vertex 0.91999999999998439 -0.60666666666666658 0.040000000000007863
      vertex 0.97333333333340033 -0.62 0.013333333333299779
      vertex 0.97777777777778807 -0.56111111111111112 0.011111111111105965
    endloop
  endfacet
  facet normal -0.44721359549995759 4.4960668258361741e-16 0.89442719099991597
    outer loop
      vertex -0.96666666666669465 -0.60333333333333339 0.01666666666665273
      vertex -0.91666666666666674 -0.58333333333333326 0.041666666666666657
      vertex -0.93333333333333335 -0.51666666666666661 0.033333333333333326
    endloop
  endfacet
  facet normal -0.44721359549995776 5.0055692083512962e-16 0.89442719099991597
    outer loop
      vertex -0.96666666666669465 -0.60333333333333339 0.01666666666665273
      vertex -0.93333333333333335 -0.51666666666666661 0.033333333333333326
      vertex -0.97777777777777231 -0.49999999999999994 0.011111111111113847
    endloop
  endfacet
  facet normal -0.44721359549995876 1.3091488698778776e-16 0.89442719099991541
    outer loop
      vertex -0.91666666666666674 -0.58333333333333326 0.041666666666666657
      vertex -0.88333333333338626 -0.51666666666666672 0.058333333333306925
      vertex -0.93333333333333335 -0.51666666666666661 0.033333333333333326
    endloop
  endfacet
  facet normal -0.44721359549995776 -4.6547515373382934e-16 0.89442719099991586
    outer loop
      vertex -0.91666666666666674 -0.58333333333333326 0.041666666666666657
      vertex -0.82500000000000007 -0.57499999999999996 0.087499999999999981
      vertex -0.88333333333338626 -0.51666666666666672 0.058333333333306925
    endloop
  endfacet
  facet normal -0.44721359549995732 1.0597871803752284e-16 0.89442719099991608
    outer loop
      vertex -0.82500000000000007 -0.57499999999999996 0.087499999999999981
      vertex -0.81666666666665799 -0.51666666666666661 0.091666666666671004
      vertex -0.88333333333338626 -0.51666666666666672 0.058333333333306925
    endloop
  endfacet
  facet normal -0.44721359549995837 9.1071225730533659e-17 0.89442719099991563
    outer loop
      vertex -0.82500000000000007 -0.57499999999999996 0.087499999999999981
      vertex -0.75555555555555298 -0.57777777777777772 0.12222222222222356
      vertex -0.7499999999999738 -0.51666666666666661 0.12500000000001316
    endloop
  endfacet
  facet normal -0.44721359549995859 3.2417019635028396e-16 0.89442719099991563
    outer loop
      vertex -0.82500000000000007 -0.57499999999999996 0.087499999999999981
      vertex -0.7499999999999738 -0.51666666666666661 0.12500000000001316
      vertex -0.81666666666665799 -0.51666666666666661 0.091666666666671004
    endloop
  endfacet
  facet normal -0.44721359549995732 -7.3639623930571339e-17 0.89442719099991619
    outer loop
      vertex -0.75555555555555298 -0.57777777777777772 0.12222222222222356
      vertex -0.6888888888888941 -0.55555555555555547 0.15555555555555295
      vertex -0.7499999999999738 -0.51666666666666661 0.12500000000001316
    endloop
  endfacet
  facet normal -0.44721359549995843 -6.9821273060061035e-16 0.89442719099991563
    outer loop
      vertex -0.6888888888888941 -0.55555555555555547 0.15555555555555295
      vertex -0.6166666666666516 -0.58333333333333326 0.19166666666667423
      vertex -0.64999999999999647 -0.51666666666666661 0.17500000000000182
    endloop
  endfacet
  facet normal -0.44721359549995771 -2.2442552055032302e-16 0.89442719099991608
    outer loop
      vertex -0.6166666666666516 -0.58333333333333326 0.19166666666667423
      vertex -0.58333333333334436 -0.53333333333333333 0.20833333333332785
      vertex -0.64999999999999647 -0.51666666666666661 0.17500000000000182
    endloop
  endfacet
  facet normal -0.44721359549995809 -1.5709786438518776e-15 0.89442719099991586
    outer loop
      vertex -0.50555555555555309 -0.56111111111111112 0.24722222222222345
      vertex -0.41666666666666669 -0.58333333333333326 0.29166666666666663
      vertex -0.45000000000000523 -0.51666666666666672 0.27499999999999747
    endloop
  endfacet
  facet normal -0.44721359549995771 -1.3188462689125892e-15 0.89442719099991597
    outer loop
      vertex -0.41666666666666669 -0.58333333333333326 0.29166666666666663
      vertex -0.38333333333333836 -0.5 0.30833333333333091
      vertex -0.45000000000000523 -0.51666666666666672 0.27499999999999747
    endloop
  endfacet
  facet normal -0.44721359549995837 -9.6240133136867266e-16 0.89442719099991574
    outer loop
      vertex -0.41666666666666669 -0.58333333333333326 0.29166666666666663
      vertex -0.35833333333333339 -0.59166666666666667 0.3208333333333333
      vertex -0.38333333333333836 -0.5 0.30833333333333091
    endloop
  endfacet
  facet normal -0.44721359549995721 -5.5857018448035305e-16 0.8944271909999163
    outer loop
      vertex -0.35833333333333339 -0.59166666666666667 0.3208333333333333
      vertex -0.3249999999999747 -0.4916666666666667 0.33750000000001268
      vertex -0.38333333333333836 -0.5 0.30833333333333091
    endloop
  endfacet
  facet normal -0.44721359549995932 1.3964254612007509e-15 0.89442719099991508
    outer loop
      vertex -0.35833333333333339 -0.59166666666666667 0.3208333333333333
      vertex -0.31333333333329982 -0.60666666666666669 0.3433333333333502
      vertex -0.28888888888887748 -0.52222222222222225 0.35555555555556129
    endloop
  endfacet
  facet normal -0.44721359549995798 -2.0946381918026644e-16 0.89442719099991574
    outer loop
      vertex -0.35833333333333339 -0.59166666666666667 0.3208333333333333
      vertex -0.28888888888887748 -0.52222222222222225 0.35555555555556129
      vertex -0.3249999999999747 -0.4916666666666667 0.33750000000001268
    endloop
  endfacet
  facet normal -0.44721359549995732 6.6979709621599732e-16 0.89442719099991608
    outer loop
      vertex -0.31333333333329982 -0.60666666666666669 0.3433333333333502
      vertex -0.24999999999998254 -0.58333333333333337 0.37500000000000877
      vertex -0.28888888888887748 -0.52222222222222225 0.35555555555556129
    endloop
  endfacet
  facet normal -0.44721359549995765 5.0271316603281827e-16 0.89442719099991608
    outer loop
      vertex -0.24999999999998254 -0.58333333333333337 0.37500000000000877
      vertex -0.21666666666669285 -0.51666666666666661 0.39166666666665356
      vertex -0.28888888888887748 -0.52222222222222225 0.35555555555556129
    endloop
  endfacet
  facet normal -0.44721359549995698 1.1794133962861354e-16 0.89442719099991641
    outer loop
      vertex -0.24999999999998254 -0.58333333333333337 0.37500000000000877
      vertex -0.20666666666667785 -0.61999999999999988 0.39666666666666106
      vertex -0.21666666666669285 -0.51666666666666661 0.39166666666665356
    endloop
  endfacet
  facet normal -0.44721359549995809 -2.1157961533350998e-16 0.89442719099991574
    outer loop
      vertex -0.20666666666667785 -0.61999999999999988 0.39666666666666106
      vertex -0.14999999999998717 -0.58333333333333326 0.42500000000000643
      vertex -0.1555555555555333 -0.52222222222222225 0.42222222222223338
    endloop
  endfacet
  facet normal -0.44721359549995843 -5.4225101119102001e-17 0.89442719099991563
    outer loop
      vertex -0.20666666666667785 -0.61999999999999988 0.39666666666666106
      vertex -0.1555555555555333 -0.52222222222222225 0.42222222222223338
      vertex -0.21666666666669285 -0.51666666666666661 0.39166666666665356
    endloop
  endfacet
  facet normal -0.44721359549995715 -3.8084330760082326e-16 0.89442719099991619
    outer loop
      vertex -0.14999999999998717 -0.58333333333333326 0.42500000000000643
      vertex -0.083333333333395418 -0.59999999999999998 0.45833333333330223
      vertex -0.11666666666665385 -0.5 0.44166666666667309
    endloop
  endfacet
  facet normal -0.44721359549995754 -1.6485578361412884e-16 0.89442719099991608
    outer loop
      vertex -0.14999999999998717 -0.58333333333333326 0.42500000000000643
      vertex -0.11666666666665385 -0.5 0.44166666666667309
      vertex -0.1555555555555333 -0.52222222222222225 0.42222222222223338
    endloop
  endfacet
  facet normal -0.44721359549995754 -5.3952801910061759e-16 0.89442719099991597
    outer loop
      vertex -0.083333333333395418 -0.59999999999999998 0.45833333333330223
      vertex -0.049999999999999989 -0.51666666666666661 0.47499999999999998
      vertex -0.11666666666665385 -0.5 0.44166666666667309
    endloop
  endfacet
  facet normal -0.44740667394866268 9.6545477088705379e-05 0.89433062051188095
    outer loop
      vertex -0.083333333333395418 -0.59999999999999998 0.45833333333330223
      vertex -0.00012415157914584193 -0.58333333333333326 0.49995858165373497
      vertex -0.049999999999999989 -0.51666666666666661 0.47499999999999998
    endloop
  endfacet
  facet normal -0.44655802874424766 0.00089003991353540728 0.89475423150326827
    outer loop
      vertex -0.00012415157914584193 -0.58333333333333326 0.49995858165373497
      vertex 8.6782925017588362e-05 -0.4933333333333334 0.49997433000524766
      vertex -0.049999999999999989 -0.51666666666666661 0.47499999999999998
    endloop
  endfacet
  facet normal 0.44605427211230458 -0.0012020343527521064 0.89500510693726043
    outer loop
      vertex -0.00012415157914584193 -0.58333333333333326 0.49995858165373497
      vertex 0.050000000000047139 -0.56666666666666665 0.47499999999997639
      vertex 8.6782925017588362e-05 -0.4933333333333334 0.49997433000524766
    endloop
  endfacet
  facet normal 0.44721359549995793 2.9801762891508541e-16 0.89442719099991586
    outer loop
      vertex 0.083333333333345555 -0.53333333333333321 0.45833333333332721
      vertex 0.15000000000000002 -0.56666666666666665 0.42499999999999999
      vertex 0.12666666666664489 -0.48666666666666669 0.43666666666667753
    endloop
  endfacet
  facet normal 0.44721359549995759 2.1502928297482159e-16 0.89442719099991597
    outer loop
      vertex 0.15000000000000002 -0.56666666666666665 0.42499999999999999
      vertex 0.18333333333333335 -0.51666666666666661 0.40833333333333333
      vertex 0.12666666666664489 -0.48666666666666669 0.43666666666667753
    endloop
  endfacet
  facet normal 0.44721359549995771 1.9261040844160929e-16 0.89442719099991597
    outer loop
      vertex 0.15000000000000002 -0.56666666666666665 0.42499999999999999
      vertex 0.22499999999999559 -0.57499999999999996 0.38750000000000223
      vertex 0.18333333333333335 -0.51666666666666661 0.40833333333333333
    endloop
  endfacet
  facet normal 0.44721359549995804 4.8337804426222053e-16 0.89442719099991586
    outer loop
      vertex 0.22499999999999559 -0.57499999999999996 0.38750000000000223
      vertex 0.23333333333331782 -0.5 0.38333333333334108
      vertex 0.18333333333333335 -0.51666666666666661 0.40833333333333333
    endloop
  endfacet
  facet normal 0.44721359549995759 5.3569769847807445e-16 0.89442719099991597
    outer loop
      vertex 0.22499999999999559 -0.57499999999999996 0.38750000000000223
      vertex 0.28333333333333505 -0.53333333333333321 0.3583333333333325
      vertex 0.23333333333331782 -0.5 0.38333333333334108
    endloop
  endfacet
  facet normal 0.44721359549995782 -7.7579192288980988e-16 0.89442719099991597
    outer loop
      vertex 0.28333333333333505 -0.53333333333333321 0.3583333333333325
      vertex 0.36666666666663561 -0.58333333333333326 0.31666666666668219
      vertex 0.34000000000001063 -0.51333333333333331 0.32999999999999474
    endloop
  endfacet
  facet normal 0.44721359549995882 -3.0308269656301556e-16 0.89442719099991541
    outer loop
      vertex 0.36666666666663561 -0.58333333333333326 0.31666666666668219
      vertex 0.42777777777778814 -0.52777777777777768 0.28611111111110588
      vertex 0.34000000000001063 -0.51333333333333331 0.32999999999999474
    endloop
  endfacet
  facet normal 0.44721359549995743 2.9674041050539931e-16 0.89442719099991608
    outer loop
      vertex 0.48333333333333328 -0.58333333333333326 0.25833333333333336
      vertex 0.5166666666666585 -0.51666666666666661 0.24166666666667075
      vertex 0.42777777777778814 -0.52777777777777768 0.28611111111110588
    endloop
  endfacet
  facet normal 0.44721359549995793 0 0.89442719099991586
    outer loop
      vertex 0.48333333333333328 -0.58333333333333326 0.25833333333333336
      vertex 0.55000000000002969 -0.59999999999999998 0.22499999999998516
      vertex 0.5166666666666585 -0.51666666666666661 0.24166666666667075
    endloop
  endfacet
  facet normal 0.44721359549995954 -6.7881793252895862e-16 0.89442719099991508
    outer loop
      vertex 0.55000000000002969 -0.59999999999999998 0.22499999999998516
      vertex 0.60666666666665492 -0.57999999999999996 0.19666666666667243
      vertex 0.58333333333330617 -0.49999999999999994 0.20833333333334692
    endloop
  endfacet
  facet normal 0.44721359549995798 0 0.89442719099991597
    outer loop
      vertex 0.55000000000002969 -0.59999999999999998 0.22499999999998516
      vertex 0.58333333333330617 -0.49999999999999994 0.20833333333334692
      vertex 0.5166666666666585 -0.51666666666666661 0.24166666666667075
    endloop
  endfacet
  facet normal 0.44721359549995793 -1.2364183771048548e-15 0.89442719099991586
    outer loop
      vertex 0.60666666666665492 -0.57999999999999996 0.19666666666667243
      vertex 0.65000000000001168 -0.49999999999999994 0.17499999999999416
      vertex 0.58333333333330617 -0.49999999999999994 0.20833333333334692
    endloop
  endfacet
  facet normal 0.44721359549995637 -1.8536621166384721e-16 0.89442719099991663
    outer loop
      vertex 0.60666666666665492 -0.57999999999999996 0.19666666666667243
      vertex 0.68333333333335489 -0.58333333333333326 0.15833333333332261
      vertex 0.65000000000001168 -0.49999999999999994 0.17499999999999416
    endloop
  endfacet
  facet normal 0.44721359549995798 5.9348082101109119e-16 0.89442719099991597
    outer loop
      vertex 0.68333333333335489 -0.58333333333333326 0.15833333333332261
      vertex 0.69999999999997675 -0.5 0.15000000000001162
      vertex 0.65000000000001168 -0.49999999999999994 0.17499999999999416
    endloop
  endfacet
  facet normal 0.44721359549995782 6.2471665369583181e-16 0.89442719099991597
    outer loop
      vertex 0.68333333333335489 -0.58333333333333326 0.15833333333332261
      vertex 0.7499999999999738 -0.56666666666666665 0.12500000000001316
      vertex 0.69999999999997675 -0.5 0.15000000000001162
    endloop
  endfacet
  facet normal 0.44721359549995837 1.2884285280502557e-15 0.89442719099991563
    outer loop
      vertex 0.7499999999999738 -0.56666666666666665 0.12500000000001316
      vertex 0.81111111111112921 -0.55555555555555547 0.094444444444435394
      vertex 0.76111111111111762 -0.49444444444444441 0.11944444444444113
    endloop
  endfacet
  facet normal 0.44721359549995821 9.5380846233857805e-16 0.89442719099991574
    outer loop
      vertex 0.81111111111112921 -0.55555555555555547 0.094444444444435394
      vertex 0.87777777777778809 -0.57777777777777772 0.061111111111105954
      vertex 0.85000000000003317 -0.51666666666666661 0.074999999999983358
    endloop
  endfacet
  facet normal 0.44721359549995737 4.7605413450074242e-16 0.89442719099991619
    outer loop
      vertex 0.87777777777778809 -0.57777777777777772 0.061111111111105954
      vertex 0.91666666666667185 -0.51666666666666661 0.041666666666664076
      vertex 0.85000000000003317 -0.51666666666666661 0.074999999999983358
    endloop
  endfacet
  facet normal 0.44721359549995737 5.2365954795084209e-16 0.8944271909999163
    outer loop
      vertex 0.87777777777778809 -0.57777777777777772 0.061111111111105954
      vertex 0.91999999999998439 -0.60666666666666658 0.040000000000007863
      vertex 0.91666666666667185 -0.51666666666666661 0.041666666666664076
    endloop
  endfacet
  facet normal 0.44721359549995832 5.6624086067307668e-16 0.89442719099991563
    outer loop
      vertex 0.91999999999998439 -0.60666666666666658 0.040000000000007863
      vertex 0.97777777777778807 -0.56111111111111112 0.011111111111105965
      vertex 0.91666666666667185 -0.51666666666666661 0.041666666666664076
    endloop
  endfacet
  facet normal -0.44721359549995726 0 0.89442719099991619
    outer loop
      vertex -0.7499999999999738 -0.51666666666666661 0.12500000000001316
      vertex -0.6888888888888941 -0.55555555555555547 0.15555555555555295
      vertex -0.6888888888888941 -0.4777777777777778 0.15555555555555295
    endloop
  endfacet
  facet normal -0.44721359549995898 0 0.89442719099991541
    outer loop
      vertex -0.6888888888888941 -0.55555555555555547 0.15555555555555295
      vertex -0.64999999999999647 -0.51666666666666661 0.17500000000000182
      vertex -0.6888888888888941 -0.4777777777777778 0.15555555555555295
    endloop
  endfacet
  facet normal -0.44721359549995787 -6.0812076536185698e-16 0.89442719099991597
    outer loop
      vertex -0.58333333333334436 -0.53333333333333333 0.20833333333332785
      vertex -0.50555555555555309 -0.56111111111111112 0.24722222222222345
      vertex -0.51666666666665906 -0.48333333333333334 0.24166666666667053
    endloop
  endfacet
  facet normal -0.44721359549995798 -4.4581826379586401e-16 0.89442719099991586
    outer loop
      vertex -0.58333333333334436 -0.53333333333333333 0.20833333333332785
      vertex -0.51666666666665906 -0.48333333333333334 0.24166666666667053
      vertex -0.57777777777775496 -0.4777777777777778 0.21111111111112257
    endloop
  endfacet
  facet normal -0.44721359549995854 -7.4520781823751536e-16 0.89442719099991563
    outer loop
      vertex -0.50555555555555309 -0.56111111111111112 0.24722222222222345
      vertex -0.45000000000000523 -0.51666666666666672 0.27499999999999747
      vertex -0.51666666666665906 -0.48333333333333334 0.24166666666667053
    endloop
  endfacet
  facet normal -0.44721359549995759 -1.5326620915635509e-16 0.89442719099991608
    outer loop
      vertex -0.28888888888887748 -0.52222222222222225 0.35555555555556129
      vertex -0.21666666666669285 -0.51666666666666661 0.39166666666665356
      vertex -0.24999999999999536 -0.46666666666666667 0.37500000000000233
    endloop
  endfacet
  facet normal 0.44731646978078804 -0.00012860117169061368 0.89437573721819619
    outer loop
      vertex 0.050000000000047139 -0.56666666666666665 0.47499999999997639
      vertex 0.083333333333345555 -0.53333333333333321 0.45833333333332721
      vertex 8.6782925017588362e-05 -0.4933333333333334 0.49997433000524766
    endloop
  endfacet
  facet normal 0.44721359549995771 -1.3780514419756766e-15 0.89442719099991597
    outer loop
      vertex 0.42777777777778814 -0.52777777777777768 0.28611111111110588
      vertex 0.5166666666666585 -0.51666666666666661 0.24166666666667075
      vertex 0.46666666666669926 -0.48333333333333334 0.2666666666666504
    endloop
  endfacet
  facet normal 0.44721359549995848 1.2478695610731975e-15 0.89442719099991563
    outer loop
      vertex 0.69999999999997675 -0.5 0.15000000000001162
      vertex 0.7499999999999738 -0.56666666666666665 0.12500000000001316
      vertex 0.76111111111111762 -0.49444444444444441 0.11944444444444113
    endloop
  endfacet
  facet normal 0.44721359549995815 1.0323573945308492e-15 0.89442719099991574
    outer loop
      vertex 0.81111111111112921 -0.55555555555555547 0.094444444444435394
      vertex 0.85000000000003317 -0.51666666666666661 0.074999999999983358
      vertex 0.76111111111111762 -0.49444444444444441 0.11944444444444113
    endloop
  endfacet
  facet normal 0.44721359549995793 0 0.89442719099991586
    outer loop
      vertex 0.91666666666667185 -0.51666666666666661 0.041666666666664076
      vertex 0.97777777777778807 -0.56111111111111112 0.011111111111105965
      vertex 0.97777777777778807 -0.49444444444444446 0.011111111111105965
    endloop
  endfacet
  facet normal -0.44721359549995815 -6.1442720292871851e-16 0.89442719099991586
    outer loop
      vertex -0.97777777777777231 -0.49999999999999994 0.011111111111113847
      vertex -0.93333333333333335 -0.51666666666666661 0.033333333333333326
      vertex -0.92499999999998161 -0.4416666666666666 0.037500000000009248
    endloop
  endfacet
  facet normal -0.44721359549995876 -5.4951927871417017e-16 0.89442719099991552
    outer loop
      vertex -0.93333333333333335 -0.51666666666666661 0.033333333333333326
      vertex -0.88333333333338626 -0.51666666666666672 0.058333333333306925
      vertex -0.92499999999998161 -0.4416666666666666 0.037500000000009248
    endloop
  endfacet
  facet normal -0.44721359549995732 4.3987402027866078e-16 0.89442719099991608
    outer loop
      vertex -0.88333333333338626 -0.51666666666666672 0.058333333333306925
      vertex -0.85555555555557283 -0.45555555555555555 0.072222222222213583
      vertex -0.92499999999998161 -0.4416666666666666 0.037500000000009248
    endloop
  endfacet
  facet normal -0.44721359549995743 4.5225142777509753e-16 0.89442719099991619
    outer loop
      vertex -0.88333333333338626 -0.51666666666666672 0.058333333333306925
      vertex -0.81666666666665799 -0.51666666666666661 0.091666666666671004
      vertex -0.85555555555557283 -0.45555555555555555 0.072222222222213583
    endloop
  endfacet
  facet normal -0.44721359549995759 2.9790409838972601e-16 0.89442719099991619
    outer loop
      vertex -0.81666666666665799 -0.51666666666666661 0.091666666666671004
      vertex -0.81666666666666665 -0.43333333333333335 0.091666666666666646
      vertex -0.85555555555557283 -0.45555555555555555 0.072222222222213583
    endloop
  endfacet
  facet normal -0.44721359549995854 -9.5210826900083506e-17 0.89442719099991552
    outer loop
      vertex -0.81666666666665799 -0.51666666666666661 0.091666666666671004
      vertex -0.7499999999999738 -0.51666666666666661 0.12500000000001316
      vertex -0.75555555555555298 -0.45555555555555555 0.12222222222222356
    endloop
  endfacet
  facet normal -0.44721359549995887 2.9790409838955374e-16 0.89442719099991552
    outer loop
      vertex -0.81666666666665799 -0.51666666666666661 0.091666666666671004
      vertex -0.75555555555555298 -0.45555555555555555 0.12222222222222356
      vertex -0.81666666666666665 -0.43333333333333335 0.091666666666666646
    endloop
  endfacet
  facet normal -0.44721359549995737 7.3639623930571413e-17 0.8944271909999163
    outer loop
      vertex -0.7499999999999738 -0.51666666666666661 0.12500000000001316
      vertex -0.6888888888888941 -0.4777777777777778 0.15555555555555295
      vertex -0.75555555555555298 -0.45555555555555555 0.12222222222222356
    endloop
  endfacet
  facet normal -0.44721359549995848 5.9580819677944019e-16 0.89442719099991563
    outer loop
      vertex -0.64999999999999647 -0.51666666666666661 0.17500000000000182
      vertex -0.64999999999998492 -0.43333333333333335 0.17500000000000754
      vertex -0.6888888888888941 -0.4777777777777778 0.15555555555555295
    endloop
  endfacet
  facet normal -0.44721359549995782 -4.0870989108341916e-16 0.89442719099991608
    outer loop
      vertex -0.64999999999999647 -0.51666666666666661 0.17500000000000182
      vertex -0.58333333333334436 -0.53333333333333333 0.20833333333332785
      vertex -0.57777777777775496 -0.4777777777777778 0.21111111111112257
    endloop
  endfacet
  facet normal -0.44721359549995821 5.9580819677939039e-16 0.89442719099991586
    outer loop
      vertex -0.64999999999999647 -0.51666666666666661 0.17500000000000182
      vertex -0.57777777777775496 -0.4777777777777778 0.21111111111112257
      vertex -0.64999999999998492 -0.43333333333333335 0.17500000000000754
    endloop
  endfacet
  facet normal -0.44721359549995798 6.6146469214833049e-16 0.89442719099991586
    outer loop
      vertex -0.51666666666665906 -0.48333333333333334 0.24166666666667053
      vertex -0.45000000000000523 -0.51666666666666672 0.27499999999999747
      vertex -0.44166666666669313 -0.4416666666666666 0.27916666666665346
    endloop
  endfacet
  facet normal -0.44721359549995804 6.7826379544072013e-16 0.89442719099991574
    outer loop
      vertex -0.45000000000000523 -0.51666666666666672 0.27499999999999747
      vertex -0.38333333333333836 -0.5 0.30833333333333091
      vertex -0.44166666666669313 -0.4416666666666666 0.27916666666665346
    endloop
  endfacet
  facet normal -0.44721359549995787 1.5178537621761072e-16 0.89442719099991597
    outer loop
      vertex -0.28888888888887748 -0.52222222222222225 0.35555555555556129
      vertex -0.24999999999999536 -0.46666666666666667 0.37500000000000233
      vertex -0.3249999999999747 -0.4916666666666667 0.33750000000001268
    endloop
  endfacet
  facet normal -0.44721359549995765 -2.8445703839301942e-16 0.89442719099991597
    outer loop
      vertex -0.21666666666669285 -0.51666666666666661 0.39166666666665356
      vertex -0.19166666666667365 -0.44166666666666665 0.40416666666666318
      vertex -0.24999999999999536 -0.46666666666666667 0.37500000000000233
    endloop
  endfacet
  facet normal -0.44721359549995837 4.1071337094131909e-17 0.89442719099991552
    outer loop
      vertex -0.21666666666669285 -0.51666666666666661 0.39166666666665356
      vertex -0.1555555555555333 -0.52222222222222225 0.42222222222223338
      vertex -0.19166666666667365 -0.44166666666666665 0.40416666666666318
    endloop
  endfacet
  facet normal -0.44721359549995782 3.696420338474901e-16 0.89442719099991586
    outer loop
      vertex -0.1555555555555333 -0.52222222222222225 0.42222222222223338
      vertex -0.11666666666665385 -0.5 0.44166666666667309
      vertex -0.19166666666667365 -0.44166666666666665 0.40416666666666318
    endloop
  endfacet
  facet normal -0.44721359549995754 -4.4685614758460595e-16 0.89442719099991597
    outer loop
      vertex -0.11666666666665385 -0.5 0.44166666666667309
      vertex -0.049999999999999989 -0.51666666666666661 0.47499999999999998
      vertex -0.074999999999999983 -0.45833333333333337 0.46250000000000002
    endloop
  endfacet
  facet normal -0.4463905685754837 0.00044078263683819321 0.89483812278954866
    outer loop
      vertex -0.049999999999999989 -0.51666666666666661 0.47499999999999998
      vertex 8.6782925017588362e-05 -0.4933333333333334 0.49997433000524766
      vertex -0.074999999999999983 -0.45833333333333337 0.46250000000000002
    endloop
  endfacet
  facet normal 0.44736590007468496 -3.9137340640127124e-16 0.89435102250199672
    outer loop
      vertex 8.6782925017588362e-05 -0.4933333333333334 0.49997433000524766
      vertex 0.083333333333345555 -0.53333333333333321 0.45833333333332721
      vertex 0.083333333333330428 -0.44999999999999996 0.45833333333333481
    endloop
  endfacet
  facet normal 0.44721359549995854 -4.4685614758436624e-16 0.89442719099991563
    outer loop
      vertex 0.083333333333345555 -0.53333333333333321 0.45833333333332721
      vertex 0.12666666666664489 -0.48666666666666669 0.43666666666667753
      vertex 0.083333333333330428 -0.44999999999999996 0.45833333333333481
    endloop
  endfacet
  facet normal 0.44721359549995765 4.3099551271638443e-17 0.89442719099991619
    outer loop
      vertex 0.12666666666664489 -0.48666666666666669 0.43666666666667753
      vertex 0.18333333333333335 -0.51666666666666661 0.40833333333333333
      vertex 0.19166666666666665 -0.44166666666666665 0.40416666666666667
    endloop
  endfacet
  facet normal 0.44721359549995821 -3.3567919740433702e-17 0.89442719099991586
    outer loop
      vertex 0.18333333333333335 -0.51666666666666661 0.40833333333333333
      vertex 0.23333333333331782 -0.5 0.38333333333334108
      vertex 0.19166666666666665 -0.44166666666666665 0.40416666666666667
    endloop
  endfacet
  facet normal 0.44721359549995726 -1.6112601475394077e-16 0.8944271909999163
    outer loop
      vertex 0.23333333333331782 -0.5 0.38333333333334108
      vertex 0.28333333333333505 -0.53333333333333321 0.3583333333333325
      vertex 0.26666666666668531 -0.45000000000000001 0.36666666666665737
    endloop
  endfacet
  facet normal 0.44721359549995748 5.7387347720611101e-16 0.89442719099991608
    outer loop
      vertex 0.28333333333333505 -0.53333333333333321 0.3583333333333325
      vertex 0.34000000000001063 -0.51333333333333331 0.32999999999999474
      vertex 0.31666666666669752 -0.44999999999999996 0.34166666666665124
    endloop
  endfacet
  facet normal 0.44721359549995837 1.047319095900939e-16 0.89442719099991574
    outer loop
      vertex 0.28333333333333505 -0.53333333333333321 0.3583333333333325
      vertex 0.31666666666669752 -0.44999999999999996 0.34166666666665124
      vertex 0.26666666666668531 -0.45000000000000001 0.36666666666665737
    endloop
  endfacet
  facet normal 0.44721359549995832 9.721402499089771e-16 0.89442719099991574
    outer loop
      vertex 0.34000000000001063 -0.51333333333333331 0.32999999999999474
      vertex 0.37777777777776483 -0.45555555555555555 0.31111111111111756
      vertex 0.31666666666669752 -0.44999999999999996 0.34166666666665124
    endloop
  endfacet
  facet normal 0.44721359549995876 4.8337804426211986e-16 0.8944271909999153
    outer loop
      vertex 0.34000000000001063 -0.51333333333333331 0.32999999999999474
      vertex 0.42777777777778814 -0.52777777777777768 0.28611111111110588
      vertex 0.37777777777776483 -0.45555555555555555 0.31111111111111756
    endloop
  endfacet
  facet normal 0.44721359549995837 -0 0.89442719099991574
    outer loop
      vertex 0.42777777777778814 -0.52777777777777768 0.28611111111110588
      vertex 0.42777777777778814 -0.42777777777777781 0.28611111111110588
      vertex 0.37777777777776483 -0.45555555555555555 0.31111111111111756
    endloop
  endfacet
  facet normal 0.44721359549995643 -0 0.89442719099991674
    outer loop
      vertex 0.42777777777778814 -0.52777777777777768 0.28611111111110588
      vertex 0.46666666666669926 -0.48333333333333334 0.2666666666666504
      vertex 0.42777777777778814 -0.42777777777777781 0.28611111111110588
    endloop
  endfacet
  facet normal 0.44721359549995826 0 0.89442719099991563
    outer loop
      vertex 0.46666666666669926 -0.48333333333333334 0.2666666666666504
      vertex 0.5166666666666585 -0.51666666666666661 0.24166666666667075
      vertex 0.52000000000001789 -0.44000000000000006 0.23999999999999105
    endloop
  endfacet
  facet normal 0.44721359549995793 0 0.89442719099991586
    outer loop
      vertex 0.5166666666666585 -0.51666666666666661 0.24166666666667075
      vertex 0.58333333333330617 -0.49999999999999994 0.20833333333334692
      vertex 0.52000000000001789 -0.44000000000000006 0.23999999999999105
    endloop
  endfacet
  facet normal 0.44721359549995776 -8.9770208220080359e-16 0.89442719099991597
    outer loop
      vertex 0.76111111111111762 -0.49444444444444441 0.11944444444444113
      vertex 0.85000000000003317 -0.51666666666666661 0.074999999999983358
      vertex 0.81666666666667709 -0.45000000000000001 0.091666666666661456
    endloop
  endfacet
  facet normal 0.44721359549995743 -1.0686929550016255e-15 0.89442719099991608
    outer loop
      vertex 0.85000000000003317 -0.51666666666666661 0.074999999999983358
      vertex 0.89999999999998048 -0.45333333333333331 0.050000000000009814
      vertex 0.81666666666667709 -0.45000000000000001 0.091666666666661456
    endloop
  endfacet
  facet normal 0.44721359549995737 -1.0105710574489451e-15 0.89442719099991619
    outer loop
      vertex 0.85000000000003317 -0.51666666666666661 0.074999999999983358
      vertex 0.91666666666667185 -0.51666666666666661 0.041666666666664076
      vertex 0.89999999999998048 -0.45333333333333331 0.050000000000009814
    endloop
  endfacet
  facet normal 0.44721359549995821 -7.0888410421245289e-16 0.89442719099991586
    outer loop
      vertex 0.91666666666667185 -0.51666666666666661 0.041666666666664076
      vertex 0.97777777777778807 -0.49444444444444446 0.011111111111105965
      vertex 0.89999999999998048 -0.45333333333333331 0.050000000000009814
    endloop
  endfacet
  facet normal -0.44721359549995915 5.9580819677905158e-16 0.89442719099991519
    outer loop
      vertex -0.97777777777777231 -0.49999999999999994 0.011111111111113847
      vertex -0.92499999999998161 -0.4416666666666666 0.037500000000009248
      vertex -0.97777777777778763 -0.41666666666666669 0.011111111111106131
    endloop
  endfacet
  facet normal -0.4472135954999571 1.9960669827774454e-15 0.89442719099991641
    outer loop
      vertex -0.92499999999998161 -0.4416666666666666 0.037500000000009248
      vertex -0.85555555555557283 -0.45555555555555555 0.072222222222213583
      vertex -0.8888888888888915 -0.41111111111111109 0.055555555555554192
    endloop
  endfacet
  facet normal -0.44721359549995748 -5.6106380137569196e-16 0.89442719099991608
    outer loop
      vertex -0.75555555555555298 -0.45555555555555555 0.12222222222222356
      vertex -0.6888888888888941 -0.4777777777777778 0.15555555555555295
      vertex -0.71666666666666501 -0.41666666666666669 0.14166666666666755
    endloop
  endfacet
  facet normal -0.44721359549995748 -5.3708671584662694e-16 0.89442719099991619
    outer loop
      vertex -0.6888888888888941 -0.4777777777777778 0.15555555555555295
      vertex -0.64999999999998492 -0.43333333333333335 0.17500000000000754
      vertex -0.71666666666666501 -0.41666666666666669 0.14166666666666755
    endloop
  endfacet
  facet normal -0.44721359549995815 7.3595395928203554e-16 0.89442719099991574
    outer loop
      vertex -0.64999999999998492 -0.43333333333333335 0.17500000000000754
      vertex -0.57777777777775496 -0.4777777777777778 0.21111111111112257
      vertex -0.59999999999999998 -0.41666666666666669 0.20000000000000001
    endloop
  endfacet
  facet normal -0.44721359549995826 6.3473884600073785e-16 0.89442719099991563
    outer loop
      vertex -0.57777777777775496 -0.4777777777777778 0.21111111111112257
      vertex -0.55000000000000115 -0.41666666666666669 0.22499999999999945
      vertex -0.59999999999999998 -0.41666666666666669 0.20000000000000001
    endloop
  endfacet
  facet normal -0.44721359549995793 3.740425342505284e-16 0.89442719099991586
    outer loop
      vertex -0.57777777777775496 -0.4777777777777778 0.21111111111112257
      vertex -0.51666666666665906 -0.48333333333333334 0.24166666666667053
      vertex -0.55000000000000115 -0.41666666666666669 0.22499999999999945
    endloop
  endfacet
  facet normal -0.44721359549995743 7.4185102626333296e-16 0.89442719099991619
    outer loop
      vertex -0.51666666666665906 -0.48333333333333334 0.24166666666667053
      vertex -0.48333333333333334 -0.41666666666666669 0.2583333333333333
      vertex -0.55000000000000115 -0.41666666666666669 0.22499999999999945
    endloop
  endfacet
  facet normal -0.44721359549995815 1.2890081180329364e-15 0.89442719099991574
    outer loop
      vertex -0.51666666666665906 -0.48333333333333334 0.24166666666667053
      vertex -0.44166666666669313 -0.4416666666666666 0.27916666666665346
      vertex -0.48333333333333334 -0.41666666666666669 0.2583333333333333
    endloop
  endfacet
  facet normal -0.44721359549995859 0 0.89442719099991552
    outer loop
      vertex -0.44166666666669313 -0.4416666666666666 0.27916666666665346
      vertex -0.38333333333333836 -0.5 0.30833333333333091
      vertex -0.38333333333333391 -0.41666666666666669 0.30833333333333313
    endloop
  endfacet
  facet normal -0.44721359549995726 3.0357075243496249e-16 0.8944271909999163
    outer loop
      vertex -0.38333333333333836 -0.5 0.30833333333333091
      vertex -0.3249999999999747 -0.4916666666666667 0.33750000000001268
      vertex -0.33333333333333337 -0.38333333333333336 0.33333333333333331
    endloop
  endfacet
  facet normal -0.44721359549995676 -7.9377597398981071e-29 0.89442719099991652
    outer loop
      vertex -0.38333333333333836 -0.5 0.30833333333333091
      vertex -0.33333333333333337 -0.38333333333333336 0.33333333333333331
      vertex -0.38333333333333391 -0.41666666666666669 0.30833333333333313
    endloop
  endfacet
  facet normal -0.44721359549995826 1.9974642550691723e-16 0.89442719099991563
    outer loop
      vertex -0.3249999999999747 -0.4916666666666667 0.33750000000001268
      vertex -0.28888888888887748 -0.42222222222222222 0.35555555555556129
      vertex -0.33333333333333337 -0.38333333333333336 0.33333333333333331
    endloop
  endfacet
  facet normal -0.44721359549995776 -9.0091965238835064e-17 0.89442719099991586
    outer loop
      vertex -0.3249999999999747 -0.4916666666666667 0.33750000000001268
      vertex -0.24999999999999536 -0.46666666666666667 0.37500000000000233
      vertex -0.28888888888887748 -0.42222222222222222 0.35555555555556129
    endloop
  endfacet
  facet normal -0.44721359549995854 -7.2073572191002378e-16 0.89442719099991563
    outer loop
      vertex -0.19166666666667365 -0.44166666666666665 0.40416666666666318
      vertex -0.11666666666665385 -0.5 0.44166666666667309
      vertex -0.14999999999996683 -0.41666666666666669 0.42500000000001664
    endloop
  endfacet
  facet normal -0.44721359549995765 -3.1918296256048956e-16 0.89442719099991586
    outer loop
      vertex -0.11666666666665385 -0.5 0.44166666666667309
      vertex -0.074999999999999983 -0.45833333333333337 0.46250000000000002
      vertex -0.14999999999996683 -0.41666666666666669 0.42500000000001664
    endloop
  endfacet
  facet normal -0.4464052755168747 0.0004013957530062404 0.89483080460618525
    outer loop
      vertex -0.074999999999999983 -0.45833333333333337 0.46250000000000002
      vertex 8.6782925017588362e-05 -0.4933333333333334 0.49997433000524766
      vertex 0.0001241515791458422 -0.41666666666666669 0.49995858165373497
    endloop
  endfacet
  facet normal -0.44573407207993226 -0.0011089779838468865 0.89516473743935721
    outer loop
      vertex -0.074999999999999983 -0.45833333333333337 0.46250000000000002
      vertex 0.0001241515791458422 -0.41666666666666669 0.49995858165373497
      vertex -0.049999999999999989 -0.41666666666666669 0.47499999999999998
    endloop
  endfacet
  facet normal 0.44738020210959506 -3.4350710030755336e-05 0.89434386763727891
    outer loop
      vertex 8.6782925017588362e-05 -0.4933333333333334 0.49997433000524766
      vertex 0.083333333333330428 -0.44999999999999996 0.45833333333333481
      vertex 0.0001241515791458422 -0.41666666666666669 0.49995858165373497
    endloop
  endfacet
  facet normal 0.44721359549995782 -4.5652370846978487e-16 0.89442719099991586
    outer loop
      vertex 0.12666666666664489 -0.48666666666666669 0.43666666666667753
      vertex 0.19166666666666665 -0.44166666666666665 0.40416666666666667
      vertex 0.15555555555557624 -0.41111111111111115 0.4222222222222119
    endloop
  endfacet
  facet normal 0.44721359549995854 3.1196739026846366e-16 0.89442719099991552
    outer loop
      vertex 0.19166666666666665 -0.44166666666666665 0.40416666666666667
      vertex 0.23333333333331782 -0.5 0.38333333333334108
      vertex 0.24444444444444702 -0.41111111111111115 0.37777777777777644
    endloop
  endfacet
  facet normal 0.44721359549995621 6.8478556270402077e-16 0.89442719099991674
    outer loop
      vertex 0.23333333333331782 -0.5 0.38333333333334108
      vertex 0.26666666666668531 -0.45000000000000001 0.36666666666665737
      vertex 0.24444444444444702 -0.41111111111111115 0.37777777777777644
    endloop
  endfacet
  facet normal 0.44721359549995771 1.0848723702561832e-15 0.89442719099991608
    outer loop
      vertex 0.46666666666669926 -0.48333333333333334 0.2666666666666504
      vertex 0.52000000000001789 -0.44000000000000006 0.23999999999999105
      vertex 0.42777777777778814 -0.42777777777777781 0.28611111111110588
    endloop
  endfacet
  facet normal 0.44721359549995771 -2.9398430762149465e-16 0.89442719099991597
    outer loop
      vertex 0.52000000000001789 -0.44000000000000006 0.23999999999999105
      vertex 0.58333333333330617 -0.49999999999999994 0.20833333333334692
      vertex 0.58333333333333681 -0.41666666666666669 0.20833333333333162
    endloop
  endfacet
  facet normal 0.44721359549995798 -5.5857018448031114e-16 0.89442719099991597
    outer loop
      vertex 0.58333333333330617 -0.49999999999999994 0.20833333333334692
      vertex 0.65000000000001168 -0.49999999999999994 0.17499999999999416
      vertex 0.65000000000001923 -0.41666666666666663 0.17499999999999044
    endloop
  endfacet
  facet normal 0.44721359549995765 -2.9790409838955404e-16 0.89442719099991608
    outer loop
      vertex 0.58333333333330617 -0.49999999999999994 0.20833333333334692
      vertex 0.65000000000001923 -0.41666666666666663 0.17499999999999044
      vertex 0.58333333333333681 -0.41666666666666669 0.20833333333333162
    endloop
  endfacet
  facet normal 0.44721359549995793 -6.0511769985444548e-16 0.89442719099991586
    outer loop
      vertex 0.65000000000001168 -0.49999999999999994 0.17499999999999416
      vertex 0.69999999999997675 -0.5 0.15000000000001162
      vertex 0.71666666666666501 -0.41666666666666669 0.14166666666666755
    endloop
  endfacet
  facet normal 0.44721359549995787 -5.9580819677933971e-16 0.89442719099991597
    outer loop
      vertex 0.65000000000001168 -0.49999999999999994 0.17499999999999416
      vertex 0.71666666666666501 -0.41666666666666669 0.14166666666666755
      vertex 0.65000000000001923 -0.41666666666666663 0.17499999999999044
    endloop
  endfacet
  facet normal 0.44721359549995865 -7.7579192288940667e-16 0.89442719099991541
    outer loop
      vertex 0.69999999999997675 -0.5 0.15000000000001162
      vertex 0.76111111111111762 -0.49444444444444441 0.11944444444444113
      vertex 0.71666666666666501 -0.41666666666666669 0.14166666666666755
    endloop
  endfacet
  facet normal 0.44721359549995798 -1.2779786586879912e-15 0.89442719099991597
    outer loop
      vertex 0.76111111111111762 -0.49444444444444441 0.11944444444444113
      vertex 0.7666666666667028 -0.41666666666666669 0.11666666666664866
      vertex 0.71666666666666501 -0.41666666666666669 0.14166666666666755
    endloop
  endfacet
  facet normal 0.44721359549995809 -1.2853461631517847e-15 0.89442719099991586
    outer loop
      vertex 0.76111111111111762 -0.49444444444444441 0.11944444444444113
      vertex 0.81666666666667709 -0.45000000000000001 0.091666666666661456
      vertex 0.7666666666667028 -0.41666666666666669 0.11666666666664866
    endloop
  endfacet
  facet normal 0.44721359549995821 -6.1672966032717673e-16 0.89442719099991574
    outer loop
      vertex 0.89999999999998048 -0.45333333333333331 0.050000000000009814
      vertex 0.97777777777778807 -0.49444444444444446 0.011111111111105965
      vertex 0.97999999999996812 -0.40666666666666673 0.010000000000015996
    endloop
  endfacet
  facet normal -0.44721359549995793 1.1389595167923436e-15 0.89442719099991586
    outer loop
      vertex -0.85555555555557283 -0.45555555555555555 0.072222222222213583
      vertex -0.81666666666666665 -0.43333333333333335 0.091666666666666646
      vertex -0.8888888888888915 -0.41111111111111109 0.055555555555554192
    endloop
  endfacet
  facet normal -0.44721359549995898 -1.5326620915628325e-16 0.89442719099991541
    outer loop
      vertex -0.81666666666666665 -0.43333333333333335 0.091666666666666646
      vertex -0.75555555555555298 -0.45555555555555555 0.12222222222222356
      vertex -0.78333333333335142 -0.38333333333333336 0.10833333333332432
    endloop
  endfacet
  facet normal -0.44721359549995815 2.4936168950023696e-16 0.89442719099991586
    outer loop
      vertex -0.75555555555555298 -0.45555555555555555 0.12222222222222356
      vertex -0.71666666666666501 -0.41666666666666669 0.14166666666666755
      vertex -0.78333333333335142 -0.38333333333333336 0.10833333333332432
    endloop
  endfacet
  facet normal -0.44721359549995793 0 0.89442719099991586
    outer loop
      vertex -0.64999999999998492 -0.43333333333333335 0.17500000000000754
      vertex -0.59999999999999998 -0.41666666666666669 0.20000000000000001
      vertex -0.65000000000000002 -0.3666666666666667 0.17499999999999999
    endloop
  endfacet
  facet normal -0.44721359549995771 0 0.89442719099991597
    outer loop
      vertex -0.28888888888887748 -0.42222222222222222 0.35555555555556129
      vertex -0.24999999999999536 -0.46666666666666667 0.37500000000000233
      vertex -0.24999999999999536 -0.38333333333333336 0.37500000000000233
    endloop
  endfacet
  facet normal -0.44721359549995771 0 0.89442719099991586
    outer loop
      vertex -0.24999999999999536 -0.46666666666666667 0.37500000000000233
      vertex -0.19166666666667365 -0.44166666666666665 0.40416666666666318
      vertex -0.24999999999999536 -0.38333333333333336 0.37500000000000233
    endloop
  endfacet
  facet normal -0.44721359549995732 4.2315923066737844e-16 0.89442719099991608
    outer loop
      vertex -0.14999999999996683 -0.41666666666666669 0.42500000000001664
      vertex -0.074999999999999983 -0.45833333333333337 0.46250000000000002
      vertex -0.099999999999999978 -0.38333333333333336 0.45000000000000001
    endloop
  endfacet
  facet normal -0.44721359549995726 4.3222692846715928e-16 0.89442719099991619
    outer loop
      vertex -0.074999999999999983 -0.45833333333333337 0.46250000000000002
      vertex -0.049999999999999989 -0.41666666666666669 0.47499999999999998
      vertex -0.099999999999999978 -0.38333333333333336 0.45000000000000001
    endloop
  endfacet
  facet normal 0.44739120884899958 0 0.89433836227941776
    outer loop
      vertex 0.0001241515791458422 -0.41666666666666669 0.49995858165373497
      vertex 0.083333333333330428 -0.44999999999999996 0.45833333333333481
      vertex 0.083333333333330428 -0.3833333333333333 0.45833333333333481
    endloop
  endfacet
  facet normal 0.44721359549995837 -7.1611562112899898e-16 0.89442719099991574
    outer loop
      vertex 0.083333333333330428 -0.44999999999999996 0.45833333333333481
      vertex 0.12666666666664489 -0.48666666666666669 0.43666666666667753
      vertex 0.15555555555557624 -0.41111111111111115 0.4222222222222119
    endloop
  endfacet
  facet normal 0.44721359549995809 -0 0.89442719099991586
    outer loop
      vertex 0.083333333333330428 -0.44999999999999996 0.45833333333333481
      vertex 0.15555555555557624 -0.41111111111111115 0.4222222222222119
      vertex 0.083333333333330428 -0.3833333333333333 0.45833333333333481
    endloop
  endfacet
  facet normal 0.44721359549995837 -4.266855575892711e-16 0.89442719099991574
    outer loop
      vertex 0.26666666666668531 -0.45000000000000001 0.36666666666665737
      vertex 0.31666666666669752 -0.44999999999999996 0.34166666666665124
      vertex 0.30000000000000349 -0.35000000000000003 0.34999999999999831
    endloop
  endfacet
  facet normal 0.4472135954999561 5.3744006237019452e-16 0.89442719099991685
    outer loop
      vertex 0.26666666666668531 -0.45000000000000001 0.36666666666665737
      vertex 0.30000000000000349 -0.35000000000000003 0.34999999999999831
      vertex 0.24444444444444702 -0.41111111111111115 0.37777777777777644
    endloop
  endfacet
  facet normal 0.44721359549995671 -7.5276060017952287e-16 0.89442719099991641
    outer loop
      vertex 0.31666666666669752 -0.44999999999999996 0.34166666666665124
      vertex 0.34999999999998077 -0.3833333333333333 0.32500000000000973
      vertex 0.30000000000000349 -0.35000000000000003 0.34999999999999831
    endloop
  endfacet
  facet normal 0.44721359549995821 -1.6392820631509245e-15 0.89442719099991586
    outer loop
      vertex 0.31666666666669752 -0.44999999999999996 0.34166666666665124
      vertex 0.37777777777776483 -0.45555555555555555 0.31111111111111756
      vertex 0.34999999999998077 -0.3833333333333333 0.32500000000000973
    endloop
  endfacet
  facet normal 0.44721359549995887 -1.2612082070354088e-15 0.89442719099991541
    outer loop
      vertex 0.37777777777776483 -0.45555555555555555 0.31111111111111756
      vertex 0.42777777777778814 -0.42777777777777781 0.28611111111110588
      vertex 0.34999999999998077 -0.3833333333333333 0.32500000000000973
    endloop
  endfacet
  facet normal 0.44721359549995748 -4.0593763407019532e-16 0.89442719099991608
    outer loop
      vertex 0.42777777777778814 -0.42777777777777781 0.28611111111110588
      vertex 0.52000000000001789 -0.44000000000000006 0.23999999999999105
      vertex 0.4833333333333496 -0.38333333333333336 0.2583333333333252
    endloop
  endfacet
  facet normal 0.44721359549995832 -8.4782974430135871e-16 0.89442719099991563
    outer loop
      vertex 0.7666666666667028 -0.41666666666666669 0.11666666666664866
      vertex 0.81666666666667709 -0.45000000000000001 0.091666666666661456
      vertex 0.83333333333334114 -0.38333333333333336 0.083333333333329485
    endloop
  endfacet
  facet normal 0.44721359549995748 -5.876047732781075e-16 0.89442719099991619
    outer loop
      vertex 0.81666666666667709 -0.45000000000000001 0.091666666666661456
      vertex 0.89999999999998048 -0.45333333333333331 0.050000000000009814
      vertex 0.83333333333334114 -0.38333333333333336 0.083333333333329485
    endloop
  endfacet
  facet normal 0.44721359549995848 6.982127306007557e-16 0.89442719099991563
    outer loop
      vertex 0.89999999999998048 -0.45333333333333331 0.050000000000009814
      vertex 0.91666666666667185 -0.40000000000000002 0.041666666666664076
      vertex 0.83333333333334114 -0.38333333333333336 0.083333333333329485
    endloop
  endfacet
  facet normal 0.44721359549995737 1.1395988039270506e-15 0.89442719099991608
    outer loop
      vertex 0.89999999999998048 -0.45333333333333331 0.050000000000009814
      vertex 0.97999999999996812 -0.40666666666666673 0.010000000000015996
      vertex 0.91666666666667185 -0.40000000000000002 0.041666666666664076
    endloop
  endfacet
  facet normal -0.44721359549995926 4.5269633818132192e-16 0.89442719099991519
    outer loop
      vertex -0.97777777777778763 -0.41666666666666669 0.011111111111106131
      vertex -0.92499999999998161 -0.4416666666666666 0.037500000000009248
      vertex -0.95999999999999108 -0.35000000000000003 0.020000000000004403
    endloop
  endfacet
  facet normal -0.44721359549995437 -2.0470327783520825e-15 0.89442719099991763
    outer loop
      vertex -0.92499999999998161 -0.4416666666666666 0.037500000000009248
      vertex -0.8888888888888915 -0.41111111111111109 0.055555555555554192
      vertex -0.88333333333338626 -0.35000000000000003 0.058333333333306925
    endloop
  endfacet
  facet normal -0.44721359549995904 5.9334283430550291e-16 0.89442719099991541
    outer loop
      vertex -0.92499999999998161 -0.4416666666666666 0.037500000000009248
      vertex -0.88333333333338626 -0.35000000000000003 0.058333333333306925
      vertex -0.95999999999999108 -0.35000000000000003 0.020000000000004403
    endloop
  endfacet
  facet normal -0.44721359549995832 -3.0803502820620626e-16 0.89442719099991574
    outer loop
      vertex -0.8888888888888915 -0.41111111111111109 0.055555555555554192
      vertex -0.81666666666666665 -0.43333333333333335 0.091666666666666646
      vertex -0.82222222222220775 -0.3444444444444445 0.088888888888896123
    endloop
  endfacet
  facet normal -0.44721359549995715 -1.7084392751867947e-15 0.89442719099991619
    outer loop
      vertex -0.8888888888888915 -0.41111111111111109 0.055555555555554192
      vertex -0.82222222222220775 -0.3444444444444445 0.088888888888896123
      vertex -0.88333333333338626 -0.35000000000000003 0.058333333333306925
    endloop
  endfacet
  facet normal -0.44721359549995865 -3.4037870616813271e-16 0.89442719099991552
    outer loop
      vertex -0.81666666666666665 -0.43333333333333335 0.091666666666666646
      vertex -0.78333333333335142 -0.38333333333333336 0.10833333333332432
      vertex -0.82222222222220775 -0.3444444444444445 0.088888888888896123
    endloop
  endfacet
  facet normal -0.44721359549995821 0 0.89442719099991574
    outer loop
      vertex -0.78333333333335142 -0.38333333333333336 0.10833333333332432
      vertex -0.71666666666666501 -0.41666666666666669 0.14166666666666755
      vertex -0.71666666666666501 -0.35000000000000003 0.14166666666666755
    endloop
  endfacet
  facet normal -0.44721359549995732 0 0.89442719099991619
    outer loop
      vertex -0.71666666666666501 -0.41666666666666669 0.14166666666666755
      vertex -0.64999999999998492 -0.43333333333333335 0.17500000000000754
      vertex -0.65000000000000002 -0.3666666666666667 0.17499999999999999
    endloop
  endfacet
  facet normal -0.44721359549995737 0 0.8944271909999163
    outer loop
      vertex -0.71666666666666501 -0.41666666666666669 0.14166666666666755
      vertex -0.65000000000000002 -0.3666666666666667 0.17499999999999999
      vertex -0.71666666666666501 -0.35000000000000003 0.14166666666666755
    endloop
  endfacet
  facet normal -0.44721359549995798 0 0.89442719099991597
    outer loop
      vertex -0.65000000000000002 -0.3666666666666667 0.17499999999999999
      vertex -0.59999999999999998 -0.41666666666666669 0.20000000000000001
      vertex -0.58333333333338278 -0.35000000000000003 0.20833333333330861
    endloop
  endfacet
  facet normal -0.44721359549995832 1.3091488698765225e-16 0.89442719099991574
    outer loop
      vertex -0.59999999999999998 -0.41666666666666669 0.20000000000000001
      vertex -0.55000000000000115 -0.41666666666666669 0.22499999999999945
      vertex -0.58333333333338278 -0.35000000000000003 0.20833333333330861
    endloop
  endfacet
  facet normal -0.44721359549995798 3.4910636529997464e-16 0.89442719099991586
    outer loop
      vertex -0.55000000000000115 -0.41666666666666669 0.22499999999999945
      vertex -0.51333333333329911 -0.34000000000000002 0.24333333333335044
      vertex -0.58333333333338278 -0.35000000000000003 0.20833333333330861
    endloop
  endfacet
  facet normal -0.44721359549995732 -3.7946344054390422e-17 0.89442719099991619
    outer loop
      vertex -0.55000000000000115 -0.41666666666666669 0.22499999999999945
      vertex -0.48333333333333334 -0.41666666666666669 0.2583333333333333
      vertex -0.51333333333329911 -0.34000000000000002 0.24333333333335044
    endloop
  endfacet
  facet normal -0.44721359549995904 -8.5147893975756882e-16 0.89442719099991541
    outer loop
      vertex -0.48333333333333334 -0.41666666666666669 0.2583333333333333
      vertex -0.45000000000000523 -0.35000000000000003 0.27499999999999747
      vertex -0.51333333333329911 -0.34000000000000002 0.24333333333335044
    endloop
  endfacet
  facet normal -0.4472135954999592 -6.9821273060116206e-16 0.8944271909999153
    outer loop
      vertex -0.48333333333333334 -0.41666666666666669 0.2583333333333333
      vertex -0.44166666666669313 -0.4416666666666666 0.27916666666665346
      vertex -0.45000000000000523 -0.35000000000000003 0.27499999999999747
    endloop
  endfacet
  facet normal -0.4472135954999587 3.9897870320026849e-16 0.89442719099991552
    outer loop
      vertex -0.44166666666669313 -0.4416666666666666 0.27916666666665346
      vertex -0.38333333333333391 -0.41666666666666669 0.30833333333333313
      vertex -0.38333333333333741 -0.35000000000000003 0.30833333333333135
    endloop
  endfacet
  facet normal -0.44721359549995759 -5.077910768005705e-16 0.89442719099991597
    outer loop
      vertex -0.44166666666669313 -0.4416666666666666 0.27916666666665346
      vertex -0.38333333333333741 -0.35000000000000003 0.30833333333333135
      vertex -0.45000000000000523 -0.35000000000000003 0.27499999999999747
    endloop
  endfacet
  facet normal -0.44721359549995698 3.7238012298715556e-16 0.89442719099991641
    outer loop
      vertex -0.38333333333333391 -0.41666666666666669 0.30833333333333313
      vertex -0.33333333333333337 -0.38333333333333336 0.33333333333333331
      vertex -0.38333333333333741 -0.35000000000000003 0.30833333333333135
    endloop
  endfacet
  facet normal -0.4472135954999592 -1.1608838171433689e-15 0.89442719099991519
    outer loop
      vertex -0.33333333333333337 -0.38333333333333336 0.33333333333333331
      vertex -0.28888888888887748 -0.42222222222222222 0.35555555555556129
      vertex -0.29166666666667102 -0.33333333333333337 0.35416666666666463
    endloop
  endfacet
  facet normal -0.44721359549995682 -1.0745221893012222e-15 0.89442719099991652
    outer loop
      vertex -0.28888888888887748 -0.42222222222222222 0.35555555555556129
      vertex -0.24999999999999536 -0.38333333333333336 0.37500000000000233
      vertex -0.29166666666667102 -0.33333333333333337 0.35416666666666463
    endloop
  endfacet
  facet normal -0.44721359549995748 2.1943828676035732e-16 0.89442719099991597
    outer loop
      vertex -0.24999999999999536 -0.38333333333333336 0.37500000000000233
      vertex -0.19166666666667365 -0.44166666666666665 0.40416666666666318
      vertex -0.21666666666669285 -0.33333333333333331 0.39166666666665356
    endloop
  endfacet
  facet normal -0.44721359549995909 5.585701844799956e-16 0.8944271909999153
    outer loop
      vertex -0.19166666666667365 -0.44166666666666665 0.40416666666666318
      vertex -0.14999999999996683 -0.41666666666666669 0.42500000000001664
      vertex -0.14999999999998717 -0.35000000000000003 0.42500000000000643
    endloop
  endfacet
  facet normal -0.44721359549995826 2.8498478800016115e-17 0.89442719099991586
    outer loop
      vertex -0.19166666666667365 -0.44166666666666665 0.40416666666666318
      vertex -0.14999999999998717 -0.35000000000000003 0.42500000000000643
      vertex -0.21666666666669285 -0.33333333333333331 0.39166666666665356
    endloop
  endfacet
  facet normal -0.44721359549995743 5.5857018448080872e-16 0.89442719099991619
    outer loop
      vertex -0.14999999999996683 -0.41666666666666669 0.42500000000001664
      vertex -0.099999999999999978 -0.38333333333333336 0.45000000000000001
      vertex -0.14999999999998717 -0.35000000000000003 0.42500000000000643
    endloop
  endfacet
  facet normal -0.44721359549995782 -4.7298281750375826e-16 0.89442719099991597
    outer loop
      vertex -0.099999999999999978 -0.38333333333333336 0.45000000000000001
      vertex -0.049999999999999989 -0.41666666666666669 0.47499999999999998
      vertex -0.055555555555554262 -0.35555555555555562 0.47222222222222288
    endloop
  endfacet
  facet normal -0.44573434616923524 0 0.89516528789105998
    outer loop
      vertex -0.049999999999999989 -0.41666666666666669 0.47499999999999998
      vertex 0.0001241515791458422 -0.41666666666666669 0.49995858165373497
      vertex 0.0001241515791458422 -0.35000000000000003 0.49995858165373497
    endloop
  endfacet
  facet normal -0.44589408276947246 0.0001498887969026806 0.89508571907081591
    outer loop
      vertex -0.049999999999999989 -0.41666666666666669 0.47499999999999998
      vertex 0.0001241515791458422 -0.35000000000000003 0.49995858165373497
      vertex -0.055555555555554262 -0.35555555555555562 0.47222222222222288
    endloop
  endfacet
  facet normal 0.44739120884899952 -0 0.89433836227941776
    outer loop
      vertex 0.0001241515791458422 -0.41666666666666669 0.49995858165373497
      vertex 0.083333333333330428 -0.3833333333333333 0.45833333333333481
      vertex 0.0001241515791458422 -0.35000000000000003 0.49995858165373497
    endloop
  endfacet
  facet normal 0.44721359549995804 -9.3789769782182077e-17 0.89442719099991586
    outer loop
      vertex 0.083333333333330428 -0.3833333333333333 0.45833333333333481
      vertex 0.15555555555557624 -0.41111111111111115 0.4222222222222119
      vertex 0.13333333333330771 -0.3166666666666666 0.43333333333334617
    endloop
  endfacet
  facet normal 0.44721359549995832 -1.2178129022104201e-17 0.89442719099991563
    outer loop
      vertex 0.15555555555557624 -0.41111111111111115 0.4222222222222119
      vertex 0.18333333333333335 -0.35000000000000003 0.40833333333333333
      vertex 0.13333333333330771 -0.3166666666666666 0.43333333333334617
    endloop
  endfacet
  facet normal 0.44721359549995826 3.1736942300055864e-17 0.89442719099991574
    outer loop
      vertex 0.15555555555557624 -0.41111111111111115 0.4222222222222119
      vertex 0.19166666666666665 -0.44166666666666665 0.40416666666666667
      vertex 0.18333333333333335 -0.35000000000000003 0.40833333333333333
    endloop
  endfacet
  facet normal 0.4472135954999592 -9.5210826900101033e-16 0.8944271909999153
    outer loop
      vertex 0.19166666666666665 -0.44166666666666665 0.40416666666666667
      vertex 0.24444444444444702 -0.41111111111111115 0.37777777777777644
      vertex 0.25 -0.35000000000000003 0.375
    endloop
  endfacet
  facet normal 0.44721359549995793 0 0.89442719099991586
    outer loop
      vertex 0.19166666666666665 -0.44166666666666665 0.40416666666666667
      vertex 0.25 -0.35000000000000003 0.375
      vertex 0.18333333333333335 -0.35000000000000003 0.40833333333333333
    endloop
  endfacet
  facet normal 0.44721359549995721 -7.2201543732577265e-16 0.8944271909999163
    outer loop
      vertex 0.24444444444444702 -0.41111111111111115 0.37777777777777644
      vertex 0.30000000000000349 -0.35000000000000003 0.34999999999999831
      vertex 0.25 -0.35000000000000003 0.375
    endloop
  endfacet
  facet normal 0.44721359549995932 -4.1892763836033838e-16 0.89442719099991519
    outer loop
      vertex 0.34999999999998077 -0.3833333333333333 0.32500000000000973
      vertex 0.42777777777778814 -0.42777777777777781 0.28611111111110588
      vertex 0.41666666666666663 -0.35000000000000003 0.29166666666666669
    endloop
  endfacet
  facet normal 0.44721359549995765 -6.8478556270449537e-16 0.89442719099991597
    outer loop
      vertex 0.42777777777778814 -0.42777777777777781 0.28611111111110588
      vertex 0.4833333333333496 -0.38333333333333336 0.2583333333333252
      vertex 0.41666666666666663 -0.35000000000000003 0.29166666666666669
    endloop
  endfacet
  facet normal 0.44721359549995743 -4.5431650278827136e-16 0.89442719099991619
    outer loop
      vertex 0.4833333333333496 -0.38333333333333336 0.2583333333333252
      vertex 0.52000000000001789 -0.44000000000000006 0.23999999999999105
      vertex 0.53333333333333566 -0.35000000000000003 0.23333333333333223
    endloop
  endfacet
  facet normal 0.44721359549995754 2.9398430762141458e-16 0.89442719099991608
    outer loop
      vertex 0.52000000000001789 -0.44000000000000006 0.23999999999999105
      vertex 0.58333333333333681 -0.41666666666666669 0.20833333333333162
      vertex 0.58333333333330617 -0.33333333333333331 0.20833333333334692
    endloop
  endfacet
  facet normal 0.44721359549995887 -7.3675044625125134e-16 0.89442719099991541
    outer loop
      vertex 0.52000000000001789 -0.44000000000000006 0.23999999999999105
      vertex 0.58333333333330617 -0.33333333333333331 0.20833333333334692
      vertex 0.53333333333333566 -0.35000000000000003 0.23333333333333223
    endloop
  endfacet
  facet normal 0.44721359549995765 0 0.89442719099991608
    outer loop
      vertex 0.58333333333333681 -0.41666666666666669 0.20833333333333162
      vertex 0.65000000000001923 -0.41666666666666663 0.17499999999999044
      vertex 0.65000000000001923 -0.35000000000000003 0.17499999999999044
    endloop
  endfacet
  facet normal 0.44721359549995743 2.9790409838944409e-16 0.89442719099991619
    outer loop
      vertex 0.58333333333333681 -0.41666666666666669 0.20833333333333162
      vertex 0.65000000000001923 -0.35000000000000003 0.17499999999999044
      vertex 0.58333333333330617 -0.33333333333333331 0.20833333333334692
    endloop
  endfacet
  facet normal 0.44721359549995793 0 0.89442719099991586
    outer loop
      vertex 0.65000000000001923 -0.41666666666666663 0.17499999999999044
      vertex 0.71666666666666501 -0.41666666666666669 0.14166666666666755
      vertex 0.71666666666666501 -0.35000000000000003 0.14166666666666755
    endloop
  endfacet
  facet normal 0.44721359549995793 -0 0.89442719099991586
    outer loop
      vertex 0.65000000000001923 -0.41666666666666663 0.17499999999999044
      vertex 0.71666666666666501 -0.35000000000000003 0.14166666666666755
      vertex 0.65000000000001923 -0.35000000000000003 0.17499999999999044
    endloop
  endfacet
  facet normal 0.44721359549995798 2.7928509224010721e-16 0.89442719099991597
    outer loop
      vertex 0.71666666666666501 -0.41666666666666669 0.14166666666666755
      vertex 0.7666666666667028 -0.41666666666666669 0.11666666666664866
      vertex 0.78333333333336186 -0.33333333333333337 0.1083333333333191
    endloop
  endfacet
  facet normal 0.44721359549995826 -0 0.89442719099991586
    outer loop
      vertex 0.71666666666666501 -0.41666666666666669 0.14166666666666755
      vertex 0.78333333333336186 -0.33333333333333337 0.1083333333333191
      vertex 0.71666666666666501 -0.35000000000000003 0.14166666666666755
    endloop
  endfacet
  facet normal 0.44721359549995771 3.2971156722829244e-16 0.89442719099991597
    outer loop
      vertex 0.7666666666667028 -0.41666666666666669 0.11666666666664866
      vertex 0.83333333333334114 -0.38333333333333336 0.083333333333329485
      vertex 0.78333333333336186 -0.33333333333333337 0.1083333333333191
    endloop
  endfacet
  facet normal 0.44721359549995837 0 0.89442719099991563
    outer loop
      vertex 0.83333333333334114 -0.38333333333333336 0.083333333333329485
      vertex 0.91666666666667185 -0.40000000000000002 0.041666666666664076
      vertex 0.91666666666667185 -0.33333333333333337 0.041666666666664076
    endloop
  endfacet
  facet normal -0.44721359549995854 -2.0037992906278412e-16 0.89442719099991541
    outer loop
      vertex -0.78333333333335142 -0.38333333333333336 0.10833333333332432
      vertex -0.77333333333330767 -0.30000000000000004 0.11333333333334622
      vertex -0.82222222222220775 -0.3444444444444445 0.088888888888896123
    endloop
  endfacet
  facet normal -0.44721359549995815 -2.6925756898168017e-16 0.89442719099991586
    outer loop
      vertex -0.78333333333335142 -0.38333333333333336 0.10833333333332432
      vertex -0.71666666666666501 -0.35000000000000003 0.14166666666666755
      vertex -0.77333333333330767 -0.30000000000000004 0.11333333333334622
    endloop
  endfacet
  facet normal -0.44721359549995793 0 0.89442719099991586
    outer loop
      vertex -0.65000000000000002 -0.3666666666666667 0.17499999999999999
      vertex -0.58333333333338278 -0.35000000000000003 0.20833333333330861
      vertex -0.62222222222225843 -0.31111111111111117 0.18888888888887079
    endloop
  endfacet
  facet normal -0.44721359549995654 -7.2407246136399908e-16 0.89442719099991663
    outer loop
      vertex -0.24999999999999536 -0.38333333333333336 0.37500000000000233
      vertex -0.21666666666669285 -0.33333333333333331 0.39166666666665356
      vertex -0.29166666666667102 -0.33333333333333337 0.35416666666666463
    endloop
  endfacet
  facet normal -0.44721359549995782 -1.163687884334903e-16 0.89442719099991597
    outer loop
      vertex -0.14999999999998717 -0.35000000000000003 0.42500000000000643
      vertex -0.099999999999999978 -0.38333333333333336 0.45000000000000001
      vertex -0.099999999999993011 -0.28333333333333333 0.45000000000000351
    endloop
  endfacet
  facet normal -0.44721359549995804 -1.2412670766236006e-16 0.89442719099991586
    outer loop
      vertex -0.099999999999999978 -0.38333333333333336 0.45000000000000001
      vertex -0.055555555555554262 -0.35555555555555562 0.47222222222222288
      vertex -0.099999999999993011 -0.28333333333333333 0.45000000000000351
    endloop
  endfacet
  facet normal -0.44586866517047524 -0.00016805235165014899 0.89509837737396536
    outer loop
      vertex -0.055555555555554262 -0.35555555555555562 0.47222222222222288
      vertex 0.0001241515791458422 -0.35000000000000003 0.49995858165373497
      vertex -0.049999999999999989 -0.30000000000000004 0.47499999999999998
    endloop
  endfacet
  facet normal 0.44739120884899963 4.894295334349702e-16 0.89433836227941765
    outer loop
      vertex 0.0001241515791458422 -0.35000000000000003 0.49995858165373497
      vertex 0.083333333333330428 -0.3833333333333333 0.45833333333333481
      vertex 0.083333333333345555 -0.31666666666666671 0.45833333333332721
    endloop
  endfacet
  facet normal 0.44721359549995737 5.5857018448081651e-16 0.89442719099991619
    outer loop
      vertex 0.083333333333330428 -0.3833333333333333 0.45833333333333481
      vertex 0.13333333333330771 -0.3166666666666666 0.43333333333334617
      vertex 0.083333333333345555 -0.31666666666666671 0.45833333333332721
    endloop
  endfacet
  facet normal 0.44721359549995782 1.1055034901181728e-15 0.89442719099991608
    outer loop
      vertex 0.30000000000000349 -0.35000000000000003 0.34999999999999831
      vertex 0.34999999999998077 -0.3833333333333333 0.32500000000000973
      vertex 0.35000000000000403 -0.31666666666666671 0.32499999999999801
    endloop
  endfacet
  facet normal 0.4472135954999587 1.1171403689609443e-15 0.89442719099991552
    outer loop
      vertex 0.34999999999998077 -0.3833333333333333 0.32500000000000973
      vertex 0.41666666666666663 -0.35000000000000003 0.29166666666666669
      vertex 0.35000000000000403 -0.31666666666666671 0.32499999999999801
    endloop
  endfacet
  facet normal 0.44721359549995793 0 0.89442719099991586
    outer loop
      vertex 0.41666666666666663 -0.35000000000000003 0.29166666666666669
      vertex 0.4833333333333496 -0.38333333333333336 0.2583333333333252
      vertex 0.4833333333333496 -0.31666666666666671 0.2583333333333252
    endloop
  endfacet
  facet normal 0.44721359549995715 -0 0.8944271909999163
    outer loop
      vertex 0.4833333333333496 -0.38333333333333336 0.2583333333333252
      vertex 0.53333333333333566 -0.35000000000000003 0.23333333333333223
      vertex 0.4833333333333496 -0.31666666666666671 0.2583333333333252
    endloop
  endfacet
  facet normal 0.44721359549995865 1.2916935516115066e-15 0.89442719099991563
    outer loop
      vertex 0.83333333333334114 -0.38333333333333336 0.083333333333329485
      vertex 0.85000000000003317 -0.31666666666666671 0.074999999999983358
      vertex 0.78333333333336186 -0.33333333333333337 0.1083333333333191
    endloop
  endfacet
  facet normal 0.44721359549995771 1.5812464781258152e-15 0.89442719099991608
    outer loop
      vertex 0.83333333333334114 -0.38333333333333336 0.083333333333329485
      vertex 0.91666666666667185 -0.33333333333333337 0.041666666666664076
      vertex 0.85000000000003317 -0.31666666666666671 0.074999999999983358
    endloop
  endfacet
  facet normal 0.44721359549995737 5.861860611390606e-16 0.89442719099991619
    outer loop
      vertex 0.91666666666667185 -0.40000000000000002 0.041666666666664076
      vertex 0.97999999999996812 -0.40666666666666673 0.010000000000015996
      vertex 0.98666666666664549 -0.3133333333333333 0.0066666666666772567
    endloop
  endfacet
  facet normal 0.44721359549995793 -0 0.89442719099991586
    outer loop
      vertex 0.91666666666667185 -0.40000000000000002 0.041666666666664076
      vertex 0.98666666666664549 -0.3133333333333333 0.0066666666666772567
      vertex 0.91666666666667185 -0.33333333333333337 0.041666666666664076
    endloop
  endfacet
  facet normal -0.44721359549995648 -1.7556466632453616e-15 0.89442719099991663
    outer loop
      vertex -0.95999999999999108 -0.35000000000000003 0.020000000000004403
      vertex -0.91333333333336297 -0.27333333333333332 0.043333333333318513
      vertex -0.97777777777778918 -0.28333333333333333 0.011111111111105521
    endloop
  endfacet
  facet normal -0.44721359549995893 1.6498410458444185e-16 0.8944271909999153
    outer loop
      vertex -0.95999999999999108 -0.35000000000000003 0.020000000000004403
      vertex -0.88333333333338626 -0.35000000000000003 0.058333333333306925
      vertex -0.91333333333336297 -0.27333333333333332 0.043333333333318513
    endloop
  endfacet
  facet normal -0.44721359549995793 6.8118315180537956e-16 0.89442719099991597
    outer loop
      vertex -0.88333333333338626 -0.35000000000000003 0.058333333333306925
      vertex -0.85000000000000875 -0.28333333333333333 0.074999999999995626
      vertex -0.91333333333336297 -0.27333333333333332 0.043333333333318513
    endloop
  endfacet
  facet normal -0.44721359549995732 3.4910636530001631e-16 0.89442719099991619
    outer loop
      vertex -0.88333333333338626 -0.35000000000000003 0.058333333333306925
      vertex -0.82222222222220775 -0.3444444444444445 0.088888888888896123
      vertex -0.85000000000000875 -0.28333333333333333 0.074999999999995626
    endloop
  endfacet
  facet normal -0.44721359549995848 -3.2154533646076166e-16 0.89442719099991563
    outer loop
      vertex -0.82222222222220775 -0.3444444444444445 0.088888888888896123
      vertex -0.77333333333330767 -0.30000000000000004 0.11333333333334622
      vertex -0.85000000000000875 -0.28333333333333333 0.074999999999995626
    endloop
  endfacet
  facet normal -0.44721359549995759 5.165349282507203e-16 0.89442719099991608
    outer loop
      vertex -0.71666666666666501 -0.35000000000000003 0.14166666666666755
      vertex -0.68333333333332746 -0.28333333333333333 0.15833333333333627
      vertex -0.77333333333330767 -0.30000000000000004 0.11333333333334622
    endloop
  endfacet
  facet normal -0.44721359549995721 3.4910636530040063e-16 0.8944271909999163
    outer loop
      vertex -0.71666666666666501 -0.35000000000000003 0.14166666666666755
      vertex -0.65000000000000002 -0.3666666666666667 0.17499999999999999
      vertex -0.68333333333332746 -0.28333333333333333 0.15833333333333627
    endloop
  endfacet
  facet normal -0.44721359549995793 0 0.89442719099991586
    outer loop
      vertex -0.65000000000000002 -0.3666666666666667 0.17499999999999999
      vertex -0.62222222222225843 -0.31111111111111117 0.18888888888887079
      vertex -0.68333333333332746 -0.28333333333333333 0.15833333333333627
    endloop
  endfacet
  facet normal -0.44721359549995815 -2.4936168950026092e-16 0.89442719099991586
    outer loop
      vertex -0.58333333333338278 -0.35000000000000003 0.20833333333330861
      vertex -0.55000000000001747 -0.28333333333333333 0.22499999999999129
      vertex -0.62222222222225843 -0.31111111111111117 0.18888888888887079
    endloop
  endfacet
  facet normal -0.44721359549995782 -4.0281503688458531e-16 0.89442719099991586
    outer loop
      vertex -0.58333333333338278 -0.35000000000000003 0.20833333333330861
      vertex -0.51333333333329911 -0.34000000000000002 0.24333333333335044
      vertex -0.55000000000001747 -0.28333333333333333 0.22499999999999129
    endloop
  endfacet
  facet normal -0.44721359549995876 7.3496076905399285e-16 0.89442719099991541
    outer loop
      vertex -0.51333333333329911 -0.34000000000000002 0.24333333333335044
      vertex -0.45000000000000523 -0.35000000000000003 0.27499999999999747
      vertex -0.45000000000004364 -0.28333333333333333 0.27499999999997821
    endloop
  endfacet
  facet normal -0.44721359549995765 8.7276591325097902e-17 0.89442719099991619
    outer loop
      vertex -0.45000000000000523 -0.35000000000000003 0.27499999999999747
      vertex -0.38333333333333741 -0.35000000000000003 0.30833333333333135
      vertex -0.40000000000000002 -0.28333333333333333 0.30000000000000004
    endloop
  endfacet
  facet normal -0.44721359549995837 7.4476024597391264e-16 0.89442719099991574
    outer loop
      vertex -0.45000000000000523 -0.35000000000000003 0.27499999999999747
      vertex -0.40000000000000002 -0.28333333333333333 0.30000000000000004
      vertex -0.45000000000004364 -0.28333333333333333 0.27499999999997821
    endloop
  endfacet
  facet normal -0.44721359549995793 0 0.89442719099991586
    outer loop
      vertex -0.38333333333333741 -0.35000000000000003 0.30833333333333135
      vertex -0.34999999999999998 -0.28333333333333333 0.32500000000000007
      vertex -0.40000000000000002 -0.28333333333333333 0.30000000000000004
    endloop
  endfacet
  facet normal -0.44721359549995732 -3.7092551313163877e-16 0.89442719099991619
    outer loop
      vertex -0.38333333333333741 -0.35000000000000003 0.30833333333333135
      vertex -0.33333333333333337 -0.38333333333333336 0.33333333333333331
      vertex -0.34999999999999998 -0.28333333333333333 0.32500000000000007
    endloop
  endfacet
  facet normal -0.44721359549995954 -8.2427891807045417e-16 0.89442719099991508
    outer loop
      vertex -0.33333333333333337 -0.38333333333333336 0.33333333333333331
      vertex -0.29166666666667102 -0.33333333333333337 0.35416666666666463
      vertex -0.34999999999999998 -0.28333333333333333 0.32500000000000007
    endloop
  endfacet
  facet normal -0.44721359549995648 2.1528225860197487e-15 0.89442719099991663
    outer loop
      vertex -0.29166666666667102 -0.33333333333333337 0.35416666666666463
      vertex -0.21666666666669285 -0.33333333333333331 0.39166666666665356
      vertex -0.27500000000000002 -0.26666666666666672 0.36249999999999993
    endloop
  endfacet
  facet normal -0.44721359549995821 2.6182977397520036e-16 0.89442719099991574
    outer loop
      vertex -0.21666666666669285 -0.33333333333333331 0.39166666666665356
      vertex -0.14999999999998717 -0.35000000000000003 0.42500000000000643
      vertex -0.15000000000004365 -0.28333333333333333 0.42499999999997817
    endloop
  endfacet
  facet normal -0.4472135954999587 1.1171403689607455e-15 0.89442719099991552
    outer loop
      vertex -0.21666666666669285 -0.33333333333333331 0.39166666666665356
      vertex -0.15000000000004365 -0.28333333333333333 0.42499999999997817
      vertex -0.21666666666672776 -0.26666666666666666 0.39166666666663602
    endloop
  endfacet
  facet normal -0.44721359549995815 1.8619006149334617e-16 0.89442719099991574
    outer loop
      vertex -0.14999999999998717 -0.35000000000000003 0.42500000000000643
      vertex -0.099999999999993011 -0.28333333333333333 0.45000000000000351
      vertex -0.15000000000004365 -0.28333333333333333 0.42499999999997817
    endloop
  endfacet
  facet normal -0.44721359549995726 4.7298281750383212e-16 0.8944271909999163
    outer loop
      vertex -0.099999999999993011 -0.28333333333333333 0.45000000000000351
      vertex -0.055555555555554262 -0.35555555555555562 0.47222222222222288
      vertex -0.049999999999999989 -0.30000000000000004 0.47499999999999998
    endloop
  endfacet
  facet normal -0.44573434616923524 0 0.89516528789105998
    outer loop
      vertex -0.049999999999999989 -0.30000000000000004 0.47499999999999998
      vertex 0.0001241515791458422 -0.35000000000000003 0.49995858165373497
      vertex 0.00012415157914584212 -0.28333333333333338 0.49995858165373497
    endloop
  endfacet
  facet normal 0.44739120884899986 5.4569533565812707e-19 0.89433836227941754
    outer loop
      vertex 0.0001241515791458422 -0.35000000000000003 0.49995858165373497
      vertex 0.083333333333345555 -0.31666666666666671 0.45833333333332721
      vertex 0.00012415157914584212 -0.28333333333333338 0.49995858165373497
    endloop
  endfacet
  facet normal 0.44721359549995765 -1.3382410669844374e-15 0.89442719099991597
    outer loop
      vertex 0.13333333333330771 -0.3166666666666666 0.43333333333334617
      vertex 0.18333333333333335 -0.35000000000000003 0.40833333333333333
      vertex 0.18333333333331356 -0.28333333333333338 0.40833333333334332
    endloop
  endfacet
  facet normal 0.44721359549995798 3.9274466096294766e-16 0.89442719099991597
    outer loop
      vertex 0.18333333333333335 -0.35000000000000003 0.40833333333333333
      vertex 0.25 -0.35000000000000003 0.375
      vertex 0.23333333333332401 -0.28333333333333338 0.38333333333333797
    endloop
  endfacet
  facet normal 0.44721359549995976 -1.3033304304541533e-15 0.89442719099991497
    outer loop
      vertex 0.18333333333333335 -0.35000000000000003 0.40833333333333333
      vertex 0.23333333333332401 -0.28333333333333338 0.38333333333333797
      vertex 0.18333333333331356 -0.28333333333333338 0.40833333333334332
    endloop
  endfacet
  facet normal 0.44721359549995743 2.3009283167515968e-16 0.89442719099991608
    outer loop
      vertex 0.25 -0.35000000000000003 0.375
      vertex 0.27777777777778812 -0.27777777777777785 0.36111111111110594
      vertex 0.23333333333332401 -0.28333333333333338 0.38333333333333797
    endloop
  endfacet
  facet normal 0.4472135954999571 3.7596070109271018e-16 0.8944271909999163
    outer loop
      vertex 0.25 -0.35000000000000003 0.375
      vertex 0.30000000000000349 -0.35000000000000003 0.34999999999999831
      vertex 0.27777777777778812 -0.27777777777777785 0.36111111111110594
    endloop
  endfacet
  facet normal 0.44721359549995848 3.4910636530031228e-16 0.89442719099991574
    outer loop
      vertex 0.35000000000000403 -0.31666666666666671 0.32499999999999801
      vertex 0.41666666666666663 -0.35000000000000003 0.29166666666666669
      vertex 0.41666666666670743 -0.28333333333333338 0.29166666666664626
    endloop
  endfacet
  facet normal 0.44721359549995782 3.7238012298721186e-16 0.89442719099991597
    outer loop
      vertex 0.41666666666666663 -0.35000000000000003 0.29166666666666669
      vertex 0.4833333333333496 -0.31666666666666671 0.2583333333333252
      vertex 0.41666666666670743 -0.28333333333333338 0.29166666666664626
    endloop
  endfacet
  facet normal 0.44721359549995776 1.127882103278667e-15 0.89442719099991586
    outer loop
      vertex 0.4833333333333496 -0.31666666666666671 0.2583333333333252
      vertex 0.53333333333333566 -0.35000000000000003 0.23333333333333223
      vertex 0.51666666666665972 -0.26666666666666666 0.24166666666667008
    endloop
  endfacet
  facet normal 0.44721359549995848 1.2982392959615259e-15 0.89442719099991574
    outer loop
      vertex 0.53333333333333566 -0.35000000000000003 0.23333333333333223
      vertex 0.58333333333330617 -0.33333333333333331 0.20833333333334692
      vertex 0.51666666666665972 -0.26666666666666666 0.24166666666667008
    endloop
  endfacet
  facet normal 0.44721359549995765 1.299000429023935e-15 0.89442719099991608
    outer loop
      vertex 0.58333333333330617 -0.33333333333333331 0.20833333333334692
      vertex 0.65000000000001923 -0.35000000000000003 0.17499999999999044
      vertex 0.64166666666665151 -0.2583333333333333 0.17916666666667416
    endloop
  endfacet
  facet normal 0.4472135954999566 1.2017315267068534e-15 0.89442719099991652
    outer loop
      vertex 0.65000000000001923 -0.35000000000000003 0.17499999999999044
      vertex 0.6833333333333369 -0.28333333333333333 0.15833333333333158
      vertex 0.64166666666665151 -0.2583333333333333 0.17916666666667416
    endloop
  endfacet
  facet normal 0.44721359549995793 3.9274466096307028e-16 0.89442719099991586
    outer loop
      vertex 0.65000000000001923 -0.35000000000000003 0.17499999999999044
      vertex 0.71666666666666501 -0.35000000000000003 0.14166666666666755
      vertex 0.6833333333333369 -0.28333333333333333 0.15833333333333158
    endloop
  endfacet
  facet normal 0.44721359549995821 5.4547869578186221e-16 0.89442719099991574
    outer loop
      vertex 0.71666666666666501 -0.35000000000000003 0.14166666666666755
      vertex 0.75000000000000466 -0.28333333333333333 0.12499999999999767
      vertex 0.6833333333333369 -0.28333333333333333 0.15833333333333158
    endloop
  endfacet
  facet normal 0.44721359549995804 6.483403927004202e-16 0.89442719099991574
    outer loop
      vertex 0.71666666666666501 -0.35000000000000003 0.14166666666666755
      vertex 0.78333333333336186 -0.33333333333333337 0.1083333333333191
      vertex 0.75000000000000466 -0.28333333333333333 0.12499999999999767
    endloop
  endfacet
  facet normal 0.44721359549995726 -4.1892763836062853e-16 0.89442719099991619
    outer loop
      vertex 0.85000000000003317 -0.31666666666666671 0.074999999999983358
      vertex 0.91666666666667185 -0.33333333333333337 0.041666666666664076
      vertex 0.88888888888891737 -0.27777777777777785 0.055555555555541314
    endloop
  endfacet
  facet normal 0.44721359549995793 0 0.89442719099991586
    outer loop
      vertex 0.91666666666667185 -0.33333333333333337 0.041666666666664076
      vertex 0.98666666666664549 -0.3133333333333333 0.0066666666666772567
      vertex 0.95555555555557625 -0.27777777777777785 0.022222222222211874
    endloop
  endfacet
  facet normal -0.44721359549995754 -2.8305921510852937e-16 0.89442719099991619
    outer loop
      vertex -0.77333333333330767 -0.30000000000000004 0.11333333333334622
      vertex -0.68333333333332746 -0.28333333333333333 0.15833333333333627
      vertex -0.7499999999999476 -0.25 0.12500000000002626
    endloop
  endfacet
  facet normal -0.44721359549995759 7.9795740640110387e-16 0.89442719099991597
    outer loop
      vertex -0.68333333333332746 -0.28333333333333333 0.15833333333333627
      vertex -0.62222222222225843 -0.31111111111111117 0.18888888888887079
      vertex -0.6166666666666446 -0.25 0.19166666666667764
    endloop
  endfacet
  facet normal -0.44721359549995848 8.7086859604837055e-16 0.89442719099991552
    outer loop
      vertex -0.62222222222225843 -0.31111111111111117 0.18888888888887079
      vertex -0.55000000000001747 -0.28333333333333333 0.22499999999999129
      vertex -0.6166666666666446 -0.25 0.19166666666667764
    endloop
  endfacet
  facet normal -0.44721359549995732 3.4564986663392835e-17 0.89442719099991619
    outer loop
      vertex -0.55000000000001747 -0.28333333333333333 0.22499999999999129
      vertex -0.51333333333329911 -0.34000000000000002 0.24333333333335044
      vertex -0.48333333333335954 -0.23333333333333331 0.2583333333333202
    endloop
  endfacet
  facet normal -0.44721359549995859 4.6036004215481482e-16 0.89442719099991563
    outer loop
      vertex -0.51333333333329911 -0.34000000000000002 0.24333333333335044
      vertex -0.45000000000004364 -0.28333333333333333 0.27499999999997821
      vertex -0.48333333333335954 -0.23333333333333331 0.2583333333333202
    endloop
  endfacet
  facet normal -0.44721359549995732 2.3821375514615768e-15 0.8944271909999163
    outer loop
      vertex -0.34999999999999998 -0.28333333333333333 0.32500000000000007
      vertex -0.29166666666667102 -0.33333333333333337 0.35416666666666463
      vertex -0.27500000000000002 -0.26666666666666672 0.36249999999999993
    endloop
  endfacet
  facet normal -0.44721359549995748 1.0971914338023996e-15 0.89442719099991619
    outer loop
      vertex -0.27500000000000002 -0.26666666666666672 0.36249999999999993
      vertex -0.21666666666669285 -0.33333333333333331 0.39166666666665356
      vertex -0.21666666666672776 -0.26666666666666666 0.39166666666663602
    endloop
  endfacet
  facet normal -0.44512001105831467 -0.0023008496566332796 0.89546796807384643
    outer loop
      vertex -0.049999999999999989 -0.30000000000000004 0.47499999999999998
      vertex 0.00012415157914584212 -0.28333333333333338 0.49995858165373497
      vertex -5.2522128941274951e-05 -0.24166666666666664 0.49997782045781264
    endloop
  endfacet
  facet normal 0.44739120884899974 -1.398370095528459e-16 0.89433836227941754
    outer loop
      vertex 0.00012415157914584212 -0.28333333333333338 0.49995858165373497
      vertex 0.083333333333345555 -0.31666666666666671 0.45833333333332721
      vertex 0.08333333333333337 -0.25 0.45833333333333331
    endloop
  endfacet
  facet normal 0.44721359549995732 -1.8619006149367574e-16 0.89442719099991619
    outer loop
      vertex 0.083333333333345555 -0.31666666666666671 0.45833333333332721
      vertex 0.13333333333330771 -0.3166666666666666 0.43333333333334617
      vertex 0.08333333333333337 -0.25 0.45833333333333331
    endloop
  endfacet
  facet normal 0.44721359549995787 7.5639712481740133e-16 0.89442719099991597
    outer loop
      vertex 0.30000000000000349 -0.35000000000000003 0.34999999999999831
      vertex 0.35000000000000403 -0.31666666666666671 0.32499999999999801
      vertex 0.34999999999998838 -0.25 0.32500000000000578
    endloop
  endfacet
  facet normal 0.44721359549995793 7.1483684323436548e-16 0.89442719099991586
    outer loop
      vertex 0.30000000000000349 -0.35000000000000003 0.34999999999999831
      vertex 0.34999999999998838 -0.25 0.32500000000000578
      vertex 0.27777777777778812 -0.27777777777777785 0.36111111111110594
    endloop
  endfacet
  facet normal 0.44721359549995815 7.4476024597425629e-16 0.89442719099991586
    outer loop
      vertex 0.35000000000000403 -0.31666666666666671 0.32499999999999801
      vertex 0.41666666666670743 -0.28333333333333338 0.29166666666664626
      vertex 0.34999999999998838 -0.25 0.32500000000000578
    endloop
  endfacet
  facet normal 0.44721359549995859 2.3938722192037226e-15 0.89442719099991552
    outer loop
      vertex 0.41666666666670743 -0.28333333333333338 0.29166666666664626
      vertex 0.4833333333333496 -0.31666666666666671 0.2583333333333252
      vertex 0.45555555555557625 -0.24444444444444444 0.27222222222221171
    endloop
  endfacet
  facet normal 0.44721359549995704 1.6731561166234738e-15 0.89442719099991619
    outer loop
      vertex 0.4833333333333496 -0.31666666666666671 0.2583333333333252
      vertex 0.51666666666665972 -0.26666666666666666 0.24166666666667008
      vertex 0.45555555555557625 -0.24444444444444444 0.27222222222221171
    endloop
  endfacet
  facet normal 0.4472135954999571 -2.7928509224033169e-16 0.8944271909999163
    outer loop
      vertex 0.51666666666665972 -0.26666666666666666 0.24166666666667008
      vertex 0.58333333333330617 -0.33333333333333331 0.20833333333334692
      vertex 0.58333333333332749 -0.25 0.20833333333333628
    endloop
  endfacet
  facet normal 0.44721359549995932 -2.979040983900915e-16 0.89442719099991519
    outer loop
      vertex 0.58333333333330617 -0.33333333333333331 0.20833333333334692
      vertex 0.64166666666665151 -0.2583333333333333 0.17916666666667416
      vertex 0.58333333333332749 -0.25 0.20833333333333628
    endloop
  endfacet
  facet normal 0.44721359549995782 3.9274466096289762e-16 0.89442719099991597
    outer loop
      vertex 0.75000000000000466 -0.28333333333333333 0.12499999999999767
      vertex 0.78333333333336186 -0.33333333333333337 0.1083333333333191
      vertex 0.81666666666666665 -0.25 0.091666666666666674
    endloop
  endfacet
  facet normal 0.44721359549995887 -1.5515838457792763e-16 0.89442719099991541
    outer loop
      vertex 0.78333333333336186 -0.33333333333333337 0.1083333333333191
      vertex 0.85000000000003317 -0.31666666666666671 0.074999999999983358
      vertex 0.81666666666666665 -0.25 0.091666666666666674
    endloop
  endfacet
  facet normal 0.44721359549995759 -9.2263825115081914e-16 0.89442719099991597
    outer loop
      vertex 0.85000000000003317 -0.31666666666666671 0.074999999999983358
      vertex 0.88888888888891737 -0.27777777777777785 0.055555555555541314
      vertex 0.81666666666666665 -0.25 0.091666666666666674
    endloop
  endfacet
  facet normal 0.44721359549995793 0 0.89442719099991586
    outer loop
      vertex 0.88888888888891737 -0.27777777777777785 0.055555555555541314
      vertex 0.91666666666667185 -0.33333333333333337 0.041666666666664076
      vertex 0.95555555555557625 -0.27777777777777785 0.022222222222211874
    endloop
  endfacet
  facet normal -0.44721359549995682 1.082900099159693e-15 0.89442719099991652
    outer loop
      vertex -0.97777777777778918 -0.28333333333333333 0.011111111111105521
      vertex -0.91333333333336297 -0.27333333333333332 0.043333333333318513
      vertex -0.95238095238093723 -0.22380952380952379 0.023809523809531385
    endloop
  endfacet
  facet normal -0.44721359549995815 -1.4897211277899928e-15 0.89442719099991574
    outer loop
      vertex -0.91333333333336297 -0.27333333333333332 0.043333333333318513
      vertex -0.85000000000000875 -0.28333333333333333 0.074999999999995626
      vertex -0.87777777777779387 -0.21111111111111111 0.061111111111103178
    endloop
  endfacet
  facet normal -0.44721359549995637 -6.1473077368097368e-16 0.89442719099991663
    outer loop
      vertex -0.85000000000000875 -0.28333333333333333 0.074999999999995626
      vertex -0.81666666666666665 -0.21666666666666662 0.091666666666666646
      vertex -0.87777777777779387 -0.21111111111111111 0.061111111111103178
    endloop
  endfacet
  facet normal -0.44721359549995837 6.1607005641220071e-16 0.89442719099991563
    outer loop
      vertex -0.85000000000000875 -0.28333333333333333 0.074999999999995626
      vertex -0.77333333333330767 -0.30000000000000004 0.11333333333334622
      vertex -0.81666666666666665 -0.21666666666666662 0.091666666666666646
    endloop
  endfacet
  facet normal -0.4472135954999587 4.2458882266228277e-16 0.89442719099991552
    outer loop
      vertex -0.77333333333330767 -0.30000000000000004 0.11333333333334622
      vertex -0.7499999999999476 -0.25 0.12500000000002626
      vertex -0.81666666666666665 -0.21666666666666662 0.091666666666666646
    endloop
  endfacet
  facet normal -0.44721359549995726 1.9948935160039634e-16 0.8944271909999163
    outer loop
      vertex -0.7499999999999476 -0.25 0.12500000000002626
      vertex -0.68333333333332746 -0.28333333333333333 0.15833333333333627
      vertex -0.69999999999999996 -0.21666666666666662 0.15000000000000002
    endloop
  endfacet
  facet normal -0.44721359549995704 2.6976400955028971e-16 0.8944271909999163
    outer loop
      vertex -0.68333333333332746 -0.28333333333333333 0.15833333333333627
      vertex -0.655555555555553 -0.21111111111111108 0.17222222222222344
      vertex -0.69999999999999996 -0.21666666666666662 0.15000000000000002
    endloop
  endfacet
  facet normal -0.44721359549995748 4.9872337900040391e-16 0.89442719099991608
    outer loop
      vertex -0.68333333333332746 -0.28333333333333333 0.15833333333333627
      vertex -0.6166666666666446 -0.25 0.19166666666667764
      vertex -0.655555555555553 -0.21111111111111108 0.17222222222222344
    endloop
  endfacet
  facet normal -0.44721359549995876 3.7138975031979909e-16 0.89442719099991552
    outer loop
      vertex -0.6166666666666446 -0.25 0.19166666666667764
      vertex -0.55000000000001747 -0.28333333333333333 0.22499999999999129
      vertex -0.54666666666668906 -0.20666666666666664 0.22666666666665547
    endloop
  endfacet
  facet normal -0.44721359549995759 3.0154552620753232e-16 0.89442719099991608
    outer loop
      vertex -0.55000000000001747 -0.28333333333333333 0.22499999999999129
      vertex -0.48333333333335954 -0.23333333333333331 0.2583333333333202
      vertex -0.54666666666668906 -0.20666666666666664 0.22666666666665547
    endloop
  endfacet
  facet normal -0.44721359549995809 8.7276591325076526e-16 0.89442719099991574
    outer loop
      vertex -0.45000000000004364 -0.28333333333333333 0.27499999999997821
      vertex -0.41666666666666669 -0.21666666666666662 0.29166666666666663
      vertex -0.48333333333335954 -0.23333333333333331 0.2583333333333202
    endloop
  endfacet
  facet normal -0.44721359549995837 1.0182268987919378e-15 0.89442719099991574
    outer loop
      vertex -0.45000000000004364 -0.28333333333333333 0.27499999999997821
      vertex -0.40000000000000002 -0.28333333333333333 0.30000000000000004
      vertex -0.41666666666666669 -0.21666666666666662 0.29166666666666663
    endloop
  endfacet
  facet normal -0.44721359549995798 3.4910636530039752e-16 0.89442719099991597
    outer loop
      vertex -0.40000000000000002 -0.28333333333333333 0.30000000000000004
      vertex -0.34999999999999998 -0.28333333333333333 0.32500000000000007
      vertex -0.33333333333334886 -0.21666666666666667 0.3333333333333256
    endloop
  endfacet
  facet normal -0.44721359549995843 9.7749782284129496e-16 0.89442719099991574
    outer loop
      vertex -0.40000000000000002 -0.28333333333333333 0.30000000000000004
      vertex -0.33333333333334886 -0.21666666666666667 0.3333333333333256
      vertex -0.41666666666666669 -0.21666666666666662 0.29166666666666663
    endloop
  endfacet
  facet normal -0.44721359549995693 4.1071337094162243e-17 0.89442719099991641
    outer loop
      vertex -0.34999999999999998 -0.28333333333333333 0.32500000000000007
      vertex -0.27500000000000002 -0.26666666666666672 0.36249999999999993
      vertex -0.33333333333334886 -0.21666666666666667 0.3333333333333256
    endloop
  endfacet
  facet normal -0.44721359549995909 -7.7940025741448132e-16 0.8944271909999153
    outer loop
      vertex -0.21666666666672776 -0.26666666666666666 0.39166666666663602
      vertex -0.15000000000004365 -0.28333333333333333 0.42499999999997817
      vertex -0.15555555555555298 -0.22222222222222221 0.42222222222222355
    endloop
  endfacet
  facet normal -0.44721359549995948 -8.378552767202222e-17 0.89442719099991519
    outer loop
      vertex -0.21666666666672776 -0.26666666666666666 0.39166666666663602
      vertex -0.15555555555555298 -0.22222222222222221 0.42222222222222355
      vertex -0.20000000000003493 -0.21666666666666665 0.39999999999998248
    endloop
  endfacet
  facet normal -0.44721359549995815 -6.3473884600008023e-16 0.89442719099991574
    outer loop
      vertex -0.15000000000004365 -0.28333333333333333 0.42499999999997817
      vertex -0.099999999999993011 -0.28333333333333333 0.45000000000000351
      vertex -0.15555555555555298 -0.22222222222222221 0.42222222222222355
    endloop
  endfacet
  facet normal -0.44721359549995754 -5.7936801049870687e-16 0.89442719099991619
    outer loop
      vertex -0.099999999999993011 -0.28333333333333333 0.45000000000000351
      vertex -0.049999999999999989 -0.30000000000000004 0.47499999999999998
      vertex -0.055555555555596943 -0.21111111111111111 0.47222222222220156
    endloop
  endfacet
  facet normal -0.44726808673917007 -4.2571932219760364e-06 0.89439994329525674
    outer loop
      vertex -0.049999999999999989 -0.30000000000000004 0.47499999999999998
      vertex -5.2522128941274951e-05 -0.24166666666666664 0.49997782045781264
      vertex -0.055555555555596943 -0.21111111111111111 0.47222222222220156
    endloop
  endfacet
  facet normal 0.44691581875415914 0.001481945418857471 0.89457478993378481
    outer loop
      vertex 0.00012415157914584212 -0.28333333333333338 0.49995858165373497
      vertex 0.08333333333333337 -0.25 0.45833333333333331
      vertex -5.2522128941274951e-05 -0.24166666666666664 0.49997782045781264
    endloop
  endfacet
  facet normal 0.44721359549995782 2.8401873787153836e-16 0.89442719099991586
    outer loop
      vertex 0.08333333333333337 -0.25 0.45833333333333331
      vertex 0.13333333333330771 -0.3166666666666666 0.43333333333334617
      vertex 0.14444444444444704 -0.22222222222222218 0.42777777777777648
    endloop
  endfacet
  facet normal 0.44721359549995665 4.4566770038352654e-16 0.89442719099991652
    outer loop
      vertex 0.13333333333330771 -0.3166666666666666 0.43333333333334617
      vertex 0.18333333333331356 -0.28333333333333338 0.40833333333334332
      vertex 0.14444444444444704 -0.22222222222222218 0.42777777777777648
    endloop
  endfacet
  facet normal 0.44721359549995865 1.9994273649018096e-15 0.89442719099991541
    outer loop
      vertex 0.18333333333331356 -0.28333333333333338 0.40833333333334332
      vertex 0.21111111111112921 -0.22222222222222218 0.39444444444443533
      vertex 0.14444444444444704 -0.22222222222222218 0.42777777777777648
    endloop
  endfacet
  facet normal 0.44721359549995976 1.4281624035013253e-15 0.89442719099991508
    outer loop
      vertex 0.18333333333331356 -0.28333333333333338 0.40833333333334332
      vertex 0.23333333333332401 -0.28333333333333338 0.38333333333333797
      vertex 0.21111111111112921 -0.22222222222222218 0.39444444444443533
    endloop
  endfacet
  facet normal 0.44721359549995754 7.222890316556555e-17 0.89442719099991608
    outer loop
      vertex 0.23333333333332401 -0.28333333333333338 0.38333333333333797
      vertex 0.27777777777778812 -0.27777777777777785 0.36111111111110594
      vertex 0.28333333333333333 -0.21666666666666662 0.35833333333333334
    endloop
  endfacet
  facet normal 0.44721359549995726 2.9923402740042366e-16 0.8944271909999163
    outer loop
      vertex 0.23333333333332401 -0.28333333333333338 0.38333333333333797
      vertex 0.28333333333333333 -0.21666666666666662 0.35833333333333334
      vertex 0.21111111111112921 -0.22222222222222218 0.39444444444443533
    endloop
  endfacet
  facet normal 0.44721359549995826 -2.8459758040800289e-17 0.89442719099991574
    outer loop
      vertex 0.27777777777778812 -0.27777777777777785 0.36111111111110594
      vertex 0.34999999999998838 -0.25 0.32500000000000578
      vertex 0.28333333333333333 -0.21666666666666662 0.35833333333333334
    endloop
  endfacet
  facet normal 0.44721359549995776 -4.4885104110026493e-16 0.89442719099991597
    outer loop
      vertex 0.34999999999998838 -0.25 0.32500000000000578
      vertex 0.41666666666670743 -0.28333333333333338 0.29166666666664626
      vertex 0.39999999999999991 -0.21666666666666662 0.30000000000000004
    endloop
  endfacet
  facet normal 0.44721359549996026 3.2915743014034869e-16 0.89442719099991475
    outer loop
      vertex 0.41666666666670743 -0.28333333333333338 0.29166666666664626
      vertex 0.45555555555557625 -0.24444444444444444 0.27222222222221171
      vertex 0.39999999999999991 -0.21666666666666662 0.30000000000000004
    endloop
  endfacet
  facet normal 0.4472135954999571 1.813539560002285e-16 0.8944271909999163
    outer loop
      vertex 0.51666666666665972 -0.26666666666666666 0.24166666666667008
      vertex 0.58333333333332749 -0.25 0.20833333333333628
      vertex 0.52666666666669515 -0.19999999999999993 0.23666666666665237
    endloop
  endfacet
  facet normal 0.44721359549995643 8.4999810681805169e-16 0.89442719099991663
    outer loop
      vertex 0.6833333333333369 -0.28333333333333333 0.15833333333333158
      vertex 0.69999999999999996 -0.21666666666666662 0.15000000000000002
      vertex 0.64166666666665151 -0.2583333333333333 0.17916666666667416
    endloop
  endfacet
  facet normal 0.44721359549995826 0 0.89442719099991574
    outer loop
      vertex 0.6833333333333369 -0.28333333333333333 0.15833333333333158
      vertex 0.75000000000000466 -0.28333333333333333 0.12499999999999767
      vertex 0.74444444444444702 -0.22222222222222218 0.12777777777777649
    endloop
  endfacet
  facet normal 0.44721359549995793 3.8084330760041439e-16 0.89442719099991586
    outer loop
      vertex 0.6833333333333369 -0.28333333333333333 0.15833333333333158
      vertex 0.74444444444444702 -0.22222222222222218 0.12777777777777649
      vertex 0.69999999999999996 -0.21666666666666662 0.15000000000000002
    endloop
  endfacet
  facet normal 0.44721359549995793 0 0.89442719099991586
    outer loop
      vertex 0.75000000000000466 -0.28333333333333333 0.12499999999999767
      vertex 0.81666666666666665 -0.25 0.091666666666666674
      vertex 0.74444444444444702 -0.22222222222222218 0.12777777777777649
    endloop
  endfacet
  facet normal 0.44721359549995821 9.1959725493743218e-16 0.89442719099991574
    outer loop
      vertex 0.81666666666666665 -0.25 0.091666666666666674
      vertex 0.88888888888891737 -0.27777777777777785 0.055555555555541314
      vertex 0.86666666666666203 -0.21666666666666662 0.066666666666668928
    endloop
  endfacet
  facet normal 0.44721359549995715 4.4431719220041252e-16 0.8944271909999163
    outer loop
      vertex 0.88888888888891737 -0.27777777777777785 0.055555555555541314
      vertex 0.91666666666667251 -0.21666666666666662 0.041666666666663743
      vertex 0.86666666666666203 -0.21666666666666662 0.066666666666668928
    endloop
  endfacet
  facet normal 0.44721359549995793 0 0.89442719099991586
    outer loop
      vertex 0.88888888888891737 -0.27777777777777785 0.055555555555541314
      vertex 0.95555555555557625 -0.27777777777777785 0.022222222222211874
      vertex 0.91666666666667251 -0.21666666666666662 0.041666666666663743
    endloop
  endfacet
  facet normal 0.44721359549995865 5.8184394216668466e-16 0.89442719099991541
    outer loop
      vertex 0.95555555555557625 -0.27777777777777785 0.022222222222211874
      vertex 0.97333333333340033 -0.21999999999999997 0.013333333333299779
      vertex 0.91666666666667251 -0.21666666666666662 0.041666666666663743
    endloop
  endfacet
  facet normal 0.44721359549995854 6.3860920481800366e-16 0.89442719099991563
    outer loop
      vertex 0.95555555555557625 -0.27777777777777785 0.022222222222211874
      vertex 0.98666666666664549 -0.3133333333333333 0.0066666666666772567
      vertex 0.97333333333340033 -0.21999999999999997 0.013333333333299779
    endloop
  endfacet
  facet normal -0.44721359549995882 -9.2566081708485503e-16 0.89442719099991541
    outer loop
      vertex -0.95238095238093723 -0.22380952380952379 0.023809523809531385
      vertex -0.91333333333336297 -0.27333333333333332 0.043333333333318513
      vertex -0.87777777777779387 -0.21111111111111111 0.061111111111103178
    endloop
  endfacet
  facet normal -0.44721359549995882 -9.9744675800074024e-17 0.8944271909999153
    outer loop
      vertex -0.81666666666666665 -0.21666666666666662 0.091666666666666646
      vertex -0.7499999999999476 -0.25 0.12500000000002626
      vertex -0.75555555555555298 -0.18888888888888886 0.12222222222222356
    endloop
  endfacet
  facet normal -0.44721359549995721 8.9770208220144898e-17 0.89442719099991619
    outer loop
      vertex -0.7499999999999476 -0.25 0.12500000000002626
      vertex -0.69999999999999996 -0.21666666666666662 0.15000000000000002
      vertex -0.75555555555555298 -0.18888888888888886 0.12222222222222356
    endloop
  endfacet
  facet normal -0.44721359549995821 -2.137385910002071e-16 0.89442719099991586
    outer loop
      vertex -0.6166666666666446 -0.25 0.19166666666667764
      vertex -0.58333333333333326 -0.16666666666666663 0.20833333333333334
      vertex -0.655555555555553 -0.21111111111111108 0.17222222222222344
    endloop
  endfacet
  facet normal -0.44721359549995854 0 0.89442719099991563
    outer loop
      vertex -0.6166666666666446 -0.25 0.19166666666667764
      vertex -0.54666666666668906 -0.20666666666666664 0.22666666666665547
      vertex -0.58333333333333326 -0.16666666666666663 0.20833333333333334
    endloop
  endfacet
  facet normal -0.44721359549995809 -1.3235351211935532e-15 0.89442719099991586
    outer loop
      vertex -0.54666666666668906 -0.20666666666666664 0.22666666666665547
      vertex -0.48333333333335954 -0.23333333333333331 0.2583333333333202
      vertex -0.48888888888888216 -0.17777777777777773 0.25555555555555898
    endloop
  endfacet
  facet normal -0.44721359549995754 -8.8863438440079014e-16 0.89442719099991608
    outer loop
      vertex -0.33333333333334886 -0.21666666666666667 0.3333333333333256
      vertex -0.27500000000000002 -0.26666666666666672 0.36249999999999993
      vertex -0.24999999999999536 -0.18333333333333329 0.37500000000000233
    endloop
  endfacet
  facet normal -0.44721359549995743 -9.1765101736200599e-16 0.89442719099991619
    outer loop
      vertex -0.27500000000000002 -0.26666666666666672 0.36249999999999993
      vertex -0.21666666666672776 -0.26666666666666666 0.39166666666663602
      vertex -0.24999999999999536 -0.18333333333333329 0.37500000000000233
    endloop
  endfacet
  facet normal -0.44721359549995743 -9.5210826900142922e-16 0.89442719099991608
    outer loop
      vertex -0.21666666666672776 -0.26666666666666666 0.39166666666663602
      vertex -0.20000000000003493 -0.21666666666666665 0.39999999999998248
      vertex -0.24999999999999536 -0.18333333333333329 0.37500000000000233
    endloop
  endfacet
  facet normal -0.44721359549995687 6.8396349120061103e-16 0.8944271909999163
    outer loop
      vertex -0.15555555555555298 -0.22222222222222221 0.42222222222222355
      vertex -0.099999999999993011 -0.28333333333333333 0.45000000000000351
      vertex -0.11666666666664863 -0.18333333333333329 0.44166666666667564
    endloop
  endfacet
  facet normal -0.4472135954999587 3.4338331013188124e-16 0.89442719099991563
    outer loop
      vertex -0.099999999999993011 -0.28333333333333333 0.45000000000000351
      vertex -0.055555555555596943 -0.21111111111111111 0.47222222222220156
      vertex -0.11666666666664863 -0.18333333333333329 0.44166666666667564
    endloop
  endfacet
  facet normal -0.44653990049317011 0.0016475316819555736 0.89476220467055201
    outer loop
      vertex -5.2522128941274951e-05 -0.24166666666666664 0.49997782045781264
      vertex 0.0001241515791458422 -0.18333333333333332 0.49995858165373497
      vertex -0.055555555555596943 -0.21111111111111111 0.47222222222220156
    endloop
  endfacet
  facet normal 0.44679777728137088 0 0.89463497931638392
    outer loop
      vertex -5.2522128941274951e-05 -0.24166666666666664 0.49997782045781264
      vertex 0.08333333333333337 -0.25 0.45833333333333331
      vertex 0.08333333333333337 -0.18333333333333329 0.45833333333333331
    endloop
  endfacet
  facet normal 0.44739095748100999 -0.0010600496324402848 0.8943378597929319
    outer loop
      vertex -5.2522128941274951e-05 -0.24166666666666664 0.49997782045781264
      vertex 0.08333333333333337 -0.18333333333333329 0.45833333333333331
      vertex 0.0001241515791458422 -0.18333333333333332 0.49995858165373497
    endloop
  endfacet
  facet normal 0.44721359549995798 -0 0.89442719099991597
    outer loop
      vertex 0.08333333333333337 -0.25 0.45833333333333331
      vertex 0.14444444444444704 -0.22222222222222218 0.42777777777777648
      vertex 0.08333333333333337 -0.18333333333333329 0.45833333333333331
    endloop
  endfacet
  facet normal 0.4472135954999587 4.3201912705914166e-16 0.89442719099991552
    outer loop
      vertex 0.14444444444444704 -0.22222222222222218 0.42777777777777648
      vertex 0.21111111111112921 -0.22222222222222218 0.39444444444443533
      vertex 0.15833333333333424 -0.16666666666666663 0.42083333333333284
    endloop
  endfacet
  facet normal 0.44721359549995721 4.4885104110062218e-16 0.89442719099991619
    outer loop
      vertex 0.21111111111112921 -0.22222222222222218 0.39444444444443533
      vertex 0.28333333333333333 -0.21666666666666662 0.35833333333333334
      vertex 0.22777777777778813 -0.16111111111111109 0.38611111111110585
    endloop
  endfacet
  facet normal 0.44721359549995782 -7.8548932192593911e-16 0.89442719099991586
    outer loop
      vertex 0.28333333333333333 -0.21666666666666662 0.35833333333333334
      vertex 0.34999999999998838 -0.25 0.32500000000000578
      vertex 0.35000000000000403 -0.18333333333333329 0.32499999999999801
    endloop
  endfacet
  facet normal 0.44721359549995798 -7.4476024597418982e-16 0.89442719099991597
    outer loop
      vertex 0.34999999999998838 -0.25 0.32500000000000578
      vertex 0.39999999999999991 -0.21666666666666662 0.30000000000000004
      vertex 0.35000000000000403 -0.18333333333333329 0.32499999999999801
    endloop
  endfacet
  facet normal 0.4472135954999592 -2.2741786082417833e-15 0.8944271909999153
    outer loop
      vertex 0.39999999999999991 -0.21666666666666662 0.30000000000000004
      vertex 0.45555555555557625 -0.24444444444444444 0.27222222222221171
      vertex 0.45000000000001628 -0.18333333333333329 0.27499999999999186
    endloop
  endfacet
  facet normal 0.44721359549995671 2.7085838687106474e-16 0.89442719099991652
    outer loop
      vertex 0.45555555555557625 -0.24444444444444444 0.27222222222221171
      vertex 0.51666666666665972 -0.26666666666666666 0.24166666666667008
      vertex 0.52666666666669515 -0.19999999999999993 0.23666666666665237
    endloop
  endfacet
  facet normal 0.44721359549995809 -2.4282600005770065e-15 0.89442719099991586
    outer loop
      vertex 0.45555555555557625 -0.24444444444444444 0.27222222222221171
      vertex 0.52666666666669515 -0.19999999999999993 0.23666666666665237
      vertex 0.45000000000001628 -0.18333333333333329 0.27499999999999186
    endloop
  endfacet
  facet normal 0.44721359549995743 7.1246197000084791e-16 0.89442719099991608
    outer loop
      vertex 0.58333333333332749 -0.25 0.20833333333333628
      vertex 0.616666666666701 -0.18333333333333329 0.1916666666666495
      vertex 0.52666666666669515 -0.19999999999999993 0.23666666666665237
    endloop
  endfacet
  facet normal 0.44721359549995926 -4.4220139604720039e-16 0.89442719099991519
    outer loop
      vertex 0.58333333333332749 -0.25 0.20833333333333628
      vertex 0.64166666666665151 -0.2583333333333333 0.17916666666667416
      vertex 0.616666666666701 -0.18333333333333329 0.1916666666666495
    endloop
  endfacet
  facet normal 0.44721359549995804 -9.6517642171328804e-16 0.89442719099991586
    outer loop
      vertex 0.64166666666665151 -0.2583333333333333 0.17916666666667416
      vertex 0.67777777777778814 -0.17777777777777776 0.16111111111110593
      vertex 0.616666666666701 -0.18333333333333329 0.1916666666666495
    endloop
  endfacet
  facet normal 0.44721359549995715 -4.8571320389618251e-16 0.8944271909999163
    outer loop
      vertex 0.64166666666665151 -0.2583333333333333 0.17916666666667416
      vertex 0.69999999999999996 -0.21666666666666662 0.15000000000000002
      vertex 0.67777777777778814 -0.17777777777777776 0.16111111111110593
    endloop
  endfacet
  facet normal 0.44721359549995782 -4.4885104110047319e-16 0.89442719099991608
    outer loop
      vertex 0.74444444444444702 -0.22222222222222218 0.12777777777777649
      vertex 0.81666666666666665 -0.25 0.091666666666666674
      vertex 0.78333333333335142 -0.18333333333333329 0.10833333333332432
    endloop
  endfacet
  facet normal 0.44721359549995832 -1.7075854824486722e-16 0.89442719099991574
    outer loop
      vertex 0.81666666666666665 -0.25 0.091666666666666674
      vertex 0.84444444444442379 -0.17777777777777773 0.077777777777788104
      vertex 0.78333333333335142 -0.18333333333333329 0.10833333333332432
    endloop
  endfacet
  facet normal 0.44721359549995898 -5.4171677374192447e-16 0.89442719099991541
    outer loop
      vertex 0.81666666666666665 -0.25 0.091666666666666674
      vertex 0.86666666666666203 -0.21666666666666662 0.066666666666668928
      vertex 0.84444444444442379 -0.17777777777777773 0.077777777777788104
    endloop
  endfacet
  facet normal -0.44721359549995882 6.1318222802240512e-16 0.89442719099991552
    outer loop
      vertex -0.97777777777778763 -0.18333333333333329 0.011111111111106131
      vertex -0.95238095238093723 -0.22380952380952379 0.023809523809531385
      vertex -0.95238095238093523 -0.14285714285714282 0.023809523809532329
    endloop
  endfacet
  facet normal -0.44721359549995909 6.7028422137697165e-16 0.8944271909999153
    outer loop
      vertex -0.95238095238093723 -0.22380952380952379 0.023809523809531385
      vertex -0.87777777777779387 -0.21111111111111111 0.061111111111103178
      vertex -0.88333333333338626 -0.14999999999999997 0.058333333333306925
    endloop
  endfacet
  facet normal -0.44721359549995898 6.1333196727289009e-16 0.89442719099991519
    outer loop
      vertex -0.95238095238093723 -0.22380952380952379 0.023809523809531385
      vertex -0.88333333333338626 -0.14999999999999997 0.058333333333306925
      vertex -0.95238095238093523 -0.14285714285714282 0.023809523809532329
    endloop
  endfacet
  facet normal -0.44721359549995632 0 0.89442719099991663
    outer loop
      vertex -0.87777777777779387 -0.21111111111111111 0.061111111111103178
      vertex -0.81666666666666665 -0.21666666666666662 0.091666666666666646
      vertex -0.81666666666666665 -0.14999999999999997 0.091666666666666646
    endloop
  endfacet
  facet normal -0.4472135954999571 9.1640420891281645e-16 0.89442719099991641
    outer loop
      vertex -0.87777777777779387 -0.21111111111111111 0.061111111111103178
      vertex -0.81666666666666665 -0.14999999999999997 0.091666666666666646
      vertex -0.88333333333338626 -0.14999999999999997 0.058333333333306925
    endloop
  endfacet
  facet normal -0.44721359549995893 0 0.8944271909999153
    outer loop
      vertex -0.81666666666666665 -0.21666666666666662 0.091666666666666646
      vertex -0.75555555555555298 -0.18888888888888886 0.12222222222222356
      vertex -0.81666666666666665 -0.14999999999999997 0.091666666666666646
    endloop
  endfacet
  facet normal -0.44721359549995748 -5.386212493206346e-16 0.89442719099991619
    outer loop
      vertex -0.75555555555555298 -0.18888888888888886 0.12222222222222356
      vertex -0.69999999999999996 -0.21666666666666662 0.15000000000000002
      vertex -0.71666666666666501 -0.14999999999999997 0.14166666666666755
    endloop
  endfacet
  facet normal -0.44721359549995698 -9.3897574115273592e-16 0.89442719099991641
    outer loop
      vertex -0.69999999999999996 -0.21666666666666662 0.15000000000000002
      vertex -0.655555555555553 -0.21111111111111108 0.17222222222222344
      vertex -0.65000000000000002 -0.14999999999999997 0.17499999999999999
    endloop
  endfacet
  facet normal -0.44721359549995737 -5.5638826969752329e-16 0.8944271909999163
    outer loop
      vertex -0.69999999999999996 -0.21666666666666662 0.15000000000000002
      vertex -0.65000000000000002 -0.14999999999999997 0.17499999999999999
      vertex -0.71666666666666501 -0.14999999999999997 0.14166666666666755
    endloop
  endfacet
  facet normal -0.44721359549995782 -8.2621839787761542e-16 0.89442719099991597
    outer loop
      vertex -0.655555555555553 -0.21111111111111108 0.17222222222222344
      vertex -0.58333333333333326 -0.16666666666666663 0.20833333333333334
      vertex -0.65000000000000002 -0.14999999999999997 0.17499999999999999
    endloop
  endfacet
  facet normal -0.44721359549995754 -1.7584616918827174e-15 0.89442719099991608
    outer loop
      vertex -0.48333333333335954 -0.23333333333333331 0.2583333333333202
      vertex -0.41666666666666669 -0.21666666666666662 0.29166666666666663
      vertex -0.40833333333334004 -0.1583333333333333 0.29583333333333006
    endloop
  endfacet
  facet normal -0.44721359549995787 -1.3382410669852626e-15 0.89442719099991597
    outer loop
      vertex -0.48333333333335954 -0.23333333333333331 0.2583333333333202
      vertex -0.40833333333334004 -0.1583333333333333 0.29583333333333006
      vertex -0.48888888888888216 -0.17777777777777773 0.25555555555555898
    endloop
  endfacet
  facet normal -0.44721359549995837 -1.6158637479621413e-15 0.89442719099991563
    outer loop
      vertex -0.41666666666666669 -0.21666666666666662 0.29166666666666663
      vertex -0.33333333333334886 -0.21666666666666667 0.3333333333333256
      vertex -0.40833333333334004 -0.1583333333333333 0.29583333333333006
    endloop
  endfacet
  facet normal -0.44721359549995771 -4.5465015015846004e-16 0.89442719099991608
    outer loop
      vertex -0.33333333333334886 -0.21666666666666667 0.3333333333333256
      vertex -0.31666666666662768 -0.14999999999999997 0.34166666666668621
      vertex -0.40833333333334004 -0.1583333333333333 0.29583333333333006
    endloop
  endfacet
  facet normal -0.44721359549995771 -4.6547515373390764e-16 0.89442719099991597
    outer loop
      vertex -0.33333333333334886 -0.21666666666666667 0.3333333333333256
      vertex -0.24999999999999536 -0.18333333333333329 0.37500000000000233
      vertex -0.31666666666662768 -0.14999999999999997 0.34166666666668621
    endloop
  endfacet
  facet normal -0.44721359549995748 -1.0473190959020966e-15 0.89442719099991608
    outer loop
      vertex -0.24999999999999536 -0.18333333333333329 0.37500000000000233
      vertex -0.20000000000003493 -0.21666666666666665 0.39999999999998248
      vertex -0.18333333333338978 -0.14999999999999997 0.40833333333330513
    endloop
  endfacet
  facet normal -0.44721359549995954 -4.2844872105015385e-16 0.89442719099991508
    outer loop
      vertex -0.20000000000003493 -0.21666666666666665 0.39999999999998248
      vertex -0.15555555555555298 -0.22222222222222221 0.42222222222222355
      vertex -0.18333333333338978 -0.14999999999999997 0.40833333333330513
    endloop
  endfacet
  facet normal -0.44721359549995704 7.7302123745020262e-16 0.8944271909999163
    outer loop
      vertex -0.15555555555555298 -0.22222222222222221 0.42222222222222355
      vertex -0.11666666666664863 -0.18333333333333329 0.44166666666667564
      vertex -0.18333333333338978 -0.14999999999999997 0.40833333333330513
    endloop
  endfacet
  facet normal -0.44721359549995837 8.9770208220159482e-16 0.89442719099991552
    outer loop
      vertex -0.11666666666664863 -0.18333333333333329 0.44166666666667564
      vertex -0.055555555555596943 -0.21111111111111111 0.47222222222220156
      vertex -0.049999999999999989 -0.14999999999999997 0.47499999999999998
    endloop
  endfacet
  facet normal -0.44581877007073595 -0.00015844050558801422 0.89512323126440119
    outer loop
      vertex -0.055555555555596943 -0.21111111111111111 0.47222222222220156
      vertex 0.0001241515791458422 -0.18333333333333332 0.49995858165373497
      vertex -0.049999999999999989 -0.14999999999999997 0.47499999999999998
    endloop
  endfacet
  facet normal 0.44721359549995815 4.9285604512996356e-16 0.89442719099991574
    outer loop
      vertex 0.08333333333333337 -0.18333333333333329 0.45833333333333331
      vertex 0.14444444444444704 -0.22222222222222218 0.42777777777777648
      vertex 0.15833333333333424 -0.16666666666666663 0.42083333333333284
    endloop
  endfacet
  facet normal 0.44721359549995837 9.3441108927973559e-17 0.89442719099991563
    outer loop
      vertex 0.15833333333333424 -0.16666666666666663 0.42083333333333284
      vertex 0.21111111111112921 -0.22222222222222218 0.39444444444443533
      vertex 0.22777777777778813 -0.16111111111111109 0.38611111111110585
    endloop
  endfacet
  facet normal 0.44721359549995648 -3.2466891972940504e-16 0.89442719099991652
    outer loop
      vertex 0.28333333333333333 -0.21666666666666662 0.35833333333333334
      vertex 0.30000000000000349 -0.14999999999999997 0.34999999999999831
      vertex 0.22777777777778813 -0.16111111111111109 0.38611111111110585
    endloop
  endfacet
  facet normal 0.44721359549995798 -7.4808506850082319e-16 0.89442719099991597
    outer loop
      vertex 0.28333333333333333 -0.21666666666666662 0.35833333333333334
      vertex 0.35000000000000403 -0.18333333333333329 0.32499999999999801
      vertex 0.30000000000000349 -0.14999999999999997 0.34999999999999831
    endloop
  endfacet
  facet normal 0.44721359549995809 -5.4642735438321704e-16 0.89442719099991586
    outer loop
      vertex 0.35000000000000403 -0.18333333333333329 0.32499999999999801
      vertex 0.39999999999999991 -0.21666666666666662 0.30000000000000004
      vertex 0.3944444444444587 -0.12777777777777774 0.30277777777777071
    endloop
  endfacet
  facet normal 0.44721359549995815 -5.3936933438900075e-16 0.89442719099991563
    outer loop
      vertex 0.39999999999999991 -0.21666666666666662 0.30000000000000004
      vertex 0.45000000000001628 -0.18333333333333329 0.27499999999999186
      vertex 0.3944444444444587 -0.12777777777777774 0.30277777777777071
    endloop
  endfacet
  facet normal 0.44721359549995776 -9.1499652195637121e-16 0.89442719099991597
    outer loop
      vertex 0.52666666666669515 -0.19999999999999993 0.23666666666665237
      vertex 0.58333333333333681 -0.1333333333333333 0.20833333333333162
      vertex 0.52222222222221193 -0.14444444444444443 0.23888888888889404
    endloop
  endfacet
  facet normal 0.44721359549995765 -7.6726673692382925e-16 0.89442719099991608
    outer loop
      vertex 0.52666666666669515 -0.19999999999999993 0.23666666666665237
      vertex 0.616666666666701 -0.18333333333333329 0.1916666666666495
      vertex 0.58333333333333681 -0.1333333333333333 0.20833333333333162
    endloop
  endfacet
  facet normal 0.44721359549995782 -5.7474828433598909e-16 0.89442719099991586
    outer loop
      vertex 0.69999999999999996 -0.21666666666666662 0.15000000000000002
      vertex 0.74444444444444702 -0.22222222222222218 0.12777777777777649
      vertex 0.71666666666666501 -0.1333333333333333 0.14166666666666755
    endloop
  endfacet
  facet normal 0.44721359549995737 -4.3638295662565982e-16 0.8944271909999163
    outer loop
      vertex 0.69999999999999996 -0.21666666666666662 0.15000000000000002
      vertex 0.71666666666666501 -0.1333333333333333 0.14166666666666755
      vertex 0.67777777777778814 -0.17777777777777776 0.16111111111110593
    endloop
  endfacet
  facet normal 0.44721359549995787 -5.7709419570046126e-16 0.89442719099991586
    outer loop
      vertex 0.74444444444444702 -0.22222222222222218 0.12777777777777649
      vertex 0.78333333333335142 -0.18333333333333329 0.10833333333332432
      vertex 0.71666666666666501 -0.1333333333333333 0.14166666666666755
    endloop
  endfacet
  facet normal 0.44721359549995721 -6.0714150487013009e-16 0.89442719099991641
    outer loop
      vertex 0.86666666666666203 -0.21666666666666662 0.066666666666668928
      vertex 0.91666666666667251 -0.21666666666666662 0.041666666666663743
      vertex 0.91999999999998439 -0.13999999999999996 0.040000000000007863
    endloop
  endfacet
  facet normal 0.44721359549995787 -1.2834792841923666e-15 0.89442719099991586
    outer loop
      vertex 0.86666666666666203 -0.21666666666666662 0.066666666666668928
      vertex 0.91999999999998439 -0.13999999999999996 0.040000000000007863
      vertex 0.84444444444442379 -0.17777777777777773 0.077777777777788104
    endloop
  endfacet
  facet normal 0.44721359549995859 -9.2580693560232263e-16 0.89442719099991552
    outer loop
      vertex 0.91666666666667251 -0.21666666666666662 0.041666666666663743
      vertex 0.97333333333340033 -0.21999999999999997 0.013333333333299779
      vertex 0.97777777777778807 -0.16111111111111112 0.011111111111105965
    endloop
  endfacet
  facet normal 0.44721359549995843 -6.7343048861936482e-16 0.89442719099991563
    outer loop
      vertex 0.91666666666667251 -0.21666666666666662 0.041666666666663743
      vertex 0.97777777777778807 -0.16111111111111112 0.011111111111105965
      vertex 0.91999999999998439 -0.13999999999999996 0.040000000000007863
    endloop
  endfacet
  facet normal -0.44721359549995893 -1.289008118032502e-16 0.8944271909999153
    outer loop
      vertex -0.81666666666666665 -0.14999999999999997 0.091666666666666646
      vertex -0.75555555555555298 -0.18888888888888886 0.12222222222222356
      vertex -0.7666666666667028 -0.083333333333333329 0.11666666666664866
    endloop
  endfacet
  facet normal -0.44721359549995793 0 0.89442719099991586
    outer loop
      vertex -0.75555555555555298 -0.18888888888888886 0.12222222222222356
      vertex -0.71666666666666501 -0.14999999999999997 0.14166666666666755
      vertex -0.7666666666667028 -0.083333333333333329 0.11666666666664866
    endloop
  endfacet
  facet normal -0.44721359549995782 -7.8548932192592678e-16 0.89442719099991597
    outer loop
      vertex -0.65000000000000002 -0.14999999999999997 0.17499999999999999
      vertex -0.58333333333333326 -0.16666666666666663 0.20833333333333334
      vertex -0.58333333333334436 -0.099999999999999978 0.20833333333332785
    endloop
  endfacet
  facet normal -0.44721359549995837 1.4281624035016765e-16 0.89442719099991574
    outer loop
      vertex -0.58333333333333326 -0.16666666666666663 0.20833333333333334
      vertex -0.54666666666668906 -0.20666666666666664 0.22666666666665547
      vertex -0.52222222222220072 -0.12222222222222219 0.23888888888889964
    endloop
  endfacet
  facet normal -0.4472135954999587 2.7887194861266408e-16 0.89442719099991563
    outer loop
      vertex -0.54666666666668906 -0.20666666666666664 0.22666666666665547
      vertex -0.48888888888888216 -0.17777777777777773 0.25555555555555898
      vertex -0.52222222222220072 -0.12222222222222219 0.23888888888889964
    endloop
  endfacet
  facet normal -0.44721359549995898 9.19189632041864e-17 0.8944271909999153
    outer loop
      vertex -0.48888888888888216 -0.17777777777777773 0.25555555555555898
      vertex -0.48333333333335837 -0.099999999999999978 0.25833333333332087
      vertex -0.52222222222220072 -0.12222222222222219 0.23888888888889964
    endloop
  endfacet
  facet normal -0.44721359549995821 2.3623739005291722e-17 0.89442719099991574
    outer loop
      vertex -0.48888888888888216 -0.17777777777777773 0.25555555555555898
      vertex -0.40833333333334004 -0.1583333333333333 0.29583333333333006
      vertex -0.48333333333335837 -0.099999999999999978 0.25833333333332087
    endloop
  endfacet
  facet normal -0.44721359549995771 -1.6112601475394713e-16 0.89442719099991597
    outer loop
      vertex -0.40833333333334004 -0.1583333333333333 0.29583333333333006
      vertex -0.31666666666662768 -0.14999999999999997 0.34166666666668621
      vertex -0.38333333333333391 -0.11666666666666664 0.30833333333333313
    endloop
  endfacet
  facet normal -0.44721359549995748 0 0.89442719099991619
    outer loop
      vertex -0.31666666666662768 -0.14999999999999997 0.34166666666668621
      vertex -0.24999999999999536 -0.18333333333333329 0.37500000000000233
      vertex -0.24999999999999536 -0.11666666666666664 0.37500000000000233
    endloop
  endfacet
  facet normal -0.44721359549995793 0 0.89442719099991586
    outer loop
      vertex -0.24999999999999536 -0.18333333333333329 0.37500000000000233
      vertex -0.18333333333338978 -0.14999999999999997 0.40833333333330513
      vertex -0.24999999999999536 -0.11666666666666664 0.37500000000000233
    endloop
  endfacet
  facet normal -0.44721359549995771 -1.0971914337998463e-15 0.89442719099991586
    outer loop
      vertex -0.18333333333338978 -0.14999999999999997 0.40833333333330513
      vertex -0.11666666666664863 -0.18333333333333329 0.44166666666667564
      vertex -0.12222222222219144 -0.12222222222222219 0.43888888888890432
    endloop
  endfacet
  facet normal -0.44721359549995765 -1.0814708055505333e-15 0.89442719099991608
    outer loop
      vertex -0.11666666666664863 -0.18333333333333329 0.44166666666667564
      vertex -0.049999999999999989 -0.14999999999999997 0.47499999999999998
      vertex -0.12222222222219144 -0.12222222222222219 0.43888888888890432
    endloop
  endfacet
  facet normal -0.44613678221189118 -0.0007555176058651349 0.89496446898788495
    outer loop
      vertex -0.049999999999999989 -0.14999999999999997 0.47499999999999998
      vertex 0.0001241515791458422 -0.18333333333333332 0.49995858165373497
      vertex 6.7331675731017212e-05 -0.12222222222222218 0.499981846344351
    endloop
  endfacet
  facet normal 0.4473912088489998 -3.4959252388214063e-16 0.89433836227941754
    outer loop
      vertex 0.0001241515791458422 -0.18333333333333332 0.49995858165373497
      vertex 0.08333333333333337 -0.18333333333333329 0.45833333333333331
      vertex 0.083333333333330428 -0.11666666666666663 0.45833333333333481
    endloop
  endfacet
  facet normal 0.44734285567599791 7.5451253241735477e-05 0.89436254605319399
    outer loop
      vertex 0.0001241515791458422 -0.18333333333333332 0.49995858165373497
      vertex 0.083333333333330428 -0.11666666666666663 0.45833333333333481
      vertex 6.7331675731017212e-05 -0.12222222222222218 0.499981846344351
    endloop
  endfacet
  facet normal 0.44721359549995837 -4.6547515373385695e-16 0.89442719099991563
    outer loop
      vertex 0.08333333333333337 -0.18333333333333329 0.45833333333333331
      vertex 0.15833333333333424 -0.16666666666666663 0.42083333333333284
      vertex 0.1333333333333333 -0.11666666666666664 0.43333333333333335
    endloop
  endfacet
  facet normal 0.44721359549995837 -3.7238012298707144e-16 0.89442719099991563
    outer loop
      vertex 0.08333333333333337 -0.18333333333333329 0.45833333333333331
      vertex 0.1333333333333333 -0.11666666666666664 0.43333333333333335
      vertex 0.083333333333330428 -0.11666666666666663 0.45833333333333481
    endloop
  endfacet
  facet normal 0.44721359549995687 -1.6989843111286878e-15 0.89442719099991652
    outer loop
      vertex 0.22777777777778813 -0.16111111111111109 0.38611111111110585
      vertex 0.30000000000000349 -0.14999999999999997 0.34999999999999831
      vertex 0.24999999999999126 -0.099999999999999964 0.37500000000000444
    endloop
  endfacet
  facet normal 0.44721359549995865 6.6647578830055419e-16 0.89442719099991552
    outer loop
      vertex 0.30000000000000349 -0.14999999999999997 0.34999999999999831
      vertex 0.35000000000000403 -0.18333333333333329 0.32499999999999801
      vertex 0.31666666666669752 -0.099999999999999964 0.34166666666665124
    endloop
  endfacet
  facet normal 0.44721359549995743 5.2365954795065692e-17 0.89442719099991608
    outer loop
      vertex 0.35000000000000403 -0.18333333333333329 0.32499999999999801
      vertex 0.3944444444444587 -0.12777777777777774 0.30277777777777071
      vertex 0.31666666666669752 -0.099999999999999964 0.34166666666665124
    endloop
  endfacet
  facet normal 0.44721359549995848 -1.7804424630323263e-16 0.89442719099991563
    outer loop
      vertex 0.45000000000001628 -0.18333333333333329 0.27499999999999186
      vertex 0.46666666666666656 -0.11666666666666664 0.26666666666666672
      vertex 0.3944444444444587 -0.12777777777777774 0.30277777777777071
    endloop
  endfacet
  facet normal 0.44721359549995826 -8.3414795248767033e-16 0.89442719099991563
    outer loop
      vertex 0.45000000000001628 -0.18333333333333329 0.27499999999999186
      vertex 0.52666666666669515 -0.19999999999999993 0.23666666666665237
      vertex 0.52222222222221193 -0.14444444444444443 0.23888888888889404
    endloop
  endfacet
  facet normal 0.44721359549995798 0 0.89442719099991597
    outer loop
      vertex 0.45000000000001628 -0.18333333333333329 0.27499999999999186
      vertex 0.52222222222221193 -0.14444444444444443 0.23888888888889404
      vertex 0.46666666666666656 -0.11666666666666664 0.26666666666666672
    endloop
  endfacet
  facet normal 0.44721359549995826 -2.2095339575976614e-16 0.89442719099991563
    outer loop
      vertex 0.616666666666701 -0.18333333333333329 0.1916666666666495
      vertex 0.65333333333331212 -0.10666666666666663 0.17333333333334394
      vertex 0.58333333333333681 -0.1333333333333333 0.20833333333333162
    endloop
  endfacet
  facet normal 0.44721359549995793 0 0.89442719099991586
    outer loop
      vertex 0.616666666666701 -0.18333333333333329 0.1916666666666495
      vertex 0.67777777777778814 -0.17777777777777776 0.16111111111110593
      vertex 0.65333333333331212 -0.10666666666666663 0.17333333333334394
    endloop
  endfacet
  facet normal 0.44721359549995721 -3.1469924756641953e-16 0.89442719099991619
    outer loop
      vertex 0.67777777777778814 -0.17777777777777776 0.16111111111110593
      vertex 0.71666666666666501 -0.1333333333333333 0.14166666666666755
      vertex 0.65333333333331212 -0.10666666666666663 0.17333333333334394
    endloop
  endfacet
  facet normal 0.44721359549995915 1.3767574969589467e-15 0.8944271909999153
    outer loop
      vertex 0.71666666666666501 -0.1333333333333333 0.14166666666666755
      vertex 0.78333333333335142 -0.18333333333333329 0.10833333333332432
      vertex 0.76000000000000889 -0.10666666666666663 0.1199999999999955
    endloop
  endfacet
  facet normal 0.44721359549995826 1.1856442595115409e-16 0.89442719099991574
    outer loop
      vertex 0.78333333333335142 -0.18333333333333329 0.10833333333332432
      vertex 0.84444444444442379 -0.17777777777777773 0.077777777777788104
      vertex 0.81666666666666665 -0.099999999999999978 0.091666666666666674
    endloop
  endfacet
  facet normal 0.44721359549995715 6.7881793252864535e-16 0.89442719099991619
    outer loop
      vertex 0.78333333333335142 -0.18333333333333329 0.10833333333332432
      vertex 0.81666666666666665 -0.099999999999999978 0.091666666666666674
      vertex 0.76000000000000889 -0.10666666666666663 0.1199999999999955
    endloop
  endfacet
  facet normal 0.44721359549995793 0 0.89442719099991586
    outer loop
      vertex 0.84444444444442379 -0.17777777777777773 0.077777777777788104
      vertex 0.87777777777778809 -0.11111111111111109 0.061111111111105954
      vertex 0.81666666666666665 -0.099999999999999978 0.091666666666666674
    endloop
  endfacet
  facet normal 0.44721359549995721 4.6205254230945234e-16 0.89442719099991619
    outer loop
      vertex 0.84444444444442379 -0.17777777777777773 0.077777777777788104
      vertex 0.91999999999998439 -0.13999999999999996 0.040000000000007863
      vertex 0.87777777777778809 -0.11111111111111109 0.061111111111105954
    endloop
  endfacet
  facet normal -0.44721359549995909 0 0.89442719099991541
    outer loop
      vertex -0.95238095238093523 -0.14285714285714282 0.023809523809532329
      vertex -0.88333333333338626 -0.14999999999999997 0.058333333333306925
      vertex -0.88333333333338626 -0.083333333333333315 0.058333333333306925
    endloop
  endfacet
  facet normal -0.44721359549995893 -1.5937464502857096e-16 0.8944271909999153
    outer loop
      vertex -0.95238095238093523 -0.14285714285714282 0.023809523809532329
      vertex -0.88333333333338626 -0.083333333333333315 0.058333333333306925
      vertex -0.95999999999999108 -0.083333333333333315 0.020000000000004403
    endloop
  endfacet
  facet normal -0.44721359549995704 0 0.8944271909999163
    outer loop
      vertex -0.88333333333338626 -0.14999999999999997 0.058333333333306925
      vertex -0.81666666666666665 -0.14999999999999997 0.091666666666666646
      vertex -0.81666666666666665 -0.083333333333333315 0.091666666666666646
    endloop
  endfacet
  facet normal -0.44721359549995704 0 0.8944271909999163
    outer loop
      vertex -0.88333333333338626 -0.14999999999999997 0.058333333333306925
      vertex -0.81666666666666665 -0.083333333333333315 0.091666666666666646
      vertex -0.88333333333338626 -0.083333333333333315 0.058333333333306925
    endloop
  endfacet
  facet normal -0.44721359549995909 0 0.8944271909999153
    outer loop
      vertex -0.81666666666666665 -0.14999999999999997 0.091666666666666646
      vertex -0.7666666666667028 -0.083333333333333329 0.11666666666664866
      vertex -0.81666666666666665 -0.083333333333333315 0.091666666666666646
    endloop
  endfacet
  facet normal -0.44721359549995698 9.3897574115178475e-16 0.89442719099991641
    outer loop
      vertex -0.7666666666667028 -0.083333333333333329 0.11666666666664866
      vertex -0.71666666666666501 -0.14999999999999997 0.14166666666666755
      vertex -0.72222222222221188 -0.088888888888888865 0.13888888888889406
    endloop
  endfacet
  facet normal -0.44721359549995743 -5.8184394216734474e-16 0.89442719099991619
    outer loop
      vertex -0.71666666666666501 -0.14999999999999997 0.14166666666666755
      vertex -0.65000000000000002 -0.14999999999999997 0.17499999999999999
      vertex -0.65833333333336619 -0.074999999999999997 0.17083333333331696
    endloop
  endfacet
  facet normal -0.44721359549995865 7.2459867681586257e-16 0.89442719099991552
    outer loop
      vertex -0.71666666666666501 -0.14999999999999997 0.14166666666666755
      vertex -0.65833333333336619 -0.074999999999999997 0.17083333333331696
      vertex -0.72222222222221188 -0.088888888888888865 0.13888888888889406
    endloop
  endfacet
  facet normal -0.44721359549995793 -6.4450405901602222e-16 0.89442719099991597
    outer loop
      vertex -0.65000000000000002 -0.14999999999999997 0.17499999999999999
      vertex -0.58333333333334436 -0.099999999999999978 0.20833333333332785
      vertex -0.65833333333336619 -0.074999999999999997 0.17083333333331696
    endloop
  endfacet
  facet normal -0.44721359549995776 -7.447602459741635e-16 0.89442719099991597
    outer loop
      vertex -0.58333333333333326 -0.16666666666666663 0.20833333333333334
      vertex -0.52222222222220072 -0.12222222222222219 0.23888888888889964
      vertex -0.58333333333334436 -0.099999999999999978 0.20833333333332785
    endloop
  endfacet
  facet normal -0.44721359549995759 1.1339394722536168e-15 0.89442719099991619
    outer loop
      vertex -0.48333333333335837 -0.099999999999999978 0.25833333333332087
      vertex -0.40833333333334004 -0.1583333333333333 0.29583333333333006
      vertex -0.42777777777778642 -0.061111111111111095 0.28611111111110676
    endloop
  endfacet
  facet normal -0.44721359549995893 7.7052762055571677e-16 0.8944271909999153
    outer loop
      vertex -0.40833333333334004 -0.1583333333333333 0.29583333333333006
      vertex -0.38333333333333391 -0.11666666666666664 0.30833333333333313
      vertex -0.42777777777778642 -0.061111111111111095 0.28611111111110676
    endloop
  endfacet
  facet normal -0.44721359549995759 1.4961701370006449e-16 0.89442719099991608
    outer loop
      vertex -0.38333333333333391 -0.11666666666666664 0.30833333333333313
      vertex -0.31666666666662768 -0.14999999999999997 0.34166666666668621
      vertex -0.34444444444440847 -0.077777777777777765 0.32777777777779582
    endloop
  endfacet
  facet normal -0.44721359549995704 4.4151687376250827e-16 0.89442719099991641
    outer loop
      vertex -0.31666666666662768 -0.14999999999999997 0.34166666666668621
      vertex -0.28333333333333338 -0.066666666666666652 0.35833333333333328
      vertex -0.34444444444440847 -0.077777777777777765 0.32777777777779582
    endloop
  endfacet
  facet normal -0.44721359549995776 8.2912761758873616e-16 0.89442719099991597
    outer loop
      vertex -0.31666666666662768 -0.14999999999999997 0.34166666666668621
      vertex -0.24999999999999536 -0.11666666666666664 0.37500000000000233
      vertex -0.28333333333333338 -0.066666666666666652 0.35833333333333328
    endloop
  endfacet
  facet normal -0.44721359549995765 5.2365954795085481e-16 0.89442719099991597
    outer loop
      vertex -0.24999999999999536 -0.11666666666666664 0.37500000000000233
      vertex -0.18333333333338978 -0.14999999999999997 0.40833333333330513
      vertex -0.18333333333333329 -0.083333333333333315 0.40833333333333333
    endloop
  endfacet
  facet normal -0.44721359549995837 5.5857018448110484e-16 0.89442719099991563
    outer loop
      vertex -0.18333333333338978 -0.14999999999999997 0.40833333333330513
      vertex -0.12222222222219144 -0.12222222222222219 0.43888888888890432
      vertex -0.18333333333333329 -0.083333333333333315 0.40833333333333333
    endloop
  endfacet
  facet normal -0.44721359549995743 -4.5535612865289021e-16 0.89442719099991619
    outer loop
      vertex -0.12222222222219144 -0.12222222222222219 0.43888888888890432
      vertex -0.049999999999999989 -0.14999999999999997 0.47499999999999998
      vertex -0.055555555555554262 -0.088888888888888865 0.47222222222222288
    endloop
  endfacet
  facet normal -0.44721359549995815 1.2540268121979142e-15 0.89442719099991574
    outer loop
      vertex -0.12222222222219144 -0.12222222222222219 0.43888888888890432
      vertex -0.055555555555554262 -0.088888888888888865 0.47222222222222288
      vertex -0.11666666666664863 -0.066666666666666652 0.44166666666667564
    endloop
  endfacet
  facet normal -0.44650815370482588 8.0147876958961372e-05 0.89477956070276066
    outer loop
      vertex -0.049999999999999989 -0.14999999999999997 0.47499999999999998
      vertex 6.7331675731017212e-05 -0.12222222222222218 0.499981846344351
      vertex -0.055555555555554262 -0.088888888888888865 0.47222222222222288
    endloop
  endfacet
  facet normal 0.44734052923914042 0.0001190075719837021 0.89436370495299267
    outer loop
      vertex 6.7331675731017212e-05 -0.12222222222222218 0.499981846344351
      vertex 0.083333333333330428 -0.11666666666666663 0.45833333333333481
      vertex 0.033333333333318199 -0.049999999999999975 0.48333333333334089
    endloop
  endfacet
  facet normal 0.44721359549995826 -5.8184394216732383e-16 0.89442719099991574
    outer loop
      vertex 0.1333333333333333 -0.11666666666666664 0.43333333333333335
      vertex 0.15833333333333424 -0.16666666666666663 0.42083333333333284
      vertex 0.18333333333333335 -0.083333333333333315 0.40833333333333333
    endloop
  endfacet
  facet normal 0.44721359549995848 -6.1808995823668324e-16 0.89442719099991574
    outer loop
      vertex 0.15833333333333424 -0.16666666666666663 0.42083333333333284
      vertex 0.22777777777778813 -0.16111111111111109 0.38611111111110585
      vertex 0.18333333333333335 -0.083333333333333315 0.40833333333333333
    endloop
  endfacet
  facet normal 0.44721359549995682 -1.7455318265023249e-15 0.89442719099991652
    outer loop
      vertex 0.22777777777778813 -0.16111111111111109 0.38611111111110585
      vertex 0.24999999999999126 -0.099999999999999964 0.37500000000000444
      vertex 0.18333333333333335 -0.083333333333333315 0.40833333333333333
    endloop
  endfacet
  facet normal 0.4472135954999587 6.982127306003805e-16 0.89442719099991552
    outer loop
      vertex 0.24999999999999126 -0.099999999999999964 0.37500000000000444
      vertex 0.30000000000000349 -0.14999999999999997 0.34999999999999831
      vertex 0.31666666666669752 -0.099999999999999964 0.34166666666665124
    endloop
  endfacet
  facet normal 0.44721359549995848 2.0435494554175893e-16 0.89442719099991563
    outer loop
      vertex 0.3944444444444587 -0.12777777777777774 0.30277777777777071
      vertex 0.46666666666666656 -0.11666666666666664 0.26666666666666672
      vertex 0.45000000000004015 -0.066666666666666652 0.27499999999997993
    endloop
  endfacet
  facet normal 0.44721359549995793 0 0.89442719099991586
    outer loop
      vertex 0.46666666666666656 -0.11666666666666664 0.26666666666666672
      vertex 0.52222222222221193 -0.14444444444444443 0.23888888888889404
      vertex 0.5166666666666585 -0.083333333333333329 0.24166666666667075
    endloop
  endfacet
  facet normal 0.44721359549995759 1.8374019226332646e-16 0.89442719099991608
    outer loop
      vertex 0.52222222222221193 -0.14444444444444443 0.23888888888889404
      vertex 0.58333333333333681 -0.1333333333333333 0.20833333333333162
      vertex 0.56666666666666776 -0.049999999999999982 0.21666666666666612
    endloop
  endfacet
  facet normal 0.44721359549995793 0 0.89442719099991586
    outer loop
      vertex 0.52222222222221193 -0.14444444444444443 0.23888888888889404
      vertex 0.56666666666666776 -0.049999999999999982 0.21666666666666612
      vertex 0.5166666666666585 -0.083333333333333329 0.24166666666667075
    endloop
  endfacet
  facet normal 0.44721359549995843 -6.0626286303960038e-16 0.89442719099991563
    outer loop
      vertex 0.91999999999998439 -0.13999999999999996 0.040000000000007863
      vertex 0.97777777777778807 -0.16111111111111112 0.011111111111105965
      vertex 0.97999999999996812 -0.073333333333333334 0.010000000000015996
    endloop
  endfacet
  facet normal -0.44721359549995865 3.5908083288065902e-16 0.89442719099991552
    outer loop
      vertex -0.72222222222221188 -0.088888888888888865 0.13888888888889406
      vertex -0.65833333333336619 -0.074999999999999997 0.17083333333331696
      vertex -0.69999999999999996 -0.033333333333333312 0.15000000000000002
    endloop
  endfacet
  facet normal -0.44721359549995732 1.232140112824756e-15 0.89442719099991608
    outer loop
      vertex -0.65833333333336619 -0.074999999999999997 0.17083333333331696
      vertex -0.58333333333334436 -0.099999999999999978 0.20833333333332785
      vertex -0.62222222222225843 -0.055555555555555546 0.18888888888887079
    endloop
  endfacet
  facet normal -0.44721359549995759 0 0.89442719099991597
    outer loop
      vertex -0.58333333333334436 -0.099999999999999978 0.20833333333332785
      vertex -0.52222222222220072 -0.12222222222222219 0.23888888888889964
      vertex -0.52222222222220072 -0.044444444444444439 0.23888888888889964
    endloop
  endfacet
  facet normal -0.44721359549995898 0 0.89442719099991541
    outer loop
      vertex -0.52222222222220072 -0.12222222222222219 0.23888888888889964
      vertex -0.48333333333335837 -0.099999999999999978 0.25833333333332087
      vertex -0.52222222222220072 -0.044444444444444439 0.23888888888889964
    endloop
  endfacet
  facet normal -0.44721359549995843 1.2717446164506823e-15 0.89442719099991552
    outer loop
      vertex -0.38333333333333391 -0.11666666666666664 0.30833333333333313
      vertex -0.34444444444440847 -0.077777777777777765 0.32777777777779582
      vertex -0.42777777777778642 -0.061111111111111095 0.28611111111110676
    endloop
  endfacet
  facet normal -0.44721359549995771 9.5101389168040817e-16 0.89442719099991597
    outer loop
      vertex -0.24999999999999536 -0.11666666666666664 0.37500000000000233
      vertex -0.22500000000000436 -0.033333333333333312 0.38749999999999774
      vertex -0.28333333333333338 -0.066666666666666652 0.35833333333333328
    endloop
  endfacet
  facet normal -0.44721359549995793 1.026783427354129e-15 0.89442719099991586
    outer loop
      vertex -0.24999999999999536 -0.11666666666666664 0.37500000000000233
      vertex -0.18333333333333329 -0.083333333333333315 0.40833333333333333
      vertex -0.22500000000000436 -0.033333333333333312 0.38749999999999774
    endloop
  endfacet
  facet normal -0.44721359549995809 1.1815907748624883e-15 0.89442719099991586
    outer loop
      vertex -0.18333333333333329 -0.083333333333333315 0.40833333333333333
      vertex -0.12222222222219144 -0.12222222222222219 0.43888888888890432
      vertex -0.11666666666664863 -0.066666666666666652 0.44166666666667564
    endloop
  endfacet
  facet normal -0.4469766960898412 -0.00089691558122176448 0.8945451518481613
    outer loop
      vertex -0.055555555555554262 -0.088888888888888865 0.47222222222222288
      vertex 6.7331675731017212e-05 -0.12222222222222218 0.499981846344351
      vertex -0.00012415157914584193 -0.049999999999999989 0.49995858165373497
    endloop
  endfacet
  facet normal 0.44499562043856028 0.0014682942561942268 0.89553154154528702
    outer loop
      vertex 6.7331675731017212e-05 -0.12222222222222218 0.499981846344351
      vertex 0.033333333333318199 -0.049999999999999975 0.48333333333334089
      vertex -0.00012415157914584193 -0.049999999999999989 0.49995858165373497
    endloop
  endfacet
  facet normal 0.44721359549995732 0 0.89442719099991608
    outer loop
      vertex 0.033333333333318199 -0.049999999999999975 0.48333333333334089
      vertex 0.083333333333330428 -0.11666666666666663 0.45833333333333481
      vertex 0.083333333333330428 -0.049999999999999982 0.45833333333333481
    endloop
  endfacet
  facet normal 0.44721359549995837 3.8084330760041192e-16 0.89442719099991574
    outer loop
      vertex 0.083333333333330428 -0.11666666666666663 0.45833333333333481
      vertex 0.1333333333333333 -0.11666666666666664 0.43333333333333335
      vertex 0.12499999999999127 -0.024999999999999974 0.43750000000000433
    endloop
  endfacet
  facet normal 0.44721359549995898 -0 0.8944271909999153
    outer loop
      vertex 0.083333333333330428 -0.11666666666666663 0.45833333333333481
      vertex 0.12499999999999127 -0.024999999999999974 0.43750000000000433
      vertex 0.083333333333330428 -0.049999999999999982 0.45833333333333481
    endloop
  endfacet
  facet normal 0.44721359549995776 3.1918296256034441e-16 0.89442719099991608
    outer loop
      vertex 0.1333333333333333 -0.11666666666666664 0.43333333333333335
      vertex 0.18333333333333335 -0.083333333333333315 0.40833333333333333
      vertex 0.12499999999999127 -0.024999999999999974 0.43750000000000433
    endloop
  endfacet
  facet normal 0.44721359549995876 -0 0.89442719099991552
    outer loop
      vertex 0.24999999999999126 -0.099999999999999964 0.37500000000000444
      vertex 0.31666666666669752 -0.099999999999999964 0.34166666666665124
      vertex 0.24999999999999126 -0.033333333333333312 0.37500000000000444
    endloop
  endfacet
  facet normal 0.44721359549995698 -1.2890081180328333e-15 0.8944271909999163
    outer loop
      vertex 0.31666666666669752 -0.099999999999999964 0.34166666666665124
      vertex 0.3944444444444587 -0.12777777777777774 0.30277777777777071
      vertex 0.34999999999998077 -0.049999999999999982 0.32500000000000973
    endloop
  endfacet
  facet normal 0.44721359549995987 7.1760752867259617e-16 0.89442719099991497
    outer loop
      vertex 0.3944444444444587 -0.12777777777777774 0.30277777777777071
      vertex 0.41111111111112919 -0.044444444444444432 0.29444444444443535
      vertex 0.34999999999998077 -0.049999999999999982 0.32500000000000973
    endloop
  endfacet
  facet normal 0.44721359549995743 1.3024352859277136e-15 0.89442719099991608
    outer loop
      vertex 0.3944444444444587 -0.12777777777777774 0.30277777777777071
      vertex 0.45000000000004015 -0.066666666666666652 0.27499999999997993
      vertex 0.41111111111112919 -0.044444444444444432 0.29444444444443535
    endloop
  endfacet
  facet normal 0.44721359549995798 0 0.89442719099991597
    outer loop
      vertex 0.46666666666666656 -0.11666666666666664 0.26666666666666672
      vertex 0.5166666666666585 -0.083333333333333329 0.24166666666667075
      vertex 0.45000000000004015 -0.066666666666666652 0.27499999999997993
    endloop
  endfacet
  facet normal 0.44721359549995793 2.9092197108347141e-16 0.89442719099991586
    outer loop
      vertex 0.56666666666666776 -0.049999999999999982 0.21666666666666612
      vertex 0.58333333333333681 -0.1333333333333333 0.20833333333333162
      vertex 0.616666666666701 -0.049999999999999982 0.1916666666666495
    endloop
  endfacet
  facet normal 0.44721359549995815 1.9612717151719171e-16 0.89442719099991586
    outer loop
      vertex 0.58333333333333681 -0.1333333333333333 0.20833333333333162
      vertex 0.65333333333331212 -0.10666666666666663 0.17333333333334394
      vertex 0.616666666666701 -0.049999999999999982 0.1916666666666495
    endloop
  endfacet
  facet normal 0.44721359549995737 -1.7811549250012898e-17 0.89442719099991619
    outer loop
      vertex 0.65333333333331212 -0.10666666666666663 0.17333333333334394
      vertex 0.71666666666666501 -0.1333333333333333 0.14166666666666755
      vertex 0.68333333333334323 -0.033333333333333319 0.15833333333332841
    endloop
  endfacet
  facet normal 0.44721359549995937 8.3562693821891723e-16 0.89442719099991519
    outer loop
      vertex 0.71666666666666501 -0.1333333333333333 0.14166666666666755
      vertex 0.76000000000000889 -0.10666666666666663 0.1199999999999955
      vertex 0.68333333333334323 -0.033333333333333319 0.15833333333332841
    endloop
  endfacet
  facet normal 0.44721359549995726 1.2222344220840501e-17 0.8944271909999163
    outer loop
      vertex 0.76000000000000889 -0.10666666666666663 0.1199999999999955
      vertex 0.81666666666666665 -0.099999999999999978 0.091666666666666674
      vertex 0.76111111111111751 -0.027777777777777766 0.11944444444444119
    endloop
  endfacet
  facet normal 0.44721359549995804 9.0578948834674374e-16 0.89442719099991574
    outer loop
      vertex 0.81666666666666665 -0.099999999999999978 0.091666666666666674
      vertex 0.87777777777778809 -0.11111111111111109 0.061111111111105954
      vertex 0.85000000000003317 -0.049999999999999982 0.074999999999983358
    endloop
  endfacet
  facet normal 0.44721359549995732 4.7605413450074252e-16 0.89442719099991619
    outer loop
      vertex 0.87777777777778809 -0.11111111111111109 0.061111111111105954
      vertex 0.91666666666667185 -0.049999999999999989 0.041666666666664076
      vertex 0.85000000000003317 -0.049999999999999982 0.074999999999983358
    endloop
  endfacet
  facet normal 0.44721359549995732 5.2365954795084209e-16 0.8944271909999163
    outer loop
      vertex 0.87777777777778809 -0.11111111111111109 0.061111111111105954
      vertex 0.91999999999998439 -0.13999999999999996 0.040000000000007863
      vertex 0.91666666666667185 -0.049999999999999989 0.041666666666664076
    endloop
  endfacet
  facet normal 0.44721359549995743 5.3038639985141695e-16 0.89442719099991608
    outer loop
      vertex 0.91999999999998439 -0.13999999999999996 0.040000000000007863
      vertex 0.97999999999996812 -0.073333333333333334 0.010000000000015996
      vertex 0.91666666666667185 -0.049999999999999989 0.041666666666664076
    endloop
  endfacet
  facet normal -0.44721359549995898 0 0.8944271909999153
    outer loop
      vertex -0.95999999999999108 -0.083333333333333315 0.020000000000004403
      vertex -0.88333333333338626 -0.083333333333333315 0.058333333333306925
      vertex -0.88333333333332464 -0.016666666666666649 0.058333333333337734
    endloop
  endfacet
  facet normal -0.44721359549995743 -2.2342807379225249e-15 0.89442719099991619
    outer loop
      vertex -0.95999999999999108 -0.083333333333333315 0.020000000000004403
      vertex -0.88333333333332464 -0.016666666666666649 0.058333333333337734
      vertex -0.9599999999999933 -0.016666666666666649 0.020000000000003459
    endloop
  endfacet
  facet normal -0.44721359549995704 -3.4910636530012073e-16 0.89442719099991641
    outer loop
      vertex -0.88333333333338626 -0.083333333333333315 0.058333333333306925
      vertex -0.81666666666666665 -0.083333333333333315 0.091666666666666646
      vertex -0.81666666666667198 -0.016666666666666649 0.09166666666666401
    endloop
  endfacet
  facet normal -0.44721359549995732 -7.1439837659096174e-28 0.89442719099991619
    outer loop
      vertex -0.88333333333338626 -0.083333333333333315 0.058333333333306925
      vertex -0.81666666666667198 -0.016666666666666649 0.09166666666666401
      vertex -0.88333333333332464 -0.016666666666666649 0.058333333333337734
    endloop
  endfacet
  facet normal -0.44721359549995915 -3.7238012298720649e-16 0.89442719099991519
    outer loop
      vertex -0.81666666666666665 -0.083333333333333315 0.091666666666666646
      vertex -0.7666666666667028 -0.083333333333333329 0.11666666666664866
      vertex -0.81666666666667198 -0.016666666666666649 0.09166666666666401
    endloop
  endfacet
  facet normal -0.44721359549995704 3.4910636530002691e-16 0.8944271909999163
    outer loop
      vertex -0.7666666666667028 -0.083333333333333329 0.11666666666664866
      vertex -0.72222222222221188 -0.088888888888888865 0.13888888888889406
      vertex -0.74444444444444702 -0.011111111111111098 0.12777777777777649
    endloop
  endfacet
  facet normal -0.44721359549995793 0 0.89442719099991586
    outer loop
      vertex -0.72222222222221188 -0.088888888888888865 0.13888888888889406
      vertex -0.69999999999999996 -0.033333333333333312 0.15000000000000002
      vertex -0.74444444444444702 -0.011111111111111098 0.12777777777777649
    endloop
  endfacet
  facet normal -0.44721359549995876 -2.9923402740013755e-16 0.89442719099991552
    outer loop
      vertex -0.62222222222225843 -0.055555555555555546 0.18888888888887079
      vertex -0.58333333333334436 -0.099999999999999978 0.20833333333332785
      vertex -0.58333333333334203 -0.016666666666666649 0.20833333333332904
    endloop
  endfacet
  facet normal -0.44721359549995737 -2.9790409838969175e-16 0.89442719099991608
    outer loop
      vertex -0.58333333333334436 -0.099999999999999978 0.20833333333332785
      vertex -0.52222222222220072 -0.044444444444444439 0.23888888888889964
      vertex -0.58333333333334203 -0.016666666666666649 0.20833333333332904
    endloop
  endfacet
  facet normal -0.44721359549995682 -1.0319087661864781e-28 0.8944271909999163
    outer loop
      vertex -0.48333333333335837 -0.099999999999999978 0.25833333333332087
      vertex -0.42777777777778642 -0.061111111111111095 0.28611111111110676
      vertex -0.48333333333335082 2.7755575615628914e-17 0.25833333333332464
    endloop
  endfacet
  facet normal -0.44721359549995893 9.6387082556008036e-29 0.8944271909999153
    outer loop
      vertex -0.48333333333335837 -0.099999999999999978 0.25833333333332087
      vertex -0.48333333333335082 2.7755575615628914e-17 0.25833333333332464
      vertex -0.52222222222220072 -0.044444444444444439 0.23888888888889964
    endloop
  endfacet
  facet normal -0.44721359549995865 -7.7579192288951018e-17 0.89442719099991552
    outer loop
      vertex -0.42777777777778642 -0.061111111111111095 0.28611111111110676
      vertex -0.34444444444440847 -0.077777777777777765 0.32777777777779582
      vertex -0.35000000000002618 -0.016666666666666649 0.32499999999998697
    endloop
  endfacet
  facet normal -0.44721359549995687 -5.5857018448093898e-16 0.89442719099991641
    outer loop
      vertex -0.34444444444440847 -0.077777777777777765 0.32777777777779582
      vertex -0.28333333333333338 -0.066666666666666652 0.35833333333333328
      vertex -0.29166666666667979 4.163336342344337e-17 0.35416666666666013
    endloop
  endfacet
  facet normal -0.44721359549995759 3.3143009363945194e-17 0.89442719099991597
    outer loop
      vertex -0.34444444444440847 -0.077777777777777765 0.32777777777779582
      vertex -0.29166666666667979 4.163336342344337e-17 0.35416666666666013
      vertex -0.35000000000002618 -0.016666666666666649 0.32499999999998697
    endloop
  endfacet
  facet normal -0.44721359549995909 -1.8870614340565496e-16 0.8944271909999153
    outer loop
      vertex -0.18333333333333329 -0.083333333333333315 0.40833333333333333
      vertex -0.1500000000000262 2.9298172136721596e-17 0.42499999999998694
      vertex -0.22500000000000436 -0.033333333333333312 0.38749999999999774
    endloop
  endfacet
  facet normal -0.44721359549995759 -9.3095030746736661e-16 0.89442719099991597
    outer loop
      vertex -0.18333333333333329 -0.083333333333333315 0.40833333333333333
      vertex -0.11666666666664863 -0.066666666666666652 0.44166666666667564
      vertex -0.1500000000000262 2.9298172136721596e-17 0.42499999999998694
    endloop
  endfacet
  facet normal -0.44721359549995837 3.576211546981033e-16 0.89442719099991552
    outer loop
      vertex -0.11666666666664863 -0.066666666666666652 0.44166666666667564
      vertex -0.055555555555554262 -0.088888888888888865 0.47222222222222288
      vertex -0.083333333333342058 -0.016666666666666656 0.45833333333332893
    endloop
  endfacet
  facet normal -0.44742355116721066 -0.00010094724457555921 0.89432217666262537
    outer loop
      vertex -0.055555555555554262 -0.088888888888888865 0.47222222222222288
      vertex -0.00012415157914584193 -0.049999999999999989 0.49995858165373497
      vertex -0.083333333333342058 -0.016666666666666656 0.45833333333332893
    endloop
  endfacet
  facet normal 0.44721359549995643 -1.3465531233017331e-15 0.89442719099991663
    outer loop
      vertex 0.12499999999999127 -0.024999999999999974 0.43750000000000433
      vertex 0.18333333333333335 -0.083333333333333315 0.40833333333333333
      vertex 0.18333333333331356 -0.016666666666666649 0.40833333333334332
    endloop
  endfacet
  facet normal 0.44721359549995726 0 0.89442719099991619
    outer loop
      vertex 0.18333333333333335 -0.083333333333333315 0.40833333333333333
      vertex 0.24999999999999126 -0.099999999999999964 0.37500000000000444
      vertex 0.24999999999999126 -0.033333333333333312 0.37500000000000444
    endloop
  endfacet
  facet normal 0.44721359549995793 -1.3033304304548039e-15 0.89442719099991586
    outer loop
      vertex 0.18333333333333335 -0.083333333333333315 0.40833333333333333
      vertex 0.24999999999999126 -0.033333333333333312 0.37500000000000444
      vertex 0.18333333333331356 -0.016666666666666649 0.40833333333334332
    endloop
  endfacet
  facet normal 0.44721359549995865 -3.8789596144466332e-17 0.89442719099991552
    outer loop
      vertex 0.24999999999999126 -0.033333333333333312 0.37500000000000444
      vertex 0.31666666666669752 -0.099999999999999964 0.34166666666665124
      vertex 0.29166666666668123 2.6634701942474181e-17 0.35416666666665941
    endloop
  endfacet
  facet normal 0.44721359549995648 -7.2994967290150034e-16 0.89442719099991663
    outer loop
      vertex 0.31666666666669752 -0.099999999999999964 0.34166666666665124
      vertex 0.34999999999998077 -0.049999999999999982 0.32500000000000973
      vertex 0.29166666666668123 2.6634701942474181e-17 0.35416666666665941
    endloop
  endfacet
  facet normal 0.44721359549995782 -8.7682528959237748e-16 0.89442719099991608
    outer loop
      vertex 0.45000000000004015 -0.066666666666666652 0.27499999999997993
      vertex 0.5166666666666585 -0.083333333333333329 0.24166666666667075
      vertex 0.51111111111109453 -0.022222222222222188 0.24444444444445279
    endloop
  endfacet
  facet normal 0.44721359549995832 -7.7052762055567614e-16 0.89442719099991574
    outer loop
      vertex 0.5166666666666585 -0.083333333333333329 0.24166666666667075
      vertex 0.56666666666666776 -0.049999999999999982 0.21666666666666612
      vertex 0.51111111111109453 -0.022222222222222188 0.24444444444445279
    endloop
  endfacet
  facet normal 0.44721359549995771 -2.2095339575986186e-16 0.89442719099991608
    outer loop
      vertex 0.616666666666701 -0.049999999999999982 0.1916666666666495
      vertex 0.65333333333331212 -0.10666666666666663 0.17333333333334394
      vertex 0.68333333333334323 -0.033333333333333319 0.15833333333332841
    endloop
  endfacet
  facet normal 0.4472135954999587 0 0.89442719099991552
    outer loop
      vertex 0.68333333333334323 -0.033333333333333319 0.15833333333332841
      vertex 0.76000000000000889 -0.10666666666666663 0.1199999999999955
      vertex 0.76111111111111751 -0.027777777777777766 0.11944444444444119
    endloop
  endfacet
  facet normal 0.44721359549995809 8.4159570206312182e-16 0.89442719099991586
    outer loop
      vertex 0.81666666666666665 -0.099999999999999978 0.091666666666666674
      vertex 0.85000000000003317 -0.049999999999999982 0.074999999999983358
      vertex 0.76111111111111751 -0.027777777777777766 0.11944444444444119
    endloop
  endfacet
  facet normal -0.44721359549995798 6.8551795368077945e-16 0.89442719099991586
    outer loop
      vertex -0.81666666666667198 -0.016666666666666649 0.09166666666666401
      vertex -0.7666666666667028 -0.083333333333333329 0.11666666666664866
      vertex -0.74444444444444702 -0.011111111111111098 0.12777777777777649
    endloop
  endfacet
  facet normal -0.44721359549995815 1.0705928535883084e-15 0.89442719099991597
    outer loop
      vertex -0.69999999999999996 -0.033333333333333312 0.15000000000000002
      vertex -0.65833333333336619 -0.074999999999999997 0.17083333333331696
      vertex -0.64999999999999991 0.016666666666666712 0.17499999999999999
    endloop
  endfacet
  facet normal -0.44721359549995726 1.0088147173757178e-15 0.89442719099991619
    outer loop
      vertex -0.65833333333336619 -0.074999999999999997 0.17083333333331696
      vertex -0.62222222222225843 -0.055555555555555546 0.18888888888887079
      vertex -0.64999999999999991 0.016666666666666712 0.17499999999999999
    endloop
  endfacet
  facet normal -0.44721359549995915 1.2468084475012351e-16 0.89442719099991541
    outer loop
      vertex -0.62222222222225843 -0.055555555555555546 0.18888888888887079
      vertex -0.58333333333334203 -0.016666666666666649 0.20833333333332904
      vertex -0.64999999999999991 0.016666666666666712 0.17499999999999999
    endloop
  endfacet
  facet normal -0.44721359549995721 3.3663828082531535e-16 0.8944271909999163
    outer loop
      vertex -0.58333333333334203 -0.016666666666666649 0.20833333333332904
      vertex -0.52222222222220072 -0.044444444444444439 0.23888888888889964
      vertex -0.54444444444447027 0.022222222222222279 0.22777777777776487
    endloop
  endfacet
  facet normal -0.44721359549995876 -2.979442255581391e-16 0.89442719099991563
    outer loop
      vertex -0.52222222222220072 -0.044444444444444439 0.23888888888889964
      vertex -0.48333333333335082 2.7755575615628914e-17 0.25833333333332464
      vertex -0.54444444444447027 0.022222222222222279 0.22777777777776487
    endloop
  endfacet
  facet normal -0.44721359549995821 -1.5515838457792784e-15 0.89442719099991574
    outer loop
      vertex -0.48333333333335082 2.7755575615628914e-17 0.25833333333332464
      vertex -0.42777777777778642 -0.061111111111111095 0.28611111111110676
      vertex -0.41666666666667251 0.016666666666666705 0.29166666666666385
    endloop
  endfacet
  facet normal -0.44721359549995804 -1.5884339621172346e-15 0.89442719099991586
    outer loop
      vertex -0.42777777777778642 -0.061111111111111095 0.28611111111110676
      vertex -0.35000000000002618 -0.016666666666666649 0.32499999999998697
      vertex -0.41666666666667251 0.016666666666666705 0.29166666666666385
    endloop
  endfacet
  facet normal -0.44721359549995698 -5.9348082101065515e-16 0.89442719099991641
    outer loop
      vertex -0.28333333333333338 -0.066666666666666652 0.35833333333333328
      vertex -0.22500000000000436 -0.033333333333333312 0.38749999999999774
      vertex -0.29166666666667979 4.163336342344337e-17 0.35416666666666013
    endloop
  endfacet
  facet normal -0.4472135954999587 -1.263432560135207e-15 0.89442719099991552
    outer loop
      vertex -0.22500000000000436 -0.033333333333333312 0.38749999999999774
      vertex -0.1500000000000262 2.9298172136721596e-17 0.42499999999998694
      vertex -0.20000000000000698 0.016666666666666705 0.39999999999999653
    endloop
  endfacet
  facet normal -0.44721359549995721 -6.483403927006677e-16 0.8944271909999163
    outer loop
      vertex -0.11666666666664863 -0.066666666666666652 0.44166666666667564
      vertex -0.083333333333342058 -0.016666666666666656 0.45833333333332893
      vertex -0.1500000000000262 2.9298172136721596e-17 0.42499999999998694
    endloop
  endfacet
  facet normal -0.44739120884900008 0 0.89433836227941732
    outer loop
      vertex -0.083333333333342058 -0.016666666666666656 0.45833333333332893
      vertex -0.00012415157914584193 -0.049999999999999989 0.49995858165373497
      vertex -0.00012415157914584182 0.016666666666666708 0.49995858165373497
    endloop
  endfacet
  facet normal 0.44499610011969992 -7.2369860774603327e-19 0.89553250687970998
    outer loop
      vertex -0.00012415157914584193 -0.049999999999999989 0.49995858165373497
      vertex 0.033333333333318199 -0.049999999999999975 0.48333333333334089
      vertex -0.00012415157914584182 0.016666666666666708 0.49995858165373497
    endloop
  endfacet
  facet normal 0.44721359549995732 -8.0563007376995147e-17 0.89442719099991619
    outer loop
      vertex 0.033333333333318199 -0.049999999999999975 0.48333333333334089
      vertex 0.083333333333330428 -0.049999999999999982 0.45833333333333481
      vertex 0.055555555555576251 0.022222222222222279 0.47222222222221188
    endloop
  endfacet
  facet normal 0.4472135954999587 5.7602550274581294e-16 0.89442719099991541
    outer loop
      vertex 0.083333333333330428 -0.049999999999999982 0.45833333333333481
      vertex 0.12499999999999127 -0.024999999999999974 0.43750000000000433
      vertex 0.055555555555576251 0.022222222222222279 0.47222222222221188
    endloop
  endfacet
  facet normal 0.44721359549995937 3.5014847385349411e-15 0.8944271909999153
    outer loop
      vertex 0.29166666666668123 2.6634701942474181e-17 0.35416666666665941
      vertex 0.34999999999998077 -0.049999999999999982 0.32500000000000973
      vertex 0.37500000000003053 0.0083333333333333506 0.31249999999998457
    endloop
  endfacet
  facet normal 0.44721359549995965 3.3400987382776254e-15 0.89442719099991497
    outer loop
      vertex 0.34999999999998077 -0.049999999999999982 0.32500000000000973
      vertex 0.41111111111112919 -0.044444444444444432 0.29444444444443535
      vertex 0.37500000000003053 0.0083333333333333506 0.31249999999998457
    endloop
  endfacet
  facet normal 0.44721359549995604 2.732136771915781e-16 0.89442719099991685
    outer loop
      vertex 0.41111111111112919 -0.044444444444444432 0.29444444444443535
      vertex 0.45000000000004364 0.016666666666666705 0.27499999999997821
      vertex 0.37500000000003053 0.0083333333333333506 0.31249999999998457
    endloop
  endfacet
  facet normal 0.44721359549995676 -2.9923402740016408e-16 0.89442719099991652
    outer loop
      vertex 0.41111111111112919 -0.044444444444444432 0.29444444444443535
      vertex 0.45000000000004015 -0.066666666666666652 0.27499999999997993
      vertex 0.45000000000004364 0.016666666666666705 0.27499999999997821
    endloop
  endfacet
  facet normal 0.44721359549995748 -2.9790409838964989e-16 0.89442719099991619
    outer loop
      vertex 0.45000000000004015 -0.066666666666666652 0.27499999999997993
      vertex 0.51111111111109453 -0.022222222222222188 0.24444444444445279
      vertex 0.45000000000004364 0.016666666666666705 0.27499999999997821
    endloop
  endfacet
  facet normal 0.44721359549995876 3.1419572877017599e-16 0.89442719099991552
    outer loop
      vertex 0.51111111111109453 -0.022222222222222188 0.24444444444445279
      vertex 0.56666666666666776 -0.049999999999999982 0.21666666666666612
      vertex 0.54444444444447027 0.022222222222222279 0.22777777777776487
    endloop
  endfacet
  facet normal 0.44721359549995793 7.5639712481702544e-16 0.89442719099991586
    outer loop
      vertex 0.56666666666666776 -0.049999999999999982 0.21666666666666612
      vertex 0.616666666666701 -0.049999999999999982 0.1916666666666495
      vertex 0.61666666666665793 0.016666666666666705 0.19166666666667098
    endloop
  endfacet
  facet normal 0.44721359549995743 7.447602459738159e-16 0.89442719099991608
    outer loop
      vertex 0.616666666666701 -0.049999999999999982 0.1916666666666495
      vertex 0.68333333333334323 -0.033333333333333319 0.15833333333332841
      vertex 0.61666666666665793 0.016666666666666705 0.19166666666667098
    endloop
  endfacet
  facet normal 0.44721359549995865 1.8153530995621712e-15 0.89442719099991563
    outer loop
      vertex 0.68333333333334323 -0.033333333333333319 0.15833333333332841
      vertex 0.76111111111111751 -0.027777777777777766 0.11944444444444119
      vertex 0.71111111111112923 0.022222222222222279 0.14444444444443527
    endloop
  endfacet
  facet normal 0.44721359549995776 -8.0375651545883208e-16 0.89442719099991597
    outer loop
      vertex 0.76111111111111751 -0.027777777777777766 0.11944444444444119
      vertex 0.85000000000003317 -0.049999999999999982 0.074999999999983358
      vertex 0.84444444444447031 0.011111111111111134 0.077777777777764845
    endloop
  endfacet
  facet normal 0.44721359549995782 -1.2155017244399111e-15 0.89442719099991586
    outer loop
      vertex 0.76111111111111751 -0.027777777777777766 0.11944444444444119
      vertex 0.84444444444447031 0.011111111111111134 0.077777777777764845
      vertex 0.78333333333335609 0.033333333333333375 0.10833333333332199
    endloop
  endfacet
  facet normal 0.44721359549995737 -9.5210826900148476e-17 0.89442719099991619
    outer loop
      vertex 0.85000000000003317 -0.049999999999999982 0.074999999999983358
      vertex 0.91666666666667185 -0.049999999999999989 0.041666666666664076
      vertex 0.91111111111108267 0.011111111111111134 0.044444444444458664
    endloop
  endfacet
  facet normal 0.44721359549995793 -8.0929202865158123e-16 0.89442719099991586
    outer loop
      vertex 0.85000000000003317 -0.049999999999999982 0.074999999999983358
      vertex 0.91111111111108267 0.011111111111111134 0.044444444444458664
      vertex 0.84444444444447031 0.011111111111111134 0.077777777777764845
    endloop
  endfacet
  facet normal 0.4472135954999571 -5.4941329621068829e-16 0.8944271909999163
    outer loop
      vertex 0.91666666666667185 -0.049999999999999989 0.041666666666664076
      vertex 0.97999999999996812 -0.073333333333333334 0.010000000000015996
      vertex 0.97777777777778918 0.016666666666666708 0.011111111111105521
    endloop
  endfacet
  facet normal 0.44721359549995671 -1.3583649928033124e-16 0.89442719099991641
    outer loop
      vertex 0.91666666666667185 -0.049999999999999989 0.041666666666664076
      vertex 0.97777777777778918 0.016666666666666708 0.011111111111105521
      vertex 0.91111111111108267 0.011111111111111134 0.044444444444458664
    endloop
  endfacet
  facet normal -0.44721359549995759 1.1951889894836398e-15 0.89442719099991608
    outer loop
      vertex -0.9599999999999933 -0.016666666666666649 0.020000000000003459
      vertex -0.91666666666667185 0.050000000000000044 0.041666666666664076
      vertex -0.98000000000002285 0.073333333333333389 0.0099999999999885736
    endloop
  endfacet
  facet normal -0.44721359549995743 1.100443977577312e-15 0.89442719099991608
    outer loop
      vertex -0.9599999999999933 -0.016666666666666649 0.020000000000003459
      vertex -0.88333333333332464 -0.016666666666666649 0.058333333333337734
      vertex -0.91666666666667185 0.050000000000000044 0.041666666666664076
    endloop
  endfacet
  facet normal -0.44721359549995732 1.112776539395485e-15 0.89442719099991619
    outer loop
      vertex -0.88333333333332464 -0.016666666666666649 0.058333333333337734
      vertex -0.85000000000003317 0.050000000000000044 0.074999999999983358
      vertex -0.91666666666667185 0.050000000000000044 0.041666666666664076
    endloop
  endfacet
  facet normal -0.44721359549995732 1.134595687226531e-15 0.89442719099991619
    outer loop
      vertex -0.88333333333332464 -0.016666666666666649 0.058333333333337734
      vertex -0.81666666666667198 -0.016666666666666649 0.09166666666666401
      vertex -0.85000000000003317 0.050000000000000044 0.074999999999983358
    endloop
  endfacet
  facet normal -0.44721359549995821 5.9348082101034936e-16 0.89442719099991586
    outer loop
      vertex -0.81666666666667198 -0.016666666666666649 0.09166666666666401
      vertex -0.78333333333333455 0.083333333333333329 0.10833333333333267
      vertex -0.85000000000003317 0.050000000000000044 0.074999999999983358
    endloop
  endfacet
  facet normal -0.44721359549995787 -7.85489321925876e-16 0.89442719099991574
    outer loop
      vertex -0.81666666666667198 -0.016666666666666649 0.09166666666666401
      vertex -0.74444444444444702 -0.011111111111111098 0.12777777777777649
      vertex -0.74999999999999123 0.050000000000000044 0.12500000000000444
    endloop
  endfacet
  facet normal -0.44721359549995937 1.0909573915634641e-15 0.8944271909999153
    outer loop
      vertex -0.81666666666667198 -0.016666666666666649 0.09166666666666401
      vertex -0.74999999999999123 0.050000000000000044 0.12500000000000444
      vertex -0.78333333333333455 0.083333333333333329 0.10833333333333267
    endloop
  endfacet
  facet normal -0.44721359549995815 -4.6082040219640983e-16 0.89442719099991574
    outer loop
      vertex -0.74444444444444702 -0.011111111111111098 0.12777777777777649
      vertex -0.69999999999999996 -0.033333333333333312 0.15000000000000002
      vertex -0.70833333333329407 0.075000000000000067 0.14583333333335302
    endloop
  endfacet
  facet normal -0.44721359549995759 -7.6743209613404331e-16 0.89442719099991608
    outer loop
      vertex -0.74444444444444702 -0.011111111111111098 0.12777777777777649
      vertex -0.70833333333329407 0.075000000000000067 0.14583333333335302
      vertex -0.74999999999999123 0.050000000000000044 0.12500000000000444
    endloop
  endfacet
  facet normal -0.44721359549995687 -3.5741842161719383e-16 0.89442719099991641
    outer loop
      vertex -0.69999999999999996 -0.033333333333333312 0.15000000000000002
      vertex -0.64999999999999991 0.016666666666666712 0.17499999999999999
      vertex -0.70833333333329407 0.075000000000000067 0.14583333333335302
    endloop
  endfacet
  facet normal -0.44721359549995943 -6.2839145754068853e-16 0.89442719099991519
    outer loop
      vertex -0.64999999999999991 0.016666666666666712 0.17499999999999999
      vertex -0.58333333333334203 -0.016666666666666649 0.20833333333332904
      vertex -0.58333333333331294 0.066666666666666707 0.20833333333334364
    endloop
  endfacet
  facet normal -0.44721359549995637 -5.9580819678001813e-16 0.89442719099991663
    outer loop
      vertex -0.58333333333334203 -0.016666666666666649 0.20833333333332904
      vertex -0.54444444444447027 0.022222222222222279 0.22777777777776487
      vertex -0.58333333333331294 0.066666666666666707 0.20833333333334364
    endloop
  endfacet
  facet normal -0.44721359549995865 4.593504806583116e-16 0.89442719099991552
    outer loop
      vertex -0.48333333333335082 2.7755575615628914e-17 0.25833333333332464
      vertex -0.41666666666667251 0.016666666666666705 0.29166666666666385
      vertex -0.46666666666669926 0.083333333333333356 0.2666666666666504
    endloop
  endfacet
  facet normal -0.44721359549995693 6.9821273060089277e-16 0.8944271909999163
    outer loop
      vertex -0.41666666666667251 0.016666666666666705 0.29166666666666385
      vertex -0.35000000000002618 -0.016666666666666649 0.32499999999998697
      vertex -0.35000000000000409 0.050000000000000044 0.32499999999999796
    endloop
  endfacet
  facet normal -0.44721359549995776 7.4476024597411114e-16 0.89442719099991597
    outer loop
      vertex -0.35000000000002618 -0.016666666666666649 0.32499999999998697
      vertex -0.29166666666667979 4.163336342344337e-17 0.35416666666666013
      vertex -0.35000000000000409 0.050000000000000044 0.32499999999999796
    endloop
  endfacet
  facet normal -0.4472135954999571 -6.9821273060064349e-16 0.8944271909999163
    outer loop
      vertex -0.29166666666667979 4.163336342344337e-17 0.35416666666666013
      vertex -0.22500000000000436 -0.033333333333333312 0.38749999999999774
      vertex -0.24999999999999536 0.050000000000000044 0.37500000000000233
    endloop
  endfacet
  facet normal -0.44721359549995859 -1.3091488698767529e-15 0.89442719099991552
    outer loop
      vertex -0.22500000000000436 -0.033333333333333312 0.38749999999999774
      vertex -0.20000000000000698 0.016666666666666705 0.39999999999999653
      vertex -0.24999999999999536 0.050000000000000044 0.37500000000000233
    endloop
  endfacet
  facet normal -0.44721359549995809 8.0294464019115849e-16 0.89442719099991574
    outer loop
      vertex -0.20000000000000698 0.016666666666666705 0.39999999999999653
      vertex -0.1500000000000262 2.9298172136721596e-17 0.42499999999998694
      vertex -0.18333333333333329 0.066666666666666707 0.40833333333333333
    endloop
  endfacet
  facet normal -0.4472135954999571 -6.8197522523785937e-16 0.89442719099991619
    outer loop
      vertex -0.1500000000000262 2.9298172136721596e-17 0.42499999999998694
      vertex -0.083333333333342058 -0.016666666666666656 0.45833333333332893
      vertex -0.088888888888917342 0.044444444444444509 0.45555555555554134
    endloop
  endfacet
  facet normal -0.44738496864218125 -1.947516325581272e-05 0.89434148369275179
    outer loop
      vertex -0.083333333333342058 -0.016666666666666656 0.45833333333332893
      vertex -0.00012415157914584182 0.016666666666666708 0.49995858165373497
      vertex -0.088888888888917342 0.044444444444444509 0.45555555555554134
    endloop
  endfacet
  facet normal 0.44583982273527212 0.00052814743891497421 0.89511260382348767
    outer loop
      vertex -0.00012415157914584182 0.016666666666666708 0.49995858165373497
      vertex 0.033333333333318199 -0.049999999999999975 0.48333333333334089
      vertex 0.055555555555576251 0.022222222222222279 0.47222222222221188
    endloop
  endfacet
  facet normal 0.44721359549995859 4.0281503688510705e-16 0.89442719099991552
    outer loop
      vertex 0.055555555555576251 0.022222222222222279 0.47222222222221188
      vertex 0.12499999999999127 -0.024999999999999974 0.43750000000000433
      vertex 0.11666666666669634 0.050000000000000044 0.44166666666665177
    endloop
  endfacet
  facet normal 0.44721359549995626 1.0473190959014674e-15 0.89442719099991663
    outer loop
      vertex 0.12499999999999127 -0.024999999999999974 0.43750000000000433
      vertex 0.18333333333331356 -0.016666666666666649 0.40833333333334332
      vertex 0.18666666666668455 0.060000000000000053 0.40666666666665774
    endloop
  endfacet
  facet normal 0.44721359549995726 1.4546098554186702e-16 0.89442719099991619
    outer loop
      vertex 0.12499999999999127 -0.024999999999999974 0.43750000000000433
      vertex 0.18666666666668455 0.060000000000000053 0.40666666666665774
      vertex 0.11666666666669634 0.050000000000000044 0.44166666666665177
    endloop
  endfacet
  facet normal 0.44721359549995832 6.9821273060056993e-16 0.89442719099991563
    outer loop
      vertex 0.18333333333331356 -0.016666666666666649 0.40833333333334332
      vertex 0.24999999999999126 -0.033333333333333312 0.37500000000000444
      vertex 0.25000000000004363 0.050000000000000044 0.37499999999997818
    endloop
  endfacet
  facet normal 0.44721359549995821 9.545877176178156e-16 0.89442719099991574
    outer loop
      vertex 0.18333333333331356 -0.016666666666666649 0.40833333333334332
      vertex 0.25000000000004363 0.050000000000000044 0.37499999999997818
      vertex 0.18666666666668455 0.060000000000000053 0.40666666666665774
    endloop
  endfacet
  facet normal 0.44721359549995821 7.4476024597397013e-16 0.89442719099991574
    outer loop
      vertex 0.24999999999999126 -0.033333333333333312 0.37500000000000444
      vertex 0.29166666666668123 2.6634701942474181e-17 0.35416666666665941
      vertex 0.25000000000004363 0.050000000000000044 0.37499999999997818
    endloop
  endfacet
  facet normal 0.44721359549995982 -2.1078120169075515e-15 0.89442719099991486
    outer loop
      vertex 0.29166666666668123 2.6634701942474181e-17 0.35416666666665941
      vertex 0.37500000000003053 0.0083333333333333506 0.31249999999998457
      vertex 0.35000000000000409 0.050000000000000044 0.32499999999999796
    endloop
  endfacet
  facet normal 0.44721359549995809 8.9133540076772894e-16 0.89442719099991586
    outer loop
      vertex 0.45000000000004364 0.016666666666666705 0.27499999999997821
      vertex 0.51111111111109453 -0.022222222222222188 0.24444444444445279
      vertex 0.48333333333335954 0.06666666666666668 0.2583333333333202
    endloop
  endfacet
  facet normal 0.44721359549995821 9.125537710605601e-16 0.89442719099991586
    outer loop
      vertex 0.51111111111109453 -0.022222222222222188 0.24444444444445279
      vertex 0.54444444444447027 0.022222222222222279 0.22777777777776487
      vertex 0.48333333333335954 0.06666666666666668 0.2583333333333202
    endloop
  endfacet
  facet normal 0.44721359549995854 2.0946381918033551e-16 0.89442719099991552
    outer loop
      vertex 0.56666666666666776 -0.049999999999999982 0.21666666666666612
      vertex 0.61666666666665793 0.016666666666666705 0.19166666666667098
      vertex 0.54444444444447027 0.022222222222222279 0.22777777777776487
    endloop
  endfacet
  facet normal 0.44721359549995687 -4.1892763836023577e-16 0.89442719099991641
    outer loop
      vertex 0.61666666666665793 0.016666666666666705 0.19166666666667098
      vertex 0.68333333333334323 -0.033333333333333319 0.15833333333332841
      vertex 0.66666666666671326 0.083333333333333356 0.16666666666664343
    endloop
  endfacet
  facet normal 0.44721359549996098 3.3165104703546312e-16 0.89442719099991441
    outer loop
      vertex 0.68333333333334323 -0.033333333333333319 0.15833333333332841
      vertex 0.71111111111112923 0.022222222222222279 0.14444444444443527
      vertex 0.66666666666671326 0.083333333333333356 0.16666666666664343
    endloop
  endfacet
  facet normal 0.44721359549995676 -6.2839145754070086e-16 0.89442719099991652
    outer loop
      vertex 0.76111111111111751 -0.027777777777777766 0.11944444444444119
      vertex 0.78333333333335609 0.033333333333333375 0.10833333333332199
      vertex 0.71111111111112923 0.022222222222222279 0.14444444444443527
    endloop
  endfacet
  facet normal 0.44721359549995793 4.4511061575836959e-16 0.89442719099991586
    outer loop
      vertex 0.84444444444447031 0.011111111111111134 0.077777777777764845
      vertex 0.91111111111108267 0.011111111111111134 0.044444444444458664
      vertex 0.85000000000000875 0.066666666666666707 0.074999999999995598
    endloop
  endfacet
  facet normal 0.44721359549995671 1.5181726390155864e-16 0.89442719099991641
    outer loop
      vertex 0.91111111111108267 0.011111111111111134 0.044444444444458664
      vertex 0.97777777777778918 0.016666666666666708 0.011111111111105521
      vertex 0.91666666666666663 0.066666666666666707 0.041666666666666685
    endloop
  endfacet
  facet normal -0.44721359549995654 0 0.89442719099991652
    outer loop
      vertex -0.70833333333329407 0.075000000000000067 0.14583333333335302
      vertex -0.64999999999999991 0.016666666666666712 0.17499999999999999
      vertex -0.64999999999998492 0.08333333333333337 0.17500000000000748
    endloop
  endfacet
  facet normal -0.4472135954999597 4.9610998374355125e-28 0.89442719099991497
    outer loop
      vertex -0.64999999999999991 0.016666666666666712 0.17499999999999999
      vertex -0.58333333333331294 0.066666666666666707 0.20833333333334364
      vertex -0.64999999999998492 0.08333333333333337 0.17500000000000748
    endloop
  endfacet
  facet normal -0.44721359549995632 -4.8337804426231382e-16 0.89442719099991652
    outer loop
      vertex -0.54444444444447027 0.022222222222222279 0.22777777777776487
      vertex -0.51666666666666661 0.08333333333333337 0.24166666666666667
      vertex -0.58333333333331294 0.066666666666666707 0.20833333333334364
    endloop
  endfacet
  facet normal -0.44721359549995832 6.6850155057506307e-16 0.89442719099991563
    outer loop
      vertex -0.54444444444447027 0.022222222222222279 0.22777777777776487
      vertex -0.48333333333335082 2.7755575615628914e-17 0.25833333333332464
      vertex -0.51666666666666661 0.08333333333333337 0.24166666666666667
    endloop
  endfacet
  facet normal -0.44721359549995865 5.0038579026422995e-16 0.89442719099991541
    outer loop
      vertex -0.48333333333335082 2.7755575615628914e-17 0.25833333333332464
      vertex -0.46666666666669926 0.083333333333333356 0.2666666666666504
      vertex -0.51666666666666661 0.08333333333333337 0.24166666666666667
    endloop
  endfacet
  facet normal -0.44721359549995837 6.9821273060062505e-16 0.89442719099991563
    outer loop
      vertex -0.46666666666669926 0.083333333333333356 0.2666666666666504
      vertex -0.41666666666667251 0.016666666666666705 0.29166666666666385
      vertex -0.41666666666668706 0.08333333333333337 0.29166666666665653
    endloop
  endfacet
  facet normal -0.44721359549995704 7.4476024597441613e-16 0.8944271909999163
    outer loop
      vertex -0.41666666666667251 0.016666666666666705 0.29166666666666385
      vertex -0.35000000000000409 0.050000000000000044 0.32499999999999796
      vertex -0.41666666666668706 0.08333333333333337 0.29166666666665653
    endloop
  endfacet
  facet normal -0.44721359549995843 -2.7321367719164007e-16 0.89442719099991563
    outer loop
      vertex -0.35000000000000409 0.050000000000000044 0.32499999999999796
      vertex -0.29166666666667979 4.163336342344337e-17 0.35416666666666013
      vertex -0.30000000000000349 0.1166666666666667 0.34999999999999831
    endloop
  endfacet
  facet normal -0.44721359549995754 -1.7914668745672917e-16 0.89442719099991608
    outer loop
      vertex -0.29166666666667979 4.163336342344337e-17 0.35416666666666013
      vertex -0.24999999999999536 0.050000000000000044 0.37500000000000233
      vertex -0.30000000000000349 0.1166666666666667 0.34999999999999831
    endloop
  endfacet
  facet normal -0.44721359549995759 6.3473884600079524e-16 0.89442719099991608
    outer loop
      vertex -0.24999999999999536 0.050000000000000044 0.37500000000000233
      vertex -0.20000000000000698 0.016666666666666705 0.39999999999999653
      vertex -0.18333333333333329 0.066666666666666707 0.40833333333333333
    endloop
  endfacet
  facet normal -0.4472135954999587 4.538382748905854e-16 0.89442719099991552
    outer loop
      vertex -0.18333333333333329 0.066666666666666707 0.40833333333333333
      vertex -0.1500000000000262 2.9298172136721596e-17 0.42499999999998694
      vertex -0.11666666666666609 0.10000000000000003 0.44166666666666698
    endloop
  endfacet
  facet normal -0.44721359549995743 -4.1892763836060561e-17 0.89442719099991608
    outer loop
      vertex -0.1500000000000262 2.9298172136721596e-17 0.42499999999998694
      vertex -0.088888888888917342 0.044444444444444509 0.45555555555554134
      vertex -0.11666666666666609 0.10000000000000003 0.44166666666666698
    endloop
  endfacet
  facet normal -0.4473404079003635 0.00015852814438530816 0.89436375951195823
    outer loop
      vertex -0.088888888888917342 0.044444444444444509 0.45555555555554134
      vertex -0.00012415157914584182 0.016666666666666708 0.49995858165373497
      vertex -0.049999999999999989 0.08333333333333337 0.47499999999999998
    endloop
  endfacet
  facet normal -0.44727273599098083 0.00022182176841206019 0.8943975908030195
    outer loop
      vertex -0.00012415157914584182 0.016666666666666708 0.49995858165373497
      vertex 0 0.10000000000000001 0.5
      vertex -0.049999999999999989 0.08333333333333337 0.47499999999999998
    endloop
  endfacet
  facet normal 0.44589408276947284 -0.00014988879690086202 0.89508571907081569
    outer loop
      vertex -0.00012415157914584182 0.016666666666666708 0.49995858165373497
      vertex 0.055555555555576251 0.022222222222222279 0.47222222222221188
      vertex 0.050000000000078572 0.08333333333333337 0.47499999999996068
    endloop
  endfacet
  facet normal 0.44691717598022163 -0.0011104473091903602 0.89457465016656779
    outer loop
      vertex -0.00012415157914584182 0.016666666666666708 0.49995858165373497
      vertex 0.050000000000078572 0.08333333333333337 0.47499999999996068
      vertex 0 0.10000000000000001 0.5
    endloop
  endfacet
  facet normal 0.44721359549995843 7.667871952135826e-16 0.89442719099991563
    outer loop
      vertex 0.055555555555576251 0.022222222222222279 0.47222222222221188
      vertex 0.11666666666669634 0.050000000000000044 0.44166666666665177
      vertex 0.050000000000078572 0.08333333333333337 0.47499999999996068
    endloop
  endfacet
  facet normal 0.44721359549995737 -1.4699215381080373e-16 0.89442719099991619
    outer loop
      vertex 0.25000000000004363 0.050000000000000044 0.37499999999997818
      vertex 0.29166666666668123 2.6634701942474181e-17 0.35416666666665941
      vertex 0.30000000000000349 0.1166666666666667 0.34999999999999831
    endloop
  endfacet
  facet normal 0.44721359549995854 -2.5803513956988615e-16 0.89442719099991563
    outer loop
      vertex 0.29166666666668123 2.6634701942474181e-17 0.35416666666665941
      vertex 0.35000000000000409 0.050000000000000044 0.32499999999999796
      vertex 0.30000000000000349 0.1166666666666667 0.34999999999999831
    endloop
  endfacet
  facet normal 0.44721359549995859 -3.0882486161173606e-15 0.89442719099991563
    outer loop
      vertex 0.35000000000000409 0.050000000000000044 0.32499999999999796
      vertex 0.37500000000003053 0.0083333333333333506 0.31249999999998457
      vertex 0.41666666666669283 0.08333333333333337 0.29166666666665364
    endloop
  endfacet
  facet normal 0.44721359549995621 -1.4699215381066549e-15 0.89442719099991663
    outer loop
      vertex 0.37500000000003053 0.0083333333333333506 0.31249999999998457
      vertex 0.45000000000004364 0.016666666666666705 0.27499999999997821
      vertex 0.41666666666669283 0.08333333333333337 0.29166666666665364
    endloop
  endfacet
  facet normal 0.44721359549995887 1.9948935160024205e-16 0.89442719099991541
    outer loop
      vertex 0.45000000000004364 0.016666666666666705 0.27499999999997821
      vertex 0.48333333333335954 0.06666666666666668 0.2583333333333202
      vertex 0.41666666666669283 0.08333333333333337 0.29166666666665364
    endloop
  endfacet
  facet normal 0.44721359549995815 7.794002574148437e-16 0.89442719099991586
    outer loop
      vertex 0.48333333333335954 0.06666666666666668 0.2583333333333202
      vertex 0.54444444444447027 0.022222222222222279 0.22777777777776487
      vertex 0.55000000000002613 0.08333333333333337 0.22499999999998688
    endloop
  endfacet
  facet normal 0.44721359549995848 -7.2506706639348059e-16 0.89442719099991563
    outer loop
      vertex 0.54444444444447027 0.022222222222222279 0.22777777777776487
      vertex 0.61666666666665793 0.016666666666666705 0.19166666666667098
      vertex 0.61666666666665804 0.08333333333333337 0.19166666666667098
    endloop
  endfacet
  facet normal 0.44721359549995737 8.8070014882646337e-16 0.89442719099991608
    outer loop
      vertex 0.54444444444447027 0.022222222222222279 0.22777777777776487
      vertex 0.61666666666665804 0.08333333333333337 0.19166666666667098
      vertex 0.55000000000002613 0.08333333333333337 0.22499999999998688
    endloop
  endfacet
  facet normal 0.44721359549995715 -7.4476024597418065e-16 0.8944271909999163
    outer loop
      vertex 0.61666666666665793 0.016666666666666705 0.19166666666667098
      vertex 0.66666666666671326 0.083333333333333356 0.16666666666664343
      vertex 0.61666666666665804 0.08333333333333337 0.19166666666667098
    endloop
  endfacet
  facet normal 0.44721359549995876 -1.7137948842035494e-15 0.89442719099991541
    outer loop
      vertex 0.66666666666671326 0.083333333333333356 0.16666666666664343
      vertex 0.71111111111112923 0.022222222222222279 0.14444444444443527
      vertex 0.71666666666666667 0.08333333333333337 0.14166666666666666
    endloop
  endfacet
  facet normal 0.44721359549995676 -1.4929867962845154e-15 0.89442719099991641
    outer loop
      vertex 0.71111111111112923 0.022222222222222279 0.14444444444443527
      vertex 0.78333333333335609 0.033333333333333375 0.10833333333332199
      vertex 0.71666666666666667 0.08333333333333337 0.14166666666666666
    endloop
  endfacet
  facet normal 0.44721359549995843 4.4097646143210717e-16 0.89442719099991574
    outer loop
      vertex 0.78333333333335609 0.033333333333333375 0.10833333333332199
      vertex 0.84444444444447031 0.011111111111111134 0.077777777777764845
      vertex 0.85000000000000875 0.066666666666666707 0.074999999999995598
    endloop
  endfacet
  facet normal 0.4472135954999587 -5.5122057679013139e-16 0.89442719099991541
    outer loop
      vertex 0.78333333333335609 0.033333333333333375 0.10833333333332199
      vertex 0.85000000000000875 0.066666666666666707 0.074999999999995598
      vertex 0.78888888888889408 0.088888888888888948 0.10555555555555302
    endloop
  endfacet
  facet normal 0.44721359549995765 0 0.89442719099991608
    outer loop
      vertex 0.85000000000000875 0.066666666666666707 0.074999999999995598
      vertex 0.91111111111108267 0.011111111111111134 0.044444444444458664
      vertex 0.91666666666666663 0.066666666666666707 0.041666666666666685
    endloop
  endfacet
  facet normal 0.44721359549995715 7.1408120175069006e-16 0.89442719099991641
    outer loop
      vertex 0.91666666666666663 0.066666666666666707 0.041666666666666685
      vertex 0.97777777777778918 0.016666666666666708 0.011111111111105521
      vertex 0.97777777777778807 0.08333333333333337 0.01111111111110602
    endloop
  endfacet
  facet normal -0.44721359549995793 0 0.89442719099991586
    outer loop
      vertex -0.98000000000002285 0.073333333333333389 0.0099999999999885736
      vertex -0.91666666666667185 0.050000000000000044 0.041666666666664076
      vertex -0.92222222222221184 0.11111111111111116 0.03888888888889408
    endloop
  endfacet
  facet normal -0.44721359549995732 -8.7276591325136134e-16 0.89442719099991619
    outer loop
      vertex -0.91666666666667185 0.050000000000000044 0.041666666666664076
      vertex -0.85000000000003317 0.050000000000000044 0.074999999999983358
      vertex -0.88333333333333863 0.13333333333333336 0.058333333333330739
    endloop
  endfacet
  facet normal -0.44721359549995893 -1.1152008891546295e-16 0.8944271909999153
    outer loop
      vertex -0.91666666666667185 0.050000000000000044 0.041666666666664076
      vertex -0.88333333333333863 0.13333333333333336 0.058333333333330739
      vertex -0.92222222222221184 0.11111111111111116 0.03888888888889408
    endloop
  endfacet
  facet normal -0.44721359549995748 -9.8913470168403236e-16 0.89442719099991608
    outer loop
      vertex -0.85000000000003317 0.050000000000000044 0.074999999999983358
      vertex -0.81666666666665155 0.11666666666666667 0.091666666666674224
      vertex -0.88333333333333863 0.13333333333333336 0.058333333333330739
    endloop
  endfacet
  facet normal -0.44721359549995754 -9.8913470168430629e-16 0.89442719099991608
    outer loop
      vertex -0.85000000000003317 0.050000000000000044 0.074999999999983358
      vertex -0.78333333333333455 0.083333333333333329 0.10833333333333267
      vertex -0.81666666666665155 0.11666666666666667 0.091666666666674224
    endloop
  endfacet
  facet normal -0.44721359549995876 1.8764467134885687e-15 0.89442719099991541
    outer loop
      vertex -0.74999999999999123 0.050000000000000044 0.12500000000000444
      vertex -0.70833333333329407 0.075000000000000067 0.14583333333335302
      vertex -0.78333333333333455 0.083333333333333329 0.10833333333333267
    endloop
  endfacet
  facet normal -0.44721359549995932 2.4389622781259391e-15 0.89442719099991519
    outer loop
      vertex -0.64999999999998492 0.08333333333333337 0.17500000000000748
      vertex -0.58333333333331294 0.066666666666666707 0.20833333333334364
      vertex -0.60666666666665492 0.13333333333333336 0.19666666666667243
    endloop
  endfacet
  facet normal -0.44721359549995737 0 0.89442719099991619
    outer loop
      vertex -0.41666666666668706 0.08333333333333337 0.29166666666665653
      vertex -0.35000000000000409 0.050000000000000044 0.32499999999999796
      vertex -0.35000000000000409 0.1166666666666667 0.32499999999999796
    endloop
  endfacet
  facet normal -0.44721359549995876 0 0.89442719099991552
    outer loop
      vertex -0.35000000000000409 0.050000000000000044 0.32499999999999796
      vertex -0.30000000000000349 0.1166666666666667 0.34999999999999831
      vertex -0.35000000000000409 0.1166666666666667 0.32499999999999796
    endloop
  endfacet
  facet normal -0.44721359549995776 -4.0729075951696042e-16 0.89442719099991597
    outer loop
      vertex -0.30000000000000349 0.1166666666666667 0.34999999999999831
      vertex -0.24999999999999536 0.050000000000000044 0.37500000000000233
      vertex -0.24999999999998254 0.11666666666666668 0.37500000000000877
    endloop
  endfacet
  facet normal -0.44721359549995737 -3.7238012298722271e-16 0.89442719099991619
    outer loop
      vertex -0.24999999999999536 0.050000000000000044 0.37500000000000233
      vertex -0.18333333333333329 0.066666666666666707 0.40833333333333333
      vertex -0.24999999999998254 0.11666666666666668 0.37500000000000877
    endloop
  endfacet
  facet normal -0.44721359549995859 0 0.89442719099991563
    outer loop
      vertex -0.18333333333333329 0.066666666666666707 0.40833333333333333
      vertex -0.11666666666666609 0.10000000000000003 0.44166666666666698
      vertex -0.18333333333333329 0.13333333333333336 0.40833333333333333
    endloop
  endfacet
  facet normal -0.44721359549995732 2.9923402740029948e-17 0.89442719099991619
    outer loop
      vertex -0.088888888888917342 0.044444444444444509 0.45555555555554134
      vertex -0.049999999999999989 0.08333333333333337 0.47499999999999998
      vertex -0.11666666666666609 0.10000000000000003 0.44166666666666698
    endloop
  endfacet
  facet normal 0.44721359549995826 4.2966937267782503e-16 0.89442719099991574
    outer loop
      vertex 0.050000000000078572 0.08333333333333337 0.47499999999996068
      vertex 0.11666666666669634 0.050000000000000044 0.44166666666665177
      vertex 0.075000000000035788 0.12499999999999999 0.46249999999998204
    endloop
  endfacet
  facet normal 0.44721359549995765 -1.8374019226329949e-17 0.89442719099991619
    outer loop
      vertex 0.11666666666669634 0.050000000000000044 0.44166666666665177
      vertex 0.15000000000006111 0.11666666666666667 0.4249999999999694
      vertex 0.075000000000035788 0.12499999999999999 0.46249999999998204
    endloop
  endfacet
  facet normal 0.44721359549995715 3.1330058424402663e-16 0.8944271909999163
    outer loop
      vertex 0.11666666666669634 0.050000000000000044 0.44166666666665177
      vertex 0.18666666666668455 0.060000000000000053 0.40666666666665774
      vertex 0.15000000000006111 0.11666666666666667 0.4249999999999694
    endloop
  endfacet
  facet normal 0.44721359549995821 2.0140751844245496e-16 0.89442719099991574
    outer loop
      vertex 0.18666666666668455 0.060000000000000053 0.40666666666665774
      vertex 0.25000000000004363 0.050000000000000044 0.37499999999997818
      vertex 0.23888888888892898 0.1277777777777778 0.3805555555555355
    endloop
  endfacet
  facet normal 0.4472135954999571 1.0473190959018471e-17 0.8944271909999163
    outer loop
      vertex 0.25000000000004363 0.050000000000000044 0.37499999999997818
      vertex 0.30000000000000349 0.1166666666666667 0.34999999999999831
      vertex 0.23888888888892898 0.1277777777777778 0.3805555555555355
    endloop
  endfacet
  facet normal 0.44721359549995832 -4.0729075951723046e-16 0.89442719099991574
    outer loop
      vertex 0.30000000000000349 0.1166666666666667 0.34999999999999831
      vertex 0.35000000000000409 0.050000000000000044 0.32499999999999796
      vertex 0.34999999999999126 0.11666666666666667 0.3250000000000044
    endloop
  endfacet
  facet normal 0.44721359549995743 -3.7238012298718874e-16 0.89442719099991608
    outer loop
      vertex 0.35000000000000409 0.050000000000000044 0.32499999999999796
      vertex 0.41666666666669283 0.08333333333333337 0.29166666666665364
      vertex 0.34999999999999126 0.11666666666666667 0.3250000000000044
    endloop
  endfacet
  facet normal 0.44721359549995832 -0 0.89442719099991574
    outer loop
      vertex 0.48333333333335954 0.06666666666666668 0.2583333333333202
      vertex 0.55000000000002613 0.08333333333333337 0.22499999999998688
      vertex 0.48333333333335954 0.13333333333333333 0.2583333333333202
    endloop
  endfacet
  facet normal 0.44721359549995748 -3.8970012870738305e-16 0.89442719099991608
    outer loop
      vertex 0.71666666666666667 0.08333333333333337 0.14166666666666666
      vertex 0.78333333333335609 0.033333333333333375 0.10833333333332199
      vertex 0.78888888888889408 0.088888888888888948 0.10555555555555302
    endloop
  endfacet
  facet normal 0.44721359549995765 4.1820033343282354e-16 0.89442719099991608
    outer loop
      vertex 0.85000000000000875 0.066666666666666707 0.074999999999995598
      vertex 0.91666666666666663 0.066666666666666707 0.041666666666666685
      vertex 0.87333333333332719 0.14666666666666667 0.06333333333333635
    endloop
  endfacet
  facet normal 0.4472135954999571 6.0256715106625553e-16 0.89442719099991619
    outer loop
      vertex 0.91666666666666663 0.066666666666666707 0.041666666666666685
      vertex 0.97777777777778807 0.08333333333333337 0.01111111111110602
      vertex 0.95238095238093434 0.12380952380952381 0.023809523809532829
    endloop
  endfacet
  facet normal -0.44721359549995787 0 0.89442719099991574
    outer loop
      vertex -0.98000000000002285 0.073333333333333389 0.0099999999999885736
      vertex -0.92222222222221184 0.11111111111111116 0.03888888888889408
      vertex -0.97777777777778807 0.16111111111111112 0.011111111111105965
    endloop
  endfacet
  facet normal -0.44721359549995909 -6.4190525232619016e-16 0.89442719099991541
    outer loop
      vertex -0.78333333333333455 0.083333333333333329 0.10833333333333267
      vertex -0.70833333333329407 0.075000000000000067 0.14583333333335302
      vertex -0.7444444444444237 0.15555555555555559 0.1277777777777882
    endloop
  endfacet
  facet normal -0.44721359549995721 3.7990986812110748e-16 0.89442719099991619
    outer loop
      vertex -0.70833333333329407 0.075000000000000067 0.14583333333335302
      vertex -0.68333333333332458 0.14999999999999999 0.15833333333333771
      vertex -0.7444444444444237 0.15555555555555559 0.1277777777777882
    endloop
  endfacet
  facet normal -0.4472135954999566 9.3095030746807735e-17 0.89442719099991652
    outer loop
      vertex -0.70833333333329407 0.075000000000000067 0.14583333333335302
      vertex -0.64999999999998492 0.08333333333333337 0.17500000000000748
      vertex -0.68333333333332458 0.14999999999999999 0.15833333333333771
    endloop
  endfacet
  facet normal -0.44721359549995693 -1.0643486746963138e-16 0.89442719099991641
    outer loop
      vertex -0.64999999999998492 0.08333333333333337 0.17500000000000748
      vertex -0.60666666666665492 0.13333333333333336 0.19666666666667243
      vertex -0.68333333333332458 0.14999999999999999 0.15833333333333771
    endloop
  endfacet
  facet normal -0.44721359549995626 -7.8548932192613179e-16 0.89442719099991663
    outer loop
      vertex -0.58333333333331294 0.066666666666666707 0.20833333333334364
      vertex -0.51666666666666661 0.08333333333333337 0.24166666666666667
      vertex -0.51666666666666783 0.15000000000000002 0.24166666666666611
    endloop
  endfacet
  facet normal -0.44721359549995937 2.3374947937507504e-15 0.89442719099991508
    outer loop
      vertex -0.58333333333331294 0.066666666666666707 0.20833333333334364
      vertex -0.51666666666666783 0.15000000000000002 0.24166666666666611
      vertex -0.60666666666665492 0.13333333333333336 0.19666666666667243
    endloop
  endfacet
  facet normal -0.44721359549995876 -7.4476024597420077e-16 0.89442719099991552
    outer loop
      vertex -0.51666666666666661 0.08333333333333337 0.24166666666666667
      vertex -0.46666666666669926 0.083333333333333356 0.2666666666666504
      vertex -0.51666666666666783 0.15000000000000002 0.24166666666666611
    endloop
  endfacet
  facet normal -0.44721359549995837 1.1636878843343753e-15 0.89442719099991563
    outer loop
      vertex -0.46666666666669926 0.083333333333333356 0.2666666666666504
      vertex -0.41666666666668706 0.08333333333333337 0.29166666666665653
      vertex -0.41666666666666669 0.15000000000000002 0.29166666666666663
    endloop
  endfacet
  facet normal -0.44721359549995776 1.1171403689612064e-15 0.89442719099991597
    outer loop
      vertex -0.41666666666668706 0.08333333333333337 0.29166666666665653
      vertex -0.35000000000000409 0.1166666666666667 0.32499999999999796
      vertex -0.41666666666666669 0.15000000000000002 0.29166666666666663
    endloop
  endfacet
  facet normal -0.44721359549995726 0 0.8944271909999163
    outer loop
      vertex -0.24999999999998254 0.11666666666666668 0.37500000000000877
      vertex -0.18333333333333329 0.066666666666666707 0.40833333333333333
      vertex -0.18333333333333329 0.13333333333333336 0.40833333333333333
    endloop
  endfacet
  facet normal -0.44721359549995876 -4.654751537338611e-16 0.89442719099991552
    outer loop
      vertex -0.18333333333333329 0.13333333333333336 0.40833333333333333
      vertex -0.11666666666666609 0.10000000000000003 0.44166666666666698
      vertex -0.14999999999999997 0.16666666666666669 0.42500000000000004
    endloop
  endfacet
  facet normal -0.44721359549995732 7.5482457362248859e-17 0.89442719099991619
    outer loop
      vertex -0.11666666666666609 0.10000000000000003 0.44166666666666698
      vertex -0.049999999999999989 0.08333333333333337 0.47499999999999998
      vertex -0.041666666666666657 0.15833333333333333 0.47916666666666663
    endloop
  endfacet
  facet normal -0.44721359549995837 2.3497543818296013e-16 0.89442719099991552
    outer loop
      vertex -0.049999999999999989 0.08333333333333337 0.47499999999999998
      vertex 0 0.10000000000000001 0.5
      vertex -0.041666666666666657 0.15833333333333333 0.47916666666666663
    endloop
  endfacet
  facet normal 0.44721359549995859 1.5515838457779579e-16 0.89442719099991563
    outer loop
      vertex 0 0.10000000000000001 0.5
      vertex 0.050000000000078572 0.08333333333333337 0.47499999999996068
      vertex 0.075000000000035788 0.12499999999999999 0.46249999999998204
    endloop
  endfacet
  facet normal 0.44721359549995765 6.4121577300092802e-16 0.89442719099991608
    outer loop
      vertex 0.15000000000006111 0.11666666666666667 0.4249999999999694
      vertex 0.18666666666668455 0.060000000000000053 0.40666666666665774
      vertex 0.23888888888892898 0.1277777777777778 0.3805555555555355
    endloop
  endfacet
  facet normal 0.44721359549995793 7.8548932192553492e-16 0.89442719099991586
    outer loop
      vertex 0.34999999999999126 0.11666666666666667 0.3250000000000044
      vertex 0.41666666666669283 0.08333333333333337 0.29166666666665364
      vertex 0.41666666666668417 0.15000000000000002 0.29166666666665791
    endloop
  endfacet
  facet normal 0.44721359549995887 0 0.89442719099991541
    outer loop
      vertex 0.41666666666669283 0.08333333333333337 0.29166666666665364
      vertex 0.48333333333335954 0.06666666666666668 0.2583333333333202
      vertex 0.48333333333335954 0.13333333333333333 0.2583333333333202
    endloop
  endfacet
  facet normal 0.44721359549995848 7.447602459742551e-16 0.89442719099991574
    outer loop
      vertex 0.41666666666669283 0.08333333333333337 0.29166666666665364
      vertex 0.48333333333335954 0.13333333333333333 0.2583333333333202
      vertex 0.41666666666668417 0.15000000000000002 0.29166666666665791
    endloop
  endfacet
  facet normal 0.44721359549995759 -1.0473190959015313e-15 0.89442719099991608
    outer loop
      vertex 0.48333333333335954 0.13333333333333333 0.2583333333333202
      vertex 0.55000000000002613 0.08333333333333337 0.22499999999998688
      vertex 0.51666666666666783 0.16666666666666669 0.24166666666666611
    endloop
  endfacet
  facet normal 0.44721359549995798 -8.4676863072858306e-16 0.89442719099991586
    outer loop
      vertex 0.55000000000002613 0.08333333333333337 0.22499999999998688
      vertex 0.57777777777778816 0.14444444444444446 0.21111111111110592
      vertex 0.51666666666666783 0.16666666666666669 0.24166666666666611
    endloop
  endfacet
  facet normal 0.44721359549995732 -4.7605413450079103e-16 0.89442719099991608
    outer loop
      vertex 0.55000000000002613 0.08333333333333337 0.22499999999998688
      vertex 0.61666666666665804 0.08333333333333337 0.19166666666667098
      vertex 0.57777777777778816 0.14444444444444446 0.21111111111110592
    endloop
  endfacet
  facet normal 0.4472135954999587 5.9580819677895741e-16 0.89442719099991552
    outer loop
      vertex 0.61666666666665804 0.08333333333333337 0.19166666666667098
      vertex 0.6166666666666929 0.16666666666666666 0.1916666666666535
      vertex 0.57777777777778816 0.14444444444444446 0.21111111111110592
    endloop
  endfacet
  facet normal 0.44721359549995715 5.9580819677977615e-16 0.8944271909999163
    outer loop
      vertex 0.61666666666665804 0.08333333333333337 0.19166666666667098
      vertex 0.66666666666671326 0.083333333333333356 0.16666666666664343
      vertex 0.6166666666666929 0.16666666666666666 0.1916666666666535
    endloop
  endfacet
  facet normal 0.4472135954999587 3.7596070109308617e-16 0.89442719099991541
    outer loop
      vertex 0.66666666666671326 0.083333333333333356 0.16666666666664343
      vertex 0.71666666666666667 0.08333333333333337 0.14166666666666666
      vertex 0.6888888888888941 0.15555555555555559 0.15555555555555295
    endloop
  endfacet
  facet normal 0.44721359549995726 -3.1874929005695855e-16 0.89442719099991619
    outer loop
      vertex 0.71666666666666667 0.08333333333333337 0.14166666666666666
      vertex 0.74999999999999123 0.14999999999999999 0.12500000000000444
      vertex 0.6888888888888941 0.15555555555555559 0.15555555555555295
    endloop
  endfacet
  facet normal 0.44721359549995748 -4.1892763836044216e-16 0.89442719099991619
    outer loop
      vertex 0.71666666666666667 0.08333333333333337 0.14166666666666666
      vertex 0.78888888888889408 0.088888888888888948 0.10555555555555302
      vertex 0.74999999999999123 0.14999999999999999 0.12500000000000444
    endloop
  endfacet
  facet normal 0.44721359549995859 4.7605413450054214e-16 0.89442719099991574
    outer loop
      vertex 0.78888888888889408 0.088888888888888948 0.10555555555555302
      vertex 0.81666666666665799 0.14999999999999999 0.091666666666671004
      vertex 0.74999999999999123 0.14999999999999999 0.12500000000000444
    endloop
  endfacet
  facet normal 0.44721359549995893 2.2283385019174794e-16 0.89442719099991541
    outer loop
      vertex 0.78888888888889408 0.088888888888888948 0.10555555555555302
      vertex 0.85000000000000875 0.066666666666666707 0.074999999999995598
      vertex 0.81666666666665799 0.14999999999999999 0.091666666666671004
    endloop
  endfacet
  facet normal 0.44721359549995865 5.2576259834395519e-17 0.89442719099991563
    outer loop
      vertex 0.85000000000000875 0.066666666666666707 0.074999999999995598
      vertex 0.87333333333332719 0.14666666666666667 0.06333333333333635
      vertex 0.81666666666665799 0.14999999999999999 0.091666666666671004
    endloop
  endfacet
  facet normal 0.44721359549995748 3.2728721746919015e-16 0.89442719099991619
    outer loop
      vertex 0.91666666666666663 0.066666666666666707 0.041666666666666685
      vertex 0.95238095238093434 0.12380952380952381 0.023809523809532829
      vertex 0.87333333333332719 0.14666666666666667 0.06333333333333635
    endloop
  endfacet
  facet normal -0.44721359549995793 0 0.89442719099991586
    outer loop
      vertex -0.97777777777778807 0.16111111111111112 0.011111111111105965
      vertex -0.92222222222221184 0.11111111111111116 0.03888888888889408
      vertex -0.91666666666667185 0.20000000000000001 0.041666666666664076
    endloop
  endfacet
  facet normal -0.44721359549995904 8.0003542048032963e-17 0.89442719099991541
    outer loop
      vertex -0.92222222222221184 0.11111111111111116 0.03888888888889408
      vertex -0.88333333333333863 0.13333333333333336 0.058333333333330739
      vertex -0.91666666666667185 0.20000000000000001 0.041666666666664076
    endloop
  endfacet
  facet normal -0.44721359549995704 1.5285197615850622e-15 0.89442719099991641
    outer loop
      vertex -0.88333333333333863 0.13333333333333336 0.058333333333330739
      vertex -0.81666666666665155 0.11666666666666667 0.091666666666674224
      vertex -0.85555555555555296 0.17777777777777781 0.072222222222223464
    endloop
  endfacet
  facet normal -0.44721359549995893 0 0.89442719099991541
    outer loop
      vertex -0.81666666666665155 0.11666666666666667 0.091666666666674224
      vertex -0.81666666666665155 0.19999999999999996 0.091666666666674224
      vertex -0.85555555555555296 0.17777777777777781 0.072222222222223464
    endloop
  endfacet
  facet normal -0.44721359549995793 -1.4138807794667814e-15 0.89442719099991597
    outer loop
      vertex -0.81666666666665155 0.11666666666666667 0.091666666666674224
      vertex -0.78333333333333455 0.083333333333333329 0.10833333333333267
      vertex -0.7444444444444237 0.15555555555555559 0.1277777777777882
    endloop
  endfacet
  facet normal -0.44721359549995848 0 0.89442719099991563
    outer loop
      vertex -0.81666666666665155 0.11666666666666667 0.091666666666674224
      vertex -0.7444444444444237 0.15555555555555559 0.1277777777777882
      vertex -0.81666666666665155 0.19999999999999996 0.091666666666674224
    endloop
  endfacet
  facet normal -0.44721359549995854 -3.6797697964103045e-15 0.89442719099991552
    outer loop
      vertex -0.60666666666665492 0.13333333333333336 0.19666666666667243
      vertex -0.51666666666666783 0.15000000000000002 0.24166666666666611
      vertex -0.58333333333331294 0.18333333333333335 0.20833333333334364
    endloop
  endfacet
  facet normal -0.44721359549995748 4.1892763836054525e-16 0.89442719099991608
    outer loop
      vertex -0.51666666666666783 0.15000000000000002 0.24166666666666611
      vertex -0.46666666666669926 0.083333333333333356 0.2666666666666504
      vertex -0.45555555555555299 0.18888888888888888 0.27222222222222348
    endloop
  endfacet
  facet normal -0.44721359549995765 4.2747718200038418e-16 0.89442719099991608
    outer loop
      vertex -0.46666666666669926 0.083333333333333356 0.2666666666666504
      vertex -0.41666666666666669 0.15000000000000002 0.29166666666666663
      vertex -0.45555555555555299 0.18888888888888888 0.27222222222222348
    endloop
  endfacet
  facet normal -0.44721359549995826 0 0.89442719099991574
    outer loop
      vertex -0.41666666666666669 0.15000000000000002 0.29166666666666663
      vertex -0.35000000000000409 0.1166666666666667 0.32499999999999796
      vertex -0.35000000000000409 0.18333333333333335 0.32499999999999796
    endloop
  endfacet
  facet normal -0.44721359549995876 0 0.89442719099991552
    outer loop
      vertex -0.35000000000000409 0.1166666666666667 0.32499999999999796
      vertex -0.30000000000000349 0.1166666666666667 0.34999999999999831
      vertex -0.35000000000000409 0.18333333333333335 0.32499999999999796
    endloop
  endfacet
  facet normal -0.44721359549995782 4.1892763836030164e-16 0.89442719099991597
    outer loop
      vertex -0.30000000000000349 0.1166666666666667 0.34999999999999831
      vertex -0.24999999999998254 0.11666666666666668 0.37500000000000877
      vertex -0.25000000000001166 0.20000000000000007 0.37499999999999417
    endloop
  endfacet
  facet normal -0.44721359549995737 4.4685614758478365e-16 0.8944271909999163
    outer loop
      vertex -0.24999999999998254 0.11666666666666668 0.37500000000000877
      vertex -0.18333333333333329 0.13333333333333336 0.40833333333333333
      vertex -0.25000000000001166 0.20000000000000007 0.37499999999999417
    endloop
  endfacet
  facet normal -0.44721359549995759 2.327375768669696e-16 0.89442719099991619
    outer loop
      vertex -0.14999999999999997 0.16666666666666669 0.42500000000000004
      vertex -0.11666666666666609 0.10000000000000003 0.44166666666666698
      vertex -0.083333333333345555 0.18333333333333335 0.45833333333332721
    endloop
  endfacet
  facet normal -0.44721359549995748 1.8018393047759546e-16 0.89442719099991619
    outer loop
      vertex -0.11666666666666609 0.10000000000000003 0.44166666666666698
      vertex -0.041666666666666657 0.15833333333333333 0.47916666666666663
      vertex -0.083333333333345555 0.18333333333333335 0.45833333333332721
    endloop
  endfacet
  facet normal -0.4472135954999587 0 0.89442719099991552
    outer loop
      vertex -0.041666666666666657 0.15833333333333333 0.47916666666666663
      vertex 0 0.10000000000000001 0.5
      vertex 0 0.20000000000000007 0.5
    endloop
  endfacet
  facet normal 0.44721359549995859 -7.7579192288961421e-17 0.89442719099991541
    outer loop
      vertex 0 0.10000000000000001 0.5
      vertex 0.075000000000035788 0.12499999999999999 0.46249999999998204
      vertex 0.050000000000078572 0.18333333333333335 0.47499999999996068
    endloop
  endfacet
  facet normal 0.44721359549995848 -0 0.89442719099991552
    outer loop
      vertex 0 0.10000000000000001 0.5
      vertex 0.050000000000078572 0.18333333333333335 0.47499999999996068
      vertex 0 0.20000000000000007 0.5
    endloop
  endfacet
  facet normal 0.44721359549995793 -4.9872337900102484e-16 0.89442719099991586
    outer loop
      vertex 0.075000000000035788 0.12499999999999999 0.46249999999998204
      vertex 0.11666666666668417 0.18333333333333335 0.44166666666665788
      vertex 0.050000000000078572 0.18333333333333335 0.47499999999996068
    endloop
  endfacet
  facet normal 0.44721359549995765 -2.8749935965907044e-16 0.89442719099991608
    outer loop
      vertex 0.075000000000035788 0.12499999999999999 0.46249999999998204
      vertex 0.15000000000006111 0.11666666666666667 0.4249999999999694
      vertex 0.11666666666668417 0.18333333333333335 0.44166666666665788
    endloop
  endfacet
  facet normal 0.44721359549995754 -3.2728721746920878e-16 0.89442719099991608
    outer loop
      vertex 0.15000000000006111 0.11666666666666667 0.4249999999999694
      vertex 0.18333333333333335 0.18333333333333335 0.40833333333333333
      vertex 0.11666666666668417 0.18333333333333335 0.44166666666665788
    endloop
  endfacet
  facet normal 0.44721359549995782 -4.5383827489057613e-16 0.89442719099991586
    outer loop
      vertex 0.15000000000006111 0.11666666666666667 0.4249999999999694
      vertex 0.23888888888892898 0.1277777777777778 0.3805555555555355
      vertex 0.18333333333333335 0.18333333333333335 0.40833333333333333
    endloop
  endfacet
  facet normal 0.4472135954999571 -2.1373859100037088e-17 0.89442719099991641
    outer loop
      vertex 0.23888888888892898 0.1277777777777778 0.3805555555555355
      vertex 0.30000000000000349 0.1166666666666667 0.34999999999999831
      vertex 0.25000000000003497 0.20000000000000001 0.37499999999998251
    endloop
  endfacet
  facet normal 0.44721359549995832 4.0729075951723011e-16 0.89442719099991563
    outer loop
      vertex 0.30000000000000349 0.1166666666666667 0.34999999999999831
      vertex 0.34999999999999126 0.11666666666666667 0.3250000000000044
      vertex 0.35000000000000409 0.18333333333333335 0.32499999999999796
    endloop
  endfacet
  facet normal 0.44721359549995809 3.7238012298704827e-16 0.89442719099991586
    outer loop
      vertex 0.34999999999999126 0.11666666666666667 0.3250000000000044
      vertex 0.41666666666668417 0.15000000000000002 0.29166666666665791
      vertex 0.35000000000000409 0.18333333333333335 0.32499999999999796
    endloop
  endfacet
  facet normal 0.44721359549995743 8.5205621361483882e-16 0.89442719099991619
    outer loop
      vertex 0.6166666666666929 0.16666666666666666 0.1916666666666535
      vertex 0.66666666666671326 0.083333333333333356 0.16666666666664343
      vertex 0.6888888888888941 0.15555555555555559 0.15555555555555295
    endloop
  endfacet
  facet normal 0.44721359549995737 -4.4885104110054566e-16 0.89442719099991608
    outer loop
      vertex 0.87333333333332719 0.14666666666666667 0.06333333333333635
      vertex 0.95238095238093434 0.12380952380952381 0.023809523809532829
      vertex 0.91666666666666663 0.18333333333333335 0.041666666666666685
    endloop
  endfacet
  facet normal 0.44721359549995732 -4.7986256757646567e-16 0.89442719099991619
    outer loop
      vertex 0.95238095238093434 0.12380952380952381 0.023809523809532829
      vertex 0.97777777777778807 0.18333333333333335 0.01111111111110602
      vertex 0.91666666666666663 0.18333333333333335 0.041666666666666685
    endloop
  endfacet
  facet normal -0.44721359549995793 0 0.89442719099991586
    outer loop
      vertex -0.97777777777778807 0.16111111111111112 0.011111111111105965
      vertex -0.91666666666667185 0.20000000000000001 0.041666666666664076
      vertex -0.95000000000002272 0.23333333333333334 0.024999999999988642
    endloop
  endfacet
  facet normal -0.44721359549995687 1.4109715597555547e-15 0.89442719099991641
    outer loop
      vertex -0.88333333333333863 0.13333333333333336 0.058333333333330739
      vertex -0.85555555555555296 0.17777777777777781 0.072222222222223464
      vertex -0.91666666666667185 0.20000000000000001 0.041666666666664076
    endloop
  endfacet
  facet normal -0.44721359549995765 1.6873474322857647e-15 0.89442719099991597
    outer loop
      vertex -0.81666666666665155 0.19999999999999996 0.091666666666674224
      vertex -0.7444444444444237 0.15555555555555559 0.1277777777777882
      vertex -0.77777777777778812 0.22222222222222224 0.11111111111110589
    endloop
  endfacet
  facet normal -0.44721359549995915 7.1068081507569485e-16 0.8944271909999153
    outer loop
      vertex -0.7444444444444237 0.15555555555555559 0.1277777777777882
      vertex -0.71666666666666501 0.21666666666666667 0.14166666666666755
      vertex -0.77777777777778812 0.22222222222222224 0.11111111111110589
    endloop
  endfacet
  facet normal -0.44721359549995732 -3.4910636530047316e-16 0.89442719099991619
    outer loop
      vertex -0.7444444444444237 0.15555555555555559 0.1277777777777882
      vertex -0.68333333333332458 0.14999999999999999 0.15833333333333771
      vertex -0.71666666666666501 0.21666666666666667 0.14166666666666755
    endloop
  endfacet
  facet normal -0.44721359549995732 -3.7092551313168201e-16 0.89442719099991619
    outer loop
      vertex -0.68333333333332458 0.14999999999999999 0.15833333333333771
      vertex -0.65000000000000002 0.21666666666666667 0.17499999999999999
      vertex -0.71666666666666501 0.21666666666666667 0.14166666666666755
    endloop
  endfacet
  facet normal -0.44721359549995698 -5.8184394216732442e-16 0.8944271909999163
    outer loop
      vertex -0.68333333333332458 0.14999999999999999 0.15833333333333771
      vertex -0.60666666666665492 0.13333333333333336 0.19666666666667243
      vertex -0.65000000000000002 0.21666666666666667 0.17499999999999999
    endloop
  endfacet
  facet normal -0.44721359549996026 -2.6654742756035373e-15 0.89442719099991486
    outer loop
      vertex -0.60666666666665492 0.13333333333333336 0.19666666666667243
      vertex -0.58333333333331294 0.18333333333333335 0.20833333333334364
      vertex -0.65000000000000002 0.21666666666666667 0.17499999999999999
    endloop
  endfacet
  facet normal -0.44721359549995704 0 0.89442719099991641
    outer loop
      vertex -0.58333333333331294 0.18333333333333335 0.20833333333334364
      vertex -0.51666666666666783 0.15000000000000002 0.24166666666666611
      vertex -0.51666666666666783 0.21666666666666667 0.24166666666666611
    endloop
  endfacet
  facet normal -0.44721359549995726 0 0.8944271909999163
    outer loop
      vertex -0.51666666666666783 0.15000000000000002 0.24166666666666611
      vertex -0.45555555555555299 0.18888888888888888 0.27222222222222348
      vertex -0.51666666666666783 0.21666666666666667 0.24166666666666611
    endloop
  endfacet
  facet normal -0.44721359549995815 -2.9923402740035686e-16 0.89442719099991574
    outer loop
      vertex -0.41666666666666669 0.15000000000000002 0.29166666666666663
      vertex -0.40000000000000002 0.21666666666666667 0.29999999999999999
      vertex -0.45555555555555299 0.18888888888888888 0.27222222222222348
    endloop
  endfacet
  facet normal -0.44721359549995809 -2.9923402740036184e-16 0.89442719099991574
    outer loop
      vertex -0.41666666666666669 0.15000000000000002 0.29166666666666663
      vertex -0.35000000000000409 0.18333333333333335 0.32499999999999796
      vertex -0.40000000000000002 0.21666666666666667 0.29999999999999999
    endloop
  endfacet
  facet normal -0.44721359549995837 3.4910636530052744e-16 0.89442719099991574
    outer loop
      vertex -0.35000000000000409 0.18333333333333335 0.32499999999999796
      vertex -0.30000000000000349 0.1166666666666667 0.34999999999999831
      vertex -0.31666666666669752 0.23333333333333334 0.34166666666665124
    endloop
  endfacet
  facet normal -0.44721359549995776 4.6323729241775051e-16 0.89442719099991608
    outer loop
      vertex -0.30000000000000349 0.1166666666666667 0.34999999999999831
      vertex -0.25000000000001166 0.20000000000000007 0.37499999999999417
      vertex -0.31666666666669752 0.23333333333333334 0.34166666666665124
    endloop
  endfacet
  facet normal -0.44721359549995765 0 0.89442719099991597
    outer loop
      vertex -0.25000000000001166 0.20000000000000007 0.37499999999999417
      vertex -0.18333333333333329 0.13333333333333336 0.40833333333333333
      vertex -0.18333333333333329 0.23333333333333334 0.40833333333333333
    endloop
  endfacet
  facet normal -0.44721359549995909 0 0.89442719099991519
    outer loop
      vertex -0.18333333333333329 0.13333333333333336 0.40833333333333333
      vertex -0.14999999999999997 0.16666666666666669 0.42500000000000004
      vertex -0.18333333333333329 0.23333333333333334 0.40833333333333333
    endloop
  endfacet
  facet normal -0.44721359549995754 3.4910636530046793e-16 0.89442719099991608
    outer loop
      vertex -0.14999999999999997 0.16666666666666669 0.42500000000000004
      vertex -0.083333333333345555 0.18333333333333335 0.45833333333332721
      vertex -0.1333333333333333 0.21666666666666667 0.43333333333333335
    endloop
  endfacet
  facet normal 0.44721359549995793 -2.094638191801206e-16 0.89442719099991586
    outer loop
      vertex 0.18333333333333335 0.18333333333333335 0.40833333333333333
      vertex 0.23888888888892898 0.1277777777777778 0.3805555555555355
      vertex 0.25000000000003497 0.20000000000000001 0.37499999999998251
    endloop
  endfacet
  facet normal 0.4472135954999571 0 0.89442719099991641
    outer loop
      vertex 0.25000000000003497 0.20000000000000001 0.37499999999998251
      vertex 0.30000000000000349 0.1166666666666667 0.34999999999999831
      vertex 0.30000000000000349 0.21666666666666667 0.34999999999999831
    endloop
  endfacet
  facet normal 0.44721359549995876 -0 0.89442719099991552
    outer loop
      vertex 0.30000000000000349 0.1166666666666667 0.34999999999999831
      vertex 0.35000000000000409 0.18333333333333335 0.32499999999999796
      vertex 0.30000000000000349 0.21666666666666667 0.34999999999999831
    endloop
  endfacet
  facet normal 0.44721359549995765 -7.3068774132627393e-16 0.89442719099991597
    outer loop
      vertex 0.35000000000000409 0.18333333333333335 0.32499999999999796
      vertex 0.41666666666668417 0.15000000000000002 0.29166666666665791
      vertex 0.43333333333335289 0.21333333333333332 0.28333333333332361
    endloop
  endfacet
  facet normal 0.44721359549995815 -8.1889147416132076e-16 0.89442719099991597
    outer loop
      vertex 0.41666666666668417 0.15000000000000002 0.29166666666665791
      vertex 0.48333333333335954 0.13333333333333333 0.2583333333333202
      vertex 0.43333333333335289 0.21333333333333332 0.28333333333332361
    endloop
  endfacet
  facet normal 0.44721359549995771 -1.1413092711748467e-15 0.89442719099991608
    outer loop
      vertex 0.48333333333335954 0.13333333333333333 0.2583333333333202
      vertex 0.51666666666666783 0.16666666666666669 0.24166666666666611
      vertex 0.43333333333335289 0.21333333333333332 0.28333333333332361
    endloop
  endfacet
  facet normal 0.44721359549995821 3.6114451582794503e-17 0.89442719099991574
    outer loop
      vertex 0.51666666666666783 0.16666666666666669 0.24166666666666611
      vertex 0.57777777777778816 0.14444444444444446 0.21111111111110592
      vertex 0.57500000000000873 0.23333333333333334 0.21249999999999564
    endloop
  endfacet
  facet normal 0.44721359549995932 -1.0473190959010184e-15 0.8944271909999153
    outer loop
      vertex 0.51666666666666783 0.16666666666666669 0.24166666666666611
      vertex 0.57500000000000873 0.23333333333333334 0.21249999999999564
      vertex 0.53333333333333566 0.21666666666666667 0.23333333333333223
    endloop
  endfacet
  facet normal 0.44721359549995898 3.9618978956772272e-17 0.89442719099991541
    outer loop
      vertex 0.57777777777778816 0.14444444444444446 0.21111111111110592
      vertex 0.6166666666666929 0.16666666666666666 0.1916666666666535
      vertex 0.57500000000000873 0.23333333333333334 0.21249999999999564
    endloop
  endfacet
  facet normal 0.44721359549995743 4.3841264479600696e-16 0.89442719099991597
    outer loop
      vertex 0.6166666666666929 0.16666666666666666 0.1916666666666535
      vertex 0.6888888888888941 0.15555555555555559 0.15555555555555295
      vertex 0.64999999999999125 0.21666666666666667 0.17500000000000432
    endloop
  endfacet
  facet normal 0.44721359549995648 -3.1753823652323943e-16 0.89442719099991663
    outer loop
      vertex 0.6888888888888941 0.15555555555555559 0.15555555555555295
      vertex 0.69999999999998253 0.25 0.15000000000000879
      vertex 0.64999999999999125 0.21666666666666667 0.17500000000000432
    endloop
  endfacet
  facet normal 0.44721359549995726 0 0.89442719099991619
    outer loop
      vertex 0.6888888888888941 0.15555555555555559 0.15555555555555295
      vertex 0.74999999999999123 0.14999999999999999 0.12500000000000444
      vertex 0.74999999999999123 0.21666666666666667 0.12500000000000444
    endloop
  endfacet
  facet normal 0.44721359549995771 -4.9509629988055795e-16 0.89442719099991597
    outer loop
      vertex 0.6888888888888941 0.15555555555555559 0.15555555555555295
      vertex 0.74999999999999123 0.21666666666666667 0.12500000000000444
      vertex 0.69999999999998253 0.25 0.15000000000000879
    endloop
  endfacet
  facet normal 0.44721359549995854 0 0.89442719099991552
    outer loop
      vertex 0.74999999999999123 0.14999999999999999 0.12500000000000444
      vertex 0.81666666666665799 0.14999999999999999 0.091666666666671004
      vertex 0.81666666666665799 0.21666666666666667 0.091666666666671004
    endloop
  endfacet
  facet normal 0.44721359549995854 -0 0.89442719099991552
    outer loop
      vertex 0.74999999999999123 0.14999999999999999 0.12500000000000444
      vertex 0.81666666666665799 0.21666666666666667 0.091666666666671004
      vertex 0.74999999999999123 0.21666666666666667 0.12500000000000444
    endloop
  endfacet
  facet normal 0.44721359549995865 -0 0.89442719099991552
    outer loop
      vertex 0.81666666666665799 0.14999999999999999 0.091666666666671004
      vertex 0.87333333333332719 0.14666666666666667 0.06333333333333635
      vertex 0.81666666666665799 0.21666666666666667 0.091666666666671004
    endloop
  endfacet
  facet normal -0.44721359549995726 -3.5890917084822146e-16 0.8944271909999163
    outer loop
      vertex -0.97777777777778807 0.16111111111111112 0.011111111111105965
      vertex -0.95000000000002272 0.23333333333333334 0.024999999999988642
      vertex -0.97999999999996812 0.29333333333333328 0.010000000000015996
    endloop
  endfacet
  facet normal -0.44721359549995737 -6.0511769985394998e-16 0.89442719099991608
    outer loop
      vertex -0.91666666666667185 0.20000000000000001 0.041666666666664076
      vertex -0.85555555555555296 0.17777777777777781 0.072222222222223464
      vertex -0.8666666666666667 0.25 0.066666666666666652
    endloop
  endfacet
  facet normal -0.44721359549995859 -8.0929202865066744e-16 0.89442719099991552
    outer loop
      vertex -0.85555555555555296 0.17777777777777781 0.072222222222223464
      vertex -0.81666666666665155 0.19999999999999996 0.091666666666674224
      vertex -0.8666666666666667 0.25 0.066666666666666652
    endloop
  endfacet
  facet normal -0.44721359549995909 0 0.89442719099991519
    outer loop
      vertex -0.65000000000000002 0.21666666666666667 0.17499999999999999
      vertex -0.58333333333331294 0.18333333333333335 0.20833333333334364
      vertex -0.58333333333331294 0.25 0.20833333333334364
    endloop
  endfacet
  facet normal -0.44721359549995704 0 0.89442719099991641
    outer loop
      vertex -0.58333333333331294 0.18333333333333335 0.20833333333334364
      vertex -0.51666666666666783 0.21666666666666667 0.24166666666666611
      vertex -0.58333333333331294 0.25 0.20833333333334364
    endloop
  endfacet
  facet normal -0.44721359549995715 2.371288519021932e-16 0.89442719099991619
    outer loop
      vertex -0.51666666666666783 0.21666666666666667 0.24166666666666611
      vertex -0.45555555555555299 0.18888888888888888 0.27222222222222348
      vertex -0.45000000000003493 0.26666666666666672 0.27499999999998248
    endloop
  endfacet
  facet normal -0.44721359549995848 3.6656168356534337e-16 0.89442719099991563
    outer loop
      vertex -0.45555555555555299 0.18888888888888888 0.27222222222222348
      vertex -0.40000000000000002 0.21666666666666667 0.29999999999999999
      vertex -0.45000000000003493 0.26666666666666672 0.27499999999998248
    endloop
  endfacet
  facet normal -0.44721359549995771 4.3337341899355327e-16 0.89442719099991597
    outer loop
      vertex -0.40000000000000002 0.21666666666666667 0.29999999999999999
      vertex -0.35000000000000409 0.18333333333333335 0.32499999999999796
      vertex -0.37777777777776483 0.25555555555555554 0.31111111111111756
    endloop
  endfacet
  facet normal -0.44721359549995821 2.1712712963821157e-16 0.89442719099991574
    outer loop
      vertex -0.35000000000000409 0.18333333333333335 0.32499999999999796
      vertex -0.31666666666669752 0.23333333333333334 0.34166666666665124
      vertex -0.37777777777776483 0.25555555555555554 0.31111111111111756
    endloop
  endfacet
  facet normal -0.44721359549995815 5.9348082101067635e-16 0.89442719099991574
    outer loop
      vertex -0.14999999999999997 0.16666666666666669 0.42500000000000004
      vertex -0.1333333333333333 0.21666666666666667 0.43333333333333335
      vertex -0.18333333333333329 0.23333333333333334 0.40833333333333333
    endloop
  endfacet
  facet normal -0.44721359549995798 -2.7027589571655843e-16 0.89442719099991597
    outer loop
      vertex -0.1333333333333333 0.21666666666666667 0.43333333333333335
      vertex -0.083333333333345555 0.18333333333333335 0.45833333333332721
      vertex -0.088888888888917342 0.24444444444444446 0.45555555555554134
    endloop
  endfacet
  facet normal -0.44728014035314462 -0.00013864664476450847 0.89439390473257308
    outer loop
      vertex -0.083333333333345555 0.18333333333333335 0.45833333333332721
      vertex -0.041666666666666657 0.15833333333333333 0.47916666666666663
      vertex -0.0001241515791458419 0.26666666666666666 0.49995858165373497
    endloop
  endfacet
  facet normal -0.44737638944277713 -1.8500162219486605e-05 0.89434577531673332
    outer loop
      vertex -0.083333333333345555 0.18333333333333335 0.45833333333332721
      vertex -0.0001241515791458419 0.26666666666666666 0.49995858165373497
      vertex -0.088888888888917342 0.24444444444444446 0.45555555555554134
    endloop
  endfacet
  facet normal -0.44699223051018944 -0.00027666772623440098 0.89453779647284593
    outer loop
      vertex -0.041666666666666657 0.15833333333333333 0.47916666666666663
      vertex 0 0.20000000000000007 0.5
      vertex -0.0001241515791458419 0.26666666666666666 0.49995858165373497
    endloop
  endfacet
  facet normal 0.44721359549995848 0 0.89442719099991563
    outer loop
      vertex 0 0.20000000000000007 0.5
      vertex 0.050000000000078572 0.18333333333333335 0.47499999999996068
      vertex 0.050000000000078572 0.25 0.47499999999996068
    endloop
  endfacet
  facet normal 0.44721359549995793 -1.4281624035029354e-15 0.89442719099991586
    outer loop
      vertex 0.050000000000078572 0.18333333333333335 0.47499999999996068
      vertex 0.11666666666668417 0.18333333333333335 0.44166666666665788
      vertex 0.11111111111110594 0.24444444444444446 0.44444444444444708
    endloop
  endfacet
  facet normal 0.44721359549995687 -0 0.89442719099991641
    outer loop
      vertex 0.050000000000078572 0.18333333333333335 0.47499999999996068
      vertex 0.11111111111110594 0.24444444444444446 0.44444444444444708
      vertex 0.050000000000078572 0.25 0.47499999999996068
    endloop
  endfacet
  facet normal 0.44721359549995754 -6.2839145754088062e-16 0.89442719099991608
    outer loop
      vertex 0.11666666666668417 0.18333333333333335 0.44166666666665788
      vertex 0.18333333333333335 0.18333333333333335 0.40833333333333333
      vertex 0.18333333333332946 0.26666666666666672 0.40833333333333532
    endloop
  endfacet
  facet normal 0.44721359549995826 -1.2877750107763014e-15 0.89442719099991574
    outer loop
      vertex 0.11666666666668417 0.18333333333333335 0.44166666666665788
      vertex 0.18333333333332946 0.26666666666666672 0.40833333333333532
      vertex 0.11111111111110594 0.24444444444444446 0.44444444444444708
    endloop
  endfacet
  facet normal 0.44721359549995804 -5.9580819677933725e-16 0.89442719099991574
    outer loop
      vertex 0.18333333333333335 0.18333333333333335 0.40833333333333333
      vertex 0.25000000000003497 0.20000000000000001 0.37499999999998251
      vertex 0.18333333333332946 0.26666666666666672 0.40833333333333532
    endloop
  endfacet
  facet normal 0.44721359549995715 -0 0.89442719099991619
    outer loop
      vertex 0.25000000000003497 0.20000000000000001 0.37499999999998251
      vertex 0.30000000000000349 0.21666666666666667 0.34999999999999831
      vertex 0.25000000000003497 0.26666666666666666 0.37499999999998251
    endloop
  endfacet
  facet normal 0.44721359549995848 -4.07290759517178e-16 0.89442719099991563
    outer loop
      vertex 0.30000000000000349 0.21666666666666667 0.34999999999999831
      vertex 0.35000000000000409 0.18333333333333335 0.32499999999999796
      vertex 0.34999999999999126 0.25 0.3250000000000044
    endloop
  endfacet
  facet normal 0.44721359549995748 -3.7238012298718139e-16 0.89442719099991597
    outer loop
      vertex 0.35000000000000409 0.18333333333333335 0.32499999999999796
      vertex 0.43333333333335289 0.21333333333333332 0.28333333333332361
      vertex 0.34999999999999126 0.25 0.3250000000000044
    endloop
  endfacet
  facet normal 0.44721359549995821 2.3273757686699538e-16 0.89442719099991574
    outer loop
      vertex 0.43333333333335289 0.21333333333333332 0.28333333333332361
      vertex 0.51666666666666783 0.16666666666666669 0.24166666666666611
      vertex 0.5166666666666585 0.26666666666666666 0.24166666666667075
    endloop
  endfacet
  facet normal 0.44721359549995615 2.4825341532452088e-16 0.89442719099991674
    outer loop
      vertex 0.51666666666666783 0.16666666666666669 0.24166666666666611
      vertex 0.53333333333333566 0.21666666666666667 0.23333333333333223
      vertex 0.5166666666666585 0.26666666666666666 0.24166666666667075
    endloop
  endfacet
  facet normal 0.44721359549995837 -3.8289085226508175e-16 0.89442719099991563
    outer loop
      vertex 0.6166666666666929 0.16666666666666666 0.1916666666666535
      vertex 0.64999999999999125 0.21666666666666667 0.17500000000000432
      vertex 0.57500000000000873 0.23333333333333334 0.21249999999999564
    endloop
  endfacet
  facet normal 0.44721359549995815 -5.3028814982326205e-16 0.89442719099991586
    outer loop
      vertex 0.81666666666665799 0.21666666666666667 0.091666666666671004
      vertex 0.87333333333332719 0.14666666666666667 0.06333333333333635
      vertex 0.87777777777778809 0.24444444444444446 0.061111111111105954
    endloop
  endfacet
  facet normal 0.44721359549995743 -4.7307879615991485e-16 0.89442719099991619
    outer loop
      vertex 0.87333333333332719 0.14666666666666667 0.06333333333333635
      vertex 0.91666666666666663 0.18333333333333335 0.041666666666666685
      vertex 0.87777777777778809 0.24444444444444446 0.061111111111105954
    endloop
  endfacet
  facet normal 0.44721359549995848 4.0968658751444171e-16 0.89442719099991563
    outer loop
      vertex 0.91666666666666663 0.18333333333333335 0.041666666666666685
      vertex 0.95238095238093523 0.24285714285714285 0.023809523809532329
      vertex 0.87777777777778809 0.24444444444444446 0.061111111111105954
    endloop
  endfacet
  facet normal 0.44721359549995726 1.3329515766012942e-15 0.89442719099991619
    outer loop
      vertex 0.91666666666666663 0.18333333333333335 0.041666666666666685
      vertex 0.97777777777778807 0.18333333333333335 0.01111111111110602
      vertex 0.95238095238093523 0.24285714285714285 0.023809523809532329
    endloop
  endfacet
  facet normal -0.44721359549995793 0 0.89442719099991586
    outer loop
      vertex -0.95000000000002272 0.23333333333333334 0.024999999999988642
      vertex -0.91666666666667185 0.20000000000000001 0.041666666666664076
      vertex -0.91666666666667185 0.29999999999999999 0.041666666666664076
    endloop
  endfacet
  facet normal -0.44721359549995793 0 0.89442719099991586
    outer loop
      vertex -0.91666666666667185 0.20000000000000001 0.041666666666664076
      vertex -0.8666666666666667 0.25 0.066666666666666652
      vertex -0.91666666666667185 0.29999999999999999 0.041666666666664076
    endloop
  endfacet
  facet normal -0.44721359549995776 2.7928509224028416e-16 0.89442719099991608
    outer loop
      vertex -0.8666666666666667 0.25 0.066666666666666652
      vertex -0.81666666666665155 0.19999999999999996 0.091666666666674224
      vertex -0.81666666666666665 0.28333333333333333 0.091666666666666646
    endloop
  endfacet
  facet normal -0.4472135954999571 2.9790409838986983e-16 0.8944271909999163
    outer loop
      vertex -0.81666666666665155 0.19999999999999996 0.091666666666674224
      vertex -0.77777777777778812 0.22222222222222224 0.11111111111110589
      vertex -0.81666666666666665 0.28333333333333333 0.091666666666666646
    endloop
  endfacet
  facet normal -0.44721359549995859 -9.6517642171275457e-16 0.89442719099991552
    outer loop
      vertex -0.77777777777778812 0.22222222222222224 0.11111111111110589
      vertex -0.74999999999998834 0.29999999999999993 0.12500000000000588
      vertex -0.81666666666666665 0.28333333333333333 0.091666666666666646
    endloop
  endfacet
  facet normal -0.44721359549995926 -6.718650803893003e-16 0.89442719099991519
    outer loop
      vertex -0.77777777777778812 0.22222222222222224 0.11111111111110589
      vertex -0.71666666666666501 0.21666666666666667 0.14166666666666755
      vertex -0.74999999999998834 0.29999999999999993 0.12500000000000588
    endloop
  endfacet
  facet normal -0.44721359549995732 3.2971156722819719e-16 0.8944271909999163
    outer loop
      vertex -0.71666666666666501 0.21666666666666667 0.14166666666666755
      vertex -0.68333333333333157 0.28333333333333333 0.15833333333333421
      vertex -0.74999999999998834 0.29999999999999993 0.12500000000000588
    endloop
  endfacet
  facet normal -0.44721359549995737 3.4910636530040679e-16 0.8944271909999163
    outer loop
      vertex -0.71666666666666501 0.21666666666666667 0.14166666666666755
      vertex -0.65000000000000002 0.21666666666666667 0.17499999999999999
      vertex -0.68333333333333157 0.28333333333333333 0.15833333333333421
    endloop
  endfacet
  facet normal -0.44721359549995676 7.7410541870975775e-16 0.89442719099991641
    outer loop
      vertex -0.65000000000000002 0.21666666666666667 0.17499999999999999
      vertex -0.62222222222223511 0.28888888888888886 0.18888888888888233
      vertex -0.68333333333333157 0.28333333333333333 0.15833333333333421
    endloop
  endfacet
  facet normal -0.44721359549996015 2.3938722192015544e-15 0.89442719099991486
    outer loop
      vertex -0.65000000000000002 0.21666666666666667 0.17499999999999999
      vertex -0.58333333333331294 0.25 0.20833333333334364
      vertex -0.62222222222223511 0.28888888888888886 0.18888888888888233
    endloop
  endfacet
  facet normal -0.44721359549995676 7.8548932192614244e-16 0.89442719099991641
    outer loop
      vertex -0.58333333333331294 0.25 0.20833333333334364
      vertex -0.51666666666666783 0.21666666666666667 0.24166666666666611
      vertex -0.51666666666666661 0.28333333333333333 0.24166666666666667
    endloop
  endfacet
  facet normal -0.44721359549995743 7.4476024597417247e-16 0.89442719099991608
    outer loop
      vertex -0.51666666666666783 0.21666666666666667 0.24166666666666611
      vertex -0.45000000000003493 0.26666666666666672 0.27499999999998248
      vertex -0.51666666666666661 0.28333333333333333 0.24166666666666667
    endloop
  endfacet
  facet normal -0.44721359549995809 7.6168661520036789e-16 0.89442719099991586
    outer loop
      vertex -0.45000000000003493 0.26666666666666672 0.27499999999998248
      vertex -0.40000000000000002 0.21666666666666667 0.29999999999999999
      vertex -0.37777777777776483 0.25555555555555554 0.31111111111111756
    endloop
  endfacet
  facet normal -0.44721359549995809 -4.8874891142033115e-16 0.89442719099991586
    outer loop
      vertex -0.31666666666669752 0.23333333333333334 0.34166666666665124
      vertex -0.25000000000001166 0.20000000000000007 0.37499999999999417
      vertex -0.24999999999998254 0.28333333333333333 0.37500000000000877
    endloop
  endfacet
  facet normal -0.44721359549995776 -1.0861086920452275e-15 0.89442719099991597
    outer loop
      vertex -0.31666666666669752 0.23333333333333334 0.34166666666665124
      vertex -0.24999999999998254 0.28333333333333333 0.37500000000000877
      vertex -0.30000000000000349 0.28333333333333333 0.34999999999999831
    endloop
  endfacet
  facet normal -0.44721359549995754 -2.9923402740029616e-16 0.89442719099991608
    outer loop
      vertex -0.25000000000001166 0.20000000000000007 0.37499999999999417
      vertex -0.18333333333333329 0.23333333333333334 0.40833333333333333
      vertex -0.19999999999999996 0.28333333333333333 0.40000000000000002
    endloop
  endfacet
  facet normal -0.44721359549995732 -4.4685614758476688e-16 0.89442719099991619
    outer loop
      vertex -0.25000000000001166 0.20000000000000007 0.37499999999999417
      vertex -0.19999999999999996 0.28333333333333333 0.40000000000000002
      vertex -0.24999999999998254 0.28333333333333333 0.37500000000000877
    endloop
  endfacet
  facet normal -0.44721359549995832 -8.4917764532530238e-17 0.89442719099991563
    outer loop
      vertex -0.18333333333333329 0.23333333333333334 0.40833333333333333
      vertex -0.1333333333333333 0.21666666666666667 0.43333333333333335
      vertex -0.14444444444444704 0.28888888888888892 0.42777777777777648
    endloop
  endfacet
  facet normal -0.44721359549995804 -1.378051441976031e-17 0.89442719099991574
    outer loop
      vertex -0.1333333333333333 0.21666666666666667 0.43333333333333335
      vertex -0.088888888888917342 0.24444444444444446 0.45555555555554134
      vertex -0.14444444444444704 0.28888888888888892 0.42777777777777648
    endloop
  endfacet
  facet normal -0.44741545883592826 0.00017664649196675114 0.89432621340909624
    outer loop
      vertex -0.088888888888917342 0.24444444444444446 0.45555555555554134
      vertex -0.0001241515791458419 0.26666666666666666 0.49995858165373497
      vertex -0.049999999999999989 0.29999999999999999 0.47499999999999998
    endloop
  endfacet
  facet normal 0.44610338487099926 0.0013867956928744812 0.89498036112774193
    outer loop
      vertex 0 0.20000000000000007 0.5
      vertex 0.050000000000078572 0.25 0.47499999999996068
      vertex -0.0001241515791458419 0.26666666666666666 0.49995858165373497
    endloop
  endfacet
  facet normal 0.44721359549995748 1.8452765023024374e-15 0.89442719099991608
    outer loop
      vertex 0.11111111111110594 0.24444444444444446 0.44444444444444708
      vertex 0.18333333333332946 0.26666666666666672 0.40833333333333532
      vertex 0.11666666666669634 0.29999999999999999 0.44166666666665177
    endloop
  endfacet
  facet normal 0.44721359549995848 0 0.89442719099991563
    outer loop
      vertex 0.18333333333332946 0.26666666666666672 0.40833333333333532
      vertex 0.25000000000003497 0.20000000000000001 0.37499999999998251
      vertex 0.25000000000003497 0.26666666666666666 0.37499999999998251
    endloop
  endfacet
  facet normal 0.44721359549995765 6.3473884600142002e-16 0.89442719099991608
    outer loop
      vertex 0.25000000000003497 0.26666666666666666 0.37499999999998251
      vertex 0.30000000000000349 0.21666666666666667 0.34999999999999831
      vertex 0.28888888888887077 0.28888888888888892 0.35555555555556462
    endloop
  endfacet
  facet normal 0.44721359549995793 6.9415335426012128e-16 0.89442719099991586
    outer loop
      vertex 0.30000000000000349 0.21666666666666667 0.34999999999999831
      vertex 0.34999999999999126 0.25 0.3250000000000044
      vertex 0.28888888888887077 0.28888888888888892 0.35555555555556462
    endloop
  endfacet
  facet normal 0.44721359549995809 9.235618129637686e-16 0.89442719099991586
    outer loop
      vertex 0.34999999999999126 0.25 0.3250000000000044
      vertex 0.43333333333335289 0.21333333333333332 0.28333333333332361
      vertex 0.42666666666667563 0.26666666666666666 0.28666666666666218
    endloop
  endfacet
  facet normal 0.44721359549995782 9.2933407429521679e-16 0.89442719099991586
    outer loop
      vertex 0.43333333333335289 0.21333333333333332 0.28333333333332361
      vertex 0.5166666666666585 0.26666666666666666 0.24166666666667075
      vertex 0.42666666666667563 0.26666666666666666 0.28666666666666218
    endloop
  endfacet
  facet normal 0.44721359549995848 1.2321401128246748e-15 0.89442719099991552
    outer loop
      vertex 0.53333333333333566 0.21666666666666667 0.23333333333333223
      vertex 0.57500000000000873 0.23333333333333334 0.21249999999999564
      vertex 0.5166666666666585 0.26666666666666666 0.24166666666667075
    endloop
  endfacet
  facet normal 0.44721359549995854 0 0.89442719099991563
    outer loop
      vertex 0.57500000000000873 0.23333333333333334 0.21249999999999564
      vertex 0.64999999999999125 0.21666666666666667 0.17500000000000432
      vertex 0.64999999999999125 0.28333333333333333 0.17500000000000432
    endloop
  endfacet
  facet normal 0.44721359549995798 8.6578378594518301e-16 0.89442719099991586
    outer loop
      vertex 0.57500000000000873 0.23333333333333334 0.21249999999999564
      vertex 0.64999999999999125 0.28333333333333333 0.17500000000000432
      vertex 0.58888888888889401 0.28888888888888892 0.20555555555555294
    endloop
  endfacet
  facet normal 0.44721359549995632 -0 0.89442719099991663
    outer loop
      vertex 0.64999999999999125 0.21666666666666667 0.17500000000000432
      vertex 0.69999999999998253 0.25 0.15000000000000879
      vertex 0.64999999999999125 0.28333333333333333 0.17500000000000432
    endloop
  endfacet
  facet normal 0.44721359549995793 0 0.89442719099991586
    outer loop
      vertex 0.69999999999998253 0.25 0.15000000000000879
      vertex 0.74999999999999123 0.21666666666666667 0.12500000000000444
      vertex 0.74999999999999123 0.28333333333333333 0.12500000000000444
    endloop
  endfacet
  facet normal 0.44721359549995854 0 0.89442719099991552
    outer loop
      vertex 0.74999999999999123 0.21666666666666667 0.12500000000000444
      vertex 0.81666666666665799 0.21666666666666667 0.091666666666671004
      vertex 0.81666666666667709 0.28333333333333333 0.091666666666661456
    endloop
  endfacet
  facet normal 0.44721359549995854 -0 0.89442719099991552
    outer loop
      vertex 0.74999999999999123 0.21666666666666667 0.12500000000000444
      vertex 0.81666666666667709 0.28333333333333333 0.091666666666661456
      vertex 0.74999999999999123 0.28333333333333333 0.12500000000000444
    endloop
  endfacet
  facet normal 0.44721359549995793 0 0.89442719099991586
    outer loop
      vertex 0.81666666666665799 0.21666666666666667 0.091666666666671004
      vertex 0.87777777777778809 0.24444444444444446 0.061111111111105954
      vertex 0.81666666666667709 0.28333333333333333 0.091666666666661456
    endloop
  endfacet
  facet normal 0.44721359549995848 -4.6108387869880764e-16 0.89442719099991563
    outer loop
      vertex 0.87777777777778809 0.24444444444444446 0.061111111111105954
      vertex 0.95238095238093523 0.24285714285714285 0.023809523809532329
      vertex 0.91666666666666663 0.29999999999999999 0.041666666666666685
    endloop
  endfacet
  facet normal -0.44721359549995726 -4.1213945903545881e-16 0.8944271909999163
    outer loop
      vertex -0.97999999999996812 0.29333333333333328 0.010000000000015996
      vertex -0.95000000000002272 0.23333333333333334 0.024999999999988642
      vertex -0.91666666666667185 0.29999999999999999 0.041666666666664076
    endloop
  endfacet
  facet normal -0.44721359549995748 6.0511769985394978e-16 0.89442719099991608
    outer loop
      vertex -0.91666666666667185 0.29999999999999999 0.041666666666664076
      vertex -0.8666666666666667 0.25 0.066666666666666652
      vertex -0.85555555555555296 0.32222222222222224 0.072222222222223464
    endloop
  endfacet
  facet normal -0.44721359549995793 6.7327656165078443e-16 0.89442719099991586
    outer loop
      vertex -0.8666666666666667 0.25 0.066666666666666652
      vertex -0.81666666666666665 0.28333333333333333 0.091666666666666646
      vertex -0.85555555555555296 0.32222222222222224 0.072222222222223464
    endloop
  endfacet
  facet normal -0.44721359549996076 1.5816655734009164e-15 0.89442719099991441
    outer loop
      vertex -0.58333333333331294 0.25 0.20833333333334364
      vertex -0.56666666666666665 0.34999999999999998 0.21666666666666667
      vertex -0.62222222222223511 0.28888888888888886 0.18888888888888233
    endloop
  endfacet
  facet normal -0.44721359549995676 7.4581814405101571e-16 0.89442719099991641
    outer loop
      vertex -0.58333333333331294 0.25 0.20833333333334364
      vertex -0.51666666666666661 0.28333333333333333 0.24166666666666667
      vertex -0.56666666666666665 0.34999999999999998 0.21666666666666667
    endloop
  endfacet
  facet normal -0.44721359549995854 -2.3217676342854528e-15 0.89442719099991574
    outer loop
      vertex -0.45000000000003493 0.26666666666666672 0.27499999999998248
      vertex -0.37777777777776483 0.25555555555555554 0.31111111111111756
      vertex -0.3749999999999869 0.30833333333333335 0.31250000000000666
    endloop
  endfacet
  facet normal -0.44721359549995893 -2.2864008431661793e-15 0.89442719099991541
    outer loop
      vertex -0.37777777777776483 0.25555555555555554 0.31111111111111756
      vertex -0.31666666666669752 0.23333333333333334 0.34166666666665124
      vertex -0.3749999999999869 0.30833333333333335 0.31250000000000666
    endloop
  endfacet
  facet normal -0.44721359549995776 -1.0938666112746182e-15 0.89442719099991608
    outer loop
      vertex -0.31666666666669752 0.23333333333333334 0.34166666666665124
      vertex -0.30000000000000349 0.28333333333333333 0.34999999999999831
      vertex -0.3749999999999869 0.30833333333333335 0.31250000000000666
    endloop
  endfacet
  facet normal -0.44721359549995793 -4.7298281750378647e-16 0.89442719099991597
    outer loop
      vertex -0.19999999999999996 0.28333333333333333 0.40000000000000002
      vertex -0.18333333333333329 0.23333333333333334 0.40833333333333333
      vertex -0.14444444444444704 0.28888888888888892 0.42777777777777648
    endloop
  endfacet
  facet normal -0.44721359549995787 1.8702126712527004e-16 0.89442719099991597
    outer loop
      vertex -0.14444444444444704 0.28888888888888892 0.42777777777777648
      vertex -0.088888888888917342 0.24444444444444446 0.45555555555554134
      vertex -0.083333333333345555 0.33333333333333331 0.45833333333332721
    endloop
  endfacet
  facet normal -0.44721359549995754 1.7326970336591675e-16 0.89442719099991619
    outer loop
      vertex -0.088888888888917342 0.24444444444444446 0.45555555555554134
      vertex -0.049999999999999989 0.29999999999999999 0.47499999999999998
      vertex -0.083333333333345555 0.33333333333333331 0.45833333333332721
    endloop
  endfacet
  facet normal 0.44573434616923774 0 0.89516528789105876
    outer loop
      vertex -0.0001241515791458419 0.26666666666666666 0.49995858165373497
      vertex 0.050000000000078572 0.25 0.47499999999996068
      vertex 0.050000000000078572 0.31666666666666665 0.47499999999996068
    endloop
  endfacet
  facet normal 0.44721359549995693 1.8115789766963155e-15 0.8944271909999163
    outer loop
      vertex 0.050000000000078572 0.25 0.47499999999996068
      vertex 0.11111111111110594 0.24444444444444446 0.44444444444444708
      vertex 0.11666666666669634 0.29999999999999999 0.44166666666665177
    endloop
  endfacet
  facet normal 0.44721359549995815 -0 0.89442719099991586
    outer loop
      vertex 0.050000000000078572 0.25 0.47499999999996068
      vertex 0.11666666666669634 0.29999999999999999 0.44166666666665177
      vertex 0.050000000000078572 0.31666666666666665 0.47499999999996068
    endloop
  endfacet
  facet normal 0.44721359549995765 0 0.89442719099991608
    outer loop
      vertex 0.28888888888887077 0.28888888888888892 0.35555555555556462
      vertex 0.34999999999999126 0.25 0.3250000000000044
      vertex 0.35000000000000403 0.31666666666666665 0.32499999999999801
    endloop
  endfacet
  facet normal 0.44721359549995821 -6.9023997738229596e-29 0.89442719099991586
    outer loop
      vertex 0.34999999999999126 0.25 0.3250000000000044
      vertex 0.42666666666667563 0.26666666666666666 0.28666666666666218
      vertex 0.35000000000000403 0.31666666666666665 0.32499999999999801
    endloop
  endfacet
  facet normal 0.44721359549995782 -7.7075431300093108e-16 0.89442719099991608
    outer loop
      vertex 0.42666666666667563 0.26666666666666666 0.28666666666666218
      vertex 0.48333333333335082 0.31666666666666665 0.25833333333332464
      vertex 0.41666666666669283 0.33333333333333331 0.29166666666665364
    endloop
  endfacet
  facet normal 0.44721359549995798 -9.4819012797656971e-16 0.89442719099991597
    outer loop
      vertex 0.42666666666667563 0.26666666666666666 0.28666666666666218
      vertex 0.5166666666666585 0.26666666666666666 0.24166666666667075
      vertex 0.48333333333335082 0.31666666666666665 0.25833333333332464
    endloop
  endfacet
  facet normal 0.44721359549995826 8.3785527672076905e-16 0.89442719099991574
    outer loop
      vertex 0.5166666666666585 0.26666666666666666 0.24166666666667075
      vertex 0.57500000000000873 0.23333333333333334 0.21249999999999564
      vertex 0.58888888888889401 0.28888888888888892 0.20555555555555294
    endloop
  endfacet
  facet normal 0.44721359549995793 0 0.89442719099991586
    outer loop
      vertex 0.81666666666667709 0.28333333333333333 0.091666666666661456
      vertex 0.87777777777778809 0.24444444444444446 0.061111111111105954
      vertex 0.8666666666666667 0.31666666666666665 0.066666666666666652
    endloop
  endfacet
  facet normal 0.44721359549995798 0 0.89442719099991597
    outer loop
      vertex 0.87777777777778809 0.24444444444444446 0.061111111111105954
      vertex 0.91666666666666663 0.29999999999999999 0.041666666666666685
      vertex 0.8666666666666667 0.31666666666666665 0.066666666666666652
    endloop
  endfacet
  facet normal 0.44721359549995693 -1.6570596654322104e-15 0.89442719099991641
    outer loop
      vertex 0.95238095238093523 0.24285714285714285 0.023809523809532329
      vertex 0.97777777777778807 0.28333333333333333 0.01111111111110602
      vertex 0.91666666666666663 0.29999999999999999 0.041666666666666685
    endloop
  endfacet
  facet normal -0.44721359549995737 0 0.89442719099991619
    outer loop
      vertex -0.91666666666667185 0.29999999999999999 0.041666666666664076
      vertex -0.85555555555555296 0.32222222222222224 0.072222222222223464
      vertex -0.91666666666667185 0.36666666666666664 0.041666666666664076
    endloop
  endfacet
  facet normal -0.44721359549995859 -1.6457871507019631e-16 0.89442719099991552
    outer loop
      vertex -0.81666666666666665 0.28333333333333333 0.091666666666666646
      vertex -0.80000000000000004 0.34999999999999998 0.099999999999999978
      vertex -0.85555555555555296 0.32222222222222224 0.072222222222223464
    endloop
  endfacet
  facet normal -0.44721359549995887 -1.1636878843344417e-16 0.89442719099991541
    outer loop
      vertex -0.81666666666666665 0.28333333333333333 0.091666666666666646
      vertex -0.74999999999998834 0.29999999999999993 0.12500000000000588
      vertex -0.80000000000000004 0.34999999999999998 0.099999999999999978
    endloop
  endfacet
  facet normal -0.44721359549995737 0 0.89442719099991619
    outer loop
      vertex -0.74999999999998834 0.29999999999999993 0.12500000000000588
      vertex -0.68333333333333157 0.28333333333333333 0.15833333333333421
      vertex -0.68333333333333157 0.34999999999999998 0.15833333333333421
    endloop
  endfacet
  facet normal -0.44721359549995654 -9.425871863113518e-16 0.89442719099991652
    outer loop
      vertex -0.68333333333333157 0.28333333333333333 0.15833333333333421
      vertex -0.62222222222223511 0.28888888888888886 0.18888888888888233
      vertex -0.6166666666666446 0.34999999999999998 0.19166666666667764
    endloop
  endfacet
  facet normal -0.44721359549995737 0 0.89442719099991619
    outer loop
      vertex -0.68333333333333157 0.28333333333333333 0.15833333333333421
      vertex -0.6166666666666446 0.34999999999999998 0.19166666666667764
      vertex -0.68333333333333157 0.34999999999999998 0.15833333333333421
    endloop
  endfacet
  facet normal -0.4472135954999587 -7.2201543732614066e-16 0.89442719099991541
    outer loop
      vertex -0.62222222222223511 0.28888888888888886 0.18888888888888233
      vertex -0.56666666666666665 0.34999999999999998 0.21666666666666667
      vertex -0.6166666666666446 0.34999999999999998 0.19166666666667764
    endloop
  endfacet
  facet normal -0.44721359549995832 -7.5639712481754628e-16 0.89442719099991574
    outer loop
      vertex -0.56666666666666665 0.34999999999999998 0.21666666666666667
      vertex -0.51666666666666661 0.28333333333333333 0.24166666666666667
      vertex -0.51666666666666783 0.34999999999999998 0.24166666666666611
    endloop
  endfacet
  facet normal -0.44721359549995776 -6.2839145754101128e-16 0.89442719099991608
    outer loop
      vertex -0.51666666666666661 0.28333333333333333 0.24166666666666667
      vertex -0.45000000000003493 0.26666666666666672 0.27499999999998248
      vertex -0.45000000000001628 0.34999999999999998 0.27499999999999186
    endloop
  endfacet
  facet normal -0.44721359549995771 -7.4476024597417484e-16 0.89442719099991608
    outer loop
      vertex -0.51666666666666661 0.28333333333333333 0.24166666666666667
      vertex -0.45000000000001628 0.34999999999999998 0.27499999999999186
      vertex -0.51666666666666783 0.34999999999999998 0.24166666666666611
    endloop
  endfacet
  facet normal -0.44721359549995926 -5.9580819677897605e-16 0.89442719099991519
    outer loop
      vertex -0.45000000000003493 0.26666666666666672 0.27499999999998248
      vertex -0.3749999999999869 0.30833333333333335 0.31250000000000666
      vertex -0.45000000000001628 0.34999999999999998 0.27499999999999186
    endloop
  endfacet
  facet normal -0.44721359549995737 0 0.89442719099991597
    outer loop
      vertex -0.3749999999999869 0.30833333333333335 0.31250000000000666
      vertex -0.30000000000000349 0.28333333333333333 0.34999999999999831
      vertex -0.30000000000000349 0.3833333333333333 0.34999999999999831
    endloop
  endfacet
  facet normal -0.4472135954999566 -1.008529499757635e-15 0.89442719099991652
    outer loop
      vertex -0.3749999999999869 0.30833333333333335 0.31250000000000666
      vertex -0.30000000000000349 0.3833333333333333 0.34999999999999831
      vertex -0.34999999999998077 0.34999999999999998 0.32500000000000973
    endloop
  endfacet
  facet normal -0.44721359549995776 4.0729075951696027e-16 0.89442719099991597
    outer loop
      vertex -0.30000000000000349 0.28333333333333333 0.34999999999999831
      vertex -0.24999999999998254 0.28333333333333333 0.37500000000000877
      vertex -0.24999999999999536 0.34999999999999998 0.37500000000000233
    endloop
  endfacet
  facet normal -0.44721359549995732 0 0.89442719099991619
    outer loop
      vertex -0.30000000000000349 0.28333333333333333 0.34999999999999831
      vertex -0.24999999999999536 0.34999999999999998 0.37500000000000233
      vertex -0.30000000000000349 0.3833333333333333 0.34999999999999831
    endloop
  endfacet
  facet normal -0.44721359549995732 2.3273757686701303e-16 0.89442719099991619
    outer loop
      vertex -0.24999999999998254 0.28333333333333333 0.37500000000000877
      vertex -0.19999999999999996 0.28333333333333333 0.40000000000000002
      vertex -0.18333333333333329 0.34999999999999998 0.40833333333333333
    endloop
  endfacet
  facet normal -0.44721359549995748 3.7238012298719485e-16 0.89442719099991619
    outer loop
      vertex -0.24999999999998254 0.28333333333333333 0.37500000000000877
      vertex -0.18333333333333329 0.34999999999999998 0.40833333333333333
      vertex -0.24999999999999536 0.34999999999999998 0.37500000000000233
    endloop
  endfacet
  facet normal -0.44721359549995798 3.759607010927545e-16 0.89442719099991586
    outer loop
      vertex -0.19999999999999996 0.28333333333333333 0.40000000000000002
      vertex -0.14444444444444704 0.28888888888888892 0.42777777777777648
      vertex -0.18333333333333329 0.34999999999999998 0.40833333333333333
    endloop
  endfacet
  facet normal -0.44721359549995837 6.6850155057524367e-17 0.89442719099991563
    outer loop
      vertex -0.14444444444444704 0.28888888888888892 0.42777777777777648
      vertex -0.1333333333333333 0.3833333333333333 0.43333333333333335
      vertex -0.18333333333333329 0.34999999999999998 0.40833333333333333
    endloop
  endfacet
  facet normal -0.44721359549995776 -2.7561028839510458e-17 0.89442719099991586
    outer loop
      vertex -0.14444444444444704 0.28888888888888892 0.42777777777777648
      vertex -0.083333333333345555 0.33333333333333331 0.45833333333332721
      vertex -0.1333333333333333 0.3833333333333333 0.43333333333333335
    endloop
  endfacet
  facet normal -0.44749666022493312 2.4738974079243114e-05 0.89428560229689147
    outer loop
      vertex -0.049999999999999989 0.29999999999999999 0.47499999999999998
      vertex -0.0001241515791458419 0.26666666666666666 0.49995858165373497
      vertex -8.6782925017588186e-05 0.37333333333333329 0.49997433000524766
    endloop
  endfacet
  facet normal 0.44596482646167757 -0.00028838132162183739 0.89505044014022994
    outer loop
      vertex -0.0001241515791458419 0.26666666666666666 0.49995858165373497
      vertex 0.050000000000078572 0.31666666666666665 0.47499999999996068
      vertex -8.6782925017588186e-05 0.37333333333333329 0.49997433000524766
    endloop
  endfacet
  facet normal 0.44721359549995671 -3.9274466096313211e-16 0.89442719099991652
    outer loop
      vertex 0.11666666666669634 0.29999999999999999 0.44166666666665177
      vertex 0.18333333333332946 0.26666666666666672 0.40833333333333532
      vertex 0.15000000000001751 0.34999999999999998 0.42499999999999127
    endloop
  endfacet
  facet normal 0.44721359549995898 8.1772662142471947e-16 0.89442719099991541
    outer loop
      vertex 0.18333333333332946 0.26666666666666672 0.40833333333333532
      vertex 0.21999999999998715 0.35999999999999993 0.39000000000000634
      vertex 0.15000000000001751 0.34999999999999998 0.42499999999999127
    endloop
  endfacet
  facet normal 0.44721359549995854 1.0597871803755906e-15 0.89442719099991552
    outer loop
      vertex 0.18333333333332946 0.26666666666666672 0.40833333333333532
      vertex 0.25000000000003497 0.26666666666666666 0.37499999999998251
      vertex 0.21999999999998715 0.35999999999999993 0.39000000000000634
    endloop
  endfacet
  facet normal 0.44721359549995771 3.8789596144566333e-16 0.89442719099991597
    outer loop
      vertex 0.25000000000003497 0.26666666666666666 0.37499999999998251
      vertex 0.28888888888887077 0.28888888888888892 0.35555555555556462
      vertex 0.28333333333339444 0.34999999999999998 0.35833333333330275
    endloop
  endfacet
  facet normal 0.44721359549995737 5.7032227994554173e-16 0.89442719099991619
    outer loop
      vertex 0.25000000000003497 0.26666666666666666 0.37499999999998251
      vertex 0.28333333333339444 0.34999999999999998 0.35833333333330275
      vertex 0.21999999999998715 0.35999999999999993 0.39000000000000634
    endloop
  endfacet
  facet normal 0.44721359549995754 3.5534040753798266e-16 0.89442719099991608
    outer loop
      vertex 0.28888888888887077 0.28888888888888892 0.35555555555556462
      vertex 0.35000000000000403 0.31666666666666665 0.32499999999999801
      vertex 0.28333333333339444 0.34999999999999998 0.35833333333330275
    endloop
  endfacet
  facet normal 0.44721359549995782 -8.4122015735013937e-16 0.89442719099991597
    outer loop
      vertex 0.35000000000000403 0.31666666666666665 0.32499999999999801
      vertex 0.42666666666667563 0.26666666666666666 0.28666666666666218
      vertex 0.41666666666669283 0.33333333333333331 0.29166666666665364
    endloop
  endfacet
  facet normal 0.44721359549995915 0 0.8944271909999153
    outer loop
      vertex 0.48333333333335082 0.31666666666666665 0.25833333333332464
      vertex 0.5166666666666585 0.26666666666666666 0.24166666666667075
      vertex 0.55000000000002613 0.34999999999999998 0.22499999999998688
    endloop
  endfacet
  facet normal 0.44721359549995837 3.6748038452671051e-16 0.89442719099991563
    outer loop
      vertex 0.5166666666666585 0.26666666666666666 0.24166666666667075
      vertex 0.58888888888889401 0.28888888888888892 0.20555555555555294
      vertex 0.55000000000002613 0.34999999999999998 0.22499999999998688
    endloop
  endfacet
  facet normal 0.44721359549995743 -4.1560281583406877e-16 0.89442719099991619
    outer loop
      vertex 0.58888888888889401 0.28888888888888892 0.20555555555555294
      vertex 0.61999999999998157 0.35999999999999993 0.19000000000000922
      vertex 0.55000000000002613 0.34999999999999998 0.22499999999998688
    endloop
  endfacet
  facet normal 0.44721359549995787 -6.6530516338002161e-16 0.89442719099991586
    outer loop
      vertex 0.58888888888889401 0.28888888888888892 0.20555555555555294
      vertex 0.64999999999999125 0.28333333333333333 0.17500000000000432
      vertex 0.61999999999998157 0.35999999999999993 0.19000000000000922
    endloop
  endfacet
  facet normal 0.44721359549995793 -6.8118315180545765e-16 0.89442719099991597
    outer loop
      vertex 0.64999999999999125 0.28333333333333333 0.17500000000000432
      vertex 0.68333333333333335 0.34999999999999998 0.15833333333333333
      vertex 0.61999999999998157 0.35999999999999993 0.19000000000000922
    endloop
  endfacet
  facet normal 0.44721359549995643 1.7455318265021045e-16 0.89442719099991674
    outer loop
      vertex 0.64999999999999125 0.28333333333333333 0.17500000000000432
      vertex 0.69999999999998253 0.25 0.15000000000000879
      vertex 0.68333333333333335 0.34999999999999998 0.15833333333333333
    endloop
  endfacet
  facet normal 0.44721359549995793 0 0.89442719099991586
    outer loop
      vertex 0.69999999999998253 0.25 0.15000000000000879
      vertex 0.74999999999999123 0.28333333333333333 0.12500000000000444
      vertex 0.74999999999999123 0.34999999999999998 0.12500000000000444
    endloop
  endfacet
  facet normal 0.44721359549995732 3.709255131317217e-16 0.89442719099991619
    outer loop
      vertex 0.69999999999998253 0.25 0.15000000000000879
      vertex 0.74999999999999123 0.34999999999999998 0.12500000000000444
      vertex 0.68333333333333335 0.34999999999999998 0.15833333333333333
    endloop
  endfacet
  facet normal 0.44721359549995854 0 0.89442719099991552
    outer loop
      vertex 0.74999999999999123 0.28333333333333333 0.12500000000000444
      vertex 0.81666666666667709 0.28333333333333333 0.091666666666661456
      vertex 0.81666666666665799 0.34999999999999998 0.091666666666671004
    endloop
  endfacet
  facet normal 0.44721359549995854 -0 0.89442719099991552
    outer loop
      vertex 0.74999999999999123 0.28333333333333333 0.12500000000000444
      vertex 0.81666666666665799 0.34999999999999998 0.091666666666671004
      vertex 0.74999999999999123 0.34999999999999998 0.12500000000000444
    endloop
  endfacet
  facet normal 0.44721359549995793 0 0.89442719099991586
    outer loop
      vertex 0.81666666666667709 0.28333333333333333 0.091666666666661456
      vertex 0.8666666666666667 0.31666666666666665 0.066666666666666652
      vertex 0.81666666666665799 0.34999999999999998 0.091666666666671004
    endloop
  endfacet
  facet normal 0.44721359549995798 0 0.89442719099991597
    outer loop
      vertex 0.8666666666666667 0.31666666666666665 0.066666666666666652
      vertex 0.91666666666666663 0.29999999999999999 0.041666666666666685
      vertex 0.91666666666666663 0.36666666666666664 0.041666666666666685
    endloop
  endfacet
  facet normal 0.44721359549995732 0 0.89442719099991619
    outer loop
      vertex 0.91666666666666663 0.29999999999999999 0.041666666666666685
      vertex 0.97777777777778807 0.28333333333333333 0.01111111111110602
      vertex 0.97777777777778807 0.35000000000000003 0.01111111111110602
    endloop
  endfacet
  facet normal -0.44721359549995732 0 0.89442719099991608
    outer loop
      vertex -0.97999999999996812 0.29333333333333328 0.010000000000015996
      vertex -0.91666666666667185 0.29999999999999999 0.041666666666664076
      vertex -0.91666666666667185 0.36666666666666664 0.041666666666664076
    endloop
  endfacet
  facet normal -0.44721359549995782 5.4730303924604884e-16 0.89442719099991597
    outer loop
      vertex -0.97999999999996812 0.29333333333333328 0.010000000000015996
      vertex -0.91666666666667185 0.36666666666666664 0.041666666666664076
      vertex -0.97777777777778807 0.3833333333333333 0.011111111111105965
    endloop
  endfacet
  facet normal -0.44721359549995732 -9.7425032176882568e-17 0.89442719099991619
    outer loop
      vertex -0.91666666666667185 0.36666666666666664 0.041666666666664076
      vertex -0.85555555555555296 0.32222222222222224 0.072222222222223464
      vertex -0.85000000000003317 0.3833333333333333 0.074999999999983358
    endloop
  endfacet
  facet normal -0.44721359549995865 8.2289357535072652e-17 0.89442719099991552
    outer loop
      vertex -0.85555555555555296 0.32222222222222224 0.072222222222223464
      vertex -0.80000000000000004 0.34999999999999998 0.099999999999999978
      vertex -0.85000000000003317 0.3833333333333333 0.074999999999983358
    endloop
  endfacet
  facet normal -0.44721359549995882 0 0.89442719099991552
    outer loop
      vertex -0.80000000000000004 0.34999999999999998 0.099999999999999978
      vertex -0.74999999999998834 0.29999999999999993 0.12500000000000588
      vertex -0.74999999999999123 0.3833333333333333 0.12500000000000444
    endloop
  endfacet
  facet normal -0.44721359549995737 2.5797719154671351e-29 0.8944271909999163
    outer loop
      vertex -0.74999999999998834 0.29999999999999993 0.12500000000000588
      vertex -0.68333333333333157 0.34999999999999998 0.15833333333333421
      vertex -0.74999999999999123 0.3833333333333333 0.12500000000000444
    endloop
  endfacet
  facet normal -0.44721359549995876 7.1190317629858546e-16 0.89442719099991563
    outer loop
      vertex -0.45000000000001628 0.34999999999999998 0.27499999999999186
      vertex -0.3749999999999869 0.30833333333333335 0.31250000000000666
      vertex -0.40000000000000002 0.41666666666666663 0.29999999999999999
    endloop
  endfacet
  facet normal -0.44721359549995882 6.5942313445609402e-16 0.89442719099991541
    outer loop
      vertex -0.3749999999999869 0.30833333333333335 0.31250000000000666
      vertex -0.34999999999998077 0.34999999999999998 0.32500000000000973
      vertex -0.40000000000000002 0.41666666666666663 0.29999999999999999
    endloop
  endfacet
  facet normal -0.44721359549995771 0 0.89442719099991586
    outer loop
      vertex -0.1333333333333333 0.3833333333333333 0.43333333333333335
      vertex -0.083333333333345555 0.33333333333333331 0.45833333333332721
      vertex -0.083333333333345555 0.39999999999999997 0.45833333333332721
    endloop
  endfacet
  facet normal -0.4473164697807881 -0.0001286011716903895 0.89437573721819619
    outer loop
      vertex -0.083333333333345555 0.33333333333333331 0.45833333333332721
      vertex -0.049999999999999989 0.29999999999999999 0.47499999999999998
      vertex -8.6782925017588186e-05 0.37333333333333329 0.49997433000524766
    endloop
  endfacet
  facet normal 0.44583623792501292 -0.00043024573834151396 0.8951144417567376
    outer loop
      vertex -8.6782925017588186e-05 0.37333333333333329 0.49997433000524766
      vertex 0.050000000000078572 0.31666666666666665 0.47499999999996068
      vertex 0.033333333333333437 0.3833333333333333 0.48333333333333328
    endloop
  endfacet
  facet normal 0.44721359549995809 -4.5092905517957115e-16 0.89442719099991574
    outer loop
      vertex 0.050000000000078572 0.31666666666666665 0.47499999999996068
      vertex 0.083333333333345555 0.3833333333333333 0.45833333333332721
      vertex 0.033333333333333437 0.3833333333333333 0.48333333333333328
    endloop
  endfacet
  facet normal 0.44721359549995804 -3.8789596144522512e-16 0.89442719099991586
    outer loop
      vertex 0.050000000000078572 0.31666666666666665 0.47499999999996068
      vertex 0.11666666666669634 0.29999999999999999 0.44166666666665177
      vertex 0.083333333333345555 0.3833333333333333 0.45833333333332721
    endloop
  endfacet
  facet normal 0.44721359549995715 -8.291276175884716e-16 0.8944271909999163
    outer loop
      vertex 0.11666666666669634 0.29999999999999999 0.44166666666665177
      vertex 0.15000000000001751 0.34999999999999998 0.42499999999999127
      vertex 0.083333333333345555 0.3833333333333333 0.45833333333332721
    endloop
  endfacet
  facet normal 0.44721359549995737 0 0.89442719099991619
    outer loop
      vertex 0.28333333333339444 0.34999999999999998 0.35833333333330275
      vertex 0.35000000000000403 0.31666666666666665 0.32499999999999801
      vertex 0.34999999999999126 0.3833333333333333 0.3250000000000044
    endloop
  endfacet
  facet normal 0.44721359549995765 -7.9377597398948931e-29 0.89442719099991597
    outer loop
      vertex 0.35000000000000403 0.31666666666666665 0.32499999999999801
      vertex 0.41666666666669283 0.33333333333333331 0.29166666666665364
      vertex 0.34999999999999126 0.3833333333333333 0.3250000000000044
    endloop
  endfacet
  facet normal 0.44721359549995804 8.7682528959175398e-16 0.89442719099991574
    outer loop
      vertex 0.41666666666669283 0.33333333333333331 0.29166666666665364
      vertex 0.48333333333335082 0.31666666666666665 0.25833333333332464
      vertex 0.47777777777781139 0.37777777777777777 0.26111111111109431
    endloop
  endfacet
  facet normal 0.44721359549995865 -0 0.89442719099991552
    outer loop
      vertex 0.41666666666669283 0.33333333333333331 0.29166666666665364
      vertex 0.47777777777781139 0.37777777777777777 0.26111111111109431
      vertex 0.41666666666669283 0.39999999999999997 0.29166666666665364
    endloop
  endfacet
  facet normal 0.44721359549995882 9.0502030569722821e-16 0.89442719099991552
    outer loop
      vertex 0.48333333333335082 0.31666666666666665 0.25833333333332464
      vertex 0.55000000000002613 0.34999999999999998 0.22499999999998688
      vertex 0.47777777777781139 0.37777777777777777 0.26111111111109431
    endloop
  endfacet
  facet normal 0.44721359549995798 0 0.89442719099991597
    outer loop
      vertex 0.81666666666665799 0.34999999999999998 0.091666666666671004
      vertex 0.8666666666666667 0.31666666666666665 0.066666666666666652
      vertex 0.8833333333333333 0.39999999999999997 0.058333333333333348
    endloop
  endfacet
  facet normal 0.44721359549995793 0 0.89442719099991586
    outer loop
      vertex 0.8666666666666667 0.31666666666666665 0.066666666666666652
      vertex 0.91666666666666663 0.36666666666666664 0.041666666666666685
      vertex 0.8833333333333333 0.39999999999999997 0.058333333333333348
    endloop
  endfacet
  facet normal 0.44721359549995737 -0 0.8944271909999163
    outer loop
      vertex 0.91666666666666663 0.29999999999999999 0.041666666666666685
      vertex 0.97777777777778807 0.35000000000000003 0.01111111111110602
      vertex 0.91666666666666663 0.36666666666666664 0.041666666666666685
    endloop
  endfacet
  facet normal -0.44721359549995732 0 0.89442719099991619
    outer loop
      vertex -0.91666666666667185 0.36666666666666664 0.041666666666664076
      vertex -0.85000000000003317 0.3833333333333333 0.074999999999983358
      vertex -0.91666666666667185 0.43333333333333335 0.041666666666664076
    endloop
  endfacet
  facet normal -0.44721359549995843 6.9821273060039362e-16 0.89442719099991574
    outer loop
      vertex -0.85000000000003317 0.3833333333333333 0.074999999999983358
      vertex -0.80000000000000004 0.34999999999999998 0.099999999999999978
      vertex -0.78333333333333455 0.43333333333333324 0.10833333333333267
    endloop
  endfacet
  facet normal -0.44721359549995915 9.1304741693930645e-16 0.89442719099991519
    outer loop
      vertex -0.80000000000000004 0.34999999999999998 0.099999999999999978
      vertex -0.74999999999999123 0.3833333333333333 0.12500000000000444
      vertex -0.78333333333333455 0.43333333333333324 0.10833333333333267
    endloop
  endfacet
  facet normal -0.44721359549995743 0 0.89442719099991619
    outer loop
      vertex -0.74999999999999123 0.3833333333333333 0.12500000000000444
      vertex -0.68333333333333157 0.34999999999999998 0.15833333333333421
      vertex -0.68333333333333157 0.41666666666666663 0.15833333333333421
    endloop
  endfacet
  facet normal -0.44721359549995737 0 0.8944271909999163
    outer loop
      vertex -0.68333333333333157 0.34999999999999998 0.15833333333333421
      vertex -0.6166666666666446 0.34999999999999998 0.19166666666667764
      vertex -0.6166666666666446 0.41666666666666669 0.19166666666667764
    endloop
  endfacet
  facet normal -0.44721359549995737 0 0.89442719099991619
    outer loop
      vertex -0.68333333333333157 0.34999999999999998 0.15833333333333421
      vertex -0.6166666666666446 0.41666666666666669 0.19166666666667764
      vertex -0.68333333333333157 0.41666666666666663 0.15833333333333421
    endloop
  endfacet
  facet normal -0.44721359549995876 0 0.89442719099991552
    outer loop
      vertex -0.6166666666666446 0.34999999999999998 0.19166666666667764
      vertex -0.56666666666666665 0.34999999999999998 0.21666666666666667
      vertex -0.6166666666666446 0.41666666666666669 0.19166666666667764
    endloop
  endfacet
  facet normal -0.44721359549995832 0 0.89442719099991574
    outer loop
      vertex -0.56666666666666665 0.34999999999999998 0.21666666666666667
      vertex -0.51666666666666783 0.34999999999999998 0.24166666666666611
      vertex -0.51666666666666783 0.41666666666666663 0.24166666666666611
    endloop
  endfacet
  facet normal -0.44721359549995771 0 0.89442719099991608
    outer loop
      vertex -0.51666666666666783 0.34999999999999998 0.24166666666666611
      vertex -0.45000000000001628 0.34999999999999998 0.27499999999999186
      vertex -0.45000000000001628 0.41666666666666663 0.27499999999999186
    endloop
  endfacet
  facet normal -0.44721359549995771 0 0.89442719099991608
    outer loop
      vertex -0.51666666666666783 0.34999999999999998 0.24166666666666611
      vertex -0.45000000000001628 0.41666666666666663 0.27499999999999186
      vertex -0.51666666666666783 0.41666666666666663 0.24166666666666611
    endloop
  endfacet
  facet normal -0.44721359549995798 0 0.89442719099991597
    outer loop
      vertex -0.45000000000001628 0.34999999999999998 0.27499999999999186
      vertex -0.40000000000000002 0.41666666666666663 0.29999999999999999
      vertex -0.45000000000001628 0.41666666666666663 0.27499999999999186
    endloop
  endfacet
  facet normal -0.44721359549995798 1.5127942496351805e-15 0.89442719099991597
    outer loop
      vertex -0.40000000000000002 0.41666666666666663 0.29999999999999999
      vertex -0.34999999999998077 0.34999999999999998 0.32500000000000973
      vertex -0.35000000000000409 0.41666666666666663 0.32499999999999796
    endloop
  endfacet
  facet normal -0.44721359549995793 1.4895204919483443e-15 0.89442719099991586
    outer loop
      vertex -0.34999999999998077 0.34999999999999998 0.32500000000000973
      vertex -0.30000000000000349 0.3833333333333333 0.34999999999999831
      vertex -0.35000000000000409 0.41666666666666663 0.32499999999999796
    endloop
  endfacet
  facet normal -0.44721359549995732 0 0.89442719099991619
    outer loop
      vertex -0.30000000000000349 0.3833333333333333 0.34999999999999831
      vertex -0.24999999999999536 0.34999999999999998 0.37500000000000233
      vertex -0.24999999999999536 0.41666666666666663 0.37500000000000233
    endloop
  endfacet
  facet normal -0.44721359549995748 0 0.89442719099991619
    outer loop
      vertex -0.24999999999999536 0.34999999999999998 0.37500000000000233
      vertex -0.18333333333333329 0.34999999999999998 0.40833333333333333
      vertex -0.18333333333333329 0.41666666666666663 0.40833333333333333
    endloop
  endfacet
  facet normal -0.44721359549995748 0 0.89442719099991619
    outer loop
      vertex -0.24999999999999536 0.34999999999999998 0.37500000000000233
      vertex -0.18333333333333329 0.41666666666666663 0.40833333333333333
      vertex -0.24999999999999536 0.41666666666666663 0.37500000000000233
    endloop
  endfacet
  facet normal -0.44721359549995837 0 0.89442719099991574
    outer loop
      vertex -0.18333333333333329 0.34999999999999998 0.40833333333333333
      vertex -0.1333333333333333 0.3833333333333333 0.43333333333333335
      vertex -0.18333333333333329 0.41666666666666663 0.40833333333333333
    endloop
  endfacet
  facet normal -0.44736590007468513 0 0.89435102250199661
    outer loop
      vertex -0.083333333333345555 0.33333333333333331 0.45833333333332721
      vertex -8.6782925017588186e-05 0.37333333333333329 0.49997433000524766
      vertex -0.083333333333345555 0.39999999999999997 0.45833333333332721
    endloop
  endfacet
  facet normal 0.44721359549995765 4.4885104110040396e-16 0.89442719099991597
    outer loop
      vertex 0.083333333333345555 0.3833333333333333 0.45833333333332721
      vertex 0.15000000000001751 0.34999999999999998 0.42499999999999127
      vertex 0.13333333333336825 0.41666666666666663 0.43333333333331586
    endloop
  endfacet
  facet normal 0.44721359549995771 4.9456735084257548e-16 0.89442719099991597
    outer loop
      vertex 0.15000000000001751 0.34999999999999998 0.42499999999999127
      vertex 0.18333333333333335 0.41666666666666663 0.40833333333333333
      vertex 0.13333333333336825 0.41666666666666663 0.43333333333331586
    endloop
  endfacet
  facet normal 0.44721359549995915 -3.5805781056466303e-16 0.8944271909999153
    outer loop
      vertex 0.15000000000001751 0.34999999999999998 0.42499999999999127
      vertex 0.21999999999998715 0.35999999999999993 0.39000000000000634
      vertex 0.18333333333333335 0.41666666666666663 0.40833333333333333
    endloop
  endfacet
  facet normal 0.44721359549995726 0 0.89442719099991619
    outer loop
      vertex 0.21999999999998715 0.35999999999999993 0.39000000000000634
      vertex 0.28333333333339444 0.34999999999999998 0.35833333333330275
      vertex 0.28333333333339444 0.41666666666666663 0.35833333333330275
    endloop
  endfacet
  facet normal 0.44721359549995737 -0 0.89442719099991619
    outer loop
      vertex 0.28333333333339444 0.34999999999999998 0.35833333333330275
      vertex 0.34999999999999126 0.3833333333333333 0.3250000000000044
      vertex 0.28333333333339444 0.41666666666666663 0.35833333333330275
    endloop
  endfacet
  facet normal 0.44721359549995759 0 0.89442719099991597
    outer loop
      vertex 0.34999999999999126 0.3833333333333333 0.3250000000000044
      vertex 0.41666666666669283 0.33333333333333331 0.29166666666665364
      vertex 0.41666666666669283 0.39999999999999997 0.29166666666665364
    endloop
  endfacet
  facet normal 0.44721359549995837 -4.9872337900075337e-16 0.89442719099991574
    outer loop
      vertex 0.47777777777781139 0.37777777777777777 0.26111111111109431
      vertex 0.55000000000002613 0.34999999999999998 0.22499999999998688
      vertex 0.5166666666666585 0.41666666666666674 0.24166666666667075
    endloop
  endfacet
  facet normal 0.44721359549995787 -7.4185102626311888e-16 0.89442719099991574
    outer loop
      vertex 0.55000000000002613 0.34999999999999998 0.22499999999998688
      vertex 0.58333333333334547 0.41666666666666663 0.20833333333332726
      vertex 0.5166666666666585 0.41666666666666674 0.24166666666667075
    endloop
  endfacet
  facet normal 0.44721359549995737 -4.0281503688533759e-16 0.89442719099991619
    outer loop
      vertex 0.55000000000002613 0.34999999999999998 0.22499999999998688
      vertex 0.61999999999998157 0.35999999999999993 0.19000000000000922
      vertex 0.58333333333334547 0.41666666666666663 0.20833333333332726
    endloop
  endfacet
  facet normal 0.44721359549995793 0 0.89442719099991586
    outer loop
      vertex 0.61999999999998157 0.35999999999999993 0.19000000000000922
      vertex 0.68333333333333335 0.34999999999999998 0.15833333333333333
      vertex 0.68333333333333335 0.41666666666666663 0.15833333333333333
    endloop
  endfacet
  facet normal 0.44721359549995732 0 0.89442719099991619
    outer loop
      vertex 0.68333333333333335 0.34999999999999998 0.15833333333333333
      vertex 0.74999999999999123 0.34999999999999998 0.12500000000000444
      vertex 0.74999999999999123 0.41666666666666663 0.12500000000000444
    endloop
  endfacet
  facet normal 0.44721359549995732 -0 0.89442719099991619
    outer loop
      vertex 0.68333333333333335 0.34999999999999998 0.15833333333333333
      vertex 0.74999999999999123 0.41666666666666663 0.12500000000000444
      vertex 0.68333333333333335 0.41666666666666663 0.15833333333333333
    endloop
  endfacet
  facet normal 0.44721359549995854 0 0.89442719099991552
    outer loop
      vertex 0.74999999999999123 0.34999999999999998 0.12500000000000444
      vertex 0.81666666666665799 0.34999999999999998 0.091666666666671004
      vertex 0.81666666666665799 0.41666666666666663 0.091666666666671004
    endloop
  endfacet
  facet normal 0.44721359549995854 -0 0.89442719099991552
    outer loop
      vertex 0.74999999999999123 0.34999999999999998 0.12500000000000444
      vertex 0.81666666666665799 0.41666666666666663 0.091666666666671004
      vertex 0.74999999999999123 0.41666666666666663 0.12500000000000444
    endloop
  endfacet
  facet normal 0.44721359549995793 -0 0.89442719099991586
    outer loop
      vertex 0.81666666666665799 0.34999999999999998 0.091666666666671004
      vertex 0.8833333333333333 0.39999999999999997 0.058333333333333348
      vertex 0.81666666666665799 0.41666666666666663 0.091666666666671004
    endloop
  endfacet
  facet normal 0.44721359549995726 0 0.89442719099991619
    outer loop
      vertex 0.91666666666666663 0.36666666666666664 0.041666666666666685
      vertex 0.97777777777778807 0.35000000000000003 0.01111111111110602
      vertex 0.97777777777778807 0.41666666666666663 0.01111111111110602
    endloop
  endfacet
  facet normal -0.44721359549995787 0 0.89442719099991574
    outer loop
      vertex -0.97777777777778807 0.3833333333333333 0.011111111111105965
      vertex -0.91666666666667185 0.36666666666666664 0.041666666666664076
      vertex -0.91666666666667185 0.43333333333333335 0.041666666666664076
    endloop
  endfacet
  facet normal -0.44721359549995837 6.3411898384641559e-16 0.89442719099991574
    outer loop
      vertex -0.97777777777778807 0.3833333333333333 0.011111111111105965
      vertex -0.91666666666667185 0.43333333333333335 0.041666666666664076
      vertex -0.96666666666666945 0.47000000000000008 0.01666666666666522
    endloop
  endfacet
  facet normal -0.44721359549995743 0 0.89442719099991619
    outer loop
      vertex -0.91666666666667185 0.43333333333333335 0.041666666666664076
      vertex -0.85000000000003317 0.3833333333333333 0.074999999999983358
      vertex -0.85000000000003317 0.45000000000000001 0.074999999999983358
    endloop
  endfacet
  facet normal -0.44721359549995798 0 0.89442719099991597
    outer loop
      vertex -0.85000000000003317 0.3833333333333333 0.074999999999983358
      vertex -0.78333333333333455 0.43333333333333324 0.10833333333333267
      vertex -0.85000000000003317 0.45000000000000001 0.074999999999983358
    endloop
  endfacet
  facet normal -0.44721359549995976 4.3005856594968183e-16 0.89442719099991486
    outer loop
      vertex -0.74999999999999123 0.3833333333333333 0.12500000000000444
      vertex -0.73333333333332773 0.47333333333333333 0.13333333333333619
      vertex -0.78333333333333455 0.43333333333333324 0.10833333333333267
    endloop
  endfacet
  facet normal -0.44721359549995737 -1.4249239400017613e-16 0.8944271909999163
    outer loop
      vertex -0.74999999999999123 0.3833333333333333 0.12500000000000444
      vertex -0.68333333333333157 0.41666666666666663 0.15833333333333421
      vertex -0.73333333333332773 0.47333333333333333 0.13333333333333619
    endloop
  endfacet
  facet normal -0.4472135954999592 -4.3124903948891894e-16 0.8944271909999153
    outer loop
      vertex -0.6166666666666446 0.41666666666666669 0.19166666666667764
      vertex -0.56666666666666665 0.34999999999999998 0.21666666666666667
      vertex -0.58333333333332638 0.46666666666666667 0.20833333333333684
    endloop
  endfacet
  facet normal -0.44721359549995815 -2.3739232840429095e-16 0.89442719099991586
    outer loop
      vertex -0.56666666666666665 0.34999999999999998 0.21666666666666667
      vertex -0.51666666666666783 0.41666666666666663 0.24166666666666611
      vertex -0.58333333333332638 0.46666666666666667 0.20833333333333684
    endloop
  endfacet
  facet normal -0.44721359549995776 2.6182977397537016e-16 0.89442719099991597
    outer loop
      vertex -0.1333333333333333 0.3833333333333333 0.43333333333333335
      vertex -0.083333333333345555 0.39999999999999997 0.45833333333332721
      vertex -0.11666666666666375 0.46666666666666667 0.4416666666666681
    endloop
  endfacet
  facet normal -0.44737470040707328 -3.4347463085942444e-05 0.89434661974870411
    outer loop
      vertex -0.083333333333345555 0.39999999999999997 0.45833333333332721
      vertex -8.6782925017588186e-05 0.37333333333333329 0.49997433000524766
      vertex -0.0001241515791458419 0.44999999999999996 0.49995858165373497
    endloop
  endfacet
  facet normal 0.44561320366265084 0.00049988148714089997 0.89522545922242847
    outer loop
      vertex -8.6782925017588186e-05 0.37333333333333329 0.49997433000524766
      vertex 0.033333333333333437 0.3833333333333333 0.48333333333333328
      vertex 0.050000000000000044 0.44999999999999996 0.47499999999999998
    endloop
  endfacet
  facet normal 0.44573431030740518 0.00040113740551860912 0.89516521586998876
    outer loop
      vertex -8.6782925017588186e-05 0.37333333333333329 0.49997433000524766
      vertex 0.050000000000000044 0.44999999999999996 0.47499999999999998
      vertex -0.0001241515791458419 0.44999999999999996 0.49995858165373497
    endloop
  endfacet
  facet normal 0.44721359549995809 -5.8184394216718857e-17 0.89442719099991574
    outer loop
      vertex 0.033333333333333437 0.3833333333333333 0.48333333333333328
      vertex 0.083333333333345555 0.3833333333333333 0.45833333333332721
      vertex 0.050000000000000044 0.44999999999999996 0.47499999999999998
    endloop
  endfacet
  facet normal 0.44721359549995832 0 0.89442719099991574
    outer loop
      vertex 0.083333333333345555 0.3833333333333333 0.45833333333332721
      vertex 0.11666666666666375 0.46666666666666667 0.4416666666666681
      vertex 0.050000000000000044 0.44999999999999996 0.47499999999999998
    endloop
  endfacet
  facet normal 0.44721359549995782 2.2215859610007886e-16 0.89442719099991586
    outer loop
      vertex 0.083333333333345555 0.3833333333333333 0.45833333333332721
      vertex 0.13333333333336825 0.41666666666666663 0.43333333333331586
      vertex 0.11666666666666375 0.46666666666666667 0.4416666666666681
    endloop
  endfacet
  facet normal 0.44721359549995848 -9.3254440046006423e-16 0.89442719099991563
    outer loop
      vertex 0.18333333333333335 0.41666666666666663 0.40833333333333333
      vertex 0.21999999999998715 0.35999999999999993 0.39000000000000634
      vertex 0.23333333333333339 0.44999999999999996 0.3833333333333333
    endloop
  endfacet
  facet normal 0.44721359549995787 -8.2373412037073783e-16 0.89442719099991597
    outer loop
      vertex 0.21999999999998715 0.35999999999999993 0.39000000000000634
      vertex 0.28333333333339444 0.41666666666666663 0.35833333333330275
      vertex 0.23333333333333339 0.44999999999999996 0.3833333333333333
    endloop
  endfacet
  facet normal 0.44721359549995754 4.6310028050103763e-16 0.89442719099991619
    outer loop
      vertex 0.28333333333339444 0.41666666666666663 0.35833333333330275
      vertex 0.34999999999999126 0.3833333333333333 0.3250000000000044
      vertex 0.33333333333333331 0.47333333333333333 0.33333333333333331
    endloop
  endfacet
  facet normal 0.44721359549995715 3.7562077279153113e-16 0.8944271909999163
    outer loop
      vertex 0.34999999999999126 0.3833333333333333 0.3250000000000044
      vertex 0.38333333333333736 0.46666666666666667 0.30833333333333135
      vertex 0.33333333333333331 0.47333333333333333 0.33333333333333331
    endloop
  endfacet
  facet normal 0.44721359549995765 1.5515838457787085e-16 0.89442719099991608
    outer loop
      vertex 0.34999999999999126 0.3833333333333333 0.3250000000000044
      vertex 0.41666666666669283 0.39999999999999997 0.29166666666665364
      vertex 0.38333333333333736 0.46666666666666667 0.30833333333333135
    endloop
  endfacet
  facet normal 0.44721359549995843 -4.5979862746879488e-16 0.89442719099991563
    outer loop
      vertex 0.41666666666669283 0.39999999999999997 0.29166666666665364
      vertex 0.47777777777781139 0.37777777777777777 0.26111111111109431
      vertex 0.4500000000000175 0.44999999999999996 0.27499999999999131
    endloop
  endfacet
  facet normal 0.44721359549995832 -4.9872337900087456e-16 0.89442719099991574
    outer loop
      vertex 0.47777777777781139 0.37777777777777777 0.26111111111109431
      vertex 0.5166666666666585 0.41666666666666674 0.24166666666667075
      vertex 0.4500000000000175 0.44999999999999996 0.27499999999999131
    endloop
  endfacet
  facet normal 0.44721359549995837 3.1287834626005134e-16 0.89442719099991563
    outer loop
      vertex 0.58333333333334547 0.41666666666666663 0.20833333333332726
      vertex 0.61999999999998157 0.35999999999999993 0.19000000000000922
      vertex 0.60833333333332462 0.45833333333333326 0.19583333333333766
    endloop
  endfacet
  facet normal 0.44721359549995776 2.252299130969895e-16 0.89442719099991597
    outer loop
      vertex 0.61999999999998157 0.35999999999999993 0.19000000000000922
      vertex 0.68333333333333335 0.41666666666666663 0.15833333333333333
      vertex 0.60833333333332462 0.45833333333333326 0.19583333333333766
    endloop
  endfacet
  facet normal 0.44721359549995787 -4.3337341899353517e-16 0.89442719099991586
    outer loop
      vertex 0.81666666666665799 0.41666666666666663 0.091666666666671004
      vertex 0.8833333333333333 0.39999999999999997 0.058333333333333348
      vertex 0.85833333333333339 0.46666666666666662 0.070833333333333331
    endloop
  endfacet
  facet normal 0.44721359549995793 0 0.89442719099991586
    outer loop
      vertex 0.8833333333333333 0.39999999999999997 0.058333333333333348
      vertex 0.91666666666666663 0.36666666666666664 0.041666666666666685
      vertex 0.95238095238093434 0.45714285714285707 0.023809523809532829
    endloop
  endfacet
  facet normal 0.44721359549995698 4.6629754799818307e-16 0.8944271909999163
    outer loop
      vertex 0.91666666666666663 0.36666666666666664 0.041666666666666685
      vertex 0.97777777777778807 0.41666666666666663 0.01111111111110602
      vertex 0.95238095238093434 0.45714285714285707 0.023809523809532829
    endloop
  endfacet
  facet normal -0.44721359549995726 -4.4885104110067297e-16 0.8944271909999163
    outer loop
      vertex -0.91666666666667185 0.43333333333333335 0.041666666666664076
      vertex -0.85000000000003317 0.45000000000000001 0.074999999999983358
      vertex -0.88888888888891737 0.48888888888888893 0.055555555555541314
    endloop
  endfacet
  facet normal -0.44721359549995787 0 0.89442719099991574
    outer loop
      vertex -0.85000000000003317 0.45000000000000001 0.074999999999983358
      vertex -0.78333333333333455 0.43333333333333324 0.10833333333333267
      vertex -0.81666666666670862 0.5 0.091666666666645635
    endloop
  endfacet
  facet normal -0.44721359549995704 1.1483762016461695e-16 0.8944271909999163
    outer loop
      vertex -0.68333333333333157 0.41666666666666663 0.15833333333333421
      vertex -0.64666666666667094 0.49333333333333329 0.17666666666666447
      vertex -0.73333333333332773 0.47333333333333333 0.13333333333333619
    endloop
  endfacet
  facet normal -0.44721359549995737 2.6562440838065676e-16 0.89442719099991619
    outer loop
      vertex -0.68333333333333157 0.41666666666666663 0.15833333333333421
      vertex -0.6166666666666446 0.41666666666666669 0.19166666666667764
      vertex -0.64666666666667094 0.49333333333333329 0.17666666666666447
    endloop
  endfacet
  facet normal -0.44721359549995909 -5.4996208232252285e-16 0.89442719099991519
    outer loop
      vertex -0.6166666666666446 0.41666666666666669 0.19166666666667764
      vertex -0.58333333333332638 0.46666666666666667 0.20833333333333684
      vertex -0.64666666666667094 0.49333333333333329 0.17666666666666447
    endloop
  endfacet
  facet normal -0.44721359549995771 3.4910636530026657e-16 0.89442719099991608
    outer loop
      vertex -0.58333333333332638 0.46666666666666667 0.20833333333333684
      vertex -0.51666666666666783 0.41666666666666663 0.24166666666666611
      vertex -0.51666666666662364 0.48333333333333334 0.24166666666668818
    endloop
  endfacet
  facet normal -0.44721359549995771 0 0.89442719099991608
    outer loop
      vertex -0.51666666666666783 0.41666666666666663 0.24166666666666611
      vertex -0.45000000000001628 0.41666666666666663 0.27499999999999186
      vertex -0.44999999999999885 0.48333333333333328 0.27500000000000058
    endloop
  endfacet
  facet normal -0.44721359549995798 3.7238012298710502e-16 0.89442719099991597
    outer loop
      vertex -0.51666666666666783 0.41666666666666663 0.24166666666666611
      vertex -0.44999999999999885 0.48333333333333328 0.27500000000000058
      vertex -0.51666666666662364 0.48333333333333334 0.24166666666668818
    endloop
  endfacet
  facet normal -0.44721359549995798 0 0.89442719099991597
    outer loop
      vertex -0.45000000000001628 0.41666666666666663 0.27499999999999186
      vertex -0.40000000000000002 0.41666666666666663 0.29999999999999999
      vertex -0.44999999999999885 0.48333333333333328 0.27500000000000058
    endloop
  endfacet
  facet normal -0.44721359549995793 3.2225202950808526e-16 0.89442719099991586
    outer loop
      vertex -0.40000000000000002 0.41666666666666663 0.29999999999999999
      vertex -0.35000000000000409 0.41666666666666663 0.32499999999999796
      vertex -0.37777777777776483 0.48888888888888893 0.31111111111111756
    endloop
  endfacet
  facet normal -0.44721359549995826 1.9352635467738279e-16 0.89442719099991574
    outer loop
      vertex -0.35000000000000409 0.41666666666666663 0.32499999999999796
      vertex -0.31666666666665155 0.48333333333333334 0.34166666666667422
      vertex -0.37777777777776483 0.48888888888888893 0.31111111111111756
    endloop
  endfacet
  facet normal -0.44721359549995843 3.709255131316156e-16 0.89442719099991552
    outer loop
      vertex -0.35000000000000409 0.41666666666666663 0.32499999999999796
      vertex -0.30000000000000349 0.3833333333333333 0.34999999999999831
      vertex -0.31666666666665155 0.48333333333333334 0.34166666666667422
    endloop
  endfacet
  facet normal -0.44721359549995726 -9.8339821211384686e-17 0.8944271909999163
    outer loop
      vertex -0.30000000000000349 0.3833333333333333 0.34999999999999831
      vertex -0.24999999999999536 0.41666666666666663 0.37500000000000233
      vertex -0.25333333333330393 0.49333333333333335 0.37333333333334806
    endloop
  endfacet
  facet normal -0.44721359549995832 4.2519365004527475e-16 0.89442719099991574
    outer loop
      vertex -0.30000000000000349 0.3833333333333333 0.34999999999999831
      vertex -0.25333333333330393 0.49333333333333335 0.37333333333334806
      vertex -0.31666666666665155 0.48333333333333334 0.34166666666667422
    endloop
  endfacet
  facet normal -0.44721359549995754 -3.4910636530042168e-16 0.89442719099991608
    outer loop
      vertex -0.24999999999999536 0.41666666666666663 0.37500000000000233
      vertex -0.18333333333333329 0.41666666666666663 0.40833333333333333
      vertex -0.18333333333334845 0.48333333333333334 0.40833333333332578
    endloop
  endfacet
  facet normal -0.44721359549995765 -1.4773381344101114e-16 0.89442719099991597
    outer loop
      vertex -0.24999999999999536 0.41666666666666663 0.37500000000000233
      vertex -0.18333333333334845 0.48333333333333334 0.40833333333332578
      vertex -0.25333333333330393 0.49333333333333335 0.37333333333334806
    endloop
  endfacet
  facet normal -0.44721359549995815 3.2857069675330874e-16 0.89442719099991574
    outer loop
      vertex -0.18333333333333329 0.41666666666666663 0.40833333333333333
      vertex -0.1333333333333333 0.3833333333333333 0.43333333333333335
      vertex -0.11666666666666375 0.46666666666666667 0.4416666666666681
    endloop
  endfacet
  facet normal -0.44721359549995771 -3.7238012298702978e-16 0.89442719099991608
    outer loop
      vertex -0.18333333333333329 0.41666666666666663 0.40833333333333333
      vertex -0.11666666666666375 0.46666666666666667 0.4416666666666681
      vertex -0.18333333333334845 0.48333333333333334 0.40833333333332578
    endloop
  endfacet
  facet normal -0.44721359549995887 -3.781985624088431e-16 0.89442719099991541
    outer loop
      vertex -0.11666666666666375 0.46666666666666667 0.4416666666666681
      vertex -0.083333333333345555 0.39999999999999997 0.45833333333332721
      vertex -0.083333333333333315 0.5 0.45833333333333337
    endloop
  endfacet
  facet normal -0.44739120884899969 -3.4516648528876602e-16 0.89433836227941754
    outer loop
      vertex -0.083333333333345555 0.39999999999999997 0.45833333333332721
      vertex -0.0001241515791458419 0.44999999999999996 0.49995858165373497
      vertex -0.083333333333333315 0.5 0.45833333333333337
    endloop
  endfacet
  facet normal 0.44721359549995771 0 0.89442719099991597
    outer loop
      vertex 0.13333333333336825 0.41666666666666663 0.43333333333331586
      vertex 0.18333333333333335 0.41666666666666663 0.40833333333333333
      vertex 0.18333333333334845 0.48333333333333328 0.40833333333332578
    endloop
  endfacet
  facet normal 0.44721359549995765 1.0741734316930756e-16 0.89442719099991597
    outer loop
      vertex 0.13333333333336825 0.41666666666666663 0.43333333333331586
      vertex 0.18333333333334845 0.48333333333333328 0.40833333333332578
      vertex 0.11666666666666375 0.46666666666666667 0.4416666666666681
    endloop
  endfacet
  facet normal 0.44721359549995793 0 0.89442719099991586
    outer loop
      vertex 0.18333333333333335 0.41666666666666663 0.40833333333333333
      vertex 0.23333333333333339 0.44999999999999996 0.3833333333333333
      vertex 0.18333333333334845 0.48333333333333328 0.40833333333332578
    endloop
  endfacet
  facet normal 0.44721359549995798 -7.2994967290024014e-16 0.89442719099991597
    outer loop
      vertex 0.23333333333333339 0.44999999999999996 0.3833333333333333
      vertex 0.28333333333339444 0.41666666666666663 0.35833333333330275
      vertex 0.24999999999998254 0.50000000000000011 0.37500000000000877
    endloop
  endfacet
  facet normal 0.44721359549995843 -5.1244971053274738e-16 0.89442719099991552
    outer loop
      vertex 0.28333333333339444 0.41666666666666663 0.35833333333330275
      vertex 0.33333333333333331 0.47333333333333333 0.33333333333333331
      vertex 0.24999999999998254 0.50000000000000011 0.37500000000000877
    endloop
  endfacet
  facet normal 0.44721359549995759 1.9948935160020011e-16 0.89442719099991597
    outer loop
      vertex 0.41666666666669283 0.39999999999999997 0.29166666666665364
      vertex 0.4500000000000175 0.44999999999999996 0.27499999999999131
      vertex 0.38333333333333736 0.46666666666666667 0.30833333333333135
    endloop
  endfacet
  facet normal 0.44721359549995821 -7.9795740640128974e-16 0.89442719099991574
    outer loop
      vertex 0.4500000000000175 0.44999999999999996 0.27499999999999131
      vertex 0.5166666666666585 0.41666666666666674 0.24166666666667075
      vertex 0.51111111111109453 0.47777777777777775 0.24444444444445279
    endloop
  endfacet
  facet normal 0.44721359549995793 5.5857018448046625e-16 0.89442719099991586
    outer loop
      vertex 0.5166666666666585 0.41666666666666674 0.24166666666667075
      vertex 0.58333333333334547 0.41666666666666663 0.20833333333332726
      vertex 0.60833333333332462 0.45833333333333326 0.19583333333333766
    endloop
  endfacet
  facet normal 0.44721359549995843 -7.563971248174886e-16 0.89442719099991563
    outer loop
      vertex 0.5166666666666585 0.41666666666666674 0.24166666666667075
      vertex 0.60833333333332462 0.45833333333333326 0.19583333333333766
      vertex 0.51111111111109453 0.47777777777777775 0.24444444444445279
    endloop
  endfacet
  facet normal 0.44721359549995782 2.4825341532468545e-16 0.89442719099991586
    outer loop
      vertex 0.60833333333332462 0.45833333333333326 0.19583333333333766
      vertex 0.68333333333333335 0.41666666666666663 0.15833333333333333
      vertex 0.68333333333334112 0.5 0.15833333333332941
    endloop
  endfacet
  facet normal 0.44721359549995726 1.618584057302059e-15 0.89442719099991608
    outer loop
      vertex 0.68333333333333335 0.41666666666666663 0.15833333333333333
      vertex 0.74999999999999123 0.41666666666666663 0.12500000000000444
      vertex 0.7444444444444237 0.47777777777777769 0.12777777777778809
    endloop
  endfacet
  facet normal 0.44721359549995837 2.9790409838962292e-16 0.89442719099991552
    outer loop
      vertex 0.68333333333333335 0.41666666666666663 0.15833333333333333
      vertex 0.7444444444444237 0.47777777777777769 0.12777777777778809
      vertex 0.68333333333334112 0.5 0.15833333333332941
    endloop
  endfacet
  facet normal 0.44721359549995859 2.7928509224031758e-16 0.89442719099991563
    outer loop
      vertex 0.74999999999999123 0.41666666666666663 0.12500000000000444
      vertex 0.81666666666665799 0.41666666666666663 0.091666666666671004
      vertex 0.81666666666667542 0.5 0.091666666666662261
    endloop
  endfacet
  facet normal 0.44721359549995732 1.5496047847510608e-15 0.8944271909999163
    outer loop
      vertex 0.74999999999999123 0.41666666666666663 0.12500000000000444
      vertex 0.81666666666667542 0.5 0.091666666666662261
      vertex 0.7444444444444237 0.47777777777777769 0.12777777777778809
    endloop
  endfacet
  facet normal 0.44721359549995726 2.9790409838987141e-16 0.8944271909999163
    outer loop
      vertex 0.81666666666665799 0.41666666666666663 0.091666666666671004
      vertex 0.85833333333333339 0.46666666666666662 0.070833333333333331
      vertex 0.81666666666667542 0.5 0.091666666666662261
    endloop
  endfacet
  facet normal 0.44721359549995898 1.428162403501748e-16 0.8944271909999153
    outer loop
      vertex 0.85833333333333339 0.46666666666666662 0.070833333333333331
      vertex 0.8833333333333333 0.39999999999999997 0.058333333333333348
      vertex 0.91111111111110599 0.48888888888888887 0.044444444444446951
    endloop
  endfacet
  facet normal 0.44721359549995748 7.4591040260426222e-16 0.89442719099991608
    outer loop
      vertex 0.8833333333333333 0.39999999999999997 0.058333333333333348
      vertex 0.95238095238093434 0.45714285714285707 0.023809523809532829
      vertex 0.91111111111110599 0.48888888888888887 0.044444444444446951
    endloop
  endfacet
  facet normal -0.44721359549995865 3.8316552289077974e-16 0.89442719099991563
    outer loop
      vertex -0.91666666666667185 0.43333333333333335 0.041666666666664076
      vertex -0.88888888888891737 0.48888888888888893 0.055555555555541314
      vertex -0.96666666666666945 0.47000000000000008 0.01666666666666522
    endloop
  endfacet
  facet normal -0.44721359549995737 -5.0869784658067013e-16 0.89442719099991619
    outer loop
      vertex -0.85000000000003317 0.45000000000000001 0.074999999999983358
      vertex -0.81666666666670862 0.5 0.091666666666645635
      vertex -0.88888888888891737 0.48888888888888893 0.055555555555541314
    endloop
  endfacet
  facet normal -0.44721359549995909 -7.0652478691715457e-16 0.89442719099991541
    outer loop
      vertex -0.81666666666670862 0.5 0.091666666666645635
      vertex -0.78333333333333455 0.43333333333333324 0.10833333333333267
      vertex -0.73333333333332773 0.47333333333333333 0.13333333333333619
    endloop
  endfacet
  facet normal -0.4472135954999571 2.6485670777849943e-16 0.8944271909999163
    outer loop
      vertex -0.73333333333332773 0.47333333333333333 0.13333333333333619
      vertex -0.64666666666667094 0.49333333333333329 0.17666666666666447
      vertex -0.7055555555555646 0.53888888888888886 0.1472222222222177
    endloop
  endfacet
  facet normal -0.44721359549995793 1.336003205667981e-15 0.89442719099991597
    outer loop
      vertex -0.58333333333332638 0.46666666666666667 0.20833333333333684
      vertex -0.51666666666662364 0.48333333333333334 0.24166666666668818
      vertex -0.57777777777778816 0.52222222222222225 0.21111111111110586
    endloop
  endfacet
  facet normal -0.44721359549995759 2.6659031532026274e-16 0.89442719099991597
    outer loop
      vertex -0.44999999999999885 0.48333333333333328 0.27500000000000058
      vertex -0.40000000000000002 0.41666666666666663 0.29999999999999999
      vertex -0.37777777777776483 0.48888888888888893 0.31111111111111756
    endloop
  endfacet
  facet normal -0.44730700992316053 0.00017516948246486139 0.89438046053637255
    outer loop
      vertex -0.083333333333333315 0.5 0.45833333333333337
      vertex -0.0001241515791458419 0.44999999999999996 0.49995858165373497
      vertex -0.033333333333317811 0.53333333333333333 0.483333333333341
    endloop
  endfacet
  facet normal -0.44657965345966422 0.00053749975381703308 0.89474371984935486
    outer loop
      vertex -0.0001241515791458419 0.44999999999999996 0.49995858165373497
      vertex 4.6974809813474119e-05 0.54166666666666663 0.49998892637939257
      vertex -0.033333333333317811 0.53333333333333333 0.483333333333341
    endloop
  endfacet
  facet normal 0.44573434616923491 -3.4852904532433083e-16 0.8951652878910602
    outer loop
      vertex -0.0001241515791458419 0.44999999999999996 0.49995858165373497
      vertex 0.050000000000000044 0.44999999999999996 0.47499999999999998
      vertex 0.049999999999991843 0.51666666666666672 0.47500000000000409
    endloop
  endfacet
  facet normal 0.44693851316459998 -0.0011304902394024348 0.89456396498072477
    outer loop
      vertex -0.0001241515791458419 0.44999999999999996 0.49995858165373497
      vertex 0.049999999999991843 0.51666666666666672 0.47500000000000409
      vertex 4.6974809813474119e-05 0.54166666666666663 0.49998892637939257
    endloop
  endfacet
  facet normal 0.44721359549995826 1.5015327539803763e-16 0.89442719099991574
    outer loop
      vertex 0.050000000000000044 0.44999999999999996 0.47499999999999998
      vertex 0.11666666666666375 0.46666666666666667 0.4416666666666681
      vertex 0.10000000000001956 0.54000000000000004 0.44999999999999019
    endloop
  endfacet
  facet normal 0.44721359549995859 -9.3095030746670646e-17 0.89442719099991552
    outer loop
      vertex 0.050000000000000044 0.44999999999999996 0.47499999999999998
      vertex 0.10000000000001956 0.54000000000000004 0.44999999999999019
      vertex 0.049999999999991843 0.51666666666666672 0.47500000000000409
    endloop
  endfacet
  facet normal 0.44721359549995759 -6.3473884600099936e-16 0.89442719099991597
    outer loop
      vertex 0.18333333333334845 0.48333333333333328 0.40833333333332578
      vertex 0.23333333333333339 0.44999999999999996 0.3833333333333333
      vertex 0.24999999999998254 0.50000000000000011 0.37500000000000877
    endloop
  endfacet
  facet normal 0.44721359549995854 2.0140751844251144e-16 0.89442719099991541
    outer loop
      vertex 0.24999999999998254 0.50000000000000011 0.37500000000000877
      vertex 0.33333333333333331 0.47333333333333333 0.33333333333333331
      vertex 0.28888888888887077 0.52222222222222225 0.35555555555556462
    endloop
  endfacet
  facet normal 0.44721359549995776 1.0774887817911835e-15 0.89442719099991586
    outer loop
      vertex 0.38333333333333736 0.46666666666666667 0.30833333333333135
      vertex 0.4500000000000175 0.44999999999999996 0.27499999999999131
      vertex 0.44000000000000222 0.52000000000000013 0.27999999999999886
    endloop
  endfacet
  facet normal 0.44721359549995754 1.000487754214983e-15 0.89442719099991597
    outer loop
      vertex 0.4500000000000175 0.44999999999999996 0.27499999999999131
      vertex 0.51111111111109453 0.47777777777777775 0.24444444444445279
      vertex 0.44000000000000222 0.52000000000000013 0.27999999999999886
    endloop
  endfacet
  facet normal 0.44721359549995859 3.7404253425036757e-16 0.89442719099991552
    outer loop
      vertex 0.51111111111109453 0.47777777777777775 0.24444444444445279
      vertex 0.60833333333332462 0.45833333333333326 0.19583333333333766
      vertex 0.58333333333334214 0.51666666666666672 0.2083333333333289
    endloop
  endfacet
  facet normal 0.44721359549995837 8.365780583110797e-16 0.89442719099991552
    outer loop
      vertex 0.51111111111109453 0.47777777777777775 0.24444444444445279
      vertex 0.58333333333334214 0.51666666666666672 0.2083333333333289
      vertex 0.5166666666666585 0.53333333333333333 0.24166666666667075
    endloop
  endfacet
  facet normal 0.44721359549995759 -2.1611346423361736e-16 0.89442719099991608
    outer loop
      vertex 0.60833333333332462 0.45833333333333326 0.19583333333333766
      vertex 0.6333333333333333 0.51666666666666672 0.18333333333333335
      vertex 0.58333333333334214 0.51666666666666672 0.2083333333333289
    endloop
  endfacet
  facet normal 0.44721359549995815 -5.5275174505886218e-16 0.89442719099991574
    outer loop
      vertex 0.60833333333332462 0.45833333333333326 0.19583333333333766
      vertex 0.68333333333334112 0.5 0.15833333333332941
      vertex 0.6333333333333333 0.51666666666666672 0.18333333333333335
    endloop
  endfacet
  facet normal 0.44721359549995804 -1.807872248876419e-15 0.89442719099991574
    outer loop
      vertex 0.7444444444444237 0.47777777777777769 0.12777777777778809
      vertex 0.81666666666667542 0.5 0.091666666666662261
      vertex 0.74999999999999123 0.53333333333333333 0.12500000000000444
    endloop
  endfacet
  facet normal 0.44721359549995648 -7.3639623930562746e-16 0.89442719099991652
    outer loop
      vertex 0.95238095238093434 0.45714285714285707 0.023809523809532829
      vertex 0.97777777777777364 0.53333333333333333 0.011111111111113292
      vertex 0.91111111111110599 0.48888888888888887 0.044444444444446951
    endloop
  endfacet
  facet normal -0.44721359549995787 -6.9373700796867622e-16 0.89442719099991597
    outer loop
      vertex -0.96666666666666945 0.47000000000000008 0.01666666666666522
      vertex -0.91666666666667185 0.55000000000000004 0.041666666666664076
      vertex -0.97777777777778763 0.53888888888888886 0.011111111111106187
    endloop
  endfacet
  facet normal -0.44721359549995848 -2.5723626916881217e-16 0.89442719099991563
    outer loop
      vertex -0.96666666666666945 0.47000000000000008 0.01666666666666522
      vertex -0.88888888888891737 0.48888888888888893 0.055555555555541314
      vertex -0.91666666666667185 0.55000000000000004 0.041666666666664076
    endloop
  endfacet
  facet normal -0.44721359549995743 3.2060788650051386e-16 0.89442719099991619
    outer loop
      vertex -0.88888888888891737 0.48888888888888893 0.055555555555541314
      vertex -0.85000000000003317 0.56666666666666665 0.074999999999983358
      vertex -0.91666666666667185 0.55000000000000004 0.041666666666664076
    endloop
  endfacet
  facet normal -0.44721359549995737 3.3663828082544842e-16 0.89442719099991608
    outer loop
      vertex -0.88888888888891737 0.48888888888888893 0.055555555555541314
      vertex -0.81666666666670862 0.5 0.091666666666645635
      vertex -0.85000000000003317 0.56666666666666665 0.074999999999983358
    endloop
  endfacet
  facet normal -0.4472135954999587 6.5217672638491196e-16 0.89442719099991541
    outer loop
      vertex -0.81666666666670862 0.5 0.091666666666645635
      vertex -0.73333333333332773 0.47333333333333333 0.13333333333333619
      vertex -0.78333333333333455 0.54999999999999993 0.10833333333333267
    endloop
  endfacet
  facet normal -0.44721359549995832 9.6841149278547123e-16 0.89442719099991574
    outer loop
      vertex -0.73333333333332773 0.47333333333333333 0.13333333333333619
      vertex -0.7055555555555646 0.53888888888888886 0.1472222222222177
      vertex -0.78333333333333455 0.54999999999999993 0.10833333333333267
    endloop
  endfacet
  facet normal -0.44721359549995843 1.3752674996681722e-15 0.89442719099991563
    outer loop
      vertex -0.64666666666667094 0.49333333333333329 0.17666666666666447
      vertex -0.58333333333332638 0.46666666666666667 0.20833333333333684
      vertex -0.57777777777778816 0.52222222222222225 0.21111111111110586
    endloop
  endfacet
  facet normal -0.44721359549995854 1.6428534837662373e-16 0.89442719099991552
    outer loop
      vertex -0.57777777777778816 0.52222222222222225 0.21111111111110586
      vertex -0.51666666666662364 0.48333333333333334 0.24166666666668818
      vertex -0.50000000000002331 0.54999999999999993 0.24999999999998834
    endloop
  endfacet
  facet normal -0.44721359549995787 0 0.89442719099991574
    outer loop
      vertex -0.51666666666662364 0.48333333333333334 0.24166666666668818
      vertex -0.44999999999999885 0.48333333333333328 0.27500000000000058
      vertex -0.50000000000002331 0.54999999999999993 0.24999999999998834
    endloop
  endfacet
  facet normal -0.44721359549995815 -1.9732098908278091e-16 0.89442719099991586
    outer loop
      vertex -0.44999999999999885 0.48333333333333328 0.27500000000000058
      vertex -0.41666666666667057 0.56666666666666665 0.29166666666666474
      vertex -0.50000000000002331 0.54999999999999993 0.24999999999998834
    endloop
  endfacet
  facet normal -0.44721359549995754 -4.654751537337831e-16 0.89442719099991597
    outer loop
      vertex -0.44999999999999885 0.48333333333333328 0.27500000000000058
      vertex -0.37777777777776483 0.48888888888888893 0.31111111111111756
      vertex -0.41666666666667057 0.56666666666666665 0.29166666666666474
    endloop
  endfacet
  facet normal -0.44721359549995809 -7.58059536080907e-16 0.89442719099991574
    outer loop
      vertex -0.37777777777776483 0.48888888888888893 0.31111111111111756
      vertex -0.34166666666666873 0.54166666666666674 0.32916666666666566
      vertex -0.41666666666667057 0.56666666666666665 0.29166666666666474
    endloop
  endfacet
  facet normal -0.44721359549995837 -6.2273027323854096e-16 0.89442719099991574
    outer loop
      vertex -0.37777777777776483 0.48888888888888893 0.31111111111111756
      vertex -0.31666666666665155 0.48333333333333334 0.34166666666667422
      vertex -0.34166666666666873 0.54166666666666674 0.32916666666666566
    endloop
  endfacet
  facet normal -0.44721359549995815 -5.6545397196528811e-16 0.89442719099991574
    outer loop
      vertex -0.31666666666665155 0.48333333333333334 0.34166666666667422
      vertex -0.25333333333330393 0.49333333333333335 0.37333333333334806
      vertex -0.34166666666666873 0.54166666666666674 0.32916666666666566
    endloop
  endfacet
  facet normal -0.44721359549995759 4.1560281583405748e-16 0.89442719099991608
    outer loop
      vertex -0.25333333333330393 0.49333333333333335 0.37333333333334806
      vertex -0.18333333333334845 0.48333333333333334 0.40833333333332578
      vertex -0.18333333333333329 0.55000000000000004 0.40833333333333333
    endloop
  endfacet
  facet normal -0.44721359549995748 1.4219219934990278e-16 0.89442719099991608
    outer loop
      vertex -0.25333333333330393 0.49333333333333335 0.37333333333334806
      vertex -0.18333333333333329 0.55000000000000004 0.40833333333333333
      vertex -0.24999999999999536 0.56666666666666665 0.37500000000000233
    endloop
  endfacet
  facet normal -0.44721359549995759 -2.5723626916864315e-16 0.89442719099991597
    outer loop
      vertex -0.18333333333334845 0.48333333333333334 0.40833333333332578
      vertex -0.11666666666666375 0.46666666666666667 0.4416666666666681
      vertex -0.1333333333333333 0.55000000000000004 0.43333333333333335
    endloop
  endfacet
  facet normal -0.44721359549995837 3.7238012298720185e-16 0.89442719099991563
    outer loop
      vertex -0.18333333333334845 0.48333333333333334 0.40833333333332578
      vertex -0.1333333333333333 0.55000000000000004 0.43333333333333335
      vertex -0.18333333333333329 0.55000000000000004 0.40833333333333333
    endloop
  endfacet
  facet normal -0.4472135954999587 -5.091134493964351e-16 0.89442719099991541
    outer loop
      vertex -0.11666666666666375 0.46666666666666667 0.4416666666666681
      vertex -0.083333333333333315 0.5 0.45833333333333337
      vertex -0.1333333333333333 0.55000000000000004 0.43333333333333335
    endloop
  endfacet
  facet normal -0.4472135954999566 8.4159570206281535e-16 0.89442719099991663
    outer loop
      vertex -0.083333333333333315 0.5 0.45833333333333337
      vertex -0.033333333333317811 0.53333333333333333 0.483333333333341
      vertex -0.077777777777811405 0.55555555555555558 0.46111111111109426
    endloop
  endfacet
  facet normal 0.44721359549995754 3.4910636530029512e-16 0.89442719099991597
    outer loop
      vertex 0.11666666666666375 0.46666666666666667 0.4416666666666681
      vertex 0.18333333333334845 0.48333333333333328 0.40833333333332578
      vertex 0.18333333333334206 0.54999999999999993 0.40833333333332894
    endloop
  endfacet
  facet normal 0.44721359549995793 6.1788737221319362e-17 0.89442719099991597
    outer loop
      vertex 0.11666666666666375 0.46666666666666667 0.4416666666666681
      vertex 0.18333333333334206 0.54999999999999993 0.40833333333332894
      vertex 0.10000000000001956 0.54000000000000004 0.44999999999999019
    endloop
  endfacet
  facet normal 0.44721359549995748 3.723801229870247e-16 0.89442719099991619
    outer loop
      vertex 0.18333333333334845 0.48333333333333328 0.40833333333332578
      vertex 0.24999999999998254 0.50000000000000011 0.37500000000000877
      vertex 0.18333333333334206 0.54999999999999993 0.40833333333332894
    endloop
  endfacet
  facet normal 0.44721359549995776 -5.9715562485580789e-16 0.89442719099991597
    outer loop
      vertex 0.28888888888887077 0.52222222222222225 0.35555555555556462
      vertex 0.33333333333333331 0.47333333333333333 0.33333333333333331
      vertex 0.34999999999999126 0.54999999999999993 0.3250000000000044
    endloop
  endfacet
  facet normal 0.44721359549995732 1.65634406894338e-15 0.89442719099991619
    outer loop
      vertex 0.33333333333333331 0.47333333333333333 0.33333333333333331
      vertex 0.38333333333333736 0.46666666666666667 0.30833333333333135
      vertex 0.44000000000000222 0.52000000000000013 0.27999999999999886
    endloop
  endfacet
  facet normal 0.44721359549995815 -7.2075263106307788e-16 0.89442719099991574
    outer loop
      vertex 0.33333333333333331 0.47333333333333333 0.33333333333333331
      vertex 0.44000000000000222 0.52000000000000013 0.27999999999999886
      vertex 0.34999999999999126 0.54999999999999993 0.3250000000000044
    endloop
  endfacet
  facet normal 0.44721359549995759 9.2683105831979246e-16 0.89442719099991608
    outer loop
      vertex 0.44000000000000222 0.52000000000000013 0.27999999999999886
      vertex 0.51111111111109453 0.47777777777777775 0.24444444444445279
      vertex 0.5166666666666585 0.53333333333333333 0.24166666666667075
    endloop
  endfacet
  facet normal 0.44721359549995776 -1.7639058457289844e-15 0.89442719099991597
    outer loop
      vertex 0.68333333333334112 0.5 0.15833333333332941
      vertex 0.7444444444444237 0.47777777777777769 0.12777777777778809
      vertex 0.74999999999999123 0.53333333333333333 0.12500000000000444
    endloop
  endfacet
  facet normal 0.4472135954999587 -3.4910636530035157e-16 0.89442719099991552
    outer loop
      vertex 0.74999999999999123 0.53333333333333333 0.12500000000000444
      vertex 0.81666666666667542 0.5 0.091666666666662261
      vertex 0.81666666666665799 0.56666666666666665 0.091666666666671004
    endloop
  endfacet
  facet normal 0.44721359549995721 3.0192982944905224e-16 0.89442719099991641
    outer loop
      vertex 0.81666666666667542 0.5 0.091666666666662261
      vertex 0.85833333333333339 0.46666666666666662 0.070833333333333331
      vertex 0.8666666666666667 0.58333333333333337 0.066666666666666652
    endloop
  endfacet
  facet normal 0.44721359549995943 -9.3789769782209263e-16 0.89442719099991508
    outer loop
      vertex 0.85833333333333339 0.46666666666666662 0.070833333333333331
      vertex 0.91111111111110599 0.48888888888888887 0.044444444444446951
      vertex 0.91666666666666663 0.55000000000000004 0.041666666666666685
    endloop
  endfacet
  facet normal 0.44721359549995804 2.0232300716273066e-16 0.89442719099991574
    outer loop
      vertex 0.85833333333333339 0.46666666666666662 0.070833333333333331
      vertex 0.91666666666666663 0.55000000000000004 0.041666666666666685
      vertex 0.8666666666666667 0.58333333333333337 0.066666666666666652
    endloop
  endfacet
  facet normal 0.4472135954999566 -6.4612831319713513e-16 0.89442719099991663
    outer loop
      vertex 0.91111111111110599 0.48888888888888887 0.044444444444446951
      vertex 0.97777777777777364 0.53333333333333333 0.011111111111113292
      vertex 0.91666666666666663 0.55000000000000004 0.041666666666666685
    endloop
  endfacet
  facet normal -0.44721359549995793 0 0.89442719099991586
    outer loop
      vertex -0.81666666666670862 0.5 0.091666666666645635
      vertex -0.78333333333333455 0.54999999999999993 0.10833333333333267
      vertex -0.85000000000003317 0.56666666666666665 0.074999999999983358
    endloop
  endfacet
  facet normal -0.44721359549995782 -8.7276591325093289e-16 0.89442719099991597
    outer loop
      vertex -0.7055555555555646 0.53888888888888886 0.1472222222222177
      vertex -0.64666666666667094 0.49333333333333329 0.17666666666666447
      vertex -0.61666666666667014 0.58333333333333337 0.19166666666666496
    endloop
  endfacet
  facet normal -0.44721359549995837 4.3638295662522382e-16 0.89442719099991563
    outer loop
      vertex -0.7055555555555646 0.53888888888888886 0.1472222222222177
      vertex -0.61666666666667014 0.58333333333333337 0.19166666666666496
      vertex -0.6666666666667016 0.58333333333333326 0.1666666666666492
    endloop
  endfacet
  facet normal -0.44721359549995759 -9.8186165240747376e-16 0.89442719099991608
    outer loop
      vertex -0.64666666666667094 0.49333333333333329 0.17666666666666447
      vertex -0.57777777777778816 0.52222222222222225 0.21111111111110586
      vertex -0.61666666666667014 0.58333333333333337 0.19166666666666496
    endloop
  endfacet
  facet normal -0.44721359549995815 -1.3991528546808848e-15 0.89442719099991574
    outer loop
      vertex -0.57777777777778816 0.52222222222222225 0.21111111111110586
      vertex -0.55555555555557623 0.58888888888888902 0.22222222222221194
      vertex -0.61666666666667014 0.58333333333333337 0.19166666666666496
    endloop
  endfacet
  facet normal -0.44721359549995798 -1.4436019970531752e-15 0.89442719099991597
    outer loop
      vertex -0.57777777777778816 0.52222222222222225 0.21111111111110586
      vertex -0.50000000000002331 0.54999999999999993 0.24999999999998834
      vertex -0.55555555555557623 0.58888888888888902 0.22222222222221194
    endloop
  endfacet
  facet normal -0.44721359549995787 1.1685568712982076e-16 0.89442719099991597
    outer loop
      vertex -0.34166666666666873 0.54166666666666674 0.32916666666666566
      vertex -0.25333333333330393 0.49333333333333335 0.37333333333334806
      vertex -0.24999999999999536 0.56666666666666665 0.37500000000000233
    endloop
  endfacet
  facet normal -0.44721359549995776 -1.2142830097404277e-16 0.89442719099991597
    outer loop
      vertex -0.34166666666666873 0.54166666666666674 0.32916666666666566
      vertex -0.24999999999999536 0.56666666666666665 0.37500000000000233
      vertex -0.31666666666666671 0.58333333333333337 0.34166666666666667
    endloop
  endfacet
  facet normal -0.44721359549995754 9.5210826900160888e-16 0.89442719099991608
    outer loop
      vertex -0.1333333333333333 0.55000000000000004 0.43333333333333335
      vertex -0.083333333333333315 0.5 0.45833333333333337
      vertex -0.077777777777811405 0.55555555555555558 0.46111111111109426
    endloop
  endfacet
  facet normal 0.44729937928091207 -0.00022981512930394369 0.89438426444113905
    outer loop
      vertex 0.049999999999991843 0.51666666666666672 0.47500000000000409
      vertex 0.10000000000001956 0.54000000000000004 0.44999999999999019
      vertex 4.6974809813474119e-05 0.54166666666666663 0.49998892637939257
    endloop
  endfacet
  facet normal 0.44721359549995782 1.7239820508665699e-16 0.89442719099991586
    outer loop
      vertex 0.10000000000001956 0.54000000000000004 0.44999999999999019
      vertex 0.18333333333334206 0.54999999999999993 0.40833333333332894
      vertex 0.15000000000006111 0.59999999999999998 0.4249999999999694
    endloop
  endfacet
  facet normal 0.44721359549995748 4.8874891142051949e-16 0.89442719099991619
    outer loop
      vertex 0.18333333333334206 0.54999999999999993 0.40833333333332894
      vertex 0.24999999999998254 0.50000000000000011 0.37500000000000877
      vertex 0.25000000000003497 0.58333333333333326 0.37499999999998251
    endloop
  endfacet
  facet normal 0.44721359549995854 4.4685614758405415e-16 0.89442719099991563
    outer loop
      vertex 0.24999999999998254 0.50000000000000011 0.37500000000000877
      vertex 0.28888888888887077 0.52222222222222225 0.35555555555556462
      vertex 0.25000000000003497 0.58333333333333326 0.37499999999998251
    endloop
  endfacet
  facet normal 0.44721359549995798 0 0.89442719099991597
    outer loop
      vertex 0.28888888888887077 0.52222222222222225 0.35555555555556462
      vertex 0.30833333333335688 0.60000000000000009 0.34583333333332156
      vertex 0.25000000000003497 0.58333333333333326 0.37499999999998251
    endloop
  endfacet
  facet normal 0.44721359549995759 1.1509001053860424e-16 0.89442719099991608
    outer loop
      vertex 0.28888888888887077 0.52222222222222225 0.35555555555556462
      vertex 0.34999999999999126 0.54999999999999993 0.3250000000000044
      vertex 0.30833333333335688 0.60000000000000009 0.34583333333332156
    endloop
  endfacet
  facet normal 0.44721359549995815 -7.7579192288954196e-16 0.89442719099991574
    outer loop
      vertex 0.34999999999999126 0.54999999999999993 0.3250000000000044
      vertex 0.44000000000000222 0.52000000000000013 0.27999999999999886
      vertex 0.43333333333336749 0.58333333333333326 0.28333333333331628
    endloop
  endfacet
  facet normal 0.44721359549995765 -8.0412140322019617e-16 0.89442719099991597
    outer loop
      vertex 0.44000000000000222 0.52000000000000013 0.27999999999999886
      vertex 0.5166666666666585 0.53333333333333333 0.24166666666667075
      vertex 0.43333333333336749 0.58333333333333326 0.28333333333331628
    endloop
  endfacet
  facet normal 0.44721359549995837 6.4834039270050293e-16 0.89442719099991574
    outer loop
      vertex 0.5166666666666585 0.53333333333333333 0.24166666666667075
      vertex 0.58333333333334214 0.51666666666666672 0.2083333333333289
      vertex 0.55000000000002613 0.58333333333333326 0.22499999999998688
    endloop
  endfacet
  facet normal 0.44721359549995793 3.7092551313167279e-16 0.89442719099991597
    outer loop
      vertex 0.58333333333334214 0.51666666666666672 0.2083333333333289
      vertex 0.6166666666666929 0.58333333333333326 0.1916666666666535
      vertex 0.55000000000002613 0.58333333333333326 0.22499999999998688
    endloop
  endfacet
  facet normal 0.44721359549995754 6.109361392758054e-16 0.89442719099991608
    outer loop
      vertex 0.58333333333334214 0.51666666666666672 0.2083333333333289
      vertex 0.6333333333333333 0.51666666666666672 0.18333333333333335
      vertex 0.6166666666666929 0.58333333333333326 0.1916666666666535
    endloop
  endfacet
  facet normal 0.44721359549995843 2.3273757686690476e-16 0.89442719099991563
    outer loop
      vertex 0.6333333333333333 0.51666666666666672 0.18333333333333335
      vertex 0.68333333333334112 0.5 0.15833333333332941
      vertex 0.68333333333332946 0.59999999999999987 0.15833333333333521
    endloop
  endfacet
  facet normal 0.44721359549995776 7.0848056487470475e-16 0.89442719099991586
    outer loop
      vertex 0.6333333333333333 0.51666666666666672 0.18333333333333335
      vertex 0.68333333333332946 0.59999999999999987 0.15833333333333521
      vertex 0.6166666666666929 0.58333333333333326 0.1916666666666535
    endloop
  endfacet
  facet normal 0.44721359549995698 2.4825341532458226e-16 0.89442719099991641
    outer loop
      vertex 0.68333333333334112 0.5 0.15833333333332941
      vertex 0.74999999999999123 0.53333333333333333 0.12500000000000444
      vertex 0.68333333333332946 0.59999999999999987 0.15833333333333521
    endloop
  endfacet
  facet normal 0.44721359549995859 -7.5792829308643267e-17 0.89442719099991563
    outer loop
      vertex 0.74999999999999123 0.53333333333333333 0.12500000000000444
      vertex 0.81666666666665799 0.56666666666666665 0.091666666666671004
      vertex 0.75555555555555298 0.58888888888888891 0.12222222222222356
    endloop
  endfacet
  facet normal 0.44721359549995809 -3.7238012298706518e-16 0.89442719099991586
    outer loop
      vertex 0.81666666666667542 0.5 0.091666666666662261
      vertex 0.8666666666666667 0.58333333333333337 0.066666666666666652
      vertex 0.81666666666665799 0.56666666666666665 0.091666666666671004
    endloop
  endfacet
  facet normal -0.44721359549995793 0 0.89442719099991586
    outer loop
      vertex -0.97777777777778763 0.53888888888888886 0.011111111111106187
      vertex -0.91666666666667185 0.55000000000000004 0.041666666666664076
      vertex -0.91666666666667185 0.6166666666666667 0.041666666666664076
    endloop
  endfacet
  facet normal -0.44721359549995732 -6.6671726503606506e-16 0.89442719099991619
    outer loop
      vertex -0.97777777777778763 0.53888888888888886 0.011111111111106187
      vertex -0.91666666666667185 0.6166666666666667 0.041666666666664076
      vertex -0.98095238095235016 0.60952380952380947 0.0095238095238249776
    endloop
  endfacet
  facet normal -0.44721359549995726 -4.3222692846737292e-16 0.89442719099991608
    outer loop
      vertex -0.91666666666667185 0.55000000000000004 0.041666666666664076
      vertex -0.85000000000003317 0.56666666666666665 0.074999999999983358
      vertex -0.8666666666666667 0.65000000000000002 0.066666666666666652
    endloop
  endfacet
  facet normal -0.44721359549995793 0 0.89442719099991586
    outer loop
      vertex -0.91666666666667185 0.55000000000000004 0.041666666666664076
      vertex -0.8666666666666667 0.65000000000000002 0.066666666666666652
      vertex -0.91666666666667185 0.6166666666666667 0.041666666666664076
    endloop
  endfacet
  facet normal -0.44721359549995804 -7.5763509065157339e-16 0.89442719099991574
    outer loop
      vertex -0.85000000000003317 0.56666666666666665 0.074999999999983358
      vertex -0.78333333333333455 0.54999999999999993 0.10833333333333267
      vertex -0.81111111111112921 0.62222222222222223 0.094444444444435394
    endloop
  endfacet
  facet normal -0.44721359549995865 -1.0359351926844257e-15 0.89442719099991541
    outer loop
      vertex -0.78333333333333455 0.54999999999999993 0.10833333333333267
      vertex -0.74999999999999123 0.61666666666666659 0.12500000000000444
      vertex -0.81111111111112921 0.62222222222222223 0.094444444444435394
    endloop
  endfacet
  facet normal -0.44721359549995859 -1.0822297324313132e-15 0.89442719099991552
    outer loop
      vertex -0.78333333333333455 0.54999999999999993 0.10833333333333267
      vertex -0.7055555555555646 0.53888888888888886 0.1472222222222177
      vertex -0.74999999999999123 0.61666666666666659 0.12500000000000444
    endloop
  endfacet
  facet normal -0.44721359549995726 -1.6485578361411587e-16 0.8944271909999163
    outer loop
      vertex -0.7055555555555646 0.53888888888888886 0.1472222222222177
      vertex -0.6888888888888941 0.62222222222222223 0.15555555555555295
      vertex -0.74999999999999123 0.61666666666666659 0.12500000000000444
    endloop
  endfacet
  facet normal -0.44721359549995787 0 0.89442719099991574
    outer loop
      vertex -0.7055555555555646 0.53888888888888886 0.1472222222222177
      vertex -0.6666666666667016 0.58333333333333326 0.1666666666666492
      vertex -0.6888888888888941 0.62222222222222223 0.15555555555555295
    endloop
  endfacet
  facet normal -0.44721359549995754 -5.0137616293129301e-16 0.89442719099991619
    outer loop
      vertex -0.50000000000002331 0.54999999999999993 0.24999999999998834
      vertex -0.48333333333332346 0.6166666666666667 0.2583333333333383
      vertex -0.55555555555557623 0.58888888888888902 0.22222222222221194
    endloop
  endfacet
  facet normal -0.44721359549995809 -3.1235832684767999e-16 0.89442719099991574
    outer loop
      vertex -0.50000000000002331 0.54999999999999993 0.24999999999998834
      vertex -0.41666666666667057 0.56666666666666665 0.29166666666666474
      vertex -0.48333333333332346 0.6166666666666667 0.2583333333333383
    endloop
  endfacet
  facet normal -0.44721359549995809 -5.405517914328444e-16 0.89442719099991574
    outer loop
      vertex -0.41666666666667057 0.56666666666666665 0.29166666666666474
      vertex -0.34166666666666873 0.54166666666666674 0.32916666666666566
      vertex -0.35833333333332779 0.6333333333333333 0.32083333333333619
    endloop
  endfacet
  facet normal -0.44721359549995743 -4.1405638675165344e-16 0.89442719099991619
    outer loop
      vertex -0.34166666666666873 0.54166666666666674 0.32916666666666566
      vertex -0.31666666666666671 0.58333333333333337 0.34166666666666667
      vertex -0.35833333333332779 0.6333333333333333 0.32083333333333619
    endloop
  endfacet
  facet normal -0.44721359549995743 4.2458882266270821e-16 0.89442719099991608
    outer loop
      vertex -0.24999999999999536 0.56666666666666665 0.37500000000000233
      vertex -0.18333333333333329 0.55000000000000004 0.40833333333333333
      vertex -0.22222222222223514 0.61111111111111105 0.3888888888888824
    endloop
  endfacet
  facet normal -0.44721359549995793 0 0.89442719099991586
    outer loop
      vertex -0.18333333333333329 0.55000000000000004 0.40833333333333333
      vertex -0.18333333333333329 0.6333333333333333 0.40833333333333333
      vertex -0.22222222222223514 0.61111111111111105 0.3888888888888824
    endloop
  endfacet
  facet normal -0.44721359549995837 -5.8184394216732982e-17 0.89442719099991574
    outer loop
      vertex -0.18333333333333329 0.55000000000000004 0.40833333333333333
      vertex -0.1333333333333333 0.55000000000000004 0.43333333333333335
      vertex -0.11666666666665385 0.6166666666666667 0.44166666666667309
    endloop
  endfacet
  facet normal -0.44721359549995843 0 0.89442719099991574
    outer loop
      vertex -0.18333333333333329 0.55000000000000004 0.40833333333333333
      vertex -0.11666666666665385 0.6166666666666667 0.44166666666667309
      vertex -0.18333333333333329 0.6333333333333333 0.40833333333333333
    endloop
  endfacet
  facet normal -0.44721359549995743 -3.3567919740444396e-16 0.89442719099991619
    outer loop
      vertex -0.1333333333333333 0.55000000000000004 0.43333333333333335
      vertex -0.077777777777811405 0.55555555555555558 0.46111111111109426
      vertex -0.11666666666665385 0.6166666666666667 0.44166666666667309
    endloop
  endfacet
  facet normal -0.44721359549995748 -3.5704060087547549e-16 0.89442719099991608
    outer loop
      vertex -0.077777777777811405 0.55555555555555558 0.46111111111109426
      vertex -0.049999999999999989 0.6166666666666667 0.47499999999999998
      vertex -0.11666666666665385 0.6166666666666667 0.44166666666667309
    endloop
  endfacet
  facet normal -0.4472135954999571 -5.5275174505834104e-16 0.89442719099991619
    outer loop
      vertex -0.077777777777811405 0.55555555555555558 0.46111111111109426
      vertex -0.033333333333317811 0.53333333333333333 0.483333333333341
      vertex -0.049999999999999989 0.6166666666666667 0.47499999999999998
    endloop
  endfacet
  facet normal -0.4466363496077167 0.00082159783913060645 0.89471520395379667
    outer loop
      vertex -0.033333333333317811 0.53333333333333333 0.483333333333341
      vertex 4.6974809813474119e-05 0.54166666666666663 0.49998892637939257
      vertex 0.0001241515791458422 0.61666666666666659 0.49995858165373497
    endloop
  endfacet
  facet normal -0.44573431571484323 0.00036965953000188634 0.89516522672970955
    outer loop
      vertex -0.033333333333317811 0.53333333333333333 0.483333333333341
      vertex 0.0001241515791458422 0.61666666666666659 0.49995858165373497
      vertex -0.049999999999999989 0.6166666666666667 0.47499999999999998
    endloop
  endfacet
  facet normal 0.44730277956041664 2.4235438876479532e-05 0.89438259308316637
    outer loop
      vertex 4.6974809813474119e-05 0.54166666666666663 0.49998892637939257
      vertex 0.10000000000001956 0.54000000000000004 0.44999999999999019
      vertex 0.08333333333333337 0.6166666666666667 0.45833333333333331
    endloop
  endfacet
  facet normal 0.44739120667732341 -9.8530077898097769e-05 0.89433835793822025
    outer loop
      vertex 4.6974809813474119e-05 0.54166666666666663 0.49998892637939257
      vertex 0.08333333333333337 0.6166666666666667 0.45833333333333331
      vertex 0.0001241515791458422 0.61666666666666659 0.49995858165373497
    endloop
  endfacet
  facet normal 0.44721359549995832 -3.0095376318972678e-16 0.89442719099991574
    outer loop
      vertex 0.10000000000001956 0.54000000000000004 0.44999999999999019
      vertex 0.15000000000006111 0.59999999999999998 0.4249999999999694
      vertex 0.08333333333333337 0.6166666666666667 0.45833333333333331
    endloop
  endfacet
  facet normal 0.44721359549995809 4.087098910837493e-16 0.89442719099991574
    outer loop
      vertex 0.18333333333334206 0.54999999999999993 0.40833333333332894
      vertex 0.21111111111112921 0.62222222222222212 0.39444444444443533
      vertex 0.15000000000006111 0.59999999999999998 0.4249999999999694
    endloop
  endfacet
  facet normal 0.44721359549995726 7.9795740640058499e-16 0.89442719099991619
    outer loop
      vertex 0.18333333333334206 0.54999999999999993 0.40833333333332894
      vertex 0.25000000000003497 0.58333333333333326 0.37499999999998251
      vertex 0.21111111111112921 0.62222222222222212 0.39444444444443533
    endloop
  endfacet
  facet normal 0.44721359549995821 7.9687322514271527e-16 0.89442719099991563
    outer loop
      vertex 0.34999999999999126 0.54999999999999993 0.3250000000000044
      vertex 0.36111111111110594 0.63888888888888884 0.31944444444444697
      vertex 0.30833333333335688 0.60000000000000009 0.34583333333332156
    endloop
  endfacet
  facet normal 0.44721359549995765 8.8195292286369981e-16 0.89442719099991597
    outer loop
      vertex 0.34999999999999126 0.54999999999999993 0.3250000000000044
      vertex 0.43333333333336749 0.58333333333333326 0.28333333333331628
      vertex 0.36111111111110594 0.63888888888888884 0.31944444444444697
    endloop
  endfacet
  facet normal 0.4472135954999587 1.160107306229161e-15 0.89442719099991552
    outer loop
      vertex 0.43333333333336749 0.58333333333333326 0.28333333333331628
      vertex 0.5166666666666585 0.53333333333333333 0.24166666666667075
      vertex 0.48888888888894061 0.62222222222222223 0.25555555555552961
    endloop
  endfacet
  facet normal 0.44721359549995804 8.8019370825737503e-16 0.89442719099991586
    outer loop
      vertex 0.5166666666666585 0.53333333333333333 0.24166666666667075
      vertex 0.55000000000002613 0.58333333333333326 0.22499999999998688
      vertex 0.48888888888894061 0.62222222222222223 0.25555555555552961
    endloop
  endfacet
  facet normal 0.44721359549995687 9.5210826900105224e-17 0.89442719099991641
    outer loop
      vertex 0.68333333333332946 0.59999999999999987 0.15833333333333521
      vertex 0.74999999999999123 0.53333333333333333 0.12500000000000444
      vertex 0.75555555555555298 0.58888888888888891 0.12222222222222356
    endloop
  endfacet
  facet normal 0.4472135954999587 1.6428534837666056e-16 0.89442719099991552
    outer loop
      vertex 0.75555555555555298 0.58888888888888891 0.12222222222222356
      vertex 0.81666666666665799 0.56666666666666665 0.091666666666671004
      vertex 0.80000000000001048 0.65000000000000002 0.09999999999999476
    endloop
  endfacet
  facet normal 0.44721359549995798 0 0.89442719099991597
    outer loop
      vertex 0.8666666666666667 0.58333333333333337 0.066666666666666652
      vertex 0.91666666666666663 0.55000000000000004 0.041666666666666685
      vertex 0.91666666666666663 0.6166666666666667 0.041666666666666685
    endloop
  endfacet
  facet normal 0.44721359549995682 5.7126496140066241e-16 0.89442719099991652
    outer loop
      vertex 0.91666666666666663 0.55000000000000004 0.041666666666666685
      vertex 0.97777777777777364 0.53333333333333333 0.011111111111113292
      vertex 0.97777777777778807 0.6166666666666667 0.01111111111110602
    endloop
  endfacet
  facet normal 0.44721359549995737 -0 0.8944271909999163
    outer loop
      vertex 0.91666666666666663 0.55000000000000004 0.041666666666666685
      vertex 0.97777777777778807 0.6166666666666667 0.01111111111110602
      vertex 0.91666666666666663 0.6166666666666667 0.041666666666666685
    endloop
  endfacet
  facet normal -0.44721359549995826 -6.6330209407084863e-16 0.89442719099991574
    outer loop
      vertex -0.8666666666666667 0.65000000000000002 0.066666666666666652
      vertex -0.85000000000003317 0.56666666666666665 0.074999999999983358
      vertex -0.81111111111112921 0.62222222222222223 0.094444444444435394
    endloop
  endfacet
  facet normal -0.44721359549995837 1.1636878843339278e-15 0.89442719099991563
    outer loop
      vertex -0.6666666666667016 0.58333333333333326 0.1666666666666492
      vertex -0.61666666666667014 0.58333333333333337 0.19166666666666496
      vertex -0.63333333333330311 0.68333333333333324 0.18333333333334834
    endloop
  endfacet
  facet normal -0.44721359549995704 6.2012314888894161e-16 0.8944271909999163
    outer loop
      vertex -0.6666666666667016 0.58333333333333326 0.1666666666666492
      vertex -0.63333333333330311 0.68333333333333324 0.18333333333334834
      vertex -0.6888888888888941 0.62222222222222223 0.15555555555555295
    endloop
  endfacet
  facet normal -0.44721359549995854 1.1256899126015702e-15 0.89442719099991552
    outer loop
      vertex -0.61666666666667014 0.58333333333333337 0.19166666666666496
      vertex -0.55833333333333446 0.64166666666666661 0.22083333333333277
      vertex -0.63333333333330311 0.68333333333333324 0.18333333333334834
    endloop
  endfacet
  facet normal -0.44721359549995837 8.9770208220130728e-16 0.89442719099991563
    outer loop
      vertex -0.61666666666667014 0.58333333333333337 0.19166666666666496
      vertex -0.55555555555557623 0.58888888888888902 0.22222222222221194
      vertex -0.55833333333333446 0.64166666666666661 0.22083333333333277
    endloop
  endfacet
  facet normal -0.44721359549995793 9.3822335674456419e-16 0.89442719099991586
    outer loop
      vertex -0.55555555555557623 0.58888888888888902 0.22222222222221194
      vertex -0.48333333333332346 0.6166666666666667 0.2583333333333383
      vertex -0.55833333333333446 0.64166666666666661 0.22083333333333277
    endloop
  endfacet
  facet normal -0.44721359549995765 5.585701844807322e-16 0.89442719099991608
    outer loop
      vertex -0.48333333333332346 0.6166666666666667 0.2583333333333383
      vertex -0.41666666666667057 0.56666666666666665 0.29166666666666474
      vertex -0.41666666666666669 0.65000000000000002 0.29166666666666663
    endloop
  endfacet
  facet normal -0.4472135954999592 5.9580819677941633e-16 0.89442719099991519
    outer loop
      vertex -0.41666666666667057 0.56666666666666665 0.29166666666666474
      vertex -0.35833333333332779 0.6333333333333333 0.32083333333333619
      vertex -0.41666666666666669 0.65000000000000002 0.29166666666666663
    endloop
  endfacet
  facet normal -0.44721359549995726 -3.7092551313170908e-16 0.89442719099991608
    outer loop
      vertex -0.31666666666666671 0.58333333333333337 0.34166666666666667
      vertex -0.28333333333333449 0.64999999999999991 0.35833333333333278
      vertex -0.35833333333332779 0.6333333333333333 0.32083333333333619
    endloop
  endfacet
  facet normal -0.44721359549995776 -1.1636878843345926e-16 0.89442719099991586
    outer loop
      vertex -0.31666666666666671 0.58333333333333337 0.34166666666666667
      vertex -0.24999999999999536 0.56666666666666665 0.37500000000000233
      vertex -0.28333333333333449 0.64999999999999991 0.35833333333333278
    endloop
  endfacet
  facet normal -0.44721359549995721 2.298993137344816e-16 0.8944271909999163
    outer loop
      vertex -0.24999999999999536 0.56666666666666665 0.37500000000000233
      vertex -0.22222222222223514 0.61111111111111105 0.3888888888888824
      vertex -0.28333333333333449 0.64999999999999991 0.35833333333333278
    endloop
  endfacet
  facet normal 0.44721359549995837 -3.1736942300009026e-16 0.89442719099991574
    outer loop
      vertex 0.08333333333333337 0.6166666666666667 0.45833333333333331
      vertex 0.15000000000006111 0.59999999999999998 0.4249999999999694
      vertex 0.13333333333336825 0.64999999999999991 0.43333333333331586
    endloop
  endfacet
  facet normal 0.44721359549995721 6.6258963210040128e-16 0.8944271909999163
    outer loop
      vertex 0.25000000000003497 0.58333333333333326 0.37499999999998251
      vertex 0.28333333333339444 0.66666666666666663 0.35833333333330275
      vertex 0.21111111111112921 0.62222222222222212 0.39444444444443533
    endloop
  endfacet
  facet normal 0.44721359549995787 3.3784486964565536e-16 0.89442719099991597
    outer loop
      vertex 0.25000000000003497 0.58333333333333326 0.37499999999998251
      vertex 0.30833333333335688 0.60000000000000009 0.34583333333332156
      vertex 0.28333333333339444 0.66666666666666663 0.35833333333330275
    endloop
  endfacet
  facet normal 0.44721359549995721 1.1425299228007742e-16 0.89442719099991641
    outer loop
      vertex 0.43333333333336749 0.58333333333333326 0.28333333333331628
      vertex 0.41666666666668417 0.66666666666666663 0.29166666666665791
      vertex 0.36111111111110594 0.63888888888888884 0.31944444444444697
    endloop
  endfacet
  facet normal 0.44721359549995909 5.7878160562937455e-16 0.8944271909999153
    outer loop
      vertex 0.43333333333336749 0.58333333333333326 0.28333333333331628
      vertex 0.48888888888894061 0.62222222222222223 0.25555555555552961
      vertex 0.41666666666668417 0.66666666666666663 0.29166666666665791
    endloop
  endfacet
  facet normal 0.44721359549995748 0 0.89442719099991597
    outer loop
      vertex 0.48888888888894061 0.62222222222222223 0.25555555555552961
      vertex 0.55000000000002613 0.58333333333333326 0.22499999999998688
      vertex 0.55333333333334844 0.65999999999999992 0.22333333333332572
    endloop
  endfacet
  facet normal 0.44721359549995793 -3.4910636530039733e-16 0.89442719099991586
    outer loop
      vertex 0.55000000000002613 0.58333333333333326 0.22499999999998688
      vertex 0.6166666666666929 0.58333333333333326 0.1916666666666535
      vertex 0.61666666666666137 0.64999999999999991 0.19166666666666929
    endloop
  endfacet
  facet normal 0.44721359549995759 1.7356140320338225e-17 0.89442719099991608
    outer loop
      vertex 0.55000000000002613 0.58333333333333326 0.22499999999998688
      vertex 0.61666666666666137 0.64999999999999991 0.19166666666666929
      vertex 0.55333333333334844 0.65999999999999992 0.22333333333332572
    endloop
  endfacet
  facet normal 0.44721359549995804 -3.7238012298703525e-16 0.89442719099991586
    outer loop
      vertex 0.6166666666666929 0.58333333333333326 0.1916666666666535
      vertex 0.68333333333332946 0.59999999999999987 0.15833333333333521
      vertex 0.61666666666666137 0.64999999999999991 0.19166666666666929
    endloop
  endfacet
  facet normal 0.44721359549995687 -8.9133540076697294e-17 0.89442719099991641
    outer loop
      vertex 0.68333333333332946 0.59999999999999987 0.15833333333333521
      vertex 0.75555555555555298 0.58888888888888891 0.12222222222222356
      vertex 0.74999999999999123 0.64999999999999991 0.12500000000000444
    endloop
  endfacet
  facet normal 0.44721359549995876 8.7276591325065941e-17 0.89442719099991563
    outer loop
      vertex 0.75555555555555298 0.58888888888888891 0.12222222222222356
      vertex 0.80000000000001048 0.65000000000000002 0.09999999999999476
      vertex 0.74999999999999123 0.64999999999999991 0.12500000000000444
    endloop
  endfacet
  facet normal 0.44721359549995832 8.7276591325108502e-17 0.89442719099991574
    outer loop
      vertex 0.80000000000001048 0.65000000000000002 0.09999999999999476
      vertex 0.81666666666665799 0.56666666666666665 0.091666666666671004
      vertex 0.85000000000000875 0.66666666666666663 0.074999999999995598
    endloop
  endfacet
  facet normal 0.44721359549995787 2.8364892180653637e-16 0.89442719099991597
    outer loop
      vertex 0.81666666666665799 0.56666666666666665 0.091666666666671004
      vertex 0.8666666666666667 0.58333333333333337 0.066666666666666652
      vertex 0.85000000000000875 0.66666666666666663 0.074999999999995598
    endloop
  endfacet
  facet normal -0.44721359549995737 0 0.89442719099991619
    outer loop
      vertex -0.98095238095235016 0.60952380952380947 0.0095238095238249776
      vertex -0.91666666666667185 0.6166666666666667 0.041666666666664076
      vertex -0.91666666666667185 0.68333333333333335 0.041666666666664076
    endloop
  endfacet
  facet normal -0.44721359549995798 6.7185059304506349e-16 0.89442719099991597
    outer loop
      vertex -0.98095238095235016 0.60952380952380947 0.0095238095238249776
      vertex -0.91666666666667185 0.68333333333333335 0.041666666666664076
      vertex -0.97777777777778807 0.68333333333333335 0.011111111111105965
    endloop
  endfacet
  facet normal -0.44721359549995793 0 0.89442719099991586
    outer loop
      vertex -0.91666666666667185 0.6166666666666667 0.041666666666664076
      vertex -0.8666666666666667 0.65000000000000002 0.066666666666666652
      vertex -0.91666666666667185 0.68333333333333335 0.041666666666664076
    endloop
  endfacet
  facet normal -0.44721359549995798 0 0.89442719099991597
    outer loop
      vertex -0.8666666666666667 0.65000000000000002 0.066666666666666652
      vertex -0.81111111111112921 0.62222222222222223 0.094444444444435394
      vertex -0.81666666666665155 0.68333333333333324 0.091666666666674224
    endloop
  endfacet
  facet normal -0.44721359549995854 0 0.89442719099991563
    outer loop
      vertex -0.81111111111112921 0.62222222222222223 0.094444444444435394
      vertex -0.74999999999999123 0.61666666666666659 0.12500000000000444
      vertex -0.74999999999999123 0.68333333333333324 0.12500000000000444
    endloop
  endfacet
  facet normal -0.44721359549995854 -7.1408120175088261e-17 0.89442719099991552
    outer loop
      vertex -0.81111111111112921 0.62222222222222223 0.094444444444435394
      vertex -0.74999999999999123 0.68333333333333324 0.12500000000000444
      vertex -0.81666666666665155 0.68333333333333324 0.091666666666674224
    endloop
  endfacet
  facet normal -0.44721359549995726 -9.4258718631127705e-16 0.89442719099991619
    outer loop
      vertex -0.74999999999999123 0.61666666666666659 0.12500000000000444
      vertex -0.6888888888888941 0.62222222222222223 0.15555555555555295
      vertex -0.68333333333334911 0.68333333333333335 0.1583333333333255
    endloop
  endfacet
  facet normal -0.44721359549995793 0 0.89442719099991586
    outer loop
      vertex -0.74999999999999123 0.61666666666666659 0.12500000000000444
      vertex -0.68333333333334911 0.68333333333333335 0.1583333333333255
      vertex -0.74999999999999123 0.68333333333333324 0.12500000000000444
    endloop
  endfacet
  facet normal -0.44721359549995554 -1.0869902737752395e-15 0.89442719099991719
    outer loop
      vertex -0.6888888888888941 0.62222222222222223 0.15555555555555295
      vertex -0.63333333333330311 0.68333333333333324 0.18333333333334834
      vertex -0.68333333333334911 0.68333333333333335 0.1583333333333255
    endloop
  endfacet
  facet normal -0.44721359549996109 -4.7478465680863211e-15 0.89442719099991441
    outer loop
      vertex -0.63333333333330311 0.68333333333333324 0.18333333333334834
      vertex -0.55833333333333446 0.64166666666666661 0.22083333333333277
      vertex -0.58333333333331294 0.68333333333333335 0.20833333333334364
    endloop
  endfacet
  facet normal -0.44721359549995809 6.982127306007278e-16 0.89442719099991586
    outer loop
      vertex -0.55833333333333446 0.64166666666666661 0.22083333333333277
      vertex -0.48333333333332346 0.6166666666666667 0.2583333333333383
      vertex -0.48333333333333334 0.68333333333333335 0.2583333333333333
    endloop
  endfacet
  facet normal -0.44721359549995765 7.4476024597423489e-16 0.89442719099991597
    outer loop
      vertex -0.48333333333332346 0.6166666666666667 0.2583333333333383
      vertex -0.41666666666666669 0.65000000000000002 0.29166666666666663
      vertex -0.48333333333333334 0.68333333333333335 0.2583333333333333
    endloop
  endfacet
  facet normal -0.44721359549995765 1.3091488698765851e-15 0.89442719099991597
    outer loop
      vertex -0.35833333333332779 0.6333333333333333 0.32083333333333619
      vertex -0.28333333333333449 0.64999999999999991 0.35833333333333278
      vertex -0.33333333333333337 0.68333333333333335 0.33333333333333331
    endloop
  endfacet
  facet normal -0.44721359549995726 7.0764803777118351e-17 0.8944271909999163
    outer loop
      vertex -0.28333333333333449 0.64999999999999991 0.35833333333333278
      vertex -0.22222222222223514 0.61111111111111105 0.3888888888888824
      vertex -0.20000000000001117 0.68666666666666654 0.39999999999999436
    endloop
  endfacet
  facet normal -0.44721359549995809 3.9671177875029993e-16 0.89442719099991574
    outer loop
      vertex -0.22222222222223514 0.61111111111111105 0.3888888888888824
      vertex -0.18333333333333329 0.6333333333333333 0.40833333333333333
      vertex -0.20000000000001117 0.68666666666666654 0.39999999999999436
    endloop
  endfacet
  facet normal -0.44721359549995804 1.3513794785820385e-15 0.89442719099991574
    outer loop
      vertex -0.18333333333333329 0.6333333333333333 0.40833333333333333
      vertex -0.11666666666665385 0.6166666666666667 0.44166666666667309
      vertex -0.11333333333334618 0.69333333333333347 0.44333333333332681
    endloop
  endfacet
  facet normal -0.44721359549995759 6.1462388257112538e-16 0.89442719099991597
    outer loop
      vertex -0.18333333333333329 0.6333333333333333 0.40833333333333333
      vertex -0.11333333333334618 0.69333333333333347 0.44333333333332681
      vertex -0.20000000000001117 0.68666666666666654 0.39999999999999436
    endloop
  endfacet
  facet normal -0.44721359549995754 0 0.89442719099991608
    outer loop
      vertex -0.11666666666665385 0.6166666666666667 0.44166666666667309
      vertex -0.049999999999999989 0.6166666666666667 0.47499999999999998
      vertex -0.049999999999999989 0.68333333333333335 0.47499999999999998
    endloop
  endfacet
  facet normal -0.44721359549995859 1.4132857117982721e-15 0.89442719099991552
    outer loop
      vertex -0.11666666666665385 0.6166666666666667 0.44166666666667309
      vertex -0.049999999999999989 0.68333333333333335 0.47499999999999998
      vertex -0.11333333333334618 0.69333333333333347 0.44333333333332681
    endloop
  endfacet
  facet normal -0.44573431030740557 -0.00040113740551860928 0.89516521586998865
    outer loop
      vertex -0.049999999999999989 0.6166666666666667 0.47499999999999998
      vertex 0.0001241515791458422 0.61666666666666659 0.49995858165373497
      vertex 8.6782925017588348e-05 0.69333333333333336 0.49997433000524766
    endloop
  endfacet
  facet normal -0.44622616457548969 0 0.8949202255219445
    outer loop
      vertex -0.049999999999999989 0.6166666666666667 0.47499999999999998
      vertex 8.6782925017588348e-05 0.69333333333333336 0.49997433000524766
      vertex -0.049999999999999989 0.68333333333333335 0.47499999999999998
    endloop
  endfacet
  facet normal 0.44739120875786453 2.0184337203689615e-05 0.89433836209723749
    outer loop
      vertex 0.0001241515791458422 0.61666666666666659 0.49995858165373497
      vertex 0.08333333333333337 0.6166666666666667 0.45833333333333331
      vertex 0.077777777777811405 0.6777777777777777 0.46111111111109432
    endloop
  endfacet
  facet normal 0.44738229080794006 3.4351942722051292e-05 0.89434282279860877
    outer loop
      vertex 0.0001241515791458422 0.61666666666666659 0.49995858165373497
      vertex 0.077777777777811405 0.6777777777777777 0.46111111111109432
      vertex 8.6782925017588348e-05 0.69333333333333336 0.49997433000524766
    endloop
  endfacet
  facet normal 0.44721359549995832 -2.6182977397521703e-16 0.89442719099991574
    outer loop
      vertex 0.08333333333333337 0.6166666666666667 0.45833333333333331
      vertex 0.13333333333336825 0.64999999999999991 0.43333333333331586
      vertex 0.077777777777811405 0.6777777777777777 0.46111111111109432
    endloop
  endfacet
  facet normal 0.44721359549995832 -3.3323789415042752e-16 0.89442719099991563
    outer loop
      vertex 0.13333333333336825 0.64999999999999991 0.43333333333331586
      vertex 0.15000000000006111 0.59999999999999998 0.4249999999999694
      vertex 0.18333333333334206 0.68333333333333324 0.40833333333332894
    endloop
  endfacet
  facet normal 0.44721359549995843 -3.5653416030698758e-16 0.89442719099991552
    outer loop
      vertex 0.15000000000006111 0.59999999999999998 0.4249999999999694
      vertex 0.21111111111112921 0.62222222222222212 0.39444444444443533
      vertex 0.18333333333334206 0.68333333333333324 0.40833333333332894
    endloop
  endfacet
  facet normal 0.44721359549995782 -7.053373503005299e-16 0.89442719099991597
    outer loop
      vertex 0.21111111111112921 0.62222222222222212 0.39444444444443533
      vertex 0.25000000000003497 0.69999999999999996 0.37499999999998251
      vertex 0.18333333333334206 0.68333333333333324 0.40833333333332894
    endloop
  endfacet
  facet normal 0.44721359549995793 -7.9795740640037634e-16 0.89442719099991586
    outer loop
      vertex 0.21111111111112921 0.62222222222222212 0.39444444444443533
      vertex 0.28333333333339444 0.66666666666666663 0.35833333333330275
      vertex 0.25000000000003497 0.69999999999999996 0.37499999999998251
    endloop
  endfacet
  facet normal 0.44721359549995832 5.8304362039904178e-16 0.89442719099991563
    outer loop
      vertex 0.30833333333335688 0.60000000000000009 0.34583333333332156
      vertex 0.36111111111110594 0.63888888888888884 0.31944444444444697
      vertex 0.28333333333339444 0.66666666666666663 0.35833333333330275
    endloop
  endfacet
  facet normal 0.44721359549995843 -7.4476024597401065e-16 0.89442719099991574
    outer loop
      vertex 0.41666666666668417 0.66666666666666663 0.29166666666665791
      vertex 0.48888888888894061 0.62222222222222223 0.25555555555552961
      vertex 0.48333333333335954 0.68333333333333335 0.2583333333333202
    endloop
  endfacet
  facet normal 0.44721359549995798 -8.0652921447772907e-16 0.89442719099991597
    outer loop
      vertex 0.48888888888894061 0.62222222222222223 0.25555555555552961
      vertex 0.55333333333334844 0.65999999999999992 0.22333333333332572
      vertex 0.48333333333335954 0.68333333333333335 0.2583333333333202
    endloop
  endfacet
  facet normal 0.44721359549995782 -5.5857018448064878e-16 0.89442719099991597
    outer loop
      vertex 0.61666666666666137 0.64999999999999991 0.19166666666666929
      vertex 0.68333333333332946 0.59999999999999987 0.15833333333333521
      vertex 0.68333333333332458 0.68333333333333324 0.15833333333333771
    endloop
  endfacet
  facet normal 0.4472135954999571 -5.9580819677940864e-16 0.8944271909999163
    outer loop
      vertex 0.68333333333332946 0.59999999999999987 0.15833333333333521
      vertex 0.74999999999999123 0.64999999999999991 0.12500000000000444
      vertex 0.68333333333332458 0.68333333333333324 0.15833333333333771
    endloop
  endfacet
  facet normal 0.44721359549995793 0 0.89442719099991586
    outer loop
      vertex 0.8666666666666667 0.58333333333333337 0.066666666666666652
      vertex 0.91666666666666663 0.6166666666666667 0.041666666666666685
      vertex 0.91666666666666663 0.68333333333333335 0.041666666666666685
    endloop
  endfacet
  facet normal 0.44721359549995765 2.0780140791693489e-16 0.89442719099991608
    outer loop
      vertex 0.8666666666666667 0.58333333333333337 0.066666666666666652
      vertex 0.91666666666666663 0.68333333333333335 0.041666666666666685
      vertex 0.85000000000000875 0.66666666666666663 0.074999999999995598
    endloop
  endfacet
  facet normal 0.44721359549995737 0 0.8944271909999163
    outer loop
      vertex 0.91666666666666663 0.6166666666666667 0.041666666666666685
      vertex 0.97777777777778807 0.6166666666666667 0.01111111111110602
      vertex 0.97777777777778807 0.68333333333333335 0.01111111111110602
    endloop
  endfacet
  facet normal 0.44721359549995737 -0 0.8944271909999163
    outer loop
      vertex 0.91666666666666663 0.6166666666666667 0.041666666666666685
      vertex 0.97777777777778807 0.68333333333333335 0.01111111111110602
      vertex 0.91666666666666663 0.68333333333333335 0.041666666666666685
    endloop
  endfacet
  facet normal -0.4472135954999556 -6.7235299983821283e-16 0.89442719099991708
    outer loop
      vertex -0.58333333333331294 0.68333333333333335 0.20833333333334364
      vertex -0.55833333333333446 0.64166666666666661 0.22083333333333277
      vertex -0.53333333333333333 0.75 0.23333333333333334
    endloop
  endfacet
  facet normal -0.44721359549995765 -8.2142674188328012e-17 0.89442719099991597
    outer loop
      vertex -0.55833333333333446 0.64166666666666661 0.22083333333333277
      vertex -0.48333333333333334 0.68333333333333335 0.2583333333333333
      vertex -0.53333333333333333 0.75 0.23333333333333334
    endloop
  endfacet
  facet normal -0.44721359549995798 0 0.89442719099991597
    outer loop
      vertex -0.48333333333333334 0.68333333333333335 0.2583333333333333
      vertex -0.41666666666666669 0.65000000000000002 0.29166666666666663
      vertex -0.41666666666666669 0.71666666666666667 0.29166666666666663
    endloop
  endfacet
  facet normal -0.44721359549995909 8.8975781598684299e-16 0.8944271909999153
    outer loop
      vertex -0.41666666666666669 0.65000000000000002 0.29166666666666663
      vertex -0.35833333333332779 0.6333333333333333 0.32083333333333619
      vertex -0.35555555555557627 0.72222222222222232 0.32222222222221186
    endloop
  endfacet
  facet normal -0.44721359549995832 0 0.89442719099991563
    outer loop
      vertex -0.41666666666666669 0.65000000000000002 0.29166666666666663
      vertex -0.35555555555557627 0.72222222222222232 0.32222222222221186
      vertex -0.41666666666666669 0.71666666666666667 0.29166666666666663
    endloop
  endfacet
  facet normal -0.44721359549995687 7.9421698105809289e-16 0.89442719099991652
    outer loop
      vertex -0.35833333333332779 0.6333333333333333 0.32083333333333619
      vertex -0.33333333333333337 0.68333333333333335 0.33333333333333331
      vertex -0.35555555555557627 0.72222222222222232 0.32222222222221186
    endloop
  endfacet
  facet normal -0.44721359549995793 7.5639712481753603e-16 0.89442719099991586
    outer loop
      vertex -0.33333333333333337 0.68333333333333335 0.33333333333333331
      vertex -0.28333333333333449 0.64999999999999991 0.35833333333333278
      vertex -0.28333333333333338 0.71666666666666667 0.35833333333333328
    endloop
  endfacet
  facet normal -0.44721359549995754 7.4476024597417207e-16 0.89442719099991619
    outer loop
      vertex -0.28333333333333449 0.64999999999999991 0.35833333333333278
      vertex -0.20000000000001117 0.68666666666666654 0.39999999999999436
      vertex -0.28333333333333338 0.71666666666666667 0.35833333333333328
    endloop
  endfacet
  facet normal 0.44721359549995882 7.7800847124090076e-16 0.89442719099991541
    outer loop
      vertex 0.077777777777811405 0.6777777777777777 0.46111111111109432
      vertex 0.13333333333336825 0.64999999999999991 0.43333333333331586
      vertex 0.11666666666669634 0.71666666666666656 0.44166666666665177
    endloop
  endfacet
  facet normal 0.44721359549995793 5.3612763242582758e-16 0.89442719099991597
    outer loop
      vertex 0.13333333333336825 0.64999999999999991 0.43333333333331586
      vertex 0.18333333333334206 0.68333333333333324 0.40833333333332894
      vertex 0.11666666666669634 0.71666666666666656 0.44166666666665177
    endloop
  endfacet
  facet normal 0.44721359549995787 -9.4596563500839591e-16 0.89442719099991586
    outer loop
      vertex 0.28333333333339444 0.66666666666666663 0.35833333333330275
      vertex 0.36111111111110594 0.63888888888888884 0.31944444444444697
      vertex 0.34999999999999126 0.71666666666666656 0.3250000000000044
    endloop
  endfacet
  facet normal 0.44721359549995765 -1.0158995230237497e-15 0.89442719099991608
    outer loop
      vertex 0.36111111111110594 0.63888888888888884 0.31944444444444697
      vertex 0.41666666666668417 0.66666666666666663 0.29166666666665791
      vertex 0.34999999999999126 0.71666666666666656 0.3250000000000044
    endloop
  endfacet
  facet normal 0.44721359549995821 2.992340274002726e-16 0.89442719099991574
    outer loop
      vertex 0.41666666666668417 0.66666666666666663 0.29166666666665791
      vertex 0.48333333333335954 0.68333333333333335 0.2583333333333202
      vertex 0.44444444444444703 0.72222222222222232 0.27777777777777646
    endloop
  endfacet
  facet normal 0.44721359549995821 1.2898018422429899e-16 0.89442719099991574
    outer loop
      vertex 0.48333333333335954 0.68333333333333335 0.2583333333333202
      vertex 0.55333333333334844 0.65999999999999992 0.22333333333332572
      vertex 0.52666666666669515 0.73333333333333339 0.23666666666665237
    endloop
  endfacet
  facet normal 0.44721359549995776 3.6748038452682564e-16 0.89442719099991608
    outer loop
      vertex 0.55333333333334844 0.65999999999999992 0.22333333333332572
      vertex 0.61666666666666137 0.64999999999999991 0.19166666666666929
      vertex 0.6166666666666929 0.71666666666666656 0.1916666666666535
    endloop
  endfacet
  facet normal 0.44721359549995754 3.723801229873758e-16 0.89442719099991608
    outer loop
      vertex 0.61666666666666137 0.64999999999999991 0.19166666666666929
      vertex 0.68333333333332458 0.68333333333333324 0.15833333333333771
      vertex 0.6166666666666929 0.71666666666666656 0.1916666666666535
    endloop
  endfacet
  facet normal 0.44721359549995737 0 0.8944271909999163
    outer loop
      vertex 0.68333333333332458 0.68333333333333324 0.15833333333333771
      vertex 0.74999999999999123 0.64999999999999991 0.12500000000000444
      vertex 0.74999999999999123 0.71666666666666656 0.12500000000000444
    endloop
  endfacet
  facet normal 0.4472135954999587 -0 0.89442719099991541
    outer loop
      vertex 0.74999999999999123 0.64999999999999991 0.12500000000000444
      vertex 0.80000000000001048 0.65000000000000002 0.09999999999999476
      vertex 0.74999999999999123 0.71666666666666656 0.12500000000000444
    endloop
  endfacet
  facet normal 0.44721359549995837 -1.1221276027512685e-16 0.89442719099991574
    outer loop
      vertex 0.80000000000001048 0.65000000000000002 0.09999999999999476
      vertex 0.85000000000000875 0.66666666666666663 0.074999999999995598
      vertex 0.81666666666666665 0.73333333333333339 0.091666666666666674
    endloop
  endfacet
  facet normal -0.44721359549995793 0 0.89442719099991586
    outer loop
      vertex -0.97777777777778807 0.68333333333333335 0.011111111111105965
      vertex -0.91666666666667185 0.68333333333333335 0.041666666666664076
      vertex -0.91666666666667185 0.75 0.041666666666664076
    endloop
  endfacet
  facet normal -0.44721359549995865 8.4789434577438547e-16 0.89442719099991541
    outer loop
      vertex -0.97777777777778807 0.68333333333333335 0.011111111111105965
      vertex -0.91666666666667185 0.75 0.041666666666664076
      vertex -0.97333333333337324 0.74666666666666659 0.013333333333313324
    endloop
  endfacet
  facet normal -0.44721359549995793 0 0.89442719099991586
    outer loop
      vertex -0.91666666666667185 0.68333333333333335 0.041666666666664076
      vertex -0.8666666666666667 0.65000000000000002 0.066666666666666652
      vertex -0.8666666666666667 0.78333333333333333 0.066666666666666652
    endloop
  endfacet
  facet normal -0.44721359549995793 0 0.89442719099991586
    outer loop
      vertex -0.91666666666667185 0.68333333333333335 0.041666666666664076
      vertex -0.8666666666666667 0.78333333333333333 0.066666666666666652
      vertex -0.91666666666667185 0.75 0.041666666666664076
    endloop
  endfacet
  facet normal -0.44721359549995793 0 0.89442719099991586
    outer loop
      vertex -0.8666666666666667 0.65000000000000002 0.066666666666666652
      vertex -0.81666666666665155 0.68333333333333324 0.091666666666674224
      vertex -0.81666666666665155 0.74999999999999989 0.091666666666674224
    endloop
  endfacet
  facet normal -0.44721359549995798 0 0.89442719099991597
    outer loop
      vertex -0.8666666666666667 0.65000000000000002 0.066666666666666652
      vertex -0.81666666666665155 0.74999999999999989 0.091666666666674224
      vertex -0.8666666666666667 0.78333333333333333 0.066666666666666652
    endloop
  endfacet
  facet normal -0.44721359549995848 0 0.89442719099991563
    outer loop
      vertex -0.81666666666665155 0.68333333333333324 0.091666666666674224
      vertex -0.74999999999999123 0.68333333333333324 0.12500000000000444
      vertex -0.74999999999999123 0.74999999999999978 0.12500000000000444
    endloop
  endfacet
  facet normal -0.44721359549995859 0 0.89442719099991563
    outer loop
      vertex -0.81666666666665155 0.68333333333333324 0.091666666666674224
      vertex -0.74999999999999123 0.74999999999999978 0.12500000000000444
      vertex -0.81666666666665155 0.74999999999999989 0.091666666666674224
    endloop
  endfacet
  facet normal -0.44721359549995793 0 0.89442719099991586
    outer loop
      vertex -0.74999999999999123 0.68333333333333324 0.12500000000000444
      vertex -0.68333333333334911 0.68333333333333335 0.1583333333333255
      vertex -0.68333333333334911 0.75 0.1583333333333255
    endloop
  endfacet
  facet normal -0.44721359549995793 0 0.89442719099991586
    outer loop
      vertex -0.74999999999999123 0.68333333333333324 0.12500000000000444
      vertex -0.68333333333334911 0.75 0.1583333333333255
      vertex -0.74999999999999123 0.74999999999999978 0.12500000000000444
    endloop
  endfacet
  facet normal -0.44721359549995554 0 0.89442719099991708
    outer loop
      vertex -0.68333333333334911 0.68333333333333335 0.1583333333333255
      vertex -0.63333333333330311 0.68333333333333324 0.18333333333334834
      vertex -0.68333333333334911 0.75 0.1583333333333255
    endloop
  endfacet
  facet normal -0.44721359549996115 0 0.8944271909999143
    outer loop
      vertex -0.63333333333330311 0.68333333333333324 0.18333333333334834
      vertex -0.58333333333331294 0.68333333333333335 0.20833333333334364
      vertex -0.58333333333331294 0.75 0.20833333333334364
    endloop
  endfacet
  facet normal -0.44721359549995637 0 0.89442719099991663
    outer loop
      vertex -0.58333333333331294 0.68333333333333335 0.20833333333334364
      vertex -0.53333333333333333 0.75 0.23333333333333334
      vertex -0.58333333333331294 0.75 0.20833333333334364
    endloop
  endfacet
  facet normal -0.44721359549995754 0 0.89442719099991597
    outer loop
      vertex -0.53333333333333333 0.75 0.23333333333333334
      vertex -0.48333333333333334 0.68333333333333335 0.2583333333333333
      vertex -0.48333333333333334 0.75 0.2583333333333333
    endloop
  endfacet
  facet normal -0.44721359549995798 0 0.89442719099991597
    outer loop
      vertex -0.48333333333333334 0.68333333333333335 0.2583333333333333
      vertex -0.41666666666666669 0.71666666666666667 0.29166666666666663
      vertex -0.48333333333333334 0.75 0.2583333333333333
    endloop
  endfacet
  facet normal -0.44721359549995754 2.1668670949674269e-16 0.89442719099991597
    outer loop
      vertex -0.33333333333333337 0.68333333333333335 0.33333333333333331
      vertex -0.28333333333333338 0.71666666666666667 0.35833333333333328
      vertex -0.35555555555557627 0.72222222222222232 0.32222222222221186
    endloop
  endfacet
  facet normal -0.44721359549995782 -2.7203093400031526e-16 0.89442719099991597
    outer loop
      vertex -0.28333333333333338 0.71666666666666667 0.35833333333333328
      vertex -0.20000000000001117 0.68666666666666654 0.39999999999999436
      vertex -0.23333333333332401 0.75 0.38333333333333797
    endloop
  endfacet
  facet normal -0.44721359549995798 -3.827920672154187e-16 0.89442719099991597
    outer loop
      vertex -0.20000000000001117 0.68666666666666654 0.39999999999999436
      vertex -0.18333333333333329 0.75 0.40833333333333333
      vertex -0.23333333333332401 0.75 0.38333333333333797
    endloop
  endfacet
  facet normal -0.44721359549995743 -1.0339387125621771e-15 0.89442719099991608
    outer loop
      vertex -0.20000000000001117 0.68666666666666654 0.39999999999999436
      vertex -0.11333333333334618 0.69333333333333347 0.44333333333332681
      vertex -0.11666666666667888 0.76666666666666661 0.44166666666666055
    endloop
  endfacet
  facet normal -0.44721359549995804 -3.6877432954276284e-16 0.89442719099991586
    outer loop
      vertex -0.20000000000001117 0.68666666666666654 0.39999999999999436
      vertex -0.11666666666667888 0.76666666666666661 0.44166666666666055
      vertex -0.18333333333333329 0.75 0.40833333333333333
    endloop
  endfacet
  facet normal -0.44721359549995882 0 0.89442719099991541
    outer loop
      vertex -0.11333333333334618 0.69333333333333347 0.44333333333332681
      vertex -0.049999999999999989 0.68333333333333335 0.47499999999999998
      vertex -0.049999999999999989 0.75 0.47499999999999998
    endloop
  endfacet
  facet normal -0.44622616457548969 0 0.8949202255219445
    outer loop
      vertex -0.049999999999999989 0.68333333333333335 0.47499999999999998
      vertex 8.6782925017588348e-05 0.69333333333333336 0.49997433000524766
      vertex -0.049999999999999989 0.75 0.47499999999999998
    endloop
  endfacet
  facet normal 0.44739040196804153 8.5008087768296913e-05 0.8943387618796913
    outer loop
      vertex 8.6782925017588348e-05 0.69333333333333336 0.49997433000524766
      vertex 0.077777777777811405 0.6777777777777777 0.46111111111109432
      vertex 0.050000000000078572 0.74999999999999978 0.47499999999996068
    endloop
  endfacet
  facet normal 0.44721359549995848 1.0223829269517008e-15 0.89442719099991552
    outer loop
      vertex 0.077777777777811405 0.6777777777777777 0.46111111111109432
      vertex 0.11666666666669634 0.71666666666666656 0.44166666666665177
      vertex 0.050000000000078572 0.74999999999999978 0.47499999999996068
    endloop
  endfacet
  facet normal 0.44721359549995732 -7.979574064011369e-16 0.89442719099991619
    outer loop
      vertex 0.11666666666669634 0.71666666666666656 0.44166666666665177
      vertex 0.18333333333334206 0.68333333333333324 0.40833333333332894
      vertex 0.15555555555557624 0.75555555555555554 0.4222222222222119
    endloop
  endfacet
  facet normal 0.44721359549995926 1.1383903216309335e-16 0.89442719099991519
    outer loop
      vertex 0.18333333333334206 0.68333333333333324 0.40833333333332894
      vertex 0.21666666666672776 0.74999999999999978 0.39166666666663602
      vertex 0.15555555555557624 0.75555555555555554 0.4222222222222119
    endloop
  endfacet
  facet normal 0.44721359549995737 1.2468084475011432e-15 0.89442719099991619
    outer loop
      vertex 0.18333333333334206 0.68333333333333324 0.40833333333332894
      vertex 0.25000000000003497 0.69999999999999996 0.37499999999998251
      vertex 0.21666666666672776 0.74999999999999978 0.39166666666663602
    endloop
  endfacet
  facet normal 0.44721359549995832 -2.5947094718262743e-16 0.89442719099991563
    outer loop
      vertex 0.25000000000003497 0.69999999999999996 0.37499999999998251
      vertex 0.28333333333339444 0.66666666666666663 0.35833333333330275
      vertex 0.29333333333335343 0.77999999999999992 0.35333333333332329
    endloop
  endfacet
  facet normal 0.44721359549995743 -1.649321410869393e-16 0.89442719099991608
    outer loop
      vertex 0.28333333333339444 0.66666666666666663 0.35833333333330275
      vertex 0.34999999999999126 0.71666666666666656 0.3250000000000044
      vertex 0.29333333333335343 0.77999999999999992 0.35333333333332329
    endloop
  endfacet
  facet normal 0.44721359549995843 3.0721360146417614e-16 0.89442719099991563
    outer loop
      vertex 0.34999999999999126 0.71666666666666656 0.3250000000000044
      vertex 0.41666666666668417 0.66666666666666663 0.29166666666665791
      vertex 0.40000000000003494 0.78333333333333321 0.2999999999999825
    endloop
  endfacet
  facet normal 0.44721359549995821 2.6182977397546857e-16 0.89442719099991574
    outer loop
      vertex 0.41666666666668417 0.66666666666666663 0.29166666666665791
      vertex 0.44444444444444703 0.72222222222222232 0.27777777777777646
      vertex 0.40000000000003494 0.78333333333333321 0.2999999999999825
    endloop
  endfacet
  facet normal 0.44721359549995815 2.6717323875021055e-16 0.89442719099991563
    outer loop
      vertex 0.48333333333335954 0.68333333333333335 0.2583333333333202
      vertex 0.52666666666669515 0.73333333333333339 0.23666666666665237
      vertex 0.44444444444444703 0.72222222222222232 0.27777777777777646
    endloop
  endfacet
  facet normal 0.44721359549995793 0 0.89442719099991586
    outer loop
      vertex 0.55333333333334844 0.65999999999999992 0.22333333333332572
      vertex 0.6166666666666929 0.71666666666666656 0.1916666666666535
      vertex 0.52666666666669515 0.73333333333333339 0.23666666666665237
    endloop
  endfacet
  facet normal 0.44721359549995732 -1.3427167896177632e-16 0.89442719099991619
    outer loop
      vertex 0.6166666666666929 0.71666666666666656 0.1916666666666535
      vertex 0.68333333333332458 0.68333333333333324 0.15833333333333771
      vertex 0.67333333333331602 0.75333333333333319 0.16333333333334199
    endloop
  endfacet
  facet normal 0.44721359549995743 -9.6973990361216189e-17 0.89442719099991619
    outer loop
      vertex 0.68333333333332458 0.68333333333333324 0.15833333333333771
      vertex 0.74999999999999123 0.71666666666666656 0.12500000000000444
      vertex 0.67333333333331602 0.75333333333333319 0.16333333333334199
    endloop
  endfacet
  facet normal 0.44721359549995854 -1.4699215381066856e-16 0.89442719099991552
    outer loop
      vertex 0.74999999999999123 0.71666666666666656 0.12500000000000444
      vertex 0.80000000000001048 0.65000000000000002 0.09999999999999476
      vertex 0.81666666666666665 0.73333333333333339 0.091666666666666674
    endloop
  endfacet
  facet normal 0.44721359549995809 -2.6182977397527545e-16 0.89442719099991574
    outer loop
      vertex 0.81666666666666665 0.73333333333333339 0.091666666666666674
      vertex 0.85000000000000875 0.66666666666666663 0.074999999999995598
      vertex 0.84999999999999998 0.76666666666666661 0.075000000000000011
    endloop
  endfacet
  facet normal 0.44721359549995759 0 0.89442719099991608
    outer loop
      vertex 0.85000000000000875 0.66666666666666663 0.074999999999995598
      vertex 0.91666666666666663 0.68333333333333335 0.041666666666666685
      vertex 0.91666666666666663 0.75 0.041666666666666685
    endloop
  endfacet
  facet normal 0.44721359549995787 -2.48253415324732e-16 0.89442719099991597
    outer loop
      vertex 0.85000000000000875 0.66666666666666663 0.074999999999995598
      vertex 0.91666666666666663 0.75 0.041666666666666685
      vertex 0.84999999999999998 0.76666666666666661 0.075000000000000011
    endloop
  endfacet
  facet normal 0.44721359549995726 0 0.8944271909999163
    outer loop
      vertex 0.91666666666666663 0.68333333333333335 0.041666666666666685
      vertex 0.97777777777778807 0.68333333333333335 0.01111111111110602
      vertex 0.97777777777778807 0.74999999999999989 0.01111111111110602
    endloop
  endfacet
  facet normal 0.44721359549995737 -0 0.8944271909999163
    outer loop
      vertex 0.91666666666666663 0.68333333333333335 0.041666666666666685
      vertex 0.97777777777778807 0.74999999999999989 0.01111111111110602
      vertex 0.91666666666666663 0.75 0.041666666666666685
    endloop
  endfacet
  facet normal -0.44721359549995554 0 0.89442719099991708
    outer loop
      vertex -0.68333333333334911 0.75 0.1583333333333255
      vertex -0.63333333333330311 0.68333333333333324 0.18333333333334834
      vertex -0.63333333333330311 0.81666666666666654 0.18333333333334834
    endloop
  endfacet
  facet normal -0.44721359549996115 0 0.8944271909999143
    outer loop
      vertex -0.63333333333330311 0.68333333333333324 0.18333333333334834
      vertex -0.58333333333331294 0.75 0.20833333333334364
      vertex -0.63333333333330311 0.81666666666666654 0.18333333333334834
    endloop
  endfacet
  facet normal -0.44721359549995798 0 0.89442719099991597
    outer loop
      vertex -0.48333333333333334 0.75 0.2583333333333333
      vertex -0.41666666666666669 0.71666666666666667 0.29166666666666663
      vertex -0.41666666666666669 0.78333333333333333 0.29166666666666663
    endloop
  endfacet
  facet normal -0.44721359549995826 0 0.89442719099991552
    outer loop
      vertex -0.41666666666666669 0.71666666666666667 0.29166666666666663
      vertex -0.35555555555557627 0.72222222222222232 0.32222222222221186
      vertex -0.35000000000000409 0.78333333333333333 0.32499999999999796
    endloop
  endfacet
  facet normal -0.44721359549995826 0 0.89442719099991574
    outer loop
      vertex -0.41666666666666669 0.71666666666666667 0.29166666666666663
      vertex -0.35000000000000409 0.78333333333333333 0.32499999999999796
      vertex -0.41666666666666669 0.78333333333333333 0.29166666666666663
    endloop
  endfacet
  facet normal -0.44721359549995771 0 0.89442719099991608
    outer loop
      vertex -0.35555555555557627 0.72222222222222232 0.32222222222221186
      vertex -0.28333333333333338 0.71666666666666667 0.35833333333333328
      vertex -0.28333333333333338 0.78333333333333333 0.35833333333333328
    endloop
  endfacet
  facet normal -0.44721359549995759 -2.9753383406282152e-17 0.89442719099991597
    outer loop
      vertex -0.35555555555557627 0.72222222222222232 0.32222222222221186
      vertex -0.28333333333333338 0.78333333333333333 0.35833333333333328
      vertex -0.35000000000000409 0.78333333333333333 0.32499999999999796
    endloop
  endfacet
  facet normal -0.44721359549995793 0 0.89442719099991586
    outer loop
      vertex -0.28333333333333338 0.71666666666666667 0.35833333333333328
      vertex -0.23333333333332401 0.75 0.38333333333333797
      vertex -0.28333333333333338 0.78333333333333333 0.35833333333333328
    endloop
  endfacet
  facet normal -0.44721359549995798 -1.1034971316964552e-15 0.89442719099991586
    outer loop
      vertex -0.11333333333334618 0.69333333333333347 0.44333333333332681
      vertex -0.049999999999999989 0.75 0.47499999999999998
      vertex -0.11666666666667888 0.76666666666666661 0.44166666666666055
    endloop
  endfacet
  facet normal -0.44684756621045285 -0.00068603743291009212 0.89460984899811813
    outer loop
      vertex -0.049999999999999989 0.75 0.47499999999999998
      vertex 8.6782925017588348e-05 0.69333333333333336 0.49997433000524766
      vertex 0 0.78333333333333333 0.5
    endloop
  endfacet
  facet normal 0.44730757082703426 0.00017622138729673383 0.89438017980433837
    outer loop
      vertex 8.6782925017588348e-05 0.69333333333333336 0.49997433000524766
      vertex 0.050000000000078572 0.74999999999999978 0.47499999999996068
      vertex 0 0.78333333333333333 0.5
    endloop
  endfacet
  facet normal 0.44721359549995798 -1.9948935160040302e-16 0.89442719099991597
    outer loop
      vertex 0.050000000000078572 0.74999999999999978 0.47499999999996068
      vertex 0.11666666666669634 0.71666666666666656 0.44166666666665177
      vertex 0.10000000000002444 0.78333333333333333 0.44999999999998774
    endloop
  endfacet
  facet normal 0.44721359549995715 -5.3862124932067897e-16 0.8944271909999163
    outer loop
      vertex 0.11666666666669634 0.71666666666666656 0.44166666666665177
      vertex 0.15555555555557624 0.75555555555555554 0.4222222222222119
      vertex 0.10000000000002444 0.78333333333333333 0.44999999999998774
    endloop
  endfacet
  facet normal 0.44721359549995682 8.0254336850713409e-16 0.89442719099991652
    outer loop
      vertex 0.21666666666672776 0.74999999999999978 0.39166666666663602
      vertex 0.25000000000003497 0.69999999999999996 0.37499999999998251
      vertex 0.29333333333335343 0.77999999999999992 0.35333333333332329
    endloop
  endfacet
  facet normal 0.44721359549995765 0 0.89442719099991608
    outer loop
      vertex 0.29333333333335343 0.77999999999999992 0.35333333333332329
      vertex 0.34999999999999126 0.71666666666666656 0.3250000000000044
      vertex 0.34999999999999126 0.7833333333333331 0.3250000000000044
    endloop
  endfacet
  facet normal 0.44721359549995876 -0 0.89442719099991552
    outer loop
      vertex 0.34999999999999126 0.71666666666666656 0.3250000000000044
      vertex 0.40000000000003494 0.78333333333333321 0.2999999999999825
      vertex 0.34999999999999126 0.7833333333333331 0.3250000000000044
    endloop
  endfacet
  facet normal 0.44721359549995671 -1.0790560382016105e-15 0.89442719099991652
    outer loop
      vertex 0.40000000000003494 0.78333333333333321 0.2999999999999825
      vertex 0.44444444444444703 0.72222222222222232 0.27777777777777646
      vertex 0.4500000000000175 0.78333333333333321 0.27499999999999131
    endloop
  endfacet
  facet normal 0.44721359549995837 -1.2603000314479088e-15 0.89442719099991563
    outer loop
      vertex 0.44444444444444703 0.72222222222222232 0.27777777777777646
      vertex 0.52666666666669515 0.73333333333333339 0.23666666666665237
      vertex 0.4500000000000175 0.78333333333333321 0.27499999999999131
    endloop
  endfacet
  facet normal 0.44721359549995776 -1.5591158061960781e-15 0.89442719099991597
    outer loop
      vertex 0.52666666666669515 0.73333333333333339 0.23666666666665237
      vertex 0.6166666666666929 0.71666666666666656 0.1916666666666535
      vertex 0.60000000000000697 0.78333333333333333 0.19999999999999657
    endloop
  endfacet
  facet normal 0.44721359549995643 9.3095030746809237e-16 0.89442719099991674
    outer loop
      vertex 0.52666666666669515 0.73333333333333339 0.23666666666665237
      vertex 0.60000000000000697 0.78333333333333333 0.19999999999999657
      vertex 0.55000000000002613 0.7833333333333331 0.22499999999998688
    endloop
  endfacet
  facet normal 0.44721359549995793 -1.4693400818030407e-15 0.89442719099991586
    outer loop
      vertex 0.6166666666666929 0.71666666666666656 0.1916666666666535
      vertex 0.67333333333331602 0.75333333333333319 0.16333333333334199
      vertex 0.60000000000000697 0.78333333333333333 0.19999999999999657
    endloop
  endfacet
  facet normal 0.44721359549995743 0 0.89442719099991619
    outer loop
      vertex 0.67333333333331602 0.75333333333333319 0.16333333333334199
      vertex 0.74999999999999123 0.71666666666666656 0.12500000000000444
      vertex 0.74999999999999123 0.7833333333333331 0.12500000000000444
    endloop
  endfacet
  facet normal 0.44721359549995859 -0 0.89442719099991563
    outer loop
      vertex 0.74999999999999123 0.71666666666666656 0.12500000000000444
      vertex 0.81666666666666665 0.73333333333333339 0.091666666666666674
      vertex 0.74999999999999123 0.7833333333333331 0.12500000000000444
    endloop
  endfacet
  facet normal -0.4472135954999587 0 0.89442719099991563
    outer loop
      vertex -0.97333333333337324 0.74666666666666659 0.013333333333313324
      vertex -0.91666666666667185 0.75 0.041666666666664076
      vertex -0.91666666666667185 0.81666666666666665 0.041666666666664076
    endloop
  endfacet
  facet normal -0.44721359549995787 -8.3067821692671441e-16 0.89442719099991597
    outer loop
      vertex -0.97333333333337324 0.74666666666666659 0.013333333333313324
      vertex -0.91666666666667185 0.81666666666666665 0.041666666666664076
      vertex -0.97777777777778807 0.80555555555555547 0.011111111111105965
    endloop
  endfacet
  facet normal -0.44721359549995793 0 0.89442719099991586
    outer loop
      vertex -0.91666666666667185 0.75 0.041666666666664076
      vertex -0.8666666666666667 0.78333333333333333 0.066666666666666652
      vertex -0.91666666666667185 0.81666666666666665 0.041666666666664076
    endloop
  endfacet
  facet normal -0.44721359549995793 0 0.89442719099991586
    outer loop
      vertex -0.8666666666666667 0.78333333333333333 0.066666666666666652
      vertex -0.81666666666665155 0.74999999999999989 0.091666666666674224
      vertex -0.81666666666665155 0.81666666666666643 0.091666666666674224
    endloop
  endfacet
  facet normal -0.44721359549995848 0 0.89442719099991563
    outer loop
      vertex -0.81666666666665155 0.74999999999999989 0.091666666666674224
      vertex -0.74999999999999123 0.74999999999999978 0.12500000000000444
      vertex -0.74999999999999123 0.81666666666666665 0.12500000000000444
    endloop
  endfacet
  facet normal -0.44721359549995848 0 0.89442719099991563
    outer loop
      vertex -0.81666666666665155 0.74999999999999989 0.091666666666674224
      vertex -0.74999999999999123 0.81666666666666665 0.12500000000000444
      vertex -0.81666666666665155 0.81666666666666643 0.091666666666674224
    endloop
  endfacet
  facet normal -0.44721359549995793 6.9821273060105281e-16 0.89442719099991586
    outer loop
      vertex -0.74999999999999123 0.74999999999999978 0.12500000000000444
      vertex -0.68333333333334911 0.75 0.1583333333333255
      vertex -0.68333333333333157 0.81666666666666665 0.15833333333333421
    endloop
  endfacet
  facet normal -0.44721359549995732 0 0.89442719099991608
    outer loop
      vertex -0.74999999999999123 0.74999999999999978 0.12500000000000444
      vertex -0.68333333333333157 0.81666666666666665 0.15833333333333421
      vertex -0.74999999999999123 0.81666666666666665 0.12500000000000444
    endloop
  endfacet
  facet normal -0.44721359549995637 7.4476024597366346e-16 0.89442719099991663
    outer loop
      vertex -0.68333333333334911 0.75 0.1583333333333255
      vertex -0.63333333333330311 0.81666666666666654 0.18333333333334834
      vertex -0.68333333333333157 0.81666666666666665 0.15833333333333421
    endloop
  endfacet
  facet normal -0.44721359549996115 0 0.8944271909999143
    outer loop
      vertex -0.63333333333330311 0.81666666666666654 0.18333333333334834
      vertex -0.58333333333331294 0.75 0.20833333333334364
      vertex -0.58333333333331294 0.81666666666666665 0.20833333333334364
    endloop
  endfacet
  facet normal -0.44721359549995637 0 0.89442719099991663
    outer loop
      vertex -0.58333333333331294 0.75 0.20833333333334364
      vertex -0.53333333333333333 0.75 0.23333333333333334
      vertex -0.58333333333331294 0.81666666666666665 0.20833333333334364
    endloop
  endfacet
  facet normal -0.44721359549995754 0 0.89442719099991597
    outer loop
      vertex -0.53333333333333333 0.75 0.23333333333333334
      vertex -0.48333333333333334 0.75 0.2583333333333333
      vertex -0.48333333333333334 0.81666666666666665 0.2583333333333333
    endloop
  endfacet
  facet normal -0.44721359549995798 0 0.89442719099991597
    outer loop
      vertex -0.48333333333333334 0.75 0.2583333333333333
      vertex -0.41666666666666669 0.78333333333333333 0.29166666666666663
      vertex -0.48333333333333334 0.81666666666666665 0.2583333333333333
    endloop
  endfacet
  facet normal -0.44721359549995843 -9.8266976899321774e-16 0.89442719099991552
    outer loop
      vertex -0.28333333333333338 0.78333333333333333 0.35833333333333328
      vertex -0.23333333333332401 0.75 0.38333333333333797
      vertex -0.20833333333328385 0.80833333333333335 0.39583333333335813
    endloop
  endfacet
  facet normal -0.44721359549995798 -1.2966807854017178e-15 0.89442719099991597
    outer loop
      vertex -0.23333333333332401 0.75 0.38333333333333797
      vertex -0.18333333333333329 0.75 0.40833333333333333
      vertex -0.20833333333328385 0.80833333333333335 0.39583333333335813
    endloop
  endfacet
  facet normal -0.44721359549995826 9.1959725493788854e-16 0.89442719099991574
    outer loop
      vertex -0.18333333333333329 0.75 0.40833333333333333
      vertex -0.11666666666667888 0.76666666666666661 0.44166666666666055
      vertex -0.12222222222221188 0.82222222222222219 0.43888888888889399
    endloop
  endfacet
  facet normal -0.44721359549995682 -6.6811735428216565e-16 0.89442719099991652
    outer loop
      vertex -0.18333333333333329 0.75 0.40833333333333333
      vertex -0.12222222222221188 0.82222222222222219 0.43888888888889399
      vertex -0.20833333333328385 0.80833333333333335 0.39583333333335813
    endloop
  endfacet
  facet normal -0.44721359549995776 0 0.89442719099991586
    outer loop
      vertex -0.11666666666667888 0.76666666666666661 0.44166666666666055
      vertex -0.049999999999999989 0.75 0.47499999999999998
      vertex -0.049999999999999989 0.81666666666666665 0.47499999999999998
    endloop
  endfacet
  facet normal -0.44721359549995837 0 0.89442719099991574
    outer loop
      vertex -0.049999999999999989 0.75 0.47499999999999998
      vertex 0 0.78333333333333333 0.5
      vertex -0.049999999999999989 0.81666666666666665 0.47499999999999998
    endloop
  endfacet
  facet normal 0.44721359549995821 -5.2365954795018329e-16 0.89442719099991574
    outer loop
      vertex 0 0.78333333333333333 0.5
      vertex 0.050000000000078572 0.74999999999999978 0.47499999999996068
      vertex 0.050000000000000044 0.81666666666666665 0.47499999999999998
    endloop
  endfacet
  facet normal 0.44721359549995815 -5.1202266910693491e-16 0.89442719099991574
    outer loop
      vertex 0.050000000000078572 0.74999999999999978 0.47499999999996068
      vertex 0.10000000000002444 0.78333333333333333 0.44999999999998774
      vertex 0.050000000000000044 0.81666666666666665 0.47499999999999998
    endloop
  endfacet
  facet normal 0.44721359549995743 2.2342807379227167e-16 0.89442719099991619
    outer loop
      vertex 0.10000000000002444 0.78333333333333333 0.44999999999998774
      vertex 0.15555555555557624 0.75555555555555554 0.4222222222222119
      vertex 0.12500000000002182 0.83333333333333326 0.43749999999998906
    endloop
  endfacet
  facet normal 0.44721359549995759 3.4910636530054322e-16 0.89442719099991597
    outer loop
      vertex 0.15555555555557624 0.75555555555555554 0.4222222222222119
      vertex 0.18333333333333335 0.81666666666666665 0.40833333333333333
      vertex 0.12500000000002182 0.83333333333333326 0.43749999999998906
    endloop
  endfacet
  facet normal 0.44721359549995926 -5.2365954795027845e-16 0.8944271909999153
    outer loop
      vertex 0.15555555555557624 0.75555555555555554 0.4222222222222119
      vertex 0.21666666666672776 0.74999999999999978 0.39166666666663602
      vertex 0.18333333333333335 0.81666666666666665 0.40833333333333333
    endloop
  endfacet
  facet normal 0.44721359549995793 -1.3091488698758009e-15 0.89442719099991586
    outer loop
      vertex 0.21666666666672776 0.74999999999999978 0.39166666666663602
      vertex 0.25000000000003497 0.81666666666666665 0.37499999999998251
      vertex 0.18333333333333335 0.81666666666666665 0.40833333333333333
    endloop
  endfacet
  facet normal 0.44721359549995737 -9.4353071702854718e-16 0.89442719099991619
    outer loop
      vertex 0.21666666666672776 0.74999999999999978 0.39166666666663602
      vertex 0.29333333333335343 0.77999999999999992 0.35333333333332329
      vertex 0.25000000000003497 0.81666666666666665 0.37499999999998251
    endloop
  endfacet
  facet normal 0.44721359549995876 -3.7887512513225371e-16 0.89442719099991552
    outer loop
      vertex 0.4500000000000175 0.78333333333333321 0.27499999999999131
      vertex 0.52666666666669515 0.73333333333333339 0.23666666666665237
      vertex 0.5166666666666585 0.83333333333333326 0.24166666666667075
    endloop
  endfacet
  facet normal 0.44721359549995865 -4.0643510666077387e-16 0.89442719099991552
    outer loop
      vertex 0.52666666666669515 0.73333333333333339 0.23666666666665237
      vertex 0.55000000000002613 0.7833333333333331 0.22499999999998688
      vertex 0.5166666666666585 0.83333333333333326 0.24166666666667075
    endloop
  endfacet
  facet normal 0.44721359549995854 2.9501946363416239e-16 0.89442719099991552
    outer loop
      vertex 0.60000000000000697 0.78333333333333333 0.19999999999999657
      vertex 0.67333333333331602 0.75333333333333319 0.16333333333334199
      vertex 0.65000000000002323 0.81666666666666665 0.17499999999998839
    endloop
  endfacet
  facet normal 0.44721359549995715 -3.6748038452703301e-16 0.8944271909999163
    outer loop
      vertex 0.67333333333331602 0.75333333333333319 0.16333333333334199
      vertex 0.69999999999998253 0.81666666666666665 0.15000000000000879
      vertex 0.65000000000002323 0.81666666666666665 0.17499999999998839
    endloop
  endfacet
  facet normal 0.44721359549995754 -5.7387347720605441e-16 0.89442719099991597
    outer loop
      vertex 0.67333333333331602 0.75333333333333319 0.16333333333334199
      vertex 0.74999999999999123 0.7833333333333331 0.12500000000000444
      vertex 0.69999999999998253 0.81666666666666665 0.15000000000000879
    endloop
  endfacet
  facet normal 0.44721359549995859 1.6428534837663221e-16 0.89442719099991552
    outer loop
      vertex 0.74999999999999123 0.7833333333333331 0.12500000000000444
      vertex 0.81666666666666665 0.73333333333333339 0.091666666666666674
      vertex 0.80000000000000004 0.81666666666666665 0.099999999999999978
    endloop
  endfacet
  facet normal 0.44721359549995793 0 0.89442719099991586
    outer loop
      vertex 0.81666666666666665 0.73333333333333339 0.091666666666666674
      vertex 0.84999999999999998 0.76666666666666661 0.075000000000000011
      vertex 0.80000000000000004 0.81666666666666665 0.099999999999999978
    endloop
  endfacet
  facet normal 0.44721359549995798 0 0.89442719099991597
    outer loop
      vertex 0.84999999999999998 0.76666666666666661 0.075000000000000011
      vertex 0.91666666666666663 0.75 0.041666666666666685
      vertex 0.91666666666666663 0.81666666666666665 0.041666666666666685
    endloop
  endfacet
  facet normal 0.44721359549995793 0 0.89442719099991586
    outer loop
      vertex 0.84999999999999998 0.76666666666666661 0.075000000000000011
      vertex 0.91666666666666663 0.81666666666666665 0.041666666666666685
      vertex 0.8666666666666667 0.81666666666666665 0.066666666666666652
    endloop
  endfacet
  facet normal 0.44721359549995726 5.7126496140055423e-16 0.89442719099991619
    outer loop
      vertex 0.91666666666666663 0.75 0.041666666666666685
      vertex 0.97777777777778807 0.74999999999999989 0.01111111111110602
      vertex 0.97777777777777231 0.83333333333333326 0.011111111111113847
    endloop
  endfacet
  facet normal 0.44721359549995798 -0 0.89442719099991597
    outer loop
      vertex 0.91666666666666663 0.75 0.041666666666666685
      vertex 0.97777777777777231 0.83333333333333326 0.011111111111113847
      vertex 0.91666666666666663 0.81666666666666665 0.041666666666666685
    endloop
  endfacet
  facet normal -0.4472135954999556 6.7235299983821283e-16 0.89442719099991708
    outer loop
      vertex -0.58333333333331294 0.81666666666666665 0.20833333333334364
      vertex -0.53333333333333333 0.75 0.23333333333333334
      vertex -0.55833333333333446 0.85833333333333339 0.22083333333333277
    endloop
  endfacet
  facet normal -0.44721359549995759 9.583311988638267e-17 0.89442719099991597
    outer loop
      vertex -0.53333333333333333 0.75 0.23333333333333334
      vertex -0.48333333333333334 0.81666666666666665 0.2583333333333333
      vertex -0.55833333333333446 0.85833333333333339 0.22083333333333277
    endloop
  endfacet
  facet normal -0.44721359549995798 0 0.89442719099991597
    outer loop
      vertex -0.48333333333333334 0.81666666666666665 0.2583333333333333
      vertex -0.41666666666666669 0.78333333333333333 0.29166666666666663
      vertex -0.41666666666666669 0.84999999999999998 0.29166666666666663
    endloop
  endfacet
  facet normal -0.44721359549995826 -1.4837020525267811e-15 0.89442719099991574
    outer loop
      vertex -0.41666666666666669 0.78333333333333333 0.29166666666666663
      vertex -0.35000000000000409 0.78333333333333333 0.32499999999999796
      vertex -0.34999999999998077 0.84999999999999998 0.32500000000000973
    endloop
  endfacet
  facet normal -0.44721359549995948 0 0.89442719099991519
    outer loop
      vertex -0.41666666666666669 0.78333333333333333 0.29166666666666663
      vertex -0.34999999999998077 0.84999999999999998 0.32500000000000973
      vertex -0.41666666666666669 0.84999999999999998 0.29166666666666663
    endloop
  endfacet
  facet normal -0.44721359549995765 -7.5892688108777651e-17 0.89442719099991608
    outer loop
      vertex -0.35000000000000409 0.78333333333333333 0.32499999999999796
      vertex -0.28333333333333338 0.78333333333333333 0.35833333333333328
      vertex -0.27999999999999886 0.85999999999999988 0.36000000000000054
    endloop
  endfacet
  facet normal -0.44721359549995637 -1.4895204919490577e-15 0.89442719099991663
    outer loop
      vertex -0.35000000000000409 0.78333333333333333 0.32499999999999796
      vertex -0.27999999999999886 0.85999999999999988 0.36000000000000054
      vertex -0.34999999999998077 0.84999999999999998 0.32500000000000973
    endloop
  endfacet
  facet normal -0.4472135954999587 4.2782642806392898e-17 0.89442719099991552
    outer loop
      vertex -0.28333333333333338 0.78333333333333333 0.35833333333333328
      vertex -0.20833333333328385 0.80833333333333335 0.39583333333335813
      vertex -0.27999999999999886 0.85999999999999988 0.36000000000000054
    endloop
  endfacet
  facet normal -0.44721359549995704 1.0772424986415423e-15 0.89442719099991619
    outer loop
      vertex -0.20833333333328385 0.80833333333333335 0.39583333333335813
      vertex -0.12222222222221188 0.82222222222222219 0.43888888888889399
      vertex -0.18333333333333329 0.84999999999999998 0.40833333333333333
    endloop
  endfacet
  facet normal -0.44721359549995826 8.4637996703652417e-16 0.89442719099991563
    outer loop
      vertex -0.11666666666667888 0.76666666666666661 0.44166666666666055
      vertex -0.049999999999999989 0.81666666666666665 0.47499999999999998
      vertex -0.12222222222221188 0.82222222222222219 0.43888888888889399
    endloop
  endfacet
  facet normal -0.44662117942517832 0.0011100797949861756 0.89472246524367061
    outer loop
      vertex -0.049999999999999989 0.81666666666666665 0.47499999999999998
      vertex 0 0.78333333333333333 0.5
      vertex 0.0001241515791458422 0.86666666666666647 0.49995858165373497
    endloop
  endfacet
  facet normal 0.44733194040558866 -0.00022192468882738228 0.89436798122607408
    outer loop
      vertex 0 0.78333333333333333 0.5
      vertex 0.050000000000000044 0.81666666666666665 0.47499999999999998
      vertex 0.0001241515791458422 0.86666666666666647 0.49995858165373497
    endloop
  endfacet
  facet normal 0.44721359549995826 -3.4910636530027949e-16 0.89442719099991574
    outer loop
      vertex 0.050000000000000044 0.81666666666666665 0.47499999999999998
      vertex 0.10000000000002444 0.78333333333333333 0.44999999999998774
      vertex 0.12500000000002182 0.83333333333333326 0.43749999999998906
    endloop
  endfacet
  facet normal 0.44721359549995754 7.7991847567150625e-16 0.89442719099991597
    outer loop
      vertex 0.29333333333335343 0.77999999999999992 0.35333333333332329
      vertex 0.34999999999999126 0.7833333333333331 0.3250000000000044
      vertex 0.34444444444444705 0.84444444444444411 0.32777777777777645
    endloop
  endfacet
  facet normal 0.4472135954999587 8.9656861997523938e-16 0.89442719099991541
    outer loop
      vertex 0.34999999999999126 0.7833333333333331 0.3250000000000044
      vertex 0.40000000000003494 0.78333333333333321 0.2999999999999825
      vertex 0.34444444444444705 0.84444444444444411 0.32777777777777645
    endloop
  endfacet
  facet normal 0.44721359549995676 0 0.89442719099991652
    outer loop
      vertex 0.40000000000003494 0.78333333333333321 0.2999999999999825
      vertex 0.4500000000000175 0.78333333333333321 0.27499999999999131
      vertex 0.4500000000000175 0.84999999999999987 0.27499999999999131
    endloop
  endfacet
  facet normal 0.44721359549995848 -0 0.89442719099991552
    outer loop
      vertex 0.4500000000000175 0.78333333333333321 0.27499999999999131
      vertex 0.5166666666666585 0.83333333333333326 0.24166666666667075
      vertex 0.4500000000000175 0.84999999999999987 0.27499999999999131
    endloop
  endfacet
  facet normal 0.44721359549995809 -8.4782974430061827e-16 0.89442719099991586
    outer loop
      vertex 0.55000000000002613 0.7833333333333331 0.22499999999998688
      vertex 0.58333333333334547 0.84999999999999987 0.20833333333332726
      vertex 0.5166666666666585 0.83333333333333326 0.24166666666667075
    endloop
  endfacet
  facet normal 0.44721359549995637 2.618297739753991e-16 0.89442719099991663
    outer loop
      vertex 0.55000000000002613 0.7833333333333331 0.22499999999998688
      vertex 0.60000000000000697 0.78333333333333333 0.19999999999999657
      vertex 0.58333333333334547 0.84999999999999987 0.20833333333332726
    endloop
  endfacet
  facet normal 0.44721359549995826 8.6029782877577967e-16 0.89442719099991563
    outer loop
      vertex 0.60000000000000697 0.78333333333333333 0.19999999999999657
      vertex 0.65000000000002323 0.81666666666666665 0.17499999999998839
      vertex 0.58333333333334547 0.84999999999999987 0.20833333333332726
    endloop
  endfacet
  facet normal 0.44721359549995793 0 0.89442719099991586
    outer loop
      vertex 0.69999999999998253 0.81666666666666665 0.15000000000000879
      vertex 0.74999999999999123 0.7833333333333331 0.12500000000000444
      vertex 0.74999999999999123 0.84999999999999976 0.12500000000000444
    endloop
  endfacet
  facet normal 0.4472135954999587 -0 0.89442719099991541
    outer loop
      vertex 0.74999999999999123 0.7833333333333331 0.12500000000000444
      vertex 0.80000000000000004 0.81666666666666665 0.099999999999999978
      vertex 0.74999999999999123 0.84999999999999976 0.12500000000000444
    endloop
  endfacet
  facet normal 0.44721359549995798 0 0.89442719099991597
    outer loop
      vertex 0.80000000000000004 0.81666666666666665 0.099999999999999978
      vertex 0.84999999999999998 0.76666666666666661 0.075000000000000011
      vertex 0.84444444444447031 0.8555555555555554 0.077777777777764845
    endloop
  endfacet
  facet normal 0.44721359549995793 0 0.89442719099991586
    outer loop
      vertex 0.84999999999999998 0.76666666666666661 0.075000000000000011
      vertex 0.8666666666666667 0.81666666666666665 0.066666666666666652
      vertex 0.84444444444447031 0.8555555555555554 0.077777777777764845
    endloop
  endfacet
  facet normal -0.44721359549995793 0 0.89442719099991586
    outer loop
      vertex -0.97777777777778807 0.80555555555555547 0.011111111111105965
      vertex -0.91666666666667185 0.81666666666666665 0.041666666666664076
      vertex -0.91666666666667185 0.8833333333333333 0.041666666666664076
    endloop
  endfacet
  facet normal -0.44721359549995793 0 0.89442719099991586
    outer loop
      vertex -0.97777777777778807 0.80555555555555547 0.011111111111105965
      vertex -0.91666666666667185 0.8833333333333333 0.041666666666664076
      vertex -0.97777777777778807 0.87222222222222212 0.011111111111105965
    endloop
  endfacet
  facet normal -0.44721359549995754 8.2516049980101052e-16 0.89442719099991608
    outer loop
      vertex -0.91666666666667185 0.81666666666666665 0.041666666666664076
      vertex -0.8666666666666667 0.78333333333333333 0.066666666666666652
      vertex -0.83333333333336435 0.8833333333333333 0.083333333333317716
    endloop
  endfacet
  facet normal -0.44721359549995698 0 0.8944271909999163
    outer loop
      vertex -0.91666666666667185 0.81666666666666665 0.041666666666664076
      vertex -0.83333333333336435 0.8833333333333333 0.083333333333317716
      vertex -0.91666666666667185 0.8833333333333333 0.041666666666664076
    endloop
  endfacet
  facet normal -0.44721359549995859 1.2717446164506132e-15 0.89442719099991552
    outer loop
      vertex -0.8666666666666667 0.78333333333333333 0.066666666666666652
      vertex -0.81666666666665155 0.81666666666666643 0.091666666666674224
      vertex -0.83333333333336435 0.8833333333333333 0.083333333333317716
    endloop
  endfacet
  facet normal -0.44721359549995848 9.600425045761873e-16 0.89442719099991552
    outer loop
      vertex -0.81666666666665155 0.81666666666666643 0.091666666666674224
      vertex -0.74999999999999123 0.81666666666666665 0.12500000000000444
      vertex -0.73333333333334105 0.88333333333333319 0.13333333333332947
    endloop
  endfacet
  facet normal -0.4472135954999587 1.250964475659463e-15 0.89442719099991541
    outer loop
      vertex -0.81666666666665155 0.81666666666666643 0.091666666666674224
      vertex -0.73333333333334105 0.88333333333333319 0.13333333333332947
      vertex -0.83333333333336435 0.8833333333333333 0.083333333333317716
    endloop
  endfacet
  facet normal -0.44721359549995732 5.6729784361320724e-16 0.89442719099991619
    outer loop
      vertex -0.74999999999999123 0.81666666666666665 0.12500000000000444
      vertex -0.68333333333333157 0.81666666666666665 0.15833333333333421
      vertex -0.73333333333334105 0.88333333333333319 0.13333333333332947
    endloop
  endfacet
  facet normal -0.44721359549995748 4.4377927792417511e-16 0.89442719099991608
    outer loop
      vertex -0.68333333333333157 0.81666666666666665 0.15833333333333421
      vertex -0.655555555555553 0.88888888888888884 0.17222222222222344
      vertex -0.73333333333334105 0.88333333333333319 0.13333333333332947
    endloop
  endfacet
  facet normal -0.44721359549995637 -8.0563007376969053e-17 0.89442719099991674
    outer loop
      vertex -0.68333333333333157 0.81666666666666665 0.15833333333333421
      vertex -0.63333333333330311 0.81666666666666654 0.18333333333334834
      vertex -0.655555555555553 0.88888888888888884 0.17222222222222344
    endloop
  endfacet
  facet normal -0.44721359549996115 4.747846568086333e-15 0.8944271909999143
    outer loop
      vertex -0.63333333333330311 0.81666666666666654 0.18333333333334834
      vertex -0.58333333333331294 0.81666666666666665 0.20833333333334364
      vertex -0.55833333333333446 0.85833333333333339 0.22083333333333277
    endloop
  endfacet
  facet normal -0.44721359549995809 -6.982127306007278e-16 0.89442719099991586
    outer loop
      vertex -0.55833333333333446 0.85833333333333339 0.22083333333333277
      vertex -0.48333333333333334 0.81666666666666665 0.2583333333333333
      vertex -0.48333333333332346 0.8833333333333333 0.2583333333333383
    endloop
  endfacet
  facet normal -0.44721359549995765 -7.4476024597423489e-16 0.89442719099991597
    outer loop
      vertex -0.48333333333333334 0.81666666666666665 0.2583333333333333
      vertex -0.41666666666666669 0.84999999999999998 0.29166666666666663
      vertex -0.48333333333332346 0.8833333333333333 0.2583333333333383
    endloop
  endfacet
  facet normal -0.44721359549995826 8.4399341061623596e-16 0.89442719099991574
    outer loop
      vertex -0.27999999999999886 0.85999999999999988 0.36000000000000054
      vertex -0.20833333333328385 0.80833333333333335 0.39583333333335813
      vertex -0.22222222222223514 0.88888888888888873 0.3888888888888824
    endloop
  endfacet
  facet normal -0.44721359549995704 1.112776539395614e-15 0.8944271909999163
    outer loop
      vertex -0.20833333333328385 0.80833333333333335 0.39583333333335813
      vertex -0.18333333333333329 0.84999999999999998 0.40833333333333333
      vertex -0.22222222222223514 0.88888888888888873 0.3888888888888824
    endloop
  endfacet
  facet normal -0.44721359549995782 -1.2966807854012443e-15 0.89442719099991586
    outer loop
      vertex -0.18333333333333329 0.84999999999999998 0.40833333333333333
      vertex -0.12222222222221188 0.82222222222222219 0.43888888888889399
      vertex -0.11666666666665385 0.8833333333333333 0.44166666666667309
    endloop
  endfacet
  facet normal -0.44721359549995826 0 0.89442719099991574
    outer loop
      vertex -0.12222222222221188 0.82222222222222219 0.43888888888889399
      vertex -0.049999999999999989 0.81666666666666665 0.47499999999999998
      vertex -0.049999999999999989 0.8833333333333333 0.47499999999999998
    endloop
  endfacet
  facet normal -0.44721359549995737 -1.2674941331079377e-15 0.89442719099991608
    outer loop
      vertex -0.12222222222221188 0.82222222222222219 0.43888888888889399
      vertex -0.049999999999999989 0.8833333333333333 0.47499999999999998
      vertex -0.11666666666665385 0.8833333333333333 0.44166666666667309
    endloop
  endfacet
  facet normal -0.44573434616923524 0 0.89516528789105998
    outer loop
      vertex -0.049999999999999989 0.81666666666666665 0.47499999999999998
      vertex 0.0001241515791458422 0.86666666666666647 0.49995858165373497
      vertex -0.049999999999999989 0.8833333333333333 0.47499999999999998
    endloop
  endfacet
  facet normal 0.44741096971045186 -0.00012336781498507315 0.89432846816096334
    outer loop
      vertex 0.050000000000000044 0.81666666666666665 0.47499999999999998
      vertex 0.08333333333333337 0.8833333333333333 0.45833333333333331
      vertex 0.0001241515791458422 0.86666666666666647 0.49995858165373497
    endloop
  endfacet
  facet normal 0.44721359549995826 -1.7455318265014182e-16 0.89442719099991586
    outer loop
      vertex 0.050000000000000044 0.81666666666666665 0.47499999999999998
      vertex 0.12500000000002182 0.83333333333333326 0.43749999999998906
      vertex 0.08333333333333337 0.8833333333333333 0.45833333333333331
    endloop
  endfacet
  facet normal 0.44721359549995765 0 0.89442719099991608
    outer loop
      vertex 0.12500000000002182 0.83333333333333326 0.43749999999998906
      vertex 0.18333333333333335 0.81666666666666665 0.40833333333333333
      vertex 0.18333333333333335 0.8833333333333333 0.40833333333333333
    endloop
  endfacet
  facet normal 0.44721359549995793 3.0357075243496974e-16 0.89442719099991586
    outer loop
      vertex 0.18333333333333335 0.81666666666666665 0.40833333333333333
      vertex 0.25000000000003497 0.81666666666666665 0.37499999999998251
      vertex 0.25333333333340152 0.8933333333333332 0.37333333333329921
    endloop
  endfacet
  facet normal 0.44721359549995832 -0 0.89442719099991574
    outer loop
      vertex 0.18333333333333335 0.81666666666666665 0.40833333333333333
      vertex 0.25333333333340152 0.8933333333333332 0.37333333333329921
      vertex 0.18333333333333335 0.8833333333333333 0.40833333333333333
    endloop
  endfacet
  facet normal 0.44721359549995809 1.6014053454149117e-16 0.89442719099991586
    outer loop
      vertex 0.25000000000003497 0.81666666666666665 0.37499999999998251
      vertex 0.29333333333335343 0.77999999999999992 0.35333333333332329
      vertex 0.31666666666671034 0.89999999999999991 0.3416666666666448
    endloop
  endfacet
  facet normal 0.44721359549995793 3.2603324345597345e-16 0.89442719099991586
    outer loop
      vertex 0.25000000000003497 0.81666666666666665 0.37499999999998251
      vertex 0.31666666666671034 0.89999999999999991 0.3416666666666448
      vertex 0.25333333333340152 0.8933333333333332 0.37333333333329921
    endloop
  endfacet
  facet normal 0.44721359549995804 1.4662467342628144e-16 0.89442719099991574
    outer loop
      vertex 0.29333333333335343 0.77999999999999992 0.35333333333332329
      vertex 0.34444444444444705 0.84444444444444411 0.32777777777777645
      vertex 0.31666666666671034 0.89999999999999991 0.3416666666666448
    endloop
  endfacet
  facet normal 0.44721359549995821 2.9923402740023266e-16 0.89442719099991574
    outer loop
      vertex 0.34444444444444705 0.84444444444444411 0.32777777777777645
      vertex 0.40000000000003494 0.78333333333333321 0.2999999999999825
      vertex 0.38333333333334207 0.8833333333333333 0.30833333333332891
    endloop
  endfacet
  facet normal 0.44721359549995676 0 0.89442719099991652
    outer loop
      vertex 0.40000000000003494 0.78333333333333321 0.2999999999999825
      vertex 0.4500000000000175 0.84999999999999987 0.27499999999999131
      vertex 0.38333333333334207 0.8833333333333333 0.30833333333332891
    endloop
  endfacet
  facet normal 0.4472135954999587 9.6675608852454559e-16 0.89442719099991541
    outer loop
      vertex 0.4500000000000175 0.84999999999999987 0.27499999999999131
      vertex 0.5166666666666585 0.83333333333333326 0.24166666666667075
      vertex 0.51111111111110596 0.88888888888888884 0.24444444444444696
    endloop
  endfacet
  facet normal 0.44721359549995793 0 0.89442719099991586
    outer loop
      vertex 0.58333333333334547 0.84999999999999987 0.20833333333332726
      vertex 0.65000000000002323 0.81666666666666665 0.17499999999998839
      vertex 0.65333333333331212 0.8933333333333332 0.17333333333334394
    endloop
  endfacet
  facet normal 0.44721359549995721 1.074173431694407e-16 0.8944271909999163
    outer loop
      vertex 0.65000000000002323 0.81666666666666665 0.17499999999998839
      vertex 0.69999999999998253 0.81666666666666665 0.15000000000000879
      vertex 0.71111111111108261 0.88888888888888884 0.14444444444445875
    endloop
  endfacet
  facet normal 0.44721359549995721 3.5456115225827751e-17 0.89442719099991619
    outer loop
      vertex 0.65000000000002323 0.81666666666666665 0.17499999999998839
      vertex 0.71111111111108261 0.88888888888888884 0.14444444444445875
      vertex 0.65333333333331212 0.8933333333333332 0.17333333333334394
    endloop
  endfacet
  facet normal 0.44721359549995793 0 0.89442719099991586
    outer loop
      vertex 0.69999999999998253 0.81666666666666665 0.15000000000000879
      vertex 0.74999999999999123 0.84999999999999976 0.12500000000000444
      vertex 0.71111111111108261 0.88888888888888884 0.14444444444445875
    endloop
  endfacet
  facet normal 0.44721359549995887 2.4168902213091369e-16 0.89442719099991541
    outer loop
      vertex 0.74999999999999123 0.84999999999999976 0.12500000000000444
      vertex 0.80000000000000004 0.81666666666666665 0.099999999999999978
      vertex 0.78333333333336996 0.89999999999999991 0.10833333333331502
    endloop
  endfacet
  facet normal 0.44721359549995798 0 0.89442719099991597
    outer loop
      vertex 0.80000000000000004 0.81666666666666665 0.099999999999999978
      vertex 0.84444444444447031 0.8555555555555554 0.077777777777764845
      vertex 0.78333333333336996 0.89999999999999991 0.10833333333331502
    endloop
  endfacet
  facet normal 0.44721359549995798 0 0.89442719099991597
    outer loop
      vertex 0.8666666666666667 0.81666666666666665 0.066666666666666652
      vertex 0.91666666666666663 0.81666666666666665 0.041666666666666685
      vertex 0.91666666666666663 0.8833333333333333 0.041666666666666685
    endloop
  endfacet
  facet normal 0.44721359549995798 0 0.89442719099991597
    outer loop
      vertex 0.8666666666666667 0.81666666666666665 0.066666666666666652
      vertex 0.91666666666666663 0.8833333333333333 0.041666666666666685
      vertex 0.84444444444447031 0.8555555555555554 0.077777777777764845
    endloop
  endfacet
  facet normal 0.44721359549995798 -0 0.89442719099991597
    outer loop
      vertex 0.91666666666666663 0.81666666666666665 0.041666666666666685
      vertex 0.97777777777777231 0.83333333333333326 0.011111111111113847
      vertex 0.91666666666666663 0.8833333333333333 0.041666666666666685
    endloop
  endfacet
  facet normal -0.44721359549995821 -1.8260948338799232e-15 0.89442719099991574
    outer loop
      vertex -0.63333333333330311 0.81666666666666654 0.18333333333334834
      vertex -0.55833333333333446 0.85833333333333339 0.22083333333333277
      vertex -0.58333333333331294 0.91666666666666663 0.20833333333334364
    endloop
  endfacet
  facet normal -0.44721359549995926 -1.1803119969675931e-15 0.89442719099991519
    outer loop
      vertex -0.63333333333330311 0.81666666666666654 0.18333333333334834
      vertex -0.58333333333331294 0.91666666666666663 0.20833333333334364
      vertex -0.655555555555553 0.88888888888888884 0.17222222222222344
    endloop
  endfacet
  facet normal -0.44721359549995632 -8.4782974430131375e-16 0.89442719099991663
    outer loop
      vertex -0.55833333333333446 0.85833333333333339 0.22083333333333277
      vertex -0.53333333333333333 0.91666666666666663 0.23333333333333334
      vertex -0.58333333333331294 0.91666666666666663 0.20833333333334364
    endloop
  endfacet
  facet normal -0.44721359549995832 1.8101811534091763e-16 0.89442719099991586
    outer loop
      vertex -0.55833333333333446 0.85833333333333339 0.22083333333333277
      vertex -0.48333333333332346 0.8833333333333333 0.2583333333333383
      vertex -0.53333333333333333 0.91666666666666663 0.23333333333333334
    endloop
  endfacet
  facet normal -0.44721359549995743 -1.9948935160026123e-16 0.89442719099991608
    outer loop
      vertex -0.48333333333332346 0.8833333333333333 0.2583333333333383
      vertex -0.41666666666666669 0.84999999999999998 0.29166666666666663
      vertex -0.43333333333333335 0.91666666666666663 0.28333333333333333
    endloop
  endfacet
  facet normal -0.44721359549995798 -3.8900423562044367e-16 0.89442719099991597
    outer loop
      vertex -0.41666666666666669 0.84999999999999998 0.29166666666666663
      vertex -0.35833333333333339 0.90833333333333321 0.3208333333333333
      vertex -0.43333333333333335 0.91666666666666663 0.28333333333333333
    endloop
  endfacet
  facet normal -0.44721359549995943 1.4462977991012315e-15 0.89442719099991508
    outer loop
      vertex -0.41666666666666669 0.84999999999999998 0.29166666666666663
      vertex -0.34999999999998077 0.84999999999999998 0.32500000000000973
      vertex -0.35833333333333339 0.90833333333333321 0.3208333333333333
    endloop
  endfacet
  facet normal -0.44721359549995648 -1.7455318265024089e-16 0.89442719099991663
    outer loop
      vertex -0.34999999999998077 0.84999999999999998 0.32500000000000973
      vertex -0.27999999999999886 0.85999999999999988 0.36000000000000054
      vertex -0.28888888888889408 0.92222222222222205 0.35555555555555296
    endloop
  endfacet
  facet normal -0.44721359549995821 1.652436795755231e-15 0.89442719099991586
    outer loop
      vertex -0.34999999999998077 0.84999999999999998 0.32500000000000973
      vertex -0.28888888888889408 0.92222222222222205 0.35555555555555296
      vertex -0.35833333333333339 0.90833333333333321 0.3208333333333333
    endloop
  endfacet
  facet normal -0.44721359549995826 -2.992340274002614e-16 0.89442719099991574
    outer loop
      vertex -0.18333333333333329 0.84999999999999998 0.40833333333333333
      vertex -0.16666666666666663 0.91666666666666663 0.41666666666666669
      vertex -0.22222222222223514 0.88888888888888873 0.3888888888888824
    endloop
  endfacet
  facet normal -0.44721359549995832 -2.4936168950022946e-16 0.89442719099991574
    outer loop
      vertex -0.18333333333333329 0.84999999999999998 0.40833333333333333
      vertex -0.11666666666665385 0.8833333333333333 0.44166666666667309
      vertex -0.16666666666666663 0.91666666666666663 0.41666666666666669
    endloop
  endfacet
  facet normal -0.44605728945466089 -0.001213383745670251 0.89500358782758338
    outer loop
      vertex -0.049999999999999989 0.8833333333333333 0.47499999999999998
      vertex 0.0001241515791458422 0.86666666666666647 0.49995858165373497
      vertex 0 0.94285714285714284 0.5
    endloop
  endfacet
  facet normal 0.44721359549995832 -1.4961701370007573e-16 0.89442719099991586
    outer loop
      vertex 0.08333333333333337 0.8833333333333333 0.45833333333333331
      vertex 0.12500000000002182 0.83333333333333326 0.43749999999998906
      vertex 0.13333333333336825 0.91666666666666641 0.43333333333331586
    endloop
  endfacet
  facet normal 0.44721359549995765 -1.1455052611425702e-16 0.89442719099991608
    outer loop
      vertex 0.12500000000002182 0.83333333333333326 0.43749999999998906
      vertex 0.18333333333333335 0.8833333333333333 0.40833333333333333
      vertex 0.13333333333336825 0.91666666666666641 0.43333333333331586
    endloop
  endfacet
  facet normal 0.44721359549995837 2.3938722192036417e-16 0.89442719099991574
    outer loop
      vertex 0.34444444444444705 0.84444444444444411 0.32777777777777645
      vertex 0.38333333333334207 0.8833333333333333 0.30833333333332891
      vertex 0.31666666666671034 0.89999999999999991 0.3416666666666448
    endloop
  endfacet
  facet normal 0.44721359549995676 0 0.89442719099991652
    outer loop
      vertex 0.38333333333334207 0.8833333333333333 0.30833333333332891
      vertex 0.4500000000000175 0.84999999999999987 0.27499999999999131
      vertex 0.4500000000000175 0.91666666666666652 0.27499999999999131
    endloop
  endfacet
  facet normal 0.4472135954999592 -0 0.89442719099991519
    outer loop
      vertex 0.4500000000000175 0.84999999999999987 0.27499999999999131
      vertex 0.51111111111110596 0.88888888888888884 0.24444444444444696
      vertex 0.4500000000000175 0.91666666666666652 0.27499999999999131
    endloop
  endfacet
  facet normal 0.44721359549995793 0 0.89442719099991586
    outer loop
      vertex 0.5166666666666585 0.83333333333333326 0.24166666666667075
      vertex 0.58333333333334547 0.84999999999999987 0.20833333333332726
      vertex 0.58333333333334547 0.91666666666666652 0.20833333333332726
    endloop
  endfacet
  facet normal 0.4472135954999571 7.9130776134740188e-16 0.89442719099991619
    outer loop
      vertex 0.5166666666666585 0.83333333333333326 0.24166666666667075
      vertex 0.58333333333334547 0.91666666666666652 0.20833333333332726
      vertex 0.51111111111110596 0.88888888888888884 0.24444444444444696
    endloop
  endfacet
  facet normal 0.44721359549995798 -0 0.89442719099991597
    outer loop
      vertex 0.58333333333334547 0.84999999999999987 0.20833333333332726
      vertex 0.65333333333331212 0.8933333333333332 0.17333333333334394
      vertex 0.58333333333334547 0.91666666666666652 0.20833333333332726
    endloop
  endfacet
  facet normal 0.44721359549995843 5.9846805480017117e-16 0.89442719099991563
    outer loop
      vertex 0.74999999999999123 0.84999999999999976 0.12500000000000444
      vertex 0.78333333333336996 0.89999999999999991 0.10833333333331502
      vertex 0.71111111111108261 0.88888888888888884 0.14444444444445875
    endloop
  endfacet
  facet normal 0.44721359549995837 7.7940025741481698e-16 0.89442719099991563
    outer loop
      vertex 0.78333333333336996 0.89999999999999991 0.10833333333331502
      vertex 0.84444444444447031 0.8555555555555554 0.077777777777764845
      vertex 0.85000000000004361 0.91666666666666641 0.07499999999997814
    endloop
  endfacet
  facet normal 0.44721359549995765 8.4240883800789392e-16 0.89442719099991608
    outer loop
      vertex 0.84444444444447031 0.8555555555555554 0.077777777777764845
      vertex 0.91666666666666663 0.8833333333333333 0.041666666666666685
      vertex 0.85000000000004361 0.91666666666666641 0.07499999999997814
    endloop
  endfacet
  facet normal 0.44721359549995748 -5.7126496140061389e-16 0.89442719099991608
    outer loop
      vertex 0.91666666666666663 0.8833333333333333 0.041666666666666685
      vertex 0.97777777777777231 0.83333333333333326 0.011111111111113847
      vertex 0.97777777777778807 0.91666666666666652 0.01111111111110602
    endloop
  endfacet
  facet normal -0.44721359549995793 0 0.89442719099991586
    outer loop
      vertex -0.97777777777778807 0.87222222222222212 0.011111111111105965
      vertex -0.91666666666667185 0.8833333333333333 0.041666666666664076
      vertex -0.91666666666667185 0.94999999999999996 0.041666666666664076
    endloop
  endfacet
  facet normal -0.44721359549995793 0 0.89442719099991586
    outer loop
      vertex -0.97777777777778807 0.87222222222222212 0.011111111111105965
      vertex -0.91666666666667185 0.94999999999999996 0.041666666666664076
      vertex -0.97999999999996712 0.95199999999999996 0.01000000000001644
    endloop
  endfacet
  facet normal -0.44721359549995698 -4.1892763836060748e-16 0.8944271909999163
    outer loop
      vertex -0.91666666666667185 0.8833333333333333 0.041666666666664076
      vertex -0.83333333333336435 0.8833333333333333 0.083333333333317716
      vertex -0.85000000000003317 0.94999999999999996 0.074999999999983358
    endloop
  endfacet
  facet normal -0.44721359549995737 0 0.89442719099991619
    outer loop
      vertex -0.91666666666667185 0.8833333333333333 0.041666666666664076
      vertex -0.85000000000003317 0.94999999999999996 0.074999999999983358
      vertex -0.91666666666667185 0.94999999999999996 0.041666666666664076
    endloop
  endfacet
  facet normal -0.44721359549995915 -1.1082097410113664e-15 0.89442719099991541
    outer loop
      vertex -0.83333333333336435 0.8833333333333333 0.083333333333317716
      vertex -0.79444444444445872 0.96666666666666667 0.1027777777777707
      vertex -0.85000000000003317 0.94999999999999996 0.074999999999983358
    endloop
  endfacet
  facet normal -0.4472135954999587 -8.0952200649348598e-16 0.89442719099991552
    outer loop
      vertex -0.83333333333336435 0.8833333333333333 0.083333333333317716
      vertex -0.73333333333334105 0.88333333333333319 0.13333333333332947
      vertex -0.74333333333334362 0.95999999999999996 0.12833333333332825
    endloop
  endfacet
  facet normal -0.44721359549995809 -1.6739936368910855e-15 0.89442719099991586
    outer loop
      vertex -0.83333333333336435 0.8833333333333333 0.083333333333317716
      vertex -0.74333333333334362 0.95999999999999996 0.12833333333332825
      vertex -0.79444444444445872 0.96666666666666667 0.1027777777777707
    endloop
  endfacet
  facet normal -0.44721359549995732 -5.4951927871347883e-16 0.89442719099991619
    outer loop
      vertex -0.73333333333334105 0.88333333333333319 0.13333333333332947
      vertex -0.68333333333333157 0.94999999999999996 0.15833333333333421
      vertex -0.74333333333334362 0.95999999999999996 0.12833333333332825
    endloop
  endfacet
  facet normal -0.44721359549995743 -5.1377917912127373e-16 0.89442719099991608
    outer loop
      vertex -0.73333333333334105 0.88333333333333319 0.13333333333332947
      vertex -0.655555555555553 0.88888888888888884 0.17222222222222344
      vertex -0.68333333333333157 0.94999999999999996 0.15833333333333421
    endloop
  endfacet
  facet normal -0.44721359549995698 -2.5928773733473683e-16 0.89442719099991641
    outer loop
      vertex -0.655555555555553 0.88888888888888884 0.17222222222222344
      vertex -0.6388888888888824 0.96666666666666667 0.18055555555555874
      vertex -0.68333333333333157 0.94999999999999996 0.15833333333333421
    endloop
  endfacet
  facet normal -0.4472135954999597 4.891670028758843e-16 0.89442719099991497
    outer loop
      vertex -0.655555555555553 0.88888888888888884 0.17222222222222344
      vertex -0.58333333333331294 0.91666666666666663 0.20833333333334364
      vertex -0.6388888888888824 0.96666666666666667 0.18055555555555874
    endloop
  endfacet
  facet normal -0.44721359549995798 7.5639712481745418e-16 0.89442719099991586
    outer loop
      vertex -0.53333333333333333 0.91666666666666663 0.23333333333333334
      vertex -0.48333333333332346 0.8833333333333333 0.2583333333333383
      vertex -0.48333333333333334 0.94999999999999996 0.2583333333333333
    endloop
  endfacet
  facet normal -0.44721359549995798 7.4476024597418706e-16 0.89442719099991586
    outer loop
      vertex -0.48333333333332346 0.8833333333333333 0.2583333333333383
      vertex -0.43333333333333335 0.91666666666666663 0.28333333333333333
      vertex -0.48333333333333334 0.94999999999999996 0.2583333333333333
    endloop
  endfacet
  facet normal -0.44721359549995804 -1.3299290106681964e-15 0.89442719099991586
    outer loop
      vertex -0.43333333333333335 0.91666666666666663 0.28333333333333333
      vertex -0.35833333333333339 0.90833333333333321 0.3208333333333333
      vertex -0.38333333333333741 0.94999999999999996 0.30833333333333135
    endloop
  endfacet
  facet normal -0.44721359549995787 -2.3018002107727828e-16 0.89442719099991597
    outer loop
      vertex -0.27999999999999886 0.85999999999999988 0.36000000000000054
      vertex -0.22222222222223514 0.88888888888888873 0.3888888888888824
      vertex -0.21666666666666198 0.94999999999999996 0.39166666666666899
    endloop
  endfacet
  facet normal -0.44721359549995771 -3.5797039410679371e-16 0.89442719099991608
    outer loop
      vertex -0.27999999999999886 0.85999999999999988 0.36000000000000054
      vertex -0.21666666666666198 0.94999999999999996 0.39166666666666899
      vertex -0.28888888888889408 0.92222222222222205 0.35555555555555296
    endloop
  endfacet
  facet normal -0.44721359549995821 -1.7205956575517963e-16 0.89442719099991574
    outer loop
      vertex -0.22222222222223514 0.88888888888888873 0.3888888888888824
      vertex -0.16666666666666663 0.91666666666666663 0.41666666666666669
      vertex -0.21666666666666198 0.94999999999999996 0.39166666666666899
    endloop
  endfacet
  facet normal -0.44721359549995837 -4.3714188350641242e-16 0.89442719099991563
    outer loop
      vertex -0.16666666666666663 0.91666666666666663 0.41666666666666669
      vertex -0.11666666666665385 0.8833333333333333 0.44166666666667309
      vertex -0.1407407407407196 0.97037037037037055 0.42962962962964024
    endloop
  endfacet
  facet normal -0.44721359549995776 -2.4748293704522247e-16 0.89442719099991586
    outer loop
      vertex -0.11666666666665385 0.8833333333333333 0.44166666666667309
      vertex -0.083333333333330428 0.94999999999999996 0.45833333333333481
      vertex -0.1407407407407196 0.97037037037037055 0.42962962962964024
    endloop
  endfacet
  facet normal -0.44721359549995754 -4.3638295662558128e-16 0.89442719099991608
    outer loop
      vertex -0.11666666666665385 0.8833333333333333 0.44166666666667309
      vertex -0.049999999999999989 0.8833333333333333 0.47499999999999998
      vertex -0.083333333333330428 0.94999999999999996 0.45833333333333481
    endloop
  endfacet
  facet normal -0.44721359549995637 2.2737848792600514e-16 0.89442719099991674
    outer loop
      vertex -0.049999999999999989 0.8833333333333333 0.47499999999999998
      vertex -0.038888888888905702 0.96666666666666667 0.48055555555554708
      vertex -0.083333333333330428 0.94999999999999996 0.45833333333333481
    endloop
  endfacet
  facet normal -0.44721359549995893 6.6396078532584935e-16 0.89442719099991541
    outer loop
      vertex -0.049999999999999989 0.8833333333333333 0.47499999999999998
      vertex 0 0.94285714285714284 0.5
      vertex -0.038888888888905702 0.96666666666666667 0.48055555555554708
    endloop
  endfacet
  facet normal 0.4470949109439179 0.00024227946781108851 0.8944864906239276
    outer loop
      vertex 0 0.94285714285714284 0.5
      vertex 0.0001241515791458422 0.86666666666666647 0.49995858165373497
      vertex 0.038888888888905702 0.96666666666666667 0.48055555555554708
    endloop
  endfacet
  facet normal 0.44739120884899969 1.3983700955286138e-16 0.89433836227941754
    outer loop
      vertex 0.0001241515791458422 0.86666666666666647 0.49995858165373497
      vertex 0.08333333333333337 0.8833333333333333 0.45833333333333331
      vertex 0.083333333333345555 0.94999999999999996 0.45833333333332721
    endloop
  endfacet
  facet normal 0.44726198242354809 0.00016131132242310051 0.89440298135528096
    outer loop
      vertex 0.0001241515791458422 0.86666666666666647 0.49995858165373497
      vertex 0.083333333333345555 0.94999999999999996 0.45833333333332721
      vertex 0.038888888888905702 0.96666666666666667 0.48055555555554708
    endloop
  endfacet
  facet normal 0.44721359549995809 1.861900614935336e-16 0.89442719099991586
    outer loop
      vertex 0.08333333333333337 0.8833333333333333 0.45833333333333331
      vertex 0.13333333333336825 0.91666666666666641 0.43333333333331586
      vertex 0.083333333333345555 0.94999999999999996 0.45833333333332721
    endloop
  endfacet
  facet normal 0.44721359549995754 -3.6114451582824352e-16 0.89442719099991597
    outer loop
      vertex 0.13333333333336825 0.91666666666666641 0.43333333333331586
      vertex 0.18333333333333335 0.8833333333333333 0.40833333333333333
      vertex 0.15555555555557624 0.95555555555555549 0.4222222222222119
    endloop
  endfacet
  facet normal 0.4472135954999592 4.781239350849866e-16 0.89442719099991519
    outer loop
      vertex 0.18333333333333335 0.8833333333333333 0.40833333333333333
      vertex 0.21666666666672776 0.94999999999999996 0.39166666666663602
      vertex 0.15555555555557624 0.95555555555555549 0.4222222222222119
    endloop
  endfacet
  facet normal 0.44721359549995815 1.2084451106541253e-15 0.89442719099991574
    outer loop
      vertex 0.18333333333333335 0.8833333333333333 0.40833333333333333
      vertex 0.25333333333340152 0.8933333333333332 0.37333333333329921
      vertex 0.21666666666672776 0.94999999999999996 0.39166666666663602
    endloop
  endfacet
  facet normal 0.44721359549995798 -4.1892763836060205e-16 0.89442719099991597
    outer loop
      vertex 0.25333333333340152 0.8933333333333332 0.37333333333329921
      vertex 0.31666666666671034 0.89999999999999991 0.3416666666666448
      vertex 0.28888888888889408 0.95555555555555549 0.35555555555555296
    endloop
  endfacet
  facet normal 0.44721359549995815 -5.7936801049884176e-16 0.89442719099991586
    outer loop
      vertex 0.31666666666671034 0.89999999999999991 0.3416666666666448
      vertex 0.38333333333334207 0.8833333333333333 0.30833333333332891
      vertex 0.35555555555557627 0.95555555555555549 0.32222222222221186
    endloop
  endfacet
  facet normal 0.44721359549995898 -1.7887380598315889e-16 0.8944271909999153
    outer loop
      vertex 0.38333333333334207 0.8833333333333333 0.30833333333332891
      vertex 0.3944444444444587 0.96666666666666667 0.3027777777777706
      vertex 0.35555555555557627 0.95555555555555549 0.32222222222221186
    endloop
  endfacet
  facet normal 0.44721359549995671 2.150744571939724e-16 0.89442719099991652
    outer loop
      vertex 0.38333333333334207 0.8833333333333333 0.30833333333332891
      vertex 0.4500000000000175 0.91666666666666652 0.27499999999999131
      vertex 0.3944444444444587 0.96666666666666667 0.3027777777777706
    endloop
  endfacet
  facet normal 0.44721359549995887 -8.9770208220130846e-16 0.8944271909999153
    outer loop
      vertex 0.4500000000000175 0.91666666666666652 0.27499999999999131
      vertex 0.51111111111110596 0.88888888888888884 0.24444444444444696
      vertex 0.51666666666666672 0.94999999999999996 0.24166666666666664
    endloop
  endfacet
  facet normal 0.44721359549995765 -7.7979737031756932e-16 0.89442719099991608
    outer loop
      vertex 0.51111111111110596 0.88888888888888884 0.24444444444444696
      vertex 0.58333333333334547 0.91666666666666652 0.20833333333332726
      vertex 0.51666666666666672 0.94999999999999996 0.24166666666666664
    endloop
  endfacet
  facet normal 0.44721359549995815 7.6945892760121113e-16 0.89442719099991586
    outer loop
      vertex 0.58333333333334547 0.91666666666666652 0.20833333333332726
      vertex 0.65333333333331212 0.8933333333333332 0.17333333333334394
      vertex 0.62777777777777644 0.96666666666666667 0.18611111111111173
    endloop
  endfacet
  facet normal 0.44721359549995726 4.6509236166669082e-16 0.89442719099991619
    outer loop
      vertex 0.65333333333331212 0.8933333333333332 0.17333333333334394
      vertex 0.71111111111108261 0.88888888888888884 0.14444444444445875
      vertex 0.6888888888888941 0.95555555555555538 0.15555555555555295
    endloop
  endfacet
  facet normal 0.44721359549995793 7.3312336713087103e-16 0.89442719099991586
    outer loop
      vertex 0.71111111111108261 0.88888888888888884 0.14444444444445875
      vertex 0.74444444444444702 0.95555555555555549 0.12777777777777649
      vertex 0.6888888888888941 0.95555555555555538 0.15555555555555295
    endloop
  endfacet
  facet normal 0.44721359549995837 4.3638295662510461e-16 0.89442719099991574
    outer loop
      vertex 0.71111111111108261 0.88888888888888884 0.14444444444445875
      vertex 0.78333333333336996 0.89999999999999991 0.10833333333331502
      vertex 0.74444444444444702 0.95555555555555549 0.12777777777777649
    endloop
  endfacet
  facet normal 0.44721359549995859 -4.4885104110041392e-16 0.89442719099991552
    outer loop
      vertex 0.78333333333336996 0.89999999999999991 0.10833333333331502
      vertex 0.85000000000004361 0.91666666666666641 0.07499999999997814
      vertex 0.81111111111112921 0.95555555555555549 0.094444444444435394
    endloop
  endfacet
  facet normal 0.44721359549995704 -6.8303419297957952e-16 0.8944271909999163
    outer loop
      vertex 0.85000000000004361 0.91666666666666641 0.07499999999997814
      vertex 0.91666666666666663 0.8833333333333333 0.041666666666666685
      vertex 0.91666666666664576 0.95999999999999996 0.041666666666677177
    endloop
  endfacet
  facet normal 0.44721359549995759 -6.4761760519508135e-16 0.89442719099991608
    outer loop
      vertex 0.91666666666666663 0.8833333333333333 0.041666666666666685
      vertex 0.97777777777778807 0.91666666666666652 0.01111111111110602
      vertex 0.91666666666664576 0.95999999999999996 0.041666666666677177
    endloop
  endfacet
  facet normal -0.44721359549995893 1.6566683880618755e-15 0.8944271909999153
    outer loop
      vertex -0.6388888888888824 0.96666666666666667 0.18055555555555874
      vertex -0.58333333333331294 0.91666666666666663 0.20833333333334364
      vertex -0.58333333333332948 0.97777777777777775 0.20833333333333526
    endloop
  endfacet
  facet normal -0.44721359549995626 -5.5413708777863583e-16 0.89442719099991652
    outer loop
      vertex -0.58333333333331294 0.91666666666666663 0.20833333333334364
      vertex -0.53333333333333333 0.91666666666666663 0.23333333333333334
      vertex -0.51333333333328468 0.98666666666666658 0.24333333333335766
    endloop
  endfacet
  facet normal -0.44721359549995815 1.6249314457617928e-15 0.89442719099991574
    outer loop
      vertex -0.58333333333331294 0.91666666666666663 0.20833333333334364
      vertex -0.51333333333328468 0.98666666666666658 0.24333333333335766
      vertex -0.58333333333332948 0.97777777777777775 0.20833333333333526
    endloop
  endfacet
  facet normal -0.44721359549995737 -1.7113057122578335e-16 0.89442719099991597
    outer loop
      vertex -0.53333333333333333 0.91666666666666663 0.23333333333333334
      vertex -0.48333333333333334 0.94999999999999996 0.2583333333333333
      vertex -0.51333333333328468 0.98666666666666658 0.24333333333335766
    endloop
  endfacet
  facet normal -0.44721359549995815 4.1892763836043644e-16 0.89442719099991586
    outer loop
      vertex -0.48333333333333334 0.94999999999999996 0.2583333333333333
      vertex -0.43333333333333335 0.91666666666666663 0.28333333333333333
      vertex -0.41333333333332106 0.98666666666666658 0.29333333333333944
    endloop
  endfacet
  facet normal -0.44721359549995915 7.8720062763834474e-16 0.8944271909999153
    outer loop
      vertex -0.43333333333333335 0.91666666666666663 0.28333333333333333
      vertex -0.38333333333333741 0.94999999999999996 0.30833333333333135
      vertex -0.41333333333332106 0.98666666666666658 0.29333333333333944
    endloop
  endfacet
  facet normal -0.44721359549995665 -2.2342807379230914e-16 0.89442719099991641
    outer loop
      vertex -0.38333333333333741 0.94999999999999996 0.30833333333333135
      vertex -0.35833333333333339 0.90833333333333321 0.3208333333333333
      vertex -0.31666666666669385 0.97777777777777775 0.34166666666665302
    endloop
  endfacet
  facet normal -0.44721359549995798 8.2262154441693167e-16 0.89442719099991574
    outer loop
      vertex -0.35833333333333339 0.90833333333333321 0.3208333333333333
      vertex -0.28888888888889408 0.92222222222222205 0.35555555555555296
      vertex -0.31666666666669385 0.97777777777777775 0.34166666666665302
    endloop
  endfacet
  facet normal -0.44721359549995815 7.5031815825748817e-16 0.89442719099991574
    outer loop
      vertex -0.28888888888889408 0.92222222222222205 0.35555555555555296
      vertex -0.24666666666668938 0.9866666666666668 0.37666666666665527
      vertex -0.31666666666669385 0.97777777777777775 0.34166666666665302
    endloop
  endfacet
  facet normal -0.44721359549995798 6.1279308802709337e-16 0.89442719099991586
    outer loop
      vertex -0.28888888888889408 0.92222222222222205 0.35555555555555296
      vertex -0.21666666666666198 0.94999999999999996 0.39166666666666899
      vertex -0.24666666666668938 0.9866666666666668 0.37666666666665527
    endloop
  endfacet
  facet normal -0.44721359549995843 -4.3714188350652774e-16 0.89442719099991574
    outer loop
      vertex -0.21666666666666198 0.94999999999999996 0.39166666666666899
      vertex -0.16666666666666663 0.91666666666666663 0.41666666666666669
      vertex -0.1407407407407196 0.97037037037037055 0.42962962962964024
    endloop
  endfacet
  facet normal 0.44721359549995765 -5.0560232215911728e-16 0.89442719099991586
    outer loop
      vertex 0.083333333333345555 0.94999999999999996 0.45833333333332721
      vertex 0.13333333333336825 0.91666666666666641 0.43333333333331586
      vertex 0.15555555555557624 0.95555555555555549 0.4222222222222119
    endloop
  endfacet
  facet normal 0.44721359549995698 3.1600145134972789e-16 0.8944271909999163
    outer loop
      vertex 0.21666666666672776 0.94999999999999996 0.39166666666663602
      vertex 0.25333333333340152 0.8933333333333332 0.37333333333329921
      vertex 0.28888888888889408 0.95555555555555549 0.35555555555555296
    endloop
  endfacet
  facet normal 0.44721359549995793 -4.4511061575790328e-16 0.89442719099991586
    outer loop
      vertex 0.28888888888889408 0.95555555555555549 0.35555555555555296
      vertex 0.31666666666671034 0.89999999999999991 0.3416666666666448
      vertex 0.35555555555557627 0.95555555555555549 0.32222222222221186
    endloop
  endfacet
  facet normal 0.44721359549995776 1.5797944611569911e-15 0.89442719099991608
    outer loop
      vertex 0.3944444444444587 0.96666666666666667 0.3027777777777706
      vertex 0.4500000000000175 0.91666666666666652 0.27499999999999131
      vertex 0.45714285714288849 0.98095238095238091 0.2714285714285557
    endloop
  endfacet
  facet normal 0.44721359549995793 1.5512986281614406e-15 0.89442719099991586
    outer loop
      vertex 0.4500000000000175 0.91666666666666652 0.27499999999999131
      vertex 0.51666666666666672 0.94999999999999996 0.24166666666666664
      vertex 0.45714285714288849 0.98095238095238091 0.2714285714285557
    endloop
  endfacet
  facet normal 0.44721359549995798 0 0.89442719099991597
    outer loop
      vertex 0.51666666666666672 0.94999999999999996 0.24166666666666664
      vertex 0.58333333333334547 0.91666666666666652 0.20833333333332726
      vertex 0.57222222222220021 0.97777777777777775 0.2138888888888999
    endloop
  endfacet
  facet normal 0.44721359549995865 1.6302608568268846e-16 0.89442719099991563
    outer loop
      vertex 0.58333333333334547 0.91666666666666652 0.20833333333332726
      vertex 0.62777777777777644 0.96666666666666667 0.18611111111111173
      vertex 0.57222222222220021 0.97777777777777775 0.2138888888888999
    endloop
  endfacet
  facet normal 0.44721359549995737 4.1584728807834532e-16 0.8944271909999163
    outer loop
      vertex 0.62777777777777644 0.96666666666666667 0.18611111111111173
      vertex 0.65333333333331212 0.8933333333333332 0.17333333333334394
      vertex 0.6888888888888941 0.95555555555555538 0.15555555555555295
    endloop
  endfacet
  facet normal 0.44721359549995793 0 0.89442719099991586
    outer loop
      vertex 0.78333333333336996 0.89999999999999991 0.10833333333331502
      vertex 0.81111111111112921 0.95555555555555549 0.094444444444435394
      vertex 0.74444444444444702 0.95555555555555549 0.12777777777777649
    endloop
  endfacet
  facet normal 0.44721359549995898 6.5457443493795936e-17 0.8944271909999153
    outer loop
      vertex 0.85000000000004361 0.91666666666666641 0.07499999999997814
      vertex 0.84666666666669332 0.98666666666666658 0.076666666666653283
      vertex 0.81111111111112921 0.95555555555555549 0.094444444444435394
    endloop
  endfacet
  facet normal 0.44721359549995682 -7.0546898299789278e-17 0.89442719099991652
    outer loop
      vertex 0.85000000000004361 0.91666666666666641 0.07499999999997814
      vertex 0.91666666666664576 0.95999999999999996 0.041666666666677177
      vertex 0.84666666666669332 0.98666666666666658 0.076666666666653283
    endloop
  endfacet
  facet normal 0.44721359549995793 0 0.89442719099991586
    outer loop
      vertex 0.91666666666664576 0.95999999999999996 0.041666666666677177
      vertex 0.97777777777778807 0.91666666666666652 0.01111111111110602
      vertex 0.97857142857145252 0.97857142857142843 0.010714285714273797
    endloop
  endfacet
  facet normal -0.44721359549995793 -4.7987129250941832e-16 0.89442719099991586
    outer loop
      vertex -0.97999999999996712 0.95199999999999996 0.01000000000001644
      vertex -0.91666666666667185 0.94999999999999996 0.041666666666664076
      vertex -0.88333333333333341 1 0.05833333333333332
    endloop
  endfacet
  facet normal -0.44721359549995737 -9.8913470168487526e-16 0.8944271909999163
    outer loop
      vertex -0.91666666666667185 0.94999999999999996 0.041666666666664076
      vertex -0.85000000000003317 0.94999999999999996 0.074999999999983358
      vertex -0.88333333333333341 1 0.05833333333333332
    endloop
  endfacet
  facet normal -0.44721359549995882 -2.2400991773439507e-15 0.89442719099991541
    outer loop
      vertex -0.85000000000003317 0.94999999999999996 0.074999999999983358
      vertex -0.79444444444445872 0.96666666666666667 0.1027777777777707
      vertex -0.88333333333333341 1 0.05833333333333332
    endloop
  endfacet
  facet normal -0.44721359549995721 5.3708671584667249e-16 0.8944271909999163
    outer loop
      vertex -0.68333333333333157 0.94999999999999996 0.15833333333333421
      vertex -0.6388888888888824 0.96666666666666667 0.18055555555555874
      vertex -0.74333333333334362 0.95999999999999996 0.12833333333332825
    endloop
  endfacet
  facet normal -0.44721359549995771 -4.7605413450071619e-16 0.89442719099991597
    outer loop
      vertex -0.48333333333333334 0.94999999999999996 0.2583333333333333
      vertex -0.41333333333332106 0.98666666666666658 0.29333333333333944
      vertex -0.51333333333328468 0.98666666666666658 0.24333333333335766
    endloop
  endfacet
  facet normal -0.44721359549995754 2.4259933859867806e-15 0.89442719099991608
    outer loop
      vertex -0.38333333333333741 0.94999999999999996 0.30833333333333135
      vertex -0.31666666666669385 0.97777777777777775 0.34166666666665302
      vertex -0.41333333333332106 0.98666666666666658 0.29333333333333944
    endloop
  endfacet
  facet normal -0.44721359549995843 1.1425299228009037e-16 0.89442719099991563
    outer loop
      vertex -0.21666666666666198 0.94999999999999996 0.39166666666666899
      vertex -0.1407407407407196 0.97037037037037055 0.42962962962964024
      vertex -0.24666666666668938 0.9866666666666668 0.37666666666665527
    endloop
  endfacet
  facet normal -0.4472135954999571 2.4996787261297461e-15 0.8944271909999163
    outer loop
      vertex -0.083333333333330428 0.94999999999999996 0.45833333333333481
      vertex -0.038888888888905702 0.96666666666666667 0.48055555555554708
      vertex -0.1407407407407196 0.97037037037037055 0.42962962962964024
    endloop
  endfacet
  facet normal 0.4472135954999571 3.4910636530050979e-16 0.8944271909999163
    outer loop
      vertex 0.083333333333345555 0.94999999999999996 0.45833333333332721
      vertex 0.14999999999996158 1 0.42500000000001925
      vertex 0.038888888888905702 0.96666666666666667 0.48055555555554708
    endloop
  endfacet
  facet normal 0.44721359549995765 -5.9846805480055101e-16 0.89442719099991597
    outer loop
      vertex 0.083333333333345555 0.94999999999999996 0.45833333333332721
      vertex 0.15555555555557624 0.95555555555555549 0.4222222222222119
      vertex 0.14999999999996158 1 0.42500000000001925
    endloop
  endfacet
  facet normal 0.44721359549995926 -3.6114451582779949e-16 0.89442719099991519
    outer loop
      vertex 0.15555555555557624 0.95555555555555549 0.4222222222222119
      vertex 0.21666666666672776 0.94999999999999996 0.39166666666663602
      vertex 0.14999999999996158 1 0.42500000000001925
    endloop
  endfacet
  facet normal 0.44721359549995798 -2.3855601628855175e-15 0.89442719099991586
    outer loop
      vertex 0.21666666666672776 0.94999999999999996 0.39166666666663602
      vertex 0.28333333333332461 1 0.35833333333333772
      vertex 0.14999999999996158 1 0.42500000000001925
    endloop
  endfacet
  facet normal 0.44721359549995704 -7.1816166576135107e-16 0.8944271909999163
    outer loop
      vertex 0.21666666666672776 0.94999999999999996 0.39166666666663602
      vertex 0.28888888888889408 0.95555555555555549 0.35555555555555296
      vertex 0.28333333333332461 1 0.35833333333333772
    endloop
  endfacet
  facet normal 0.44721359549995798 -5.6457045013410472e-16 0.89442719099991597
    outer loop
      vertex 0.28888888888889408 0.95555555555555549 0.35555555555555296
      vertex 0.35555555555557627 0.95555555555555549 0.32222222222221186
      vertex 0.28333333333332461 1 0.35833333333333772
    endloop
  endfacet
  facet normal 0.4472135954999587 9.9623035951575019e-16 0.89442719099991552
    outer loop
      vertex 0.35555555555557627 0.95555555555555549 0.32222222222221186
      vertex 0.3944444444444587 0.96666666666666667 0.3027777777777706
      vertex 0.28333333333332461 1 0.35833333333333772
    endloop
  endfacet
  facet normal 0.44721359549995759 8.0499820704599358e-16 0.89442719099991608
    outer loop
      vertex 0.51666666666666672 0.94999999999999996 0.24166666666666664
      vertex 0.57222222222220021 0.97777777777777775 0.2138888888888999
      vertex 0.45714285714288849 0.98095238095238091 0.2714285714285557
    endloop
  endfacet
  facet normal 0.44721359549995737 3.8472946380040677e-16 0.89442719099991619
    outer loop
      vertex 0.62777777777777644 0.96666666666666667 0.18611111111111173
      vertex 0.6888888888888941 0.95555555555555538 0.15555555555555295
      vertex 0.71666666666666667 1 0.14166666666666666
    endloop
  endfacet
  facet normal 0.44721359549995793 0 0.89442719099991586
    outer loop
      vertex 0.6888888888888941 0.95555555555555538 0.15555555555555295
      vertex 0.74444444444444702 0.95555555555555549 0.12777777777777649
      vertex 0.71666666666666667 1 0.14166666666666666
    endloop
  endfacet
  facet normal 0.44721359549995793 1.4961701370013571e-15 0.89442719099991586
    outer loop
      vertex 0.74444444444444702 0.95555555555555549 0.12777777777777649
      vertex 0.81111111111112921 0.95555555555555549 0.094444444444435394
      vertex 0.84666666666669332 0.98666666666666658 0.076666666666653283
    endloop
  endfacet
  facet normal 0.44721359549995821 2.5106964627762958e-16 0.89442719099991574
    outer loop
      vertex 0.74444444444444702 0.95555555555555549 0.12777777777777649
      vertex 0.84666666666669332 0.98666666666666658 0.076666666666653283
      vertex 0.71666666666666667 1 0.14166666666666666
    endloop
  endfacet
endsolid line_r_0_25_w_1e_03
