solid line_r_0_5_w_1e_03
  facet normal -3.3916890252248338e-06 3.896031614876055e-06 0.99999999998665878
    outer loop
      vertex 0.41999999999999998 0 0
      vertex 0.41843713670454002 -0.036406651710658405 1.3654071977118993e-07
      vertex 0.49483321261796015 0.065146028330349312 -0
    endloop
  endfacet
  facet normal 0 0 1
    outer loop
      vertex 0.41999999999999998 0 0
      vertex 0.49483321261796015 0.065146028330349312 -0
      vertex 0.41840177319853311 0.036605411954016426 0
    endloop
  endfacet
  facet normal 0 0 1
    outer loop
      vertex 0.41840177319853311 0.036605411954016426 0
      vertex 0.49483321261796015 0.065146028330349312 -0
      vertex 0.41361925626512736 0.072932234620110739 0
    endloop
  endfacet
  facet normal 0 0 1
    outer loop
      vertex 0.41361925626512736 0.072932234620110739 0
      vertex 0.49483321261796015 0.065146028330349312 -0
      vertex 0.47600309513230221 0.15008319939786244 -0
    endloop
  endfacet
  facet normal 0 0 1
    outer loop
      vertex 0.41361925626512736 0.072932234620110739 0
      vertex 0.47600309513230221 0.15008319939786244 -0
      vertex 0.40568884704140867 0.10870399894305871 0
    endloop
  endfacet
  facet normal 0 0 1
    outer loop
      vertex 0.40568884704140867 0.10870399894305871 0
      vertex 0.47600309513230221 0.15008319939786244 -0
      vertex 0.39467090073008154 0.14364846019678085 0
    endloop
  endfacet
  facet normal 0 0 1
    outer loop
      vertex 0.39467090073008154 0.14364846019678085 0
      vertex 0.47600309513230221 0.15008319939786244 -0
      vertex 0.44270986447023741 0.23046016839743477 -0
    endloop
  endfacet
  facet normal 0 0 1
    outer loop
      vertex 0.39467090073008154 0.14364846019678085 0
      vertex 0.44270986447023741 0.23046016839743477 -0
      vertex 0.38064927055539294 0.17749966993109376 0
    endloop
  endfacet
  facet normal 0 0 1
    outer loop
      vertex 0.38064927055539294 0.17749966993109376 0
      vertex 0.44270986447023741 0.23046016839743477 -0
      vertex 0.36373066958946426 0.20999999999999996 0
    endloop
  endfacet
  facet normal 7.9875102367549467e-07 -3.0832939169744658e-06 0.99999999999492761
    outer loop
      vertex 0.36373066958946426 0.20999999999999996 0
      vertex 0.44270986447023741 0.23046016839743477 -0
      vertex 0.34405466927472744 0.2409051378561651 1.1100584894896971e-07
    endloop
  endfacet
  facet normal -2.9919876851809919e-06 1.5219556348595872e-06 0.99999999999436584
    outer loop
      vertex 0.34405466927472744 0.2409051378561651 1.1100584894896971e-07
      vertex 0.35596467727895159 0.3372551515284879 -0
      vertex 0.32173866610997076 0.26997079606834645 0
    endloop
  endfacet
  facet normal 0 0 1
    outer loop
      vertex 0.32173866610997076 0.26997079606834645 0
      vertex 0.35596467727895159 0.3372551515284879 -0
      vertex 0.29698484809834996 0.29698484809834996 0
    endloop
  endfacet
  facet normal 0 0 1
    outer loop
      vertex 0.29698484809834996 0.29698484809834996 0
      vertex 0.35596467727895159 0.3372551515284879 -0
      vertex 0.30383472179872328 0.39596511859824512 -0
    endloop
  endfacet
  facet normal 0 0 1
    outer loop
      vertex 0.29698484809834996 0.29698484809834996 0
      vertex 0.30383472179872328 0.39596511859824512 -0
      vertex 0.26997079606834651 0.32173866610997076 0
    endloop
  endfacet
  facet normal 0 0 1
    outer loop
      vertex 0.26997079606834651 0.32173866610997076 0
      vertex 0.30383472179872328 0.39596511859824512 -0
      vertex 0.24090210326743938 0.34404385860137648 0
    endloop
  endfacet
  facet normal 0 0 1
    outer loop
      vertex 0.24090210326743938 0.34404385860137648 0
      vertex 0.30383472179872328 0.39596511859824512 -0
      vertex 0.24978929851510501 0.43264775621515089 -0
    endloop
  endfacet
  facet normal 0 0 1
    outer loop
      vertex 0.24090210326743938 0.34404385860137648 0
      vertex 0.24978929851510501 0.43264775621515089 -0
      vertex 0.21000000000000005 0.36373066958946421 0
    endloop
  endfacet
  facet normal 0 0 1
    outer loop
      vertex 0.21000000000000005 0.36373066958946421 0
      vertex 0.24978929851510501 0.43264775621515089 -0
      vertex 0.19099849081923681 0.46111114692859451 -0
    endloop
  endfacet
  facet normal 0 0 1
    outer loop
      vertex 0.21000000000000005 0.36373066958946421 0
      vertex 0.19099849081923681 0.46111114692859451 -0
      vertex 0.17749966993109376 0.38064927055539294 0
    endloop
  endfacet
  facet normal 0 0 1
    outer loop
      vertex 0.17749966993109376 0.38064927055539294 0
      vertex 0.19099849081923681 0.46111114692859451 -0
      vertex 0.1436484601967809 0.39467090073008149 0
    endloop
  endfacet
  facet normal 0 0 1
    outer loop
      vertex 0.1436484601967809 0.39467090073008149 0
      vertex 0.19099849081923681 0.46111114692859451 -0
      vertex 0.11408919014136507 0.47690202913774526 -0
    endloop
  endfacet
  facet normal 0 0 1
    outer loop
      vertex 0.1436484601967809 0.39467090073008149 0
      vertex 0.11408919014136507 0.47690202913774526 -0
      vertex 0.10870399894305879 0.40568884704140862 0
    endloop
  endfacet
  facet normal 0 0 1
    outer loop
      vertex 0.10870399894305879 0.40568884704140862 0
      vertex 0.11408919014136507 0.47690202913774526 -0
      vertex 0.072932234620110767 0.41361925626512736 0
    endloop
  endfacet
  facet normal 0 0 1
    outer loop
      vertex 0.072932234620110767 0.41361925626512736 0
      vertex 0.11408919014136507 0.47690202913774526 -0
      vertex 0.045721928116725992 0.49653260118584358 -0
    endloop
  endfacet
  facet normal 0 0 1
    outer loop
      vertex 0.072932234620110767 0.41361925626512736 0
      vertex 0.045721928116725992 0.49653260118584358 -0
      vertex 0.036605411954016419 0.41840177319853311 0
    endloop
  endfacet
  facet normal 0 0 1
    outer loop
      vertex 0.036605411954016419 0.41840177319853311 0
      vertex 0.045721928116725992 0.49653260118584358 -0
      vertex 2.5717582782094416e-17 0.41999999999999998 0
    endloop
  endfacet
  facet normal 0 0 1
    outer loop
      vertex 2.5717582782094416e-17 0.41999999999999998 0
      vertex 0.045721928116725992 0.49653260118584358 -0
      vertex -0.088823610031193184 0.49065821612617228 -0
    endloop
  endfacet
  facet normal 0 0 1
    outer loop
      vertex 2.5717582782094416e-17 0.41999999999999998 0
      vertex -0.088823610031193184 0.49065821612617228 -0
      vertex -0.036605411954016363 0.41840177319853311 0
    endloop
  endfacet
  facet normal 0 0 1
    outer loop
      vertex -0.036605411954016363 0.41840177319853311 0
      vertex -0.088823610031193184 0.49065821612617228 -0
      vertex -0.072932234620110725 0.41361925626512736 0
    endloop
  endfacet
  facet normal 0 0 1
    outer loop
      vertex -0.072932234620110725 0.41361925626512736 0
      vertex -0.088823610031193184 0.49065821612617228 -0
      vertex -0.15521979689577428 0.46514374482996762 -0
    endloop
  endfacet
  facet normal 0 0 1
    outer loop
      vertex -0.072932234620110725 0.41361925626512736 0
      vertex -0.15521979689577428 0.46514374482996762 -0
      vertex -0.10870399894305875 0.40568884704140867 0
    endloop
  endfacet
  facet normal 0 0 1
    outer loop
      vertex -0.10870399894305875 0.40568884704140867 0
      vertex -0.15521979689577428 0.46514374482996762 -0
      vertex -0.14364846019678076 0.39467090073008154 0
    endloop
  endfacet
  facet normal 3.0704653059516952e-06 5.0415714494773241e-07 0.99999999999515898
    outer loop
      vertex -0.14364846019678076 0.39467090073008154 0
      vertex -0.15521979689577428 0.46514374482996762 -0
      vertex -0.17750078116387047 0.38066044394112686 1.1100584895006044e-07
    endloop
  endfacet
  facet normal -2.4958436341872917e-06 -1.7656986962967186e-06 0.99999999999532652
    outer loop
      vertex -0.17750078116387047 0.38066044394112686 1.1100584895006044e-07
      vertex -0.25846277787255789 0.43223358908639892 -0
      vertex -0.20999999999999991 0.36373066958946426 0
    endloop
  endfacet
  facet normal 0 0 1
    outer loop
      vertex -0.20999999999999991 0.36373066958946426 0
      vertex -0.25846277787255789 0.43223358908639892 -0
      vertex -0.24090210326743938 0.34404385860137648 0
    endloop
  endfacet
  facet normal 0 0 1
    outer loop
      vertex -0.24090210326743938 0.34404385860137648 0
      vertex -0.25846277787255789 0.43223358908639892 -0
      vertex -0.33718917296566325 0.36797741092594527 -0
    endloop
  endfacet
  facet normal 0 0 1
    outer loop
      vertex -0.24090210326743938 0.34404385860137648 0
      vertex -0.33718917296566325 0.36797741092594527 -0
      vertex -0.26997079606834651 0.32173866610997076 0
    endloop
  endfacet
  facet normal 0 0 1
    outer loop
      vertex -0.26997079606834651 0.32173866610997076 0
      vertex -0.33718917296566325 0.36797741092594527 -0
      vertex -0.29698484809834991 0.29698484809834996 0
    endloop
  endfacet
  facet normal 0 0 1
    outer loop
      vertex -0.29698484809834991 0.29698484809834996 0
      vertex -0.33718917296566325 0.36797741092594527 -0
      vertex -0.38400384744017008 0.30494742801663044 -0
    endloop
  endfacet
  facet normal 0 0 1
    outer loop
      vertex -0.29698484809834991 0.29698484809834996 0
      vertex -0.38400384744017008 0.30494742801663044 -0
      vertex -0.32173866610997071 0.26997079606834656 0
    endloop
  endfacet
  facet normal 0 0 1
    outer loop
      vertex -0.32173866610997071 0.26997079606834656 0
      vertex -0.38400384744017008 0.30494742801663044 -0
      vertex -0.3440438586013766 0.24090210326743927 0
    endloop
  endfacet
  facet normal 0 0 1
    outer loop
      vertex -0.3440438586013766 0.24090210326743927 0
      vertex -0.38400384744017008 0.30494742801663044 -0
      vertex -0.4306884411881694 0.25128188430126791 -0
    endloop
  endfacet
  facet normal 0 0 1
    outer loop
      vertex -0.3440438586013766 0.24090210326743927 0
      vertex -0.4306884411881694 0.25128188430126791 -0
      vertex -0.36373066958946415 0.21000000000000013 0
    endloop
  endfacet
  facet normal 0 0 1
    outer loop
      vertex -0.36373066958946415 0.21000000000000013 0
      vertex -0.4306884411881694 0.25128188430126791 -0
      vertex -0.38064927055539294 0.17749966993109378 0
    endloop
  endfacet
  facet normal -0 0 1
    outer loop
      vertex -0.38064927055539294 0.17749966993109378 0
      vertex -0.4306884411881694 0.25128188430126791 -0
      vertex -0.48222584172157817 0.12685959296405819 -0
    endloop
  endfacet
  facet normal -0 0 1
    outer loop
      vertex -0.38064927055539294 0.17749966993109378 0
      vertex -0.48222584172157817 0.12685959296405819 -0
      vertex -0.39467090073008149 0.14364846019678093 0
    endloop
  endfacet
  facet normal -0 0 1
    outer loop
      vertex -0.39467090073008149 0.14364846019678093 0
      vertex -0.48222584172157817 0.12685959296405819 -0
      vertex -0.40568884704140867 0.10870399894305864 0
    endloop
  endfacet
  facet normal -0 0 1
    outer loop
      vertex -0.40568884704140867 0.10870399894305864 0
      vertex -0.48222584172157817 0.12685959296405819 -0
      vertex -0.48716211878262483 0.055901330270712812 -0
    endloop
  endfacet
  facet normal -0 0 1
    outer loop
      vertex -0.40568884704140867 0.10870399894305864 0
      vertex -0.48716211878262483 0.055901330270712812 -0
      vertex -0.41361925626512736 0.072932234620110711 0
    endloop
  endfacet
  facet normal -0 0 1
    outer loop
      vertex -0.41361925626512736 0.072932234620110711 0
      vertex -0.48716211878262483 0.055901330270712812 -0
      vertex -0.41840177319853311 0.03660541195401644 0
    endloop
  endfacet
  facet normal 0 0 1
    outer loop
      vertex -0.41840177319853311 0.03660541195401644 0
      vertex -0.48716211878262483 0.055901330270712812 -0
      vertex -0.49862807333590892 -0.021770571842500395 0
    endloop
  endfacet
  facet normal 0 0 1
    outer loop
      vertex -0.41840177319853311 0.03660541195401644 0
      vertex -0.49862807333590892 -0.021770571842500395 0
      vertex -0.41999999999999998 5.1435165564188832e-17 0
    endloop
  endfacet
  facet normal 0 0 1
    outer loop
      vertex -0.41999999999999998 5.1435165564188832e-17 0
      vertex -0.49862807333590892 -0.021770571842500395 0
      vertex -0.41840177319853311 -0.036605411954016336 0
    endloop
  endfacet
  facet normal 0 0 1
    outer loop
      vertex -0.41840177319853311 -0.036605411954016336 0
      vertex -0.49862807333590892 -0.021770571842500395 0
      vertex -0.48727237236352566 -0.10802568420635666 0
    endloop
  endfacet
  facet normal 0 0 1
    outer loop
      vertex -0.41840177319853311 -0.036605411954016336 0
      vertex -0.48727237236352566 -0.10802568420635666 0
      vertex -0.41361925626512741 -0.072932234620110614 0
    endloop
  endfacet
  facet normal 0 0 1
    outer loop
      vertex -0.41361925626512741 -0.072932234620110614 0
      vertex -0.48727237236352566 -0.10802568420635666 0
      vertex -0.40568884704140873 -0.10870399894305854 0
    endloop
  endfacet
  facet normal 0 0 1
    outer loop
      vertex -0.40568884704140873 -0.10870399894305854 0
      vertex -0.48727237236352566 -0.10802568420635666 0
      vertex -0.46111114692859462 -0.19099849081923664 0
    endloop
  endfacet
  facet normal 0 0 1
    outer loop
      vertex -0.40568884704140873 -0.10870399894305854 0
      vertex -0.46111114692859462 -0.19099849081923664 0
      vertex -0.39467090073008154 -0.14364846019678082 0
    endloop
  endfacet
  facet normal 0 0 1
    outer loop
      vertex -0.39467090073008154 -0.14364846019678082 0
      vertex -0.46111114692859462 -0.19099849081923664 0
      vertex -0.3806492705553931 -0.17749966993109353 0
    endloop
  endfacet
  facet normal 0 0 1
    outer loop
      vertex -0.3806492705553931 -0.17749966993109353 0
      vertex -0.46111114692859462 -0.19099849081923664 0
      vertex -0.41789389877396493 -0.25654741875588361 0
    endloop
  endfacet
  facet normal 0 0 1
    outer loop
      vertex -0.3806492705553931 -0.17749966993109353 0
      vertex -0.41789389877396493 -0.25654741875588361 0
      vertex -0.36373066958946421 -0.21000000000000005 0
    endloop
  endfacet
  facet normal 0 0 1
    outer loop
      vertex -0.36373066958946421 -0.21000000000000005 0
      vertex -0.41789389877396493 -0.25654741875588361 0
      vertex -0.34404385860137665 -0.24090210326743924 0
    endloop
  endfacet
  facet normal -6.9585085354330186e-07 3.284600654186766e-06 0.99999999999436362
    outer loop
      vertex -0.34404385860137665 -0.24090210326743924 0
      vertex -0.41789389877396493 -0.25654741875588361 0
      vertex -0.32174917116361207 -0.26997476132181064 1.1100584894801171e-07
    endloop
  endfacet
  facet normal 2.7709478452965706e-06 -1.5692360287545698e-06 0.99999999999492961
    outer loop
      vertex -0.32174917116361207 -0.26997476132181064 1.1100584894801171e-07
      vertex -0.33718917296566325 -0.36797741092594521 0
      vertex -0.29698484809835002 -0.29698484809834991 0
    endloop
  endfacet
  facet normal 0 0 1
    outer loop
      vertex -0.29698484809835002 -0.29698484809834991 0
      vertex -0.33718917296566325 -0.36797741092594521 0
      vertex -0.26997079606834656 -0.32173866610997071 0
    endloop
  endfacet
  facet normal -1.8051290702073957e-06 2.6241596019186035e-06 0.99999999999492761
    outer loop
      vertex -0.26997079606834656 -0.32173866610997071 0
      vertex -0.33718917296566325 -0.36797741092594521 0
      vertex -0.24091122408694185 -0.34405040765005823 1.110058489499279e-07
    endloop
  endfacet
  facet normal 3.6255595621745461e-06 5.4096592871134085e-08 0.99999999999342626
    outer loop
      vertex -0.24091122408694185 -0.34405040765005823 1.110058489499279e-07
      vertex -0.20866994933383123 -0.45287081049247091 0
      vertex -0.21000000000000019 -0.36373066958946415 0
    endloop
  endfacet
  facet normal 0 0 1
    outer loop
      vertex -0.21000000000000019 -0.36373066958946415 0
      vertex -0.20866994933383123 -0.45287081049247091 0
      vertex -0.17749966993109398 -0.38064927055539288 0
    endloop
  endfacet
  facet normal 0 0 1
    outer loop
      vertex -0.17749966993109398 -0.38064927055539288 0
      vertex -0.20866994933383123 -0.45287081049247091 0
      vertex -0.1396468776092574 -0.47005386742031646 0
    endloop
  endfacet
  facet normal 0 0 1
    outer loop
      vertex -0.17749966993109398 -0.38064927055539288 0
      vertex -0.1396468776092574 -0.47005386742031646 0
      vertex -0.14364846019678079 -0.39467090073008154 0
    endloop
  endfacet
  facet normal 0 0 1
    outer loop
      vertex -0.14364846019678079 -0.39467090073008154 0
      vertex -0.1396468776092574 -0.47005386742031646 0
      vertex -0.10870399894305866 -0.40568884704140867 0
    endloop
  endfacet
  facet normal 0 0 1
    outer loop
      vertex -0.10870399894305866 -0.40568884704140867 0
      vertex -0.1396468776092574 -0.47005386742031646 0
      vertex -0.065146028330349326 -0.49483321261796004 0
    endloop
  endfacet
  facet normal 0 0 1
    outer loop
      vertex -0.10870399894305866 -0.40568884704140867 0
      vertex -0.065146028330349326 -0.49483321261796004 0
      vertex -0.072932234620110739 -0.41361925626512736 0
    endloop
  endfacet
  facet normal 0 0 1
    outer loop
      vertex -0.072932234620110739 -0.41361925626512736 0
      vertex -0.065146028330349326 -0.49483321261796004 0
      vertex -0.03660541195401646 -0.41840177319853311 0
    endloop
  endfacet
  facet normal -2.9838312808724029e-06 1.1142062031797294e-06 0.99999999999492761
    outer loop
      vertex -0.03660541195401646 -0.41840177319853311 0
      vertex -0.065146028330349326 -0.49483321261796004 0
      vertex -3.7149579374489692e-06 -0.42001059615376241 1.1100584894701151e-07
    endloop
  endfacet
  facet normal 2.9388559960117572e-06 2.1238488680341495e-06 0.99999999999342626
    outer loop
      vertex -3.7149579374489692e-06 -0.42001059615376241 1.1100584894701151e-07
      vertex 0.088823610031193115 -0.49065821612617233 -0
      vertex 0.036605411954016315 -0.41840177319853311 0
    endloop
  endfacet
  facet normal 0 -0 1
    outer loop
      vertex 0.036605411954016315 -0.41840177319853311 0
      vertex 0.088823610031193115 -0.49065821612617233 -0
      vertex 0.072932234620110586 -0.41361925626512741 0
    endloop
  endfacet
  facet normal 0 0 1
    outer loop
      vertex 0.072932234620110586 -0.41361925626512741 0
      vertex 0.088823610031193115 -0.49065821612617233 -0
      vertex 0.16600122428171948 -0.45608461531584715 -0
    endloop
  endfacet
  facet normal 0 -0 1
    outer loop
      vertex 0.072932234620110586 -0.41361925626512741 0
      vertex 0.16600122428171948 -0.45608461531584715 -0
      vertex 0.10870399894305852 -0.40568884704140873 0
    endloop
  endfacet
  facet normal 0 -0 1
    outer loop
      vertex 0.10870399894305852 -0.40568884704140873 0
      vertex 0.16600122428171948 -0.45608461531584715 -0
      vertex 0.14364846019678096 -0.39467090073008149 0
    endloop
  endfacet
  facet normal 0 -0 1
    outer loop
      vertex 0.14364846019678096 -0.39467090073008149 0
      vertex 0.16600122428171948 -0.45608461531584715 -0
      vertex 0.17749966993109351 -0.3806492705553931 0
    endloop
  endfacet
  facet normal 0 -0 1
    outer loop
      vertex 0.17749966993109351 -0.3806492705553931 0
      vertex 0.16600122428171948 -0.45608461531584715 -0
      vertex 0.28786265185201232 -0.40714888237574492 -0
    endloop
  endfacet
  facet normal 0 -0 1
    outer loop
      vertex 0.17749966993109351 -0.3806492705553931 0
      vertex 0.28786265185201232 -0.40714888237574492 -0
      vertex 0.20999999999999971 -0.36373066958946437 0
    endloop
  endfacet
  facet normal 0 -0 1
    outer loop
      vertex 0.20999999999999971 -0.36373066958946437 0
      vertex 0.28786265185201232 -0.40714888237574492 -0
      vertex 0.24090210326743933 -0.34404385860137654 0
    endloop
  endfacet
  facet normal 0 0 1
    outer loop
      vertex 0.24090210326743933 -0.34404385860137654 0
      vertex 0.28786265185201232 -0.40714888237574492 -0
      vertex 0.34319788955559871 -0.34319788955559882 -0
    endloop
  endfacet
  facet normal 0 -0 1
    outer loop
      vertex 0.24090210326743933 -0.34404385860137654 0
      vertex 0.34319788955559871 -0.34319788955559882 -0
      vertex 0.26997079606834645 -0.32173866610997082 0
    endloop
  endfacet
  facet normal 0 -0 1
    outer loop
      vertex 0.26997079606834645 -0.32173866610997082 0
      vertex 0.34319788955559871 -0.34319788955559882 -0
      vertex 0.29698484809834985 -0.29698484809835002 0
    endloop
  endfacet
  facet normal 0 -0 1
    outer loop
      vertex 0.29698484809834985 -0.29698484809835002 0
      vertex 0.34319788955559871 -0.34319788955559882 -0
      vertex 0.32173866610997065 -0.26997079606834662 0
    endloop
  endfacet
  facet normal -3.6008524259660892e-06 -1.0552309688078778e-06 0.99999999999296019
    outer loop
      vertex 0.32173866610997065 -0.26997079606834662 0
      vertex 0.34319788955559871 -0.34319788955559882 -0
      vertex 0.34405040765005768 -0.24091122408694268 1.1100584894801133e-07
    endloop
  endfacet
  facet normal 7.9859153236879429e-07 3.0826782575747152e-06 0.99999999999492961
    outer loop
      vertex 0.34405040765005768 -0.24091122408694268 1.1100584894801133e-07
      vertex 0.44270986447023736 -0.23046016839743486 -0
      vertex 0.36373066958946432 -0.20999999999999985 0
    endloop
  endfacet
  facet normal 0 -0 1
    outer loop
      vertex 0.36373066958946432 -0.20999999999999985 0
      vertex 0.44270986447023736 -0.23046016839743486 -0
      vertex 0.38064927055539288 -0.17749966993109398 0
    endloop
  endfacet
  facet normal 0 0 1
    outer loop
      vertex 0.38064927055539288 -0.17749966993109398 0
      vertex 0.44270986447023736 -0.23046016839743486 -0
      vertex 0.47600309513230205 -0.15008319939786238 -0
    endloop
  endfacet
  facet normal 0 -0 1
    outer loop
      vertex 0.38064927055539288 -0.17749966993109398 0
      vertex 0.47600309513230205 -0.15008319939786238 -0
      vertex 0.39467090073008154 -0.14364846019678082 0
    endloop
  endfacet
  facet normal 0 -0 1
    outer loop
      vertex 0.39467090073008154 -0.14364846019678082 0
      vertex 0.47600309513230205 -0.15008319939786238 -0
      vertex 0.40568884704140867 -0.10870399894305868 0
    endloop
  endfacet
  facet normal -1.6154157717327298e-06 -2.7450203023526737e-06 0.99999999999492761
    outer loop
      vertex 0.40568884704140867 -0.10870399894305868 0
      vertex 0.47600309513230205 -0.15008319939786238 -0
      vertex 0.41362904634382874 -0.072937733142281316 1.1100584894686966e-07
    endloop
  endfacet
  facet normal 8.2814873189261255e-07 7.2153099605297068e-07 0.99999999999939682
    outer loop
      vertex 0.41843713670454002 -0.036406651710658405 1.3654071977118993e-07
      vertex 0.55159219430796314 0 -0
      vertex 0.49483321261796015 0.065146028330349312 -0
    endloop
  endfacet
  facet normal 1.1116912719220797e-06 -1.2749960883510257e-07 0.99999999999937406
    outer loop
      vertex 0.44270986447023741 0.23046016839743477 -0
      vertex 0.45228150705718501 0.31391698539543145 -0
      vertex 0.34405466927472744 0.2409051378561651 1.1100584894896971e-07
    endloop
  endfacet
  facet normal 2.710451705313419e-07 1.1186059523032687e-06 0.99999999999933775
    outer loop
      vertex 0.34405466927472744 0.2409051378561651 1.1100584894896971e-07
      vertex 0.45228150705718501 0.31391698539543145 -0
      vertex 0.35596467727895159 0.3372551515284879 -0
    endloop
  endfacet
  facet normal 0 0 1
    outer loop
      vertex 0.045721928116725992 0.49653260118584358 -0
      vertex -0.024037213694360522 0.55054270689317408 -0
      vertex -0.088823610031193184 0.49065821612617228 -0
    endloop
  endfacet
  facet normal -4.5727910664725691e-07 1.4345376690564367e-06 0.99999999999886657
    outer loop
      vertex -0.15521979689577428 0.46514374482996762 -0
      vertex -0.25846277787255789 0.43223358908639892 -0
      vertex -0.17750078116387047 0.38066044394112686 1.1100584895006044e-07
    endloop
  endfacet
  facet normal 0 0 1
    outer loop
      vertex -0.4306884411881694 0.25128188430126791 -0
      vertex -0.50911970782212002 0.21088428785134966 -0
      vertex -0.48222584172157817 0.12685959296405819 -0
    endloop
  endfacet
  facet normal -1.1164460343001014e-06 2.7298395572314199e-07 0.99999999999933942
    outer loop
      vertex -0.41789389877396493 -0.25654741875588361 0
      vertex -0.43719100444931902 -0.33546845661559199 0
      vertex -0.32174917116361207 -0.26997476132181064 1.1100584894801171e-07
    endloop
  endfacet
  facet normal -3.5027664515736135e-07 -1.0774971630056762e-06 0.99999999999935818
    outer loop
      vertex -0.32174917116361207 -0.26997476132181064 1.1100584894801171e-07
      vertex -0.43719100444931902 -0.33546845661559199 0
      vertex -0.33718917296566325 -0.36797741092594521 0
    endloop
  endfacet
  facet normal -1.0429102406419719e-06 -4.4287159549615681e-07 0.99999999999935807
    outer loop
      vertex -0.33718917296566325 -0.36797741092594521 0
      vertex -0.2960881911420985 -0.46476536319055867 0
      vertex -0.24091122408694185 -0.34405040765005823 1.110058489499279e-07
    endloop
  endfacet
  facet normal 1.3341892783101157e-07 -9.8055373673750595e-07 0.99999999999951039
    outer loop
      vertex -0.24091122408694185 -0.34405040765005823 1.110058489499279e-07
      vertex -0.2960881911420985 -0.46476536319055867 0
      vertex -0.20866994933383123 -0.45287081049247091 0
    endloop
  endfacet
  facet normal -7.4208148328186135e-07 -8.3751340672663818e-07 0.99999999999937406
    outer loop
      vertex -0.065146028330349326 -0.49483321261796004 0
      vertex -0.0022722747216354709 -0.55054270689317408 0
      vertex -3.7149579374489692e-06 -0.42001059615376241 1.1100584894701151e-07
    endloop
  endfacet
  facet normal 5.6550232077216971e-07 -8.6023832850065794e-07 0.99999999999947009
    outer loop
      vertex -3.7149579374489692e-06 -0.42001059615376241 1.1100584894701151e-07
      vertex -0.0022722747216354709 -0.55054270689317408 0
      vertex 0.088823610031193115 -0.49065821612617233 -0
    endloop
  endfacet
  facet normal -0 0 1
    outer loop
      vertex 0.16600122428171948 -0.45608461531584715 -0
      vertex 0.25445451575107542 -0.48880257688491946 -0
      vertex 0.28786265185201232 -0.40714888237574492 -0
    endloop
  endfacet
  facet normal 8.9305086438981455e-08 -1.0859869430791144e-06 0.99999999999940636
    outer loop
      vertex 0.34319788955559871 -0.34319788955559882 -0
      vertex 0.4371910044493188 -0.33546845661559221 -0
      vertex 0.34405040765005768 -0.24091122408694268 1.1100584894801133e-07
    endloop
  endfacet
  facet normal 1.1314406043217249e-06 -5.9464471073583119e-08 0.99999999999935818
    outer loop
      vertex 0.34405040765005768 -0.24091122408694268 1.1100584894801133e-07
      vertex 0.4371910044493188 -0.33546845661559221 -0
      vertex 0.44270986447023736 -0.23046016839743486 -0
    endloop
  endfacet
  facet normal 8.4213088868400047e-07 -7.5803204839029106e-07 0.99999999999935807
    outer loop
      vertex 0.47600309513230205 -0.15008319939786238 -0
      vertex 0.54635274446694182 -0.071928703372801189 -0
      vertex 0.41362904634382874 -0.072937733142281316 1.1100584894686966e-07
    endloop
  endfacet
  facet normal 8.4252506506922785e-07 -8.0988041713731069e-07 0.99999999999931721
    outer loop
      vertex 0.41362904634382874 -0.072937733142281316 1.1100584894686966e-07
      vertex 0.54635274446694182 -0.071928703372801189 -0
      vertex 0.41843713670454002 -0.036406651710658405 1.3654071977118993e-07
    endloop
  endfacet
  facet normal 1.0462640699864298e-06 -7.6212247101754389e-08 0.99999999999944966
    outer loop
      vertex 0.41843713670454002 -0.036406651710658405 1.3654071977118993e-07
      vertex 0.54635274446694182 -0.071928703372801189 -0
      vertex 0.55159219430796314 0 -0
    endloop
  endfacet
  facet normal 0 -0 1
    outer loop
      vertex 0.55159219430796314 0 -0
      vertex 0.57095320644317515 0.075167415633776047 0
      vertex 0.49483321261796015 0.065146028330349312 -0
    endloop
  endfacet
  facet normal 0 0 1
    outer loop
      vertex 0.49483321261796015 0.065146028330349312 -0
      vertex 0.57095320644317515 0.075167415633776047 0
      vertex 0.54922645956768079 0.17317043752198175 0
    endloop
  endfacet
  facet normal 0 -0 1
    outer loop
      vertex 0.49483321261796015 0.065146028330349312 -0
      vertex 0.54922645956768079 0.17317043752198175 0
      vertex 0.47600309513230221 0.15008319939786244 -0
    endloop
  endfacet
  facet normal 0 0 1
    outer loop
      vertex 0.47600309513230221 0.15008319939786244 -0
      vertex 0.54922645956768079 0.17317043752198175 0
      vertex 0.54707290637692141 0.25510428581267097 -0
    endloop
  endfacet
  facet normal 0 -0 1
    outer loop
      vertex 0.47600309513230221 0.15008319939786244 -0
      vertex 0.54707290637692141 0.25510428581267097 -0
      vertex 0.44270986447023741 0.23046016839743477 -0
    endloop
  endfacet
  facet normal 0 0 1
    outer loop
      vertex 0.44270986447023741 0.23046016839743477 -0
      vertex 0.54707290637692141 0.25510428581267097 -0
      vertex 0.45228150705718501 0.31391698539543145 -0
    endloop
  endfacet
  facet normal 0 -0 1
    outer loop
      vertex 0.45228150705718501 0.31391698539543145 -0
      vertex 0.46240600147689387 0.3880047052934224 -0
      vertex 0.38905884765520754 0.42458322786234254 -0
    endloop
  endfacet
  facet normal 0 0 1
    outer loop
      vertex 0.45228150705718501 0.31391698539543145 -0
      vertex 0.38905884765520754 0.42458322786234254 -0
      vertex 0.35596467727895159 0.3372551515284879 -0
    endloop
  endfacet
  facet normal 0 -0 1
    outer loop
      vertex 0.35596467727895159 0.3372551515284879 -0
      vertex 0.38905884765520754 0.42458322786234254 -0
      vertex 0.30383472179872328 0.39596511859824512 -0
    endloop
  endfacet
  facet normal 0 0 1
    outer loop
      vertex 0.30383472179872328 0.39596511859824512 -0
      vertex 0.38905884765520754 0.42458322786234254 -0
      vertex 0.34622689173826432 0.49446324531651992 -0
    endloop
  endfacet
  facet normal 0 -0 1
    outer loop
      vertex 0.30383472179872328 0.39596511859824512 -0
      vertex 0.34622689173826432 0.49446324531651992 -0
      vertex 0.27845918414606791 0.53491511583556905 -0
    endloop
  endfacet
  facet normal 0 0 1
    outer loop
      vertex 0.30383472179872328 0.39596511859824512 -0
      vertex 0.27845918414606791 0.53491511583556905 -0
      vertex 0.24978929851510501 0.43264775621515089 -0
    endloop
  endfacet
  facet normal 0 -0 1
    outer loop
      vertex 0.24978929851510501 0.43264775621515089 -0
      vertex 0.27845918414606791 0.53491511583556905 -0
      vertex 0.19099849081923681 0.46111114692859451 -0
    endloop
  endfacet
  facet normal 0 0 1
    outer loop
      vertex 0.19099849081923681 0.46111114692859451 -0
      vertex 0.27845918414606791 0.53491511583556905 -0
      vertex 0.20645299149466356 0.56722493231044513 -0
    endloop
  endfacet
  facet normal 0 -0 1
    outer loop
      vertex 0.19099849081923681 0.46111114692859451 -0
      vertex 0.20645299149466356 0.56722493231044513 -0
      vertex 0.12464323170533831 0.56222928517718929 0
    endloop
  endfacet
  facet normal 0 0 1
    outer loop
      vertex 0.19099849081923681 0.46111114692859451 -0
      vertex 0.12464323170533831 0.56222928517718929 0
      vertex 0.11408919014136507 0.47690202913774526 -0
    endloop
  endfacet
  facet normal 0 -0 1
    outer loop
      vertex 0.11408919014136507 0.47690202913774526 -0
      vertex 0.12464323170533831 0.56222928517718929 0
      vertex 0.045721928116725992 0.49653260118584358 -0
    endloop
  endfacet
  facet normal 0 0 1
    outer loop
      vertex 0.045721928116725992 0.49653260118584358 -0
      vertex 0.12464323170533831 0.56222928517718929 0
      vertex 0.052609661060401415 0.60133117755093524 -0
    endloop
  endfacet
  facet normal 0 -0 1
    outer loop
      vertex 0.045721928116725992 0.49653260118584358 -0
      vertex 0.052609661060401415 0.60133117755093524 -0
      vertex -0.024037213694360522 0.55054270689317408 -0
    endloop
  endfacet
  facet normal 0 0 1
    outer loop
      vertex -0.024037213694360522 0.55054270689317408 -0
      vertex -0.10481893083355133 0.59445769678808591 -0
      vertex -0.088823610031193184 0.49065821612617228 -0
    endloop
  endfacet
  facet normal 0 0 1
    outer loop
      vertex -0.088823610031193184 0.49065821612617228 -0
      vertex -0.10481893083355133 0.59445769678808591 -0
      vertex -0.17317043752198169 0.54922645956768068 -0
    endloop
  endfacet
  facet normal 0 0 1
    outer loop
      vertex -0.088823610031193184 0.49065821612617228 -0
      vertex -0.17317043752198169 0.54922645956768068 -0
      vertex -0.15521979689577428 0.46514374482996762 -0
    endloop
  endfacet
  facet normal 0 0 1
    outer loop
      vertex -0.15521979689577428 0.46514374482996762 -0
      vertex -0.17317043752198169 0.54922645956768068 -0
      vertex -0.25510428581267097 0.54707290637692141 -0
    endloop
  endfacet
  facet normal 0 0 1
    outer loop
      vertex -0.15521979689577428 0.46514374482996762 -0
      vertex -0.25510428581267097 0.54707290637692141 -0
      vertex -0.25846277787255789 0.43223358908639892 -0
    endloop
  endfacet
  facet normal 0 -0 1
    outer loop
      vertex -0.25846277787255789 0.43223358908639892 -0
      vertex -0.25510428581267097 0.54707290637692141 -0
      vertex -0.3240204871088645 0.50861028530536845 -0
    endloop
  endfacet
  facet normal 0 0 1
    outer loop
      vertex -0.25846277787255789 0.43223358908639892 -0
      vertex -0.3240204871088645 0.50861028530536845 -0
      vertex -0.38905884765520748 0.42458322786234248 0
    endloop
  endfacet
  facet normal 0 0 1
    outer loop
      vertex -0.25846277787255789 0.43223358908639892 -0
      vertex -0.38905884765520748 0.42458322786234248 0
      vertex -0.33718917296566325 0.36797741092594527 -0
    endloop
  endfacet
  facet normal 0 0 1
    outer loop
      vertex -0.33718917296566325 0.36797741092594527 -0
      vertex -0.38905884765520748 0.42458322786234248 0
      vertex -0.45687627333508274 0.35057349469726123 -0
    endloop
  endfacet
  facet normal 0 0 1
    outer loop
      vertex -0.33718917296566325 0.36797741092594527 -0
      vertex -0.45687627333508274 0.35057349469726123 -0
      vertex -0.38400384744017008 0.30494742801663044 -0
    endloop
  endfacet
  facet normal 0 0 1
    outer loop
      vertex -0.38400384744017008 0.30494742801663044 -0
      vertex -0.45687627333508274 0.35057349469726123 -0
      vertex -0.4306884411881694 0.25128188430126791 -0
    endloop
  endfacet
  facet normal 0 0 1
    outer loop
      vertex -0.4306884411881694 0.25128188430126791 -0
      vertex -0.45687627333508274 0.35057349469726123 -0
      vertex -0.5227573252942167 0.30181408247946495 -0
    endloop
  endfacet
  facet normal 0 0 1
    outer loop
      vertex -0.4306884411881694 0.25128188430126791 -0
      vertex -0.5227573252942167 0.30181408247946495 -0
      vertex -0.50911970782212002 0.21088428785134966 -0
    endloop
  endfacet
  facet normal 0 0 1
    outer loop
      vertex -0.50911970782212002 0.21088428785134966 -0
      vertex -0.58306003400930806 0.15623046525165696 -0
      vertex -0.48222584172157817 0.12685959296405819 -0
    endloop
  endfacet
  facet normal 0 0 1
    outer loop
      vertex -0.48222584172157817 0.12685959296405819 -0
      vertex -0.58306003400930806 0.15623046525165696 -0
      vertex -0.57095320644317515 0.075167415633776033 0
    endloop
  endfacet
  facet normal 0 0 1
    outer loop
      vertex -0.48222584172157817 0.12685959296405819 -0
      vertex -0.57095320644317515 0.075167415633776033 0
      vertex -0.48716211878262483 0.055901330270712812 -0
    endloop
  endfacet
  facet normal 0 0 1
    outer loop
      vertex -0.48716211878262483 0.055901330270712812 -0
      vertex -0.57095320644317515 0.075167415633776033 0
      vertex -0.60362816495892957 7.3923130009214368e-17 -0
    endloop
  endfacet
  facet normal 0 0 1
    outer loop
      vertex -0.48716211878262483 0.055901330270712812 -0
      vertex -0.60362816495892957 7.3923130009214368e-17 -0
      vertex -0.49862807333590892 -0.021770571842500395 0
    endloop
  endfacet
  facet normal 0 0 1
    outer loop
      vertex -0.49862807333590892 -0.021770571842500395 0
      vertex -0.60362816495892957 7.3923130009214368e-17 -0
      vertex -0.57095320644317515 -0.07516741563377588 0
    endloop
  endfacet
  facet normal 0 0 1
    outer loop
      vertex -0.49862807333590892 -0.021770571842500395 0
      vertex -0.57095320644317515 -0.07516741563377588 0
      vertex -0.48727237236352566 -0.10802568420635666 0
    endloop
  endfacet
  facet normal 0 0 1
    outer loop
      vertex -0.48727237236352566 -0.10802568420635666 0
      vertex -0.57095320644317515 -0.07516741563377588 0
      vertex -0.54922645956768079 -0.17317043752198161 0
    endloop
  endfacet
  facet normal 0 0 1
    outer loop
      vertex -0.48727237236352566 -0.10802568420635666 0
      vertex -0.54922645956768079 -0.17317043752198161 0
      vertex -0.46111114692859462 -0.19099849081923664 0
    endloop
  endfacet
  facet normal 0 0 1
    outer loop
      vertex -0.46111114692859462 -0.19099849081923664 0
      vertex -0.54922645956768079 -0.17317043752198161 0
      vertex -0.51081174464022094 -0.26591176329455146 0
    endloop
  endfacet
  facet normal 0 0 1
    outer loop
      vertex -0.46111114692859462 -0.19099849081923664 0
      vertex -0.51081174464022094 -0.26591176329455146 0
      vertex -0.41789389877396493 -0.25654741875588361 0
    endloop
  endfacet
  facet normal 0 0 1
    outer loop
      vertex -0.41789389877396493 -0.25654741875588361 0
      vertex -0.51081174464022094 -0.26591176329455146 0
      vertex -0.43719100444931902 -0.33546845661559199 0
    endloop
  endfacet
  facet normal 0 0 1
    outer loop
      vertex -0.43719100444931902 -0.33546845661559199 0
      vertex -0.3890588476552076 -0.42458322786234248 0
      vertex -0.33718917296566325 -0.36797741092594521 0
    endloop
  endfacet
  facet normal 0 0 1
    outer loop
      vertex -0.33718917296566325 -0.36797741092594521 0
      vertex -0.3890588476552076 -0.42458322786234248 0
      vertex -0.2960881911420985 -0.46476536319055867 0
    endloop
  endfacet
  facet normal -0 0 1
    outer loop
      vertex -0.2960881911420985 -0.46476536319055867 0
      vertex -0.25510428581267125 -0.5470729063769213 0
      vertex -0.20866994933383123 -0.45287081049247091 0
    endloop
  endfacet
  facet normal 0 0 1
    outer loop
      vertex -0.20866994933383123 -0.45287081049247091 0
      vertex -0.25510428581267125 -0.5470729063769213 0
      vertex -0.17317043752198166 -0.54922645956768079 0
    endloop
  endfacet
  facet normal 0 0 1
    outer loop
      vertex -0.20866994933383123 -0.45287081049247091 0
      vertex -0.17317043752198166 -0.54922645956768079 0
      vertex -0.1396468776092574 -0.47005386742031646 0
    endloop
  endfacet
  facet normal 0 0 1
    outer loop
      vertex -0.1396468776092574 -0.47005386742031646 0
      vertex -0.17317043752198166 -0.54922645956768079 0
      vertex -0.10481893083355133 -0.59445769678808591 0
    endloop
  endfacet
  facet normal 0 0 1
    outer loop
      vertex -0.1396468776092574 -0.47005386742031646 0
      vertex -0.10481893083355133 -0.59445769678808591 0
      vertex -0.065146028330349326 -0.49483321261796004 0
    endloop
  endfacet
  facet normal 0 0 1
    outer loop
      vertex -0.065146028330349326 -0.49483321261796004 0
      vertex -0.10481893083355133 -0.59445769678808591 0
      vertex -0.0022722747216354709 -0.55054270689317408 0
    endloop
  endfacet
  facet normal 0 0 1
    outer loop
      vertex -0.0022722747216354709 -0.55054270689317408 0
      vertex 0.075167415633775853 -0.57095320644317515 -0
      vertex 0.088823610031193115 -0.49065821612617233 -0
    endloop
  endfacet
  facet normal 0 0 1
    outer loop
      vertex 0.088823610031193115 -0.49065821612617233 -0
      vertex 0.075167415633775853 -0.57095320644317515 -0
      vertex 0.17317043752198163 -0.54922645956768079 -0
    endloop
  endfacet
  facet normal -0 0 1
    outer loop
      vertex 0.088823610031193115 -0.49065821612617233 -0
      vertex 0.17317043752198163 -0.54922645956768079 -0
      vertex 0.16600122428171948 -0.45608461531584715 -0
    endloop
  endfacet
  facet normal 0 0 1
    outer loop
      vertex 0.16600122428171948 -0.45608461531584715 -0
      vertex 0.17317043752198163 -0.54922645956768079 -0
      vertex 0.25445451575107542 -0.48880257688491946 -0
    endloop
  endfacet
  facet normal -0 0 1
    outer loop
      vertex 0.25445451575107542 -0.48880257688491946 -0
      vertex 0.34622689173826421 -0.49446324531651992 -0
      vertex 0.28786265185201232 -0.40714888237574492 -0
    endloop
  endfacet
  facet normal 0 0 1
    outer loop
      vertex 0.28786265185201232 -0.40714888237574492 -0
      vertex 0.34622689173826421 -0.49446324531651992 -0
      vertex 0.38905884765520743 -0.42458322786234259 0
    endloop
  endfacet
  facet normal -0 0 1
    outer loop
      vertex 0.28786265185201232 -0.40714888237574492 -0
      vertex 0.38905884765520743 -0.42458322786234259 0
      vertex 0.34319788955559871 -0.34319788955559882 -0
    endloop
  endfacet
  facet normal -0 0 1
    outer loop
      vertex 0.34319788955559871 -0.34319788955559882 -0
      vertex 0.38905884765520743 -0.42458322786234259 0
      vertex 0.4371910044493188 -0.33546845661559221 -0
    endloop
  endfacet
  facet normal 0 0 1
    outer loop
      vertex 0.4371910044493188 -0.33546845661559221 -0
      vertex 0.51081174464022083 -0.26591176329455168 0
      vertex 0.44270986447023736 -0.23046016839743486 -0
    endloop
  endfacet
  facet normal -0 0 1
    outer loop
      vertex 0.44270986447023736 -0.23046016839743486 -0
      vertex 0.51081174464022083 -0.26591176329455168 0
      vertex 0.54922645956768079 -0.17317043752198169 0
    endloop
  endfacet
  facet normal 0 0 1
    outer loop
      vertex 0.44270986447023736 -0.23046016839743486 -0
      vertex 0.54922645956768079 -0.17317043752198169 0
      vertex 0.47600309513230205 -0.15008319939786238 -0
    endloop
  endfacet
  facet normal -0 0 1
    outer loop
      vertex 0.47600309513230205 -0.15008319939786238 -0
      vertex 0.54922645956768079 -0.17317043752198169 0
      vertex 0.54635274446694182 -0.071928703372801189 -0
    endloop
  endfacet
  facet normal 0 0 1
    outer loop
      vertex 0.55159219430796314 0 -0
      vertex 0.62737547654312009 0.02739180486354971 0
      vertex 0.57095320644317515 0.075167415633776047 0
    endloop
  endfacet
  facet normal 0 0 1
    outer loop
      vertex 0.57095320644317515 0.075167415633776047 0
      vertex 0.62737547654312009 0.02739180486354971 0
      vertex 0.64571989263818819 0.11385783905228589 -0
    endloop
  endfacet
  facet normal 0 0 1
    outer loop
      vertex 0.57095320644317515 0.075167415633776047 0
      vertex 0.64571989263818819 0.11385783905228589 -0
      vertex 0.62473905962403165 0.19697946886485218 -0
    endloop
  endfacet
  facet normal 0 0 1
    outer loop
      vertex 0.57095320644317515 0.075167415633776047 0
      vertex 0.62473905962403165 0.19697946886485218 -0
      vertex 0.54922645956768079 0.17317043752198175 0
    endloop
  endfacet
  facet normal 0 0 1
    outer loop
      vertex 0.54922645956768079 0.17317043752198175 0
      vertex 0.62473905962403165 0.19697946886485218 -0
      vertex 0.54707290637692141 0.25510428581267097 -0
    endloop
  endfacet
  facet normal 0 -0 1
    outer loop
      vertex 0.54707290637692141 0.25510428581267097 -0
      vertex 0.55246955434599543 0.35196192307540275 -0
      vertex 0.45228150705718501 0.31391698539543145 -0
    endloop
  endfacet
  facet normal 0 0 1
    outer loop
      vertex 0.45228150705718501 0.31391698539543145 -0
      vertex 0.55246955434599543 0.35196192307540275 -0
      vertex 0.46240600147689387 0.3880047052934224 -0
    endloop
  endfacet
  facet normal 0 0 1
    outer loop
      vertex 0.46240600147689387 0.3880047052934224 -0
      vertex 0.44255016193838637 0.48295875387294362 -0
      vertex 0.38905884765520754 0.42458322786234254 -0
    endloop
  endfacet
  facet normal 0 -0 1
    outer loop
      vertex 0.38905884765520754 0.42458322786234254 -0
      vertex 0.44255016193838637 0.48295875387294362 -0
      vertex 0.34622689173826432 0.49446324531651992 -0
    endloop
  endfacet
  facet normal 0 0 1
    outer loop
      vertex 0.20645299149466356 0.56722493231044513 -0
      vertex 0.14178030575108791 0.63952963080323844 -0
      vertex 0.12464323170533831 0.56222928517718929 0
    endloop
  endfacet
  facet normal 0 0 1
    outer loop
      vertex 0.12464323170533831 0.56222928517718929 0
      vertex 0.14178030575108791 0.63952963080323844 -0
      vertex 0.052609661060401415 0.60133117755093524 -0
    endloop
  endfacet
  facet normal 0 0 1
    outer loop
      vertex 0.052609661060401415 0.60133117755093524 -0
      vertex -0.028573189375125475 0.65443363041880087 -0
      vertex -0.024037213694360522 0.55054270689317408 -0
    endloop
  endfacet
  facet normal 0 0 1
    outer loop
      vertex -0.024037213694360522 0.55054270689317408 -0
      vertex -0.028573189375125475 0.65443363041880087 -0
      vertex -0.10481893083355133 0.59445769678808591 -0
    endloop
  endfacet
  facet normal 0 0 1
    outer loop
      vertex -0.10481893083355133 0.59445769678808591 -0
      vertex -0.19697946886485218 0.62473905962403165 -0
      vertex -0.17317043752198169 0.54922645956768068 -0
    endloop
  endfacet
  facet normal 0 0 1
    outer loop
      vertex -0.17317043752198169 0.54922645956768068 -0
      vertex -0.19697946886485218 0.62473905962403165 -0
      vertex -0.25510428581267097 0.54707290637692141 -0
    endloop
  endfacet
  facet normal 0 0 1
    outer loop
      vertex -0.3240204871088645 0.50861028530536845 -0
      vertex -0.42146372735837351 0.5022809112274883 -0
      vertex -0.38905884765520748 0.42458322786234248 0
    endloop
  endfacet
  facet normal 0 0 1
    outer loop
      vertex -0.38905884765520748 0.42458322786234248 0
      vertex -0.42146372735837351 0.5022809112274883 -0
      vertex -0.48295875387294362 0.44255016193838637 -0
    endloop
  endfacet
  facet normal -0 0 1
    outer loop
      vertex -0.38905884765520748 0.42458322786234248 0
      vertex -0.48295875387294362 0.44255016193838637 -0
      vertex -0.45687627333508274 0.35057349469726123 -0
    endloop
  endfacet
  facet normal 0 0 1
    outer loop
      vertex -0.45687627333508274 0.35057349469726123 -0
      vertex -0.48295875387294362 0.44255016193838637 -0
      vertex -0.53710256491663011 0.37608326474639425 -0
    endloop
  endfacet
  facet normal 0 0 1
    outer loop
      vertex -0.45687627333508274 0.35057349469726123 -0
      vertex -0.53710256491663011 0.37608326474639425 -0
      vertex -0.5227573252942167 0.30181408247946495 -0
    endloop
  endfacet
  facet normal 0 0 1
    outer loop
      vertex -0.5227573252942167 0.30181408247946495 -0
      vertex -0.60519384697332768 0.25067949928109989 -0
      vertex -0.50911970782212002 0.21088428785134966 -0
    endloop
  endfacet
  facet normal 0 0 1
    outer loop
      vertex -0.50911970782212002 0.21088428785134966 -0
      vertex -0.60519384697332768 0.25067949928109989 -0
      vertex -0.58306003400930806 0.15623046525165696 -0
    endloop
  endfacet
  facet normal 0 0 1
    outer loop
      vertex -0.58306003400930806 0.15623046525165696 -0
      vertex -0.64571989263818796 0.1138578390522858 -0
      vertex -0.57095320644317515 0.075167415633776033 0
    endloop
  endfacet
  facet normal -0 0 1
    outer loop
      vertex -0.57095320644317515 0.075167415633776033 0
      vertex -0.64571989263818796 0.1138578390522858 -0
      vertex -0.67723388795622652 0.059250287751755622 -0
    endloop
  endfacet
  facet normal 0 0 1
    outer loop
      vertex -0.57095320644317515 0.075167415633776033 0
      vertex -0.67723388795622652 0.059250287751755622 -0
      vertex -0.60362816495892957 7.3923130009214368e-17 -0
    endloop
  endfacet
  facet normal 0 0 1
    outer loop
      vertex -0.60362816495892957 7.3923130009214368e-17 -0
      vertex -0.67742295240960071 -0.059266828748101436 0
      vertex -0.57095320644317515 -0.07516741563377588 0
    endloop
  endfacet
  facet normal 0 0 1
    outer loop
      vertex -0.57095320644317515 -0.07516741563377588 0
      vertex -0.67742295240960071 -0.059266828748101436 0
      vertex -0.63952963080323855 -0.14178030575108763 0
    endloop
  endfacet
  facet normal 0 0 1
    outer loop
      vertex -0.57095320644317515 -0.07516741563377588 0
      vertex -0.63952963080323855 -0.14178030575108763 0
      vertex -0.54922645956768079 -0.17317043752198161 0
    endloop
  endfacet
  facet normal 0 0 1
    outer loop
      vertex -0.54922645956768079 -0.17317043752198161 0
      vertex -0.63952963080323855 -0.14178030575108763 0
      vertex -0.61613875027977416 -0.22425616527981448 0
    endloop
  endfacet
  facet normal 0 0 1
    outer loop
      vertex -0.54922645956768079 -0.17317043752198161 0
      vertex -0.61613875027977416 -0.22425616527981448 0
      vertex -0.58104274372112097 -0.30247170734339801 0
    endloop
  endfacet
  facet normal 0 0 1
    outer loop
      vertex -0.54922645956768079 -0.17317043752198161 0
      vertex -0.58104274372112097 -0.30247170734339801 0
      vertex -0.51081174464022094 -0.26591176329455146 0
    endloop
  endfacet
  facet normal 0 0 1
    outer loop
      vertex -0.51081174464022094 -0.26591176329455146 0
      vertex -0.58104274372112097 -0.30247170734339801 0
      vertex -0.51969173807205937 -0.39877349605238377 0
    endloop
  endfacet
  facet normal 0 0 1
    outer loop
      vertex -0.51081174464022094 -0.26591176329455146 0
      vertex -0.51969173807205937 -0.39877349605238377 0
      vertex -0.43719100444931902 -0.33546845661559199 0
    endloop
  endfacet
  facet normal 0 0 1
    outer loop
      vertex -0.43719100444931902 -0.33546845661559199 0
      vertex -0.51969173807205937 -0.39877349605238377 0
      vertex -0.44255016193838637 -0.48295875387294357 0
    endloop
  endfacet
  facet normal 0 0 1
    outer loop
      vertex -0.43719100444931902 -0.33546845661559199 0
      vertex -0.44255016193838637 -0.48295875387294357 0
      vertex -0.3890588476552076 -0.42458322786234248 0
    endloop
  endfacet
  facet normal 0 0 1
    outer loop
      vertex -0.3890588476552076 -0.42458322786234248 0
      vertex -0.44255016193838637 -0.48295875387294357 0
      vertex -0.33740973713890021 -0.52962719796593527 0
    endloop
  endfacet
  facet normal 0 0 1
    outer loop
      vertex -0.3890588476552076 -0.42458322786234248 0
      vertex -0.33740973713890021 -0.52962719796593527 0
      vertex -0.2960881911420985 -0.46476536319055867 0
    endloop
  endfacet
  facet normal 0 0 1
    outer loop
      vertex -0.2960881911420985 -0.46476536319055867 0
      vertex -0.33740973713890021 -0.52962719796593527 0
      vertex -0.25510428581267125 -0.5470729063769213 0
    endloop
  endfacet
  facet normal 0 0 1
    outer loop
      vertex -0.25510428581267125 -0.5470729063769213 0
      vertex -0.19697946886485207 -0.62473905962403153 0
      vertex -0.17317043752198166 -0.54922645956768079 0
    endloop
  endfacet
  facet normal 0 0 1
    outer loop
      vertex -0.17317043752198166 -0.54922645956768079 0
      vertex -0.19697946886485207 -0.62473905962403153 0
      vertex -0.10481893083355133 -0.59445769678808591 0
    endloop
  endfacet
  facet normal -0 0 1
    outer loop
      vertex -0.10481893083355133 -0.59445769678808591 0
      vertex -0.057146378750251144 -0.65318609802877947 0
      vertex -0.0022722747216354709 -0.55054270689317408 0
    endloop
  endfacet
  facet normal 0 0 1
    outer loop
      vertex -0.0022722747216354709 -0.55054270689317408 0
      vertex -0.057146378750251144 -0.65318609802877947 0
      vertex 0.028573189375125395 -0.65443363041880087 -0
    endloop
  endfacet
  facet normal 0 0 1
    outer loop
      vertex -0.0022722747216354709 -0.55054270689317408 0
      vertex 0.028573189375125395 -0.65443363041880087 -0
      vertex 0.075167415633775853 -0.57095320644317515 -0
    endloop
  endfacet
  facet normal 0 0 1
    outer loop
      vertex 0.075167415633775853 -0.57095320644317515 -0
      vertex 0.028573189375125395 -0.65443363041880087 -0
      vertex 0.1417803057510876 -0.63952963080323855 -0
    endloop
  endfacet
  facet normal -0 0 1
    outer loop
      vertex 0.075167415633775853 -0.57095320644317515 -0
      vertex 0.1417803057510876 -0.63952963080323855 -0
      vertex 0.17317043752198163 -0.54922645956768079 -0
    endloop
  endfacet
  facet normal 0 0 1
    outer loop
      vertex 0.17317043752198163 -0.54922645956768079 -0
      vertex 0.1417803057510876 -0.63952963080323855 -0
      vertex 0.22425616527981473 -0.61613875027977416 -0
    endloop
  endfacet
  facet normal 0 0 1
    outer loop
      vertex 0.17317043752198163 -0.54922645956768079 -0
      vertex 0.22425616527981473 -0.61613875027977416 -0
      vertex 0.28996573940421944 -0.55701900282948524 0
    endloop
  endfacet
  facet normal -0 0 1
    outer loop
      vertex 0.17317043752198163 -0.54922645956768079 -0
      vertex 0.28996573940421944 -0.55701900282948524 0
      vertex 0.25445451575107542 -0.48880257688491946 -0
    endloop
  endfacet
  facet normal 0 0 1
    outer loop
      vertex 0.25445451575107542 -0.48880257688491946 -0
      vertex 0.28996573940421944 -0.55701900282948524 0
      vertex 0.34622689173826421 -0.49446324531651992 -0
    endloop
  endfacet
  facet normal -0 0 1
    outer loop
      vertex 0.34622689173826421 -0.49446324531651992 -0
      vertex 0.42146372735837356 -0.5022809112274883 -0
      vertex 0.38905884765520743 -0.42458322786234259 0
    endloop
  endfacet
  facet normal 0 0 1
    outer loop
      vertex 0.38905884765520743 -0.42458322786234259 0
      vertex 0.42146372735837356 -0.5022809112274883 -0
      vertex 0.48295875387294351 -0.44255016193838642 -0
    endloop
  endfacet
  facet normal 0 0 1
    outer loop
      vertex 0.38905884765520743 -0.42458322786234259 0
      vertex 0.48295875387294351 -0.44255016193838642 -0
      vertex 0.4371910044493188 -0.33546845661559221 -0
    endloop
  endfacet
  facet normal 0 0 1
    outer loop
      vertex 0.4371910044493188 -0.33546845661559221 -0
      vertex 0.48295875387294351 -0.44255016193838642 -0
      vertex 0.55246955434599532 -0.35196192307540292 -0
    endloop
  endfacet
  facet normal -0 0 1
    outer loop
      vertex 0.4371910044493188 -0.33546845661559221 -0
      vertex 0.55246955434599532 -0.35196192307540292 -0
      vertex 0.51081174464022083 -0.26591176329455168 0
    endloop
  endfacet
  facet normal 0 0 1
    outer loop
      vertex 0.51081174464022083 -0.26591176329455168 0
      vertex 0.55246955434599532 -0.35196192307540292 -0
      vertex 0.60519384697332768 -0.2506794992811 -0
    endloop
  endfacet
  facet normal 0 -0 1
    outer loop
      vertex 0.51081174464022083 -0.26591176329455168 0
      vertex 0.60519384697332768 -0.2506794992811 -0
      vertex 0.54922645956768079 -0.17317043752198169 0
    endloop
  endfacet
  facet normal 0 0 1
    outer loop
      vertex 0.54922645956768079 -0.17317043752198169 0
      vertex 0.60519384697332768 -0.2506794992811 -0
      vertex 0.63952963080323855 -0.14178030575108785 -0
    endloop
  endfacet
  facet normal 0 0 1
    outer loop
      vertex 0.54922645956768079 -0.17317043752198169 0
      vertex 0.63952963080323855 -0.14178030575108785 -0
      vertex 0.54635274446694182 -0.071928703372801189 -0
    endloop
  endfacet
  facet normal -0 0 1
    outer loop
      vertex 0.54635274446694182 -0.071928703372801189 -0
      vertex 0.63952963080323855 -0.14178030575108785 -0
      vertex 0.67723388795622652 -0.059250287751755712 -0
    endloop
  endfacet
  facet normal 0 0 1
    outer loop
      vertex 0.54635274446694182 -0.071928703372801189 -0
      vertex 0.67723388795622652 -0.059250287751755712 -0
      vertex 0.62737547654312009 0.02739180486354971 0
    endloop
  endfacet
  facet normal 0 0 1
    outer loop
      vertex 0.54635274446694182 -0.071928703372801189 -0
      vertex 0.62737547654312009 0.02739180486354971 0
      vertex 0.55159219430796314 0 -0
    endloop
  endfacet
  facet normal -0 0 1
    outer loop
      vertex 0.62737547654312009 0.02739180486354971 0
      vertex 0.68071428571428572 0 0
      vertex 0.67812396234388106 0.059328159170370168 0
    endloop
  endfacet
  facet normal -0 0 1
    outer loop
      vertex 0.62737547654312009 0.02739180486354971 0
      vertex 0.67812396234388106 0.059328159170370168 0
      vertex 0.64571989263818819 0.11385783905228589 -0
    endloop
  endfacet
  facet normal 0 -0 1
    outer loop
      vertex 0.62473905962403165 0.19697946886485218 -0
      vertex 0.64143699739527948 0.2991069841093667 -0
      vertex 0.54707290637692141 0.25510428581267097 -0
    endloop
  endfacet
  facet normal 0 0 1
    outer loop
      vertex 0.54707290637692141 0.25510428581267097 -0
      vertex 0.64143699739527948 0.2991069841093667 -0
      vertex 0.55246955434599543 0.35196192307540275 -0
    endloop
  endfacet
  facet normal 0 0 1
    outer loop
      vertex 0.55246955434599543 0.35196192307540275 -0
      vertex 0.54216597771073305 0.45493127193394556 -0
      vertex 0.46240600147689387 0.3880047052934224 -0
    endloop
  endfacet
  facet normal 0 -0 1
    outer loop
      vertex 0.46240600147689387 0.3880047052934224 -0
      vertex 0.54216597771073305 0.45493127193394556 -0
      vertex 0.44255016193838637 0.48295875387294362 -0
    endloop
  endfacet
  facet normal 0 0 1
    outer loop
      vertex 0.44255016193838637 0.48295875387294362 -0
      vertex 0.39044167417324788 0.55760849871957796 0
      vertex 0.34622689173826432 0.49446324531651992 -0
    endloop
  endfacet
  facet normal 0 -0 1
    outer loop
      vertex 0.34622689173826432 0.49446324531651992 -0
      vertex 0.39044167417324788 0.55760849871957796 0
      vertex 0.34035714285714291 0.58951586414754997 0
    endloop
  endfacet
  facet normal 0 0 1
    outer loop
      vertex 0.34622689173826432 0.49446324531651992 -0
      vertex 0.34035714285714291 0.58951586414754997 0
      vertex 0.27845918414606791 0.53491511583556905 -0
    endloop
  endfacet
  facet normal 0 0 1
    outer loop
      vertex 0.27845918414606791 0.53491511583556905 -0
      vertex 0.34035714285714291 0.58951586414754997 0
      vertex 0.28768228817063324 0.61693665788994811 0
    endloop
  endfacet
  facet normal 0 -0 1
    outer loop
      vertex 0.27845918414606791 0.53491511583556905 -0
      vertex 0.28768228817063324 0.61693665788994811 0
      vertex 0.24206387379814989 0.66506502732613004 -0
    endloop
  endfacet
  facet normal 0 0 1
    outer loop
      vertex 0.27845918414606791 0.53491511583556905 -0
      vertex 0.24206387379814989 0.66506502732613004 -0
      vertex 0.20645299149466356 0.56722493231044513 -0
    endloop
  endfacet
  facet normal 0 -0 1
    outer loop
      vertex 0.20645299149466356 0.56722493231044513 -0
      vertex 0.24206387379814989 0.66506502732613004 -0
      vertex 0.14178030575108791 0.63952963080323844 -0
    endloop
  endfacet
  facet normal 0 0 1
    outer loop
      vertex 0.14178030575108791 0.63952963080323844 -0
      vertex 0.061684252009579728 0.70505422672620821 -0
      vertex 0.052609661060401415 0.60133117755093524 -0
    endloop
  endfacet
  facet normal 0 -0 1
    outer loop
      vertex 0.052609661060401415 0.60133117755093524 -0
      vertex 0.061684252009579728 0.70505422672620821 -0
      vertex -0.028573189375125475 0.65443363041880087 -0
    endloop
  endfacet
  facet normal 0 0 1
    outer loop
      vertex -0.028573189375125475 0.65443363041880087 -0
      vertex -0.1228990496153969 0.69699514573209542 -0
      vertex -0.10481893083355133 0.59445769678808591 -0
    endloop
  endfacet
  facet normal 0 0 1
    outer loop
      vertex -0.10481893083355133 0.59445769678808591 -0
      vertex -0.1228990496153969 0.69699514573209542 -0
      vertex -0.19697946886485218 0.62473905962403165 -0
    endloop
  endfacet
  facet normal 0 0 1
    outer loop
      vertex -0.19697946886485218 0.62473905962403165 -0
      vertex -0.28768228817063318 0.61693665788994823 0
      vertex -0.25510428581267097 0.54707290637692141 -0
    endloop
  endfacet
  facet normal 0 0 1
    outer loop
      vertex -0.25510428581267097 0.54707290637692141 -0
      vertex -0.28768228817063318 0.61693665788994823 0
      vertex -0.34035714285714269 0.58951586414755008 0
    endloop
  endfacet
  facet normal 0 0 1
    outer loop
      vertex -0.25510428581267097 0.54707290637692141 -0
      vertex -0.34035714285714269 0.58951586414755008 0
      vertex -0.3240204871088645 0.50861028530536845 -0
    endloop
  endfacet
  facet normal 0 0 1
    outer loop
      vertex -0.3240204871088645 0.50861028530536845 -0
      vertex -0.34035714285714269 0.58951586414755008 0
      vertex -0.39044167417324788 0.55760849871957796 0
    endloop
  endfacet
  facet normal 0 0 1
    outer loop
      vertex -0.3240204871088645 0.50861028530536845 -0
      vertex -0.39044167417324788 0.55760849871957796 0
      vertex -0.42146372735837351 0.5022809112274883 -0
    endloop
  endfacet
  facet normal 0 0 1
    outer loop
      vertex -0.53710256491663011 0.37608326474639425 -0
      vertex -0.61292724460400227 0.35387370966577658 -0
      vertex -0.5227573252942167 0.30181408247946495 -0
    endloop
  endfacet
  facet normal 0 0 1
    outer loop
      vertex -0.5227573252942167 0.30181408247946495 -0
      vertex -0.61292724460400227 0.35387370966577658 -0
      vertex -0.60519384697332768 0.25067949928109989 -0
    endloop
  endfacet
  facet normal 0 0 1
    outer loop
      vertex -0.60519384697332768 0.25067949928109989 -0
      vertex -0.68363151082178586 0.18317851124516571 -0
      vertex -0.58306003400930806 0.15623046525165696 -0
    endloop
  endfacet
  facet normal 0 0 1
    outer loop
      vertex -0.58306003400930806 0.15623046525165696 -0
      vertex -0.68363151082178586 0.18317851124516571 -0
      vertex -0.64571989263818796 0.1138578390522858 -0
    endloop
  endfacet
  facet normal 0 0 1
    outer loop
      vertex -0.67723388795622652 0.059250287751755622 -0
      vertex -0.68071428571428572 8.3363457113387683e-17 0
      vertex -0.60362816495892957 7.3923130009214368e-17 -0
    endloop
  endfacet
  facet normal 0 0 1
    outer loop
      vertex -0.60362816495892957 7.3923130009214368e-17 -0
      vertex -0.68071428571428572 8.3363457113387683e-17 0
      vertex -0.67742295240960071 -0.059266828748101436 0
    endloop
  endfacet
  facet normal 0 0 1
    outer loop
      vertex -0.44255016193838637 -0.48295875387294357 0
      vertex -0.39044167417324749 -0.55760849871957818 0
      vertex -0.33740973713890021 -0.52962719796593527 0
    endloop
  endfacet
  facet normal 0 0 1
    outer loop
      vertex -0.33740973713890021 -0.52962719796593527 0
      vertex -0.39044167417324749 -0.55760849871957818 0
      vertex -0.34035714285714314 -0.58951586414754986 0
    endloop
  endfacet
  facet normal 0 0 1
    outer loop
      vertex -0.33740973713890021 -0.52962719796593527 0
      vertex -0.34035714285714314 -0.58951586414754986 0
      vertex -0.28768228817063363 -0.616936657889948 0
    endloop
  endfacet
  facet normal 0 0 1
    outer loop
      vertex -0.33740973713890021 -0.52962719796593527 0
      vertex -0.28768228817063363 -0.616936657889948 0
      vertex -0.25510428581267125 -0.5470729063769213 0
    endloop
  endfacet
  facet normal 0 0 1
    outer loop
      vertex -0.25510428581267125 -0.5470729063769213 0
      vertex -0.28768228817063363 -0.616936657889948 0
      vertex -0.19697946886485207 -0.62473905962403153 0
    endloop
  endfacet
  facet normal -0 0 1
    outer loop
      vertex -0.19697946886485207 -0.62473905962403153 0
      vertex -0.12289904961539691 -0.69699514573209531 0
      vertex -0.10481893083355133 -0.59445769678808591 0
    endloop
  endfacet
  facet normal 0 0 1
    outer loop
      vertex -0.10481893083355133 -0.59445769678808591 0
      vertex -0.12289904961539691 -0.69699514573209531 0
      vertex -0.057146378750251144 -0.65318609802877947 0
    endloop
  endfacet
  facet normal -0 0 1
    outer loop
      vertex 0.22425616527981473 -0.61613875027977416 -0
      vertex 0.28768228817063285 -0.61693665788994834 0
      vertex 0.28996573940421944 -0.55701900282948524 0
    endloop
  endfacet
  facet normal 0 0 1
    outer loop
      vertex 0.28996573940421944 -0.55701900282948524 0
      vertex 0.28768228817063285 -0.61693665788994834 0
      vertex 0.34035714285714241 -0.58951586414755031 0
    endloop
  endfacet
  facet normal 0 0 1
    outer loop
      vertex 0.28996573940421944 -0.55701900282948524 0
      vertex 0.34035714285714241 -0.58951586414755031 0
      vertex 0.39044167417324777 -0.55760849871957796 0
    endloop
  endfacet
  facet normal 0 0 1
    outer loop
      vertex 0.28996573940421944 -0.55701900282948524 0
      vertex 0.39044167417324777 -0.55760849871957796 0
      vertex 0.34622689173826421 -0.49446324531651992 -0
    endloop
  endfacet
  facet normal 0 0 1
    outer loop
      vertex 0.34622689173826421 -0.49446324531651992 -0
      vertex 0.39044167417324777 -0.55760849871957796 0
      vertex 0.42146372735837356 -0.5022809112274883 -0
    endloop
  endfacet
  facet normal 0 -0 1
    outer loop
      vertex 0.67723388795622652 -0.059250287751755712 -0
      vertex 0.68071428571428572 0 0
      vertex 0.62737547654312009 0.02739180486354971 0
    endloop
  endfacet
  facet normal -0 0 1
    outer loop
      vertex 0.67812396234388106 0.059328159170370168 0
      vertex 0.73006840017295072 0.063872708613640916 0
      vertex 0.74828076474143768 0.13194208796907889 -0
    endloop
  endfacet
  facet normal 0 0 1
    outer loop
      vertex 0.67812396234388106 0.059328159170370168 0
      vertex 0.74828076474143768 0.13194208796907889 -0
      vertex 0.64571989263818819 0.11385783905228589 -0
    endloop
  endfacet
  facet normal 0 0 1
    outer loop
      vertex 0.64571989263818819 0.11385783905228589 -0
      vertex 0.74828076474143768 0.13194208796907889 -0
      vertex 0.73393381984283501 0.19665697432477675 -0
    endloop
  endfacet
  facet normal 0 -0 1
    outer loop
      vertex 0.64571989263818819 0.11385783905228589 -0
      vertex 0.73393381984283501 0.19665697432477675 -0
      vertex 0.62473905962403165 0.19697946886485218 -0
    endloop
  endfacet
  facet normal -0 0 1
    outer loop
      vertex 0.62473905962403165 0.19697946886485218 -0
      vertex 0.73393381984283501 0.19665697432477675 -0
      vertex 0.71400119541387141 0.25987518236113533 -0
    endloop
  endfacet
  facet normal 0 0 1
    outer loop
      vertex 0.62473905962403165 0.19697946886485218 -0
      vertex 0.71400119541387141 0.25987518236113533 -0
      vertex 0.64143699739527948 0.2991069841093667 -0
    endloop
  endfacet
  facet normal 0 -0 1
    outer loop
      vertex 0.64143699739527948 0.2991069841093667 -0
      vertex 0.65802706106569298 0.37991210084033611 -0
      vertex 0.55246955434599543 0.35196192307540275 -0
    endloop
  endfacet
  facet normal 0 0 1
    outer loop
      vertex 0.55246955434599543 0.35196192307540275 -0
      vertex 0.65802706106569298 0.37991210084033611 -0
      vertex 0.62241154810697386 0.43581725785327846 -0
    endloop
  endfacet
  facet normal 0 -0 1
    outer loop
      vertex 0.55246955434599543 0.35196192307540275 -0
      vertex 0.62241154810697386 0.43581725785327846 -0
      vertex 0.54216597771073305 0.45493127193394556 -0
    endloop
  endfacet
  facet normal 0 0 1
    outer loop
      vertex 0.54216597771073305 0.45493127193394556 -0
      vertex 0.53727684551805832 0.53727684551805832 -0
      vertex 0.44255016193838637 0.48295875387294362 -0
    endloop
  endfacet
  facet normal 0 0 1
    outer loop
      vertex 0.44255016193838637 0.48295875387294362 -0
      vertex 0.53727684551805832 0.53727684551805832 -0
      vertex 0.48840558238030229 0.5820591074447925 -0
    endloop
  endfacet
  facet normal 0 -0 1
    outer loop
      vertex 0.44255016193838637 0.48295875387294362 -0
      vertex 0.48840558238030229 0.5820591074447925 -0
      vertex 0.42034958835440955 0.6003214267432182 0
    endloop
  endfacet
  facet normal 0 0 1
    outer loop
      vertex 0.44255016193838637 0.48295875387294362 -0
      vertex 0.42034958835440955 0.6003214267432182 0
      vertex 0.39044167417324788 0.55760849871957796 0
    endloop
  endfacet
  facet normal -0 0 1
    outer loop
      vertex 0.28768228817063324 0.61693665788994811 0
      vertex 0.30971881181854116 0.66419413535685923 0
      vertex 0.24206387379814989 0.66506502732613004 -0
    endloop
  endfacet
  facet normal 0 0 1
    outer loop
      vertex 0.24206387379814989 0.66506502732613004 -0
      vertex 0.19665697432477691 0.73393381984283501 -0
      vertex 0.14178030575108791 0.63952963080323844 -0
    endloop
  endfacet
  facet normal 0 -0 1
    outer loop
      vertex 0.14178030575108791 0.63952963080323844 -0
      vertex 0.19665697432477691 0.73393381984283501 -0
      vertex 0.13194208796907891 0.74828076474143757 -0
    endloop
  endfacet
  facet normal 0 0 1
    outer loop
      vertex 0.14178030575108791 0.63952963080323844 -0
      vertex 0.13194208796907891 0.74828076474143757 -0
      vertex 0.061684252009579728 0.70505422672620821 -0
    endloop
  endfacet
  facet normal 0 0 1
    outer loop
      vertex 0.061684252009579728 0.70505422672620821 -0
      vertex 4.6525813825146406e-17 0.75982420168067211 -0
      vertex -0.028573189375125475 0.65443363041880087 -0
    endloop
  endfacet
  facet normal 0 -0 1
    outer loop
      vertex -0.028573189375125475 0.65443363041880087 -0
      vertex 4.6525813825146406e-17 0.75982420168067211 -0
      vertex -0.066223042655125283 0.75693284119607884 -0
    endloop
  endfacet
  facet normal 0 0 1
    outer loop
      vertex -0.028573189375125475 0.65443363041880087 -0
      vertex -0.066223042655125283 0.75693284119607884 -0
      vertex -0.1228990496153969 0.69699514573209542 -0
    endloop
  endfacet
  facet normal 0 0 1
    outer loop
      vertex -0.1228990496153969 0.69699514573209542 -0
      vertex -0.19665697432477683 0.73393381984283501 -0
      vertex -0.19697946886485218 0.62473905962403165 -0
    endloop
  endfacet
  facet normal 0 -0 1
    outer loop
      vertex -0.19697946886485218 0.62473905962403165 -0
      vertex -0.19665697432477683 0.73393381984283501 -0
      vertex -0.25987518236113516 0.71400119541387153 -0
    endloop
  endfacet
  facet normal 0 0 1
    outer loop
      vertex -0.19697946886485218 0.62473905962403165 -0
      vertex -0.25987518236113516 0.71400119541387153 -0
      vertex -0.30971881181854111 0.66419413535685923 0
    endloop
  endfacet
  facet normal 0 0 1
    outer loop
      vertex -0.19697946886485218 0.62473905962403165 -0
      vertex -0.30971881181854111 0.66419413535685923 0
      vertex -0.28768228817063318 0.61693665788994823 0
    endloop
  endfacet
  facet normal -0 -0 1
    outer loop
      vertex -0.39044167417324788 0.55760849871957796 0
      vertex -0.42034958835440955 0.6003214267432182 0
      vertex -0.48840558238030235 0.58205910744479272 -0
    endloop
  endfacet
  facet normal -0 0 1
    outer loop
      vertex -0.39044167417324788 0.55760849871957796 0
      vertex -0.48840558238030235 0.58205910744479272 -0
      vertex -0.42146372735837351 0.5022809112274883 -0
    endloop
  endfacet
  facet normal 0 0 1
    outer loop
      vertex -0.42146372735837351 0.5022809112274883 -0
      vertex -0.48840558238030235 0.58205910744479272 -0
      vertex -0.53727684551805821 0.53727684551805832 -0
    endloop
  endfacet
  facet normal 0 0 1
    outer loop
      vertex -0.42146372735837351 0.5022809112274883 -0
      vertex -0.53727684551805821 0.53727684551805832 -0
      vertex -0.48295875387294362 0.44255016193838637 -0
    endloop
  endfacet
  facet normal 0 0 1
    outer loop
      vertex -0.48295875387294362 0.44255016193838637 -0
      vertex -0.53727684551805821 0.53727684551805832 -0
      vertex -0.58205910744479239 0.48840558238030235 -0
    endloop
  endfacet
  facet normal 0 0 1
    outer loop
      vertex -0.48295875387294362 0.44255016193838637 -0
      vertex -0.58205910744479239 0.48840558238030235 -0
      vertex -0.62241154810697386 0.43581725785327841 -0
    endloop
  endfacet
  facet normal 0 0 1
    outer loop
      vertex -0.48295875387294362 0.44255016193838637 -0
      vertex -0.62241154810697386 0.43581725785327841 -0
      vertex -0.53710256491663011 0.37608326474639425 -0
    endloop
  endfacet
  facet normal 0 0 1
    outer loop
      vertex -0.53710256491663011 0.37608326474639425 -0
      vertex -0.62241154810697386 0.43581725785327841 -0
      vertex -0.61292724460400227 0.35387370966577658 -0
    endloop
  endfacet
  facet normal 0 0 1
    outer loop
      vertex -0.61292724460400227 0.35387370966577658 -0
      vertex -0.68863459076209932 0.32111558334280038 -0
      vertex -0.60519384697332768 0.25067949928109989 -0
    endloop
  endfacet
  facet normal 0 0 1
    outer loop
      vertex -0.60519384697332768 0.25067949928109989 -0
      vertex -0.68863459076209932 0.32111558334280038 -0
      vertex -0.71400119541387153 0.25987518236113549 -0
    endloop
  endfacet
  facet normal 0 0 1
    outer loop
      vertex -0.60519384697332768 0.25067949928109989 -0
      vertex -0.71400119541387153 0.25987518236113549 -0
      vertex -0.68363151082178586 0.18317851124516571 -0
    endloop
  endfacet
  facet normal 0 0 1
    outer loop
      vertex -0.68363151082178586 0.18317851124516571 -0
      vertex -0.74828076474143745 0.13194208796907883 -0
      vertex -0.64571989263818796 0.1138578390522858 -0
    endloop
  endfacet
  facet normal 0 0 1
    outer loop
      vertex -0.64571989263818796 0.1138578390522858 -0
      vertex -0.74828076474143745 0.13194208796907883 -0
      vertex -0.73006840017295072 0.06387270861364093 0
    endloop
  endfacet
  facet normal 0 0 1
    outer loop
      vertex -0.64571989263818796 0.1138578390522858 -0
      vertex -0.73006840017295072 0.06387270861364093 0
      vertex -0.67723388795622652 0.059250287751755622 -0
    endloop
  endfacet
  facet normal 0 0 1
    outer loop
      vertex -0.67742295240960071 -0.059266828748101436 0
      vertex -0.73006840017295072 -0.06387270861364075 0
      vertex -0.74828076474143779 -0.13194208796907864 0
    endloop
  endfacet
  facet normal 0 0 1
    outer loop
      vertex -0.67742295240960071 -0.059266828748101436 0
      vertex -0.74828076474143779 -0.13194208796907864 0
      vertex -0.63952963080323855 -0.14178030575108763 0
    endloop
  endfacet
  facet normal 0 0 1
    outer loop
      vertex -0.63952963080323855 -0.14178030575108763 0
      vertex -0.74828076474143779 -0.13194208796907864 0
      vertex -0.73393381984283512 -0.19665697432477644 0
    endloop
  endfacet
  facet normal 0 0 1
    outer loop
      vertex -0.63952963080323855 -0.14178030575108763 0
      vertex -0.73393381984283512 -0.19665697432477644 0
      vertex -0.71400119541387141 -0.25987518236113527 0
    endloop
  endfacet
  facet normal 0 0 1
    outer loop
      vertex -0.63952963080323855 -0.14178030575108763 0
      vertex -0.71400119541387141 -0.25987518236113527 0
      vertex -0.61613875027977416 -0.22425616527981448 0
    endloop
  endfacet
  facet normal 0 0 1
    outer loop
      vertex -0.61613875027977416 -0.22425616527981448 0
      vertex -0.71400119541387141 -0.25987518236113527 0
      vertex -0.68863459076209954 -0.32111558334279994 0
    endloop
  endfacet
  facet normal 0 0 1
    outer loop
      vertex -0.61613875027977416 -0.22425616527981448 0
      vertex -0.68863459076209954 -0.32111558334279994 0
      vertex -0.58104274372112097 -0.30247170734339801 0
    endloop
  endfacet
  facet normal 0 0 1
    outer loop
      vertex -0.58104274372112097 -0.30247170734339801 0
      vertex -0.68863459076209954 -0.32111558334279994 0
      vertex -0.65802706106569298 -0.37991210084033622 0
    endloop
  endfacet
  facet normal 0 0 1
    outer loop
      vertex -0.58104274372112097 -0.30247170734339801 0
      vertex -0.65802706106569298 -0.37991210084033622 0
      vertex -0.62241154810697397 -0.43581725785327829 0
    endloop
  endfacet
  facet normal 0 0 1
    outer loop
      vertex -0.58104274372112097 -0.30247170734339801 0
      vertex -0.62241154810697397 -0.43581725785327829 0
      vertex -0.51969173807205937 -0.39877349605238377 0
    endloop
  endfacet
  facet normal 0 0 1
    outer loop
      vertex -0.51969173807205937 -0.39877349605238377 0
      vertex -0.62241154810697397 -0.43581725785327829 0
      vertex -0.58205910744479283 -0.48840558238030196 0
    endloop
  endfacet
  facet normal 0 0 1
    outer loop
      vertex -0.51969173807205937 -0.39877349605238377 0
      vertex -0.58205910744479283 -0.48840558238030196 0
      vertex -0.53727684551805832 -0.53727684551805821 0
    endloop
  endfacet
  facet normal 0 0 1
    outer loop
      vertex -0.51969173807205937 -0.39877349605238377 0
      vertex -0.53727684551805832 -0.53727684551805821 0
      vertex -0.44255016193838637 -0.48295875387294357 0
    endloop
  endfacet
  facet normal 0 0 1
    outer loop
      vertex -0.44255016193838637 -0.48295875387294357 0
      vertex -0.53727684551805832 -0.53727684551805821 0
      vertex -0.48840558238030241 -0.58205910744479261 0
    endloop
  endfacet
  facet normal 0 0 1
    outer loop
      vertex -0.44255016193838637 -0.48295875387294357 0
      vertex -0.48840558238030241 -0.58205910744479261 0
      vertex -0.42034958835440916 -0.60032142674321853 0
    endloop
  endfacet
  facet normal 0 0 1
    outer loop
      vertex -0.44255016193838637 -0.48295875387294357 0
      vertex -0.42034958835440916 -0.60032142674321853 0
      vertex -0.39044167417324749 -0.55760849871957818 0
    endloop
  endfacet
  facet normal 0 0 1
    outer loop
      vertex -0.28768228817063363 -0.616936657889948 0
      vertex -0.30971881181854155 -0.66419413535685901 0
      vertex -0.25987518236113522 -0.71400119541387164 0
    endloop
  endfacet
  facet normal 0 0 1
    outer loop
      vertex -0.28768228817063363 -0.616936657889948 0
      vertex -0.25987518236113522 -0.71400119541387164 0
      vertex -0.19697946886485207 -0.62473905962403153 0
    endloop
  endfacet
  facet normal 0 0 1
    outer loop
      vertex -0.19697946886485207 -0.62473905962403153 0
      vertex -0.25987518236113522 -0.71400119541387164 0
      vertex -0.19665697432477661 -0.73393381984283501 0
    endloop
  endfacet
  facet normal 0 0 1
    outer loop
      vertex -0.19697946886485207 -0.62473905962403153 0
      vertex -0.19665697432477661 -0.73393381984283501 0
      vertex -0.12289904961539691 -0.69699514573209531 0
    endloop
  endfacet
  facet normal -0 0 1
    outer loop
      vertex -0.12289904961539691 -0.69699514573209531 0
      vertex -0.066223042655125477 -0.75693284119607895 0
      vertex -0.057146378750251144 -0.65318609802877947 0
    endloop
  endfacet
  facet normal 0 0 1
    outer loop
      vertex -0.057146378750251144 -0.65318609802877947 0
      vertex -0.066223042655125477 -0.75693284119607895 0
      vertex -1.395774414754392e-16 -0.75982420168067233 0
    endloop
  endfacet
  facet normal 0 0 1
    outer loop
      vertex -0.057146378750251144 -0.65318609802877947 0
      vertex -1.395774414754392e-16 -0.75982420168067233 0
      vertex 0.028573189375125395 -0.65443363041880087 -0
    endloop
  endfacet
  facet normal 0 0 1
    outer loop
      vertex 0.028573189375125395 -0.65443363041880087 -0
      vertex -1.395774414754392e-16 -0.75982420168067233 0
      vertex 0.066223042655125186 -0.75693284119607895 -0
    endloop
  endfacet
  facet normal 0 0 1
    outer loop
      vertex 0.028573189375125395 -0.65443363041880087 -0
      vertex 0.066223042655125186 -0.75693284119607895 -0
      vertex 0.13194208796907858 -0.74828076474143768 -0
    endloop
  endfacet
  facet normal -0 0 1
    outer loop
      vertex 0.028573189375125395 -0.65443363041880087 -0
      vertex 0.13194208796907858 -0.74828076474143768 -0
      vertex 0.1417803057510876 -0.63952963080323855 -0
    endloop
  endfacet
  facet normal 0 0 1
    outer loop
      vertex 0.1417803057510876 -0.63952963080323855 -0
      vertex 0.13194208796907858 -0.74828076474143768 -0
      vertex 0.19665697432477636 -0.73393381984283512 -0
    endloop
  endfacet
  facet normal 0 0 1
    outer loop
      vertex 0.1417803057510876 -0.63952963080323855 -0
      vertex 0.19665697432477636 -0.73393381984283512 -0
      vertex 0.25987518236113555 -0.71400119541387141 -0
    endloop
  endfacet
  facet normal -0 0 1
    outer loop
      vertex 0.1417803057510876 -0.63952963080323855 -0
      vertex 0.25987518236113555 -0.71400119541387141 -0
      vertex 0.22425616527981473 -0.61613875027977416 -0
    endloop
  endfacet
  facet normal 0 0 1
    outer loop
      vertex 0.22425616527981473 -0.61613875027977416 -0
      vertex 0.25987518236113555 -0.71400119541387141 -0
      vertex 0.30971881181854072 -0.66419413535685945 0
    endloop
  endfacet
  facet normal 0 0 1
    outer loop
      vertex 0.22425616527981473 -0.61613875027977416 -0
      vertex 0.30971881181854072 -0.66419413535685945 0
      vertex 0.28768228817063285 -0.61693665788994834 0
    endloop
  endfacet
  facet normal 0 0 1
    outer loop
      vertex 0.39044167417324777 -0.55760849871957796 0
      vertex 0.4203495883544095 -0.60032142674321831 0
      vertex 0.48840558238030218 -0.58205910744479272 -0
    endloop
  endfacet
  facet normal 0 0 1
    outer loop
      vertex 0.39044167417324777 -0.55760849871957796 0
      vertex 0.48840558238030218 -0.58205910744479272 -0
      vertex 0.42146372735837356 -0.5022809112274883 -0
    endloop
  endfacet
  facet normal 0 0 1
    outer loop
      vertex 0.42146372735837356 -0.5022809112274883 -0
      vertex 0.48840558238030218 -0.58205910744479272 -0
      vertex 0.53727684551805821 -0.53727684551805843 -0
    endloop
  endfacet
  facet normal -0 0 1
    outer loop
      vertex 0.42146372735837356 -0.5022809112274883 -0
      vertex 0.53727684551805821 -0.53727684551805843 -0
      vertex 0.48295875387294351 -0.44255016193838642 -0
    endloop
  endfacet
  facet normal 0 0 1
    outer loop
      vertex 0.48295875387294351 -0.44255016193838642 -0
      vertex 0.53727684551805821 -0.53727684551805843 -0
      vertex 0.5820591074447925 -0.48840558238030252 -0
    endloop
  endfacet
  facet normal -0 0 1
    outer loop
      vertex 0.48295875387294351 -0.44255016193838642 -0
      vertex 0.5820591074447925 -0.48840558238030252 -0
      vertex 0.62241154810697374 -0.43581725785327891 -0
    endloop
  endfacet
  facet normal 0 0 1
    outer loop
      vertex 0.48295875387294351 -0.44255016193838642 -0
      vertex 0.62241154810697374 -0.43581725785327891 -0
      vertex 0.55246955434599532 -0.35196192307540292 -0
    endloop
  endfacet
  facet normal 0 0 1
    outer loop
      vertex 0.55246955434599532 -0.35196192307540292 -0
      vertex 0.62241154810697374 -0.43581725785327891 -0
      vertex 0.65802706106569298 -0.37991210084033583 -0
    endloop
  endfacet
  facet normal -0 0 1
    outer loop
      vertex 0.55246955434599532 -0.35196192307540292 -0
      vertex 0.65802706106569298 -0.37991210084033583 -0
      vertex 0.68863459076209899 -0.32111558334280077 -0
    endloop
  endfacet
  facet normal 0 0 1
    outer loop
      vertex 0.55246955434599532 -0.35196192307540292 -0
      vertex 0.68863459076209899 -0.32111558334280077 -0
      vertex 0.60519384697332768 -0.2506794992811 -0
    endloop
  endfacet
  facet normal 0 0 1
    outer loop
      vertex 0.60519384697332768 -0.2506794992811 -0
      vertex 0.68863459076209899 -0.32111558334280077 -0
      vertex 0.71400119541387141 -0.25987518236113522 -0
    endloop
  endfacet
  facet normal -0 0 1
    outer loop
      vertex 0.60519384697332768 -0.2506794992811 -0
      vertex 0.71400119541387141 -0.25987518236113522 -0
      vertex 0.73393381984283501 -0.19665697432477672 -0
    endloop
  endfacet
  facet normal 0 0 1
    outer loop
      vertex 0.60519384697332768 -0.2506794992811 -0
      vertex 0.73393381984283501 -0.19665697432477672 -0
      vertex 0.63952963080323855 -0.14178030575108785 -0
    endloop
  endfacet
  facet normal -0 0 1
    outer loop
      vertex 0.63952963080323855 -0.14178030575108785 -0
      vertex 0.73393381984283501 -0.19665697432477672 -0
      vertex 0.74828076474143745 -0.13194208796907891 -0
    endloop
  endfacet
  facet normal 0 0 1
    outer loop
      vertex 0.63952963080323855 -0.14178030575108785 -0
      vertex 0.74828076474143745 -0.13194208796907891 -0
      vertex 0.73006840017295072 -0.063872708613641027 0
    endloop
  endfacet
  facet normal 0 0 1
    outer loop
      vertex 0.63952963080323855 -0.14178030575108785 -0
      vertex 0.73006840017295072 -0.063872708613641027 0
      vertex 0.67723388795622652 -0.059250287751755712 -0
    endloop
  endfacet
  facet normal -0 0 1
    outer loop
      vertex 0.73006840017295072 0.063872708613640916 0
      vertex 0.78201283800202015 0.068417258056911651 0
      vertex 0.74828076474143768 0.13194208796907889 -0
    endloop
  endfacet
  facet normal 0 -0 1
    outer loop
      vertex 0.71400119541387141 0.25987518236113533 -0
      vertex 0.73583988388991706 0.34312777303375325 -0
      vertex 0.64143699739527948 0.2991069841093667 -0
    endloop
  endfacet
  facet normal 0 0 1
    outer loop
      vertex 0.64143699739527948 0.2991069841093667 -0
      vertex 0.73583988388991706 0.34312777303375325 -0
      vertex 0.65802706106569298 0.37991210084033611 -0
    endloop
  endfacet
  facet normal 0 0 1
    outer loop
      vertex 0.62241154810697386 0.43581725785327846 -0
      vertex 0.62195874529806972 0.52188535378709411 -0
      vertex 0.54216597771073305 0.45493127193394556 -0
    endloop
  endfacet
  facet normal 0 -0 1
    outer loop
      vertex 0.54216597771073305 0.45493127193394556 -0
      vertex 0.62195874529806972 0.52188535378709411 -0
      vertex 0.53727684551805832 0.53727684551805832 -0
    endloop
  endfacet
  facet normal 0 0 1
    outer loop
      vertex 0.48840558238030229 0.5820591074447925 -0
      vertex 0.45025750253557117 0.64303435476685844 0
      vertex 0.42034958835440955 0.6003214267432182 0
    endloop
  endfacet
  facet normal -0 0 1
    outer loop
      vertex 0.30971881181854116 0.66419413535685923 0
      vertex 0.33175533546644903 0.71145161282377012 0
      vertex 0.2776893966404767 0.76294534689168758 -0
    endloop
  endfacet
  facet normal 0 0 1
    outer loop
      vertex 0.30971881181854116 0.66419413535685923 0
      vertex 0.2776893966404767 0.76294534689168758 -0
      vertex 0.24206387379814989 0.66506502732613004 -0
    endloop
  endfacet
  facet normal 0 -0 1
    outer loop
      vertex 0.24206387379814989 0.66506502732613004 -0
      vertex 0.2776893966404767 0.76294534689168758 -0
      vertex 0.19665697432477691 0.73393381984283501 -0
    endloop
  endfacet
  facet normal 0 0 1
    outer loop
      vertex 0.13194208796907891 0.74828076474143757 -0
      vertex 0.070762573753747102 0.80881991908333661 -0
      vertex 0.061684252009579728 0.70505422672620821 -0
    endloop
  endfacet
  facet normal 0 -0 1
    outer loop
      vertex 0.061684252009579728 0.70505422672620821 -0
      vertex 0.070762573753747102 0.80881991908333661 -0
      vertex 4.6525813825146406e-17 0.75982420168067211 -0
    endloop
  endfacet
  facet normal 0 0 1
    outer loop
      vertex -0.066223042655125283 0.75693284119607884 -0
      vertex -0.14098660159361792 0.79957475042757076 -0
      vertex -0.1228990496153969 0.69699514573209542 -0
    endloop
  endfacet
  facet normal 0 0 1
    outer loop
      vertex -0.1228990496153969 0.69699514573209542 -0
      vertex -0.14098660159361792 0.79957475042757076 -0
      vertex -0.19665697432477683 0.73393381984283501 -0
    endloop
  endfacet
  facet normal 0 0 1
    outer loop
      vertex -0.25987518236113516 0.71400119541387153 -0
      vertex -0.33175533546644892 0.71145161282377023 0
      vertex -0.30971881181854111 0.66419413535685923 0
    endloop
  endfacet
  facet normal 0 -0 1
    outer loop
      vertex -0.42034958835440955 0.6003214267432182 0
      vertex -0.45025750253557117 0.64303435476685844 0
      vertex -0.48840558238030235 0.58205910744479272 -0
    endloop
  endfacet
  facet normal 0 0 1
    outer loop
      vertex -0.62241154810697386 0.43581725785327841 -0
      vertex -0.70313423505947426 0.40595473988802949 -0
      vertex -0.61292724460400227 0.35387370966577658 -0
    endloop
  endfacet
  facet normal 0 0 1
    outer loop
      vertex -0.61292724460400227 0.35387370966577658 -0
      vertex -0.70313423505947426 0.40595473988802949 -0
      vertex -0.68863459076209932 0.32111558334280038 -0
    endloop
  endfacet
  facet normal 0 0 1
    outer loop
      vertex -0.71400119541387153 0.25987518236113549 -0
      vertex -0.78424433512461666 0.21013763626532367 -0
      vertex -0.68363151082178586 0.18317851124516571 -0
    endloop
  endfacet
  facet normal 0 0 1
    outer loop
      vertex -0.68363151082178586 0.18317851124516571 -0
      vertex -0.78424433512461666 0.21013763626532367 -0
      vertex -0.74828076474143745 0.13194208796907883 -0
    endloop
  endfacet
  facet normal 0 0 1
    outer loop
      vertex -0.74828076474143745 0.13194208796907883 -0
      vertex -0.78201283800202015 0.068417258056911678 0
      vertex -0.73006840017295072 0.06387270861364093 0
    endloop
  endfacet
  facet normal 0 0 1
    outer loop
      vertex -0.73006840017295072 -0.06387270861364075 0
      vertex -0.78201283800202015 -0.068417258056911484 0
      vertex -0.74828076474143779 -0.13194208796907864 0
    endloop
  endfacet
  facet normal 0 0 1
    outer loop
      vertex -0.48840558238030241 -0.58205910744479261 0
      vertex -0.45025750253557073 -0.64303435476685877 0
      vertex -0.42034958835440916 -0.60032142674321853 0
    endloop
  endfacet
  facet normal 0 0 1
    outer loop
      vertex -0.30971881181854155 -0.66419413535685901 0
      vertex -0.33175533546644942 -0.71145161282377001 0
      vertex -0.25987518236113522 -0.71400119541387164 0
    endloop
  endfacet
  facet normal -0 0 1
    outer loop
      vertex -0.19665697432477661 -0.73393381984283501 0
      vertex -0.14098660159361795 -0.79957475042757076 0
      vertex -0.12289904961539691 -0.69699514573209531 0
    endloop
  endfacet
  facet normal 0 0 1
    outer loop
      vertex -0.12289904961539691 -0.69699514573209531 0
      vertex -0.14098660159361795 -0.79957475042757076 0
      vertex -0.066223042655125477 -0.75693284119607895 0
    endloop
  endfacet
  facet normal 0 0 1
    outer loop
      vertex 0.25987518236113555 -0.71400119541387141 -0
      vertex 0.33175533546644853 -0.71145161282377034 0
      vertex 0.30971881181854072 -0.66419413535685945 0
    endloop
  endfacet
  facet normal 0 0 1
    outer loop
      vertex 0.4203495883544095 -0.60032142674321831 0
      vertex 0.45025750253557112 -0.64303435476685855 0
      vertex 0.48840558238030218 -0.58205910744479272 -0
    endloop
  endfacet
  facet normal 0 -0 1
    outer loop
      vertex 0.74828076474143745 -0.13194208796907891 -0
      vertex 0.78201283800202015 -0.068417258056911776 0
      vertex 0.73006840017295072 -0.063872708613641027 0
    endloop
  endfacet
  facet normal -0 0 1
    outer loop
      vertex 0.78201283800202015 0.068417258056911651 0
      vertex 0.83395727583108981 0.072961807500182399 0
      vertex 0.85087558661158125 0.15003232314576409 -0
    endloop
  endfacet
  facet normal 0 0 1
    outer loop
      vertex 0.78201283800202015 0.068417258056911651 0
      vertex 0.85087558661158125 0.15003232314576409 -0
      vertex 0.74828076474143768 0.13194208796907889 -0
    endloop
  endfacet
  facet normal 0 0 1
    outer loop
      vertex 0.74828076474143768 0.13194208796907889 -0
      vertex 0.85087558661158125 0.15003232314576409 -0
      vertex 0.83456156955823524 0.22362009859717935 -0
    endloop
  endfacet
  facet normal 0 -0 1
    outer loop
      vertex 0.74828076474143768 0.13194208796907889 -0
      vertex 0.83456156955823524 0.22362009859717935 -0
      vertex 0.73393381984283501 0.19665697432477675 -0
    endloop
  endfacet
  facet normal 0 0 1
    outer loop
      vertex 0.73393381984283501 0.19665697432477675 -0
      vertex 0.83456156955823524 0.22362009859717935 -0
      vertex 0.81189603503849772 0.29550599007276285 -0
    endloop
  endfacet
  facet normal 0 -0 1
    outer loop
      vertex 0.73393381984283501 0.19665697432477675 -0
      vertex 0.81189603503849772 0.29550599007276285 -0
      vertex 0.71400119541387141 0.25987518236113533 -0
    endloop
  endfacet
  facet normal 0 0 1
    outer loop
      vertex 0.71400119541387141 0.25987518236113533 -0
      vertex 0.81189603503849772 0.29550599007276285 -0
      vertex 0.73583988388991706 0.34312777303375325 -0
    endloop
  endfacet
  facet normal 0 -0 1
    outer loop
      vertex 0.73583988388991706 0.34312777303375325 -0
      vertex 0.74824743327998677 0.4320008570246468 -0
      vertex 0.65802706106569298 0.37991210084033611 -0
    endloop
  endfacet
  facet normal 0 0 1
    outer loop
      vertex 0.65802706106569298 0.37991210084033611 -0
      vertex 0.74824743327998677 0.4320008570246468 -0
      vertex 0.7077487703326717 0.49557102414558929 -0
    endloop
  endfacet
  facet normal 0 -0 1
    outer loop
      vertex 0.65802706106569298 0.37991210084033611 -0
      vertex 0.7077487703326717 0.49557102414558929 -0
      vertex 0.62241154810697386 0.43581725785327846 -0
    endloop
  endfacet
  facet normal 0 -0 1
    outer loop
      vertex 0.62241154810697386 0.43581725785327846 -0
      vertex 0.7077487703326717 0.49557102414558929 -0
      vertex 0.62195874529806972 0.52188535378709411 -0
    endloop
  endfacet
  facet normal 0 0 1
    outer loop
      vertex 0.62195874529806972 0.52188535378709411 -0
      vertex 0.610941470961056 0.610941470961056 -0
      vertex 0.53727684551805832 0.53727684551805832 -0
    endloop
  endfacet
  facet normal 0 0 1
    outer loop
      vertex 0.53727684551805832 0.53727684551805832 -0
      vertex 0.610941470961056 0.610941470961056 -0
      vertex 0.55536959653881834 0.66186371189273363 -0
    endloop
  endfacet
  facet normal 0 -0 1
    outer loop
      vertex 0.53727684551805832 0.53727684551805832 -0
      vertex 0.55536959653881834 0.66186371189273363 -0
      vertex 0.48840558238030229 0.5820591074447925 -0
    endloop
  endfacet
  facet normal 0 -0 1
    outer loop
      vertex 0.48840558238030229 0.5820591074447925 -0
      vertex 0.55536959653881834 0.66186371189273363 -0
      vertex 0.48016541671673291 0.68574728279049868 0
    endloop
  endfacet
  facet normal 0 0 1
    outer loop
      vertex 0.48840558238030229 0.5820591074447925 -0
      vertex 0.48016541671673291 0.68574728279049868 0
      vertex 0.45025750253557117 0.64303435476685844 0
    endloop
  endfacet
  facet normal -0 0 1
    outer loop
      vertex 0.33175533546644903 0.71145161282377012 0
      vertex 0.35379185911435695 0.75870909029068112 0
      vertex 0.2776893966404767 0.76294534689168758 -0
    endloop
  endfacet
  facet normal 0 0 1
    outer loop
      vertex 0.2776893966404767 0.76294534689168758 -0
      vertex 0.22362009859717957 0.83456156955823524 -0
      vertex 0.19665697432477691 0.73393381984283501 -0
    endloop
  endfacet
  facet normal 0 -0 1
    outer loop
      vertex 0.19665697432477691 0.73393381984283501 -0
      vertex 0.22362009859717957 0.83456156955823524 -0
      vertex 0.15003232314576415 0.85087558661158103 -0
    endloop
  endfacet
  facet normal 0 0 1
    outer loop
      vertex 0.19665697432477691 0.73393381984283501 -0
      vertex 0.15003232314576415 0.85087558661158103 -0
      vertex 0.13194208796907891 0.74828076474143757 -0
    endloop
  endfacet
  facet normal 0 -0 1
    outer loop
      vertex 0.13194208796907891 0.74828076474143757 -0
      vertex 0.15003232314576415 0.85087558661158103 -0
      vertex 0.070762573753747102 0.80881991908333661 -0
    endloop
  endfacet
  facet normal 0 0 1
    outer loop
      vertex 0.070762573753747102 0.80881991908333661 -0
      vertex 5.2904846678414719e-17 0.86400171404929371 -0
      vertex 4.6525813825146406e-17 0.75982420168067211 -0
    endloop
  endfacet
  facet normal 0 -0 1
    outer loop
      vertex 4.6525813825146406e-17 0.75982420168067211 -0
      vertex 5.2904846678414719e-17 0.86400171404929371 -0
      vertex -0.075302711123215807 0.86071392667808677 -0
    endloop
  endfacet
  facet normal 0 0 1
    outer loop
      vertex 4.6525813825146406e-17 0.75982420168067211 -0
      vertex -0.075302711123215807 0.86071392667808677 -0
      vertex -0.066223042655125283 0.75693284119607884 -0
    endloop
  endfacet
  facet normal 0 0 1
    outer loop
      vertex -0.066223042655125283 0.75693284119607884 -0
      vertex -0.075302711123215807 0.86071392667808677 -0
      vertex -0.14098660159361792 0.79957475042757076 -0
    endloop
  endfacet
  facet normal 0 0 1
    outer loop
      vertex -0.14098660159361792 0.79957475042757076 -0
      vertex -0.22362009859717943 0.83456156955823524 -0
      vertex -0.19665697432477683 0.73393381984283501 -0
    endloop
  endfacet
  facet normal 0 0 1
    outer loop
      vertex -0.19665697432477683 0.73393381984283501 -0
      vertex -0.22362009859717943 0.83456156955823524 -0
      vertex -0.29550599007276268 0.81189603503849783 -0
    endloop
  endfacet
  facet normal 0 0 1
    outer loop
      vertex -0.19665697432477683 0.73393381984283501 -0
      vertex -0.29550599007276268 0.81189603503849783 -0
      vertex -0.25987518236113516 0.71400119541387153 -0
    endloop
  endfacet
  facet normal 0 0 1
    outer loop
      vertex -0.25987518236113516 0.71400119541387153 -0
      vertex -0.29550599007276268 0.81189603503849783 -0
      vertex -0.35379185911435684 0.75870909029068123 0
    endloop
  endfacet
  facet normal 0 0 1
    outer loop
      vertex -0.25987518236113516 0.71400119541387153 -0
      vertex -0.35379185911435684 0.75870909029068123 0
      vertex -0.33175533546644892 0.71145161282377023 0
    endloop
  endfacet
  facet normal -0 -0 1
    outer loop
      vertex -0.45025750253557117 0.64303435476685844 0
      vertex -0.48016541671673291 0.68574728279049868 0
      vertex -0.55536959653881823 0.66186371189273363 -0
    endloop
  endfacet
  facet normal -0 0 1
    outer loop
      vertex -0.45025750253557117 0.64303435476685844 0
      vertex -0.55536959653881823 0.66186371189273363 -0
      vertex -0.48840558238030235 0.58205910744479272 -0
    endloop
  endfacet
  facet normal 0 0 1
    outer loop
      vertex -0.48840558238030235 0.58205910744479272 -0
      vertex -0.55536959653881823 0.66186371189273363 -0
      vertex -0.61094147096105589 0.610941470961056 -0
    endloop
  endfacet
  facet normal 0 0 1
    outer loop
      vertex -0.48840558238030235 0.58205910744479272 -0
      vertex -0.61094147096105589 0.610941470961056 -0
      vertex -0.53727684551805821 0.53727684551805832 -0
    endloop
  endfacet
  facet normal 0 0 1
    outer loop
      vertex -0.53727684551805821 0.53727684551805832 -0
      vertex -0.61094147096105589 0.610941470961056 -0
      vertex -0.66186371189273352 0.55536959653881834 -0
    endloop
  endfacet
  facet normal 0 0 1
    outer loop
      vertex -0.53727684551805821 0.53727684551805832 -0
      vertex -0.66186371189273352 0.55536959653881834 -0
      vertex -0.58205910744479239 0.48840558238030235 -0
    endloop
  endfacet
  facet normal 0 0 1
    outer loop
      vertex -0.58205910744479239 0.48840558238030235 -0
      vertex -0.66186371189273352 0.55536959653881834 -0
      vertex -0.70774877033267181 0.49557102414558918 -0
    endloop
  endfacet
  facet normal 0 0 1
    outer loop
      vertex -0.58205910744479239 0.48840558238030235 -0
      vertex -0.70774877033267181 0.49557102414558918 -0
      vertex -0.62241154810697386 0.43581725785327841 -0
    endloop
  endfacet
  facet normal 0 0 1
    outer loop
      vertex -0.62241154810697386 0.43581725785327841 -0
      vertex -0.70774877033267181 0.49557102414558918 -0
      vertex -0.70313423505947426 0.40595473988802949 -0
    endloop
  endfacet
  facet normal 0 0 1
    outer loop
      vertex -0.70313423505947426 0.40595473988802949 -0
      vertex -0.78305148145588777 0.36514290253249737 -0
      vertex -0.68863459076209932 0.32111558334280038 -0
    endloop
  endfacet
  facet normal 0 0 1
    outer loop
      vertex -0.68863459076209932 0.32111558334280038 -0
      vertex -0.78305148145588777 0.36514290253249737 -0
      vertex -0.81189603503849761 0.29550599007276296 -0
    endloop
  endfacet
  facet normal 0 0 1
    outer loop
      vertex -0.68863459076209932 0.32111558334280038 -0
      vertex -0.81189603503849761 0.29550599007276296 -0
      vertex -0.71400119541387153 0.25987518236113549 -0
    endloop
  endfacet
  facet normal 0 0 1
    outer loop
      vertex -0.71400119541387153 0.25987518236113549 -0
      vertex -0.81189603503849761 0.29550599007276296 -0
      vertex -0.78424433512461666 0.21013763626532367 -0
    endloop
  endfacet
  facet normal 0 0 1
    outer loop
      vertex -0.78424433512461666 0.21013763626532367 -0
      vertex -0.85087558661158125 0.15003232314576401 -0
      vertex -0.74828076474143745 0.13194208796907883 -0
    endloop
  endfacet
  facet normal 0 0 1
    outer loop
      vertex -0.74828076474143745 0.13194208796907883 -0
      vertex -0.85087558661158125 0.15003232314576401 -0
      vertex -0.83395727583108981 0.072961807500182427 0
    endloop
  endfacet
  facet normal 0 0 1
    outer loop
      vertex -0.74828076474143745 0.13194208796907883 -0
      vertex -0.83395727583108981 0.072961807500182427 0
      vertex -0.78201283800202015 0.068417258056911678 0
    endloop
  endfacet
  facet normal 0 0 1
    outer loop
      vertex -0.78201283800202015 -0.068417258056911484 0
      vertex -0.83395727583108981 -0.072961807500182219 0
      vertex -0.85087558661158125 -0.15003232314576384 0
    endloop
  endfacet
  facet normal 0 0 1
    outer loop
      vertex -0.78201283800202015 -0.068417258056911484 0
      vertex -0.85087558661158125 -0.15003232314576384 0
      vertex -0.74828076474143779 -0.13194208796907864 0
    endloop
  endfacet
  facet normal 0 0 1
    outer loop
      vertex -0.74828076474143779 -0.13194208796907864 0
      vertex -0.85087558661158125 -0.15003232314576384 0
      vertex -0.83456156955823546 -0.22362009859717905 0
    endloop
  endfacet
  facet normal 0 0 1
    outer loop
      vertex -0.74828076474143779 -0.13194208796907864 0
      vertex -0.83456156955823546 -0.22362009859717905 0
      vertex -0.73393381984283512 -0.19665697432477644 0
    endloop
  endfacet
  facet normal 0 0 1
    outer loop
      vertex -0.73393381984283512 -0.19665697432477644 0
      vertex -0.83456156955823546 -0.22362009859717905 0
      vertex -0.81189603503849772 -0.29550599007276274 0
    endloop
  endfacet
  facet normal 0 0 1
    outer loop
      vertex -0.73393381984283512 -0.19665697432477644 0
      vertex -0.81189603503849772 -0.29550599007276274 0
      vertex -0.71400119541387141 -0.25987518236113527 0
    endloop
  endfacet
  facet normal 0 0 1
    outer loop
      vertex -0.71400119541387141 -0.25987518236113527 0
      vertex -0.81189603503849772 -0.29550599007276274 0
      vertex -0.7830514814558881 -0.36514290253249687 0
    endloop
  endfacet
  facet normal 0 0 1
    outer loop
      vertex -0.71400119541387141 -0.25987518236113527 0
      vertex -0.7830514814558881 -0.36514290253249687 0
      vertex -0.68863459076209954 -0.32111558334279994 0
    endloop
  endfacet
  facet normal 0 0 1
    outer loop
      vertex -0.68863459076209954 -0.32111558334279994 0
      vertex -0.7830514814558881 -0.36514290253249687 0
      vertex -0.74824743327998666 -0.43200085702464691 0
    endloop
  endfacet
  facet normal 0 0 1
    outer loop
      vertex -0.68863459076209954 -0.32111558334279994 0
      vertex -0.74824743327998666 -0.43200085702464691 0
      vertex -0.65802706106569298 -0.37991210084033622 0
    endloop
  endfacet
  facet normal 0 0 1
    outer loop
      vertex -0.65802706106569298 -0.37991210084033622 0
      vertex -0.74824743327998666 -0.43200085702464691 0
      vertex -0.70774877033267203 -0.49557102414558918 0
    endloop
  endfacet
  facet normal 0 0 1
    outer loop
      vertex -0.65802706106569298 -0.37991210084033622 0
      vertex -0.70774877033267203 -0.49557102414558918 0
      vertex -0.62241154810697397 -0.43581725785327829 0
    endloop
  endfacet
  facet normal 0 0 1
    outer loop
      vertex -0.62241154810697397 -0.43581725785327829 0
      vertex -0.70774877033267203 -0.49557102414558918 0
      vertex -0.66186371189273385 -0.55536959653881801 0
    endloop
  endfacet
  facet normal 0 0 1
    outer loop
      vertex -0.62241154810697397 -0.43581725785327829 0
      vertex -0.66186371189273385 -0.55536959653881801 0
      vertex -0.58205910744479283 -0.48840558238030196 0
    endloop
  endfacet
  facet normal 0 0 1
    outer loop
      vertex -0.58205910744479283 -0.48840558238030196 0
      vertex -0.66186371189273385 -0.55536959653881801 0
      vertex -0.610941470961056 -0.61094147096105578 0
    endloop
  endfacet
  facet normal 0 0 1
    outer loop
      vertex -0.58205910744479283 -0.48840558238030196 0
      vertex -0.610941470961056 -0.61094147096105578 0
      vertex -0.53727684551805832 -0.53727684551805821 0
    endloop
  endfacet
  facet normal 0 0 1
    outer loop
      vertex -0.53727684551805832 -0.53727684551805821 0
      vertex -0.610941470961056 -0.61094147096105578 0
      vertex -0.55536959653881846 -0.66186371189273341 0
    endloop
  endfacet
  facet normal 0 0 1
    outer loop
      vertex -0.53727684551805832 -0.53727684551805821 0
      vertex -0.55536959653881846 -0.66186371189273341 0
      vertex -0.48840558238030241 -0.58205910744479261 0
    endloop
  endfacet
  facet normal 0 0 1
    outer loop
      vertex -0.48840558238030241 -0.58205910744479261 0
      vertex -0.55536959653881846 -0.66186371189273341 0
      vertex -0.48016541671673241 -0.68574728279049912 0
    endloop
  endfacet
  facet normal 0 0 1
    outer loop
      vertex -0.48840558238030241 -0.58205910744479261 0
      vertex -0.48016541671673241 -0.68574728279049912 0
      vertex -0.45025750253557073 -0.64303435476685877 0
    endloop
  endfacet
  facet normal 0 0 1
    outer loop
      vertex -0.33175533546644942 -0.71145161282377001 0
      vertex -0.35379185911435734 -0.75870909029068101 0
      vertex -0.29550599007276268 -0.81189603503849783 0
    endloop
  endfacet
  facet normal 0 0 1
    outer loop
      vertex -0.33175533546644942 -0.71145161282377001 0
      vertex -0.29550599007276268 -0.81189603503849783 0
      vertex -0.25987518236113522 -0.71400119541387164 0
    endloop
  endfacet
  facet normal 0 0 1
    outer loop
      vertex -0.25987518236113522 -0.71400119541387164 0
      vertex -0.29550599007276268 -0.81189603503849783 0
      vertex -0.22362009859717927 -0.83456156955823524 0
    endloop
  endfacet
  facet normal 0 0 1
    outer loop
      vertex -0.25987518236113522 -0.71400119541387164 0
      vertex -0.22362009859717927 -0.83456156955823524 0
      vertex -0.19665697432477661 -0.73393381984283501 0
    endloop
  endfacet
  facet normal 0 0 1
    outer loop
      vertex -0.19665697432477661 -0.73393381984283501 0
      vertex -0.22362009859717927 -0.83456156955823524 0
      vertex -0.14098660159361795 -0.79957475042757076 0
    endloop
  endfacet
  facet normal -0 0 1
    outer loop
      vertex -0.14098660159361795 -0.79957475042757076 0
      vertex -0.075302711123216015 -0.86071392667808666 0
      vertex -0.066223042655125477 -0.75693284119607895 0
    endloop
  endfacet
  facet normal 0 0 1
    outer loop
      vertex -0.066223042655125477 -0.75693284119607895 0
      vertex -0.075302711123216015 -0.86071392667808666 0
      vertex -1.5871454003524415e-16 -0.86400171404929371 0
    endloop
  endfacet
  facet normal 0 0 1
    outer loop
      vertex -0.066223042655125477 -0.75693284119607895 0
      vertex -1.5871454003524415e-16 -0.86400171404929371 0
      vertex -1.395774414754392e-16 -0.75982420168067233 0
    endloop
  endfacet
  facet normal 0 0 1
    outer loop
      vertex -1.395774414754392e-16 -0.75982420168067233 0
      vertex -1.5871454003524415e-16 -0.86400171404929371 0
      vertex 0.075302711123215724 -0.86071392667808688 -0
    endloop
  endfacet
  facet normal 0 0 1
    outer loop
      vertex -1.395774414754392e-16 -0.75982420168067233 0
      vertex 0.075302711123215724 -0.86071392667808688 -0
      vertex 0.066223042655125186 -0.75693284119607895 -0
    endloop
  endfacet
  facet normal 0 0 1
    outer loop
      vertex 0.066223042655125186 -0.75693284119607895 -0
      vertex 0.075302711123215724 -0.86071392667808688 -0
      vertex 0.15003232314576376 -0.85087558661158125 -0
    endloop
  endfacet
  facet normal -0 0 1
    outer loop
      vertex 0.066223042655125186 -0.75693284119607895 -0
      vertex 0.15003232314576376 -0.85087558661158125 -0
      vertex 0.13194208796907858 -0.74828076474143768 -0
    endloop
  endfacet
  facet normal 0 0 1
    outer loop
      vertex 0.13194208796907858 -0.74828076474143768 -0
      vertex 0.15003232314576376 -0.85087558661158125 -0
      vertex 0.22362009859717899 -0.83456156955823535 -0
    endloop
  endfacet
  facet normal -0 0 1
    outer loop
      vertex 0.13194208796907858 -0.74828076474143768 -0
      vertex 0.22362009859717899 -0.83456156955823535 -0
      vertex 0.19665697432477636 -0.73393381984283512 -0
    endloop
  endfacet
  facet normal 0 0 1
    outer loop
      vertex 0.19665697432477636 -0.73393381984283512 -0
      vertex 0.22362009859717899 -0.83456156955823535 -0
      vertex 0.29550599007276313 -0.81189603503849772 -0
    endloop
  endfacet
  facet normal -0 0 1
    outer loop
      vertex 0.19665697432477636 -0.73393381984283512 -0
      vertex 0.29550599007276313 -0.81189603503849772 -0
      vertex 0.25987518236113555 -0.71400119541387141 -0
    endloop
  endfacet
  facet normal 0 0 1
    outer loop
      vertex 0.25987518236113555 -0.71400119541387141 -0
      vertex 0.29550599007276313 -0.81189603503849772 -0
      vertex 0.3537918591143564 -0.75870909029068145 0
    endloop
  endfacet
  facet normal -0 0 1
    outer loop
      vertex 0.25987518236113555 -0.71400119541387141 -0
      vertex 0.3537918591143564 -0.75870909029068145 0
      vertex 0.33175533546644853 -0.71145161282377034 0
    endloop
  endfacet
  facet normal 0 0 1
    outer loop
      vertex 0.45025750253557112 -0.64303435476685855 0
      vertex 0.4801654167167328 -0.68574728279049879 0
      vertex 0.55536959653881834 -0.66186371189273374 -0
    endloop
  endfacet
  facet normal 0 0 1
    outer loop
      vertex 0.45025750253557112 -0.64303435476685855 0
      vertex 0.55536959653881834 -0.66186371189273374 -0
      vertex 0.48840558238030218 -0.58205910744479272 -0
    endloop
  endfacet
  facet normal 0 0 1
    outer loop
      vertex 0.48840558238030218 -0.58205910744479272 -0
      vertex 0.55536959653881834 -0.66186371189273374 -0
      vertex 0.61094147096105567 -0.61094147096105611 -0
    endloop
  endfacet
  facet normal -0 0 1
    outer loop
      vertex 0.48840558238030218 -0.58205910744479272 -0
      vertex 0.61094147096105567 -0.61094147096105611 -0
      vertex 0.53727684551805821 -0.53727684551805843 -0
    endloop
  endfacet
  facet normal 0 0 1
    outer loop
      vertex 0.53727684551805821 -0.53727684551805843 -0
      vertex 0.61094147096105567 -0.61094147096105611 -0
      vertex 0.66186371189273341 -0.55536959653881857 -0
    endloop
  endfacet
  facet normal -0 0 1
    outer loop
      vertex 0.53727684551805821 -0.53727684551805843 -0
      vertex 0.66186371189273341 -0.55536959653881857 -0
      vertex 0.5820591074447925 -0.48840558238030252 -0
    endloop
  endfacet
  facet normal 0 0 1
    outer loop
      vertex 0.5820591074447925 -0.48840558238030252 -0
      vertex 0.66186371189273341 -0.55536959653881857 -0
      vertex 0.70774877033267181 -0.49557102414558973 -0
    endloop
  endfacet
  facet normal -0 0 1
    outer loop
      vertex 0.5820591074447925 -0.48840558238030252 -0
      vertex 0.70774877033267181 -0.49557102414558973 -0
      vertex 0.62241154810697374 -0.43581725785327891 -0
    endloop
  endfacet
  facet normal -0 0 1
    outer loop
      vertex 0.62241154810697374 -0.43581725785327891 -0
      vertex 0.70774877033267181 -0.49557102414558973 -0
      vertex 0.74824743327998677 -0.43200085702464652 -0
    endloop
  endfacet
  facet normal 0 0 1
    outer loop
      vertex 0.62241154810697374 -0.43581725785327891 -0
      vertex 0.74824743327998677 -0.43200085702464652 -0
      vertex 0.65802706106569298 -0.37991210084033583 -0
    endloop
  endfacet
  facet normal -0 0 1
    outer loop
      vertex 0.65802706106569298 -0.37991210084033583 -0
      vertex 0.74824743327998677 -0.43200085702464652 -0
      vertex 0.78305148145588754 -0.36514290253249782 -0
    endloop
  endfacet
  facet normal 0 0 1
    outer loop
      vertex 0.65802706106569298 -0.37991210084033583 -0
      vertex 0.78305148145588754 -0.36514290253249782 -0
      vertex 0.68863459076209899 -0.32111558334280077 -0
    endloop
  endfacet
  facet normal -0 0 1
    outer loop
      vertex 0.68863459076209899 -0.32111558334280077 -0
      vertex 0.78305148145588754 -0.36514290253249782 -0
      vertex 0.81189603503849783 -0.29550599007276274 -0
    endloop
  endfacet
  facet normal 0 0 1
    outer loop
      vertex 0.68863459076209899 -0.32111558334280077 -0
      vertex 0.81189603503849783 -0.29550599007276274 -0
      vertex 0.71400119541387141 -0.25987518236113522 -0
    endloop
  endfacet
  facet normal -0 0 1
    outer loop
      vertex 0.71400119541387141 -0.25987518236113522 -0
      vertex 0.81189603503849783 -0.29550599007276274 -0
      vertex 0.83456156955823524 -0.22362009859717932 -0
    endloop
  endfacet
  facet normal 0 0 1
    outer loop
      vertex 0.71400119541387141 -0.25987518236113522 -0
      vertex 0.83456156955823524 -0.22362009859717932 -0
      vertex 0.73393381984283501 -0.19665697432477672 -0
    endloop
  endfacet
  facet normal -0 0 1
    outer loop
      vertex 0.73393381984283501 -0.19665697432477672 -0
      vertex 0.83456156955823524 -0.22362009859717932 -0
      vertex 0.85087558661158125 -0.15003232314576415 -0
    endloop
  endfacet
  facet normal 0 0 1
    outer loop
      vertex 0.73393381984283501 -0.19665697432477672 -0
      vertex 0.85087558661158125 -0.15003232314576415 -0
      vertex 0.74828076474143745 -0.13194208796907891 -0
    endloop
  endfacet
  facet normal -0 0 1
    outer loop
      vertex 0.74828076474143745 -0.13194208796907891 -0
      vertex 0.85087558661158125 -0.15003232314576415 -0
      vertex 0.83395727583108981 -0.072961807500182524 0
    endloop
  endfacet
  facet normal 0 0 1
    outer loop
      vertex 0.74828076474143745 -0.13194208796907891 -0
      vertex 0.83395727583108981 -0.072961807500182524 0
      vertex 0.78201283800202015 -0.068417258056911776 0
    endloop
  endfacet
  facet normal -0 0 1
    outer loop
      vertex 0.83395727583108981 0.072961807500182399 0
      vertex 0.88590171366015935 0.077506356943453147 0
      vertex 0.85087558661158125 0.15003232314576409 -0
    endloop
  endfacet
  facet normal 0 -0 1
    outer loop
      vertex 0.81189603503849772 0.29550599007276285 -0
      vertex 0.83026830607260926 0.38716046944503607 -0
      vertex 0.73583988388991706 0.34312777303375325 -0
    endloop
  endfacet
  facet normal 0 0 1
    outer loop
      vertex 0.73583988388991706 0.34312777303375325 -0
      vertex 0.83026830607260926 0.38716046944503607 -0
      vertex 0.74824743327998677 0.4320008570246468 -0
    endloop
  endfacet
  facet normal 0 0 1
    outer loop
      vertex 0.7077487703326717 0.49557102414558929 -0
      vertex 0.70177309658160236 0.58885754651176014 -0
      vertex 0.62195874529806972 0.52188535378709411 -0
    endloop
  endfacet
  facet normal 0 -0 1
    outer loop
      vertex 0.62195874529806972 0.52188535378709411 -0
      vertex 0.70177309658160236 0.58885754651176014 -0
      vertex 0.610941470961056 0.610941470961056 -0
    endloop
  endfacet
  facet normal 0 0 1
    outer loop
      vertex 0.55536959653881834 0.66186371189273363 -0
      vertex 0.51007333089789464 0.72846021081413903 0
      vertex 0.48016541671673291 0.68574728279049868 0
    endloop
  endfacet
  facet normal -0 0 1
    outer loop
      vertex 0.35379185911435695 0.75870909029068112 0
      vertex 0.37582838276226482 0.80596656775759223 0
      vertex 0.31332455607625798 0.86085214278016209 -0
    endloop
  endfacet
  facet normal 0 0 1
    outer loop
      vertex 0.35379185911435695 0.75870909029068112 0
      vertex 0.31332455607625798 0.86085214278016209 -0
      vertex 0.2776893966404767 0.76294534689168758 -0
    endloop
  endfacet
  facet normal 0 -0 1
    outer loop
      vertex 0.2776893966404767 0.76294534689168758 -0
      vertex 0.31332455607625798 0.86085214278016209 -0
      vertex 0.22362009859717957 0.83456156955823524 -0
    endloop
  endfacet
  facet normal 0 0 1
    outer loop
      vertex 0.15003232314576415 0.85087558661158103 -0
      vertex 0.079843351155794481 0.91261367973847163 -0
      vertex 0.070762573753747102 0.80881991908333661 -0
    endloop
  endfacet
  facet normal 0 -0 1
    outer loop
      vertex 0.070762573753747102 0.80881991908333661 -0
      vertex 0.079843351155794481 0.91261367973847163 -0
      vertex 5.2904846678414719e-17 0.86400171404929371 -0
    endloop
  endfacet
  facet normal 0 0 1
    outer loop
      vertex -0.075302711123215807 0.86071392667808677 -0
      vertex -0.15907904619855978 0.90218210258801801 -0
      vertex -0.14098660159361792 0.79957475042757076 -0
    endloop
  endfacet
  facet normal 0 0 1
    outer loop
      vertex -0.14098660159361792 0.79957475042757076 -0
      vertex -0.15907904619855978 0.90218210258801801 -0
      vertex -0.22362009859717943 0.83456156955823524 -0
    endloop
  endfacet
  facet normal 0 0 1
    outer loop
      vertex -0.29550599007276268 0.81189603503849783 -0
      vertex -0.37582838276226477 0.80596656775759234 0
      vertex -0.35379185911435684 0.75870909029068123 0
    endloop
  endfacet
  facet normal 0 -0 1
    outer loop
      vertex -0.48016541671673291 0.68574728279049868 0
      vertex -0.51007333089789464 0.72846021081413903 0
      vertex -0.55536959653881823 0.66186371189273363 -0
    endloop
  endfacet
  facet normal 0 0 1
    outer loop
      vertex -0.70774877033267181 0.49557102414558918 -0
      vertex -0.79336562622613394 0.45804985786745483 -0
      vertex -0.70313423505947426 0.40595473988802949 -0
    endloop
  endfacet
  facet normal 0 0 1
    outer loop
      vertex -0.70313423505947426 0.40595473988802949 -0
      vertex -0.79336562622613394 0.45804985786745483 -0
      vertex -0.78305148145588777 0.36514290253249737 -0
    endloop
  endfacet
  facet normal 0 0 1
    outer loop
      vertex -0.81189603503849761 0.29550599007276296 -0
      vertex -0.8848843748844224 0.23710405364519965 -0
      vertex -0.78424433512461666 0.21013763626532367 -0
    endloop
  endfacet
  facet normal 0 0 1
    outer loop
      vertex -0.78424433512461666 0.21013763626532367 -0
      vertex -0.8848843748844224 0.23710405364519965 -0
      vertex -0.85087558661158125 0.15003232314576401 -0
    endloop
  endfacet
  facet normal 0 0 1
    outer loop
      vertex -0.85087558661158125 0.15003232314576401 -0
      vertex -0.88590171366015935 0.077506356943453175 0
      vertex -0.83395727583108981 0.072961807500182427 0
    endloop
  endfacet
  facet normal 0 0 1
    outer loop
      vertex -0.83395727583108981 -0.072961807500182219 0
      vertex -0.88590171366015935 -0.077506356943452953 0
      vertex -0.85087558661158125 -0.15003232314576384 0
    endloop
  endfacet
  facet normal 0 0 1
    outer loop
      vertex -0.55536959653881846 -0.66186371189273341 0
      vertex -0.51007333089789408 -0.72846021081413936 0
      vertex -0.48016541671673241 -0.68574728279049912 0
    endloop
  endfacet
  facet normal 0 0 1
    outer loop
      vertex -0.35379185911435734 -0.75870909029068101 0
      vertex -0.37582838276226527 -0.80596656775759201 0
      vertex -0.29550599007276268 -0.81189603503849783 0
    endloop
  endfacet
  facet normal -0 0 1
    outer loop
      vertex -0.22362009859717927 -0.83456156955823524 0
      vertex -0.15907904619855984 -0.90218210258801812 0
      vertex -0.14098660159361795 -0.79957475042757076 0
    endloop
  endfacet
  facet normal 0 0 1
    outer loop
      vertex -0.14098660159361795 -0.79957475042757076 0
      vertex -0.15907904619855984 -0.90218210258801812 0
      vertex -0.075302711123216015 -0.86071392667808666 0
    endloop
  endfacet
  facet normal 0 0 1
    outer loop
      vertex 0.29550599007276313 -0.81189603503849772 -0
      vertex 0.37582838276226427 -0.80596656775759257 0
      vertex 0.3537918591143564 -0.75870909029068145 0
    endloop
  endfacet
  facet normal 0 0 1
    outer loop
      vertex 0.4801654167167328 -0.68574728279049879 0
      vertex 0.51007333089789453 -0.72846021081413914 0
      vertex 0.55536959653881834 -0.66186371189273374 -0
    endloop
  endfacet
  facet normal 0 -0 1
    outer loop
      vertex 0.85087558661158125 -0.15003232314576415 -0
      vertex 0.88590171366015935 -0.077506356943453286 0
      vertex 0.83395727583108981 -0.072961807500182524 0
    endloop
  endfacet
  facet normal 0 0 1
    outer loop
      vertex 0.88928571428571423 0 0
      vertex 0.96820255233876495 0 -0
      vertex 0.96451824931877328 0.084384412579263435 -0
    endloop
  endfacet
  facet normal 0 0 1
    outer loop
      vertex 0.88928571428571423 0 0
      vertex 0.96451824931877328 0.084384412579263435 -0
      vertex 0.88590171366015935 0.077506356943453147 0
    endloop
  endfacet
  facet normal 0 0 1
    outer loop
      vertex 0.88590171366015935 0.077506356943453147 0
      vertex 0.96451824931877328 0.084384412579263435 -0
      vertex 0.95349338002942385 0.16812660882609728 -0
    endloop
  endfacet
  facet normal 0 0 1
    outer loop
      vertex 0.88590171366015935 0.077506356943453147 0
      vertex 0.95349338002942385 0.16812660882609728 -0
      vertex 0.85087558661158125 0.15003232314576409 -0
    endloop
  endfacet
  facet normal 0 0 1
    outer loop
      vertex 0.85087558661158125 0.15003232314576409 -0
      vertex 0.95349338002942385 0.16812660882609728 -0
      vertex 0.93521185038300647 0.25058926006214244 -0
    endloop
  endfacet
  facet normal 0 -0 1
    outer loop
      vertex 0.85087558661158125 0.15003232314576409 -0
      vertex 0.93521185038300647 0.25058926006214244 -0
      vertex 0.83456156955823524 0.22362009859717935 -0
    endloop
  endfacet
  facet normal 0 0 1
    outer loop
      vertex 0.83456156955823524 0.22362009859717935 -0
      vertex 0.93521185038300647 0.25058926006214244 -0
      vertex 0.90981279385881964 0.33114477571918266 -0
    endloop
  endfacet
  facet normal 0 -0 1
    outer loop
      vertex 0.83456156955823524 0.22362009859717935 -0
      vertex 0.90981279385881964 0.33114477571918266 -0
      vertex 0.81189603503849772 0.29550599007276285 -0
    endloop
  endfacet
  facet normal 0 0 1
    outer loop
      vertex 0.81189603503849772 0.29550599007276285 -0
      vertex 0.90981279385881964 0.33114477571918266 -0
      vertex 0.83026830607260926 0.38716046944503607 -0
    endloop
  endfacet
  facet normal 0 -0 1
    outer loop
      vertex 0.83026830607260926 0.38716046944503607 -0
      vertex 0.83848800633430309 0.48410127616938253 -0
      vertex 0.74824743327998677 0.4320008570246468 -0
    endloop
  endfacet
  facet normal 0 0 1
    outer loop
      vertex 0.74824743327998677 0.4320008570246468 -0
      vertex 0.83848800633430309 0.48410127616938253 -0
      vertex 0.79310510003411894 0.55533816963645599 -0
    endloop
  endfacet
  facet normal 0 -0 1
    outer loop
      vertex 0.74824743327998677 0.4320008570246468 -0
      vertex 0.79310510003411894 0.55533816963645599 -0
      vertex 0.7077487703326717 0.49557102414558929 -0
    endloop
  endfacet
  facet normal 0 -0 1
    outer loop
      vertex 0.7077487703326717 0.49557102414558929 -0
      vertex 0.79310510003411894 0.55533816963645599 -0
      vertex 0.70177309658160236 0.58885754651176014 -0
    endloop
  endfacet
  facet normal 0 0 1
    outer loop
      vertex 0.70177309658160236 0.58885754651176014 -0
      vertex 0.68462259032086392 0.68462259032086392 -0
      vertex 0.610941470961056 0.610941470961056 -0
    endloop
  endfacet
  facet normal 0 0 1
    outer loop
      vertex 0.610941470961056 0.610941470961056 -0
      vertex 0.68462259032086392 0.68462259032086392 -0
      vertex 0.6223486043102413 0.74168618503272243 -0
    endloop
  endfacet
  facet normal 0 -0 1
    outer loop
      vertex 0.610941470961056 0.610941470961056 -0
      vertex 0.6223486043102413 0.74168618503272243 -0
      vertex 0.55536959653881834 0.66186371189273363 -0
    endloop
  endfacet
  facet normal 0 -0 1
    outer loop
      vertex 0.55536959653881834 0.66186371189273363 -0
      vertex 0.6223486043102413 0.74168618503272243 -0
      vertex 0.55533816963645599 0.79310510003411883 -0
    endloop
  endfacet
  facet normal 0 0 1
    outer loop
      vertex 0.55536959653881834 0.66186371189273363 -0
      vertex 0.55533816963645599 0.79310510003411883 -0
      vertex 0.51007333089789464 0.72846021081413903 0
    endloop
  endfacet
  facet normal 0 0 1
    outer loop
      vertex 0.51007333089789464 0.72846021081413903 0
      vertex 0.55533816963645599 0.79310510003411883 -0
      vertex 0.48410127616938264 0.83848800633430298 -0
    endloop
  endfacet
  facet normal 0 0 1
    outer loop
      vertex 0.51007333089789464 0.72846021081413903 0
      vertex 0.48410127616938264 0.83848800633430298 -0
      vertex 0.44464285714285723 0.77014401979401859 0
    endloop
  endfacet
  facet normal 0 0 1
    outer loop
      vertex 0.44464285714285723 0.77014401979401859 0
      vertex 0.48410127616938264 0.83848800633430298 -0
      vertex 0.4091800796823174 0.87748951261338215 -0
    endloop
  endfacet
  facet normal 0 0 1
    outer loop
      vertex 0.44464285714285723 0.77014401979401859 0
      vertex 0.4091800796823174 0.87748951261338215 -0
      vertex 0.37582838276226482 0.80596656775759223 0
    endloop
  endfacet
  facet normal 0 0 1
    outer loop
      vertex 0.37582838276226482 0.80596656775759223 0
      vertex 0.4091800796823174 0.87748951261338215 -0
      vertex 0.31332455607625798 0.86085214278016209 -0
    endloop
  endfacet
  facet normal 0 0 1
    outer loop
      vertex 0.31332455607625798 0.86085214278016209 -0
      vertex 0.25058926006214272 0.93521185038300625 -0
      vertex 0.22362009859717957 0.83456156955823524 -0
    endloop
  endfacet
  facet normal 0 -0 1
    outer loop
      vertex 0.22362009859717957 0.83456156955823524 -0
      vertex 0.25058926006214272 0.93521185038300625 -0
      vertex 0.16812660882609734 0.95349338002942374 -0
    endloop
  endfacet
  facet normal 0 0 1
    outer loop
      vertex 0.22362009859717957 0.83456156955823524 -0
      vertex 0.16812660882609734 0.95349338002942374 -0
      vertex 0.15003232314576415 0.85087558661158103 -0
    endloop
  endfacet
  facet normal 0 -0 1
    outer loop
      vertex 0.15003232314576415 0.85087558661158103 -0
      vertex 0.16812660882609734 0.95349338002942374 -0
      vertex 0.079843351155794481 0.91261367973847163 -0
    endloop
  endfacet
  facet normal 0 0 1
    outer loop
      vertex 0.079843351155794481 0.91261367973847163 -0
      vertex 5.9285307832398306e-17 0.96820255233876507 -0
      vertex 5.2904846678414719e-17 0.86400171404929371 -0
    endloop
  endfacet
  facet normal 0 -0 1
    outer loop
      vertex 5.2904846678414719e-17 0.86400171404929371 -0
      vertex 5.9285307832398306e-17 0.96820255233876507 -0
      vertex -0.084384412579263296 0.9645182493187735 -0
    endloop
  endfacet
  facet normal 0 0 1
    outer loop
      vertex 5.2904846678414719e-17 0.86400171404929371 -0
      vertex -0.084384412579263296 0.9645182493187735 -0
      vertex -0.075302711123215807 0.86071392667808677 -0
    endloop
  endfacet
  facet normal 0 0 1
    outer loop
      vertex -0.075302711123215807 0.86071392667808677 -0
      vertex -0.084384412579263296 0.9645182493187735 -0
      vertex -0.15907904619855978 0.90218210258801801 -0
    endloop
  endfacet
  facet normal 0 0 1
    outer loop
      vertex -0.15907904619855978 0.90218210258801801 -0
      vertex -0.25058926006214255 0.93521185038300647 -0
      vertex -0.22362009859717943 0.83456156955823524 -0
    endloop
  endfacet
  facet normal 0 0 1
    outer loop
      vertex -0.22362009859717943 0.83456156955823524 -0
      vertex -0.25058926006214255 0.93521185038300647 -0
      vertex -0.33114477571918238 0.90981279385881975 -0
    endloop
  endfacet
  facet normal 0 0 1
    outer loop
      vertex -0.22362009859717943 0.83456156955823524 -0
      vertex -0.33114477571918238 0.90981279385881975 -0
      vertex -0.29550599007276268 0.81189603503849783 -0
    endloop
  endfacet
  facet normal 0 0 1
    outer loop
      vertex -0.29550599007276268 0.81189603503849783 -0
      vertex -0.33114477571918238 0.90981279385881975 -0
      vertex -0.40918007968231729 0.87748951261338237 -0
    endloop
  endfacet
  facet normal 0 0 1
    outer loop
      vertex -0.29550599007276268 0.81189603503849783 -0
      vertex -0.40918007968231729 0.87748951261338237 -0
      vertex -0.37582838276226477 0.80596656775759234 0
    endloop
  endfacet
  facet normal 0 0 1
    outer loop
      vertex -0.37582838276226477 0.80596656775759234 0
      vertex -0.40918007968231729 0.87748951261338237 -0
      vertex -0.4841012761693822 0.83848800633430309 -0
    endloop
  endfacet
  facet normal 0 0 1
    outer loop
      vertex -0.37582838276226477 0.80596656775759234 0
      vertex -0.4841012761693822 0.83848800633430309 -0
      vertex -0.4446428571428569 0.7701440197940187 0
    endloop
  endfacet
  facet normal 0 0 1
    outer loop
      vertex -0.4446428571428569 0.7701440197940187 0
      vertex -0.4841012761693822 0.83848800633430309 -0
      vertex -0.55533816963645599 0.79310510003411872 -0
    endloop
  endfacet
  facet normal 0 0 1
    outer loop
      vertex -0.4446428571428569 0.7701440197940187 0
      vertex -0.55533816963645599 0.79310510003411872 -0
      vertex -0.51007333089789464 0.72846021081413903 0
    endloop
  endfacet
  facet normal 0 0 1
    outer loop
      vertex -0.51007333089789464 0.72846021081413903 0
      vertex -0.55533816963645599 0.79310510003411872 -0
      vertex -0.6223486043102413 0.74168618503272254 -0
    endloop
  endfacet
  facet normal -0 0 1
    outer loop
      vertex -0.51007333089789464 0.72846021081413903 0
      vertex -0.6223486043102413 0.74168618503272254 -0
      vertex -0.55536959653881823 0.66186371189273363 -0
    endloop
  endfacet
  facet normal 0 0 1
    outer loop
      vertex -0.55536959653881823 0.66186371189273363 -0
      vertex -0.6223486043102413 0.74168618503272254 -0
      vertex -0.68462259032086381 0.68462259032086392 -0
    endloop
  endfacet
  facet normal 0 0 1
    outer loop
      vertex -0.55536959653881823 0.66186371189273363 -0
      vertex -0.68462259032086381 0.68462259032086392 -0
      vertex -0.61094147096105589 0.610941470961056 -0
    endloop
  endfacet
  facet normal 0 0 1
    outer loop
      vertex -0.61094147096105589 0.610941470961056 -0
      vertex -0.68462259032086381 0.68462259032086392 -0
      vertex -0.74168618503272232 0.6223486043102413 -0
    endloop
  endfacet
  facet normal 0 0 1
    outer loop
      vertex -0.61094147096105589 0.610941470961056 -0
      vertex -0.74168618503272232 0.6223486043102413 -0
      vertex -0.66186371189273352 0.55536959653881834 -0
    endloop
  endfacet
  facet normal 0 0 1
    outer loop
      vertex -0.66186371189273352 0.55536959653881834 -0
      vertex -0.74168618503272232 0.6223486043102413 -0
      vertex -0.79310510003411894 0.55533816963645577 -0
    endloop
  endfacet
  facet normal 0 0 1
    outer loop
      vertex -0.66186371189273352 0.55536959653881834 -0
      vertex -0.79310510003411894 0.55533816963645577 -0
      vertex -0.70774877033267181 0.49557102414558918 -0
    endloop
  endfacet
  facet normal 0 0 1
    outer loop
      vertex -0.70774877033267181 0.49557102414558918 -0
      vertex -0.79310510003411894 0.55533816963645577 -0
      vertex -0.79336562622613394 0.45804985786745483 -0
    endloop
  endfacet
  facet normal 0 0 1
    outer loop
      vertex -0.79336562622613394 0.45804985786745483 -0
      vertex -0.87748951261338226 0.40918007968231745 -0
      vertex -0.78305148145588777 0.36514290253249737 -0
    endloop
  endfacet
  facet normal 0 0 1
    outer loop
      vertex -0.78305148145588777 0.36514290253249737 -0
      vertex -0.87748951261338226 0.40918007968231745 -0
      vertex -0.90981279385881952 0.33114477571918283 -0
    endloop
  endfacet
  facet normal 0 0 1
    outer loop
      vertex -0.78305148145588777 0.36514290253249737 -0
      vertex -0.90981279385881952 0.33114477571918283 -0
      vertex -0.81189603503849761 0.29550599007276296 -0
    endloop
  endfacet
  facet normal 0 0 1
    outer loop
      vertex -0.81189603503849761 0.29550599007276296 -0
      vertex -0.90981279385881952 0.33114477571918283 -0
      vertex -0.8848843748844224 0.23710405364519965 -0
    endloop
  endfacet
  facet normal 0 0 1
    outer loop
      vertex -0.8848843748844224 0.23710405364519965 -0
      vertex -0.95349338002942396 0.1681266088260972 -0
      vertex -0.85087558661158125 0.15003232314576401 -0
    endloop
  endfacet
  facet normal 0 0 1
    outer loop
      vertex -0.85087558661158125 0.15003232314576401 -0
      vertex -0.95349338002942396 0.1681266088260972 -0
      vertex -0.9645182493187735 0.084384412579263476 -0
    endloop
  endfacet
  facet normal 0 0 1
    outer loop
      vertex -0.85087558661158125 0.15003232314576401 -0
      vertex -0.9645182493187735 0.084384412579263476 -0
      vertex -0.88590171366015935 0.077506356943453175 0
    endloop
  endfacet
  facet normal -0 0 1
    outer loop
      vertex -0.88590171366015935 0.077506356943453175 0
      vertex -0.9645182493187735 0.084384412579263476 -0
      vertex -0.96820255233876507 1.1857061566479661e-16 -0
    endloop
  endfacet
  facet normal -0 0 1
    outer loop
      vertex -0.88590171366015935 0.077506356943453175 0
      vertex -0.96820255233876507 1.1857061566479661e-16 -0
      vertex -0.88928571428571423 1.0890609035274676e-16 0
    endloop
  endfacet
  facet normal 0 0 1
    outer loop
      vertex -0.88928571428571423 1.0890609035274676e-16 0
      vertex -0.96820255233876507 1.1857061566479661e-16 -0
      vertex -0.9645182493187735 -0.084384412579263227 0
    endloop
  endfacet
  facet normal 0 0 1
    outer loop
      vertex -0.88928571428571423 1.0890609035274676e-16 0
      vertex -0.9645182493187735 -0.084384412579263227 0
      vertex -0.88590171366015935 -0.077506356943452953 0
    endloop
  endfacet
  facet normal 0 0 1
    outer loop
      vertex -0.88590171366015935 -0.077506356943452953 0
      vertex -0.9645182493187735 -0.084384412579263227 0
      vertex -0.95349338002942396 -0.16812660882609698 0
    endloop
  endfacet
  facet normal 0 0 1
    outer loop
      vertex -0.88590171366015935 -0.077506356943452953 0
      vertex -0.95349338002942396 -0.16812660882609698 0
      vertex -0.85087558661158125 -0.15003232314576384 0
    endloop
  endfacet
  facet normal 0 0 1
    outer loop
      vertex -0.85087558661158125 -0.15003232314576384 0
      vertex -0.95349338002942396 -0.16812660882609698 0
      vertex -0.93521185038300636 -0.25058926006214211 0
    endloop
  endfacet
  facet normal 0 0 1
    outer loop
      vertex -0.85087558661158125 -0.15003232314576384 0
      vertex -0.93521185038300636 -0.25058926006214211 0
      vertex -0.83456156955823546 -0.22362009859717905 0
    endloop
  endfacet
  facet normal 0 0 1
    outer loop
      vertex -0.83456156955823546 -0.22362009859717905 0
      vertex -0.93521185038300636 -0.25058926006214211 0
      vertex -0.90981279385881975 -0.3311447757191826 0
    endloop
  endfacet
  facet normal 0 0 1
    outer loop
      vertex -0.83456156955823546 -0.22362009859717905 0
      vertex -0.90981279385881975 -0.3311447757191826 0
      vertex -0.81189603503849772 -0.29550599007276274 0
    endloop
  endfacet
  facet normal 0 0 1
    outer loop
      vertex -0.81189603503849772 -0.29550599007276274 0
      vertex -0.90981279385881975 -0.3311447757191826 0
      vertex -0.87748951261338271 -0.4091800796823169 0
    endloop
  endfacet
  facet normal 0 0 1
    outer loop
      vertex -0.81189603503849772 -0.29550599007276274 0
      vertex -0.87748951261338271 -0.4091800796823169 0
      vertex -0.7830514814558881 -0.36514290253249687 0
    endloop
  endfacet
  facet normal 0 0 1
    outer loop
      vertex -0.7830514814558881 -0.36514290253249687 0
      vertex -0.87748951261338271 -0.4091800796823169 0
      vertex -0.83848800633430287 -0.48410127616938259 0
    endloop
  endfacet
  facet normal 0 0 1
    outer loop
      vertex -0.7830514814558881 -0.36514290253249687 0
      vertex -0.83848800633430287 -0.48410127616938259 0
      vertex -0.74824743327998666 -0.43200085702464691 0
    endloop
  endfacet
  facet normal 0 0 1
    outer loop
      vertex -0.74824743327998666 -0.43200085702464691 0
      vertex -0.83848800633430287 -0.48410127616938259 0
      vertex -0.79310510003411905 -0.55533816963645566 0
    endloop
  endfacet
  facet normal 0 0 1
    outer loop
      vertex -0.74824743327998666 -0.43200085702464691 0
      vertex -0.79310510003411905 -0.55533816963645566 0
      vertex -0.70774877033267203 -0.49557102414558918 0
    endloop
  endfacet
  facet normal 0 0 1
    outer loop
      vertex -0.70774877033267203 -0.49557102414558918 0
      vertex -0.79310510003411905 -0.55533816963645566 0
      vertex -0.74168618503272277 -0.62234860431024086 0
    endloop
  endfacet
  facet normal 0 0 1
    outer loop
      vertex -0.70774877033267203 -0.49557102414558918 0
      vertex -0.74168618503272277 -0.62234860431024086 0
      vertex -0.66186371189273385 -0.55536959653881801 0
    endloop
  endfacet
  facet normal 0 0 1
    outer loop
      vertex -0.66186371189273385 -0.55536959653881801 0
      vertex -0.74168618503272277 -0.62234860431024086 0
      vertex -0.68462259032086403 -0.68462259032086381 0
    endloop
  endfacet
  facet normal 0 0 1
    outer loop
      vertex -0.66186371189273385 -0.55536959653881801 0
      vertex -0.68462259032086403 -0.68462259032086381 0
      vertex -0.610941470961056 -0.61094147096105578 0
    endloop
  endfacet
  facet normal 0 0 1
    outer loop
      vertex -0.610941470961056 -0.61094147096105578 0
      vertex -0.68462259032086403 -0.68462259032086381 0
      vertex -0.62234860431024119 -0.74168618503272221 0
    endloop
  endfacet
  facet normal 0 0 1
    outer loop
      vertex -0.610941470961056 -0.61094147096105578 0
      vertex -0.62234860431024119 -0.74168618503272221 0
      vertex -0.55536959653881846 -0.66186371189273341 0
    endloop
  endfacet
  facet normal 0 0 1
    outer loop
      vertex -0.55536959653881846 -0.66186371189273341 0
      vertex -0.62234860431024119 -0.74168618503272221 0
      vertex -0.55533816963645555 -0.79310510003411927 0
    endloop
  endfacet
  facet normal 0 0 1
    outer loop
      vertex -0.55536959653881846 -0.66186371189273341 0
      vertex -0.55533816963645555 -0.79310510003411927 0
      vertex -0.51007333089789408 -0.72846021081413936 0
    endloop
  endfacet
  facet normal 0 0 1
    outer loop
      vertex -0.51007333089789408 -0.72846021081413936 0
      vertex -0.55533816963645555 -0.79310510003411927 0
      vertex -0.48410127616938287 -0.83848800633430298 0
    endloop
  endfacet
  facet normal 0 0 1
    outer loop
      vertex -0.51007333089789408 -0.72846021081413936 0
      vertex -0.48410127616938287 -0.83848800633430298 0
      vertex -0.44464285714285751 -0.77014401979401848 0
    endloop
  endfacet
  facet normal 0 0 1
    outer loop
      vertex -0.44464285714285751 -0.77014401979401848 0
      vertex -0.48410127616938287 -0.83848800633430298 0
      vertex -0.4091800796823179 -0.87748951261338226 0
    endloop
  endfacet
  facet normal 0 0 1
    outer loop
      vertex -0.44464285714285751 -0.77014401979401848 0
      vertex -0.4091800796823179 -0.87748951261338226 0
      vertex -0.37582838276226527 -0.80596656775759201 0
    endloop
  endfacet
  facet normal 0 0 1
    outer loop
      vertex -0.37582838276226527 -0.80596656775759201 0
      vertex -0.4091800796823179 -0.87748951261338226 0
      vertex -0.33114477571918249 -0.90981279385881975 0
    endloop
  endfacet
  facet normal 0 0 1
    outer loop
      vertex -0.37582838276226527 -0.80596656775759201 0
      vertex -0.33114477571918249 -0.90981279385881975 0
      vertex -0.29550599007276268 -0.81189603503849783 0
    endloop
  endfacet
  facet normal 0 0 1
    outer loop
      vertex -0.29550599007276268 -0.81189603503849783 0
      vertex -0.33114477571918249 -0.90981279385881975 0
      vertex -0.25058926006214238 -0.93521185038300647 0
    endloop
  endfacet
  facet normal 0 0 1
    outer loop
      vertex -0.29550599007276268 -0.81189603503849783 0
      vertex -0.25058926006214238 -0.93521185038300647 0
      vertex -0.22362009859717927 -0.83456156955823524 0
    endloop
  endfacet
  facet normal 0 0 1
    outer loop
      vertex -0.22362009859717927 -0.83456156955823524 0
      vertex -0.25058926006214238 -0.93521185038300647 0
      vertex -0.15907904619855984 -0.90218210258801812 0
    endloop
  endfacet
  facet normal -0 0 1
    outer loop
      vertex -0.15907904619855984 -0.90218210258801812 0
      vertex -0.084384412579263518 -0.9645182493187735 0
      vertex -0.075302711123216015 -0.86071392667808666 0
    endloop
  endfacet
  facet normal 0 0 1
    outer loop
      vertex -0.075302711123216015 -0.86071392667808666 0
      vertex -0.084384412579263518 -0.9645182493187735 0
      vertex -1.7785592349719494e-16 -0.96820255233876507 0
    endloop
  endfacet
  facet normal 0 0 1
    outer loop
      vertex -0.075302711123216015 -0.86071392667808666 0
      vertex -1.7785592349719494e-16 -0.96820255233876507 0
      vertex -1.5871454003524415e-16 -0.86400171404929371 0
    endloop
  endfacet
  facet normal 0 0 1
    outer loop
      vertex -1.5871454003524415e-16 -0.86400171404929371 0
      vertex -1.7785592349719494e-16 -0.96820255233876507 0
      vertex 0.084384412579263171 -0.9645182493187735 -0
    endloop
  endfacet
  facet normal 0 0 1
    outer loop
      vertex -1.5871454003524415e-16 -0.86400171404929371 0
      vertex 0.084384412579263171 -0.9645182493187735 -0
      vertex 0.075302711123215724 -0.86071392667808688 -0
    endloop
  endfacet
  facet normal 0 0 1
    outer loop
      vertex 0.075302711123215724 -0.86071392667808688 -0
      vertex 0.084384412579263171 -0.9645182493187735 -0
      vertex 0.1681266088260969 -0.95349338002942396 -0
    endloop
  endfacet
  facet normal -0 0 1
    outer loop
      vertex 0.075302711123215724 -0.86071392667808688 -0
      vertex 0.1681266088260969 -0.95349338002942396 -0
      vertex 0.15003232314576376 -0.85087558661158125 -0
    endloop
  endfacet
  facet normal 0 0 1
    outer loop
      vertex 0.15003232314576376 -0.85087558661158125 -0
      vertex 0.1681266088260969 -0.95349338002942396 -0
      vertex 0.25058926006214205 -0.93521185038300658 -0
    endloop
  endfacet
  facet normal -0 0 1
    outer loop
      vertex 0.15003232314576376 -0.85087558661158125 -0
      vertex 0.25058926006214205 -0.93521185038300658 -0
      vertex 0.22362009859717899 -0.83456156955823535 -0
    endloop
  endfacet
  facet normal 0 0 1
    outer loop
      vertex 0.22362009859717899 -0.83456156955823535 -0
      vertex 0.25058926006214205 -0.93521185038300658 -0
      vertex 0.33114477571918299 -0.90981279385881952 -0
    endloop
  endfacet
  facet normal -0 0 1
    outer loop
      vertex 0.22362009859717899 -0.83456156955823535 -0
      vertex 0.33114477571918299 -0.90981279385881952 -0
      vertex 0.29550599007276313 -0.81189603503849772 -0
    endloop
  endfacet
  facet normal 0 0 1
    outer loop
      vertex 0.29550599007276313 -0.81189603503849772 -0
      vertex 0.33114477571918299 -0.90981279385881952 -0
      vertex 0.40918007968231684 -0.87748951261338271 -0
    endloop
  endfacet
  facet normal -0 0 1
    outer loop
      vertex 0.29550599007276313 -0.81189603503849772 -0
      vertex 0.40918007968231684 -0.87748951261338271 -0
      vertex 0.37582838276226427 -0.80596656775759257 0
    endloop
  endfacet
  facet normal 0 0 1
    outer loop
      vertex 0.37582838276226427 -0.80596656775759257 0
      vertex 0.40918007968231684 -0.87748951261338271 -0
      vertex 0.48410127616938176 -0.83848800633430343 -0
    endloop
  endfacet
  facet normal 0 -0 1
    outer loop
      vertex 0.37582838276226427 -0.80596656775759257 0
      vertex 0.48410127616938176 -0.83848800633430343 -0
      vertex 0.44464285714285651 -0.77014401979401892 0
    endloop
  endfacet
  facet normal 0 0 1
    outer loop
      vertex 0.44464285714285651 -0.77014401979401892 0
      vertex 0.48410127616938176 -0.83848800633430343 -0
      vertex 0.55533816963645599 -0.79310510003411905 -0
    endloop
  endfacet
  facet normal 0 -0 1
    outer loop
      vertex 0.44464285714285651 -0.77014401979401892 0
      vertex 0.55533816963645599 -0.79310510003411905 -0
      vertex 0.51007333089789453 -0.72846021081413914 0
    endloop
  endfacet
  facet normal 0 0 1
    outer loop
      vertex 0.51007333089789453 -0.72846021081413914 0
      vertex 0.55533816963645599 -0.79310510003411905 -0
      vertex 0.62234860431024108 -0.74168618503272254 -0
    endloop
  endfacet
  facet normal 0 0 1
    outer loop
      vertex 0.51007333089789453 -0.72846021081413914 0
      vertex 0.62234860431024108 -0.74168618503272254 -0
      vertex 0.55536959653881834 -0.66186371189273374 -0
    endloop
  endfacet
  facet normal 0 0 1
    outer loop
      vertex 0.55536959653881834 -0.66186371189273374 -0
      vertex 0.62234860431024108 -0.74168618503272254 -0
      vertex 0.6846225903208637 -0.68462259032086403 -0
    endloop
  endfacet
  facet normal -0 0 1
    outer loop
      vertex 0.55536959653881834 -0.66186371189273374 -0
      vertex 0.6846225903208637 -0.68462259032086403 -0
      vertex 0.61094147096105567 -0.61094147096105611 -0
    endloop
  endfacet
  facet normal 0 0 1
    outer loop
      vertex 0.61094147096105567 -0.61094147096105611 -0
      vertex 0.6846225903208637 -0.68462259032086403 -0
      vertex 0.74168618503272221 -0.62234860431024142 -0
    endloop
  endfacet
  facet normal -0 0 1
    outer loop
      vertex 0.61094147096105567 -0.61094147096105611 -0
      vertex 0.74168618503272221 -0.62234860431024142 -0
      vertex 0.66186371189273341 -0.55536959653881857 -0
    endloop
  endfacet
  facet normal -0 0 1
    outer loop
      vertex 0.66186371189273341 -0.55536959653881857 -0
      vertex 0.74168618503272221 -0.62234860431024142 -0
      vertex 0.7931051000341186 -0.55533816963645632 -0
    endloop
  endfacet
  facet normal 0 0 1
    outer loop
      vertex 0.66186371189273341 -0.55536959653881857 -0
      vertex 0.7931051000341186 -0.55533816963645632 -0
      vertex 0.70774877033267181 -0.49557102414558973 -0
    endloop
  endfacet
  facet normal -0 0 1
    outer loop
      vertex 0.70774877033267181 -0.49557102414558973 -0
      vertex 0.7931051000341186 -0.55533816963645632 -0
      vertex 0.83848800633430332 -0.48410127616938214 -0
    endloop
  endfacet
  facet normal 0 0 1
    outer loop
      vertex 0.70774877033267181 -0.49557102414558973 -0
      vertex 0.83848800633430332 -0.48410127616938214 -0
      vertex 0.74824743327998677 -0.43200085702464652 -0
    endloop
  endfacet
  facet normal -0 0 1
    outer loop
      vertex 0.74824743327998677 -0.43200085702464652 -0
      vertex 0.83848800633430332 -0.48410127616938214 -0
      vertex 0.87748951261338226 -0.40918007968231801 -0
    endloop
  endfacet
  facet normal 0 0 1
    outer loop
      vertex 0.74824743327998677 -0.43200085702464652 -0
      vertex 0.87748951261338226 -0.40918007968231801 -0
      vertex 0.78305148145588754 -0.36514290253249782 -0
    endloop
  endfacet
  facet normal -0 0 1
    outer loop
      vertex 0.78305148145588754 -0.36514290253249782 -0
      vertex 0.87748951261338226 -0.40918007968231801 -0
      vertex 0.90981279385881975 -0.33114477571918255 -0
    endloop
  endfacet
  facet normal 0 0 1
    outer loop
      vertex 0.78305148145588754 -0.36514290253249782 -0
      vertex 0.90981279385881975 -0.33114477571918255 -0
      vertex 0.81189603503849783 -0.29550599007276274 -0
    endloop
  endfacet
  facet normal -0 0 1
    outer loop
      vertex 0.81189603503849783 -0.29550599007276274 -0
      vertex 0.90981279385881975 -0.33114477571918255 -0
      vertex 0.93521185038300647 -0.25058926006214244 -0
    endloop
  endfacet
  facet normal 0 0 1
    outer loop
      vertex 0.81189603503849783 -0.29550599007276274 -0
      vertex 0.93521185038300647 -0.25058926006214244 -0
      vertex 0.83456156955823524 -0.22362009859717932 -0
    endloop
  endfacet
  facet normal -0 0 1
    outer loop
      vertex 0.83456156955823524 -0.22362009859717932 -0
      vertex 0.93521185038300647 -0.25058926006214244 -0
      vertex 0.95349338002942396 -0.16812660882609734 -0
    endloop
  endfacet
  facet normal 0 0 1
    outer loop
      vertex 0.83456156955823524 -0.22362009859717932 -0
      vertex 0.95349338002942396 -0.16812660882609734 -0
      vertex 0.85087558661158125 -0.15003232314576415 -0
    endloop
  endfacet
  facet normal -0 0 1
    outer loop
      vertex 0.85087558661158125 -0.15003232314576415 -0
      vertex 0.95349338002942396 -0.16812660882609734 -0
      vertex 0.96451824931877328 -0.084384412579263574 -0
    endloop
  endfacet
  facet normal 0 0 1
    outer loop
      vertex 0.85087558661158125 -0.15003232314576415 -0
      vertex 0.96451824931877328 -0.084384412579263574 -0
      vertex 0.88590171366015935 -0.077506356943453286 0
    endloop
  endfacet
  facet normal 0 0 1
    outer loop
      vertex 0.88590171366015935 -0.077506356943453286 0
      vertex 0.96451824931877328 -0.084384412579263574 -0
      vertex 0.96820255233876495 0 -0
    endloop
  endfacet
  facet normal 0 -0 1
    outer loop
      vertex 0.88590171366015935 -0.077506356943453286 0
      vertex 0.96820255233876495 0 -0
      vertex 0.88928571428571423 0 0
    endloop
  endfacet
  facet normal 0 -0 1
    outer loop
      vertex 0.90981279385881964 0.33114477571918266 -0
      vertex 0.92471442882505983 0.43120141976755083 -0
      vertex 0.83026830607260926 0.38716046944503607 -0
    endloop
  endfacet
  facet normal 0 0 1
    outer loop
      vertex 0.83026830607260926 0.38716046944503607 -0
      vertex 0.92471442882505983 0.43120141976755083 -0
      vertex 0.83848800633430309 0.48410127616938253 -0
    endloop
  endfacet
  facet normal 0 0 1
    outer loop
      vertex 0.79310510003411894 0.55533816963645599 -0
      vertex 0.78160240903318101 0.65584229314701559 -0
      vertex 0.70177309658160236 0.58885754651176014 -0
    endloop
  endfacet
  facet normal 0 -0 1
    outer loop
      vertex 0.70177309658160236 0.58885754651176014 -0
      vertex 0.78160240903318101 0.65584229314701559 -0
      vertex 0.68462259032086392 0.68462259032086392 -0
    endloop
  endfacet
  facet normal 0 0 1
    outer loop
      vertex 0.4091800796823174 0.87748951261338215 -0
      vertex 0.34896639530834284 0.95877729125814692 -0
      vertex 0.31332455607625798 0.86085214278016209 -0
    endloop
  endfacet
  facet normal 0 -0 1
    outer loop
      vertex 0.31332455607625798 0.86085214278016209 -0
      vertex 0.34896639530834284 0.95877729125814692 -0
      vertex 0.25058926006214272 0.93521185038300625 -0
    endloop
  endfacet
  facet normal 0 0 1
    outer loop
      vertex 0.16812660882609734 0.95349338002942374 -0
      vertex 0.088925830745913481 1.0164268964922945 -0
      vertex 0.079843351155794481 0.91261367973847163 -0
    endloop
  endfacet
  facet normal 0 -0 1
    outer loop
      vertex 0.079843351155794481 0.91261367973847163 -0
      vertex 0.088925830745913481 1.0164268964922945 -0
      vertex 5.9285307832398306e-17 0.96820255233876507 -0
    endloop
  endfacet
  facet normal 0 0 1
    outer loop
      vertex -0.084384412579263296 0.9645182493187735 -0
      vertex -0.17717488222496594 1.0048086884553584 -0
      vertex -0.15907904619855978 0.90218210258801801 -0
    endloop
  endfacet
  facet normal 0 0 1
    outer loop
      vertex -0.15907904619855978 0.90218210258801801 -0
      vertex -0.17717488222496594 1.0048086884553584 -0
      vertex -0.25058926006214255 0.93521185038300647 -0
    endloop
  endfacet
  facet normal 0 0 1
    outer loop
      vertex -0.79310510003411894 0.55533816963645577 -0
      vertex -0.88361393123077558 0.51015474105579217 -0
      vertex -0.79336562622613394 0.45804985786745483 -0
    endloop
  endfacet
  facet normal 0 0 1
    outer loop
      vertex -0.79336562622613394 0.45804985786745483 -0
      vertex -0.88361393123077558 0.51015474105579217 -0
      vertex -0.87748951261338226 0.40918007968231745 -0
    endloop
  endfacet
  facet normal 0 0 1
    outer loop
      vertex -0.90981279385881952 0.33114477571918283 -0
      vertex -0.98554327957920285 0.26407552586916733 -0
      vertex -0.8848843748844224 0.23710405364519965 -0
    endloop
  endfacet
  facet normal 0 0 1
    outer loop
      vertex -0.8848843748844224 0.23710405364519965 -0
      vertex -0.98554327957920285 0.26407552586916733 -0
      vertex -0.95349338002942396 0.1681266088260972 -0
    endloop
  endfacet
  facet normal -0 0 1
    outer loop
      vertex -0.25058926006214238 -0.93521185038300647 0
      vertex -0.17717488222496594 -1.0048086884553584 0
      vertex -0.15907904619855984 -0.90218210258801812 0
    endloop
  endfacet
  facet normal 0 0 1
    outer loop
      vertex -0.15907904619855984 -0.90218210258801812 0
      vertex -0.17717488222496594 -1.0048086884553584 0
      vertex -0.084384412579263518 -0.9645182493187735 0
    endloop
  endfacet
  facet normal 0 0 1
    outer loop
      vertex 0.96820255233876495 0 -0
      vertex 1.0724199076498311 0 -0
      vertex 1.0683390261288011 0.093467553588595986 -0
    endloop
  endfacet
  facet normal 0 -0 1
    outer loop
      vertex 0.96820255233876495 0 -0
      vertex 1.0683390261288011 0.093467553588595986 -0
      vertex 0.96451824931877328 0.084384412579263435 -0
    endloop
  endfacet
  facet normal 0 0 1
    outer loop
      vertex 0.96451824931877328 0.084384412579263435 -0
      vertex 1.0683390261288011 0.093467553588595986 -0
      vertex 1.0561274395381897 0.18622376265713086 -0
    endloop
  endfacet
  facet normal 0 -0 1
    outer loop
      vertex 0.96451824931877328 0.084384412579263435 -0
      vertex 1.0561274395381897 0.18622376265713086 -0
      vertex 0.95349338002942385 0.16812660882609728 -0
    endloop
  endfacet
  facet normal 0 0 1
    outer loop
      vertex 0.95349338002942385 0.16812660882609728 -0
      vertex 1.0561274395381897 0.18622376265713086 -0
      vertex 1.0358780854255094 0.27756269644686266 -0
    endloop
  endfacet
  facet normal 0 -0 1
    outer loop
      vertex 0.95349338002942385 0.16812660882609728 -0
      vertex 1.0358780854255094 0.27756269644686266 -0
      vertex 0.93521185038300647 0.25058926006214244 -0
    endloop
  endfacet
  facet normal 0 0 1
    outer loop
      vertex 0.93521185038300647 0.25058926006214244 -0
      vertex 1.0358780854255094 0.27756269644686266 -0
      vertex 1.0077450736024516 0.3667892105196956 -0
    endloop
  endfacet
  facet normal 0 -0 1
    outer loop
      vertex 0.93521185038300647 0.25058926006214244 -0
      vertex 1.0077450736024516 0.3667892105196956 -0
      vertex 0.90981279385881964 0.33114477571918266 -0
    endloop
  endfacet
  facet normal 0 0 1
    outer loop
      vertex 0.90981279385881964 0.33114477571918266 -0
      vertex 1.0077450736024516 0.3667892105196956 -0
      vertex 0.92471442882505983 0.43120141976755083 -0
    endloop
  endfacet
  facet normal 0 -0 1
    outer loop
      vertex 0.92471442882505983 0.43120141976755083 -0
      vertex 0.92874288354891521 0.53620995382491532 -0
      vertex 0.83848800633430309 0.48410127616938253 -0
    endloop
  endfacet
  facet normal 0 0 1
    outer loop
      vertex 0.83848800633430309 0.48410127616938253 -0
      vertex 0.92874288354891521 0.53620995382491532 -0
      vertex 0.87847495968757083 0.6151147889017079 -0
    endloop
  endfacet
  facet normal 0 -0 1
    outer loop
      vertex 0.83848800633430309 0.48410127616938253 -0
      vertex 0.87847495968757083 0.6151147889017079 -0
      vertex 0.79310510003411894 0.55533816963645599 -0
    endloop
  endfacet
  facet normal 0 -0 1
    outer loop
      vertex 0.79310510003411894 0.55533816963645599 -0
      vertex 0.87847495968757083 0.6151147889017079 -0
      vertex 0.78160240903318101 0.65584229314701559 -0
    endloop
  endfacet
  facet normal 0 0 1
    outer loop
      vertex 0.78160240903318101 0.65584229314701559 -0
      vertex 0.75831538897864648 0.75831538897864648 -0
      vertex 0.68462259032086392 0.68462259032086392 -0
    endloop
  endfacet
  facet normal 0 0 1
    outer loop
      vertex 0.68462259032086392 0.68462259032086392 -0
      vertex 0.75831538897864648 0.75831538897864648 -0
      vertex 0.68933822901849406 0.82152131094532055 -0
    endloop
  endfacet
  facet normal 0 -0 1
    outer loop
      vertex 0.68462259032086392 0.68462259032086392 -0
      vertex 0.68933822901849406 0.82152131094532055 -0
      vertex 0.6223486043102413 0.74168618503272243 -0
    endloop
  endfacet
  facet normal 0 -0 1
    outer loop
      vertex 0.6223486043102413 0.74168618503272243 -0
      vertex 0.68933822901849406 0.82152131094532055 -0
      vertex 0.61511478890170812 0.87847495968757072 -0
    endloop
  endfacet
  facet normal 0 0 1
    outer loop
      vertex 0.6223486043102413 0.74168618503272243 -0
      vertex 0.61511478890170812 0.87847495968757072 -0
      vertex 0.55533816963645599 0.79310510003411883 -0
    endloop
  endfacet
  facet normal 0 -0 1
    outer loop
      vertex 0.55533816963645599 0.79310510003411883 -0
      vertex 0.61511478890170812 0.87847495968757072 -0
      vertex 0.53620995382491565 0.9287428835489151 -0
    endloop
  endfacet
  facet normal 0 0 1
    outer loop
      vertex 0.55533816963645599 0.79310510003411883 -0
      vertex 0.53620995382491565 0.9287428835489151 -0
      vertex 0.48410127616938264 0.83848800633430298 -0
    endloop
  endfacet
  facet normal 0 -0 1
    outer loop
      vertex 0.48410127616938264 0.83848800633430298 -0
      vertex 0.53620995382491565 0.9287428835489151 -0
      vertex 0.45322423722709299 0.97194251327616676 -0
    endloop
  endfacet
  facet normal 0 0 1
    outer loop
      vertex 0.48410127616938264 0.83848800633430298 -0
      vertex 0.45322423722709299 0.97194251327616676 -0
      vertex 0.4091800796823174 0.87748951261338215 -0
    endloop
  endfacet
  facet normal 0 -0 1
    outer loop
      vertex 0.4091800796823174 0.87748951261338215 -0
      vertex 0.45322423722709299 0.97194251327616676 -0
      vertex 0.34896639530834284 0.95877729125814692 -0
    endloop
  endfacet
  facet normal 0 0 1
    outer loop
      vertex 0.34896639530834284 0.95877729125814692 -0
      vertex 0.27756269644686299 1.0358780854255092 -0
      vertex 0.25058926006214272 0.93521185038300625 -0
    endloop
  endfacet
  facet normal 0 -0 1
    outer loop
      vertex 0.25058926006214272 0.93521185038300625 -0
      vertex 0.27756269644686299 1.0358780854255092 -0
      vertex 0.18622376265713098 1.0561274395381897 -0
    endloop
  endfacet
  facet normal 0 0 1
    outer loop
      vertex 0.25058926006214272 0.93521185038300625 -0
      vertex 0.18622376265713098 1.0561274395381897 -0
      vertex 0.16812660882609734 0.95349338002942374 -0
    endloop
  endfacet
  facet normal 0 -0 1
    outer loop
      vertex 0.16812660882609734 0.95349338002942374 -0
      vertex 0.18622376265713098 1.0561274395381897 -0
      vertex 0.088925830745913481 1.0164268964922945 -0
    endloop
  endfacet
  facet normal 0 0 1
    outer loop
      vertex 0.088925830745913481 1.0164268964922945 -0
      vertex 6.5666780362263296e-17 1.0724199076498311 -0
      vertex 5.9285307832398306e-17 0.96820255233876507 -0
    endloop
  endfacet
  facet normal 0 -0 1
    outer loop
      vertex 5.9285307832398306e-17 0.96820255233876507 -0
      vertex 6.5666780362263296e-17 1.0724199076498311 -0
      vertex -0.093467553588595834 1.0683390261288011 -0
    endloop
  endfacet
  facet normal 0 0 1
    outer loop
      vertex 5.9285307832398306e-17 0.96820255233876507 -0
      vertex -0.093467553588595834 1.0683390261288011 -0
      vertex -0.084384412579263296 0.9645182493187735 -0
    endloop
  endfacet
  facet normal 0 0 1
    outer loop
      vertex -0.084384412579263296 0.9645182493187735 -0
      vertex -0.093467553588595834 1.0683390261288011 -0
      vertex -0.17717488222496594 1.0048086884553584 -0
    endloop
  endfacet
  facet normal 0 0 1
    outer loop
      vertex -0.17717488222496594 1.0048086884553584 -0
      vertex -0.27756269644686282 1.0358780854255092 -0
      vertex -0.25058926006214255 0.93521185038300647 -0
    endloop
  endfacet
  facet normal 0 0 1
    outer loop
      vertex -0.25058926006214255 0.93521185038300647 -0
      vertex -0.27756269644686282 1.0358780854255092 -0
      vertex -0.36678921051969537 1.0077450736024516 -0
    endloop
  endfacet
  facet normal 0 0 1
    outer loop
      vertex -0.25058926006214255 0.93521185038300647 -0
      vertex -0.36678921051969537 1.0077450736024516 -0
      vertex -0.33114477571918238 0.90981279385881975 -0
    endloop
  endfacet
  facet normal 0 0 1
    outer loop
      vertex -0.33114477571918238 0.90981279385881975 -0
      vertex -0.36678921051969537 1.0077450736024516 -0
      vertex -0.45322423722709282 0.97194251327616676 -0
    endloop
  endfacet
  facet normal 0 0 1
    outer loop
      vertex -0.33114477571918238 0.90981279385881975 -0
      vertex -0.45322423722709282 0.97194251327616676 -0
      vertex -0.40918007968231729 0.87748951261338237 -0
    endloop
  endfacet
  facet normal 0 0 1
    outer loop
      vertex -0.40918007968231729 0.87748951261338237 -0
      vertex -0.45322423722709282 0.97194251327616676 -0
      vertex -0.53620995382491521 0.92874288354891543 -0
    endloop
  endfacet
  facet normal 0 0 1
    outer loop
      vertex -0.40918007968231729 0.87748951261338237 -0
      vertex -0.53620995382491521 0.92874288354891543 -0
      vertex -0.4841012761693822 0.83848800633430309 -0
    endloop
  endfacet
  facet normal 0 0 1
    outer loop
      vertex -0.4841012761693822 0.83848800633430309 -0
      vertex -0.53620995382491521 0.92874288354891543 -0
      vertex -0.61511478890170812 0.87847495968757072 -0
    endloop
  endfacet
  facet normal 0 0 1
    outer loop
      vertex -0.4841012761693822 0.83848800633430309 -0
      vertex -0.61511478890170812 0.87847495968757072 -0
      vertex -0.55533816963645599 0.79310510003411872 -0
    endloop
  endfacet
  facet normal 0 0 1
    outer loop
      vertex -0.55533816963645599 0.79310510003411872 -0
      vertex -0.61511478890170812 0.87847495968757072 -0
      vertex -0.68933822901849406 0.82152131094532055 -0
    endloop
  endfacet
  facet normal 0 0 1
    outer loop
      vertex -0.55533816963645599 0.79310510003411872 -0
      vertex -0.68933822901849406 0.82152131094532055 -0
      vertex -0.6223486043102413 0.74168618503272254 -0
    endloop
  endfacet
  facet normal 0 0 1
    outer loop
      vertex -0.6223486043102413 0.74168618503272254 -0
      vertex -0.68933822901849406 0.82152131094532055 -0
      vertex -0.75831538897864637 0.75831538897864659 -0
    endloop
  endfacet
  facet normal 0 0 1
    outer loop
      vertex -0.6223486043102413 0.74168618503272254 -0
      vertex -0.75831538897864637 0.75831538897864659 -0
      vertex -0.68462259032086381 0.68462259032086392 -0
    endloop
  endfacet
  facet normal 0 0 1
    outer loop
      vertex -0.68462259032086381 0.68462259032086392 -0
      vertex -0.75831538897864637 0.75831538897864659 -0
      vertex -0.82152131094532055 0.68933822901849429 -0
    endloop
  endfacet
  facet normal 0 0 1
    outer loop
      vertex -0.68462259032086381 0.68462259032086392 -0
      vertex -0.82152131094532055 0.68933822901849429 -0
      vertex -0.74168618503272232 0.6223486043102413 -0
    endloop
  endfacet
  facet normal 0 0 1
    outer loop
      vertex -0.74168618503272232 0.6223486043102413 -0
      vertex -0.82152131094532055 0.68933822901849429 -0
      vertex -0.87847495968757083 0.6151147889017079 -0
    endloop
  endfacet
  facet normal 0 0 1
    outer loop
      vertex -0.74168618503272232 0.6223486043102413 -0
      vertex -0.87847495968757083 0.6151147889017079 -0
      vertex -0.79310510003411894 0.55533816963645577 -0
    endloop
  endfacet
  facet normal 0 0 1
    outer loop
      vertex -0.79310510003411894 0.55533816963645577 -0
      vertex -0.87847495968757083 0.6151147889017079 -0
      vertex -0.88361393123077558 0.51015474105579217 -0
    endloop
  endfacet
  facet normal 0 0 1
    outer loop
      vertex -0.88361393123077558 0.51015474105579217 -0
      vertex -0.97194251327616676 0.45322423722709304 -0
      vertex -0.87748951261338226 0.40918007968231745 -0
    endloop
  endfacet
  facet normal 0 0 1
    outer loop
      vertex -0.87748951261338226 0.40918007968231745 -0
      vertex -0.97194251327616676 0.45322423722709304 -0
      vertex -1.0077450736024516 0.36678921051969582 -0
    endloop
  endfacet
  facet normal 0 0 1
    outer loop
      vertex -0.87748951261338226 0.40918007968231745 -0
      vertex -1.0077450736024516 0.36678921051969582 -0
      vertex -0.90981279385881952 0.33114477571918283 -0
    endloop
  endfacet
  facet normal 0 0 1
    outer loop
      vertex -0.90981279385881952 0.33114477571918283 -0
      vertex -1.0077450736024516 0.36678921051969582 -0
      vertex -0.98554327957920285 0.26407552586916733 -0
    endloop
  endfacet
  facet normal 0 0 1
    outer loop
      vertex -0.98554327957920285 0.26407552586916733 -0
      vertex -1.0561274395381897 0.18622376265713081 -0
      vertex -0.95349338002942396 0.1681266088260972 -0
    endloop
  endfacet
  facet normal 0 0 1
    outer loop
      vertex -0.95349338002942396 0.1681266088260972 -0
      vertex -1.0561274395381897 0.18622376265713081 -0
      vertex -1.0683390261288011 0.093467553588596028 -0
    endloop
  endfacet
  facet normal 0 0 1
    outer loop
      vertex -0.95349338002942396 0.1681266088260972 -0
      vertex -1.0683390261288011 0.093467553588596028 -0
      vertex -0.9645182493187735 0.084384412579263476 -0
    endloop
  endfacet
  facet normal 0 0 1
    outer loop
      vertex -0.9645182493187735 0.084384412579263476 -0
      vertex -1.0683390261288011 0.093467553588596028 -0
      vertex -1.0724199076498311 1.3133356072452659e-16 -0
    endloop
  endfacet
  facet normal 0 0 1
    outer loop
      vertex -0.9645182493187735 0.084384412579263476 -0
      vertex -1.0724199076498311 1.3133356072452659e-16 -0
      vertex -0.96820255233876507 1.1857061566479661e-16 -0
    endloop
  endfacet
  facet normal 0 0 1
    outer loop
      vertex -0.96820255233876507 1.1857061566479661e-16 -0
      vertex -1.0724199076498311 1.3133356072452659e-16 -0
      vertex -1.0683390261288011 -0.093467553588595764 0
    endloop
  endfacet
  facet normal 0 0 1
    outer loop
      vertex -0.96820255233876507 1.1857061566479661e-16 -0
      vertex -1.0683390261288011 -0.093467553588595764 0
      vertex -0.9645182493187735 -0.084384412579263227 0
    endloop
  endfacet
  facet normal 0 0 1
    outer loop
      vertex -0.9645182493187735 -0.084384412579263227 0
      vertex -1.0683390261288011 -0.093467553588595764 0
      vertex -1.0561274395381899 -0.18622376265713056 0
    endloop
  endfacet
  facet normal 0 0 1
    outer loop
      vertex -0.9645182493187735 -0.084384412579263227 0
      vertex -1.0561274395381899 -0.18622376265713056 0
      vertex -0.95349338002942396 -0.16812660882609698 0
    endloop
  endfacet
  facet normal 0 0 1
    outer loop
      vertex -0.95349338002942396 -0.16812660882609698 0
      vertex -1.0561274395381899 -0.18622376265713056 0
      vertex -1.0358780854255094 -0.27756269644686232 0
    endloop
  endfacet
  facet normal 0 0 1
    outer loop
      vertex -0.95349338002942396 -0.16812660882609698 0
      vertex -1.0358780854255094 -0.27756269644686232 0
      vertex -0.93521185038300636 -0.25058926006214211 0
    endloop
  endfacet
  facet normal 0 0 1
    outer loop
      vertex -0.93521185038300636 -0.25058926006214211 0
      vertex -1.0358780854255094 -0.27756269644686232 0
      vertex -1.0077450736024514 -0.36678921051969554 0
    endloop
  endfacet
  facet normal 0 0 1
    outer loop
      vertex -0.93521185038300636 -0.25058926006214211 0
      vertex -1.0077450736024514 -0.36678921051969554 0
      vertex -0.90981279385881975 -0.3311447757191826 0
    endloop
  endfacet
  facet normal 0 0 1
    outer loop
      vertex -0.90981279385881975 -0.3311447757191826 0
      vertex -1.0077450736024514 -0.36678921051969554 0
      vertex -0.97194251327616732 -0.45322423722709243 0
    endloop
  endfacet
  facet normal 0 0 1
    outer loop
      vertex -0.90981279385881975 -0.3311447757191826 0
      vertex -0.97194251327616732 -0.45322423722709243 0
      vertex -0.87748951261338271 -0.4091800796823169 0
    endloop
  endfacet
  facet normal 0 0 1
    outer loop
      vertex -0.87748951261338271 -0.4091800796823169 0
      vertex -0.97194251327616732 -0.45322423722709243 0
      vertex -0.92874288354891521 -0.53620995382491565 0
    endloop
  endfacet
  facet normal 0 0 1
    outer loop
      vertex -0.87748951261338271 -0.4091800796823169 0
      vertex -0.92874288354891521 -0.53620995382491565 0
      vertex -0.83848800633430287 -0.48410127616938259 0
    endloop
  endfacet
  facet normal 0 0 1
    outer loop
      vertex -0.83848800633430287 -0.48410127616938259 0
      vertex -0.92874288354891521 -0.53620995382491565 0
      vertex -0.87847495968757094 -0.61511478890170768 0
    endloop
  endfacet
  facet normal 0 0 1
    outer loop
      vertex -0.83848800633430287 -0.48410127616938259 0
      vertex -0.87847495968757094 -0.61511478890170768 0
      vertex -0.79310510003411905 -0.55533816963645566 0
    endloop
  endfacet
  facet normal 0 0 1
    outer loop
      vertex -0.79310510003411905 -0.55533816963645566 0
      vertex -0.87847495968757094 -0.61511478890170768 0
      vertex -0.82152131094532088 -0.68933822901849362 0
    endloop
  endfacet
  facet normal 0 0 1
    outer loop
      vertex -0.79310510003411905 -0.55533816963645566 0
      vertex -0.82152131094532088 -0.68933822901849362 0
      vertex -0.74168618503272277 -0.62234860431024086 0
    endloop
  endfacet
  facet normal 0 0 1
    outer loop
      vertex -0.74168618503272277 -0.62234860431024086 0
      vertex -0.82152131094532088 -0.68933822901849362 0
      vertex -0.7583153889786467 -0.75831538897864637 0
    endloop
  endfacet
  facet normal 0 0 1
    outer loop
      vertex -0.74168618503272277 -0.62234860431024086 0
      vertex -0.7583153889786467 -0.75831538897864637 0
      vertex -0.68462259032086403 -0.68462259032086381 0
    endloop
  endfacet
  facet normal 0 0 1
    outer loop
      vertex -0.68462259032086403 -0.68462259032086381 0
      vertex -0.7583153889786467 -0.75831538897864637 0
      vertex -0.68933822901849418 -0.82152131094532044 0
    endloop
  endfacet
  facet normal 0 0 1
    outer loop
      vertex -0.68462259032086403 -0.68462259032086381 0
      vertex -0.68933822901849418 -0.82152131094532044 0
      vertex -0.62234860431024119 -0.74168618503272221 0
    endloop
  endfacet
  facet normal 0 0 1
    outer loop
      vertex -0.62234860431024119 -0.74168618503272221 0
      vertex -0.68933822901849418 -0.82152131094532044 0
      vertex -0.61511478890170734 -0.87847495968757117 0
    endloop
  endfacet
  facet normal 0 0 1
    outer loop
      vertex -0.62234860431024119 -0.74168618503272221 0
      vertex -0.61511478890170734 -0.87847495968757117 0
      vertex -0.55533816963645555 -0.79310510003411927 0
    endloop
  endfacet
  facet normal 0 0 1
    outer loop
      vertex -0.55533816963645555 -0.79310510003411927 0
      vertex -0.61511478890170734 -0.87847495968757117 0
      vertex -0.53620995382491599 -0.9287428835489151 0
    endloop
  endfacet
  facet normal 0 0 1
    outer loop
      vertex -0.55533816963645555 -0.79310510003411927 0
      vertex -0.53620995382491599 -0.9287428835489151 0
      vertex -0.48410127616938287 -0.83848800633430298 0
    endloop
  endfacet
  facet normal 0 0 1
    outer loop
      vertex -0.48410127616938287 -0.83848800633430298 0
      vertex -0.53620995382491599 -0.9287428835489151 0
      vertex -0.4532242372270936 -0.97194251327616665 0
    endloop
  endfacet
  facet normal 0 0 1
    outer loop
      vertex -0.48410127616938287 -0.83848800633430298 0
      vertex -0.4532242372270936 -0.97194251327616665 0
      vertex -0.4091800796823179 -0.87748951261338226 0
    endloop
  endfacet
  facet normal 0 0 1
    outer loop
      vertex -0.4091800796823179 -0.87748951261338226 0
      vertex -0.4532242372270936 -0.97194251327616665 0
      vertex -0.36678921051969543 -1.0077450736024516 0
    endloop
  endfacet
  facet normal 0 0 1
    outer loop
      vertex -0.4091800796823179 -0.87748951261338226 0
      vertex -0.36678921051969543 -1.0077450736024516 0
      vertex -0.33114477571918249 -0.90981279385881975 0
    endloop
  endfacet
  facet normal 0 0 1
    outer loop
      vertex -0.33114477571918249 -0.90981279385881975 0
      vertex -0.36678921051969543 -1.0077450736024516 0
      vertex -0.2775626964468626 -1.0358780854255092 0
    endloop
  endfacet
  facet normal 0 0 1
    outer loop
      vertex -0.33114477571918249 -0.90981279385881975 0
      vertex -0.2775626964468626 -1.0358780854255092 0
      vertex -0.25058926006214238 -0.93521185038300647 0
    endloop
  endfacet
  facet normal 0 0 1
    outer loop
      vertex -0.25058926006214238 -0.93521185038300647 0
      vertex -0.2775626964468626 -1.0358780854255092 0
      vertex -0.17717488222496594 -1.0048086884553584 0
    endloop
  endfacet
  facet normal -0 0 1
    outer loop
      vertex -0.17717488222496594 -1.0048086884553584 0
      vertex -0.09346755358859607 -1.0683390261288008 0
      vertex -0.084384412579263518 -0.9645182493187735 0
    endloop
  endfacet
  facet normal 0 0 1
    outer loop
      vertex -0.084384412579263518 -0.9645182493187735 0
      vertex -0.09346755358859607 -1.0683390261288008 0
      vertex -1.9700034108678986e-16 -1.0724199076498311 0
    endloop
  endfacet
  facet normal 0 0 1
    outer loop
      vertex -0.084384412579263518 -0.9645182493187735 0
      vertex -1.9700034108678986e-16 -1.0724199076498311 0
      vertex -1.7785592349719494e-16 -0.96820255233876507 0
    endloop
  endfacet
  facet normal 0 0 1
    outer loop
      vertex -1.7785592349719494e-16 -0.96820255233876507 0
      vertex -1.9700034108678986e-16 -1.0724199076498311 0
      vertex 0.093467553588595709 -1.0683390261288011 -0
    endloop
  endfacet
  facet normal 0 0 1
    outer loop
      vertex -1.7785592349719494e-16 -0.96820255233876507 0
      vertex 0.093467553588595709 -1.0683390261288011 -0
      vertex 0.084384412579263171 -0.9645182493187735 -0
    endloop
  endfacet
  facet normal 0 0 1
    outer loop
      vertex 0.084384412579263171 -0.9645182493187735 -0
      vertex 0.093467553588595709 -1.0683390261288011 -0
      vertex 0.1862237626571305 -1.0561274395381899 -0
    endloop
  endfacet
  facet normal -0 0 1
    outer loop
      vertex 0.084384412579263171 -0.9645182493187735 -0
      vertex 0.1862237626571305 -1.0561274395381899 -0
      vertex 0.1681266088260969 -0.95349338002942396 -0
    endloop
  endfacet
  facet normal 0 0 1
    outer loop
      vertex 0.1681266088260969 -0.95349338002942396 -0
      vertex 0.1862237626571305 -1.0561274395381899 -0
      vertex 0.27756269644686227 -1.0358780854255094 -0
    endloop
  endfacet
  facet normal -0 0 1
    outer loop
      vertex 0.1681266088260969 -0.95349338002942396 -0
      vertex 0.27756269644686227 -1.0358780854255094 -0
      vertex 0.25058926006214205 -0.93521185038300658 -0
    endloop
  endfacet
  facet normal 0 0 1
    outer loop
      vertex 0.25058926006214205 -0.93521185038300658 -0
      vertex 0.27756269644686227 -1.0358780854255094 -0
      vertex 0.36678921051969587 -1.0077450736024514 -0
    endloop
  endfacet
  facet normal -0 0 1
    outer loop
      vertex 0.25058926006214205 -0.93521185038300658 -0
      vertex 0.36678921051969587 -1.0077450736024514 -0
      vertex 0.33114477571918299 -0.90981279385881952 -0
    endloop
  endfacet
  facet normal 0 0 1
    outer loop
      vertex 0.33114477571918299 -0.90981279385881952 -0
      vertex 0.36678921051969587 -1.0077450736024514 -0
      vertex 0.45322423722709226 -0.9719425132761671 -0
    endloop
  endfacet
  facet normal -0 0 1
    outer loop
      vertex 0.33114477571918299 -0.90981279385881952 -0
      vertex 0.45322423722709226 -0.9719425132761671 -0
      vertex 0.40918007968231684 -0.87748951261338271 -0
    endloop
  endfacet
  facet normal 0 0 1
    outer loop
      vertex 0.40918007968231684 -0.87748951261338271 -0
      vertex 0.45322423722709226 -0.9719425132761671 -0
      vertex 0.53620995382491476 -0.92874288354891565 -0
    endloop
  endfacet
  facet normal -0 0 1
    outer loop
      vertex 0.40918007968231684 -0.87748951261338271 -0
      vertex 0.53620995382491476 -0.92874288354891565 -0
      vertex 0.48410127616938176 -0.83848800633430343 -0
    endloop
  endfacet
  facet normal 0 0 1
    outer loop
      vertex 0.48410127616938176 -0.83848800633430343 -0
      vertex 0.53620995382491476 -0.92874288354891565 -0
      vertex 0.6151147889017079 -0.87847495968757083 -0
    endloop
  endfacet
  facet normal -0 0 1
    outer loop
      vertex 0.48410127616938176 -0.83848800633430343 -0
      vertex 0.6151147889017079 -0.87847495968757083 -0
      vertex 0.55533816963645599 -0.79310510003411905 -0
    endloop
  endfacet
  facet normal 0 0 1
    outer loop
      vertex 0.55533816963645599 -0.79310510003411905 -0
      vertex 0.6151147889017079 -0.87847495968757083 -0
      vertex 0.68933822901849384 -0.82152131094532055 -0
    endloop
  endfacet
  facet normal -0 0 1
    outer loop
      vertex 0.55533816963645599 -0.79310510003411905 -0
      vertex 0.68933822901849384 -0.82152131094532055 -0
      vertex 0.62234860431024108 -0.74168618503272254 -0
    endloop
  endfacet
  facet normal 0 0 1
    outer loop
      vertex 0.62234860431024108 -0.74168618503272254 -0
      vertex 0.68933822901849384 -0.82152131094532055 -0
      vertex 0.75831538897864637 -0.7583153889786467 -0
    endloop
  endfacet
  facet normal -0 0 1
    outer loop
      vertex 0.62234860431024108 -0.74168618503272254 -0
      vertex 0.75831538897864637 -0.7583153889786467 -0
      vertex 0.6846225903208637 -0.68462259032086403 -0
    endloop
  endfacet
  facet normal 0 0 1
    outer loop
      vertex 0.6846225903208637 -0.68462259032086403 -0
      vertex 0.75831538897864637 -0.7583153889786467 -0
      vertex 0.82152131094532033 -0.68933822901849429 -0
    endloop
  endfacet
  facet normal -0 0 1
    outer loop
      vertex 0.6846225903208637 -0.68462259032086403 -0
      vertex 0.82152131094532033 -0.68933822901849429 -0
      vertex 0.74168618503272221 -0.62234860431024142 -0
    endloop
  endfacet
  facet normal -0 0 1
    outer loop
      vertex 0.74168618503272221 -0.62234860431024142 -0
      vertex 0.82152131094532033 -0.68933822901849429 -0
      vertex 0.87847495968757028 -0.61511478890170845 -0
    endloop
  endfacet
  facet normal 0 0 1
    outer loop
      vertex 0.74168618503272221 -0.62234860431024142 -0
      vertex 0.87847495968757028 -0.61511478890170845 -0
      vertex 0.7931051000341186 -0.55533816963645632 -0
    endloop
  endfacet
  facet normal -0 0 1
    outer loop
      vertex 0.7931051000341186 -0.55533816963645632 -0
      vertex 0.87847495968757028 -0.61511478890170845 -0
      vertex 0.92874288354891543 -0.5362099538249151 -0
    endloop
  endfacet
  facet normal 0 0 1
    outer loop
      vertex 0.7931051000341186 -0.55533816963645632 -0
      vertex 0.92874288354891543 -0.5362099538249151 -0
      vertex 0.83848800633430332 -0.48410127616938214 -0
    endloop
  endfacet
  facet normal -0 0 1
    outer loop
      vertex 0.83848800633430332 -0.48410127616938214 -0
      vertex 0.92874288354891543 -0.5362099538249151 -0
      vertex 0.97194251327616654 -0.45322423722709354 -0
    endloop
  endfacet
  facet normal 0 0 1
    outer loop
      vertex 0.83848800633430332 -0.48410127616938214 -0
      vertex 0.97194251327616654 -0.45322423722709354 -0
      vertex 0.87748951261338226 -0.40918007968231801 -0
    endloop
  endfacet
  facet normal -0 0 1
    outer loop
      vertex 0.87748951261338226 -0.40918007968231801 -0
      vertex 0.97194251327616654 -0.45322423722709354 -0
      vertex 1.0077450736024516 -0.36678921051969549 -0
    endloop
  endfacet
  facet normal 0 0 1
    outer loop
      vertex 0.87748951261338226 -0.40918007968231801 -0
      vertex 1.0077450736024516 -0.36678921051969549 -0
      vertex 0.90981279385881975 -0.33114477571918255 -0
    endloop
  endfacet
  facet normal -0 0 1
    outer loop
      vertex 0.90981279385881975 -0.33114477571918255 -0
      vertex 1.0077450736024516 -0.36678921051969549 -0
      vertex 1.0358780854255092 -0.27756269644686266 -0
    endloop
  endfacet
  facet normal 0 0 1
    outer loop
      vertex 0.90981279385881975 -0.33114477571918255 -0
      vertex 1.0358780854255092 -0.27756269644686266 -0
      vertex 0.93521185038300647 -0.25058926006214244 -0
    endloop
  endfacet
  facet normal -0 0 1
    outer loop
      vertex 0.93521185038300647 -0.25058926006214244 -0
      vertex 1.0358780854255092 -0.27756269644686266 -0
      vertex 1.0561274395381894 -0.18622376265713092 -0
    endloop
  endfacet
  facet normal 0 0 1
    outer loop
      vertex 0.93521185038300647 -0.25058926006214244 -0
      vertex 1.0561274395381894 -0.18622376265713092 -0
      vertex 0.95349338002942396 -0.16812660882609734 -0
    endloop
  endfacet
  facet normal -0 0 1
    outer loop
      vertex 0.95349338002942396 -0.16812660882609734 -0
      vertex 1.0561274395381894 -0.18622376265713092 -0
      vertex 1.0683390261288011 -0.093467553588596167 -0
    endloop
  endfacet
  facet normal 0 0 1
    outer loop
      vertex 0.95349338002942396 -0.16812660882609734 -0
      vertex 1.0683390261288011 -0.093467553588596167 -0
      vertex 0.96451824931877328 -0.084384412579263574 -0
    endloop
  endfacet
  facet normal -0 0 1
    outer loop
      vertex 0.96451824931877328 -0.084384412579263574 -0
      vertex 1.0683390261288011 -0.093467553588596167 -0
      vertex 1.0724199076498311 0 -0
    endloop
  endfacet
  facet normal 0 0 1
    outer loop
      vertex 0.96451824931877328 -0.084384412579263574 -0
      vertex 1.0724199076498311 0 -0
      vertex 0.96820255233876495 0 -0
    endloop
  endfacet
  facet normal 2.0368909366084823e-06 2.6256569955091097e-06 0.99999999999447853
    outer loop
      vertex 1.0077450736024516 0.3667892105196956 -0
      vertex 1.0422314104430297 0.48599101493340024 -3.8322795858566905e-07
      vertex 0.92471442882505983 0.43120141976755083 -0
    endloop
  endfacet
  facet normal 3.32043223578339e-06 -1.2738213180060265e-07 0.99999999999447919
    outer loop
      vertex 0.92471442882505983 0.43120141976755083 -0
      vertex 1.0422314104430297 0.48599101493340024 -3.8322795858566905e-07
      vertex 0.92874288354891521 0.53620995382491532 -0
    endloop
  endfacet
  facet normal 1.2879155246598225e-06 3.0633760701297582e-06 0.99999999999447842
    outer loop
      vertex 0.87847495968757083 0.6151147889017079 -0
      vertex 0.88093450590313538 0.73918061109532796 -3.8322795858566905e-07
      vertex 0.78160240903318101 0.65584229314701559 -0
    endloop
  endfacet
  facet normal 3.2402601727017148e-06 7.363494096791305e-07 0.99999999999447919
    outer loop
      vertex 0.78160240903318101 0.65584229314701559 -0
      vertex 0.88093450590313538 0.73918061109532796 -3.8322795858566905e-07
      vertex 0.75831538897864648 0.75831538897864648 -0
    endloop
  endfacet
  facet normal -4.1632047278485319e-07 3.2969192604372788e-06 0.99999999999447853
    outer loop
      vertex 0.45322423722709299 0.97194251327616676 -0
      vertex 0.39332135563474568 1.080616440145026 -3.8322795858911139e-07
      vertex 0.34896639530834284 0.95877729125814692 -0
    endloop
  endfacet
  facet normal 2.4379729196129638e-06 2.2578273812149299e-06 0.99999999999447919
    outer loop
      vertex 0.34896639530834284 0.95877729125814692 -0
      vertex 0.39332135563474568 1.080616440145026 -3.8322795858911139e-07
      vertex 0.27756269644686299 1.0358780854255092 -0
    endloop
  endfacet
  facet normal -1.2554401914415221e-06 3.0768277936216496e-06 0.99999999999447853
    outer loop
      vertex 0.18622376265713098 1.0561274395381897 -0
      vertex 0.10023514027820506 1.1455943855324502 -3.832279585888954e-07
      vertex 0.088925830745913481 1.0164268964922945 -0
    endloop
  endfacet
  facet normal 1.7705322800341647e-06 2.8118876018565781e-06 0.99999999999447919
    outer loop
      vertex 0.088925830745913481 1.0164268964922945 -0
      vertex 0.10023514027820506 1.1455943855324502 -3.832279585888954e-07
      vertex 6.5666780362263296e-17 1.0724199076498311 -0
    endloop
  endfacet
  facet normal -2.0090037357556756e-06 2.6470555973590308e-06 0.99999999999447853
    outer loop
      vertex -0.093467553588595834 1.0683390261288011 -0
      vertex -0.1996819342418916 1.1325019667300713 -3.8322795858716999e-07
      vertex -0.17717488222496594 1.0048086884553584 -0
    endloop
  endfacet
  facet normal 9.8243279151090354e-07 3.1743223292826458e-06 0.99999999999447919
    outer loop
      vertex -0.17717488222496594 1.0048086884553584 -0
      vertex -0.1996819342418916 1.1325019667300713 -3.8322795858716999e-07
      vertex -0.27756269644686282 1.0358780854255092 -0
    endloop
  endfacet
  facet normal -3.3191249401135862e-06 1.6250839215150588e-07 0.99999999999447853
    outer loop
      vertex -0.87847495968757083 0.6151147889017079 -0
      vertex -0.99589991164381431 0.57499299604247933 -3.8322795858393432e-07
      vertex -0.88361393123077558 0.51015474105579217 -0
    endloop
  endfacet
  facet normal -1.8001763552672739e-06 2.7930022430653765e-06 0.99999999999447919
    outer loop
      vertex -0.88361393123077558 0.51015474105579217 -0
      vertex -0.99589991164381431 0.57499299604247933 -3.8322795858393432e-07
      vertex -0.97194251327616676 0.45322423722709304 -0
    endloop
  endfacet
  facet normal -3.2480887672444311e-06 -7.0208169461495132e-07 0.99999999999447853
    outer loop
      vertex -1.0077450736024516 0.36678921051969582 -0
      vertex -1.1107845832321139 0.2976427206634199 -3.832279585875664e-07
      vertex -0.98554327957920285 0.26407552586916733 -0
    endloop
  endfacet
  facet normal -2.4617190069703082e-06 2.2319130741949077e-06 0.99999999999447919
    outer loop
      vertex -0.98554327957920285 0.26407552586916733 -0
      vertex -1.1107845832321139 0.2976427206634199 -3.832279585875664e-07
      vertex -1.0561274395381897 0.18622376265713081 -0
    endloop
  endfacet
  facet normal 9.8249965081243792e-07 -3.1745383572650251e-06 0.99999999999447853
    outer loop
      vertex -0.2775626964468626 -1.0358780854255092 0
      vertex -0.19969884486625794 -1.1324989849307354 -3.8322795858376153e-07
      vertex -0.17717488222496594 -1.0048086884553584 0
    endloop
  endfacet
  facet normal -2.0088670226061469e-06 -2.6468754646388928e-06 0.99999999999447919
    outer loop
      vertex -0.17717488222496594 -1.0048086884553584 0
      vertex -0.19969884486625794 -1.1324989849307354 -3.8322795858376153e-07
      vertex -0.09346755358859607 -1.0683390261288008 0
    endloop
  endfacet
  facet normal 0 0 1
    outer loop
      vertex 1.0724199076498311 0 -0
      vertex 1.1499999999999999 0 0
      vertex 1.1456239028055073 0.10022910415980689 0
    endloop
  endfacet
  facet normal 0 -0 1
    outer loop
      vertex 1.0724199076498311 0 -0
      vertex 1.1456239028055073 0.10022910415980689 0
      vertex 1.0683390261288011 0.093467553588595986 -0
    endloop
  endfacet
  facet normal 0 0 1
    outer loop
      vertex 1.0683390261288011 0.093467553588595986 -0
      vertex 1.1456239028055073 0.10022910415980689 0
      vertex 1.132528915964039 0.19969540431696986 0
    endloop
  endfacet
  facet normal 0 -0 1
    outer loop
      vertex 1.0683390261288011 0.093467553588595986 -0
      vertex 1.132528915964039 0.19969540431696986 0
      vertex 1.0561274395381897 0.18622376265713086 -0
    endloop
  endfacet
  facet normal 0 0 1
    outer loop
      vertex 1.0561274395381897 0.18622376265713086 -0
      vertex 1.132528915964039 0.19969540431696986 0
      vertex 1.1108147002324285 0.29764190186789885 0
    endloop
  endfacet
  facet normal 0 -0 1
    outer loop
      vertex 1.0561274395381897 0.18622376265713086 -0
      vertex 1.1108147002324285 0.29764190186789885 0
      vertex 1.0358780854255094 0.27756269644686266 -0
    endloop
  endfacet
  facet normal 0 0 1
    outer loop
      vertex 1.0358780854255094 0.27756269644686266 -0
      vertex 1.1108147002324285 0.29764190186789885 0
      vertex 1.0806465139037946 0.39332316482451901 0
    endloop
  endfacet
  facet normal 0 -0 1
    outer loop
      vertex 1.0358780854255094 0.27756269644686266 -0
      vertex 1.0806465139037946 0.39332316482451901 0
      vertex 1.0077450736024516 0.3667892105196956 -0
    endloop
  endfacet
  facet normal -1.3078652207459775e-06 3.5933301616896051e-06 0.99999999999268874
    outer loop
      vertex 1.0077450736024516 0.3667892105196956 -0
      vertex 1.0806465139037946 0.39332316482451901 0
      vertex 1.0422314104430297 0.48599101493340024 -3.8322795858566905e-07
    endloop
  endfacet
  facet normal 1.9116447461399251e-06 -3.3110658263364612e-06 0.99999999999269129
    outer loop
      vertex 1.0422314104430297 0.48599101493340024 -3.8322795858566905e-07
      vertex 0.99592921435210446 0.57499999999999984 0
      vertex 0.92874288354891521 0.53620995382491532 -0
    endloop
  endfacet
  facet normal 0 0 1
    outer loop
      vertex 0.92874288354891521 0.53620995382491532 -0
      vertex 0.99592921435210446 0.57499999999999984 0
      vertex 0.94202485093234045 0.65961290180370291 0
    endloop
  endfacet
  facet normal 0 -0 1
    outer loop
      vertex 0.92874288354891521 0.53620995382491532 -0
      vertex 0.94202485093234045 0.65961290180370291 0
      vertex 0.87847495968757083 0.6151147889017079 -0
    endloop
  endfacet
  facet normal -2.1933230752103278e-06 3.1323899780031083e-06 0.99999999999268874
    outer loop
      vertex 0.87847495968757083 0.6151147889017079 -0
      vertex 0.94202485093234045 0.65961290180370291 0
      vertex 0.88093450590313538 0.73918061109532796 -3.8322795858566905e-07
    endloop
  endfacet
  facet normal 2.7034739264304212e-06 -2.7034739264304207e-06 0.99999999999269129
    outer loop
      vertex 0.88093450590313538 0.73918061109532796 -3.8322795858566905e-07
      vertex 0.8131727983645296 0.8131727983645296 0
      vertex 0.75831538897864648 0.75831538897864648 -0
    endloop
  endfacet
  facet normal 0 -0 1
    outer loop
      vertex 0.75831538897864648 0.75831538897864648 -0
      vertex 0.8131727983645296 0.8131727983645296 0
      vertex 0.73920575113952025 0.88095110958682465 0
    endloop
  endfacet
  facet normal 0 0 1
    outer loop
      vertex 0.75831538897864648 0.75831538897864648 -0
      vertex 0.73920575113952025 0.88095110958682465 0
      vertex 0.68933822901849406 0.82152131094532055 -0
    endloop
  endfacet
  facet normal 0 -0 1
    outer loop
      vertex 0.68933822901849406 0.82152131094532055 -0
      vertex 0.73920575113952025 0.88095110958682465 0
      vertex 0.65961290180370302 0.94202485093234034 0
    endloop
  endfacet
  facet normal 0 0 1
    outer loop
      vertex 0.68933822901849406 0.82152131094532055 -0
      vertex 0.65961290180370302 0.94202485093234034 0
      vertex 0.61511478890170812 0.87847495968757072 -0
    endloop
  endfacet
  facet normal 0 -0 1
    outer loop
      vertex 0.61511478890170812 0.87847495968757072 -0
      vertex 0.65961290180370302 0.94202485093234034 0
      vertex 0.57500000000000007 0.99592921435210435 0
    endloop
  endfacet
  facet normal 0 0 1
    outer loop
      vertex 0.61511478890170812 0.87847495968757072 -0
      vertex 0.57500000000000007 0.99592921435210435 0
      vertex 0.53620995382491565 0.9287428835489151 -0
    endloop
  endfacet
  facet normal 0 -0 1
    outer loop
      vertex 0.53620995382491565 0.9287428835489151 -0
      vertex 0.57500000000000007 0.99592921435210435 0
      vertex 0.48601100100180433 1.0422539550921472 0
    endloop
  endfacet
  facet normal 0 0 1
    outer loop
      vertex 0.53620995382491565 0.9287428835489151 -0
      vertex 0.48601100100180433 1.0422539550921472 0
      vertex 0.45322423722709299 0.97194251327616676 -0
    endloop
  endfacet
  facet normal -3.4656684908715083e-06 1.6160677579198635e-06 0.99999999999268874
    outer loop
      vertex 0.45322423722709299 0.97194251327616676 -0
      vertex 0.48601100100180433 1.0422539550921472 0
      vertex 0.39332135563474568 1.080616440145026 -3.8322795858911139e-07
    endloop
  endfacet
  facet normal 3.6930140620059208e-06 -9.8954013555126431e-07 0.99999999999269129
    outer loop
      vertex 0.39332135563474568 1.080616440145026 -3.8322795858911139e-07
      vertex 0.29764190186789907 1.1108147002324285 0
      vertex 0.27756269644686299 1.0358780854255092 -0
    endloop
  endfacet
  facet normal 0 -0 1
    outer loop
      vertex 0.27756269644686299 1.0358780854255092 -0
      vertex 0.29764190186789907 1.1108147002324285 0
      vertex 0.19969540431696997 1.132528915964039 0
    endloop
  endfacet
  facet normal 0 0 1
    outer loop
      vertex 0.27756269644686299 1.0358780854255092 -0
      vertex 0.19969540431696997 1.132528915964039 0
      vertex 0.18622376265713098 1.0561274395381897 -0
    endloop
  endfacet
  facet normal -3.7658478146126306e-06 6.6402057495821683e-07 0.99999999999268874
    outer loop
      vertex 0.18622376265713098 1.0561274395381897 -0
      vertex 0.19969540431696997 1.132528915964039 0
      vertex 0.10023514027820506 1.1455943855324502 -3.832279585888954e-07
    endloop
  endfacet
  facet normal 3.82328949231214e-06 0 0.99999999999269129
    outer loop
      vertex 0.10023514027820506 1.1455943855324502 -3.832279585888954e-07
      vertex 7.0417190950972801e-17 1.1499999999999999 0
      vertex 6.5666780362263296e-17 1.0724199076498311 -0
    endloop
  endfacet
  facet normal 0 -0 1
    outer loop
      vertex 6.5666780362263296e-17 1.0724199076498311 -0
      vertex 7.0417190950972801e-17 1.1499999999999999 0
      vertex -0.10022910415980671 1.1456239028055073 0
    endloop
  endfacet
  facet normal 0 0 1
    outer loop
      vertex 6.5666780362263296e-17 1.0724199076498311 -0
      vertex -0.10022910415980671 1.1456239028055073 0
      vertex -0.093467553588595834 1.0683390261288011 -0
    endloop
  endfacet
  facet normal -3.8093908331305562e-06 -3.3327851283849806e-07 0.99999999999268874
    outer loop
      vertex -0.093467553588595834 1.0683390261288011 -0
      vertex -0.10022910415980671 1.1456239028055073 0
      vertex -0.1996819342418916 1.1325019667300713 -3.8322795858716999e-07
    endloop
  endfacet
  facet normal 3.6930140619872759e-06 9.8954013554627147e-07 0.99999999999269129
    outer loop
      vertex -0.1996819342418916 1.1325019667300713 -3.8322795858716999e-07
      vertex -0.29764190186789896 1.1108147002324285 0
      vertex -0.27756269644686282 1.0358780854255092 -0
    endloop
  endfacet
  facet normal 0 0 1
    outer loop
      vertex -0.27756269644686282 1.0358780854255092 -0
      vertex -0.29764190186789896 1.1108147002324285 0
      vertex -0.39332316482451873 1.0806465139037946 0
    endloop
  endfacet
  facet normal 0 0 1
    outer loop
      vertex -0.27756269644686282 1.0358780854255092 -0
      vertex -0.39332316482451873 1.0806465139037946 0
      vertex -0.36678921051969537 1.0077450736024516 -0
    endloop
  endfacet
  facet normal 0 0 1
    outer loop
      vertex -0.36678921051969537 1.0077450736024516 -0
      vertex -0.39332316482451873 1.0806465139037946 0
      vertex -0.48601100100180417 1.0422539550921475 0
    endloop
  endfacet
  facet normal 0 0 1
    outer loop
      vertex -0.36678921051969537 1.0077450736024516 -0
      vertex -0.48601100100180417 1.0422539550921475 0
      vertex -0.45322423722709282 0.97194251327616676 -0
    endloop
  endfacet
  facet normal 0 0 1
    outer loop
      vertex -0.45322423722709282 0.97194251327616676 -0
      vertex -0.48601100100180417 1.0422539550921475 0
      vertex -0.57499999999999973 0.99592921435210446 0
    endloop
  endfacet
  facet normal 0 0 1
    outer loop
      vertex -0.45322423722709282 0.97194251327616676 -0
      vertex -0.57499999999999973 0.99592921435210446 0
      vertex -0.53620995382491521 0.92874288354891543 -0
    endloop
  endfacet
  facet normal 0 0 1
    outer loop
      vertex -0.53620995382491521 0.92874288354891543 -0
      vertex -0.57499999999999973 0.99592921435210446 0
      vertex -0.65961290180370302 0.94202485093234034 0
    endloop
  endfacet
  facet normal 0 0 1
    outer loop
      vertex -0.53620995382491521 0.92874288354891543 -0
      vertex -0.65961290180370302 0.94202485093234034 0
      vertex -0.61511478890170812 0.87847495968757072 -0
    endloop
  endfacet
  facet normal 0 0 1
    outer loop
      vertex -0.61511478890170812 0.87847495968757072 -0
      vertex -0.65961290180370302 0.94202485093234034 0
      vertex -0.73920575113952025 0.88095110958682465 0
    endloop
  endfacet
  facet normal 0 0 1
    outer loop
      vertex -0.61511478890170812 0.87847495968757072 -0
      vertex -0.73920575113952025 0.88095110958682465 0
      vertex -0.68933822901849406 0.82152131094532055 -0
    endloop
  endfacet
  facet normal 0 0 1
    outer loop
      vertex -0.68933822901849406 0.82152131094532055 -0
      vertex -0.73920575113952025 0.88095110958682465 0
      vertex -0.81317279836452949 0.8131727983645296 0
    endloop
  endfacet
  facet normal 0 0 1
    outer loop
      vertex -0.68933822901849406 0.82152131094532055 -0
      vertex -0.81317279836452949 0.8131727983645296 0
      vertex -0.75831538897864637 0.75831538897864659 -0
    endloop
  endfacet
  facet normal 0 0 1
    outer loop
      vertex -0.75831538897864637 0.75831538897864659 -0
      vertex -0.81317279836452949 0.8131727983645296 0
      vertex -0.88095110958682454 0.73920575113952036 0
    endloop
  endfacet
  facet normal 0 0 1
    outer loop
      vertex -0.75831538897864637 0.75831538897864659 -0
      vertex -0.88095110958682454 0.73920575113952036 0
      vertex -0.82152131094532055 0.68933822901849429 -0
    endloop
  endfacet
  facet normal 0 0 1
    outer loop
      vertex -0.82152131094532055 0.68933822901849429 -0
      vertex -0.88095110958682454 0.73920575113952036 0
      vertex -0.94202485093234067 0.6596129018037028 0
    endloop
  endfacet
  facet normal 0 0 1
    outer loop
      vertex -0.82152131094532055 0.68933822901849429 -0
      vertex -0.94202485093234067 0.6596129018037028 0
      vertex -0.87847495968757083 0.6151147889017079 -0
    endloop
  endfacet
  facet normal -2.1933230752004527e-06 -3.1323899779890239e-06 0.99999999999268874
    outer loop
      vertex -0.87847495968757083 0.6151147889017079 -0
      vertex -0.94202485093234067 0.6596129018037028 0
      vertex -0.99589991164381431 0.57499299604247933 -3.8322795858393432e-07
    endloop
  endfacet
  facet normal 1.615791959351481e-06 3.4650770389329445e-06 0.99999999999269129
    outer loop
      vertex -0.99589991164381431 0.57499299604247933 -3.8322795858393432e-07
      vertex -1.0422539550921472 0.48601100100180439 0
      vertex -0.97194251327616676 0.45322423722709304 -0
    endloop
  endfacet
  facet normal 0 0 1
    outer loop
      vertex -0.97194251327616676 0.45322423722709304 -0
      vertex -1.0422539550921472 0.48601100100180439 0
      vertex -1.0806465139037944 0.39332316482451918 0
    endloop
  endfacet
  facet normal 0 0 1
    outer loop
      vertex -0.97194251327616676 0.45322423722709304 -0
      vertex -1.0806465139037944 0.39332316482451918 0
      vertex -1.0077450736024516 0.36678921051969582 -0
    endloop
  endfacet
  facet normal -1.3078652207524226e-06 -3.5933301617073098e-06 0.99999999999268874
    outer loop
      vertex -1.0077450736024516 0.36678921051969582 -0
      vertex -1.0806465139037944 0.39332316482451918 0
      vertex -1.1107845832321139 0.2976427206634199 -3.832279585875664e-07
    endloop
  endfacet
  facet normal 6.6390725303082052e-07 3.7652051340260227e-06 0.99999999999269129
    outer loop
      vertex -1.1107845832321139 0.2976427206634199 -3.832279585875664e-07
      vertex -1.132528915964039 0.1996954043169698 0
      vertex -1.0561274395381897 0.18622376265713081 -0
    endloop
  endfacet
  facet normal 0 0 1
    outer loop
      vertex -1.0561274395381897 0.18622376265713081 -0
      vertex -1.132528915964039 0.1996954043169698 0
      vertex -1.1456239028055073 0.10022910415980692 0
    endloop
  endfacet
  facet normal 0 0 1
    outer loop
      vertex -1.0561274395381897 0.18622376265713081 -0
      vertex -1.1456239028055073 0.10022910415980692 0
      vertex -1.0683390261288011 0.093467553588596028 -0
    endloop
  endfacet
  facet normal 0 0 1
    outer loop
      vertex -1.0683390261288011 0.093467553588596028 -0
      vertex -1.1456239028055073 0.10022910415980692 0
      vertex -1.1499999999999999 1.408343819019456e-16 0
    endloop
  endfacet
  facet normal 0 0 1
    outer loop
      vertex -1.0683390261288011 0.093467553588596028 -0
      vertex -1.1499999999999999 1.408343819019456e-16 0
      vertex -1.0724199076498311 1.3133356072452659e-16 -0
    endloop
  endfacet
  facet normal 0 0 1
    outer loop
      vertex -1.0724199076498311 1.3133356072452659e-16 -0
      vertex -1.1499999999999999 1.408343819019456e-16 0
      vertex -1.1456239028055073 -0.10022910415980663 0
    endloop
  endfacet
  facet normal 0 0 1
    outer loop
      vertex -1.0724199076498311 1.3133356072452659e-16 -0
      vertex -1.1456239028055073 -0.10022910415980663 0
      vertex -1.0683390261288011 -0.093467553588595764 0
    endloop
  endfacet
  facet normal 0 0 1
    outer loop
      vertex -1.0683390261288011 -0.093467553588595764 0
      vertex -1.1456239028055073 -0.10022910415980663 0
      vertex -1.1325289159640393 -0.19969540431696953 0
    endloop
  endfacet
  facet normal 0 0 1
    outer loop
      vertex -1.0683390261288011 -0.093467553588595764 0
      vertex -1.1325289159640393 -0.19969540431696953 0
      vertex -1.0561274395381899 -0.18622376265713056 0
    endloop
  endfacet
  facet normal 0 0 1
    outer loop
      vertex -1.0561274395381899 -0.18622376265713056 0
      vertex -1.1325289159640393 -0.19969540431696953 0
      vertex -1.1108147002324287 -0.29764190186789841 0
    endloop
  endfacet
  facet normal 0 0 1
    outer loop
      vertex -1.0561274395381899 -0.18622376265713056 0
      vertex -1.1108147002324287 -0.29764190186789841 0
      vertex -1.0358780854255094 -0.27756269644686232 0
    endloop
  endfacet
  facet normal 0 0 1
    outer loop
      vertex -1.0358780854255094 -0.27756269644686232 0
      vertex -1.1108147002324287 -0.29764190186789841 0
      vertex -1.0806465139037946 -0.3933231648245189 0
    endloop
  endfacet
  facet normal 0 0 1
    outer loop
      vertex -1.0358780854255094 -0.27756269644686232 0
      vertex -1.0806465139037946 -0.3933231648245189 0
      vertex -1.0077450736024514 -0.36678921051969554 0
    endloop
  endfacet
  facet normal 0 0 1
    outer loop
      vertex -1.0077450736024514 -0.36678921051969554 0
      vertex -1.0806465139037946 -0.3933231648245189 0
      vertex -1.0422539550921477 -0.48601100100180367 0
    endloop
  endfacet
  facet normal 0 0 1
    outer loop
      vertex -1.0077450736024514 -0.36678921051969554 0
      vertex -1.0422539550921477 -0.48601100100180367 0
      vertex -0.97194251327616732 -0.45322423722709243 0
    endloop
  endfacet
  facet normal 0 0 1
    outer loop
      vertex -0.97194251327616732 -0.45322423722709243 0
      vertex -1.0422539550921477 -0.48601100100180367 0
      vertex -0.99592921435210435 -0.57500000000000007 0
    endloop
  endfacet
  facet normal 0 0 1
    outer loop
      vertex -0.97194251327616732 -0.45322423722709243 0
      vertex -0.99592921435210435 -0.57500000000000007 0
      vertex -0.92874288354891521 -0.53620995382491565 0
    endloop
  endfacet
  facet normal 0 0 1
    outer loop
      vertex -0.92874288354891521 -0.53620995382491565 0
      vertex -0.99592921435210435 -0.57500000000000007 0
      vertex -0.94202485093234078 -0.65961290180370269 0
    endloop
  endfacet
  facet normal 0 0 1
    outer loop
      vertex -0.92874288354891521 -0.53620995382491565 0
      vertex -0.94202485093234078 -0.65961290180370269 0
      vertex -0.87847495968757094 -0.61511478890170768 0
    endloop
  endfacet
  facet normal 0 0 1
    outer loop
      vertex -0.87847495968757094 -0.61511478890170768 0
      vertex -0.94202485093234078 -0.65961290180370269 0
      vertex -0.88095110958682499 -0.7392057511395197 0
    endloop
  endfacet
  facet normal 0 0 1
    outer loop
      vertex -0.87847495968757094 -0.61511478890170768 0
      vertex -0.88095110958682499 -0.7392057511395197 0
      vertex -0.82152131094532088 -0.68933822901849362 0
    endloop
  endfacet
  facet normal 0 0 1
    outer loop
      vertex -0.82152131094532088 -0.68933822901849362 0
      vertex -0.88095110958682499 -0.7392057511395197 0
      vertex -0.81317279836452983 -0.81317279836452949 0
    endloop
  endfacet
  facet normal 0 0 1
    outer loop
      vertex -0.82152131094532088 -0.68933822901849362 0
      vertex -0.81317279836452983 -0.81317279836452949 0
      vertex -0.7583153889786467 -0.75831538897864637 0
    endloop
  endfacet
  facet normal 0 0 1
    outer loop
      vertex -0.7583153889786467 -0.75831538897864637 0
      vertex -0.81317279836452983 -0.81317279836452949 0
      vertex -0.73920575113952036 -0.88095110958682454 0
    endloop
  endfacet
  facet normal 0 0 1
    outer loop
      vertex -0.7583153889786467 -0.75831538897864637 0
      vertex -0.73920575113952036 -0.88095110958682454 0
      vertex -0.68933822901849418 -0.82152131094532044 0
    endloop
  endfacet
  facet normal 0 0 1
    outer loop
      vertex -0.68933822901849418 -0.82152131094532044 0
      vertex -0.73920575113952036 -0.88095110958682454 0
      vertex -0.65961290180370236 -0.9420248509323409 0
    endloop
  endfacet
  facet normal 0 0 1
    outer loop
      vertex -0.68933822901849418 -0.82152131094532044 0
      vertex -0.65961290180370236 -0.9420248509323409 0
      vertex -0.61511478890170734 -0.87847495968757117 0
    endloop
  endfacet
  facet normal 0 0 1
    outer loop
      vertex -0.61511478890170734 -0.87847495968757117 0
      vertex -0.65961290180370236 -0.9420248509323409 0
      vertex -0.57500000000000051 -0.99592921435210413 0
    endloop
  endfacet
  facet normal 0 0 1
    outer loop
      vertex -0.61511478890170734 -0.87847495968757117 0
      vertex -0.57500000000000051 -0.99592921435210413 0
      vertex -0.53620995382491599 -0.9287428835489151 0
    endloop
  endfacet
  facet normal 0 0 1
    outer loop
      vertex -0.53620995382491599 -0.9287428835489151 0
      vertex -0.57500000000000051 -0.99592921435210413 0
      vertex -0.48601100100180489 -1.042253955092147 0
    endloop
  endfacet
  facet normal 0 0 1
    outer loop
      vertex -0.53620995382491599 -0.9287428835489151 0
      vertex -0.48601100100180489 -1.042253955092147 0
      vertex -0.4532242372270936 -0.97194251327616665 0
    endloop
  endfacet
  facet normal 0 0 1
    outer loop
      vertex -0.4532242372270936 -0.97194251327616665 0
      vertex -0.48601100100180489 -1.042253955092147 0
      vertex -0.39332316482451879 -1.0806465139037946 0
    endloop
  endfacet
  facet normal 0 0 1
    outer loop
      vertex -0.4532242372270936 -0.97194251327616665 0
      vertex -0.39332316482451879 -1.0806465139037946 0
      vertex -0.36678921051969543 -1.0077450736024516 0
    endloop
  endfacet
  facet normal 0 0 1
    outer loop
      vertex -0.36678921051969543 -1.0077450736024516 0
      vertex -0.39332316482451879 -1.0806465139037946 0
      vertex -0.29764190186789868 -1.1108147002324285 0
    endloop
  endfacet
  facet normal 0 0 1
    outer loop
      vertex -0.36678921051969543 -1.0077450736024516 0
      vertex -0.29764190186789868 -1.1108147002324285 0
      vertex -0.2775626964468626 -1.0358780854255092 0
    endloop
  endfacet
  facet normal 3.6936444202778047e-06 -9.897090395411578e-07 0.99999999999268874
    outer loop
      vertex -0.2775626964468626 -1.0358780854255092 0
      vertex -0.29764190186789868 -1.1108147002324285 0
      vertex -0.19969884486625794 -1.1324989849307354 -3.8322795858376153e-07
    endloop
  endfacet
  facet normal -3.8087407214602153e-06 3.3322163543731725e-07 0.99999999999269129
    outer loop
      vertex -0.19969884486625794 -1.1324989849307354 -3.8322795858376153e-07
      vertex -0.10022910415980697 -1.1456239028055073 0
      vertex -0.09346755358859607 -1.0683390261288008 0
    endloop
  endfacet
  facet normal 0 0 1
    outer loop
      vertex -0.09346755358859607 -1.0683390261288008 0
      vertex -0.10022910415980697 -1.1456239028055073 0
      vertex -2.1125157285291839e-16 -1.1499999999999999 0
    endloop
  endfacet
  facet normal 0 0 1
    outer loop
      vertex -0.09346755358859607 -1.0683390261288008 0
      vertex -2.1125157285291839e-16 -1.1499999999999999 0
      vertex -1.9700034108678986e-16 -1.0724199076498311 0
    endloop
  endfacet
  facet normal 0 0 1
    outer loop
      vertex -1.9700034108678986e-16 -1.0724199076498311 0
      vertex -2.1125157285291839e-16 -1.1499999999999999 0
      vertex 0.10022910415980657 -1.1456239028055073 0
    endloop
  endfacet
  facet normal 0 0 1
    outer loop
      vertex -1.9700034108678986e-16 -1.0724199076498311 0
      vertex 0.10022910415980657 -1.1456239028055073 0
      vertex 0.093467553588595709 -1.0683390261288011 -0
    endloop
  endfacet
  facet normal 0 0 1
    outer loop
      vertex 0.093467553588595709 -1.0683390261288011 -0
      vertex 0.10022910415980657 -1.1456239028055073 0
      vertex 0.19969540431696944 -1.1325289159640393 0
    endloop
  endfacet
  facet normal -0 0 1
    outer loop
      vertex 0.093467553588595709 -1.0683390261288011 -0
      vertex 0.19969540431696944 -1.1325289159640393 0
      vertex 0.1862237626571305 -1.0561274395381899 -0
    endloop
  endfacet
  facet normal 0 0 1
    outer loop
      vertex 0.1862237626571305 -1.0561274395381899 -0
      vertex 0.19969540431696944 -1.1325289159640393 0
      vertex 0.2976419018678983 -1.1108147002324287 0
    endloop
  endfacet
  facet normal -0 0 1
    outer loop
      vertex 0.1862237626571305 -1.0561274395381899 -0
      vertex 0.2976419018678983 -1.1108147002324287 0
      vertex 0.27756269644686227 -1.0358780854255094 -0
    endloop
  endfacet
  facet normal 0 0 1
    outer loop
      vertex 0.27756269644686227 -1.0358780854255094 -0
      vertex 0.2976419018678983 -1.1108147002324287 0
      vertex 0.39332316482451929 -1.0806465139037944 0
    endloop
  endfacet
  facet normal -0 0 1
    outer loop
      vertex 0.27756269644686227 -1.0358780854255094 -0
      vertex 0.39332316482451929 -1.0806465139037944 0
      vertex 0.36678921051969587 -1.0077450736024514 -0
    endloop
  endfacet
  facet normal 0 0 1
    outer loop
      vertex 0.36678921051969587 -1.0077450736024514 -0
      vertex 0.39332316482451929 -1.0806465139037944 0
      vertex 0.48601100100180361 -1.0422539550921477 0
    endloop
  endfacet
  facet normal -0 0 1
    outer loop
      vertex 0.36678921051969587 -1.0077450736024514 -0
      vertex 0.48601100100180361 -1.0422539550921477 0
      vertex 0.45322423722709226 -0.9719425132761671 -0
    endloop
  endfacet
  facet normal 0 0 1
    outer loop
      vertex 0.45322423722709226 -0.9719425132761671 -0
      vertex 0.48601100100180361 -1.0422539550921477 0
      vertex 0.57499999999999918 -0.9959292143521048 0
    endloop
  endfacet
  facet normal -0 0 1
    outer loop
      vertex 0.45322423722709226 -0.9719425132761671 -0
      vertex 0.57499999999999918 -0.9959292143521048 0
      vertex 0.53620995382491476 -0.92874288354891565 -0
    endloop
  endfacet
  facet normal 0 0 1
    outer loop
      vertex 0.53620995382491476 -0.92874288354891565 -0
      vertex 0.57499999999999918 -0.9959292143521048 0
      vertex 0.65961290180370291 -0.94202485093234045 0
    endloop
  endfacet
  facet normal -0 0 1
    outer loop
      vertex 0.53620995382491476 -0.92874288354891565 -0
      vertex 0.65961290180370291 -0.94202485093234045 0
      vertex 0.6151147889017079 -0.87847495968757083 -0
    endloop
  endfacet
  facet normal 0 0 1
    outer loop
      vertex 0.6151147889017079 -0.87847495968757083 -0
      vertex 0.65961290180370291 -0.94202485093234045 0
      vertex 0.73920575113952003 -0.88095110958682477 0
    endloop
  endfacet
  facet normal -0 0 1
    outer loop
      vertex 0.6151147889017079 -0.87847495968757083 -0
      vertex 0.73920575113952003 -0.88095110958682477 0
      vertex 0.68933822901849384 -0.82152131094532055 -0
    endloop
  endfacet
  facet normal -0 0 1
    outer loop
      vertex 0.68933822901849384 -0.82152131094532055 -0
      vertex 0.73920575113952003 -0.88095110958682477 0
      vertex 0.81317279836452938 -0.81317279836452983 0
    endloop
  endfacet
  facet normal 0 0 1
    outer loop
      vertex 0.68933822901849384 -0.82152131094532055 -0
      vertex 0.81317279836452938 -0.81317279836452983 0
      vertex 0.75831538897864637 -0.7583153889786467 -0
    endloop
  endfacet
  facet normal -0 0 1
    outer loop
      vertex 0.75831538897864637 -0.7583153889786467 -0
      vertex 0.81317279836452938 -0.81317279836452983 0
      vertex 0.88095110958682443 -0.73920575113952047 0
    endloop
  endfacet
  facet normal 0 0 1
    outer loop
      vertex 0.75831538897864637 -0.7583153889786467 -0
      vertex 0.88095110958682443 -0.73920575113952047 0
      vertex 0.82152131094532033 -0.68933822901849429 -0
    endloop
  endfacet
  facet normal -0 0 1
    outer loop
      vertex 0.82152131094532033 -0.68933822901849429 -0
      vertex 0.88095110958682443 -0.73920575113952047 0
      vertex 0.94202485093234023 -0.65961290180370347 0
    endloop
  endfacet
  facet normal 0 0 1
    outer loop
      vertex 0.82152131094532033 -0.68933822901849429 -0
      vertex 0.94202485093234023 -0.65961290180370347 0
      vertex 0.87847495968757028 -0.61511478890170845 -0
    endloop
  endfacet
  facet normal -0 0 1
    outer loop
      vertex 0.87847495968757028 -0.61511478890170845 -0
      vertex 0.94202485093234023 -0.65961290180370347 0
      vertex 0.99592921435210457 -0.57499999999999962 0
    endloop
  endfacet
  facet normal 0 0 1
    outer loop
      vertex 0.87847495968757028 -0.61511478890170845 -0
      vertex 0.99592921435210457 -0.57499999999999962 0
      vertex 0.92874288354891543 -0.5362099538249151 -0
    endloop
  endfacet
  facet normal -0 0 1
    outer loop
      vertex 0.92874288354891543 -0.5362099538249151 -0
      vertex 0.99592921435210457 -0.57499999999999962 0
      vertex 1.042253955092147 -0.48601100100180494 0
    endloop
  endfacet
  facet normal 0 0 1
    outer loop
      vertex 0.92874288354891543 -0.5362099538249151 -0
      vertex 1.042253955092147 -0.48601100100180494 0
      vertex 0.97194251327616654 -0.45322423722709354 -0
    endloop
  endfacet
  facet normal -0 0 1
    outer loop
      vertex 0.97194251327616654 -0.45322423722709354 -0
      vertex 1.042253955092147 -0.48601100100180494 0
      vertex 1.0806465139037946 -0.39332316482451884 0
    endloop
  endfacet
  facet normal 0 0 1
    outer loop
      vertex 0.97194251327616654 -0.45322423722709354 -0
      vertex 1.0806465139037946 -0.39332316482451884 0
      vertex 1.0077450736024516 -0.36678921051969549 -0
    endloop
  endfacet
  facet normal -0 0 1
    outer loop
      vertex 1.0077450736024516 -0.36678921051969549 -0
      vertex 1.0806465139037946 -0.39332316482451884 0
      vertex 1.1108147002324285 -0.29764190186789874 0
    endloop
  endfacet
  facet normal 0 0 1
    outer loop
      vertex 1.0077450736024516 -0.36678921051969549 -0
      vertex 1.1108147002324285 -0.29764190186789874 0
      vertex 1.0358780854255092 -0.27756269644686266 -0
    endloop
  endfacet
  facet normal -0 0 1
    outer loop
      vertex 1.0358780854255092 -0.27756269644686266 -0
      vertex 1.1108147002324285 -0.29764190186789874 0
      vertex 1.132528915964039 -0.19969540431696992 0
    endloop
  endfacet
  facet normal 0 0 1
    outer loop
      vertex 1.0358780854255092 -0.27756269644686266 -0
      vertex 1.132528915964039 -0.19969540431696992 0
      vertex 1.0561274395381894 -0.18622376265713092 -0
    endloop
  endfacet
  facet normal -0 0 1
    outer loop
      vertex 1.0561274395381894 -0.18622376265713092 -0
      vertex 1.132528915964039 -0.19969540431696992 0
      vertex 1.1456239028055073 -0.10022910415980706 0
    endloop
  endfacet
  facet normal 0 0 1
    outer loop
      vertex 1.0561274395381894 -0.18622376265713092 -0
      vertex 1.1456239028055073 -0.10022910415980706 0
      vertex 1.0683390261288011 -0.093467553588596167 -0
    endloop
  endfacet
  facet normal -0 0 1
    outer loop
      vertex 1.0683390261288011 -0.093467553588596167 -0
      vertex 1.1456239028055073 -0.10022910415980706 0
      vertex 1.1499999999999999 0 0
    endloop
  endfacet
  facet normal 0 0 1
    outer loop
      vertex 1.0683390261288011 -0.093467553588596167 -0
      vertex 1.1499999999999999 0 0
      vertex 1.0724199076498311 0 -0
    endloop
  endfacet
  facet normal 0 0 -1
    outer loop
      vertex 0.16 0 -0.17999999999999999
      vertex 0.1593911516946793 0.013944918839625307 -0.17999999999999999
      vertex 0.22808981729736855 -0.019955273279218949 -0.17999999999999999
    endloop
  endfacet
  facet normal 0 0 -1
    outer loop
      vertex 0.1593911516946793 0.013944918839625307 -0.17999999999999999
      vertex 0.15756924048195328 0.027783708426708853 -0.17999999999999999
      vertex 0.25779690943632971 0.050132573390768771 -0.17999999999999999
    endloop
  endfacet
  facet normal 0 0 -1
    outer loop
      vertex 0.1593911516946793 0.013944918839625307 -0.17999999999999999
      vertex 0.25779690943632971 0.050132573390768771 -0.17999999999999999
      vertex 0.22808981729736855 -0.019955273279218949 -0.17999999999999999
    endloop
  endfacet
  facet normal 0 0 -1
    outer loop
      vertex 0.15756924048195328 0.027783708426708853 -0.17999999999999999
      vertex 0.15454813220625094 0.041411047216403318 -0.17999999999999999
      vertex 0.25779690943632971 0.050132573390768771 -0.17999999999999999
    endloop
  endfacet
  facet normal 0 0 -1
    outer loop
      vertex 0.15454813220625094 0.041411047216403318 -0.17999999999999999
      vertex 0.15035081932574534 0.054723222932106998 -0.17999999999999999
      vertex 0.25779690943632971 0.050132573390768771 -0.17999999999999999
    endloop
  endfacet
  facet normal 0 0 -1
    outer loop
      vertex 0.15035081932574534 0.054723222932106998 -0.17999999999999999
      vertex 0.14500924592586401 0.067618921878511914 -0.17999999999999999
      vertex 0.17405746563891639 0.14605155522126684 -0.17999999999999999
    endloop
  endfacet
  facet normal 0 0 -1
    outer loop
      vertex 0.15035081932574534 0.054723222932106998 -0.17999999999999999
      vertex 0.17405746563891639 0.14605155522126684 -0.17999999999999999
      vertex 0.25779690943632971 0.050132573390768771 -0.17999999999999999
    endloop
  endfacet
  facet normal 0 0 -1
    outer loop
      vertex 0.14500924592586401 0.067618921878511914 -0.17999999999999999
      vertex 0.13856406460551018 0.079999999999999988 -0.17999999999999999
      vertex 0.17405746563891639 0.14605155522126684 -0.17999999999999999
    endloop
  endfacet
  facet normal 0 0 -1
    outer loop
      vertex 0.13856406460551018 0.079999999999999988 -0.17999999999999999
      vertex 0.13106432708623869 0.091772229816167367 -0.17999999999999999
      vertex 0.17405746563891639 0.14605155522126684 -0.17999999999999999
    endloop
  endfacet
  facet normal 0 0 -1
    outer loop
      vertex 0.13106432708623869 0.091772229816167367 -0.17999999999999999
      vertex 0.12256711089903649 0.10284601754984628 -0.17999999999999999
      vertex 0.17405746563891639 0.14605155522126684 -0.17999999999999999
    endloop
  endfacet
  facet normal 0 0 -1
    outer loop
      vertex 0.12256711089903649 0.10284601754984628 -0.17999999999999999
      vertex 0.11313708498984762 0.11313708498984762 -0.17999999999999999
      vertex 0.17405746563891639 0.14605155522126684 -0.17999999999999999
    endloop
  endfacet
  facet normal 0 0 -1
    outer loop
      vertex 0.11313708498984762 0.11313708498984762 -0.17999999999999999
      vertex 0.10284601754984631 0.12256711089903649 -0.17999999999999999
      vertex 0.17405746563891639 0.14605155522126684 -0.17999999999999999
    endloop
  endfacet
  facet normal 0 0 -1
    outer loop
      vertex 0.10284601754984631 0.12256711089903649 -0.17999999999999999
      vertex 0.091772229816167381 0.13106432708623866 -0.17999999999999999
      vertex 0.17405746563891639 0.14605155522126684 -0.17999999999999999
    endloop
  endfacet
  facet normal 2.3416515577435745e-16 3.6756566768247779e-16 -1
    outer loop
      vertex 0.091772229816167381 0.13106432708623866 -0.17999999999999999
      vertex 0.080000000000000016 0.13856406460551018 -0.17999999999999999
      vertex 0.07830930254156708 0.21515304046619604 -0.17999999999999997
    endloop
  endfacet
  facet normal -5.8415573573876946e-17 3.2072236466550412e-16 -1
    outer loop
      vertex 0.091772229816167381 0.13106432708623866 -0.17999999999999999
      vertex 0.07830930254156708 0.21515304046619604 -0.17999999999999997
      vertex 0.17405746563891639 0.14605155522126684 -0.17999999999999999
    endloop
  endfacet
  facet normal 1.9084475964508257e-16 3.6660937230431139e-16 -1
    outer loop
      vertex 0.080000000000000016 0.13856406460551018 -0.17999999999999999
      vertex 0.067618921878511914 0.14500924592586401 -0.17999999999999999
      vertex 0.07830930254156708 0.21515304046619604 -0.17999999999999997
    endloop
  endfacet
  facet normal 1.5416982257129388e-16 3.7219887656027173e-16 -1
    outer loop
      vertex 0.067618921878511914 0.14500924592586401 -0.17999999999999999
      vertex 0.054723222932107012 0.15035081932574534 -0.17999999999999999
      vertex 0.07830930254156708 0.21515304046619604 -0.17999999999999997
    endloop
  endfacet
  facet normal 1.2114389031481343e-16 3.8421933286052263e-16 -1
    outer loop
      vertex 0.054723222932107012 0.15035081932574534 -0.17999999999999999
      vertex 0.041411047216403353 0.15454813220625091 -0.17999999999999999
      vertex 0.07830930254156708 0.21515304046619604 -0.17999999999999997
    endloop
  endfacet
  facet normal 8.9456394487678573e-17 4.0351171932251877e-16 -1
    outer loop
      vertex 0.041411047216403353 0.15454813220625091 -0.17999999999999999
      vertex 0.027783708426708867 0.15756924048195328 -0.17999999999999999
      vertex 0.07830930254156708 0.21515304046619604 -0.17999999999999997
    endloop
  endfacet
  facet normal 0 0 -1
    outer loop
      vertex 0.027783708426708867 0.15756924048195328 -0.17999999999999999
      vertex 0.013944918839625302 0.1593911516946793 -0.17999999999999999
      vertex 1.3787690814167097e-17 0.27008298707074729 -0.17999999999999999
    endloop
  endfacet
  facet normal 4.2868988411868355e-16 1.0585901818168915e-16 -1
    outer loop
      vertex 0.027783708426708867 0.15756924048195328 -0.17999999999999999
      vertex 1.3787690814167097e-17 0.27008298707074729 -0.17999999999999999
      vertex 0.07830930254156708 0.21515304046619604 -0.17999999999999997
    endloop
  endfacet
  facet normal 0 0 -1
    outer loop
      vertex 0.013944918839625302 0.1593911516946793 -0.17999999999999999
      vertex 9.7971743931788255e-18 0.16 -0.17999999999999999
      vertex 1.3787690814167097e-17 0.27008298707074729 -0.17999999999999999
    endloop
  endfacet
  facet normal -0 0 -1
    outer loop
      vertex 9.7971743931788255e-18 0.16 -0.17999999999999999
      vertex -0.013944918839625283 0.1593911516946793 -0.17999999999999999
      vertex 1.3787690814167097e-17 0.27008298707074729 -0.17999999999999999
    endloop
  endfacet
  facet normal 3.5553842752848555e-17 -2.700582473131305e-16 -1
    outer loop
      vertex -0.013944918839625283 0.1593911516946793 -0.17999999999999999
      vertex -0.02778370842670885 0.15756924048195328 -0.17999999999999999
      vertex -0.073387870308881484 0.25434159487293889 -0.18000000000000002
    endloop
  endfacet
  facet normal 3.8870755541779011e-16 -4.8969242349577727e-17 -1
    outer loop
      vertex -0.013944918839625283 0.1593911516946793 -0.17999999999999999
      vertex -0.073387870308881484 0.25434159487293889 -0.18000000000000002
      vertex 1.3787690814167097e-17 0.27008298707074729 -0.17999999999999999
    endloop
  endfacet
  facet normal 5.7570321451175723e-17 -2.5968293852837853e-16 -1
    outer loop
      vertex -0.02778370842670885 0.15756924048195328 -0.17999999999999999
      vertex -0.041411047216403339 0.15454813220625094 -0.17999999999999999
      vertex -0.073387870308881484 0.25434159487293889 -0.18000000000000002
    endloop
  endfacet
  facet normal 7.9647256683570377e-17 -2.5260882532009889e-16 -1
    outer loop
      vertex -0.041411047216403339 0.15454813220625094 -0.17999999999999999
      vertex -0.054723222932106963 0.15035081932574534 -0.17999999999999999
      vertex -0.073387870308881484 0.25434159487293889 -0.18000000000000002
    endloop
  endfacet
  facet normal 1.0290492029103421e-16 -2.4843445420153798e-16 -1
    outer loop
      vertex -0.054723222932106963 0.15035081932574534 -0.17999999999999999
      vertex -0.067618921878511901 0.14500924592586401 -0.17999999999999999
      vertex -0.073387870308881484 0.25434159487293889 -0.18000000000000002
    endloop
  endfacet
  facet normal -0 0 -1
    outer loop
      vertex -0.067618921878511901 0.14500924592586401 -0.17999999999999999
      vertex -0.07999999999999996 0.13856406460551018 -0.17999999999999999
      vertex -0.15414280269359154 0.16821735095815987 -0.17999999999999999
    endloop
  endfacet
  facet normal -6.9071005257469172e-17 -2.5750880644320302e-16 -1
    outer loop
      vertex -0.067618921878511901 0.14500924592586401 -0.17999999999999999
      vertex -0.15414280269359154 0.16821735095815987 -0.17999999999999999
      vertex -0.073387870308881484 0.25434159487293889 -0.18000000000000002
    endloop
  endfacet
  facet normal -0 0 -1
    outer loop
      vertex -0.07999999999999996 0.13856406460551018 -0.17999999999999999
      vertex -0.091772229816167381 0.13106432708623866 -0.17999999999999999
      vertex -0.15414280269359154 0.16821735095815987 -0.17999999999999999
    endloop
  endfacet
  facet normal -0 0 -1
    outer loop
      vertex -0.091772229816167381 0.13106432708623866 -0.17999999999999999
      vertex -0.10284601754984631 0.12256711089903649 -0.17999999999999999
      vertex -0.15414280269359154 0.16821735095815987 -0.17999999999999999
    endloop
  endfacet
  facet normal -0 0 -1
    outer loop
      vertex -0.10284601754984631 0.12256711089903649 -0.17999999999999999
      vertex -0.11313708498984759 0.11313708498984762 -0.17999999999999999
      vertex -0.15414280269359154 0.16821735095815987 -0.17999999999999999
    endloop
  endfacet
  facet normal -0 0 -1
    outer loop
      vertex -0.11313708498984759 0.11313708498984762 -0.17999999999999999
      vertex -0.12256711089903646 0.10284601754984632 -0.17999999999999999
      vertex -0.15414280269359154 0.16821735095815987 -0.17999999999999999
    endloop
  endfacet
  facet normal -0 0 -1
    outer loop
      vertex -0.12256711089903646 0.10284601754984632 -0.17999999999999999
      vertex -0.13106432708623872 0.091772229816167353 -0.17999999999999999
      vertex -0.15414280269359154 0.16821735095815987 -0.17999999999999999
    endloop
  endfacet
  facet normal -0 0 -1
    outer loop
      vertex -0.13106432708623872 0.091772229816167353 -0.17999999999999999
      vertex -0.13856406460551016 0.080000000000000057 -0.17999999999999999
      vertex -0.24477831432833708 0.11414200252157504 -0.17999999999999999
    endloop
  endfacet
  facet normal 0 0 -1
    outer loop
      vertex -0.13106432708623872 0.091772229816167353 -0.17999999999999999
      vertex -0.24477831432833708 0.11414200252157504 -0.17999999999999999
      vertex -0.15414280269359154 0.16821735095815987 -0.17999999999999999
    endloop
  endfacet
  facet normal -0 0 -1
    outer loop
      vertex -0.13856406460551016 0.080000000000000057 -0.17999999999999999
      vertex -0.14500924592586401 0.067618921878511914 -0.17999999999999999
      vertex -0.24477831432833708 0.11414200252157504 -0.17999999999999999
    endloop
  endfacet
  facet normal -0 0 -1
    outer loop
      vertex -0.14500924592586401 0.067618921878511914 -0.17999999999999999
      vertex -0.15035081932574534 0.054723222932107018 -0.17999999999999999
      vertex -0.24477831432833708 0.11414200252157504 -0.17999999999999999
    endloop
  endfacet
  facet normal 0 0 -1
    outer loop
      vertex -0.15035081932574534 0.054723222932107018 -0.17999999999999999
      vertex -0.15454813220625094 0.041411047216403291 -0.17999999999999999
      vertex -0.2615268221834568 0.040977404378583548 -0.17999999999999999
    endloop
  endfacet
  facet normal -0 0 -1
    outer loop
      vertex -0.15035081932574534 0.054723222932107018 -0.17999999999999999
      vertex -0.2615268221834568 0.040977404378583548 -0.17999999999999999
      vertex -0.24477831432833708 0.11414200252157504 -0.17999999999999999
    endloop
  endfacet
  facet normal 0 0 -1
    outer loop
      vertex -0.15454813220625094 0.041411047216403291 -0.17999999999999999
      vertex -0.15756924048195328 0.027783708426708846 -0.17999999999999999
      vertex -0.2615268221834568 0.040977404378583548 -0.17999999999999999
    endloop
  endfacet
  facet normal -0 0 -1
    outer loop
      vertex -0.15756924048195328 0.027783708426708846 -0.17999999999999999
      vertex -0.1593911516946793 0.013944918839625311 -0.17999999999999999
      vertex -0.2615268221834568 0.040977404378583548 -0.17999999999999999
    endloop
  endfacet
  facet normal -0 0 -1
    outer loop
      vertex -0.1593911516946793 0.013944918839625311 -0.17999999999999999
      vertex -0.16 1.9594348786357651e-17 -0.17999999999999999
      vertex -0.2615268221834568 0.040977404378583548 -0.17999999999999999
    endloop
  endfacet
  facet normal -2.5143366286469888e-16 -1.0977830799613584e-17 -1
    outer loop
      vertex -0.16 1.9594348786357651e-17 -0.17999999999999999
      vertex -0.1593911516946793 -0.013944918839625271 -0.17999999999999999
      vertex -0.26949489038168489 -0.020484398611892347 -0.17999999999999997
    endloop
  endfacet
  facet normal -1.732042719809809e-16 -4.2913599798475073e-16 -1
    outer loop
      vertex -0.16 1.9594348786357651e-17 -0.17999999999999999
      vertex -0.26949489038168489 -0.020484398611892347 -0.17999999999999997
      vertex -0.2615268221834568 0.040977404378583548 -0.17999999999999999
    endloop
  endfacet
  facet normal -2.5012982719332521e-16 -3.2930216471104835e-17 -1
    outer loop
      vertex -0.1593911516946793 -0.013944918839625271 -0.17999999999999999
      vertex -0.15756924048195331 -0.027783708426708804 -0.17999999999999999
      vertex -0.26949489038168489 -0.020484398611892347 -0.17999999999999997
    endloop
  endfacet
  facet normal 0 -0 -1
    outer loop
      vertex -0.15756924048195331 -0.027783708426708804 -0.17999999999999999
      vertex -0.15454813220625094 -0.041411047216403256 -0.17999999999999999
      vertex -0.21213899625721949 -0.087870849357955486 -0.17999999999999999
    endloop
  endfacet
  facet normal -2.3411616884298451e-16 2.126189057891921e-16 -1
    outer loop
      vertex -0.15756924048195331 -0.027783708426708804 -0.17999999999999999
      vertex -0.21213899625721949 -0.087870849357955486 -0.17999999999999999
      vertex -0.26949489038168489 -0.020484398611892347 -0.17999999999999997
    endloop
  endfacet
  facet normal 0 -0 -1
    outer loop
      vertex -0.15454813220625094 -0.041411047216403256 -0.17999999999999999
      vertex -0.15035081932574534 -0.054723222932106984 -0.17999999999999999
      vertex -0.21213899625721949 -0.087870849357955486 -0.17999999999999999
    endloop
  endfacet
  facet normal 0 -0 -1
    outer loop
      vertex -0.15035081932574534 -0.054723222932106984 -0.17999999999999999
      vertex -0.14500924592586403 -0.067618921878511817 -0.17999999999999999
      vertex -0.21213899625721949 -0.087870849357955486 -0.17999999999999999
    endloop
  endfacet
  facet normal 0 -0 -1
    outer loop
      vertex -0.14500924592586403 -0.067618921878511817 -0.17999999999999999
      vertex -0.13856406460551018 -0.080000000000000016 -0.17999999999999999
      vertex -0.21213899625721949 -0.087870849357955486 -0.17999999999999999
    endloop
  endfacet
  facet normal 0 -0 -1
    outer loop
      vertex -0.13856406460551018 -0.080000000000000016 -0.17999999999999999
      vertex -0.13106432708623872 -0.091772229816167339 -0.17999999999999999
      vertex -0.22314722195469555 -0.15248745476998793 -0.17999999999999999
    endloop
  endfacet
  facet normal 0 0 -1
    outer loop
      vertex -0.13856406460551018 -0.080000000000000016 -0.17999999999999999
      vertex -0.22314722195469555 -0.15248745476998793 -0.17999999999999999
      vertex -0.21213899625721949 -0.087870849357955486 -0.17999999999999999
    endloop
  endfacet
  facet normal 0 -0 -1
    outer loop
      vertex -0.13106432708623872 -0.091772229816167339 -0.17999999999999999
      vertex -0.12256711089903653 -0.10284601754984624 -0.17999999999999999
      vertex -0.22314722195469555 -0.15248745476998793 -0.17999999999999999
    endloop
  endfacet
  facet normal 3.3802760981712225e-16 3.0974523655402642e-16 -1
    outer loop
      vertex -0.12256711089903653 -0.10284601754984624 -0.17999999999999999
      vertex -0.11313708498984763 -0.11313708498984759 -0.17999999999999999
      vertex -0.12259039071783713 -0.19242836820298681 -0.18000000000000002
    endloop
  endfacet
  facet normal -1.5293811254297862e-16 3.0987282410861186e-16 -1
    outer loop
      vertex -0.12256711089903653 -0.10284601754984624 -0.17999999999999999
      vertex -0.12259039071783713 -0.19242836820298681 -0.18000000000000002
      vertex -0.22314722195469555 -0.15248745476998793 -0.17999999999999999
    endloop
  endfacet
  facet normal 2.8916709559434018e-16 3.1557050965161455e-16 -1
    outer loop
      vertex -0.11313708498984763 -0.11313708498984759 -0.17999999999999999
      vertex -0.10284601754984632 -0.12256711089903646 -0.17999999999999999
      vertex -0.12259039071783713 -0.19242836820298681 -0.18000000000000002
    endloop
  endfacet
  facet normal 2.505256963469646e-16 3.2649144402807558e-16 -1
    outer loop
      vertex -0.10284601754984632 -0.12256711089903646 -0.17999999999999999
      vertex -0.091772229816167297 -0.13106432708623875 -0.17999999999999999
      vertex -0.12259039071783713 -0.19242836820298681 -0.18000000000000002
    endloop
  endfacet
  facet normal 2.1830647985541803e-16 3.4267253282033925e-16 -1
    outer loop
      vertex -0.091772229816167297 -0.13106432708623875 -0.17999999999999999
      vertex -0.080000000000000071 -0.13856406460551016 -0.17999999999999999
      vertex -0.12259039071783713 -0.19242836820298681 -0.18000000000000002
    endloop
  endfacet
  facet normal 1.9002500381195284e-16 3.6503463600038956e-16 -1
    outer loop
      vertex -0.080000000000000071 -0.13856406460551016 -0.17999999999999999
      vertex -0.067618921878511998 -0.14500924592586395 -0.17999999999999999
      vertex -0.12259039071783713 -0.19242836820298681 -0.18000000000000002
    endloop
  endfacet
  facet normal 1.637967149636956e-16 3.9544025073751407e-16 -1
    outer loop
      vertex -0.067618921878511998 -0.14500924592586395 -0.17999999999999999
      vertex -0.05472322293210697 -0.15035081932574534 -0.17999999999999999
      vertex -0.12259039071783713 -0.19242836820298681 -0.18000000000000002
    endloop
  endfacet
  facet normal 1.3105317645740475e-16 4.1564757328549262e-16 -1
    outer loop
      vertex -0.05472322293210697 -0.15035081932574534 -0.17999999999999999
      vertex -0.041411047216403304 -0.15454813220625094 -0.17999999999999999
      vertex -0.019955273279218977 -0.22808981729736852 -0.18000000000000002
    endloop
  endfacet
  facet normal 1.4687970042335082e-16 4.2272581976133598e-16 -1
    outer loop
      vertex -0.05472322293210697 -0.15035081932574534 -0.17999999999999999
      vertex -0.019955273279218977 -0.22808981729736852 -0.18000000000000002
      vertex -0.12259039071783713 -0.19242836820298681 -0.18000000000000002
    endloop
  endfacet
  facet normal 8.9456394487678031e-17 4.0351171932251902e-16 -1
    outer loop
      vertex -0.041411047216403304 -0.15454813220625094 -0.17999999999999999
      vertex -0.027783708426708853 -0.15756924048195328 -0.17999999999999999
      vertex -0.019955273279218977 -0.22808981729736852 -0.18000000000000002
    endloop
  endfacet
  facet normal 5.2584455436456267e-17 3.9941859364687088e-16 -1
    outer loop
      vertex -0.027783708426708853 -0.15756924048195328 -0.17999999999999999
      vertex -0.01394491883962532 -0.1593911516946793 -0.17999999999999999
      vertex -0.019955273279218977 -0.22808981729736852 -0.18000000000000002
    endloop
  endfacet
  facet normal 1.757273151132059e-17 4.0248172258081966e-16 -1
    outer loop
      vertex -0.01394491883962532 -0.1593911516946793 -0.17999999999999999
      vertex -2.9391523179536474e-17 -0.16 -0.17999999999999999
      vertex -0.019955273279218977 -0.22808981729736852 -0.18000000000000002
    endloop
  endfacet
  facet normal -1.8028276120378862e-17 4.1291540950354217e-16 -1
    outer loop
      vertex -2.9391523179536474e-17 -0.16 -0.17999999999999999
      vertex 0.013944918839625262 -0.1593911516946793 -0.17999999999999999
      vertex -0.019955273279218977 -0.22808981729736852 -0.18000000000000002
    endloop
  endfacet
  facet normal -5.9843771904841438e-17 4.5455857656718736e-16 -1
    outer loop
      vertex 0.013944918839625262 -0.1593911516946793 -0.17999999999999999
      vertex 0.027783708426708797 -0.15756924048195331 -0.17999999999999999
      vertex 0.087313131753852025 -0.21079254685341867 -0.18000000000000002
    endloop
  endfacet
  facet normal -7.0781181950161038e-17 4.3894697251525382e-16 -1
    outer loop
      vertex 0.013944918839625262 -0.1593911516946793 -0.17999999999999999
      vertex 0.087313131753852025 -0.21079254685341867 -0.18000000000000002
      vertex -0.019955273279218977 -0.22808981729736852 -0.18000000000000002
    endloop
  endfacet
  facet normal -9.2640795897455194e-17 4.1787562584067053e-16 -1
    outer loop
      vertex 0.027783708426708797 -0.15756924048195331 -0.17999999999999999
      vertex 0.041411047216403249 -0.15454813220625094 -0.17999999999999999
      vertex 0.087313131753852025 -0.21079254685341867 -0.18000000000000002
    endloop
  endfacet
  facet normal -1.2375049769340621e-16 3.9248643527427037e-16 -1
    outer loop
      vertex 0.041411047216403249 -0.15454813220625094 -0.17999999999999999
      vertex 0.054723222932107039 -0.15035081932574534 -0.17999999999999999
      vertex 0.087313131753852025 -0.21079254685341867 -0.18000000000000002
    endloop
  endfacet
  facet normal -1.5548545303365611e-16 3.7537508946557617e-16 -1
    outer loop
      vertex 0.054723222932107039 -0.15035081932574534 -0.17999999999999999
      vertex 0.067618921878511817 -0.14500924592586403 -0.17999999999999999
      vertex 0.087313131753852025 -0.21079254685341867 -0.18000000000000002
    endloop
  endfacet
  facet normal -1.9002500381195281e-16 3.6503463600038951e-16 -1
    outer loop
      vertex 0.067618921878511817 -0.14500924592586403 -0.17999999999999999
      vertex 0.079999999999999891 -0.13856406460551024 -0.17999999999999999
      vertex 0.087313131753852025 -0.21079254685341867 -0.18000000000000002
    endloop
  endfacet
  facet normal -2.299757537309012e-16 3.6098962371812005e-16 -1
    outer loop
      vertex 0.079999999999999891 -0.13856406460551024 -0.17999999999999999
      vertex 0.091772229816167367 -0.13106432708623869 -0.17999999999999999
      vertex 0.087313131753852025 -0.21079254685341867 -0.18000000000000002
    endloop
  endfacet
  facet normal -2.9720231775695843e-16 3.8732160136808312e-16 -1
    outer loop
      vertex 0.091772229816167367 -0.13106432708623869 -0.17999999999999999
      vertex 0.10284601754984628 -0.1225671108990365 -0.17999999999999999
      vertex 0.18612435620753481 -0.13032567726094507 -0.18000000000000002
    endloop
  endfacet
  facet normal -2.9702553141509723e-16 3.6473963261864927e-16 -1
    outer loop
      vertex 0.091772229816167367 -0.13106432708623869 -0.17999999999999999
      vertex 0.18612435620753481 -0.13032567726094507 -0.18000000000000002
      vertex 0.087313131753852025 -0.21079254685341867 -0.18000000000000002
    endloop
  endfacet
  facet normal -3.025284904976338e-16 3.3015191349572208e-16 -1
    outer loop
      vertex 0.10284601754984628 -0.1225671108990365 -0.17999999999999999
      vertex 0.11313708498984758 -0.11313708498984763 -0.17999999999999999
      vertex 0.18612435620753481 -0.13032567726094507 -0.18000000000000002
    endloop
  endfacet
  facet normal -3.1278217926281553e-16 2.8661206153562396e-16 -1
    outer loop
      vertex 0.11313708498984758 -0.11313708498984763 -0.17999999999999999
      vertex 0.12256711089903645 -0.10284601754984633 -0.17999999999999999
      vertex 0.18612435620753481 -0.13032567726094507 -0.18000000000000002
    endloop
  endfacet
  facet normal -3.2791291712528166e-16 2.5161643101713766e-16 -1
    outer loop
      vertex 0.12256711089903645 -0.10284601754984633 -0.17999999999999999
      vertex 0.13106432708623866 -0.091772229816167436 -0.17999999999999999
      vertex 0.18612435620753481 -0.13032567726094507 -0.18000000000000002
    endloop
  endfacet
  facet normal -3.4859492640881768e-16 2.2207946068343374e-16 -1
    outer loop
      vertex 0.13106432708623866 -0.091772229816167436 -0.17999999999999999
      vertex 0.13856406460551021 -0.079999999999999946 -0.17999999999999999
      vertex 0.18612435620753481 -0.13032567726094507 -0.18000000000000002
    endloop
  endfacet
  facet normal -3.7630504503444566e-16 1.9589200740132346e-16 -1
    outer loop
      vertex 0.13856406460551021 -0.079999999999999946 -0.17999999999999999
      vertex 0.14500924592586395 -0.067618921878511998 -0.17999999999999999
      vertex 0.18612435620753481 -0.13032567726094507 -0.18000000000000002
    endloop
  endfacet
  facet normal -4.1371215453037639e-16 1.7136518532507567e-16 -1
    outer loop
      vertex 0.14500924592586395 -0.067618921878511998 -0.17999999999999999
      vertex 0.15035081932574534 -0.054723222932106977 -0.17999999999999999
      vertex 0.18612435620753481 -0.13032567726094507 -0.18000000000000002
    endloop
  endfacet
  facet normal 0 0 -1
    outer loop
      vertex 0.15035081932574534 -0.054723222932106977 -0.17999999999999999
      vertex 0.15454813220625094 -0.041411047216403311 -0.17999999999999999
      vertex 0.22808981729736855 -0.019955273279218949 -0.17999999999999999
    endloop
  endfacet
  facet normal -1.355146997605446e-16 3.0300253753775856e-16 -1
    outer loop
      vertex 0.15035081932574534 -0.054723222932106977 -0.17999999999999999
      vertex 0.22808981729736855 -0.019955273279218949 -0.17999999999999999
      vertex 0.18612435620753481 -0.13032567726094507 -0.18000000000000002
    endloop
  endfacet
  facet normal 0 0 -1
    outer loop
      vertex 0.15454813220625094 -0.041411047216403311 -0.17999999999999999
      vertex 0.15756924048195328 -0.027783708426708863 -0.17999999999999999
      vertex 0.22808981729736855 -0.019955273279218949 -0.17999999999999999
    endloop
  endfacet
  facet normal 0 0 -1
    outer loop
      vertex 0.15756924048195328 -0.027783708426708863 -0.17999999999999999
      vertex 0.1593911516946793 -0.013944918839625332 -0.17999999999999999
      vertex 0.22808981729736855 -0.019955273279218949 -0.17999999999999999
    endloop
  endfacet
  facet normal 0 0 -1
    outer loop
      vertex 0.1593911516946793 -0.013944918839625332 -0.17999999999999999
      vertex 0.16 0 -0.17999999999999999
      vertex 0.22808981729736855 -0.019955273279218949 -0.17999999999999999
    endloop
  endfacet
  facet normal 0 0 -1
    outer loop
      vertex 0.22808981729736855 -0.019955273279218949 -0.17999999999999999
      vertex 0.25779690943632971 0.050132573390768771 -0.17999999999999999
      vertex 0.29742923804640264 -0.039157302044325 -0.17999999999999999
    endloop
  endfacet
  facet normal 0 0 -1
    outer loop
      vertex 0.25779690943632971 0.050132573390768771 -0.17999999999999999
      vertex 0.17405746563891639 0.14605155522126684 -0.17999999999999999
      vertex 0.2825316359035967 0.1028331057074455 -0.17999999999999999
    endloop
  endfacet
  facet normal 2.0040288896251418e-16 5.0299206342193192e-16 -1
    outer loop
      vertex 0.17405746563891639 0.14605155522126684 -0.17999999999999999
      vertex 0.24628943763885627 0.17245372081615737 -0.17999999999999997
      vertex 0.2825316359035967 0.1028331057074455 -0.17999999999999999
    endloop
  endfacet
  facet normal 3.9780557117286746e-16 -3.7069128258901035e-17 -1
    outer loop
      vertex 0.17405746563891639 0.14605155522126684 -0.17999999999999999
      vertex 0.18262583733724713 0.23800262495427127 -0.17999999999999999
      vertex 0.24628943763885627 0.17245372081615737 -0.17999999999999997
    endloop
  endfacet
  facet normal -2.7161467854490596e-16 2.5310151706261536e-17 -1
    outer loop
      vertex 0.17405746563891639 0.14605155522126684 -0.17999999999999999
      vertex 0.07830930254156708 0.21515304046619604 -0.17999999999999997
      vertex 0.18262583733724713 0.23800262495427127 -0.17999999999999999
    endloop
  endfacet
  facet normal -1.8727172419327906e-16 -3.5974563506236229e-16 -1
    outer loop
      vertex 0.07830930254156708 0.21515304046619604 -0.17999999999999997
      vertex 0.090210459811913515 0.28611102545826039 -0.17999999999999999
      vertex 0.18262583733724713 0.23800262495427127 -0.17999999999999999
    endloop
  endfacet
  facet normal 7.1632650663210914e-17 -4.0316938340431998e-16 -1
    outer loop
      vertex 0.07830930254156708 0.21515304046619604 -0.17999999999999997
      vertex 1.3787690814167097e-17 0.27008298707074729 -0.17999999999999999
      vertex 0.090210459811913515 0.28611102545826039 -0.17999999999999999
    endloop
  endfacet
  facet normal -3.5955679730011715e-16 1.4867001213641148e-17 -1
    outer loop
      vertex -0.073387870308881484 0.25434159487293889 -0.18000000000000002
      vertex -0.15414280269359154 0.16821735095815987 -0.17999999999999999
      vertex -0.15033194347493248 0.26038256409915567 -0.17999999999999999
    endloop
  endfacet
  facet normal 0 0 -1
    outer loop
      vertex -0.15414280269359154 0.16821735095815987 -0.17999999999999999
      vertex -0.22118006261332246 0.20267418644371299 -0.17999999999999999
      vertex -0.15033194347493248 0.26038256409915567 -0.17999999999999999
    endloop
  endfacet
  facet normal -0 0 -1
    outer loop
      vertex -0.15414280269359154 0.16821735095815987 -0.17999999999999999
      vertex -0.24477831432833708 0.11414200252157504 -0.17999999999999999
      vertex -0.22118006261332246 0.20267418644371299 -0.17999999999999999
    endloop
  endfacet
  facet normal -1.2685771829822384e-17 4.0108911406421753e-16 -1
    outer loop
      vertex -0.26949489038168489 -0.020484398611892347 -0.17999999999999997
      vertex -0.21213899625721949 -0.087870849357955486 -0.17999999999999999
      vertex -0.28611102545826039 -0.090210459811913404 -0.17999999999999999
    endloop
  endfacet
  facet normal 0 0 -1
    outer loop
      vertex -0.21213899625721949 -0.087870849357955486 -0.17999999999999999
      vertex -0.22314722195469555 -0.15248745476998793 -0.17999999999999999
      vertex -0.28611102545826039 -0.090210459811913404 -0.17999999999999999
    endloop
  endfacet
  facet normal -9.9564217899662562e-17 4.4424906277689249e-16 -1
    outer loop
      vertex -0.22314722195469555 -0.15248745476998793 -0.17999999999999999
      vertex -0.12259039071783713 -0.19242836820298681 -0.18000000000000002
      vertex -0.21260147332015511 -0.21260147332015503 -0.18000000000000002
    endloop
  endfacet
  facet normal 0 0 -1
    outer loop
      vertex -0.12259039071783713 -0.19242836820298681 -0.18000000000000002
      vertex -0.13852261840681221 -0.26609947414073348 -0.18000000000000002
      vertex -0.21260147332015511 -0.21260147332015503 -0.18000000000000002
    endloop
  endfacet
  facet normal -1.2687466569841973e-16 -3.6515050690955377e-16 -1
    outer loop
      vertex -0.12259039071783713 -0.19242836820298681 -0.18000000000000002
      vertex -0.019955273279218977 -0.22808981729736852 -0.18000000000000002
      vertex -0.039157302044325028 -0.29742923804640264 -0.17999999999999999
    endloop
  endfacet
  facet normal 2.6149785359228984e-16 -5.6551931596237707e-17 -1
    outer loop
      vertex -0.12259039071783713 -0.19242836820298681 -0.18000000000000002
      vertex -0.039157302044325028 -0.29742923804640264 -0.17999999999999999
      vertex -0.13852261840681221 -0.26609947414073348 -0.18000000000000002
    endloop
  endfacet
  facet normal -1.3198052865225188e-16 -3.6373655037154012e-16 -1
    outer loop
      vertex -0.019955273279218977 -0.22808981729736852 -0.18000000000000002
      vertex 0.062049061043354774 -0.33415161112010089 -0.17999999999999999
      vertex -0.039157302044325028 -0.29742923804640264 -0.17999999999999999
    endloop
  endfacet
  facet normal 3.7520577497659614e-17 -2.3268252162302551e-16 -1
    outer loop
      vertex -0.019955273279218977 -0.22808981729736852 -0.18000000000000002
      vertex 0.087313131753852025 -0.21079254685341867 -0.18000000000000002
      vertex 0.062049061043354774 -0.33415161112010089 -0.17999999999999999
    endloop
  endfacet
  facet normal 9.87737445270176e-16 -4.2728797101111631e-16 -1
    outer loop
      vertex 0.087313131753852025 -0.21079254685341867 -0.18000000000000002
      vertex 0.11480340070915541 -0.27715992699859637 -0.17999999999999997
      vertex 0.062049061043354774 -0.33415161112010089 -0.17999999999999999
    endloop
  endfacet
  facet normal -7.8232250652608078e-17 -8.6882707614105613e-16 -1
    outer loop
      vertex 0.087313131753852025 -0.21079254685341867 -0.18000000000000002
      vertex 0.20267418644371291 -0.22118006261332254 -0.18000000000000002
      vertex 0.11480340070915541 -0.27715992699859637 -0.17999999999999997
    endloop
  endfacet
  facet normal 0 0 -1
    outer loop
      vertex 0.087313131753852025 -0.21079254685341867 -0.18000000000000002
      vertex 0.18612435620753481 -0.13032567726094507 -0.18000000000000002
      vertex 0.20267418644371291 -0.22118006261332254 -0.18000000000000002
    endloop
  endfacet
  facet normal 3.5365538754493209e-16 6.4421068980631645e-17 -1
    outer loop
      vertex 0.18612435620753481 -0.13032567726094507 -0.18000000000000002
      vertex 0.26609947414073343 -0.13852261840681229 -0.17999999999999999
      vertex 0.20267418644371291 -0.22118006261332254 -0.18000000000000002
    endloop
  endfacet
  facet normal 6.3006658535107606e-17 2.2751998028956288e-16 -1
    outer loop
      vertex 0.18612435620753481 -0.13032567726094507 -0.18000000000000002
      vertex 0.22808981729736855 -0.019955273279218949 -0.17999999999999999
      vertex 0.29742923804640264 -0.039157302044325 -0.17999999999999999
    endloop
  endfacet
  facet normal 3.3618833451828199e-16 -1.0599977470885665e-16 -1
    outer loop
      vertex 0.18612435620753481 -0.13032567726094507 -0.18000000000000002
      vertex 0.29742923804640264 -0.039157302044325 -0.17999999999999999
      vertex 0.26609947414073343 -0.13852261840681229 -0.17999999999999999
    endloop
  endfacet
  facet normal 0 0 -1
    outer loop
      vertex 0.29742923804640264 -0.039157302044325 -0.17999999999999999
      vertex 0.25779690943632971 0.050132573390768771 -0.17999999999999999
      vertex 0.37119877985990452 -2.3081682670034872e-17 -0.17999999999999999
    endloop
  endfacet
  facet normal 0 0 -1
    outer loop
      vertex 0.25779690943632971 0.050132573390768771 -0.17999999999999999
      vertex 0.35323185844491384 0.11137357716115388 -0.17999999999999999
      vertex 0.37119877985990452 -2.3081682670034872e-17 -0.17999999999999999
    endloop
  endfacet
  facet normal 0 0 -1
    outer loop
      vertex 0.25779690943632971 0.050132573390768771 -0.17999999999999999
      vertex 0.2825316359035967 0.1028331057074455 -0.17999999999999999
      vertex 0.35323185844491384 0.11137357716115388 -0.17999999999999999
    endloop
  endfacet
  facet normal -9.0868403416767904e-16 -7.4362044957463144e-17 -1
    outer loop
      vertex 0.2825316359035967 0.1028331057074455 -0.17999999999999999
      vertex 0.24628943763885627 0.17245372081615737 -0.17999999999999997
      vertex 0.30406823935982019 0.21291087332990047 -0.18000000000000002
    endloop
  endfacet
  facet normal 3.1196011852118914e-17 -2.5824862155457343e-16 -1
    outer loop
      vertex 0.2825316359035967 0.1028331057074455 -0.17999999999999999
      vertex 0.30406823935982019 0.21291087332990047 -0.18000000000000002
      vertex 0.35323185844491384 0.11137357716115388 -0.17999999999999999
    endloop
  endfacet
  facet normal 1.7367026482416598e-16 -2.5475790192316553e-16 -1
    outer loop
      vertex 0.24628943763885627 0.17245372081615737 -0.17999999999999997
      vertex 0.18262583733724713 0.23800262495427127 -0.17999999999999999
      vertex 0.2771115835747453 0.3024142268998874 -0.17999999999999999
    endloop
  endfacet
  facet normal -9.7274981121633429e-16 1.7133366834958827e-17 -1
    outer loop
      vertex 0.24628943763885627 0.17245372081615737 -0.17999999999999997
      vertex 0.2771115835747453 0.3024142268998874 -0.17999999999999999
      vertex 0.30406823935982019 0.21291087332990047 -0.18000000000000002
    endloop
  endfacet
  facet normal 0 0 -1
    outer loop
      vertex 0.18262583733724713 0.23800262495427127 -0.17999999999999999
      vertex 0.17101963078187016 0.32852565409318035 -0.17999999999999999
      vertex 0.2771115835747453 0.3024142268998874 -0.17999999999999999
    endloop
  endfacet
  facet normal 0 0 -1
    outer loop
      vertex 0.18262583733724713 0.23800262495427127 -0.17999999999999999
      vertex 0.090210459811913515 0.28611102545826039 -0.17999999999999999
      vertex 0.17101963078187016 0.32852565409318035 -0.17999999999999999
    endloop
  endfacet
  facet normal 0 0 -1
    outer loop
      vertex 0.090210459811913515 0.28611102545826039 -0.17999999999999999
      vertex 0.064457991674860493 0.36555943631470572 -0.17999999999999999
      vertex 0.17101963078187016 0.32852565409318035 -0.17999999999999999
    endloop
  endfacet
  facet normal -0 0 -1
    outer loop
      vertex 0.090210459811913515 0.28611102545826039 -0.17999999999999999
      vertex 1.3787690814167097e-17 0.27008298707074729 -0.17999999999999999
      vertex 0.064457991674860493 0.36555943631470572 -0.17999999999999999
    endloop
  endfacet
  facet normal 0 0 -1
    outer loop
      vertex 1.3787690814167097e-17 0.27008298707074729 -0.17999999999999999
      vertex -0.017891670677152485 0.40978663045924268 -0.17999999999999999
      vertex 0.064457991674860493 0.36555943631470572 -0.17999999999999999
    endloop
  endfacet
  facet normal 2.9379484218168304e-16 3.9352287029883531e-16 -1
    outer loop
      vertex 1.3787690814167097e-17 0.27008298707074729 -0.17999999999999999
      vertex -0.073387870308881484 0.25434159487293889 -0.18000000000000002
      vertex -0.11137357716115387 0.35323185844491389 -0.17999999999999999
    endloop
  endfacet
  facet normal 0 0 -1
    outer loop
      vertex 1.3787690814167097e-17 0.27008298707074729 -0.17999999999999999
      vertex -0.11137357716115387 0.35323185844491389 -0.17999999999999999
      vertex -0.017891670677152485 0.40978663045924268 -0.17999999999999999
    endloop
  endfacet
  facet normal -3.4921992439820459e-16 1.4652817595050323e-16 -1
    outer loop
      vertex -0.073387870308881484 0.25434159487293889 -0.18000000000000002
      vertex -0.15033194347493248 0.26038256409915567 -0.17999999999999999
      vertex -0.11137357716115387 0.35323185844491389 -0.17999999999999999
    endloop
  endfacet
  facet normal 3.4304735255269488e-16 -1.4393824441952148e-16 -1
    outer loop
      vertex -0.15033194347493248 0.26038256409915567 -0.17999999999999999
      vertex -0.21291087332990041 0.30406823935982014 -0.18000000000000002
      vertex -0.11137357716115387 0.35323185844491389 -0.17999999999999999
    endloop
  endfacet
  facet normal 2.3883676279132682e-16 -2.9321800598689021e-16 -1
    outer loop
      vertex -0.15033194347493248 0.26038256409915567 -0.17999999999999999
      vertex -0.22118006261332246 0.20267418644371299 -0.17999999999999999
      vertex -0.21291087332990041 0.30406823935982014 -0.18000000000000002
    endloop
  endfacet
  facet normal -1.4877683971880171e-16 -2.6160618896407754e-16 -1
    outer loop
      vertex -0.22118006261332246 0.20267418644371299 -0.17999999999999999
      vertex -0.2843547626042246 0.23860197642470785 -0.17999999999999999
      vertex -0.21291087332990041 0.30406823935982014 -0.18000000000000002
    endloop
  endfacet
  facet normal 2.0795734517822139e-16 -5.5431025872103451e-17 -1
    outer loop
      vertex -0.22118006261332246 0.20267418644371299 -0.17999999999999999
      vertex -0.24477831432833708 0.11414200252157504 -0.17999999999999999
      vertex -0.35334484308535546 0.20756204010219712 -0.18000000000000002
    endloop
  endfacet
  facet normal 2.2461405066125627e-16 3.9495680841410983e-16 -1
    outer loop
      vertex -0.22118006261332246 0.20267418644371299 -0.17999999999999999
      vertex -0.35334484308535546 0.20756204010219712 -0.18000000000000002
      vertex -0.2843547626042246 0.23860197642470785 -0.17999999999999999
    endloop
  endfacet
  facet normal 6.458685848592518e-17 -2.2204663071976797e-16 -1
    outer loop
      vertex -0.24477831432833708 0.11414200252157504 -0.17999999999999999
      vertex -0.36159455141986113 0.0801635820905513 -0.17999999999999999
      vertex -0.35334484308535546 0.20756204010219712 -0.18000000000000002
    endloop
  endfacet
  facet normal 0 0 -1
    outer loop
      vertex -0.24477831432833708 0.11414200252157504 -0.17999999999999999
      vertex -0.2615268221834568 0.040977404378583548 -0.17999999999999999
      vertex -0.36159455141986113 0.0801635820905513 -0.17999999999999999
    endloop
  endfacet
  facet normal 4.286615333536971e-16 -5.0716344836448221e-16 -1
    outer loop
      vertex -0.2615268221834568 0.040977404378583548 -0.17999999999999999
      vertex -0.26949489038168489 -0.020484398611892347 -0.17999999999999997
      vertex -0.36720529152174364 -0.048343493756145252 -0.17999999999999999
    endloop
  endfacet
  facet normal -0 0 -1
    outer loop
      vertex -0.2615268221834568 0.040977404378583548 -0.17999999999999999
      vertex -0.36720529152174364 -0.048343493756145252 -0.17999999999999999
      vertex -0.36159455141986113 0.0801635820905513 -0.17999999999999999
    endloop
  endfacet
  facet normal 1.8299723206613463e-16 3.5445669041995336e-16 -1
    outer loop
      vertex -0.26949489038168489 -0.020484398611892347 -0.17999999999999997
      vertex -0.28611102545826039 -0.090210459811913404 -0.17999999999999999
      vertex -0.36720529152174364 -0.048343493756145252 -0.17999999999999999
    endloop
  endfacet
  facet normal 1.5468229981483298e-16 2.9961205117626007e-16 -1
    outer loop
      vertex -0.28611102545826039 -0.090210459811913404 -0.17999999999999999
      vertex -0.33642034472553461 -0.15687538310466134 -0.18000000000000002
      vertex -0.36720529152174364 -0.048343493756145252 -0.17999999999999999
    endloop
  endfacet
  facet normal 2.3579735865792602e-16 2.3839779949549909e-16 -1
    outer loop
      vertex -0.28611102545826039 -0.090210459811913404 -0.17999999999999999
      vertex -0.22314722195469555 -0.15248745476998793 -0.17999999999999999
      vertex -0.33642034472553461 -0.15687538310466134 -0.18000000000000002
    endloop
  endfacet
  facet normal 2.4997856105795194e-16 -1.276859097125313e-16 -1
    outer loop
      vertex -0.22314722195469555 -0.15248745476998793 -0.17999999999999999
      vertex -0.27306827635436265 -0.25022097425870715 -0.17999999999999999
      vertex -0.33642034472553461 -0.15687538310466134 -0.18000000000000002
    endloop
  endfacet
  facet normal -6.7284230467029912e-16 3.4367939955053349e-16 -1
    outer loop
      vertex -0.22314722195469555 -0.15248745476998793 -0.17999999999999999
      vertex -0.21260147332015511 -0.21260147332015503 -0.18000000000000002
      vertex -0.27306827635436265 -0.25022097425870715 -0.17999999999999999
    endloop
  endfacet
  facet normal -2.3336025128838322e-16 -3.2313469536386429e-16 -1
    outer loop
      vertex -0.21260147332015511 -0.21260147332015503 -0.18000000000000002
      vertex -0.13852261840681221 -0.26609947414073348 -0.18000000000000002
      vertex -0.17101963078187016 -0.32852565409318035 -0.17999999999999999
    endloop
  endfacet
  facet normal -2.5349064422737359e-16 -3.303554393349761e-16 -1
    outer loop
      vertex -0.21260147332015511 -0.21260147332015503 -0.18000000000000002
      vertex -0.17101963078187016 -0.32852565409318035 -0.17999999999999999
      vertex -0.27306827635436265 -0.25022097425870715 -0.17999999999999999
    endloop
  endfacet
  facet normal 2.425019114206312e-16 -1.1679936305386251e-16 -1
    outer loop
      vertex -0.13852261840681221 -0.26609947414073348 -0.18000000000000002
      vertex -0.039157302044325028 -0.29742923804640264 -0.17999999999999999
      vertex -0.088778557608720263 -0.40045419474850635 -0.17999999999999999
    endloop
  endfacet
  facet normal -2.6720592681939704e-16 -3.0551575187875292e-16 -1
    outer loop
      vertex -0.13852261840681221 -0.26609947414073348 -0.18000000000000002
      vertex -0.088778557608720263 -0.40045419474850635 -0.17999999999999999
      vertex -0.17101963078187016 -0.32852565409318035 -0.17999999999999999
    endloop
  endfacet
  facet normal 0 -0 -1
    outer loop
      vertex -0.039157302044325028 -0.29742923804640264 -0.17999999999999999
      vertex -6.7321574454268481e-17 -0.37119877985990452 -0.17999999999999999
      vertex -0.088778557608720263 -0.40045419474850635 -0.17999999999999999
    endloop
  endfacet
  facet normal 0 0 -1
    outer loop
      vertex -0.039157302044325028 -0.29742923804640264 -0.17999999999999999
      vertex 0.062049061043354774 -0.33415161112010089 -0.17999999999999999
      vertex -6.7321574454268481e-17 -0.37119877985990452 -0.17999999999999999
    endloop
  endfacet
  facet normal -2.9389576901274943e-16 7.590555272632497e-16 -1
    outer loop
      vertex 0.11480340070915541 -0.27715992699859637 -0.17999999999999997
      vertex 0.17101963078187002 -0.32852565409318046 -0.18000000000000002
      vertex 0.062049061043354774 -0.33415161112010089 -0.17999999999999999
    endloop
  endfacet
  facet normal -7.7786814172374114e-16 2.2938129130704609e-16 -1
    outer loop
      vertex 0.11480340070915541 -0.27715992699859637 -0.17999999999999997
      vertex 0.20267418644371291 -0.22118006261332254 -0.18000000000000002
      vertex 0.17101963078187002 -0.32852565409318046 -0.18000000000000002
    endloop
  endfacet
  facet normal 7.7119313585153358e-16 -2.2741293525243746e-16 -1
    outer loop
      vertex 0.20267418644371291 -0.22118006261332254 -0.18000000000000002
      vertex 0.26247717440711082 -0.26247717440711094 -0.17999999999999997
      vertex 0.17101963078187002 -0.32852565409318046 -0.18000000000000002
    endloop
  endfacet
  facet normal -7.6142653020149804e-17 3.9421670488669519e-16 -1
    outer loop
      vertex 0.20267418644371291 -0.22118006261332254 -0.18000000000000002
      vertex 0.26609947414073343 -0.13852261840681229 -0.17999999999999999
      vertex 0.3135633751593776 -0.19976190119246254 -0.18000000000000002
    endloop
  endfacet
  facet normal 2.0288248386892468e-16 -1.050392402913389e-15 -1
    outer loop
      vertex 0.20267418644371291 -0.22118006261332254 -0.18000000000000002
      vertex 0.3135633751593776 -0.19976190119246254 -0.18000000000000002
      vertex 0.26247717440711082 -0.26247717440711094 -0.17999999999999997
    endloop
  endfacet
  facet normal -1.1374964488836646e-16 3.6506916333416335e-16 -1
    outer loop
      vertex 0.26609947414073343 -0.13852261840681229 -0.17999999999999999
      vertex 0.35323185844491384 -0.11137357716115391 -0.17999999999999999
      vertex 0.3135633751593776 -0.19976190119246254 -0.18000000000000002
    endloop
  endfacet
  facet normal 0 0 -1
    outer loop
      vertex 0.26609947414073343 -0.13852261840681229 -0.17999999999999999
      vertex 0.29742923804640264 -0.039157302044325 -0.17999999999999999
      vertex 0.35323185844491384 -0.11137357716115391 -0.17999999999999999
    endloop
  endfacet
  facet normal 0 0 -1
    outer loop
      vertex 0.29742923804640264 -0.039157302044325 -0.17999999999999999
      vertex 0.37119877985990452 -2.3081682670034872e-17 -0.17999999999999999
      vertex 0.35323185844491384 -0.11137357716115391 -0.17999999999999999
    endloop
  endfacet
  facet normal 0 0 -1
    outer loop
      vertex 0.37119877985990452 -2.3081682670034872e-17 -0.17999999999999999
      vertex 0.35323185844491384 0.11137357716115388 -0.17999999999999999
      vertex 0.43194814970242545 0.095760599327521304 -0.17999999999999999
    endloop
  endfacet
  facet normal 0 0 -1
    outer loop
      vertex 0.37119877985990452 -2.3081682670034872e-17 -0.17999999999999999
      vertex 0.43194814970242545 0.095760599327521304 -0.17999999999999999
      vertex 0.4403325415180952 -0.01922533395598159 -0.17999999999999999
    endloop
  endfacet
  facet normal 0 0 -1
    outer loop
      vertex 0.35323185844491384 0.11137357716115388 -0.17999999999999999
      vertex 0.40875723316070933 0.16931278969326724 -0.17999999999999999
      vertex 0.43194814970242545 0.095760599327521304 -0.17999999999999999
    endloop
  endfacet
  facet normal 8.6043811220637648e-16 1.4326436223993082e-16 -1
    outer loop
      vertex 0.35323185844491384 0.11137357716115388 -0.17999999999999999
      vertex 0.30406823935982019 0.21291087332990047 -0.18000000000000002
      vertex 0.36184704108078419 0.25336802584364354 -0.17999999999999997
    endloop
  endfacet
  facet normal -2.1775303029781223e-16 2.0868109997326151e-16 -1
    outer loop
      vertex 0.35323185844491384 0.11137357716115388 -0.17999999999999999
      vertex 0.36184704108078419 0.25336802584364354 -0.17999999999999997
      vertex 0.40875723316070933 0.16931278969326724 -0.17999999999999999
    endloop
  endfacet
  facet normal 6.1410590937126285e-16 4.9506320671529355e-16 -1
    outer loop
      vertex 0.30406823935982019 0.21291087332990047 -0.18000000000000002
      vertex 0.2771115835747453 0.3024142268998874 -0.17999999999999999
      vertex 0.36184704108078419 0.25336802584364354 -0.17999999999999997
    endloop
  endfacet
  facet normal 0 0 -1
    outer loop
      vertex 0.2771115835747453 0.3024142268998874 -0.17999999999999999
      vertex 0.17101963078187016 0.32852565409318035 -0.17999999999999999
      vertex 0.20351664315692802 0.39095183404562728 -0.17999999999999999
    endloop
  endfacet
  facet normal -2.6169300993606891e-16 -7.5299994785371578e-16 -1
    outer loop
      vertex 0.17101963078187016 0.32852565409318035 -0.17999999999999999
      vertex 0.064457991674860493 0.36555943631470572 -0.17999999999999999
      vertex 0.076706247290620921 0.4350227457103984 -0.18000000000000005
    endloop
  endfacet
  facet normal 3.7068656656870157e-16 -1.9296721263782264e-16 -1
    outer loop
      vertex 0.17101963078187016 0.32852565409318035 -0.17999999999999999
      vertex 0.076706247290620921 0.4350227457103984 -0.18000000000000005
      vertex 0.20351664315692802 0.39095183404562728 -0.17999999999999999
    endloop
  endfacet
  facet normal -3.9206450504068534e-16 -7.3001193575147053e-16 -1
    outer loop
      vertex 0.064457991674860493 0.36555943631470572 -0.17999999999999999
      vertex -0.017891670677152485 0.40978663045924268 -0.17999999999999999
      vertex 0.076706247290620921 0.4350227457103984 -0.18000000000000005
    endloop
  endfacet
  facet normal -0 0 -1
    outer loop
      vertex -0.017891670677152485 0.40978663045924268 -0.17999999999999999
      vertex -0.11137357716115387 0.35323185844491389 -0.17999999999999999
      vertex -0.095760599327521304 0.43194814970242545 -0.17999999999999999
    endloop
  endfacet
  facet normal -3.2786258613989666e-16 6.5029884006268888e-17 -1
    outer loop
      vertex -0.11137357716115387 0.35323185844491389 -0.17999999999999999
      vertex -0.18668471693836855 0.40034666742769959 -0.17999999999999997
      vertex -0.095760599327521304 0.43194814970242545 -0.17999999999999999
    endloop
  endfacet
  facet normal -6.7007656591587617e-18 5.7839422264057782e-16 -1
    outer loop
      vertex -0.11137357716115387 0.35323185844491389 -0.17999999999999999
      vertex -0.21291087332990041 0.30406823935982014 -0.18000000000000002
      vertex -0.18668471693836855 0.40034666742769959 -0.17999999999999997
    endloop
  endfacet
  facet normal -1.1039130961502178e-16 6.0663943267030761e-16 -1
    outer loop
      vertex -0.21291087332990041 0.30406823935982014 -0.18000000000000002
      vertex -0.29243121543275474 0.38110377976275867 -0.17999999999999997
      vertex -0.18668471693836855 0.40034666742769959 -0.17999999999999997
    endloop
  endfacet
  facet normal -2.2270518262966295e-16 -1.8092755987549037e-16 -1
    outer loop
      vertex -0.21291087332990041 0.30406823935982014 -0.18000000000000002
      vertex -0.2843547626042246 0.23860197642470785 -0.17999999999999999
      vertex -0.35416650503874225 0.32453380935979848 -0.17999999999999999
    endloop
  endfacet
  facet normal -1.0828492102737329e-16 6.0881376337812411e-16 -1
    outer loop
      vertex -0.21291087332990041 0.30406823935982014 -0.18000000000000002
      vertex -0.35416650503874225 0.32453380935979848 -0.17999999999999999
      vertex -0.29243121543275474 0.38110377976275867 -0.17999999999999997
    endloop
  endfacet
  facet normal 2.9462270338175154e-16 2.393539574488589e-16 -1
    outer loop
      vertex -0.2843547626042246 0.23860197642470785 -0.17999999999999999
      vertex -0.35334484308535546 0.20756204010219712 -0.18000000000000002
      vertex -0.35416650503874225 0.32453380935979848 -0.17999999999999999
    endloop
  endfacet
  facet normal -1.4155624301332481e-15 -1.2619931739107757e-16 -1
    outer loop
      vertex -0.35334484308535546 0.20756204010219712 -0.18000000000000002
      vertex -0.36159455141986113 0.0801635820905513 -0.17999999999999999
      vertex -0.40875723316070933 0.16931278969326727 -0.17999999999999994
    endloop
  endfacet
  facet normal 1.563855600968486e-16 7.0540967577881103e-16 -1
    outer loop
      vertex -0.36159455141986113 0.0801635820905513 -0.17999999999999999
      vertex -0.43194814970242545 0.095760599327521262 -0.17999999999999999
      vertex -0.40875723316070933 0.16931278969326727 -0.17999999999999994
    endloop
  endfacet
  facet normal -0 0 -1
    outer loop
      vertex -0.36159455141986113 0.0801635820905513 -0.17999999999999999
      vertex -0.44201454029174364 0.019298771608410054 -0.17999999999999999
      vertex -0.43194814970242545 0.095760599327521262 -0.17999999999999999
    endloop
  endfacet
  facet normal 0 0 -1
    outer loop
      vertex -0.36159455141986113 0.0801635820905513 -0.17999999999999999
      vertex -0.36720529152174364 -0.048343493756145252 -0.17999999999999999
      vertex -0.44201454029174364 0.019298771608410054 -0.17999999999999999
    endloop
  endfacet
  facet normal -0 0 -1
    outer loop
      vertex -0.36720529152174364 -0.048343493756145252 -0.17999999999999999
      vertex -0.43865054274444687 -0.05774943952037305 -0.17999999999999999
      vertex -0.44201454029174364 0.019298771608410054 -0.17999999999999999
    endloop
  endfacet
  facet normal -3.789227237230268e-17 2.8782038371242058e-16 -1
    outer loop
      vertex -0.36720529152174364 -0.048343493756145252 -0.17999999999999999
      vertex -0.41509387265457348 -0.15108181407255009 -0.18000000000000002
      vertex -0.43865054274444687 -0.05774943952037305 -0.17999999999999999
    endloop
  endfacet
  facet normal 1.92343759144595e-17 2.6119240183669959e-16 -1
    outer loop
      vertex -0.36720529152174364 -0.048343493756145252 -0.17999999999999999
      vertex -0.33642034472553461 -0.15687538310466134 -0.18000000000000002
      vertex -0.41509387265457348 -0.15108181407255009 -0.18000000000000002
    endloop
  endfacet
  facet normal 2.446375862898196e-17 3.3220458530466648e-16 -1
    outer loop
      vertex -0.33642034472553461 -0.15687538310466134 -0.18000000000000002
      vertex -0.37314643493054528 -0.23772049662058864 -0.18000000000000005
      vertex -0.41509387265457348 -0.15108181407255009 -0.18000000000000002
    endloop
  endfacet
  facet normal 5.6547443120870943e-16 8.643578247996477e-17 -1
    outer loop
      vertex -0.33642034472553461 -0.15687538310466134 -0.18000000000000002
      vertex -0.27306827635436265 -0.25022097425870715 -0.17999999999999999
      vertex -0.37314643493054528 -0.23772049662058864 -0.18000000000000005
    endloop
  endfacet
  facet normal 5.1407816100309807e-16 -3.2504002098666955e-16 -1
    outer loop
      vertex -0.27306827635436265 -0.25022097425870715 -0.17999999999999999
      vertex -0.31235287549406671 -0.31235287549406671 -0.17999999999999999
      vertex -0.37314643493054528 -0.23772049662058864 -0.18000000000000005
    endloop
  endfacet
  facet normal 0 0 -1
    outer loop
      vertex -0.27306827635436265 -0.25022097425870715 -0.17999999999999999
      vertex -0.17101963078187016 -0.32852565409318035 -0.17999999999999999
      vertex -0.23772049662058878 -0.37314643493054528 -0.17999999999999999
    endloop
  endfacet
  facet normal 0 -0 -1
    outer loop
      vertex -0.27306827635436265 -0.25022097425870715 -0.17999999999999999
      vertex -0.23772049662058878 -0.37314643493054528 -0.17999999999999999
      vertex -0.31235287549406671 -0.31235287549406671 -0.17999999999999999
    endloop
  endfacet
  facet normal 0 -0 -1
    outer loop
      vertex -0.17101963078187016 -0.32852565409318035 -0.17999999999999999
      vertex -0.1693127896932673 -0.40875723316070933 -0.17999999999999999
      vertex -0.23772049662058878 -0.37314643493054528 -0.17999999999999999
    endloop
  endfacet
  facet normal 0 0 -1
    outer loop
      vertex -0.17101963078187016 -0.32852565409318035 -0.17999999999999999
      vertex -0.088778557608720263 -0.40045419474850635 -0.17999999999999999
      vertex -0.1693127896932673 -0.40875723316070933 -0.17999999999999999
    endloop
  endfacet
  facet normal 1.4190045581153828e-16 -4.3061148983658696e-16 -1
    outer loop
      vertex -0.088778557608720263 -0.40045419474850635 -0.17999999999999999
      vertex -6.7321574454268481e-17 -0.37119877985990452 -0.17999999999999999
      vertex -0.019298771608410082 -0.44201454029174364 -0.17999999999999997
    endloop
  endfacet
  facet normal -2.6583752376124048e-16 -3.1949438686593618e-16 -1
    outer loop
      vertex -6.7321574454268481e-17 -0.37119877985990452 -0.17999999999999999
      vertex 0.076706247290620783 -0.43502274571039845 -0.17999999999999999
      vertex -0.019298771608410082 -0.44201454029174364 -0.17999999999999997
    endloop
  endfacet
  facet normal 0 0 -1
    outer loop
      vertex -6.7321574454268481e-17 -0.37119877985990452 -0.17999999999999999
      vertex 0.062049061043354774 -0.33415161112010089 -0.17999999999999999
      vertex 0.076706247290620783 -0.43502274571039845 -0.17999999999999999
    endloop
  endfacet
  facet normal -2.3710706569724995e-16 -3.408990805288558e-16 -1
    outer loop
      vertex 0.062049061043354774 -0.33415161112010089 -0.17999999999999999
      vertex 0.17101963078187002 -0.32852565409318046 -0.18000000000000002
      vertex 0.16931278969326713 -0.40875723316070933 -0.17999999999999999
    endloop
  endfacet
  facet normal 0 0 -1
    outer loop
      vertex 0.062049061043354774 -0.33415161112010089 -0.17999999999999999
      vertex 0.16931278969326713 -0.40875723316070933 -0.17999999999999999
      vertex 0.076706247290620783 -0.43502274571039845 -0.17999999999999999
    endloop
  endfacet
  facet normal 3.2697140559516066e-16 -3.5289924708656284e-16 -1
    outer loop
      vertex 0.17101963078187002 -0.32852565409318046 -0.18000000000000002
      vertex 0.25810304338147189 -0.40514062460602679 -0.17999999999999997
      vertex 0.16931278969326713 -0.40875723316070933 -0.17999999999999999
    endloop
  endfacet
  facet normal 2.0695203692495318e-16 5.5389354092244875e-16 -1
    outer loop
      vertex 0.17101963078187002 -0.32852565409318046 -0.18000000000000002
      vertex 0.26247717440711082 -0.26247717440711094 -0.17999999999999997
      vertex 0.29890518655046916 -0.32619777109622355 -0.17999999999999999
    endloop
  endfacet
  facet normal 2.2555653826982914e-16 -4.6817114076359425e-16 -1
    outer loop
      vertex 0.17101963078187002 -0.32852565409318046 -0.18000000000000002
      vertex 0.29890518655046916 -0.32619777109622355 -0.17999999999999999
      vertex 0.25810304338147189 -0.40514062460602679 -0.17999999999999997
    endloop
  endfacet
  facet normal -3.033481056232104e-16 2.6216338214510364e-16 -1
    outer loop
      vertex 0.26247717440711082 -0.26247717440711094 -0.17999999999999997
      vertex 0.36184704108078397 -0.25336802584364354 -0.17999999999999999
      vertex 0.29890518655046916 -0.32619777109622355 -0.17999999999999999
    endloop
  endfacet
  facet normal -2.1416902059531264e-16 -7.1067329161852561e-16 -1
    outer loop
      vertex 0.26247717440711082 -0.26247717440711094 -0.17999999999999997
      vertex 0.3135633751593776 -0.19976190119246254 -0.18000000000000002
      vertex 0.36184704108078397 -0.25336802584364354 -0.17999999999999999
    endloop
  endfacet
  facet normal -5.4016586489111877e-16 5.5644381469500422e-16 -1
    outer loop
      vertex 0.3135633751593776 -0.19976190119246254 -0.18000000000000002
      vertex 0.35323185844491384 -0.11137357716115391 -0.17999999999999999
      vertex 0.41509387265457343 -0.15108181407255031 -0.18000000000000005
    endloop
  endfacet
  facet normal -1.7544345551537212e-17 -5.3357113802142572e-16 -1
    outer loop
      vertex 0.3135633751593776 -0.19976190119246254 -0.18000000000000002
      vertex 0.41509387265457343 -0.15108181407255031 -0.18000000000000005
      vertex 0.36184704108078397 -0.25336802584364354 -0.17999999999999999
    endloop
  endfacet
  facet normal -5.5848941227370483e-16 5.2789730553917751e-16 -1
    outer loop
      vertex 0.35323185844491384 -0.11137357716115391 -0.17999999999999999
      vertex 0.4403325415180952 -0.01922533395598159 -0.17999999999999999
      vertex 0.41509387265457343 -0.15108181407255031 -0.18000000000000005
    endloop
  endfacet
  facet normal 0 0 -1
    outer loop
      vertex 0.35323185844491384 -0.11137357716115391 -0.17999999999999999
      vertex 0.37119877985990452 -2.3081682670034872e-17 -0.17999999999999999
      vertex 0.4403325415180952 -0.01922533395598159 -0.17999999999999999
    endloop
  endfacet
  facet normal 0 0 -1
    outer loop
      vertex 0.4403325415180952 -0.01922533395598159 -0.17999999999999999
      vertex 0.50869312940847955 0.066970720992174687 -0.17999999999999999
      vertex 0.51259428140284458 -0.022380349655559399 -0.17999999999999999
    endloop
  endfacet
  facet normal 0 0 -1
    outer loop
      vertex 0.4403325415180952 -0.01922533395598159 -0.17999999999999999
      vertex 0.43194814970242545 0.095760599327521304 -0.17999999999999999
      vertex 0.50869312940847955 0.066970720992174687 -0.17999999999999999
    endloop
  endfacet
  facet normal 0 0 -1
    outer loop
      vertex 0.43194814970242545 0.095760599327521304 -0.17999999999999999
      vertex 0.4893355940881815 0.15428692017138151 -0.17999999999999999
      vertex 0.50869312940847955 0.066970720992174687 -0.17999999999999999
    endloop
  endfacet
  facet normal 0 0 -1
    outer loop
      vertex 0.43194814970242545 0.095760599327521304 -0.17999999999999999
      vertex 0.40875723316070933 0.16931278969326724 -0.17999999999999999
      vertex 0.4893355940881815 0.15428692017138151 -0.17999999999999999
    endloop
  endfacet
  facet normal 0 0 -1
    outer loop
      vertex 0.40875723316070933 0.16931278969326724 -0.17999999999999999
      vertex 0.49956226024136297 0.23294970767576792 -0.17999999999999999
      vertex 0.4893355940881815 0.15428692017138151 -0.17999999999999999
    endloop
  endfacet
  facet normal -4.2147069008032783e-16 9.4988783014279761e-17 -1
    outer loop
      vertex 0.40875723316070933 0.16931278969326724 -0.17999999999999999
      vertex 0.36184704108078419 0.25336802584364354 -0.17999999999999997
      vertex 0.43272949470171296 0.27567909204871499 -0.17999999999999999
    endloop
  endfacet
  facet normal 0 0 -1
    outer loop
      vertex 0.40875723316070933 0.16931278969326724 -0.17999999999999999
      vertex 0.43272949470171296 0.27567909204871499 -0.17999999999999999
      vertex 0.49956226024136297 0.23294970767576792 -0.17999999999999999
    endloop
  endfacet
  facet normal -4.1456956512119046e-16 7.3063848304656139e-17 -1
    outer loop
      vertex 0.36184704108078419 0.25336802584364354 -0.17999999999999997
      vertex 0.37828418938416891 0.34663359537062477 -0.17999999999999997
      vertex 0.43272949470171296 0.27567909204871499 -0.17999999999999999
    endloop
  endfacet
  facet normal 2.9723454753312227e-16 -5.238469419605036e-17 -1
    outer loop
      vertex 0.36184704108078419 0.25336802584364354 -0.17999999999999997
      vertex 0.2771115835747453 0.3024142268998874 -0.17999999999999999
      vertex 0.37828418938416891 0.34663359537062477 -0.17999999999999997
    endloop
  endfacet
  facet normal 2.1942361765804785e-16 1.2564440952408093e-16 -1
    outer loop
      vertex 0.2771115835747453 0.3024142268998874 -0.17999999999999999
      vertex 0.33527019698186805 0.42175262262045798 -0.17999999999999997
      vertex 0.37828418938416891 0.34663359537062477 -0.17999999999999997
    endloop
  endfacet
  facet normal 1.7638710872710787e-16 1.4661790820565643e-16 -1
    outer loop
      vertex 0.2771115835747453 0.3024142268998874 -0.17999999999999999
      vertex 0.20351664315692802 0.39095183404562728 -0.17999999999999999
      vertex 0.33527019698186805 0.42175262262045798 -0.17999999999999997
    endloop
  endfacet
  facet normal 1.6364759648284237e-16 2.0111248739801848e-16 -1
    outer loop
      vertex 0.20351664315692802 0.39095183404562728 -0.17999999999999999
      vertex 0.25154034843804435 0.48988458521187772 -0.17999999999999997
      vertex 0.33527019698186805 0.42175262262045798 -0.17999999999999997
    endloop
  endfacet
  facet normal 3.5134334456882899e-16 1.100016552181587e-16 -1
    outer loop
      vertex 0.20351664315692802 0.39095183404562728 -0.17999999999999999
      vertex 0.17520616825510271 0.48137499103006171 -0.17999999999999999
      vertex 0.25154034843804435 0.48988458521187772 -0.17999999999999997
    endloop
  endfacet
  facet normal 4.9119570997981459e-16 1.5378786013478386e-16 -1
    outer loop
      vertex 0.20351664315692802 0.39095183404562728 -0.17999999999999999
      vertex 0.076706247290620921 0.4350227457103984 -0.18000000000000005
      vertex 0.17520616825510271 0.48137499103006171 -0.17999999999999999
    endloop
  endfacet
  facet normal 1.9674397167413971e-16 7.7950669534856689e-16 -1
    outer loop
      vertex 0.076706247290620921 0.4350227457103984 -0.18000000000000005
      vertex 0.066970720992174701 0.50869312940847955 -0.17999999999999999
      vertex 0.17520616825510271 0.48137499103006171 -0.17999999999999999
    endloop
  endfacet
  facet normal -5.0886246916611762e-16 -2.9219319387381205e-16 -1
    outer loop
      vertex 0.076706247290620921 0.4350227457103984 -0.18000000000000005
      vertex -0.017891670677152485 0.40978663045924268 -0.17999999999999999
      vertex -0.022380349655559319 0.51259428140284458 -0.18000000000000002
    endloop
  endfacet
  facet normal 3.4552751106637987e-16 7.9916840997279497e-16 -1
    outer loop
      vertex 0.076706247290620921 0.4350227457103984 -0.18000000000000005
      vertex -0.022380349655559319 0.51259428140284458 -0.18000000000000002
      vertex 0.066970720992174701 0.50869312940847955 -0.17999999999999999
    endloop
  endfacet
  facet normal 1.7057492172165585e-16 5.9934909079718293e-16 -1
    outer loop
      vertex -0.017891670677152485 0.40978663045924268 -0.17999999999999999
      vertex -0.095760599327521304 0.43194814970242545 -0.17999999999999999
      vertex -0.10757372441214705 0.52792923151459858 -0.17999999999999994
    endloop
  endfacet
  facet normal -1.0341081958934724e-15 -3.1512591756139497e-16 -1
    outer loop
      vertex -0.017891670677152485 0.40978663045924268 -0.17999999999999999
      vertex -0.10757372441214705 0.52792923151459858 -0.17999999999999994
      vertex -0.022380349655559319 0.51259428140284458 -0.18000000000000002
    endloop
  endfacet
  facet normal -2.8077974507239134e-16 -7.0437362164601425e-17 -1
    outer loop
      vertex -0.095760599327521304 0.43194814970242545 -0.17999999999999999
      vertex -0.18668471693836855 0.40034666742769959 -0.17999999999999997
      vertex -0.21358634495899462 0.50758282769180008 -0.17999999999999997
    endloop
  endfacet
  facet normal 1.4733319985269224e-16 5.9648855450777704e-16 -1
    outer loop
      vertex -0.095760599327521304 0.43194814970242545 -0.17999999999999999
      vertex -0.21358634495899462 0.50758282769180008 -0.17999999999999997
      vertex -0.10757372441214705 0.52792923151459858 -0.17999999999999994
    endloop
  endfacet
  facet normal 2.2817555724939205e-15 5.7240896628570656e-16 -1
    outer loop
      vertex -0.18668471693836855 0.40034666742769959 -0.17999999999999997
      vertex -0.23691518935412953 0.45510984435727242 -0.18000000000000005
      vertex -0.21358634495899462 0.50758282769180008 -0.17999999999999997
    endloop
  endfacet
  facet normal 2.3710989131310817e-16 -1.3030030212371788e-15 -1
    outer loop
      vertex -0.18668471693836855 0.40034666742769959 -0.17999999999999997
      vertex -0.29243121543275474 0.38110377976275867 -0.17999999999999997
      vertex -0.23691518935412953 0.45510984435727242 -0.18000000000000005
    endloop
  endfacet
  facet normal -1.469145255207015e-16 2.3625240273787549e-16 -1
    outer loop
      vertex -0.35416650503874225 0.32453380935979848 -0.17999999999999999
      vertex -0.35334484308535546 0.20756204010219712 -0.18000000000000002
      vertex -0.43272949470171301 0.2756790920487151 -0.17999999999999999
    endloop
  endfacet
  facet normal -4.5686636967557097e-17 -2.1107634851625899e-15 -1
    outer loop
      vertex -0.35334484308535546 0.20756204010219712 -0.18000000000000002
      vertex -0.40875723316070933 0.16931278969326727 -0.17999999999999994
      vertex -0.5012288190283396 0.19761338681109411 -0.17999999999999999
    endloop
  endfacet
  facet normal -1.9945876080434742e-16 1.7501654925855628e-16 -1
    outer loop
      vertex -0.35334484308535546 0.20756204010219712 -0.18000000000000002
      vertex -0.5012288190283396 0.19761338681109411 -0.17999999999999999
      vertex -0.43272949470171301 0.2756790920487151 -0.17999999999999999
    endloop
  endfacet
  facet normal -4.6727299672603313e-16 9.0204846341908016e-16 -1
    outer loop
      vertex -0.40875723316070933 0.16931278969326727 -0.17999999999999994
      vertex -0.43194814970242545 0.095760599327521262 -0.17999999999999999
      vertex -0.50448605510609101 0.088954502906381294 -0.17999999999999997
    endloop
  endfacet
  facet normal 5.1738255826442808e-16 -2.7094713006830551e-16 -1
    outer loop
      vertex -0.40875723316070933 0.16931278969326727 -0.17999999999999994
      vertex -0.50448605510609101 0.088954502906381294 -0.17999999999999997
      vertex -0.5012288190283396 0.19761338681109411 -0.17999999999999999
    endloop
  endfacet
  facet normal -3.8742117198414125e-16 5.1004964909948332e-17 -1
    outer loop
      vertex -0.43194814970242545 0.095760599327521262 -0.17999999999999999
      vertex -0.44201454029174364 0.019298771608410054 -0.17999999999999999
      vertex -0.50448605510609101 0.088954502906381294 -0.17999999999999997
    endloop
  endfacet
  facet normal -1.5383266555124108e-16 2.6050140645415211e-16 -1
    outer loop
      vertex -0.44201454029174364 0.019298771608410054 -0.17999999999999999
      vertex -0.51259428140284458 -0.022380349655559278 -0.17999999999999999
      vertex -0.50448605510609101 0.088954502906381294 -0.17999999999999997
    endloop
  endfacet
  facet normal 0 -0 -1
    outer loop
      vertex -0.44201454029174364 0.019298771608410054 -0.17999999999999999
      vertex -0.43865054274444687 -0.05774943952037305 -0.17999999999999999
      vertex -0.51259428140284458 -0.022380349655559278 -0.17999999999999999
    endloop
  endfacet
  facet normal -0 0 -1
    outer loop
      vertex -0.43865054274444687 -0.05774943952037305 -0.17999999999999999
      vertex -0.50092051554200634 -0.11105140470401242 -0.17999999999999999
      vertex -0.51259428140284458 -0.022380349655559278 -0.17999999999999999
    endloop
  endfacet
  facet normal -2.0933048650193972e-16 2.4455015223672598e-16 -1
    outer loop
      vertex -0.43865054274444687 -0.05774943952037305 -0.17999999999999999
      vertex -0.41509387265457348 -0.15108181407255009 -0.18000000000000002
      vertex -0.50092051554200634 -0.11105140470401242 -0.17999999999999999
    endloop
  endfacet
  facet normal -2.3943144671903487e-16 1.8001260680877573e-16 -1
    outer loop
      vertex -0.41509387265457348 -0.15108181407255009 -0.18000000000000002
      vertex -0.4642729901298645 -0.21649405077207584 -0.18000000000000002
      vertex -0.50092051554200634 -0.11105140470401242 -0.17999999999999999
    endloop
  endfacet
  facet normal -2.5919125141069639e-16 1.9486869192758765e-16 -1
    outer loop
      vertex -0.41509387265457348 -0.15108181407255009 -0.18000000000000002
      vertex -0.37314643493054528 -0.23772049662058864 -0.18000000000000005
      vertex -0.4642729901298645 -0.21649405077207584 -0.18000000000000002
    endloop
  endfacet
  facet normal -4.2496894045968397e-16 -5.1682604207313906e-16 -1
    outer loop
      vertex -0.37314643493054528 -0.23772049662058864 -0.18000000000000005
      vertex -0.39242048812368052 -0.32927988685098841 -0.17999999999999999
      vertex -0.4642729901298645 -0.21649405077207584 -0.18000000000000002
    endloop
  endfacet
  facet normal 1.3414411362806724e-16 -6.3452423467081784e-16 -1
    outer loop
      vertex -0.37314643493054528 -0.23772049662058864 -0.18000000000000005
      vertex -0.31235287549406671 -0.31235287549406671 -0.17999999999999999
      vertex -0.39242048812368052 -0.32927988685098841 -0.17999999999999999
    endloop
  endfacet
  facet normal 0 -0 -1
    outer loop
      vertex -0.31235287549406671 -0.31235287549406671 -0.17999999999999999
      vertex -0.31234491039322276 -0.40705581230226084 -0.17999999999999999
      vertex -0.39242048812368052 -0.32927988685098841 -0.17999999999999999
    endloop
  endfacet
  facet normal 0 0 -1
    outer loop
      vertex -0.31235287549406671 -0.31235287549406671 -0.17999999999999999
      vertex -0.23772049662058878 -0.37314643493054528 -0.17999999999999999
      vertex -0.31234491039322276 -0.40705581230226084 -0.17999999999999999
    endloop
  endfacet
  facet normal 1.5319143333700565e-16 -3.3712859963330015e-16 -1
    outer loop
      vertex -0.23772049662058878 -0.37314643493054528 -0.17999999999999999
      vertex -0.23691518935412978 -0.45510984435727242 -0.17999999999999997
      vertex -0.31234491039322276 -0.40705581230226084 -0.17999999999999999
    endloop
  endfacet
  facet normal -1.7718782421338101e-16 -3.4037464343081322e-16 -1
    outer loop
      vertex -0.23772049662058878 -0.37314643493054528 -0.17999999999999999
      vertex -0.1693127896932673 -0.40875723316070933 -0.17999999999999999
      vertex -0.23691518935412978 -0.45510984435727242 -0.17999999999999997
    endloop
  endfacet
  facet normal -5.7343245620191211e-16 2.3752350046374773e-16 -1
    outer loop
      vertex -0.1693127896932673 -0.40875723316070933 -0.17999999999999999
      vertex -0.15428692017138149 -0.48933559408818156 -0.18000000000000002
      vertex -0.23691518935412978 -0.45510984435727242 -0.17999999999999997
    endloop
  endfacet
  facet normal -3.4843201514849664e-17 3.3795706319285003e-16 -1
    outer loop
      vertex -0.1693127896932673 -0.40875723316070933 -0.17999999999999999
      vertex -0.088778557608720263 -0.40045419474850635 -0.17999999999999999
      vertex -0.15428692017138149 -0.48933559408818156 -0.18000000000000002
    endloop
  endfacet
  facet normal 4.9609261413798759e-16 -5.3359187087682771e-17 -1
    outer loop
      vertex -0.088778557608720263 -0.40045419474850635 -0.17999999999999999
      vertex -0.044647147328116511 -0.51031922912946248 -0.17999999999999997
      vertex -0.15428692017138149 -0.48933559408818156 -0.18000000000000002
    endloop
  endfacet
  facet normal 3.2690871379815696e-16 -1.2131824395085566e-16 -1
    outer loop
      vertex -0.088778557608720263 -0.40045419474850635 -0.17999999999999999
      vertex -0.019298771608410082 -0.44201454029174364 -0.17999999999999997
      vertex -0.044647147328116511 -0.51031922912946248 -0.17999999999999997
    endloop
  endfacet
  facet normal -2.9191489003681062e-16 3.8576493649176457e-17 -1
    outer loop
      vertex -0.019298771608410082 -0.44201454029174364 -0.17999999999999997
      vertex 0.076706247290620783 -0.43502274571039845 -0.17999999999999999
      vertex 0.066970720992174521 -0.50869312940847955 -0.17999999999999999
    endloop
  endfacet
  facet normal -2.5001777198883773e-16 9.2783446185282489e-17 -1
    outer loop
      vertex -0.019298771608410082 -0.44201454029174364 -0.17999999999999997
      vertex 0.066970720992174521 -0.50869312940847955 -0.17999999999999999
      vertex -0.044647147328116511 -0.51031922912946248 -0.17999999999999997
    endloop
  endfacet
  facet normal -2.6528535148956499e-16 3.5057405518664239e-17 -1
    outer loop
      vertex 0.076706247290620783 -0.43502274571039845 -0.17999999999999999
      vertex 0.17520616825510235 -0.48137499103006187 -0.18000000000000002
      vertex 0.066970720992174521 -0.50869312940847955 -0.17999999999999999
    endloop
  endfacet
  facet normal -1.059664488334085e-16 3.7361488448338118e-16 -1
    outer loop
      vertex 0.076706247290620783 -0.43502274571039845 -0.17999999999999999
      vertex 0.16931278969326713 -0.40875723316070933 -0.17999999999999999
      vertex 0.17520616825510235 -0.48137499103006187 -0.18000000000000002
    endloop
  endfacet
  facet normal 2.9605007124882981e-16 4.0624100253592121e-16 -1
    outer loop
      vertex 0.16931278969326713 -0.40875723316070933 -0.17999999999999999
      vertex 0.25810304338147189 -0.40514062460602679 -0.17999999999999997
      vertex 0.17520616825510235 -0.48137499103006187 -0.18000000000000002
    endloop
  endfacet
  facet normal -2.3644053323044887e-16 -2.293848565476211e-16 -1
    outer loop
      vertex 0.25810304338147189 -0.40514062460602679 -0.17999999999999997
      vertex 0.29890518655046916 -0.32619777109622355 -0.17999999999999999
      vertex 0.37430906373539835 -0.40392100530434866 -0.17999999999999999
    endloop
  endfacet
  facet normal 0 0 -1
    outer loop
      vertex 0.29890518655046916 -0.32619777109622355 -0.17999999999999999
      vertex 0.37828418938416875 -0.34663359537062488 -0.17999999999999999
      vertex 0.37430906373539835 -0.40392100530434866 -0.17999999999999999
    endloop
  endfacet
  facet normal 0 0 -1
    outer loop
      vertex 0.29890518655046916 -0.32619777109622355 -0.17999999999999999
      vertex 0.36184704108078397 -0.25336802584364354 -0.17999999999999999
      vertex 0.37828418938416875 -0.34663359537062488 -0.17999999999999999
    endloop
  endfacet
  facet normal 0 0 -1
    outer loop
      vertex 0.36184704108078397 -0.25336802584364354 -0.17999999999999999
      vertex 0.43272949470171301 -0.2756790920487151 -0.17999999999999999
      vertex 0.37828418938416875 -0.34663359537062488 -0.17999999999999999
    endloop
  endfacet
  facet normal 2.2678046267618247e-17 -5.5450958989686017e-16 -1
    outer loop
      vertex 0.36184704108078397 -0.25336802584364354 -0.17999999999999999
      vertex 0.41509387265457343 -0.15108181407255031 -0.18000000000000005
      vertex 0.5012288190283396 -0.19761338681109408 -0.18000000000000002
    endloop
  endfacet
  facet normal -8.7691253032393557e-17 -2.7859588237055535e-16 -1
    outer loop
      vertex 0.36184704108078397 -0.25336802584364354 -0.17999999999999999
      vertex 0.5012288190283396 -0.19761338681109408 -0.18000000000000002
      vertex 0.43272949470171301 -0.2756790920487151 -0.17999999999999999
    endloop
  endfacet
  facet normal 4.9640608763519402e-16 3.2241197190424262e-16 -1
    outer loop
      vertex 0.41509387265457343 -0.15108181407255031 -0.18000000000000005
      vertex 0.50092051554200634 -0.11105140470401262 -0.17999999999999999
      vertex 0.5012288190283396 -0.19761338681109408 -0.18000000000000002
    endloop
  endfacet
  facet normal 4.9457899630012277e-16 3.2632932168935706e-16 -1
    outer loop
      vertex 0.41509387265457343 -0.15108181407255031 -0.18000000000000005
      vertex 0.4403325415180952 -0.01922533395598159 -0.17999999999999999
      vertex 0.50092051554200634 -0.11105140470401262 -0.17999999999999999
    endloop
  endfacet
  facet normal 0 0 -1
    outer loop
      vertex 0.4403325415180952 -0.01922533395598159 -0.17999999999999999
      vertex 0.51259428140284458 -0.022380349655559399 -0.17999999999999999
      vertex 0.50092051554200634 -0.11105140470401262 -0.17999999999999999
    endloop
  endfacet
  facet normal 0 0 -1
    outer loop
      vertex 0.51259428140284458 -0.022380349655559399 -0.17999999999999999
      vertex 0.50869312940847955 0.066970720992174687 -0.17999999999999999
      vertex 0.57873571607251206 0.076192002463976199 -0.17999999999999999
    endloop
  endfacet
  facet normal -3.8205844100612984e-16 2.5635883564143764e-16 -1
    outer loop
      vertex 0.51259428140284458 -0.022380349655559399 -0.17999999999999999
      vertex 0.57873571607251206 0.076192002463976199 -0.17999999999999999
      vertex 0.58317402251394557 -0.025461927702708737 -0.18000000000000002
    endloop
  endfacet
  facet normal 0 0 -1
    outer loop
      vertex 0.50869312940847955 0.066970720992174687 -0.17999999999999999
      vertex 0.4893355940881815 0.15428692017138151 -0.17999999999999999
      vertex 0.55671281775261816 0.17553087719080673 -0.17999999999999999
    endloop
  endfacet
  facet normal 0 0 -1
    outer loop
      vertex 0.50869312940847955 0.066970720992174687 -0.17999999999999999
      vertex 0.55671281775261816 0.17553087719080673 -0.17999999999999999
      vertex 0.57873571607251206 0.076192002463976199 -0.17999999999999999
    endloop
  endfacet
  facet normal 0 0 -1
    outer loop
      vertex 0.4893355940881815 0.15428692017138151 -0.17999999999999999
      vertex 0.49956226024136297 0.23294970767576792 -0.17999999999999999
      vertex 0.55671281775261816 0.17553087719080673 -0.17999999999999999
    endloop
  endfacet
  facet normal 0 0 -1
    outer loop
      vertex 0.49956226024136297 0.23294970767576792 -0.17999999999999999
      vertex 0.43272949470171296 0.27567909204871499 -0.17999999999999999
      vertex 0.49231255447288069 0.31363768747684123 -0.17999999999999999
    endloop
  endfacet
  facet normal -5.2334404508540691e-16 -1.0401745775263584e-17 -1
    outer loop
      vertex 0.43272949470171296 0.27567909204871499 -0.17999999999999999
      vertex 0.37828418938416891 0.34663359537062477 -0.17999999999999997
      vertex 0.43037060767211421 0.39436200419078027 -0.17999999999999999
    endloop
  endfacet
  facet normal 0 0 -1
    outer loop
      vertex 0.43272949470171296 0.27567909204871499 -0.17999999999999999
      vertex 0.43037060767211421 0.39436200419078027 -0.17999999999999999
      vertex 0.49231255447288069 0.31363768747684123 -0.17999999999999999
    endloop
  endfacet
  facet normal -3.4949497207746601e-16 -2.0012471705184191e-16 -1
    outer loop
      vertex 0.37828418938416891 0.34663359537062477 -0.17999999999999997
      vertex 0.33527019698186805 0.42175262262045798 -0.17999999999999997
      vertex 0.43037060767211421 0.39436200419078027 -0.17999999999999999
    endloop
  endfacet
  facet normal -4.2647635834988619e-16 -5.2411231871154809e-16 -1
    outer loop
      vertex 0.33527019698186805 0.42175262262045798 -0.17999999999999997
      vertex 0.25154034843804435 0.48988458521187772 -0.17999999999999997
      vertex 0.31363768747684129 0.49231255447288058 -0.17999999999999999
    endloop
  endfacet
  facet normal 4.0487087032476703e-16 -3.7015987875158936e-16 -1
    outer loop
      vertex 0.17520616825510271 0.48137499103006171 -0.17999999999999999
      vertex 0.17553087719080682 0.55671281775261794 -0.18000000000000002
      vertex 0.25154034843804435 0.48988458521187772 -0.17999999999999997
    endloop
  endfacet
  facet normal -9.6799535071081618e-17 -3.8352324115684482e-16 -1
    outer loop
      vertex 0.17520616825510271 0.48137499103006171 -0.17999999999999999
      vertex 0.066970720992174701 0.50869312940847955 -0.17999999999999999
      vertex 0.076192002463976241 0.57873571607251206 -0.18000000000000002
    endloop
  endfacet
  facet normal -8.1597642680660712e-17 -3.6806318071843173e-16 -1
    outer loop
      vertex 0.17520616825510271 0.48137499103006171 -0.17999999999999999
      vertex 0.076192002463976241 0.57873571607251206 -0.18000000000000002
      vertex 0.17553087719080682 0.55671281775261794 -0.18000000000000002
    endloop
  endfacet
  facet normal 3.4563338398294283e-16 8.015932984316803e-16 -1
    outer loop
      vertex 0.066970720992174701 0.50869312940847955 -0.17999999999999999
      vertex -0.022380349655559319 0.51259428140284458 -0.18000000000000002
      vertex -0.025461927702708654 0.58317402251394568 -0.17999999999999997
    endloop
  endfacet
  facet normal -5.6016128439906241e-16 -3.2252050957135105e-16 -1
    outer loop
      vertex 0.066970720992174701 0.50869312940847955 -0.17999999999999999
      vertex -0.025461927702708654 0.58317402251394568 -0.17999999999999997
      vertex 0.076192002463976241 0.57873571607251206 -0.18000000000000002
    endloop
  endfacet
  facet normal -8.4243393905881454e-16 7.4972115886888555e-16 -1
    outer loop
      vertex -0.022380349655559319 0.51259428140284458 -0.18000000000000002
      vertex -0.10757372441214705 0.52792923151459858 -0.17999999999999994
      vertex -0.025461927702708654 0.58317402251394568 -0.17999999999999997
    endloop
  endfacet
  facet normal 4.3489191163412276e-16 -9.0180337277945572e-16 -1
    outer loop
      vertex -0.10757372441214705 0.52792923151459858 -0.17999999999999994
      vertex -0.21358634495899462 0.50758282769180008 -0.17999999999999997
      vertex -0.17553087719080673 0.55671281775261816 -0.17999999999999999
    endloop
  endfacet
  facet normal 3.3539279721805229e-16 1.4377379686680793e-15 -1
    outer loop
      vertex -0.23691518935412953 0.45510984435727242 -0.18000000000000005
      vertex -0.31363768747684123 0.49231255447288064 -0.18000000000000002
      vertex -0.21358634495899462 0.50758282769180008 -0.17999999999999997
    endloop
  endfacet
  facet normal -6.6532928777652675e-16 -6.2603367723523724e-16 -1
    outer loop
      vertex -0.23691518935412953 0.45510984435727242 -0.18000000000000005
      vertex -0.29243121543275474 0.38110377976275867 -0.17999999999999997
      vertex -0.31363768747684123 0.49231255447288064 -0.18000000000000002
    endloop
  endfacet
  facet normal 3.4186307298594492e-17 -4.9264260310434938e-16 -1
    outer loop
      vertex -0.29243121543275474 0.38110377976275867 -0.17999999999999997
      vertex -0.39436200419078027 0.43037060767211421 -0.17999999999999999
      vertex -0.31363768747684123 0.49231255447288064 -0.18000000000000002
    endloop
  endfacet
  facet normal 3.3352105430438191e-16 1.2666714667537906e-16 -1
    outer loop
      vertex -0.29243121543275474 0.38110377976275867 -0.17999999999999997
      vertex -0.35416650503874225 0.32453380935979848 -0.17999999999999999
      vertex -0.39436200419078027 0.43037060767211421 -0.17999999999999999
    endloop
  endfacet
  facet normal 2.2969426399088308e-16 8.7235023552287222e-17 -1
    outer loop
      vertex -0.35416650503874225 0.32453380935979848 -0.17999999999999999
      vertex -0.4894826696353019 0.36265807507348435 -0.18000000000000002
      vertex -0.39436200419078027 0.43037060767211421 -0.17999999999999999
    endloop
  endfacet
  facet normal 1.4116097400293992e-16 -2.2700014966399008e-16 -1
    outer loop
      vertex -0.35416650503874225 0.32453380935979848 -0.17999999999999999
      vertex -0.43272949470171301 0.2756790920487151 -0.17999999999999999
      vertex -0.4894826696353019 0.36265807507348435 -0.18000000000000002
    endloop
  endfacet
  facet normal 2.2011530462678441e-17 -3.0474432391530971e-16 -1
    outer loop
      vertex -0.43272949470171301 0.2756790920487151 -0.17999999999999999
      vertex -0.5177744821755893 0.26953633503710439 -0.17999999999999999
      vertex -0.4894826696353019 0.36265807507348435 -0.18000000000000002
    endloop
  endfacet
  facet normal 0 0 -1
    outer loop
      vertex -0.43272949470171301 0.2756790920487151 -0.17999999999999999
      vertex -0.5012288190283396 0.19761338681109411 -0.17999999999999999
      vertex -0.5177744821755893 0.26953633503710439 -0.17999999999999999
    endloop
  endfacet
  facet normal 2.7365107442132194e-16 -2.636408615522968e-16 -1
    outer loop
      vertex -0.5012288190283396 0.19761338681109411 -0.17999999999999999
      vertex -0.50448605510609101 0.088954502906381294 -0.17999999999999997
      vertex -0.56989288138158711 0.12634221008050384 -0.17999999999999999
    endloop
  endfacet
  facet normal 3.946532888915542e-16 -5.1957091163653076e-17 -1
    outer loop
      vertex -0.50448605510609101 0.088954502906381294 -0.17999999999999997
      vertex -0.58317402251394557 0.025461927702708744 -0.17999999999999999
      vertex -0.56989288138158711 0.12634221008050384 -0.17999999999999999
    endloop
  endfacet
  facet normal 1.6103636627004443e-16 2.3757031789474237e-16 -1
    outer loop
      vertex -0.50448605510609101 0.088954502906381294 -0.17999999999999997
      vertex -0.51259428140284458 -0.022380349655559278 -0.17999999999999999
      vertex -0.58317402251394557 0.025461927702708744 -0.17999999999999999
    endloop
  endfacet
  facet normal -1.9072385752049973e-16 -2.8136705087641555e-16 -1
    outer loop
      vertex -0.51259428140284458 -0.022380349655559278 -0.17999999999999999
      vertex -0.57873571607251206 -0.076192002463976061 -0.17999999999999997
      vertex -0.58317402251394557 0.025461927702708744 -0.17999999999999999
    endloop
  endfacet
  facet normal -3.7904055516725734e-16 -4.9901635774682162e-17 -1
    outer loop
      vertex -0.51259428140284458 -0.022380349655559278 -0.17999999999999999
      vertex -0.50092051554200634 -0.11105140470401242 -0.17999999999999999
      vertex -0.57873571607251206 -0.076192002463976061 -0.17999999999999997
    endloop
  endfacet
  facet normal -2.3538359190087472e-16 2.7077785629469762e-16 -1
    outer loop
      vertex -0.50092051554200634 -0.11105140470401242 -0.17999999999999999
      vertex -0.59139618805676741 -0.18970070441999048 -0.17999999999999999
      vertex -0.57873571607251206 -0.076192002463976061 -0.17999999999999997
    endloop
  endfacet
  facet normal -3.8194416883874507e-16 1.3048104818244627e-16 -1
    outer loop
      vertex -0.50092051554200634 -0.11105140470401242 -0.17999999999999999
      vertex -0.4642729901298645 -0.21649405077207584 -0.18000000000000002
      vertex -0.53929583342816168 -0.22338364833724589 -0.17999999999999999
    endloop
  endfacet
  facet normal 0 0 -1
    outer loop
      vertex -0.50092051554200634 -0.11105140470401242 -0.17999999999999999
      vertex -0.53929583342816168 -0.22338364833724589 -0.17999999999999999
      vertex -0.59139618805676741 -0.18970070441999048 -0.17999999999999999
    endloop
  endfacet
  facet normal -3.5308241157370618e-16 -1.8380306959462185e-16 -1
    outer loop
      vertex -0.4642729901298645 -0.21649405077207584 -0.18000000000000002
      vertex -0.49231255447288069 -0.31363768747684123 -0.17999999999999999
      vertex -0.53929583342816168 -0.22338364833724589 -0.17999999999999999
    endloop
  endfacet
  facet normal -4.28059298916188e-17 -2.733613532595651e-16 -1
    outer loop
      vertex -0.4642729901298645 -0.21649405077207584 -0.18000000000000002
      vertex -0.39242048812368052 -0.32927988685098841 -0.17999999999999999
      vertex -0.49231255447288069 -0.31363768747684123 -0.17999999999999999
    endloop
  endfacet
  facet normal -0 0 -1
    outer loop
      vertex -0.39242048812368052 -0.32927988685098841 -0.17999999999999999
      vertex -0.43037060767211432 -0.39436200419078016 -0.17999999999999999
      vertex -0.49231255447288069 -0.31363768747684123 -0.17999999999999999
    endloop
  endfacet
  facet normal 2.7559247702450123e-16 2.8374110224803245e-16 -1
    outer loop
      vertex -0.39242048812368052 -0.32927988685098841 -0.17999999999999999
      vertex -0.31234491039322276 -0.40705581230226084 -0.17999999999999999
      vertex -0.35535206773526595 -0.46310383096418539 -0.18000000000000002
    endloop
  endfacet
  facet normal -2.4113753232906337e-16 1.4061002551168013e-16 -1
    outer loop
      vertex -0.39242048812368052 -0.32927988685098841 -0.17999999999999999
      vertex -0.35535206773526595 -0.46310383096418539 -0.18000000000000002
      vertex -0.43037060767211432 -0.39436200419078016 -0.17999999999999999
    endloop
  endfacet
  facet normal 4.8822493071811248e-16 1.8876864905705193e-16 -1
    outer loop
      vertex -0.31234491039322276 -0.40705581230226084 -0.17999999999999999
      vertex -0.23691518935412978 -0.45510984435727242 -0.17999999999999997
      vertex -0.26953633503710456 -0.51777448217558919 -0.17999999999999999
    endloop
  endfacet
  facet normal 4.2913658335736251e-16 1.6592256561371665e-16 -1
    outer loop
      vertex -0.31234491039322276 -0.40705581230226084 -0.17999999999999999
      vertex -0.26953633503710456 -0.51777448217558919 -0.17999999999999999
      vertex -0.35535206773526595 -0.46310383096418539 -0.18000000000000002
    endloop
  endfacet
  facet normal -5.9421306981348447e-16 1.8735466124825487e-16 -1
    outer loop
      vertex -0.23691518935412978 -0.45510984435727242 -0.17999999999999997
      vertex -0.15428692017138149 -0.48933559408818156 -0.18000000000000002
      vertex -0.17553087719080671 -0.55671281775261794 -0.18000000000000002
    endloop
  endfacet
  facet normal -9.1961222901063697e-17 4.9079444381755058e-16 -1
    outer loop
      vertex -0.23691518935412978 -0.45510984435727242 -0.17999999999999997
      vertex -0.17553087719080671 -0.55671281775261794 -0.18000000000000002
      vertex -0.26953633503710456 -0.51777448217558919 -0.17999999999999999
    endloop
  endfacet
  facet normal 4.9909494119861882e-16 -3.7671988169039229e-17 -1
    outer loop
      vertex -0.15428692017138149 -0.48933559408818156 -0.18000000000000002
      vertex -0.044647147328116511 -0.51031922912946248 -0.17999999999999997
      vertex -0.10795018760945839 -0.61221593641384231 -0.17999999999999999
    endloop
  endfacet
  facet normal 3.2622624700115189e-16 -1.0285874057999951e-16 -1
    outer loop
      vertex -0.15428692017138149 -0.48933559408818156 -0.18000000000000002
      vertex -0.10795018760945839 -0.61221593641384231 -0.17999999999999999
      vertex -0.17553087719080671 -0.55671281775261794 -0.18000000000000002
    endloop
  endfacet
  facet normal -1.2274929191257456e-16 3.4864697724656252e-16 -1
    outer loop
      vertex -0.044647147328116511 -0.51031922912946248 -0.17999999999999997
      vertex -0.025461927702708779 -0.58317402251394557 -0.17999999999999999
      vertex -0.10795018760945839 -0.61221593641384231 -0.17999999999999999
    endloop
  endfacet
  facet normal -2.485775687235725e-16 -6.0742169349457478e-18 -1
    outer loop
      vertex -0.044647147328116511 -0.51031922912946248 -0.17999999999999997
      vertex 0.066970720992174521 -0.50869312940847955 -0.17999999999999999
      vertex 0.069329771083550429 -0.6052334641531395 -0.17999999999999999
    endloop
  endfacet
  facet normal 9.4445477374899442e-17 4.058419695963375e-16 -1
    outer loop
      vertex -0.044647147328116511 -0.51031922912946248 -0.17999999999999997
      vertex 0.069329771083550429 -0.6052334641531395 -0.17999999999999999
      vertex -0.025461927702708779 -0.58317402251394557 -0.17999999999999999
    endloop
  endfacet
  facet normal -1.632731561240846e-16 -3.6911858329538319e-16 -1
    outer loop
      vertex 0.066970720992174521 -0.50869312940847955 -0.17999999999999999
      vertex 0.17520616825510235 -0.48137499103006187 -0.18000000000000002
      vertex 0.17553087719080662 -0.55671281775261816 -0.17999999999999999
    endloop
  endfacet
  facet normal 0 0 -1
    outer loop
      vertex 0.066970720992174521 -0.50869312940847955 -0.17999999999999999
      vertex 0.17553087719080662 -0.55671281775261816 -0.17999999999999999
      vertex 0.069329771083550429 -0.6052334641531395 -0.17999999999999999
    endloop
  endfacet
  facet normal 1.523304835913096e-16 -3.6775831944899199e-16 -1
    outer loop
      vertex 0.17520616825510235 -0.48137499103006187 -0.18000000000000002
      vertex 0.269536335037104 -0.51777448217558952 -0.17999999999999999
      vertex 0.17553087719080662 -0.55671281775261816 -0.17999999999999999
    endloop
  endfacet
  facet normal 4.0519802197834228e-16 2.8755405770586777e-16 -1
    outer loop
      vertex 0.17520616825510235 -0.48137499103006187 -0.18000000000000002
      vertex 0.25810304338147189 -0.40514062460602679 -0.17999999999999997
      vertex 0.269536335037104 -0.51777448217558952 -0.17999999999999999
    endloop
  endfacet
  facet normal -7.5502715980129618e-16 1.697813632804566e-16 -1
    outer loop
      vertex 0.25810304338147189 -0.40514062460602679 -0.17999999999999997
      vertex 0.35535206773526584 -0.46310383096418545 -0.18000000000000005
      vertex 0.269536335037104 -0.51777448217558952 -0.17999999999999999
    endloop
  endfacet
  facet normal -2.4953106426189716e-16 1.0178883814136823e-15 -1
    outer loop
      vertex 0.25810304338147189 -0.40514062460602679 -0.17999999999999997
      vertex 0.37430906373539835 -0.40392100530434866 -0.17999999999999999
      vertex 0.35535206773526584 -0.46310383096418545 -0.18000000000000005
    endloop
  endfacet
  facet normal -3.2491311231632549e-16 2.2545450176306955e-17 -1
    outer loop
      vertex 0.37828418938416875 -0.34663359537062488 -0.17999999999999999
      vertex 0.46310383096418528 -0.35535206773526612 -0.18000000000000002
      vertex 0.37430906373539835 -0.40392100530434866 -0.17999999999999999
    endloop
  endfacet
  facet normal -3.0330793195206034e-16 2.3273636185490236e-16 -1
    outer loop
      vertex 0.37828418938416875 -0.34663359537062488 -0.17999999999999999
      vertex 0.43272949470171301 -0.2756790920487151 -0.17999999999999999
      vertex 0.46310383096418528 -0.35535206773526612 -0.18000000000000002
    endloop
  endfacet
  facet normal -2.4488180282309097e-17 3.3903294260713374e-16 -1
    outer loop
      vertex 0.43272949470171301 -0.2756790920487151 -0.17999999999999999
      vertex 0.5177744821755893 -0.26953633503710434 -0.17999999999999999
      vertex 0.46310383096418528 -0.35535206773526612 -0.18000000000000002
    endloop
  endfacet
  facet normal 2.741828916419206e-17 -3.7959959251462974e-16 -1
    outer loop
      vertex 0.43272949470171301 -0.2756790920487151 -0.17999999999999999
      vertex 0.5012288190283396 -0.19761338681109408 -0.18000000000000002
      vertex 0.5177744821755893 -0.26953633503710434 -0.17999999999999999
    endloop
  endfacet
  facet normal 7.1141224716946252e-17 3.2089732729166266e-16 -1
    outer loop
      vertex 0.5012288190283396 -0.19761338681109408 -0.18000000000000002
      vertex 0.50092051554200634 -0.11105140470401262 -0.17999999999999999
      vertex 0.569892881381587 -0.12634221008050389 -0.17999999999999999
    endloop
  endfacet
  facet normal -3.9100379147673914e-16 5.1476625714053612e-17 -1
    outer loop
      vertex 0.50092051554200634 -0.11105140470401262 -0.17999999999999999
      vertex 0.51259428140284458 -0.022380349655559399 -0.17999999999999999
      vertex 0.58317402251394557 -0.025461927702708737 -0.18000000000000002
    endloop
  endfacet
  facet normal -5.9265921308096962e-17 -2.6733129522179915e-16 -1
    outer loop
      vertex 0.50092051554200634 -0.11105140470401262 -0.17999999999999999
      vertex 0.58317402251394557 -0.025461927702708737 -0.18000000000000002
      vertex 0.569892881381587 -0.12634221008050389 -0.17999999999999999
    endloop
  endfacet
  facet normal 4.4940959717785998e-16 2.9266151418684137e-16 -1
    outer loop
      vertex 0.58317402251394557 -0.025461927702708737 -0.18000000000000002
      vertex 0.57873571607251206 0.076192002463976199 -0.17999999999999999
      vertex 0.65239864478254439 0.057914055950404018 -0.17999999999999997
    endloop
  endfacet
  facet normal 2.1314104703919396e-16 4.8882832890589075e-16 -1
    outer loop
      vertex 0.58317402251394557 -0.025461927702708737 -0.18000000000000002
      vertex 0.65239864478254439 0.057914055950404018 -0.17999999999999997
      vertex 0.65499999999999992 0 -0.17999999999999999
    endloop
  endfacet
  facet normal 0 0 -1
    outer loop
      vertex 0.57873571607251206 0.076192002463976199 -0.17999999999999999
      vertex 0.55671281775261816 0.17553087719080673 -0.17999999999999999
      vertex 0.62409004141705482 0.19677483421023201 -0.17999999999999999
    endloop
  endfacet
  facet normal 3.4462820060029117e-16 -1.2962358991387085e-16 -1
    outer loop
      vertex 0.57873571607251206 0.076192002463976199 -0.17999999999999999
      vertex 0.62409004141705482 0.19677483421023201 -0.17999999999999999
      vertex 0.65239864478254439 0.057914055950404018 -0.17999999999999997
    endloop
  endfacet
  facet normal -1.8533212143147566e-16 -1.8446621038940586e-16 -1
    outer loop
      vertex 0.55671281775261816 0.17553087719080673 -0.17999999999999999
      vertex 0.49956226024136297 0.23294970767576792 -0.17999999999999999
      vertex 0.58043911999390629 0.30215748072007892 -0.18000000000000002
    endloop
  endfacet
  facet normal 7.3450382463192707e-17 -2.3295485125185193e-16 -1
    outer loop
      vertex 0.55671281775261816 0.17553087719080673 -0.17999999999999999
      vertex 0.58043911999390629 0.30215748072007892 -0.18000000000000002
      vertex 0.62409004141705482 0.19677483421023201 -0.17999999999999999
    endloop
  endfacet
  facet normal -3.1868130997671923e-16 -2.863308434467678e-17 -1
    outer loop
      vertex 0.49956226024136297 0.23294970767576792 -0.17999999999999999
      vertex 0.49231255447288069 0.31363768747684123 -0.17999999999999999
      vertex 0.58043911999390629 0.30215748072007892 -0.18000000000000002
    endloop
  endfacet
  facet normal -3.4345490482428788e-16 -2.1880490579202123e-16 -1
    outer loop
      vertex 0.49231255447288069 0.31363768747684123 -0.17999999999999999
      vertex 0.51915184962611005 0.39835922507730909 -0.18000000000000002
      vertex 0.58043911999390629 0.30215748072007892 -0.18000000000000002
    endloop
  endfacet
  facet normal -3.0218893690430222e-16 -2.3187772675534227e-16 -1
    outer loop
      vertex 0.49231255447288069 0.31363768747684123 -0.17999999999999999
      vertex 0.43037060767211421 0.39436200419078027 -0.17999999999999999
      vertex 0.51915184962611005 0.39835922507730909 -0.18000000000000002
    endloop
  endfacet
  facet normal -3.0024197992565929e-16 -2.7512108595459508e-16 -1
    outer loop
      vertex 0.43037060767211421 0.39436200419078027 -0.17999999999999999
      vertex 0.44209041301093588 0.48245702596005946 -0.18000000000000002
      vertex 0.51915184962611005 0.39835922507730909 -0.18000000000000002
    endloop
  endfacet
  facet normal -3.6848058656959626e-16 -2.6604289776191952e-16 -1
    outer loop
      vertex 0.43037060767211421 0.39436200419078027 -0.17999999999999999
      vertex 0.33527019698186805 0.42175262262045798 -0.17999999999999997
      vertex 0.44209041301093588 0.48245702596005946 -0.18000000000000002
    endloop
  endfacet
  facet normal 2.3010024737207613e-16 -3.2281677758538549e-16 -1
    outer loop
      vertex 0.33527019698186805 0.42175262262045798 -0.17999999999999997
      vertex 0.31363768747684129 0.49231255447288058 -0.17999999999999999
      vertex 0.37569256580993521 0.53654458900928947 -0.17999999999999999
    endloop
  endfacet
  facet normal -4.7789676351411553e-16 -7.3505634972228295e-17 -1
    outer loop
      vertex 0.33527019698186805 0.42175262262045798 -0.17999999999999997
      vertex 0.37569256580993521 0.53654458900928947 -0.17999999999999999
      vertex 0.44209041301093588 0.48245702596005946 -0.18000000000000002
    endloop
  endfacet
  facet normal 0 0 -1
    outer loop
      vertex 0.31363768747684129 0.49231255447288058 -0.17999999999999999
      vertex 0.32750000000000001 0.56724663947880716 -0.17999999999999999
      vertex 0.37569256580993521 0.53654458900928947 -0.17999999999999999
    endloop
  endfacet
  facet normal -4.4070638866322823e-16 -1.6016742406532345e-16 -1
    outer loop
      vertex 0.31363768747684129 0.49231255447288058 -0.17999999999999999
      vertex 0.25154034843804435 0.48988458521187772 -0.17999999999999997
      vertex 0.2768149614401581 0.59363160050900565 -0.17999999999999999
    endloop
  endfacet
  facet normal 0 0 -1
    outer loop
      vertex 0.31363768747684129 0.49231255447288058 -0.17999999999999999
      vertex 0.2768149614401581 0.59363160050900565 -0.17999999999999999
      vertex 0.32750000000000001 0.56724663947880716 -0.17999999999999999
    endloop
  endfacet
  facet normal 5.7180635943805028e-16 -1.8028985260411805e-16 -1
    outer loop
      vertex 0.25154034843804435 0.48988458521187772 -0.17999999999999997
      vertex 0.17553087719080682 0.55671281775261794 -0.18000000000000002
      vertex 0.19677483421023209 0.6240900414170546 -0.18000000000000002
    endloop
  endfacet
  facet normal 2.2418147463730592e-16 -3.2214590013612876e-16 -1
    outer loop
      vertex 0.25154034843804435 0.48988458521187772 -0.17999999999999997
      vertex 0.19677483421023209 0.6240900414170546 -0.18000000000000002
      vertex 0.2768149614401581 0.59363160050900565 -0.17999999999999999
    endloop
  endfacet
  facet normal 2.5607690242589981e-16 1.1550882613639373e-15 -1
    outer loop
      vertex 0.17553087719080682 0.55671281775261794 -0.18000000000000002
      vertex 0.076192002463976241 0.57873571607251206 -0.18000000000000002
      vertex 0.085413283935777767 0.6487783027365448 -0.17999999999999994
    endloop
  endfacet
  facet normal -6.9886455375555501e-16 2.2035114738957788e-16 -1
    outer loop
      vertex 0.17553087719080682 0.55671281775261794 -0.18000000000000002
      vertex 0.085413283935777767 0.6487783027365448 -0.17999999999999994
      vertex 0.19677483421023209 0.6240900414170546 -0.18000000000000002
    endloop
  endfacet
  facet normal -5.6432521852894058e-16 -4.1789028064118947e-16 -1
    outer loop
      vertex 0.076192002463976241 0.57873571607251206 -0.18000000000000002
      vertex -0.025461927702708654 0.58317402251394568 -0.17999999999999997
      vertex -0.028543505749857975 0.65375376362504656 -0.17999999999999999
    endloop
  endfacet
  facet normal 5.3594808460266754e-16 1.1182425212276288e-15 -1
    outer loop
      vertex 0.076192002463976241 0.57873571607251206 -0.18000000000000002
      vertex -0.028543505749857975 0.65375376362504656 -0.17999999999999999
      vertex 0.085413283935777767 0.6487783027365448 -0.17999999999999994
    endloop
  endfacet
  facet normal -1.1274044122377835e-18 -5.0073503606971475e-16 -1
    outer loop
      vertex -0.025461927702708654 0.58317402251394568 -0.17999999999999997
      vertex -0.10757372441214705 0.52792923151459858 -0.17999999999999994
      vertex -0.14163301545699522 0.638865247221168 -0.17999999999999999
    endloop
  endfacet
  facet normal 5.1476625714053741e-17 -3.9100379147673973e-16 -1
    outer loop
      vertex -0.025461927702708654 0.58317402251394568 -0.17999999999999997
      vertex -0.14163301545699522 0.638865247221168 -0.17999999999999999
      vertex -0.028543505749857975 0.65375376362504656 -0.17999999999999999
    endloop
  endfacet
  facet normal 6.9533324658358946e-16 -2.8690947308668617e-16 -1
    outer loop
      vertex -0.10757372441214705 0.52792923151459858 -0.17999999999999994
      vertex -0.17553087719080673 0.55671281775261816 -0.17999999999999999
      vertex -0.14163301545699522 0.638865247221168 -0.17999999999999999
    endloop
  endfacet
  facet normal -2.3989239187849165e-16 9.8984767504697161e-17 -1
    outer loop
      vertex -0.17553087719080673 0.55671281775261816 -0.17999999999999999
      vertex -0.27582898323605382 0.59404000605334994 -0.17999999999999997
      vertex -0.14163301545699522 0.638865247221168 -0.17999999999999999
    endloop
  endfacet
  facet normal -3.7801080538562436e-16 -2.7213922857909305e-16 -1
    outer loop
      vertex -0.17553087719080673 0.55671281775261816 -0.17999999999999999
      vertex -0.21358634495899462 0.50758282769180008 -0.17999999999999997
      vertex -0.27582898323605382 0.59404000605334994 -0.17999999999999997
    endloop
  endfacet
  facet normal 4.8461182797609034e-16 4.6004987216066071e-16 -1
    outer loop
      vertex -0.21358634495899462 0.50758282769180008 -0.17999999999999997
      vertex -0.31363768747684123 0.49231255447288064 -0.18000000000000002
      vertex -0.32749999999999979 0.56724663947880727 -0.17999999999999999
    endloop
  endfacet
  facet normal 3.9114276696299194e-16 2.8159324905279195e-16 -1
    outer loop
      vertex -0.21358634495899462 0.50758282769180008 -0.17999999999999997
      vertex -0.32749999999999979 0.56724663947880727 -0.17999999999999999
      vertex -0.27582898323605382 0.59404000605334994 -0.17999999999999997
    endloop
  endfacet
  facet normal 2.9646790416132652e-16 4.2524448458506929e-16 -1
    outer loop
      vertex -0.31363768747684123 0.49231255447288064 -0.18000000000000002
      vertex -0.37635436608051548 0.53603677180102149 -0.18000000000000002
      vertex -0.32749999999999979 0.56724663947880727 -0.17999999999999999
    endloop
  endfacet
  facet normal -1.6368023031010678e-16 -2.3477791085645102e-16 -1
    outer loop
      vertex -0.31363768747684123 0.49231255447288064 -0.18000000000000002
      vertex -0.39436200419078027 0.43037060767211421 -0.17999999999999999
      vertex -0.37635436608051548 0.53603677180102149 -0.18000000000000002
    endloop
  endfacet
  facet normal -3.4170156023749077e-17 -2.5684903048692336e-16 -1
    outer loop
      vertex -0.39436200419078027 0.43037060767211421 -0.17999999999999999
      vertex -0.48245702596005946 0.44209041301093599 -0.17999999999999999
      vertex -0.37635436608051548 0.53603677180102149 -0.18000000000000002
    endloop
  endfacet
  facet normal 4.5945343879502358e-17 3.4536034961726514e-16 -1
    outer loop
      vertex -0.39436200419078027 0.43037060767211421 -0.17999999999999999
      vertex -0.4894826696353019 0.36265807507348435 -0.18000000000000002
      vertex -0.48245702596005946 0.44209041301093599 -0.17999999999999999
    endloop
  endfacet
  facet normal -1.3397034502418941e-16 -2.5735463833562787e-16 -1
    outer loop
      vertex -0.4894826696353019 0.36265807507348435 -0.18000000000000002
      vertex -0.5177744821755893 0.26953633503710439 -0.17999999999999999
      vertex -0.58043911999390629 0.30215748072007914 -0.17999999999999999
    endloop
  endfacet
  facet normal 2.2555582532413202e-16 5.1888455614829042e-17 -1
    outer loop
      vertex -0.5177744821755893 0.26953633503710439 -0.17999999999999999
      vertex -0.5012288190283396 0.19761338681109411 -0.17999999999999999
      vertex -0.62409004141705482 0.19677483421023204 -0.18000000000000002
    endloop
  endfacet
  facet normal 1.1278669151001897e-16 2.166612185509566e-16 -1
    outer loop
      vertex -0.5177744821755893 0.26953633503710439 -0.17999999999999999
      vertex -0.62409004141705482 0.19677483421023204 -0.18000000000000002
      vertex -0.58043911999390629 0.30215748072007914 -0.17999999999999999
    endloop
  endfacet
  facet normal 2.2740528573032431e-16 -2.1908675337113007e-16 -1
    outer loop
      vertex -0.5012288190283396 0.19761338681109411 -0.17999999999999999
      vertex -0.56989288138158711 0.12634221008050384 -0.17999999999999999
      vertex -0.62409004141705482 0.19677483421023204 -0.18000000000000002
    endloop
  endfacet
  facet normal -6.5278892275145599e-18 -3.9909585962624852e-16 -1
    outer loop
      vertex -0.56989288138158711 0.12634221008050384 -0.17999999999999999
      vertex -0.65236822772448955 0.058145096444220258 -0.17999999999999997
      vertex -0.62409004141705482 0.19677483421023204 -0.18000000000000002
    endloop
  endfacet
  facet normal -3.7764215947941004e-16 4.9717533489761891e-17 -1
    outer loop
      vertex -0.56989288138158711 0.12634221008050384 -0.17999999999999999
      vertex -0.58317402251394557 0.025461927702708744 -0.17999999999999999
      vertex -0.65236822772448955 0.058145096444220258 -0.17999999999999997
    endloop
  endfacet
  facet normal -1.7197753791104405e-16 4.851343115231469e-16 -1
    outer loop
      vertex -0.58317402251394557 0.025461927702708744 -0.17999999999999999
      vertex -0.65499999999999992 8.021436534415163e-17 -0.17999999999999999
      vertex -0.65236822772448955 0.058145096444220258 -0.17999999999999997
    endloop
  endfacet
  facet normal 3.090193537166377e-16 -2.595477910616743e-16 -1
    outer loop
      vertex -0.58317402251394557 0.025461927702708744 -0.17999999999999999
      vertex -0.57873571607251206 -0.076192002463976061 -0.17999999999999997
      vertex -0.6525075272500932 -0.057087011499715949 -0.17999999999999999
    endloop
  endfacet
  facet normal 0 0 -1
    outer loop
      vertex -0.58317402251394557 0.025461927702708744 -0.17999999999999999
      vertex -0.6525075272500932 -0.057087011499715949 -0.17999999999999999
      vertex -0.65499999999999992 8.021436534415163e-17 -0.17999999999999999
    endloop
  endfacet
  facet normal 4.8136944403822993e-16 4.0596303505851809e-16 -1
    outer loop
      vertex -0.57873571607251206 -0.076192002463976061 -0.17999999999999997
      vertex -0.638865247221168 -0.141633015456995 -0.18000000000000002
      vertex -0.6525075272500932 -0.057087011499715949 -0.17999999999999999
    endloop
  endfacet
  facet normal 7.478509131023976e-16 1.6111037979257977e-16 -1
    outer loop
      vertex -0.57873571607251206 -0.076192002463976061 -0.17999999999999997
      vertex -0.59139618805676741 -0.18970070441999048 -0.17999999999999999
      vertex -0.638865247221168 -0.141633015456995 -0.18000000000000002
    endloop
  endfacet
  facet normal 1.7029040624389138e-16 2.6340306170836072e-16 -1
    outer loop
      vertex -0.53929583342816168 -0.22338364833724589 -0.17999999999999999
      vertex -0.5804391199939064 -0.30215748072007881 -0.18000000000000002
      vertex -0.59139618805676741 -0.18970070441999048 -0.17999999999999999
    endloop
  endfacet
  facet normal 3.3786315263048978e-16 1.758804248549684e-16 -1
    outer loop
      vertex -0.53929583342816168 -0.22338364833724589 -0.17999999999999999
      vertex -0.49231255447288069 -0.31363768747684123 -0.17999999999999999
      vertex -0.5804391199939064 -0.30215748072007881 -0.18000000000000002
    endloop
  endfacet
  facet normal 2.8204172847417555e-16 -2.5262670028810845e-16 -1
    outer loop
      vertex -0.49231255447288069 -0.31363768747684123 -0.17999999999999999
      vertex -0.56699081959932884 -0.39701124597915138 -0.17999999999999999
      vertex -0.5804391199939064 -0.30215748072007881 -0.18000000000000002
    endloop
  endfacet
  facet normal 0 0 -1
    outer loop
      vertex -0.49231255447288069 -0.31363768747684123 -0.17999999999999999
      vertex -0.43037060767211432 -0.39436200419078016 -0.17999999999999999
      vertex -0.48245702596005968 -0.44209041301093571 -0.17999999999999999
    endloop
  endfacet
  facet normal 0 -0 -1
    outer loop
      vertex -0.49231255447288069 -0.31363768747684123 -0.17999999999999999
      vertex -0.48245702596005968 -0.44209041301093571 -0.17999999999999999
      vertex -0.56699081959932884 -0.39701124597915138 -0.17999999999999999
    endloop
  endfacet
  facet normal -2.920806101448562e-16 8.5015411620671971e-17 -1
    outer loop
      vertex -0.43037060767211432 -0.39436200419078016 -0.17999999999999999
      vertex -0.35535206773526595 -0.46310383096418539 -0.18000000000000002
      vertex -0.37653924448843545 -0.53589490960912989 -0.18000000000000002
    endloop
  endfacet
  facet normal -1.332561266049012e-16 1.4542354378349179e-16 -1
    outer loop
      vertex -0.43037060767211432 -0.39436200419078016 -0.17999999999999999
      vertex -0.37653924448843545 -0.53589490960912989 -0.18000000000000002
      vertex -0.48245702596005968 -0.44209041301093571 -0.17999999999999999
    endloop
  endfacet
  facet normal 1.8519746255393691e-16 -2.1698515400614167e-16 -1
    outer loop
      vertex -0.35535206773526595 -0.46310383096418539 -0.18000000000000002
      vertex -0.26953633503710456 -0.51777448217558919 -0.17999999999999999
      vertex -0.32750000000000024 -0.56724663947880716 -0.17999999999999999
    endloop
  endfacet
  facet normal 4.771890279476937e-16 -1.388946072514768e-16 -1
    outer loop
      vertex -0.35535206773526595 -0.46310383096418539 -0.18000000000000002
      vertex -0.32750000000000024 -0.56724663947880716 -0.17999999999999999
      vertex -0.37653924448843545 -0.53589490960912989 -0.18000000000000002
    endloop
  endfacet
  facet normal 0 0 -1
    outer loop
      vertex -0.26953633503710456 -0.51777448217558919 -0.17999999999999999
      vertex -0.27681496144015844 -0.59363160050900554 -0.17999999999999999
      vertex -0.32750000000000024 -0.56724663947880716 -0.17999999999999999
    endloop
  endfacet
  facet normal -4.1207048371161804e-16 -2.8201767507251798e-16 -1
    outer loop
      vertex -0.26953633503710456 -0.51777448217558919 -0.17999999999999999
      vertex -0.17553087719080671 -0.55671281775261794 -0.18000000000000002
      vertex -0.19677483421023195 -0.62409004141705482 -0.17999999999999999
    endloop
  endfacet
  facet normal 0 -0 -1
    outer loop
      vertex -0.26953633503710456 -0.51777448217558919 -0.17999999999999999
      vertex -0.19677483421023195 -0.62409004141705482 -0.17999999999999999
      vertex -0.27681496144015844 -0.59363160050900554 -0.17999999999999999
    endloop
  endfacet
  facet normal 5.7491901580685254e-17 -4.3007012645830723e-16 -1
    outer loop
      vertex -0.17553087719080671 -0.55671281775261794 -0.18000000000000002
      vertex -0.10795018760945839 -0.61221593641384231 -0.17999999999999999
      vertex -0.19677483421023195 -0.62409004141705482 -0.17999999999999999
    endloop
  endfacet
  facet normal 0 0 -1
    outer loop
      vertex -0.10795018760945839 -0.61221593641384231 -0.17999999999999999
      vertex -0.025461927702708779 -0.58317402251394557 -0.17999999999999999
      vertex -0.028543505749858131 -0.65375376362504656 -0.17999999999999999
    endloop
  endfacet
  facet normal 0 -0 -1
    outer loop
      vertex -0.025461927702708779 -0.58317402251394557 -0.17999999999999999
      vertex 0.069329771083550429 -0.6052334641531395 -0.17999999999999999
      vertex -0.028543505749858131 -0.65375376362504656 -0.17999999999999999
    endloop
  endfacet
  facet normal 0 0 -1
    outer loop
      vertex 0.069329771083550429 -0.6052334641531395 -0.17999999999999999
      vertex 0.17553087719080662 -0.55671281775261816 -0.17999999999999999
      vertex 0.14163301545699494 -0.638865247221168 -0.17999999999999999
    endloop
  endfacet
  facet normal 0 -0 -1
    outer loop
      vertex 0.17553087719080662 -0.55671281775261816 -0.17999999999999999
      vertex 0.27582898323605348 -0.59404000605335017 -0.17999999999999999
      vertex 0.14163301545699494 -0.638865247221168 -0.17999999999999999
    endloop
  endfacet
  facet normal 0 0 -1
    outer loop
      vertex 0.17553087719080662 -0.55671281775261816 -0.17999999999999999
      vertex 0.269536335037104 -0.51777448217558952 -0.17999999999999999
      vertex 0.27582898323605348 -0.59404000605335017 -0.17999999999999999
    endloop
  endfacet
  facet normal 0 0 -1
    outer loop
      vertex 0.269536335037104 -0.51777448217558952 -0.17999999999999999
      vertex 0.32749999999999951 -0.56724663947880749 -0.17999999999999999
      vertex 0.27582898323605348 -0.59404000605335017 -0.17999999999999999
    endloop
  endfacet
  facet normal -1.3686516798184844e-16 -8.0053859960075064e-16 -1
    outer loop
      vertex 0.269536335037104 -0.51777448217558952 -0.17999999999999999
      vertex 0.35535206773526584 -0.46310383096418545 -0.18000000000000005
      vertex 0.37635436608051542 -0.53603677180102172 -0.17999999999999999
    endloop
  endfacet
  facet normal 0 0 -1
    outer loop
      vertex 0.269536335037104 -0.51777448217558952 -0.17999999999999999
      vertex 0.37635436608051542 -0.53603677180102172 -0.17999999999999999
      vertex 0.32749999999999951 -0.56724663947880749 -0.17999999999999999
    endloop
  endfacet
  facet normal 6.6840127770223348e-17 9.1655074916912884e-16 -1
    outer loop
      vertex 0.35535206773526584 -0.46310383096418545 -0.18000000000000005
      vertex 0.37430906373539835 -0.40392100530434866 -0.17999999999999999
      vertex 0.48245702596005935 -0.44209041301093599 -0.18000000000000002
    endloop
  endfacet
  facet normal 3.2855739433816161e-16 -6.6651214463681856e-16 -1
    outer loop
      vertex 0.35535206773526584 -0.46310383096418545 -0.18000000000000005
      vertex 0.48245702596005935 -0.44209041301093599 -0.18000000000000002
      vertex 0.37635436608051542 -0.53603677180102172 -0.17999999999999999
    endloop
  endfacet
  facet normal -2.7858220791593946e-16 -6.2157697095134844e-17 -1
    outer loop
      vertex 0.37430906373539835 -0.40392100530434866 -0.17999999999999999
      vertex 0.46310383096418528 -0.35535206773526612 -0.18000000000000002
      vertex 0.48245702596005935 -0.44209041301093599 -0.18000000000000002
    endloop
  endfacet
  facet normal 0 0 -1
    outer loop
      vertex 0.46310383096418528 -0.35535206773526612 -0.18000000000000002
      vertex 0.55189561424404832 -0.35159628290496769 -0.18000000000000002
      vertex 0.48245702596005935 -0.44209041301093599 -0.18000000000000002
    endloop
  endfacet
  facet normal -1.4059662209729247e-17 3.3238924387879964e-16 -1
    outer loop
      vertex 0.46310383096418528 -0.35535206773526612 -0.18000000000000002
      vertex 0.5177744821755893 -0.26953633503710434 -0.17999999999999999
      vertex 0.55189561424404832 -0.35159628290496769 -0.18000000000000002
    endloop
  endfacet
  facet normal 7.7760275886652213e-17 3.7056865192996326e-16 -1
    outer loop
      vertex 0.5177744821755893 -0.26953633503710434 -0.17999999999999999
      vertex 0.62731723440572207 -0.29252283049600303 -0.17999999999999999
      vertex 0.55189561424404832 -0.35159628290496769 -0.18000000000000002
    endloop
  endfacet
  facet normal 2.2818558993515432e-16 -3.3341366421952691e-16 -1
    outer loop
      vertex 0.5177744821755893 -0.26953633503710434 -0.17999999999999999
      vertex 0.5012288190283396 -0.19761338681109408 -0.18000000000000002
      vertex 0.62409004141705482 -0.19677483421023195 -0.17999999999999999
    endloop
  endfacet
  facet normal 0 0 -1
    outer loop
      vertex 0.5177744821755893 -0.26953633503710434 -0.17999999999999999
      vertex 0.62409004141705482 -0.19677483421023195 -0.17999999999999999
      vertex 0.62731723440572207 -0.29252283049600303 -0.17999999999999999
    endloop
  endfacet
  facet normal 2.2472971192129663e-16 1.7292713869768063e-16 -1
    outer loop
      vertex 0.5012288190283396 -0.19761338681109408 -0.18000000000000002
      vertex 0.569892881381587 -0.12634221008050389 -0.17999999999999999
      vertex 0.62409004141705482 -0.19677483421023195 -0.17999999999999999
    endloop
  endfacet
  facet normal 0 0 -1
    outer loop
      vertex 0.569892881381587 -0.12634221008050389 -0.17999999999999999
      vertex 0.65236822772448966 -0.058145096444220341 -0.17999999999999999
      vertex 0.62409004141705482 -0.19677483421023195 -0.17999999999999999
    endloop
  endfacet
  facet normal 2.5529374677422146e-16 -3.087438611650989e-16 -1
    outer loop
      vertex 0.569892881381587 -0.12634221008050389 -0.17999999999999999
      vertex 0.58317402251394557 -0.025461927702708737 -0.18000000000000002
      vertex 0.65236822772448966 -0.058145096444220341 -0.17999999999999999
    endloop
  endfacet
  facet normal 3.9272951540952685e-16 -1.7775783576537684e-17 -1
    outer loop
      vertex 0.58317402251394557 -0.025461927702708737 -0.18000000000000002
      vertex 0.65499999999999992 0 -0.17999999999999999
      vertex 0.65236822772448966 -0.058145096444220341 -0.17999999999999999
    endloop
  endfacet
  facet normal -3.8951590400289773e-16 -5.1280741611994144e-17 -1
    outer loop
      vertex 0.65239864478254439 0.057914055950404018 -0.17999999999999997
      vertex 0.71468905504314517 0.12601896322114373 -0.17999999999999999
      vertex 0.72295272375800956 0.063250167594014778 -0.17999999999999999
    endloop
  endfacet
  facet normal 1.1168559282989959e-18 -1.9965291374258963e-16 -1
    outer loop
      vertex 0.65239864478254439 0.057914055950404018 -0.17999999999999997
      vertex 0.62409004141705482 0.19677483421023201 -0.17999999999999999
      vertex 0.73672516763761986 0.19740491371218374 -0.17999999999999999
    endloop
  endfacet
  facet normal -6.7258326182030717e-16 2.0761957198414841e-16 -1
    outer loop
      vertex 0.65239864478254439 0.057914055950404018 -0.17999999999999997
      vertex 0.73672516763761986 0.19740491371218374 -0.17999999999999999
      vertex 0.71468905504314517 0.12601896322114373 -0.17999999999999999
    endloop
  endfacet
  facet normal 0 0 -1
    outer loop
      vertex 0.62409004141705482 0.19677483421023201 -0.17999999999999999
      vertex 0.66983443369561391 0.27745450698122498 -0.17999999999999999
      vertex 0.73672516763761986 0.19740491371218374 -0.17999999999999999
    endloop
  endfacet
  facet normal 2.6842501336777704e-16 -1.521937148124843e-16 -1
    outer loop
      vertex 0.62409004141705482 0.19677483421023201 -0.17999999999999999
      vertex 0.58043911999390629 0.30215748072007892 -0.18000000000000002
      vertex 0.66983443369561391 0.27745450698122498 -0.17999999999999999
    endloop
  endfacet
  facet normal 3.6264846378675531e-16 1.8878284118059312e-16 -1
    outer loop
      vertex 0.58043911999390629 0.30215748072007892 -0.18000000000000002
      vertex 0.61147867401521605 0.38955487833309377 -0.17999999999999999
      vertex 0.66983443369561391 0.27745450698122498 -0.17999999999999999
    endloop
  endfacet
  facet normal 3.2006766547492993e-16 2.0390559112015855e-16 -1
    outer loop
      vertex 0.58043911999390629 0.30215748072007892 -0.18000000000000002
      vertex 0.51915184962611005 0.39835922507730909 -0.18000000000000002
      vertex 0.61147867401521605 0.38955487833309377 -0.17999999999999999
    endloop
  endfacet
  facet normal 2.9587486518850322e-16 -4.9792325195233668e-17 -1
    outer loop
      vertex 0.51915184962611005 0.39835922507730909 -0.18000000000000002
      vertex 0.53454344424800504 0.48981882183109149 -0.18000000000000002
      vertex 0.61147867401521605 0.38955487833309377 -0.17999999999999999
    endloop
  endfacet
  facet normal 0 0 -1
    outer loop
      vertex 0.51915184962611005 0.39835922507730909 -0.18000000000000002
      vertex 0.44209041301093588 0.48245702596005946 -0.18000000000000002
      vertex 0.53454344424800504 0.48981882183109149 -0.18000000000000002
    endloop
  endfacet
  facet normal -3.0897471556305938e-17 3.8802555150733286e-16 -1
    outer loop
      vertex 0.44209041301093588 0.48245702596005946 -0.18000000000000002
      vertex 0.46648015102965995 0.55592939586348689 -0.17999999999999999
      vertex 0.53454344424800504 0.48981882183109149 -0.18000000000000002
    endloop
  endfacet
  facet normal -2.6618853014778561e-16 1.8638721539444176e-16 -1
    outer loop
      vertex 0.44209041301093588 0.48245702596005946 -0.18000000000000002
      vertex 0.37569256580993521 0.53654458900928947 -0.17999999999999999
      vertex 0.41625261380904488 0.59447034071258253 -0.17999999999999999
    endloop
  endfacet
  facet normal 2.3102540389914162e-16 3.0107816813224923e-16 -1
    outer loop
      vertex 0.44209041301093588 0.48245702596005946 -0.18000000000000002
      vertex 0.41625261380904488 0.59447034071258253 -0.17999999999999999
      vertex 0.46648015102965995 0.55592939586348689 -0.17999999999999999
    endloop
  endfacet
  facet normal 3.9552196766843507e-16 1.2811072669685324e-16 -1
    outer loop
      vertex 0.2768149614401581 0.59363160050900565 -0.17999999999999999
      vertex 0.19677483421023209 0.6240900414170546 -0.18000000000000002
      vertex 0.24820890401348536 0.68194835908463058 -0.17999999999999999
    endloop
  endfacet
  facet normal 0 0 -1
    outer loop
      vertex 0.2768149614401581 0.59363160050900565 -0.17999999999999999
      vertex 0.24820890401348536 0.68194835908463058 -0.17999999999999999
      vertex 0.30670010994896468 0.65772050830659734 -0.17999999999999999
    endloop
  endfacet
  facet normal -1.4856977682565529e-17 4.9292360359799969e-16 -1
    outer loop
      vertex 0.19677483421023209 0.6240900414170546 -0.18000000000000002
      vertex 0.19740491371218388 0.73672516763761986 -0.17999999999999997
      vertex 0.24820890401348536 0.68194835908463058 -0.17999999999999999
    endloop
  endfacet
  facet normal -8.97228740985506e-16 -6.7441187877056512e-16 -1
    outer loop
      vertex 0.19677483421023209 0.6240900414170546 -0.18000000000000002
      vertex 0.085413283935777767 0.6487783027365448 -0.17999999999999994
      vertex 0.09463456540757928 0.71882088940057742 -0.17999999999999999
    endloop
  endfacet
  facet normal 1.8439258678343011e-16 4.9180900400056143e-16 -1
    outer loop
      vertex 0.19677483421023209 0.6240900414170546 -0.18000000000000002
      vertex 0.09463456540757928 0.71882088940057742 -0.17999999999999999
      vertex 0.19740491371218388 0.73672516763761986 -0.17999999999999997
    endloop
  endfacet
  facet normal 5.0525744581874909e-16 4.1531132598915579e-16 -1
    outer loop
      vertex 0.085413283935777767 0.6487783027365448 -0.17999999999999994
      vertex -0.028543505749857975 0.65375376362504656 -0.17999999999999999
      vertex -0.031625083797007333 0.72433350473614766 -0.17999999999999997
    endloop
  endfacet
  facet normal -2.5297800037336361e-16 -7.5922909784468319e-16 -1
    outer loop
      vertex 0.085413283935777767 0.6487783027365448 -0.17999999999999994
      vertex -0.031625083797007333 0.72433350473614766 -0.17999999999999997
      vertex 0.09463456540757928 0.71882088940057742 -0.17999999999999999
    endloop
  endfacet
  facet normal -0 0 -1
    outer loop
      vertex -0.028543505749857975 0.65375376362504656 -0.17999999999999999
      vertex -0.14163301545699522 0.638865247221168 -0.17999999999999999
      vertex -0.15692382083348652 0.70783761306074877 -0.17999999999999999
    endloop
  endfacet
  facet normal 1.6877257255083061e-16 4.0062007914782721e-16 -1
    outer loop
      vertex -0.028543505749857975 0.65375376362504656 -0.17999999999999999
      vertex -0.15692382083348652 0.70783761306074877 -0.17999999999999999
      vertex -0.031625083797007333 0.72433350473614766 -0.17999999999999997
    endloop
  endfacet
  facet normal -1.1325043227955727e-16 -2.801507348831128e-16 -1
    outer loop
      vertex -0.14163301545699522 0.638865247221168 -0.17999999999999999
      vertex -0.27582898323605382 0.59404000605334994 -0.17999999999999997
      vertex -0.24820890401348511 0.68194835908463058 -0.17999999999999999
    endloop
  endfacet
  facet normal 0 0 -1
    outer loop
      vertex -0.14163301545699522 0.638865247221168 -0.17999999999999999
      vertex -0.24820890401348511 0.68194835908463058 -0.17999999999999999
      vertex -0.15692382083348652 0.70783761306074877 -0.17999999999999999
    endloop
  endfacet
  facet normal 1.5034752704055557e-16 -3.6297103885056731e-16 -1
    outer loop
      vertex -0.27582898323605382 0.59404000605334994 -0.17999999999999997
      vertex -0.30670010994896463 0.65772050830659745 -0.17999999999999999
      vertex -0.24820890401348511 0.68194835908463058 -0.17999999999999999
    endloop
  endfacet
  facet normal -2.3916837696234115e-16 3.1169029723857341e-16 -1
    outer loop
      vertex -0.37635436608051548 0.53603677180102149 -0.18000000000000002
      vertex -0.46648015102965995 0.55592939586348689 -0.17999999999999999
      vertex -0.41625261380904488 0.59447034071258253 -0.17999999999999999
    endloop
  endfacet
  facet normal -1.7234606727651654e-16 -1.0079368247756921e-16 -1
    outer loop
      vertex -0.37635436608051548 0.53603677180102149 -0.18000000000000002
      vertex -0.48245702596005946 0.44209041301093599 -0.17999999999999999
      vertex -0.53932025392543614 0.53932025392543625 -0.17999999999999999
    endloop
  endfacet
  facet normal -1.5648780724902837e-16 6.8628397688866036e-16 -1
    outer loop
      vertex -0.37635436608051548 0.53603677180102149 -0.18000000000000002
      vertex -0.53932025392543614 0.53932025392543625 -0.17999999999999999
      vertex -0.46648015102965995 0.55592939586348689 -0.17999999999999999
    endloop
  endfacet
  facet normal -0 0 -1
    outer loop
      vertex -0.48245702596005946 0.44209041301093599 -0.17999999999999999
      vertex -0.57519986828803471 0.44136638241935233 -0.17999999999999999
      vertex -0.53932025392543614 0.53932025392543625 -0.17999999999999999
    endloop
  endfacet
  facet normal -2.7297909692550226e-18 3.4966557545061567e-16 -1
    outer loop
      vertex -0.48245702596005946 0.44209041301093599 -0.17999999999999999
      vertex -0.4894826696353019 0.36265807507348435 -0.18000000000000002
      vertex -0.57519986828803471 0.44136638241935233 -0.17999999999999999
    endloop
  endfacet
  facet normal -3.2180107817388362e-16 2.5029641325400777e-17 -1
    outer loop
      vertex -0.4894826696353019 0.36265807507348435 -0.18000000000000002
      vertex -0.58043911999390629 0.30215748072007914 -0.17999999999999999
      vertex -0.66052971503278746 0.38135700878192691 -0.17999999999999997
    endloop
  endfacet
  facet normal -3.2463642862308114e-16 -9.0650693650312512e-19 -1
    outer loop
      vertex -0.4894826696353019 0.36265807507348435 -0.18000000000000002
      vertex -0.66052971503278746 0.38135700878192691 -0.17999999999999997
      vertex -0.57519986828803471 0.44136638241935233 -0.17999999999999999
    endloop
  endfacet
  facet normal 1.6697865364261379e-16 5.1930859123982429e-16 -1
    outer loop
      vertex -0.58043911999390629 0.30215748072007914 -0.17999999999999999
      vertex -0.66983443369561391 0.27745450698122509 -0.18000000000000002
      vertex -0.66052971503278746 0.38135700878192691 -0.17999999999999997
    endloop
  endfacet
  facet normal 2.6842501336777689e-16 1.5219371481248408e-16 -1
    outer loop
      vertex -0.58043911999390629 0.30215748072007914 -0.17999999999999999
      vertex -0.62409004141705482 0.19677483421023204 -0.18000000000000002
      vertex -0.66983443369561391 0.27745450698122509 -0.18000000000000002
    endloop
  endfacet
  facet normal 0 0 -1
    outer loop
      vertex -0.62409004141705482 0.19677483421023204 -0.18000000000000002
      vertex -0.73672516763761986 0.19740491371218358 -0.18000000000000002
      vertex -0.66983443369561391 0.27745450698122509 -0.18000000000000002
    endloop
  endfacet
  facet normal 7.5757810599559766e-18 -4.0197277638620718e-16 -1
    outer loop
      vertex -0.62409004141705482 0.19677483421023204 -0.18000000000000002
      vertex -0.65236822772448955 0.058145096444220258 -0.17999999999999997
      vertex -0.71468905504314517 0.12601896322114367 -0.17999999999999999
    endloop
  endfacet
  facet normal -2.1787609562108963e-18 -3.8948262012517748e-16 -1
    outer loop
      vertex -0.62409004141705482 0.19677483421023204 -0.18000000000000002
      vertex -0.71468905504314517 0.12601896322114367 -0.17999999999999999
      vertex -0.73672516763761986 0.19740491371218358 -0.18000000000000002
    endloop
  endfacet
  facet normal 3.8951590400289719e-16 -5.128074161199412e-17 -1
    outer loop
      vertex -0.65236822772448955 0.058145096444220258 -0.17999999999999997
      vertex -0.72295272375800956 0.063250167594014792 -0.17999999999999999
      vertex -0.71468905504314517 0.12601896322114367 -0.17999999999999999
    endloop
  endfacet
  facet normal -3.0870812765097795e-16 2.7847670840724629e-16 -1
    outer loop
      vertex -0.6525075272500932 -0.057087011499715949 -0.17999999999999999
      vertex -0.638865247221168 -0.141633015456995 -0.18000000000000002
      vertex -0.71468905504314528 -0.1260189632211435 -0.17999999999999999
    endloop
  endfacet
  facet normal 0 0 -1
    outer loop
      vertex -0.6525075272500932 -0.057087011499715949 -0.17999999999999999
      vertex -0.71468905504314528 -0.1260189632211435 -0.17999999999999999
      vertex -0.72295272375800956 -0.063250167594014611 -0.17999999999999999
    endloop
  endfacet
  facet normal -3.8612345667764408e-16 -9.7461897531006647e-17 -1
    outer loop
      vertex -0.638865247221168 -0.141633015456995 -0.18000000000000002
      vertex -0.69146726508149148 -0.21801879122965706 -0.17999999999999999
      vertex -0.71468905504314528 -0.1260189632211435 -0.17999999999999999
    endloop
  endfacet
  facet normal 1.2771065533012637e-16 -4.5130671829342913e-16 -1
    outer loop
      vertex -0.638865247221168 -0.141633015456995 -0.18000000000000002
      vertex -0.59139618805676741 -0.18970070441999048 -0.17999999999999999
      vertex -0.69146726508149148 -0.21801879122965706 -0.17999999999999999
    endloop
  endfacet
  facet normal -1.2227959402818316e-16 2.3489691462142998e-16 -1
    outer loop
      vertex -0.59139618805676741 -0.18970070441999048 -0.17999999999999999
      vertex -0.5804391199939064 -0.30215748072007881 -0.18000000000000002
      vertex -0.64310375781222351 -0.33477862640305356 -0.18000000000000002
    endloop
  endfacet
  facet normal -6.0210982470852691e-17 2.1277489207068204e-16 -1
    outer loop
      vertex -0.59139618805676741 -0.18970070441999048 -0.17999999999999999
      vertex -0.64310375781222351 -0.33477862640305356 -0.18000000000000002
      vertex -0.69146726508149148 -0.21801879122965706 -0.17999999999999999
    endloop
  endfacet
  facet normal 1.4185565777391806e-16 -2.7250218319343496e-16 -1
    outer loop
      vertex -0.5804391199939064 -0.30215748072007881 -0.18000000000000002
      vertex -0.56699081959932884 -0.39701124597915138 -0.17999999999999999
      vertex -0.64310375781222351 -0.33477862640305356 -0.18000000000000002
    endloop
  endfacet
  facet normal 0 0 -1
    outer loop
      vertex -0.56699081959932884 -0.39701124597915138 -0.17999999999999999
      vertex -0.48245702596005968 -0.44209041301093571 -0.17999999999999999
      vertex -0.53454344424800504 -0.48981882183109127 -0.17999999999999999
    endloop
  endfacet
  facet normal -2.9924286943743241e-16 -4.1997616097890481e-17 -1
    outer loop
      vertex -0.48245702596005968 -0.44209041301093571 -0.17999999999999999
      vertex -0.37653924448843545 -0.53589490960912989 -0.18000000000000002
      vertex -0.46648015102966001 -0.55592939586348677 -0.17999999999999999
    endloop
  endfacet
  facet normal 0 -0 -1
    outer loop
      vertex -0.48245702596005968 -0.44209041301093571 -0.17999999999999999
      vertex -0.46648015102966001 -0.55592939586348677 -0.17999999999999999
      vertex -0.53454344424800504 -0.48981882183109127 -0.17999999999999999
    endloop
  endfacet
  facet normal -2.3916837696234125e-16 -3.1169029723857355e-16 -1
    outer loop
      vertex -0.37653924448843545 -0.53589490960912989 -0.18000000000000002
      vertex -0.41625261380904449 -0.59447034071258276 -0.17999999999999999
      vertex -0.46648015102966001 -0.55592939586348677 -0.17999999999999999
    endloop
  endfacet
  facet normal 0 0 -1
    outer loop
      vertex -0.27681496144015844 -0.59363160050900554 -0.17999999999999999
      vertex -0.19677483421023195 -0.62409004141705482 -0.17999999999999999
      vertex -0.24820890401348514 -0.68194835908463058 -0.17999999999999999
    endloop
  endfacet
  facet normal 0 -0 -1
    outer loop
      vertex -0.27681496144015844 -0.59363160050900554 -0.17999999999999999
      vertex -0.24820890401348514 -0.68194835908463058 -0.17999999999999999
      vertex -0.30670010994896507 -0.65772050830659712 -0.17999999999999999
    endloop
  endfacet
  facet normal 0 0 -1
    outer loop
      vertex -0.19677483421023195 -0.62409004141705482 -0.17999999999999999
      vertex -0.19740491371218366 -0.73672516763761997 -0.17999999999999999
      vertex -0.24820890401348514 -0.68194835908463058 -0.17999999999999999
    endloop
  endfacet
  facet normal 0 0 -1
    outer loop
      vertex -0.19677483421023195 -0.62409004141705482 -0.17999999999999999
      vertex -0.10795018760945839 -0.61221593641384231 -0.17999999999999999
      vertex -0.09463456540757928 -0.71882088940057742 -0.17999999999999999
    endloop
  endfacet
  facet normal 0 -0 -1
    outer loop
      vertex -0.19677483421023195 -0.62409004141705482 -0.17999999999999999
      vertex -0.09463456540757928 -0.71882088940057742 -0.17999999999999999
      vertex -0.19740491371218366 -0.73672516763761997 -0.17999999999999999
    endloop
  endfacet
  facet normal 0 0 -1
    outer loop
      vertex -0.10795018760945839 -0.61221593641384231 -0.17999999999999999
      vertex -0.028543505749858131 -0.65375376362504656 -0.17999999999999999
      vertex -0.09463456540757928 -0.71882088940057742 -0.17999999999999999
    endloop
  endfacet
  facet normal 0 -0 -1
    outer loop
      vertex -0.028543505749858131 -0.65375376362504656 -0.17999999999999999
      vertex 0.031625083797007222 -0.72433350473614755 -0.17999999999999999
      vertex -0.09463456540757928 -0.71882088940057742 -0.17999999999999999
    endloop
  endfacet
  facet normal 0 0 -1
    outer loop
      vertex -0.028543505749858131 -0.65375376362504656 -0.17999999999999999
      vertex 0.069329771083550429 -0.6052334641531395 -0.17999999999999999
      vertex 0.031625083797007222 -0.72433350473614755 -0.17999999999999999
    endloop
  endfacet
  facet normal 2.0870525974945236e-16 4.4868472680037569e-16 -1
    outer loop
      vertex 0.069329771083550429 -0.6052334641531395 -0.17999999999999999
      vertex 0.14163301545699494 -0.638865247221168 -0.17999999999999999
      vertex 0.1569238208334863 -0.70783761306074877 -0.18000000000000002
    endloop
  endfacet
  facet normal -2.3114916723354327e-16 7.3177196451174433e-17 -1
    outer loop
      vertex 0.069329771083550429 -0.6052334641531395 -0.17999999999999999
      vertex 0.1569238208334863 -0.70783761306074877 -0.18000000000000002
      vertex 0.031625083797007222 -0.72433350473614755 -0.17999999999999999
    endloop
  endfacet
  facet normal 0 0 -1
    outer loop
      vertex 0.14163301545699494 -0.638865247221168 -0.17999999999999999
      vertex 0.27582898323605348 -0.59404000605335017 -0.17999999999999999
      vertex 0.24820890401348547 -0.68194835908463058 -0.17999999999999999
    endloop
  endfacet
  facet normal 1.7869004247500388e-16 4.4203051333256228e-16 -1
    outer loop
      vertex 0.14163301545699494 -0.638865247221168 -0.17999999999999999
      vertex 0.24820890401348547 -0.68194835908463058 -0.17999999999999999
      vertex 0.1569238208334863 -0.70783761306074877 -0.18000000000000002
    endloop
  endfacet
  facet normal 0 -0 -1
    outer loop
      vertex 0.27582898323605348 -0.59404000605335017 -0.17999999999999999
      vertex 0.30670010994896424 -0.65772050830659756 -0.17999999999999999
      vertex 0.24820890401348547 -0.68194835908463058 -0.17999999999999999
    endloop
  endfacet
  facet normal 0 0 -1
    outer loop
      vertex 0.37635436608051542 -0.53603677180102172 -0.17999999999999999
      vertex 0.4664801510296599 -0.55592939586348689 -0.17999999999999999
      vertex 0.41625261380904482 -0.59447034071258253 -0.17999999999999999
    endloop
  endfacet
  facet normal 1.2882887015851681e-16 -4.4093950997380796e-16 -1
    outer loop
      vertex 0.37635436608051542 -0.53603677180102172 -0.17999999999999999
      vertex 0.48245702596005935 -0.44209041301093599 -0.18000000000000002
      vertex 0.53454344424800482 -0.4898188218310916 -0.17999999999999999
    endloop
  endfacet
  facet normal 0 0 -1
    outer loop
      vertex 0.37635436608051542 -0.53603677180102172 -0.17999999999999999
      vertex 0.53454344424800482 -0.4898188218310916 -0.17999999999999999
      vertex 0.4664801510296599 -0.55592939586348689 -0.17999999999999999
    endloop
  endfacet
  facet normal 0 0 -1
    outer loop
      vertex 0.48245702596005935 -0.44209041301093599 -0.18000000000000002
      vertex 0.55189561424404832 -0.35159628290496769 -0.18000000000000002
      vertex 0.61147867401521594 -0.38955487833309388 -0.18000000000000002
    endloop
  endfacet
  facet normal 1.6394094411592919e-16 -4.0262140517391081e-16 -1
    outer loop
      vertex 0.48245702596005935 -0.44209041301093599 -0.18000000000000002
      vertex 0.61147867401521594 -0.38955487833309388 -0.18000000000000002
      vertex 0.53454344424800482 -0.4898188218310916 -0.17999999999999999
    endloop
  endfacet
  facet normal 1.6506598434527673e-16 2.5910169489948255e-16 -1
    outer loop
      vertex 0.55189561424404832 -0.35159628290496769 -0.18000000000000002
      vertex 0.62731723440572207 -0.29252283049600303 -0.17999999999999999
      vertex 0.61147867401521594 -0.38955487833309388 -0.18000000000000002
    endloop
  endfacet
  facet normal 0 0 -1
    outer loop
      vertex 0.62731723440572207 -0.29252283049600303 -0.17999999999999999
      vertex 0.62409004141705482 -0.19677483421023195 -0.17999999999999999
      vertex 0.69146726508149148 -0.21801879122965723 -0.17999999999999999
    endloop
  endfacet
  facet normal 0 0 -1
    outer loop
      vertex 0.62409004141705482 -0.19677483421023195 -0.17999999999999999
      vertex 0.65236822772448966 -0.058145096444220341 -0.17999999999999999
      vertex 0.71468905504314517 -0.12601896322114375 -0.17999999999999999
    endloop
  endfacet
  facet normal 0 0 -1
    outer loop
      vertex 0.62409004141705482 -0.19677483421023195 -0.17999999999999999
      vertex 0.71468905504314517 -0.12601896322114375 -0.17999999999999999
      vertex 0.69146726508149148 -0.21801879122965723 -0.17999999999999999
    endloop
  endfacet
  facet normal 0 0 -1
    outer loop
      vertex 0.65236822772448966 -0.058145096444220341 -0.17999999999999999
      vertex 0.72295272375800956 -0.063250167594014889 -0.17999999999999999
      vertex 0.71468905504314517 -0.12601896322114375 -0.17999999999999999
    endloop
  endfacet
  facet normal 0 0 -1
    outer loop
      vertex 0.71468905504314517 0.12601896322114373 -0.17999999999999999
      vertex 0.73672516763761986 0.19740491371218374 -0.17999999999999999
      vertex 0.78432903186329417 0.13829837007044807 -0.17999999999999999
    endloop
  endfacet
  facet normal 0 0 -1
    outer loop
      vertex 0.73672516763761986 0.19740491371218374 -0.17999999999999999
      vertex 0.66983443369561391 0.27745450698122498 -0.17999999999999999
      vertex 0.73510373382934013 0.30448993630321441 -0.17999999999999999
    endloop
  endfacet
  facet normal 0 0 -1
    outer loop
      vertex 0.66983443369561391 0.27745450698122498 -0.17999999999999999
      vertex 0.61147867401521605 0.38955487833309377 -0.17999999999999999
      vertex 0.6710617337863839 0.42751347376122001 -0.17999999999999999
    endloop
  endfacet
  facet normal 0 0 -1
    outer loop
      vertex 0.66983443369561391 0.27745450698122498 -0.17999999999999999
      vertex 0.6710617337863839 0.42751347376122001 -0.17999999999999999
      vertex 0.73510373382934013 0.30448993630321441 -0.17999999999999999
    endloop
  endfacet
  facet normal 4.6182086295979657e-16 7.7542517441775719e-17 -1
    outer loop
      vertex 0.61147867401521605 0.38955487833309377 -0.17999999999999999
      vertex 0.53454344424800504 0.48981882183109149 -0.18000000000000002
      vertex 0.58662986253595029 0.53754723065124699 -0.17999999999999999
    endloop
  endfacet
  facet normal 0 0 -1
    outer loop
      vertex 0.61147867401521605 0.38955487833309377 -0.17999999999999999
      vertex 0.58662986253595029 0.53754723065124699 -0.17999999999999999
      vertex 0.6710617337863839 0.42751347376122001 -0.17999999999999999
    endloop
  endfacet
  facet normal -2.246748254651809e-16 1.8852456318265321e-16 -1
    outer loop
      vertex 0.53454344424800504 0.48981882183109149 -0.18000000000000002
      vertex 0.46648015102965995 0.55592939586348689 -0.17999999999999999
      vertex 0.51193441771463666 0.61009968148404314 -0.17999999999999999
    endloop
  endfacet
  facet normal 2.7419795764368117e-16 2.8229698900856733e-16 -1
    outer loop
      vertex 0.53454344424800504 0.48981882183109149 -0.18000000000000002
      vertex 0.51193441771463666 0.61009968148404314 -0.17999999999999999
      vertex 0.58662986253595029 0.53754723065124699 -0.17999999999999999
    endloop
  endfacet
  facet normal -3.9235421130387993e-16 1.4280525420360443e-16 -1
    outer loop
      vertex 0.24820890401348536 0.68194835908463058 -0.17999999999999999
      vertex 0.19740491371218388 0.73672516763761986 -0.17999999999999997
      vertex 0.27239461414865768 0.74839805155449124 -0.17999999999999999
    endloop
  endfacet
  facet normal 2.7641360035161156e-16 -3.639054085341391e-17 -1
    outer loop
      vertex 0.19740491371218388 0.73672516763761986 -0.17999999999999997
      vertex 0.09463456540757928 0.71882088940057742 -0.17999999999999999
      vertex 0.10385584687938079 0.78886347606461005 -0.17999999999999999
    endloop
  endfacet
  facet normal -2.5465422976226137e-16 -7.9762106277338777e-16 -1
    outer loop
      vertex 0.09463456540757928 0.71882088940057742 -0.17999999999999999
      vertex -0.031625083797007333 0.72433350473614766 -0.17999999999999997
      vertex -0.034706661844156661 0.79491324584724865 -0.18000000000000002
    endloop
  endfacet
  facet normal 1.9916604159462149e-16 -2.6220706810527067e-17 -1
    outer loop
      vertex 0.09463456540757928 0.71882088940057742 -0.17999999999999999
      vertex -0.034706661844156661 0.79491324584724865 -0.18000000000000002
      vertex 0.10385584687938079 0.78886347606461005 -0.17999999999999999
    endloop
  endfacet
  facet normal 2.1523326721597591e-16 4.7716066564983545e-17 -1
    outer loop
      vertex -0.031625083797007333 0.72433350473614766 -0.17999999999999997
      vertex -0.15692382083348652 0.70783761306074877 -0.17999999999999999
      vertex -0.17221462620997785 0.77680997890032955 -0.17999999999999999
    endloop
  endfacet
  facet normal -9.7740188425813139e-17 -7.9077004777305318e-16 -1
    outer loop
      vertex -0.031625083797007333 0.72433350473614766 -0.17999999999999997
      vertex -0.17221462620997785 0.77680997890032955 -0.17999999999999999
      vertex -0.034706661844156661 0.79491324584724865 -0.18000000000000002
    endloop
  endfacet
  facet normal -0 0 -1
    outer loop
      vertex -0.15692382083348652 0.70783761306074877 -0.17999999999999999
      vertex -0.24820890401348511 0.68194835908463058 -0.17999999999999999
      vertex -0.2723946141486574 0.74839805155449135 -0.17999999999999999
    endloop
  endfacet
  facet normal 0 0 -1
    outer loop
      vertex -0.15692382083348652 0.70783761306074877 -0.17999999999999999
      vertex -0.2723946141486574 0.74839805155449135 -0.17999999999999999
      vertex -0.17221462620997785 0.77680997890032955 -0.17999999999999999
    endloop
  endfacet
  facet normal -0 0 -1
    outer loop
      vertex -0.46648015102965995 0.55592939586348689 -0.17999999999999999
      vertex -0.53932025392543614 0.53932025392543625 -0.17999999999999999
      vertex -0.51193441771463666 0.61009968148404314 -0.17999999999999999
    endloop
  endfacet
  facet normal 0 0 -1
    outer loop
      vertex -0.53932025392543614 0.53932025392543625 -0.17999999999999999
      vertex -0.57519986828803471 0.44136638241935233 -0.17999999999999999
      vertex -0.63124788694995937 0.48437353976139558 -0.17999999999999999
    endloop
  endfacet
  facet normal -1.6972193301231839e-16 -2.2118592942930861e-16 -1
    outer loop
      vertex -0.57519986828803471 0.44136638241935233 -0.17999999999999999
      vertex -0.66052971503278746 0.38135700878192691 -0.17999999999999997
      vertex -0.63124788694995937 0.48437353976139558 -0.17999999999999999
    endloop
  endfacet
  facet normal -1.9665384378871946e-16 5.5187275501472057e-16 -1
    outer loop
      vertex -0.66052971503278746 0.38135700878192691 -0.17999999999999997
      vertex -0.66983443369561391 0.27745450698122509 -0.18000000000000002
      vertex -0.73510373382934013 0.30448993630321453 -0.17999999999999999
    endloop
  endfacet
  facet normal -3.159048992338274e-16 2.6397523963183484e-16 -1
    outer loop
      vertex -0.66983443369561391 0.27745450698122509 -0.18000000000000002
      vertex -0.73672516763761986 0.19740491371218358 -0.18000000000000002
      vertex -0.73510373382934013 0.30448993630321453 -0.17999999999999999
    endloop
  endfacet
  facet normal -7.2504127717724331e-17 -4.1119134137277011e-16 -1
    outer loop
      vertex -0.73672516763761986 0.19740491371218358 -0.18000000000000002
      vertex -0.71468905504314517 0.12601896322114367 -0.17999999999999999
      vertex -0.78432903186329417 0.13829837007044804 -0.17999999999999999
    endloop
  endfacet
  facet normal 0 -0 -1
    outer loop
      vertex -0.71468905504314528 -0.1260189632211435 -0.17999999999999999
      vertex -0.69146726508149148 -0.21801879122965706 -0.17999999999999999
      vertex -0.75884448874592825 -0.23926274824908239 -0.17999999999999999
    endloop
  endfacet
  facet normal 0 0 -1
    outer loop
      vertex -0.71468905504314528 -0.1260189632211435 -0.17999999999999999
      vertex -0.75884448874592825 -0.23926274824908239 -0.17999999999999999
      vertex -0.78432903186329428 -0.13829837007044785 -0.17999999999999999
    endloop
  endfacet
  facet normal -4.6615417897109595e-16 4.4627714527194931e-17 -1
    outer loop
      vertex -0.69146726508149148 -0.21801879122965706 -0.17999999999999999
      vertex -0.64310375781222351 -0.33477862640305356 -0.18000000000000002
      vertex -0.70576839563054072 -0.36739977208602836 -0.17999999999999999
    endloop
  endfacet
  facet normal 0 0 -1
    outer loop
      vertex -0.69146726508149148 -0.21801879122965706 -0.17999999999999999
      vertex -0.70576839563054072 -0.36739977208602836 -0.17999999999999999
      vertex -0.75884448874592825 -0.23926274824908239 -0.17999999999999999
    endloop
  endfacet
  facet normal 3.8886949039119848e-17 -3.9843695854400305e-16 -1
    outer loop
      vertex -0.64310375781222351 -0.33477862640305356 -0.18000000000000002
      vertex -0.56699081959932884 -0.39701124597915138 -0.17999999999999999
      vertex -0.6825901081169482 -0.47795473921086756 -0.17999999999999997
    endloop
  endfacet
  facet normal -2.8150717013330362e-16 -3.1007588924889107e-16 -1
    outer loop
      vertex -0.64310375781222351 -0.33477862640305356 -0.18000000000000002
      vertex -0.6825901081169482 -0.47795473921086756 -0.17999999999999997
      vertex -0.70576839563054072 -0.36739977208602836 -0.17999999999999999
    endloop
  endfacet
  facet normal 0 -0 -1
    outer loop
      vertex -0.56699081959932884 -0.39701124597915138 -0.17999999999999999
      vertex -0.53454344424800504 -0.48981882183109127 -0.17999999999999999
      vertex -0.58662986253595051 -0.53754723065124688 -0.17999999999999999
    endloop
  endfacet
  facet normal -2.6614369752117672e-16 3.7191951336343119e-17 -1
    outer loop
      vertex -0.56699081959932884 -0.39701124597915138 -0.17999999999999999
      vertex -0.58662986253595051 -0.53754723065124688 -0.17999999999999999
      vertex -0.6825901081169482 -0.47795473921086756 -0.17999999999999997
    endloop
  endfacet
  facet normal 0 0 -1
    outer loop
      vertex -0.53454344424800504 -0.48981882183109127 -0.17999999999999999
      vertex -0.46648015102966001 -0.55592939586348677 -0.17999999999999999
      vertex -0.51193441771463677 -0.61009968148404303 -0.17999999999999999
    endloop
  endfacet
  facet normal 0 -0 -1
    outer loop
      vertex -0.53454344424800504 -0.48981882183109127 -0.17999999999999999
      vertex -0.51193441771463677 -0.61009968148404303 -0.17999999999999999
      vertex -0.58662986253595051 -0.53754723065124688 -0.17999999999999999
    endloop
  endfacet
  facet normal 0 -0 -1
    outer loop
      vertex -0.24820890401348514 -0.68194835908463058 -0.17999999999999999
      vertex -0.19740491371218366 -0.73672516763761997 -0.17999999999999999
      vertex -0.27239461414865745 -0.74839805155449135 -0.17999999999999999
    endloop
  endfacet
  facet normal -7.0656813874341025e-17 4.0556928773237622e-16 -1
    outer loop
      vertex -0.19740491371218366 -0.73672516763761997 -0.17999999999999999
      vertex -0.09463456540757928 -0.71882088940057742 -0.17999999999999999
      vertex -0.10385584687938078 -0.78886347606460994 -0.18000000000000002
    endloop
  endfacet
  facet normal 1.7202515748687915e-17 3.940023875511495e-16 -1
    outer loop
      vertex -0.09463456540757928 -0.71882088940057742 -0.17999999999999999
      vertex 0.031625083797007222 -0.72433350473614755 -0.17999999999999999
      vertex 0.034706661844156543 -0.79491324584724854 -0.18000000000000002
    endloop
  endfacet
  facet normal 1.720251574868831e-17 3.9400238755115009e-16 -1
    outer loop
      vertex -0.09463456540757928 -0.71882088940057742 -0.17999999999999999
      vertex 0.034706661844156543 -0.79491324584724854 -0.18000000000000002
      vertex -0.10385584687938078 -0.78886347606460994 -0.18000000000000002
    endloop
  endfacet
  facet normal -2.1523326721597613e-16 -4.7716066564983342e-17 -1
    outer loop
      vertex 0.031625083797007222 -0.72433350473614755 -0.17999999999999999
      vertex 0.1569238208334863 -0.70783761306074877 -0.18000000000000002
      vertex 0.17221462620997757 -0.77680997890032966 -0.18000000000000002
    endloop
  endfacet
  facet normal -5.1476625714053784e-17 3.9100379147673909e-16 -1
    outer loop
      vertex 0.031625083797007222 -0.72433350473614755 -0.17999999999999999
      vertex 0.17221462620997757 -0.77680997890032966 -0.18000000000000002
      vertex 0.034706661844156543 -0.79491324584724854 -0.18000000000000002
    endloop
  endfacet
  facet normal 2.7560447368613157e-16 1.0031182485235485e-16 -1
    outer loop
      vertex 0.1569238208334863 -0.70783761306074877 -0.18000000000000002
      vertex 0.24820890401348547 -0.68194835908463058 -0.17999999999999999
      vertex 0.27239461414865779 -0.74839805155449124 -0.17999999999999999
    endloop
  endfacet
  facet normal 2.6066771873289835e-16 5.7788641966394487e-17 -1
    outer loop
      vertex 0.1569238208334863 -0.70783761306074877 -0.18000000000000002
      vertex 0.27239461414865779 -0.74839805155449124 -0.17999999999999999
      vertex 0.17221462620997757 -0.77680997890032966 -0.18000000000000002
    endloop
  endfacet
  facet normal 0 0 -1
    outer loop
      vertex 0.4664801510296599 -0.55592939586348689 -0.17999999999999999
      vertex 0.53454344424800482 -0.4898188218310916 -0.17999999999999999
      vertex 0.5892240611317715 -0.58922406113177173 -0.17999999999999999
    endloop
  endfacet
  facet normal 0 0 -1
    outer loop
      vertex 0.4664801510296599 -0.55592939586348689 -0.17999999999999999
      vertex 0.5892240611317715 -0.58922406113177173 -0.17999999999999999
      vertex 0.51193441771463655 -0.61009968148404325 -0.17999999999999999
    endloop
  endfacet
  facet normal 0 0 -1
    outer loop
      vertex 0.53454344424800482 -0.4898188218310916 -0.17999999999999999
      vertex 0.63124788694995915 -0.48437353976139585 -0.17999999999999999
      vertex 0.5892240611317715 -0.58922406113177173 -0.17999999999999999
    endloop
  endfacet
  facet normal 1.6291513643731858e-17 -2.8932601241287094e-16 -1
    outer loop
      vertex 0.53454344424800482 -0.4898188218310916 -0.17999999999999999
      vertex 0.61147867401521594 -0.38955487833309388 -0.18000000000000002
      vertex 0.63124788694995915 -0.48437353976139585 -0.17999999999999999
    endloop
  endfacet
  facet normal 3.4618584586712722e-16 -2.2054470711443341e-16 -1
    outer loop
      vertex 0.61147867401521594 -0.38955487833309388 -0.18000000000000002
      vertex 0.7057683956305405 -0.36739977208602859 -0.17999999999999999
      vertex 0.63124788694995915 -0.48437353976139585 -0.17999999999999999
    endloop
  endfacet
  facet normal 2.3621285484526338e-16 2.4748837713356805e-16 -1
    outer loop
      vertex 0.61147867401521594 -0.38955487833309388 -0.18000000000000002
      vertex 0.62731723440572207 -0.29252283049600303 -0.17999999999999999
      vertex 0.7057683956305405 -0.36739977208602859 -0.17999999999999999
    endloop
  endfacet
  facet normal 0 0 -1
    outer loop
      vertex 0.62731723440572207 -0.29252283049600303 -0.17999999999999999
      vertex 0.69146726508149148 -0.21801879122965723 -0.17999999999999999
      vertex 0.75884448874592825 -0.2392627482490825 -0.17999999999999999
    endloop
  endfacet
  facet normal 0 0 -1
    outer loop
      vertex 0.62731723440572207 -0.29252283049600303 -0.17999999999999999
      vertex 0.75884448874592825 -0.2392627482490825 -0.17999999999999999
      vertex 0.7057683956305405 -0.36739977208602859 -0.17999999999999999
    endloop
  endfacet
  facet normal 0 0 -1
    outer loop
      vertex 0.69146726508149148 -0.21801879122965723 -0.17999999999999999
      vertex 0.71468905504314517 -0.12601896322114375 -0.17999999999999999
      vertex 0.78432903186329417 -0.13829837007044812 -0.17999999999999999
    endloop
  endfacet
  facet normal 0 0 -1
    outer loop
      vertex 0.69146726508149148 -0.21801879122965723 -0.17999999999999999
      vertex 0.78432903186329417 -0.13829837007044812 -0.17999999999999999
      vertex 0.75884448874592825 -0.2392627482490825 -0.17999999999999999
    endloop
  endfacet
  facet normal -2.5632986703524037e-16 -3.3746467201434557e-17 -1
    outer loop
      vertex 0.79339792026592582 0.069413323688313461 -0.17999999999999999
      vertex 0.78432903186329417 0.13829837007044807 -0.17999999999999999
      vertex 0.89015313593506784 0.1569580148276023 -0.18000000000000002
    endloop
  endfacet
  facet normal 3.0706970466238711e-17 -3.5098227848845683e-16 -1
    outer loop
      vertex 0.79339792026592582 0.069413323688313461 -0.17999999999999999
      vertex 0.89015313593506784 0.1569580148276023 -0.18000000000000002
      vertex 0.86384311677384218 0.075576479782612144 -0.17999999999999999
    endloop
  endfacet
  facet normal 0 0 -1
    outer loop
      vertex 0.78432903186329417 0.13829837007044807 -0.17999999999999999
      vertex 0.73672516763761986 0.19740491371218374 -0.17999999999999999
      vertex 0.8730860421457578 0.23394269991584096 -0.17999999999999999
    endloop
  endfacet
  facet normal -3.1359349843487181e-16 2.910117244805849e-16 -1
    outer loop
      vertex 0.78432903186329417 0.13829837007044807 -0.17999999999999999
      vertex 0.8730860421457578 0.23394269991584096 -0.17999999999999999
      vertex 0.89015313593506784 0.1569580148276023 -0.18000000000000002
    endloop
  endfacet
  facet normal -2.427438235452639e-16 -3.6755190662895382e-18 -1
    outer loop
      vertex 0.73672516763761986 0.19740491371218374 -0.17999999999999999
      vertex 0.73510373382934013 0.30448993630321441 -0.17999999999999999
      vertex 0.84937423639195264 0.30914693979925573 -0.18000000000000002
    endloop
  endfacet
  facet normal 9.1187895639576405e-17 -3.4031785956218774e-16 -1
    outer loop
      vertex 0.73672516763761986 0.19740491371218374 -0.17999999999999999
      vertex 0.84937423639195264 0.30914693979925573 -0.18000000000000002
      vertex 0.8730860421457578 0.23394269991584096 -0.17999999999999999
    endloop
  endfacet
  facet normal -2.541305434679275e-16 2.7572435881839308e-16 -1
    outer loop
      vertex 0.73510373382934013 0.30448993630321441 -0.17999999999999999
      vertex 0.81919817983301835 0.38199838480277226 -0.17999999999999999
      vertex 0.84937423639195264 0.30914693979925573 -0.18000000000000002
    endloop
  endfacet
  facet normal -2.2303883993030531e-16 -1.1610667106100205e-16 -1
    outer loop
      vertex 0.73510373382934013 0.30448993630321441 -0.17999999999999999
      vertex 0.6710617337863839 0.42751347376122001 -0.17999999999999999
      vertex 0.78278753048017002 0.45194259144100851 -0.18000000000000002
    endloop
  endfacet
  facet normal 2.4715977589899185e-16 -2.6816127571870501e-16 -1
    outer loop
      vertex 0.73510373382934013 0.30448993630321441 -0.17999999999999999
      vertex 0.78278753048017002 0.45194259144100851 -0.18000000000000002
      vertex 0.81919817983301835 0.38199838480277226 -0.17999999999999999
    endloop
  endfacet
  facet normal -2.9814876193161793e-16 2.2740618049596181e-16 -1
    outer loop
      vertex 0.6710617337863839 0.42751347376122001 -0.17999999999999999
      vertex 0.74041939536033352 0.51844724206798087 -0.17999999999999999
      vertex 0.78278753048017002 0.45194259144100851 -0.18000000000000002
    endloop
  endfacet
  facet normal -1.9948866694149694e-16 -1.5307303794015691e-16 -1
    outer loop
      vertex 0.6710617337863839 0.42751347376122001 -0.17999999999999999
      vertex 0.58662986253595029 0.53754723065124699 -0.17999999999999999
      vertex 0.69241622156435034 0.58100619613581206 -0.18000000000000002
    endloop
  endfacet
  facet normal 2.8997058038747867e-16 -2.2116845870799802e-16 -1
    outer loop
      vertex 0.6710617337863839 0.42751347376122001 -0.17999999999999999
      vertex 0.69241622156435034 0.58100619613581206 -0.18000000000000002
      vertex 0.74041939536033352 0.51844724206798087 -0.17999999999999999
    endloop
  endfacet
  facet normal -4.7559880607173133e-16 5.190250201644764e-16 -1
    outer loop
      vertex 0.58662986253595029 0.53754723065124699 -0.17999999999999999
      vertex 0.63914334222991687 0.63914334222991687 -0.17999999999999997
      vertex 0.69241622156435034 0.58100619613581206 -0.18000000000000002
    endloop
  endfacet
  facet normal 0 0 -1
    outer loop
      vertex 0.58662986253595029 0.53754723065124699 -0.17999999999999999
      vertex 0.51193441771463666 0.61009968148404314 -0.17999999999999999
      vertex 0.58100619613581217 0.69241622156435045 -0.17999999999999999
    endloop
  endfacet
  facet normal 4.9384790727689368e-16 1.793280802410529e-17 -1
    outer loop
      vertex 0.58662986253595029 0.53754723065124699 -0.17999999999999999
      vertex 0.58100619613581217 0.69241622156435045 -0.17999999999999999
      vertex 0.63914334222991687 0.63914334222991687 -0.17999999999999997
    endloop
  endfacet
  facet normal 0 0 -1
    outer loop
      vertex 0.51193441771463666 0.61009968148404314 -0.17999999999999999
      vertex 0.45681266180815461 0.65239609241587548 -0.17999999999999999
      vertex 0.49737270980726428 0.71032184411916843 -0.17999999999999999
    endloop
  endfacet
  facet normal 0 0 -1
    outer loop
      vertex 0.51193441771463666 0.61009968148404314 -0.17999999999999999
      vertex 0.49737270980726428 0.71032184411916843 -0.17999999999999999
      vertex 0.58100619613581217 0.69241622156435045 -0.17999999999999999
    endloop
  endfacet
  facet normal 9.8939635633199571e-17 2.3886141020192265e-16 -1
    outer loop
      vertex 0.33658525845777132 0.72180941610418903 -0.17999999999999999
      vertex 0.27239461414865768 0.74839805155449124 -0.17999999999999999
      vertex 0.30914693979925589 0.84937423639195264 -0.17999999999999997
    endloop
  endfacet
  facet normal -3.1931305468226783e-16 1.4889812274720747e-16 -1
    outer loop
      vertex 0.33658525845777132 0.72180941610418903 -0.17999999999999999
      vertex 0.30914693979925589 0.84937423639195264 -0.17999999999999997
      vertex 0.36647040696657796 0.78589832390178072 -0.17999999999999999
    endloop
  endfacet
  facet normal -3.2010900985926142e-16 -3.2131707005546422e-16 -1
    outer loop
      vertex 0.27239461414865768 0.74839805155449124 -0.17999999999999999
      vertex 0.19740491371218388 0.73672516763761986 -0.17999999999999997
      vertex 0.23394269991584113 0.8730860421457578 -0.18000000000000002
    endloop
  endfacet
  facet normal 7.3989559400445947e-16 5.5725198792166899e-18 -1
    outer loop
      vertex 0.27239461414865768 0.74839805155449124 -0.17999999999999999
      vertex 0.23394269991584113 0.8730860421457578 -0.18000000000000002
      vertex 0.30914693979925589 0.84937423639195264 -0.17999999999999997
    endloop
  endfacet
  facet normal 2.296067062193775e-16 -1.2037372710395937e-16 -1
    outer loop
      vertex 0.19740491371218388 0.73672516763761986 -0.17999999999999997
      vertex 0.10385584687938079 0.78886347606461005 -0.17999999999999999
      vertex 0.15695801482760241 0.89015313593506795 -0.17999999999999999
    endloop
  endfacet
  facet normal -4.2550705841817579e-16 -2.9307574806028683e-16 -1
    outer loop
      vertex 0.19740491371218388 0.73672516763761986 -0.17999999999999997
      vertex 0.15695801482760241 0.89015313593506795 -0.17999999999999999
      vertex 0.23394269991584113 0.8730860421457578 -0.18000000000000002
    endloop
  endfacet
  facet normal -3.3210310371143338e-16 1.7410853992366627e-16 -1
    outer loop
      vertex 0.10385584687938079 0.78886347606461005 -0.17999999999999999
      vertex 0.078778784472685007 0.90044562687075325 -0.17999999999999997
      vertex 0.15695801482760241 0.89015313593506795 -0.17999999999999999
    endloop
  endfacet
  facet normal 1.975636119997736e-16 -6.2922378558790074e-17 -1
    outer loop
      vertex 0.10385584687938079 0.78886347606461005 -0.17999999999999999
      vertex -0.034706661844156661 0.79491324584724865 -0.18000000000000002
      vertex 5.5347004800659107e-17 0.90388518288201691 -0.18000000000000002
    endloop
  endfacet
  facet normal 7.225968233437549e-16 4.1114265066644209e-16 -1
    outer loop
      vertex 0.10385584687938079 0.78886347606461005 -0.17999999999999999
      vertex 5.5347004800659107e-17 0.90388518288201691 -0.18000000000000002
      vertex 0.078778784472685007 0.90044562687075325 -0.17999999999999997
    endloop
  endfacet
  facet normal 0 0 -1
    outer loop
      vertex -0.034706661844156661 0.79491324584724865 -0.18000000000000002
      vertex -0.078778784472684896 0.90044562687075314 -0.18000000000000002
      vertex 5.5347004800659107e-17 0.90388518288201691 -0.18000000000000002
    endloop
  endfacet
  facet normal -2.0548853318167522e-16 2.7659885045608398e-17 -1
    outer loop
      vertex -0.034706661844156661 0.79491324584724865 -0.18000000000000002
      vertex -0.17221462620997785 0.77680997890032955 -0.17999999999999999
      vertex -0.1569580148276023 0.89015313593506784 -0.17999999999999999
    endloop
  endfacet
  facet normal -3.3652279395071465e-16 -1.4053765961167473e-16 -1
    outer loop
      vertex -0.034706661844156661 0.79491324584724865 -0.18000000000000002
      vertex -0.1569580148276023 0.89015313593506784 -0.17999999999999999
      vertex -0.078778784472684896 0.90044562687075314 -0.18000000000000002
    endloop
  endfacet
  facet normal -3.7162346367664632e-16 5.0022559051793936e-17 -1
    outer loop
      vertex -0.17221462620997785 0.77680997890032955 -0.17999999999999999
      vertex -0.2339426999158411 0.87308604214575802 -0.17999999999999997
      vertex -0.1569580148276023 0.89015313593506784 -0.17999999999999999
    endloop
  endfacet
  facet normal -0 0 -1
    outer loop
      vertex -0.17221462620997785 0.77680997890032955 -0.17999999999999999
      vertex -0.2723946141486574 0.74839805155449135 -0.17999999999999999
      vertex -0.3091469397992555 0.84937423639195275 -0.17999999999999999
    endloop
  endfacet
  facet normal 2.3139368632838297e-16 4.3665123731962417e-16 -1
    outer loop
      vertex -0.17221462620997785 0.77680997890032955 -0.17999999999999999
      vertex -0.3091469397992555 0.84937423639195275 -0.17999999999999999
      vertex -0.2339426999158411 0.87308604214575802 -0.17999999999999997
    endloop
  endfacet
  facet normal -0 0 -1
    outer loop
      vertex -0.2723946141486574 0.74839805155449135 -0.17999999999999999
      vertex -0.33658525845777121 0.72180941610418914 -0.17999999999999999
      vertex -0.36647040696657784 0.78589832390178083 -0.17999999999999999
    endloop
  endfacet
  facet normal 0 0 -1
    outer loop
      vertex -0.2723946141486574 0.74839805155449135 -0.17999999999999999
      vertex -0.36647040696657784 0.78589832390178083 -0.17999999999999999
      vertex -0.3091469397992555 0.84937423639195275 -0.17999999999999999
    endloop
  endfacet
  facet normal -0 0 -1
    outer loop
      vertex -0.45681266180815461 0.65239609241587548 -0.17999999999999999
      vertex -0.51193441771463666 0.61009968148404314 -0.17999999999999999
      vertex -0.58100619613581217 0.69241622156435023 -0.17999999999999999
    endloop
  endfacet
  facet normal 0 0 -1
    outer loop
      vertex -0.45681266180815461 0.65239609241587548 -0.17999999999999999
      vertex -0.58100619613581217 0.69241622156435023 -0.17999999999999999
      vertex -0.49737270980726428 0.71032184411916843 -0.17999999999999999
    endloop
  endfacet
  facet normal 4.0095759126198699e-16 -1.5513771869213442e-16 -1
    outer loop
      vertex -0.51193441771463666 0.61009968148404314 -0.17999999999999999
      vertex -0.53932025392543614 0.53932025392543625 -0.17999999999999999
      vertex -0.63914334222991687 0.63914334222991687 -0.18000000000000005
    endloop
  endfacet
  facet normal 5.3979011248373154e-16 4.529376842982419e-16 -1
    outer loop
      vertex -0.51193441771463666 0.61009968148404314 -0.17999999999999999
      vertex -0.63914334222991687 0.63914334222991687 -0.18000000000000005
      vertex -0.58100619613581217 0.69241622156435023 -0.17999999999999999
    endloop
  endfacet
  facet normal -2.4911000931226551e-16 4.1676911653764075e-16 -1
    outer loop
      vertex -0.53932025392543614 0.53932025392543625 -0.17999999999999999
      vertex -0.63124788694995937 0.48437353976139558 -0.17999999999999999
      vertex -0.69241622156435034 0.58100619613581239 -0.17999999999999994
    endloop
  endfacet
  facet normal -7.06332377923587e-16 -1.2624276878777097e-15 -1
    outer loop
      vertex -0.53932025392543614 0.53932025392543625 -0.17999999999999999
      vertex -0.69241622156435034 0.58100619613581239 -0.17999999999999994
      vertex -0.63914334222991687 0.63914334222991687 -0.18000000000000005
    endloop
  endfacet
  facet normal 5.4027202533530703e-16 9.1644682638785691e-16 -1
    outer loop
      vertex -0.63124788694995937 0.48437353976139558 -0.17999999999999999
      vertex -0.74041939536033363 0.51844724206798065 -0.18000000000000002
      vertex -0.69241622156435034 0.58100619613581239 -0.17999999999999994
    endloop
  endfacet
  facet normal 2.564154647341391e-16 -3.4231291654327384e-16 -1
    outer loop
      vertex -0.63124788694995937 0.48437353976139558 -0.17999999999999999
      vertex -0.66052971503278746 0.38135700878192691 -0.17999999999999997
      vertex -0.7827875304801698 0.45194259144100885 -0.18000000000000002
    endloop
  endfacet
  facet normal 2.1207074665282406e-16 -1.3510396587975451e-16 -1
    outer loop
      vertex -0.63124788694995937 0.48437353976139558 -0.17999999999999999
      vertex -0.7827875304801698 0.45194259144100885 -0.18000000000000002
      vertex -0.74041939536033363 0.51844724206798065 -0.18000000000000002
    endloop
  endfacet
  facet normal 1.453892093060092e-18 3.5967485358583819e-16 -1
    outer loop
      vertex -0.66052971503278746 0.38135700878192691 -0.17999999999999997
      vertex -0.73510373382934013 0.30448993630321453 -0.17999999999999999
      vertex -0.81919817983301857 0.38199838480277232 -0.17999999999999997
    endloop
  endfacet
  facet normal -3.2013833201926991e-18 -7.9198248787426475e-16 -1
    outer loop
      vertex -0.66052971503278746 0.38135700878192691 -0.17999999999999997
      vertex -0.81919817983301857 0.38199838480277232 -0.17999999999999997
      vertex -0.7827875304801698 0.45194259144100885 -0.18000000000000002
    endloop
  endfacet
  facet normal -2.388614102019227e-16 9.8939635633199288e-17 -1
    outer loop
      vertex -0.73510373382934013 0.30448993630321453 -0.17999999999999999
      vertex -0.84937423639195264 0.30914693979925589 -0.17999999999999997
      vertex -0.81919817983301857 0.38199838480277232 -0.17999999999999997
    endloop
  endfacet
  facet normal -3.362754218326079e-16 2.6428368102947202e-16 -1
    outer loop
      vertex -0.73510373382934013 0.30448993630321453 -0.17999999999999999
      vertex -0.73672516763761986 0.19740491371218358 -0.18000000000000002
      vertex -0.87308604214575791 0.2339426999158408 -0.17999999999999997
    endloop
  endfacet
  facet normal -2.3981209063093042e-16 7.5612461734469198e-17 -1
    outer loop
      vertex -0.73510373382934013 0.30448993630321453 -0.17999999999999999
      vertex -0.87308604214575791 0.2339426999158408 -0.17999999999999997
      vertex -0.84937423639195264 0.30914693979925589 -0.17999999999999997
    endloop
  endfacet
  facet normal -7.2504127717724295e-17 -4.1119134137277016e-16 -1
    outer loop
      vertex -0.73672516763761986 0.19740491371218358 -0.18000000000000002
      vertex -0.78432903186329417 0.13829837007044804 -0.17999999999999999
      vertex -0.89015313593506784 0.15695801482760227 -0.17999999999999999
    endloop
  endfacet
  facet normal -2.9307574806028663e-16 4.2550705841817604e-16 -1
    outer loop
      vertex -0.73672516763761986 0.19740491371218358 -0.18000000000000002
      vertex -0.89015313593506784 0.15695801482760227 -0.17999999999999999
      vertex -0.87308604214575791 0.2339426999158408 -0.17999999999999997
    endloop
  endfacet
  facet normal 0 0 -1
    outer loop
      vertex -0.78432903186329417 0.13829837007044804 -0.17999999999999999
      vertex -0.79339792026592582 0.069413323688313489 -0.17999999999999999
      vertex -0.86384311677384218 0.075576479782612171 -0.17999999999999999
    endloop
  endfacet
  facet normal -0 0 -1
    outer loop
      vertex -0.78432903186329417 0.13829837007044804 -0.17999999999999999
      vertex -0.86384311677384218 0.075576479782612171 -0.17999999999999999
      vertex -0.89015313593506784 0.15695801482760227 -0.17999999999999999
    endloop
  endfacet
  facet normal 0 -0 -1
    outer loop
      vertex -0.79339792026592582 -0.06941332368831328 -0.17999999999999999
      vertex -0.78432903186329428 -0.13829837007044785 -0.17999999999999999
      vertex -0.89015313593506795 -0.15695801482760202 -0.17999999999999999
    endloop
  endfacet
  facet normal 0 0 -1
    outer loop
      vertex -0.79339792026592582 -0.06941332368831328 -0.17999999999999999
      vertex -0.89015313593506795 -0.15695801482760202 -0.17999999999999999
      vertex -0.86384311677384218 -0.075576479782611963 -0.17999999999999999
    endloop
  endfacet
  facet normal 2.4584492390517063e-16 6.2054020204649805e-17 -1
    outer loop
      vertex -0.78432903186329428 -0.13829837007044785 -0.17999999999999999
      vertex -0.75884448874592825 -0.23926274824908239 -0.17999999999999999
      vertex -0.87308604214575791 -0.23394269991584063 -0.18000000000000002
    endloop
  endfacet
  facet normal -6.1180242345853605e-17 3.4697039613584603e-16 -1
    outer loop
      vertex -0.78432903186329428 -0.13829837007044785 -0.17999999999999999
      vertex -0.87308604214575791 -0.23394269991584063 -0.18000000000000002
      vertex -0.89015313593506795 -0.15695801482760202 -0.17999999999999999
    endloop
  endfacet
  facet normal 2.6401871696585068e-16 4.5231407431848315e-16 -1
    outer loop
      vertex -0.75884448874592825 -0.23926274824908239 -0.17999999999999999
      vertex -0.84937423639195275 -0.30914693979925567 -0.18000000000000005
      vertex -0.87308604214575791 -0.23394269991584063 -0.18000000000000002
    endloop
  endfacet
  facet normal 0 -0 -1
    outer loop
      vertex -0.75884448874592825 -0.23926274824908239 -0.17999999999999999
      vertex -0.70576839563054072 -0.36739977208602836 -0.17999999999999999
      vertex -0.81919817983301868 -0.38199838480277182 -0.17999999999999999
    endloop
  endfacet
  facet normal 9.1031387226416046e-16 -3.8491300116392786e-16 -1
    outer loop
      vertex -0.75884448874592825 -0.23926274824908239 -0.17999999999999999
      vertex -0.81919817983301868 -0.38199838480277182 -0.17999999999999999
      vertex -0.84937423639195275 -0.30914693979925567 -0.18000000000000005
    endloop
  endfacet
  facet normal 9.5730296642564033e-17 -7.4381498437527604e-16 -1
    outer loop
      vertex -0.70576839563054072 -0.36739977208602836 -0.17999999999999999
      vertex -0.78278753048016991 -0.45194259144100868 -0.17999999999999994
      vertex -0.81919817983301868 -0.38199838480277182 -0.17999999999999999
    endloop
  endfacet
  facet normal -3.6188200020695999e-16 -3.2692679128208239e-16 -1
    outer loop
      vertex -0.70576839563054072 -0.36739977208602836 -0.17999999999999999
      vertex -0.6825901081169482 -0.47795473921086756 -0.17999999999999997
      vertex -0.78278753048016991 -0.45194259144100868 -0.17999999999999994
    endloop
  endfacet
  facet normal -1.1515962220191939e-16 2.8031769748761972e-16 -1
    outer loop
      vertex -0.6825901081169482 -0.47795473921086756 -0.17999999999999997
      vertex -0.58662986253595051 -0.53754723065124688 -0.17999999999999999
      vertex -0.69241622156435056 -0.58100619613581173 -0.17999999999999999
    endloop
  endfacet
  facet normal 1.4249092493716147e-16 -3.4684663971223603e-16 -1
    outer loop
      vertex -0.58662986253595051 -0.53754723065124688 -0.17999999999999999
      vertex -0.63914334222991698 -0.63914334222991676 -0.17999999999999997
      vertex -0.69241622156435056 -0.58100619613581173 -0.17999999999999999
    endloop
  endfacet
  facet normal -1.8044224973061972e-16 -1.8577200292308545e-16 -1
    outer loop
      vertex -0.58662986253595051 -0.53754723065124688 -0.17999999999999999
      vertex -0.51193441771463677 -0.61009968148404303 -0.17999999999999999
      vertex -0.58100619613581239 -0.69241622156435023 -0.17999999999999997
    endloop
  endfacet
  facet normal -1.6987713175380763e-16 -1.853883580201944e-16 -1
    outer loop
      vertex -0.58662986253595051 -0.53754723065124688 -0.17999999999999999
      vertex -0.58100619613581239 -0.69241622156435023 -0.17999999999999997
      vertex -0.63914334222991698 -0.63914334222991676 -0.17999999999999997
    endloop
  endfacet
  facet normal 0 0 -1
    outer loop
      vertex -0.51193441771463677 -0.61009968148404303 -0.17999999999999999
      vertex -0.45681266180815416 -0.65239609241587582 -0.17999999999999999
      vertex -0.49737270980726384 -0.71032184411916888 -0.17999999999999999
    endloop
  endfacet
  facet normal -3.4252652424492847e-16 -4.9767147958491858e-17 -1
    outer loop
      vertex -0.51193441771463677 -0.61009968148404303 -0.17999999999999999
      vertex -0.49737270980726384 -0.71032184411916888 -0.17999999999999999
      vertex -0.58100619613581239 -0.69241622156435023 -0.17999999999999997
    endloop
  endfacet
  facet normal 0 0 -1
    outer loop
      vertex -0.33658525845777171 -0.72180941610418881 -0.17999999999999999
      vertex -0.27239461414865745 -0.74839805155449135 -0.17999999999999999
      vertex -0.30914693979925556 -0.84937423639195264 -0.17999999999999999
    endloop
  endfacet
  facet normal 0 -0 -1
    outer loop
      vertex -0.33658525845777171 -0.72180941610418881 -0.17999999999999999
      vertex -0.30914693979925556 -0.84937423639195264 -0.17999999999999999
      vertex -0.36647040696657834 -0.78589832390178049 -0.17999999999999999
    endloop
  endfacet
  facet normal 0 0 -1
    outer loop
      vertex -0.27239461414865745 -0.74839805155449135 -0.17999999999999999
      vertex -0.19740491371218366 -0.73672516763761997 -0.17999999999999999
      vertex -0.23394269991584085 -0.87308604214575791 -0.17999999999999999
    endloop
  endfacet
  facet normal 0 -0 -1
    outer loop
      vertex -0.27239461414865745 -0.74839805155449135 -0.17999999999999999
      vertex -0.23394269991584085 -0.87308604214575791 -0.17999999999999999
      vertex -0.30914693979925556 -0.84937423639195264 -0.17999999999999999
    endloop
  endfacet
  facet normal -3.4779552510850907e-16 -9.1686350231150971e-17 -1
    outer loop
      vertex -0.19740491371218366 -0.73672516763761997 -0.17999999999999999
      vertex -0.10385584687938078 -0.78886347606460994 -0.18000000000000002
      vertex -0.15695801482760233 -0.89015313593506784 -0.17999999999999999
    endloop
  endfacet
  facet normal 0 -0 -1
    outer loop
      vertex -0.19740491371218366 -0.73672516763761997 -0.17999999999999999
      vertex -0.15695801482760233 -0.89015313593506784 -0.17999999999999999
      vertex -0.23394269991584085 -0.87308604214575791 -0.17999999999999999
    endloop
  endfacet
  facet normal -6.9795267462430306e-16 9.1887212812092735e-17 -1
    outer loop
      vertex -0.10385584687938078 -0.78886347606460994 -0.18000000000000002
      vertex -0.078778784472685104 -0.90044562687075314 -0.18000000000000005
      vertex -0.15695801482760233 -0.89015313593506784 -0.17999999999999999
    endloop
  endfacet
  facet normal 0 0 -1
    outer loop
      vertex -0.10385584687938078 -0.78886347606460994 -0.18000000000000002
      vertex 0.034706661844156543 -0.79491324584724854 -0.18000000000000002
      vertex -1.6604101440197731e-16 -0.90388518288201691 -0.18000000000000002
    endloop
  endfacet
  facet normal 3.667824583106183e-16 3.3117664380359891e-16 -1
    outer loop
      vertex -0.10385584687938078 -0.78886347606460994 -0.18000000000000002
      vertex -1.6604101440197731e-16 -0.90388518288201691 -0.18000000000000002
      vertex -0.078778784472685104 -0.90044562687075314 -0.18000000000000005
    endloop
  endfacet
  facet normal -3.5729134200843256e-16 1.1379434122544015e-16 -1
    outer loop
      vertex 0.034706661844156543 -0.79491324584724854 -0.18000000000000002
      vertex 0.078778784472684785 -0.90044562687075314 -0.18000000000000005
      vertex -1.6604101440197731e-16 -0.90388518288201691 -0.18000000000000002
    endloop
  endfacet
  facet normal 3.2820806019886401e-17 -2.4929877230850767e-16 -1
    outer loop
      vertex 0.034706661844156543 -0.79491324584724854 -0.18000000000000002
      vertex 0.17221462620997757 -0.77680997890032966 -0.18000000000000002
      vertex 0.15695801482760199 -0.89015313593506795 -0.17999999999999999
    endloop
  endfacet
  facet normal 6.4022478188154499e-16 5.3037409153185776e-16 -1
    outer loop
      vertex 0.034706661844156543 -0.79491324584724854 -0.18000000000000002
      vertex 0.15695801482760199 -0.89015313593506795 -0.17999999999999999
      vertex 0.078778784472684785 -0.90044562687075314 -0.18000000000000005
    endloop
  endfacet
  facet normal -3.1566479202138701e-16 -2.0239069703722382e-16 -1
    outer loop
      vertex 0.17221462620997757 -0.77680997890032966 -0.18000000000000002
      vertex 0.23394269991584057 -0.87308604214575802 -0.18000000000000002
      vertex 0.15695801482760199 -0.89015313593506795 -0.17999999999999999
    endloop
  endfacet
  facet normal 1.0980946461360702e-16 5.8971236168316346e-16 -1
    outer loop
      vertex 0.17221462620997757 -0.77680997890032966 -0.18000000000000002
      vertex 0.27239461414865779 -0.74839805155449124 -0.17999999999999999
      vertex 0.30914693979925595 -0.84937423639195253 -0.18000000000000005
    endloop
  endfacet
  facet normal -3.0700614806284894e-16 -1.9683914668869165e-16 -1
    outer loop
      vertex 0.17221462620997757 -0.77680997890032966 -0.18000000000000002
      vertex 0.30914693979925595 -0.84937423639195253 -0.18000000000000005
      vertex 0.23394269991584057 -0.87308604214575802 -0.18000000000000002
    endloop
  endfacet
  facet normal 0 0 -1
    outer loop
      vertex 0.27239461414865779 -0.74839805155449124 -0.17999999999999999
      vertex 0.33658525845777082 -0.72180941610418925 -0.17999999999999999
      vertex 0.3664704069665774 -0.78589832390178094 -0.17999999999999999
    endloop
  endfacet
  facet normal 2.5632729543303174e-16 6.430404908906855e-16 -1
    outer loop
      vertex 0.27239461414865779 -0.74839805155449124 -0.17999999999999999
      vertex 0.3664704069665774 -0.78589832390178094 -0.17999999999999999
      vertex 0.30914693979925595 -0.84937423639195253 -0.18000000000000005
    endloop
  endfacet
  facet normal 0 0 -1
    outer loop
      vertex 0.4568126618081545 -0.65239609241587559 -0.17999999999999999
      vertex 0.51193441771463655 -0.61009968148404325 -0.17999999999999999
      vertex 0.58100619613581206 -0.69241622156435034 -0.17999999999999999
    endloop
  endfacet
  facet normal 0 0 -1
    outer loop
      vertex 0.4568126618081545 -0.65239609241587559 -0.17999999999999999
      vertex 0.58100619613581206 -0.69241622156435034 -0.17999999999999999
      vertex 0.49737270980726417 -0.71032184411916854 -0.17999999999999999
    endloop
  endfacet
  facet normal 0 0 -1
    outer loop
      vertex 0.51193441771463655 -0.61009968148404325 -0.17999999999999999
      vertex 0.5892240611317715 -0.58922406113177173 -0.17999999999999999
      vertex 0.58100619613581206 -0.69241622156435034 -0.17999999999999999
    endloop
  endfacet
  facet normal 0 0 -1
    outer loop
      vertex 0.5892240611317715 -0.58922406113177173 -0.17999999999999999
      vertex 0.63124788694995915 -0.48437353976139585 -0.17999999999999999
      vertex 0.69241622156435023 -0.58100619613581239 -0.17999999999999999
    endloop
  endfacet
  facet normal 0 0 -1
    outer loop
      vertex 0.63124788694995915 -0.48437353976139585 -0.17999999999999999
      vertex 0.74041939536033341 -0.51844724206798121 -0.17999999999999999
      vertex 0.69241622156435023 -0.58100619613581239 -0.17999999999999999
    endloop
  endfacet
  facet normal 0 0 -1
    outer loop
      vertex 0.63124788694995915 -0.48437353976139585 -0.17999999999999999
      vertex 0.7057683956305405 -0.36739977208602859 -0.17999999999999999
      vertex 0.78278753048017014 -0.45194259144100823 -0.17999999999999999
    endloop
  endfacet
  facet normal 0 0 -1
    outer loop
      vertex 0.63124788694995915 -0.48437353976139585 -0.17999999999999999
      vertex 0.78278753048017014 -0.45194259144100823 -0.17999999999999999
      vertex 0.74041939536033341 -0.51844724206798121 -0.17999999999999999
    endloop
  endfacet
  facet normal 2.7719446131236385e-16 2.5252620811881999e-16 -1
    outer loop
      vertex 0.7057683956305405 -0.36739977208602859 -0.17999999999999999
      vertex 0.81919817983301824 -0.38199838480277271 -0.17999999999999997
      vertex 0.78278753048017014 -0.45194259144100823 -0.17999999999999999
    endloop
  endfacet
  facet normal 0 0 -1
    outer loop
      vertex 0.7057683956305405 -0.36739977208602859 -0.17999999999999999
      vertex 0.75884448874592825 -0.2392627482490825 -0.17999999999999999
      vertex 0.84937423639195264 -0.30914693979925562 -0.17999999999999999
    endloop
  endfacet
  facet normal 1.85757259398146e-16 -4.5793185268802045e-16 -1
    outer loop
      vertex 0.7057683956305405 -0.36739977208602859 -0.17999999999999999
      vertex 0.84937423639195264 -0.30914693979925562 -0.17999999999999999
      vertex 0.81919817983301824 -0.38199838480277271 -0.17999999999999997
    endloop
  endfacet
  facet normal 0 0 -1
    outer loop
      vertex 0.75884448874592825 -0.2392627482490825 -0.17999999999999999
      vertex 0.87308604214575791 -0.23394269991584096 -0.17999999999999999
      vertex 0.84937423639195264 -0.30914693979925562 -0.17999999999999999
    endloop
  endfacet
  facet normal -2.5110439870861919e-16 6.3381570721189626e-17 -1
    outer loop
      vertex 0.75884448874592825 -0.2392627482490825 -0.17999999999999999
      vertex 0.78432903186329417 -0.13829837007044812 -0.17999999999999999
      vertex 0.89015313593506784 -0.15695801482760235 -0.18000000000000002
    endloop
  endfacet
  facet normal 1.6964627460234651e-17 -3.6429469668478329e-16 -1
    outer loop
      vertex 0.75884448874592825 -0.2392627482490825 -0.17999999999999999
      vertex 0.89015313593506784 -0.15695801482760235 -0.18000000000000002
      vertex 0.87308604214575791 -0.23394269991584096 -0.17999999999999999
    endloop
  endfacet
  facet normal 0 0 -1
    outer loop
      vertex 0.78432903186329417 -0.13829837007044812 -0.17999999999999999
      vertex 0.79339792026592582 -0.069413323688313586 -0.17999999999999999
      vertex 0.86384311677384218 -0.075576479782612282 -0.17999999999999999
    endloop
  endfacet
  facet normal -2.1436287652841692e-16 2.7175309748685157e-16 -1
    outer loop
      vertex 0.78432903186329417 -0.13829837007044812 -0.17999999999999999
      vertex 0.86384311677384218 -0.075576479782612282 -0.17999999999999999
      vertex 0.89015313593506784 -0.15695801482760235 -0.18000000000000002
    endloop
  endfacet
  facet normal -2.5853780974752212e-16 -1.1288004551078248e-17 -1
    outer loop
      vertex 0.8671428571428571 0 -0.17999999999999999
      vertex 0.86384311677384218 0.075576479782612144 -0.17999999999999999
      vertex 0.97079055822457594 0.084933168502653866 -0.18000000000000002
    endloop
  endfacet
  facet normal 0 -3.2679312575936274e-16 -1
    outer loop
      vertex 0.8671428571428571 0 -0.17999999999999999
      vertex 0.97079055822457594 0.084933168502653866 -0.18000000000000002
      vertex 0.97449882044560943 0 -0.17999999999999999
    endloop
  endfacet
  facet normal -2.3637259880178202e-16 -2.6463752496262505e-16 -1
    outer loop
      vertex 0.86384311677384218 0.075576479782612144 -0.17999999999999999
      vertex 0.89015313593506784 0.1569580148276023 -0.18000000000000002
      vertex 0.97079055822457594 0.084933168502653866 -0.18000000000000002
    endloop
  endfacet
  facet normal -5.8763034597133013e-17 -2.7447006858082798e-16 -1
    outer loop
      vertex 0.58100619613581217 0.69241622156435045 -0.17999999999999999
      vertex 0.49737270980726428 0.71032184411916843 -0.17999999999999999
      vertex 0.55894956065949064 0.79826270092523199 -0.18000000000000002
    endloop
  endfacet
  facet normal -1.390446035730298e-16 -2.182563088046031e-16 -1
    outer loop
      vertex 0.49737270980726428 0.71032184411916843 -0.17999999999999999
      vertex 0.43357142857142866 0.75096774299593461 -0.17999999999999999
      vertex 0.48724941022280471 0.84394073446386786 -0.18000000000000002
    endloop
  endfacet
  facet normal -1.3904460357302877e-16 -2.1825630880460295e-16 -1
    outer loop
      vertex 0.49737270980726428 0.71032184411916843 -0.17999999999999999
      vertex 0.48724941022280471 0.84394073446386786 -0.18000000000000002
      vertex 0.55894956065949064 0.79826270092523199 -0.18000000000000002
    endloop
  endfacet
  facet normal 0 0 -1
    outer loop
      vertex 0.43357142857142866 0.75096774299593461 -0.17999999999999999
      vertex 0.36647040696657796 0.78589832390178072 -0.17999999999999999
      vertex 0.41184099756508541 0.88319586942788597 -0.17999999999999999
    endloop
  endfacet
  facet normal -4.0250435486422406e-16 -6.6147750476000172e-17 -1
    outer loop
      vertex 0.43357142857142866 0.75096774299593461 -0.17999999999999999
      vertex 0.41184099756508541 0.88319586942788597 -0.17999999999999999
      vertex 0.48724941022280471 0.84394073446386786 -0.18000000000000002
    endloop
  endfacet
  facet normal -3.1931305468226808e-16 1.4889812274720727e-16 -1
    outer loop
      vertex 0.36647040696657796 0.78589832390178072 -0.17999999999999999
      vertex 0.30914693979925589 0.84937423639195264 -0.17999999999999997
      vertex 0.41184099756508541 0.88319586942788597 -0.17999999999999999
    endloop
  endfacet
  facet normal -2.0831653467088667e-16 1.8812531505499583e-16 -1
    outer loop
      vertex -0.3091469397992555 0.84937423639195275 -0.17999999999999999
      vertex -0.36647040696657784 0.78589832390178083 -0.17999999999999999
      vertex -0.4118409975650853 0.88319586942788597 -0.17999999999999997
    endloop
  endfacet
  facet normal -2.3898641234898586e-16 4.5908862671136223e-16 -1
    outer loop
      vertex -0.36647040696657784 0.78589832390178083 -0.17999999999999999
      vertex -0.43357142857142839 0.75096774299593472 -0.17999999999999999
      vertex -0.48724941022280444 0.84394073446386819 -0.17999999999999994
    endloop
  endfacet
  facet normal -4.1566836080025118e-16 9.1435570598449453e-17 -1
    outer loop
      vertex -0.36647040696657784 0.78589832390178083 -0.17999999999999999
      vertex -0.48724941022280444 0.84394073446386819 -0.17999999999999994
      vertex -0.4118409975650853 0.88319586942788597 -0.17999999999999997
    endloop
  endfacet
  facet normal -0 0 -1
    outer loop
      vertex -0.43357142857142839 0.75096774299593472 -0.17999999999999999
      vertex -0.49737270980726428 0.71032184411916843 -0.17999999999999999
      vertex -0.55894956065949064 0.79826270092523188 -0.17999999999999999
    endloop
  endfacet
  facet normal 2.8793309023340039e-16 7.6330574336856588e-16 -1
    outer loop
      vertex -0.43357142857142839 0.75096774299593472 -0.17999999999999999
      vertex -0.55894956065949064 0.79826270092523188 -0.17999999999999999
      vertex -0.48724941022280444 0.84394073446386819 -0.17999999999999994
    endloop
  endfacet
  facet normal -0 0 -1
    outer loop
      vertex -0.49737270980726428 0.71032184411916843 -0.17999999999999999
      vertex -0.58100619613581217 0.69241622156435023 -0.17999999999999999
      vertex -0.55894956065949064 0.79826270092523188 -0.17999999999999999
    endloop
  endfacet
  facet normal 2.6707956926802057e-16 8.6344753525831845e-17 -1
    outer loop
      vertex -0.89015313593506784 0.15695801482760227 -0.17999999999999999
      vertex -0.86384311677384218 0.075576479782612171 -0.17999999999999999
      vertex -0.97079055822457605 0.08493316850265388 -0.18000000000000002
    endloop
  endfacet
  facet normal 0 0 -1
    outer loop
      vertex -0.86384311677384218 0.075576479782612171 -0.17999999999999999
      vertex -0.8671428571428571 1.0619437244034906e-16 -0.17999999999999999
      vertex -0.97449882044560943 1.1934168612315868e-16 -0.17999999999999999
    endloop
  endfacet
  facet normal 2.3005591214713569e-16 -3.368375838053849e-16 -1
    outer loop
      vertex -0.86384311677384218 0.075576479782612171 -0.17999999999999999
      vertex -0.97449882044560943 1.1934168612315868e-16 -0.17999999999999999
      vertex -0.97079055822457605 0.08493316850265388 -0.18000000000000002
    endloop
  endfacet
  facet normal 0 -0 -1
    outer loop
      vertex -0.8671428571428571 1.0619437244034906e-16 -0.17999999999999999
      vertex -0.86384311677384218 -0.075576479782611963 -0.17999999999999999
      vertex -0.97079055822457583 -0.084933168502653644 -0.17999999999999999
    endloop
  endfacet
  facet normal -0 0 -1
    outer loop
      vertex -0.8671428571428571 1.0619437244034906e-16 -0.17999999999999999
      vertex -0.97079055822457583 -0.084933168502653644 -0.17999999999999999
      vertex -0.97449882044560943 1.1934168612315868e-16 -0.17999999999999999
    endloop
  endfacet
  facet normal 0 0 -1
    outer loop
      vertex -0.86384311677384218 -0.075576479782611963 -0.17999999999999999
      vertex -0.89015313593506795 -0.15695801482760202 -0.17999999999999999
      vertex -0.97079055822457583 -0.084933168502653644 -0.17999999999999999
    endloop
  endfacet
  facet normal -7.2282204775212185e-17 7.8859635874402004e-16 -1
    outer loop
      vertex -0.78278753048016991 -0.45194259144100868 -0.17999999999999994
      vertex -0.6825901081169482 -0.47795473921086756 -0.17999999999999997
      vertex -0.79826270092523222 -0.55894956065949031 -0.18000000000000002
    endloop
  endfacet
  facet normal 3.1214789757077708e-16 2.395732743469284e-16 -1
    outer loop
      vertex -0.6825901081169482 -0.47795473921086756 -0.17999999999999997
      vertex -0.69241622156435056 -0.58100619613581173 -0.17999999999999999
      vertex -0.79826270092523222 -0.55894956065949031 -0.18000000000000002
    endloop
  endfacet
  facet normal -2.2984304961889153e-16 4.7655422432207439e-16 -1
    outer loop
      vertex -0.58100619613581239 -0.69241622156435023 -0.17999999999999997
      vertex -0.49737270980726384 -0.71032184411916888 -0.17999999999999999
      vertex -0.55894956065949009 -0.79826270092523244 -0.18000000000000002
    endloop
  endfacet
  facet normal 0 0 -1
    outer loop
      vertex -0.49737270980726384 -0.71032184411916888 -0.17999999999999999
      vertex -0.43357142857142894 -0.7509677429959345 -0.17999999999999999
      vertex -0.48724941022280505 -0.84394073446386786 -0.17999999999999999
    endloop
  endfacet
  facet normal 4.0673786059840402e-16 3.0815472307526416e-17 -1
    outer loop
      vertex -0.49737270980726384 -0.71032184411916888 -0.17999999999999999
      vertex -0.48724941022280505 -0.84394073446386786 -0.17999999999999999
      vertex -0.55894956065949009 -0.79826270092523244 -0.18000000000000002
    endloop
  endfacet
  facet normal 1.1949320617449261e-16 2.2954431335568141e-16 -1
    outer loop
      vertex -0.43357142857142894 -0.7509677429959345 -0.17999999999999999
      vertex -0.36647040696657834 -0.78589832390178049 -0.17999999999999999
      vertex -0.41184099756508591 -0.88319586942788564 -0.18000000000000002
    endloop
  endfacet
  facet normal -2.830111486897316e-16 1.6339656287968174e-16 -1
    outer loop
      vertex -0.43357142857142894 -0.7509677429959345 -0.17999999999999999
      vertex -0.41184099756508591 -0.88319586942788564 -0.18000000000000002
      vertex -0.48724941022280505 -0.84394073446386786 -0.17999999999999999
    endloop
  endfacet
  facet normal 2.0831653467088591e-16 1.8812531505499592e-16 -1
    outer loop
      vertex -0.36647040696657834 -0.78589832390178049 -0.17999999999999999
      vertex -0.30914693979925556 -0.84937423639195264 -0.17999999999999999
      vertex -0.41184099756508591 -0.88319586942788564 -0.18000000000000002
    endloop
  endfacet
  facet normal 8.4694264403543002e-16 1.0967093043942181e-16 -1
    outer loop
      vertex 0.30914693979925595 -0.84937423639195253 -0.18000000000000005
      vertex 0.3664704069665774 -0.78589832390178094 -0.17999999999999999
      vertex 0.4118409975650848 -0.88319586942788619 -0.17999999999999997
    endloop
  endfacet
  facet normal 1.1949320617449256e-16 -2.2954431335568131e-16 -1
    outer loop
      vertex 0.3664704069665774 -0.78589832390178094 -0.17999999999999999
      vertex 0.433571428571428 -0.75096774299593494 -0.17999999999999999
      vertex 0.48724941022280405 -0.84394073446386841 -0.17999999999999997
    endloop
  endfacet
  facet normal 1.1949320617449256e-16 -2.2954431335568136e-16 -1
    outer loop
      vertex 0.3664704069665774 -0.78589832390178094 -0.17999999999999999
      vertex 0.48724941022280405 -0.84394073446386841 -0.17999999999999997
      vertex 0.4118409975650848 -0.88319586942788619 -0.17999999999999997
    endloop
  endfacet
  facet normal -1.3904460357302936e-16 2.1825630880460312e-16 -1
    outer loop
      vertex 0.433571428571428 -0.75096774299593494 -0.17999999999999999
      vertex 0.49737270980726417 -0.71032184411916854 -0.17999999999999999
      vertex 0.55894956065949053 -0.79826270092523188 -0.18000000000000002
    endloop
  endfacet
  facet normal -4.2697769380642738e-16 -5.4504943456396172e-16 -1
    outer loop
      vertex 0.433571428571428 -0.75096774299593494 -0.17999999999999999
      vertex 0.55894956065949053 -0.79826270092523188 -0.18000000000000002
      vertex 0.48724941022280405 -0.84394073446386841 -0.17999999999999997
    endloop
  endfacet
  facet normal -5.8763034597133778e-17 2.7447006858082813e-16 -1
    outer loop
      vertex 0.49737270980726417 -0.71032184411916854 -0.17999999999999999
      vertex 0.58100619613581206 -0.69241622156435034 -0.17999999999999999
      vertex 0.55894956065949053 -0.79826270092523188 -0.18000000000000002
    endloop
  endfacet
  facet normal 0 0 -1
    outer loop
      vertex 0.58100619613581206 -0.69241622156435034 -0.17999999999999999
      vertex 0.5892240611317715 -0.58922406113177173 -0.17999999999999999
      vertex 0.68907472419538207 -0.68907472419538229 -0.17999999999999999
    endloop
  endfacet
  facet normal 0 0 -1
    outer loop
      vertex 0.5892240611317715 -0.58922406113177173 -0.17999999999999999
      vertex 0.69241622156435023 -0.58100619613581239 -0.17999999999999999
      vertex 0.68907472419538207 -0.68907472419538229 -0.17999999999999999
    endloop
  endfacet
  facet normal 3.0706970466238853e-17 3.5098227848845728e-16 -1
    outer loop
      vertex 0.89015313593506784 -0.15695801482760235 -0.18000000000000002
      vertex 0.86384311677384218 -0.075576479782612282 -0.17999999999999999
      vertex 0.97079055822457594 -0.084933168502654005 -0.17999999999999999
    endloop
  endfacet
  facet normal 0 0 -1
    outer loop
      vertex 0.86384311677384218 -0.075576479782612282 -0.17999999999999999
      vertex 0.8671428571428571 0 -0.17999999999999999
      vertex 0.97449882044560943 0 -0.17999999999999999
    endloop
  endfacet
  facet normal 0 0 -1
    outer loop
      vertex 0.86384311677384218 -0.075576479782612282 -0.17999999999999999
      vertex 0.97449882044560943 0 -0.17999999999999999
      vertex 0.97079055822457594 -0.084933168502654005 -0.17999999999999999
    endloop
  endfacet
  facet normal 0 0 -1
    outer loop
      vertex 0.97079055822457594 0.084933168502653866 -0.18000000000000002
      vertex 0.89015313593506784 0.1569580148276023 -0.18000000000000002
      vertex 1.029248279797311 0.18148424157604121 -0.18000000000000002
    endloop
  endfacet
  facet normal 1.0084905072509253e-16 3.828914256014833e-16 -1
    outer loop
      vertex 0.89015313593506784 0.1569580148276023 -0.18000000000000002
      vertex 0.8730860421457578 0.23394269991584096 -0.17999999999999999
      vertex 1.0095142854825754 0.27049853754273795 -0.17999999999999997
    endloop
  endfacet
  facet normal -1.0582438785742507e-16 6.0015992692798817e-16 -1
    outer loop
      vertex 0.89015313593506784 0.1569580148276023 -0.18000000000000002
      vertex 1.0095142854825754 0.27049853754273795 -0.17999999999999997
      vertex 1.029248279797311 0.18148424157604121 -0.18000000000000002
    endloop
  endfacet
  facet normal 4.9569286806000688e-16 -2.1277793166249969e-16 -1
    outer loop
      vertex 0.8730860421457578 0.23394269991584096 -0.17999999999999999
      vertex 0.84937423639195264 0.30914693979925573 -0.18000000000000002
      vertex 0.98209727789392587 0.35745417630725185 -0.17999999999999997
    endloop
  endfacet
  facet normal 1.8759565703664093e-16 5.91486834626098e-17 -1
    outer loop
      vertex 0.8730860421457578 0.23394269991584096 -0.17999999999999999
      vertex 0.98209727789392587 0.35745417630725185 -0.17999999999999997
      vertex 1.0095142854825754 0.27049853754273795 -0.17999999999999997
    endloop
  endfacet
  facet normal 3.2828528738002031e-17 3.9458669837208975e-16 -1
    outer loop
      vertex 0.84937423639195264 0.30914693979925573 -0.18000000000000002
      vertex 0.81919817983301835 0.38199838480277226 -0.17999999999999999
      vertex 0.94720591701395362 0.44168937295333471 -0.17999999999999997
    endloop
  endfacet
  facet normal 3.6345330297041814e-16 1.5054728737964502e-16 -1
    outer loop
      vertex 0.84937423639195264 0.30914693979925573 -0.18000000000000002
      vertex 0.94720591701395362 0.44168937295333471 -0.17999999999999997
      vertex 0.98209727789392587 0.35745417630725185 -0.17999999999999997
    endloop
  endfacet
  facet normal 1.7616148688643847e-16 -3.0512064562419018e-16 -1
    outer loop
      vertex 0.81919817983301835 0.38199838480277226 -0.17999999999999999
      vertex 0.78278753048017002 0.45194259144100851 -0.18000000000000002
      vertex 0.90510574716693526 0.52256304677190735 -0.18000000000000002
    endloop
  endfacet
  facet normal 4.3202592486544176e-16 -4.6149488027260069e-16 -1
    outer loop
      vertex 0.81919817983301835 0.38199838480277226 -0.17999999999999999
      vertex 0.90510574716693526 0.52256304677190735 -0.18000000000000002
      vertex 0.94720591701395362 0.44168937295333471 -0.17999999999999997
    endloop
  endfacet
  facet normal -3.61894714827558e-17 3.9429265398316432e-16 -1
    outer loop
      vertex 0.78278753048017002 0.45194259144100851 -0.18000000000000002
      vertex 0.74041939536033352 0.51844724206798087 -0.17999999999999999
      vertex 0.8561171760661842 0.5994597002723514 -0.17999999999999997
    endloop
  endfacet
  facet normal -3.0470918059504155e-16 5.2777178232329296e-16 -1
    outer loop
      vertex 0.78278753048017002 0.45194259144100851 -0.18000000000000002
      vertex 0.8561171760661842 0.5994597002723514 -0.17999999999999997
      vertex 0.90510574716693526 0.52256304677190735 -0.18000000000000002
    endloop
  endfacet
  facet normal 3.8252105556252957e-16 -1.5015198135590438e-16 -1
    outer loop
      vertex 0.74041939536033352 0.51844724206798087 -0.17999999999999999
      vertex 0.69241622156435034 0.58100619613581206 -0.18000000000000002
      vertex 0.80061303631788461 0.67179410349005919 -0.17999999999999999
    endloop
  endfacet
  facet normal 3.3082621934255985e-16 -1.2986007331209061e-16 -1
    outer loop
      vertex 0.74041939536033352 0.51844724206798087 -0.17999999999999999
      vertex 0.80061303631788461 0.67179410349005919 -0.17999999999999999
      vertex 0.8561171760661842 0.5994597002723514 -0.17999999999999997
    endloop
  endfacet
  facet normal -6.4328201884256701e-16 3.6537166494316317e-16 -1
    outer loop
      vertex 0.69241622156435034 0.58100619613581206 -0.18000000000000002
      vertex 0.63914334222991687 0.63914334222991687 -0.17999999999999997
      vertex 0.7390157479398376 0.7390157479398376 -0.17999999999999999
    endloop
  endfacet
  facet normal 1.4502209099734551e-16 1.3288826290205866e-16 -1
    outer loop
      vertex 0.69241622156435034 0.58100619613581206 -0.18000000000000002
      vertex 0.7390157479398376 0.7390157479398376 -0.17999999999999999
      vertex 0.80061303631788461 0.67179410349005919 -0.17999999999999999
    endloop
  endfacet
  facet normal 4.027833191439242e-16 -8.1446751151775801e-17 -1
    outer loop
      vertex 0.63914334222991687 0.63914334222991687 -0.17999999999999997
      vertex 0.58100619613581217 0.69241622156435045 -0.17999999999999999
      vertex 0.67179410349005941 0.80061303631788461 -0.17999999999999997
    endloop
  endfacet
  facet normal -3.4835019079060931e-16 7.0439836891205468e-17 -1
    outer loop
      vertex 0.63914334222991687 0.63914334222991687 -0.17999999999999997
      vertex 0.67179410349005941 0.80061303631788461 -0.17999999999999997
      vertex 0.7390157479398376 0.7390157479398376 -0.17999999999999999
    endloop
  endfacet
  facet normal 4.9523807800256385e-16 -1.5902550521064483e-16 -1
    outer loop
      vertex 0.58100619613581217 0.69241622156435045 -0.17999999999999999
      vertex 0.55894956065949064 0.79826270092523199 -0.18000000000000002
      vertex 0.67179410349005941 0.80061303631788461 -0.17999999999999997
    endloop
  endfacet
  facet normal -2.2883101123591487e-16 -1.2583634044615676e-16 -1
    outer loop
      vertex 0.41184099756508541 0.88319586942788597 -0.17999999999999999
      vertex 0.30914693979925589 0.84937423639195264 -0.17999999999999997
      vertex 0.3574541763072519 0.98209727789392576 -0.17999999999999999
    endloop
  endfacet
  facet normal 7.3978440258698509e-16 5.2198657574874097e-18 -1
    outer loop
      vertex 0.30914693979925589 0.84937423639195264 -0.17999999999999997
      vertex 0.23394269991584113 0.8730860421457578 -0.18000000000000002
      vertex 0.27049853754273823 1.0095142854825754 -0.17999999999999999
    endloop
  endfacet
  facet normal -5.9148683462610195e-17 -1.8759565703664093e-16 -1
    outer loop
      vertex 0.30914693979925589 0.84937423639195264 -0.17999999999999997
      vertex 0.27049853754273823 1.0095142854825754 -0.17999999999999999
      vertex 0.3574541763072519 0.98209727789392576 -0.17999999999999999
    endloop
  endfacet
  facet normal -3.4697039613584544e-16 6.1180242345853789e-17 -1
    outer loop
      vertex 0.23394269991584113 0.8730860421457578 -0.18000000000000002
      vertex 0.15695801482760241 0.89015313593506795 -0.17999999999999999
      vertex 0.18148424157604132 1.0292482797973108 -0.17999999999999999
    endloop
  endfacet
  facet normal 4.2573566039295141e-17 1.9203694636466909e-16 -1
    outer loop
      vertex 0.23394269991584113 0.8730860421457578 -0.18000000000000002
      vertex 0.18148424157604132 1.0292482797973108 -0.17999999999999999
      vertex 0.27049853754273823 1.0095142854825754 -0.17999999999999999
    endloop
  endfacet
  facet normal -3.5098227848845624e-16 3.0706970466238717e-17 -1
    outer loop
      vertex 0.15695801482760241 0.89015313593506795 -0.17999999999999999
      vertex 0.078778784472685007 0.90044562687075325 -0.17999999999999997
      vertex 0.091088740947769628 1.0411490732256861 -0.17999999999999997
    endloop
  endfacet
  facet normal -3.0007996346399354e-16 5.2912193928712573e-17 -1
    outer loop
      vertex 0.15695801482760241 0.89015313593506795 -0.17999999999999999
      vertex 0.091088740947769628 1.0411490732256861 -0.17999999999999997
      vertex 0.18148424157604132 1.0292482797973108 -0.17999999999999999
    endloop
  endfacet
  facet normal 7.2180577180161055e-16 3.9302459160844349e-16 -1
    outer loop
      vertex 0.078778784472685007 0.90044562687075325 -0.17999999999999997
      vertex 5.5347004800659107e-17 0.90388518288201691 -0.18000000000000002
      vertex 6.3995516258190519e-17 1.0451260935438149 -0.17999999999999997
    endloop
  endfacet
  facet normal 0 0 -1
    outer loop
      vertex 0.078778784472685007 0.90044562687075325 -0.17999999999999997
      vertex 6.3995516258190519e-17 1.0451260935438149 -0.17999999999999997
      vertex 0.091088740947769628 1.0411490732256861 -0.17999999999999997
    endloop
  endfacet
  facet normal -8.5799121279285334e-18 1.9651229580422204e-16 -1
    outer loop
      vertex 5.5347004800659107e-17 0.90388518288201691 -0.18000000000000002
      vertex -0.078778784472684896 0.90044562687075314 -0.18000000000000002
      vertex -0.091088740947769503 1.0411490732256861 -0.17999999999999999
    endloop
  endfacet
  facet normal 2.8754935633918425e-16 3.9302459160844354e-16 -1
    outer loop
      vertex 5.5347004800659107e-17 0.90388518288201691 -0.18000000000000002
      vertex -0.091088740947769503 1.0411490732256861 -0.17999999999999999
      vertex 6.3995516258190519e-17 1.0451260935438149 -0.17999999999999997
    endloop
  endfacet
  facet normal -3.4697039613584524e-16 -6.1180242345853506e-17 -1
    outer loop
      vertex -0.078778784472684896 0.90044562687075314 -0.18000000000000002
      vertex -0.1569580148276023 0.89015313593506784 -0.17999999999999999
      vertex -0.18148424157604121 1.0292482797973113 -0.17999999999999999
    endloop
  endfacet
  facet normal -2.5674438071799805e-17 1.9501671857578348e-16 -1
    outer loop
      vertex -0.078778784472684896 0.90044562687075314 -0.18000000000000002
      vertex -0.18148424157604121 1.0292482797973113 -0.17999999999999999
      vertex -0.091088740947769503 1.0411490732256861 -0.17999999999999999
    endloop
  endfacet
  facet normal -2.9774429352289222e-16 -2.8322484200424555e-16 -1
    outer loop
      vertex -0.1569580148276023 0.89015313593506784 -0.17999999999999999
      vertex -0.2339426999158411 0.87308604214575802 -0.17999999999999997
      vertex -0.27049853754273812 1.0095142854825756 -0.17999999999999999
    endloop
  endfacet
  facet normal 0 0 -1
    outer loop
      vertex -0.1569580148276023 0.89015313593506784 -0.17999999999999999
      vertex -0.27049853754273812 1.0095142854825756 -0.17999999999999999
      vertex -0.18148424157604121 1.0292482797973113 -0.17999999999999999
    endloop
  endfacet
  facet normal 2.7192661512511031e-16 3.0809721102336635e-16 -1
    outer loop
      vertex -0.2339426999158411 0.87308604214575802 -0.17999999999999997
      vertex -0.3091469397992555 0.84937423639195275 -0.17999999999999999
      vertex -0.35745417630725163 0.98209727789392598 -0.17999999999999997
    endloop
  endfacet
  facet normal -2.3517778358152136e-16 -2.6646019619222137e-16 -1
    outer loop
      vertex -0.2339426999158411 0.87308604214575802 -0.17999999999999997
      vertex -0.35745417630725163 0.98209727789392598 -0.17999999999999997
      vertex -0.27049853754273812 1.0095142854825756 -0.17999999999999999
    endloop
  endfacet
  facet normal -2.2883101123591442e-16 1.2583634044615664e-16 -1
    outer loop
      vertex -0.3091469397992555 0.84937423639195275 -0.17999999999999999
      vertex -0.4118409975650853 0.88319586942788597 -0.17999999999999997
      vertex -0.35745417630725163 0.98209727789392598 -0.17999999999999997
    endloop
  endfacet
  facet normal -0 0 -1
    outer loop
      vertex -0.55894956065949064 0.79826270092523188 -0.17999999999999999
      vertex -0.58100619613581217 0.69241622156435023 -0.17999999999999999
      vertex -0.67179410349005941 0.80061303631788461 -0.17999999999999999
    endloop
  endfacet
  facet normal 9.9595139139046779e-17 9.3332620083725833e-16 -1
    outer loop
      vertex -0.58100619613581217 0.69241622156435023 -0.17999999999999999
      vertex -0.63914334222991687 0.63914334222991687 -0.18000000000000005
      vertex -0.73901574793983749 0.7390157479398376 -0.17999999999999997
    endloop
  endfacet
  facet normal -2.3342077456216919e-16 -1.9586328584423132e-16 -1
    outer loop
      vertex -0.58100619613581217 0.69241622156435023 -0.17999999999999999
      vertex -0.73901574793983749 0.7390157479398376 -0.17999999999999997
      vertex -0.67179410349005941 0.80061303631788461 -0.17999999999999999
    endloop
  endfacet
  facet normal -4.7080909560445019e-16 -1.4782450136736426e-15 -1
    outer loop
      vertex -0.63914334222991687 0.63914334222991687 -0.18000000000000005
      vertex -0.69241622156435034 0.58100619613581239 -0.17999999999999994
      vertex -0.80061303631788461 0.67179410349005952 -0.18000000000000002
    endloop
  endfacet
  facet normal -4.1424172149334488e-18 8.2958864448327814e-16 -1
    outer loop
      vertex -0.63914334222991687 0.63914334222991687 -0.18000000000000005
      vertex -0.80061303631788461 0.67179410349005952 -0.18000000000000002
      vertex -0.73901574793983749 0.7390157479398376 -0.17999999999999997
    endloop
  endfacet
  facet normal 6.0625246722374642e-16 8.6581825264808009e-16 -1
    outer loop
      vertex -0.69241622156435034 0.58100619613581239 -0.17999999999999994
      vertex -0.74041939536033363 0.51844724206798065 -0.18000000000000002
      vertex -0.85611717606618409 0.59945970027235129 -0.18000000000000002
    endloop
  endfacet
  facet normal 4.6815664024022758e-16 -3.5922922465788233e-16 -1
    outer loop
      vertex -0.69241622156435034 0.58100619613581239 -0.17999999999999994
      vertex -0.85611717606618409 0.59945970027235129 -0.18000000000000002
      vertex -0.80061303631788461 0.67179410349005952 -0.18000000000000002
    endloop
  endfacet
  facet normal -1.6589468425849381e-16 1.0568656976713546e-16 -1
    outer loop
      vertex -0.74041939536033363 0.51844724206798065 -0.18000000000000002
      vertex -0.7827875304801698 0.45194259144100885 -0.18000000000000002
      vertex -0.90510574716693526 0.52256304677190779 -0.17999999999999999
    endloop
  endfacet
  facet normal -1.7477400592915249e-16 -2.4960314819805289e-16 -1
    outer loop
      vertex -0.74041939536033363 0.51844724206798065 -0.18000000000000002
      vertex -0.90510574716693526 0.52256304677190779 -0.17999999999999999
      vertex -0.85611717606618409 0.59945970027235129 -0.18000000000000002
    endloop
  endfacet
  facet normal -2.9779624549441321e-16 -6.3862610936453211e-16 -1
    outer loop
      vertex -0.7827875304801698 0.45194259144100885 -0.18000000000000002
      vertex -0.81919817983301857 0.38199838480277232 -0.17999999999999997
      vertex -0.94720591701395385 0.44168937295333482 -0.17999999999999997
    endloop
  endfacet
  facet normal -3.2682918668394285e-16 -1.7306016512455916e-16 -1
    outer loop
      vertex -0.7827875304801698 0.45194259144100885 -0.18000000000000002
      vertex -0.94720591701395385 0.44168937295333482 -0.17999999999999997
      vertex -0.90510574716693526 0.52256304677190779 -0.17999999999999999
    endloop
  endfacet
  facet normal 3.6345330297041868e-16 -1.5054728737964452e-16 -1
    outer loop
      vertex -0.81919817983301857 0.38199838480277232 -0.17999999999999997
      vertex -0.84937423639195264 0.30914693979925589 -0.17999999999999997
      vertex -0.98209727789392576 0.35745417630725196 -0.18000000000000002
    endloop
  endfacet
  facet normal 2.5755132847901915e-16 5.5232060630968685e-16 -1
    outer loop
      vertex -0.81919817983301857 0.38199838480277232 -0.17999999999999997
      vertex -0.98209727789392576 0.35745417630725196 -0.18000000000000002
      vertex -0.94720591701395385 0.44168937295333482 -0.17999999999999997
    endloop
  endfacet
  facet normal 0 0 -1
    outer loop
      vertex -0.84937423639195264 0.30914693979925589 -0.17999999999999997
      vertex -0.87308604214575791 0.2339426999158408 -0.17999999999999997
      vertex -1.0095142854825756 0.27049853754273778 -0.17999999999999997
    endloop
  endfacet
  facet normal 1.6675795883375607e-16 -6.9096330390698114e-16 -1
    outer loop
      vertex -0.84937423639195264 0.30914693979925589 -0.17999999999999997
      vertex -1.0095142854825756 0.27049853754273778 -0.17999999999999997
      vertex -0.98209727789392576 0.35745417630725196 -0.18000000000000002
    endloop
  endfacet
  facet normal 6.1180242345853826e-17 3.4697039613584653e-16 -1
    outer loop
      vertex -0.87308604214575791 0.2339426999158408 -0.17999999999999997
      vertex -0.89015313593506784 0.15695801482760227 -0.17999999999999999
      vertex -1.029248279797311 0.18148424157604118 -0.17999999999999999
    endloop
  endfacet
  facet normal 7.8864539155580358e-17 2.9432646704413108e-16 -1
    outer loop
      vertex -0.87308604214575791 0.2339426999158408 -0.17999999999999997
      vertex -1.029248279797311 0.18148424157604118 -0.17999999999999999
      vertex -1.0095142854825756 0.27049853754273778 -0.17999999999999997
    endloop
  endfacet
  facet normal 5.6747030762193341e-17 3.2182840387891416e-16 -1
    outer loop
      vertex -0.89015313593506784 0.15695801482760227 -0.17999999999999999
      vertex -0.97079055822457605 0.08493316850265388 -0.18000000000000002
      vertex -1.029248279797311 0.18148424157604118 -0.17999999999999999
    endloop
  endfacet
  facet normal 0 -0 -1
    outer loop
      vertex -0.97079055822457583 -0.084933168502653644 -0.17999999999999999
      vertex -0.89015313593506795 -0.15695801482760202 -0.17999999999999999
      vertex -1.0292482797973113 -0.1814842415760409 -0.17999999999999999
    endloop
  endfacet
  facet normal -2.8322484200424471e-16 2.9774429352289237e-16 -1
    outer loop
      vertex -0.89015313593506795 -0.15695801482760202 -0.17999999999999999
      vertex -0.87308604214575791 -0.23394269991584063 -0.18000000000000002
      vertex -1.0095142854825758 -0.27049853754273756 -0.17999999999999999
    endloop
  endfacet
  facet normal 0 0 -1
    outer loop
      vertex -0.89015313593506795 -0.15695801482760202 -0.17999999999999999
      vertex -1.0095142854825758 -0.27049853754273756 -0.17999999999999999
      vertex -1.0292482797973113 -0.1814842415760409 -0.17999999999999999
    endloop
  endfacet
  facet normal -6.8328852509664766e-16 1.5362924819988931e-16 -1
    outer loop
      vertex -0.87308604214575791 -0.23394269991584063 -0.18000000000000002
      vertex -0.84937423639195275 -0.30914693979925567 -0.18000000000000005
      vertex -0.98209727789392598 -0.35745417630725179 -0.17999999999999997
    endloop
  endfacet
  facet normal -1.0873111788106077e-16 -3.5347515050673946e-16 -1
    outer loop
      vertex -0.87308604214575791 -0.23394269991584063 -0.18000000000000002
      vertex -0.98209727789392598 -0.35745417630725179 -0.17999999999999997
      vertex -1.0095142854825758 -0.27049853754273756 -0.17999999999999999
    endloop
  endfacet
  facet normal 2.9779624549441474e-16 -6.3862610936453832e-16 -1
    outer loop
      vertex -0.84937423639195275 -0.30914693979925567 -0.18000000000000005
      vertex -0.81919817983301868 -0.38199838480277182 -0.17999999999999999
      vertex -0.94720591701395418 -0.44168937295333416 -0.17999999999999999
    endloop
  endfacet
  facet normal -6.4939663207539165e-16 6.0512037421416967e-17 -1
    outer loop
      vertex -0.84937423639195275 -0.30914693979925567 -0.18000000000000005
      vertex -0.94720591701395418 -0.44168937295333416 -0.17999999999999999
      vertex -0.98209727789392598 -0.35745417630725179 -0.17999999999999997
    endloop
  endfacet
  facet normal 7.0127216654571827e-16 -4.2858983917420237e-16 -1
    outer loop
      vertex -0.81919817983301868 -0.38199838480277182 -0.17999999999999999
      vertex -0.78278753048016991 -0.45194259144100868 -0.17999999999999994
      vertex -0.90510574716693548 -0.52256304677190757 -0.17999999999999999
    endloop
  endfacet
  facet normal 0 0 -1
    outer loop
      vertex -0.81919817983301868 -0.38199838480277182 -0.17999999999999999
      vertex -0.90510574716693548 -0.52256304677190757 -0.17999999999999999
      vertex -0.94720591701395418 -0.44168937295333416 -0.17999999999999999
    endloop
  endfacet
  facet normal 4.9804682948395667e-18 7.7742275908474022e-16 -1
    outer loop
      vertex -0.78278753048016991 -0.45194259144100868 -0.17999999999999994
      vertex -0.79826270092523222 -0.55894956065949031 -0.18000000000000002
      vertex -0.90510574716693548 -0.52256304677190757 -0.17999999999999999
    endloop
  endfacet
  facet normal 2.6109163912706286e-16 -5.4380380723188672e-18 -1
    outer loop
      vertex -0.79826270092523222 -0.55894956065949031 -0.18000000000000002
      vertex -0.69241622156435056 -0.58100619613581173 -0.17999999999999999
      vertex -0.80061303631788494 -0.67179410349005886 -0.18000000000000002
    endloop
  endfacet
  facet normal 5.3917414591730046e-16 1.664656188150674e-17 -1
    outer loop
      vertex -0.69241622156435056 -0.58100619613581173 -0.17999999999999999
      vertex -0.63914334222991698 -0.63914334222991676 -0.17999999999999997
      vertex -0.73901574793983782 -0.7390157479398376 -0.18000000000000002
    endloop
  endfacet
  facet normal 1.4502209099734558e-16 1.3288826290205834e-16 -1
    outer loop
      vertex -0.69241622156435056 -0.58100619613581173 -0.17999999999999999
      vertex -0.73901574793983782 -0.7390157479398376 -0.18000000000000002
      vertex -0.80061303631788494 -0.67179410349005886 -0.18000000000000002
    endloop
  endfacet
  facet normal 0 -0 -1
    outer loop
      vertex -0.63914334222991698 -0.63914334222991676 -0.17999999999999997
      vertex -0.58100619613581239 -0.69241622156435023 -0.17999999999999997
      vertex -0.67179410349005941 -0.8006130363178845 -0.17999999999999997
    endloop
  endfacet
  facet normal 6.9670038158121724e-16 -1.408796737824102e-16 -1
    outer loop
      vertex -0.63914334222991698 -0.63914334222991676 -0.17999999999999997
      vertex -0.67179410349005941 -0.8006130363178845 -0.17999999999999997
      vertex -0.73901574793983782 -0.7390157479398376 -0.18000000000000002
    endloop
  endfacet
  facet normal -5.006761160748777e-16 4.2011714433770259e-16 -1
    outer loop
      vertex -0.58100619613581239 -0.69241622156435023 -0.17999999999999997
      vertex -0.55894956065949009 -0.79826270092523244 -0.18000000000000002
      vertex -0.67179410349005941 -0.8006130363178845 -0.17999999999999997
    endloop
  endfacet
  facet normal 3.070850887996318e-16 -1.1176983171005936e-16 -1
    outer loop
      vertex -0.41184099756508591 -0.88319586942788564 -0.18000000000000002
      vertex -0.30914693979925556 -0.84937423639195264 -0.17999999999999999
      vertex -0.35745417630725163 -0.98209727789392598 -0.17999999999999999
    endloop
  endfacet
  facet normal -5.9148683462610133e-17 -1.8759565703664068e-16 -1
    outer loop
      vertex -0.30914693979925556 -0.84937423639195264 -0.17999999999999999
      vertex -0.23394269991584085 -0.87308604214575791 -0.17999999999999999
      vertex -0.27049853754273784 -1.0095142854825756 -0.17999999999999997
    endloop
  endfacet
  facet normal 2.8633296849088164e-16 -1.0421667761976319e-16 -1
    outer loop
      vertex -0.30914693979925556 -0.84937423639195264 -0.17999999999999999
      vertex -0.27049853754273784 -1.0095142854825756 -0.17999999999999997
      vertex -0.35745417630725163 -0.98209727789392598 -0.17999999999999999
    endloop
  endfacet
  facet normal 0 0 -1
    outer loop
      vertex -0.23394269991584085 -0.87308604214575791 -0.17999999999999999
      vertex -0.15695801482760233 -0.89015313593506784 -0.17999999999999999
      vertex -0.18148424157604123 -1.029248279797311 -0.17999999999999999
    endloop
  endfacet
  facet normal -3.3690003308342635e-16 -1.1317240720908857e-16 -1
    outer loop
      vertex -0.23394269991584085 -0.87308604214575791 -0.17999999999999999
      vertex -0.18148424157604123 -1.029248279797311 -0.17999999999999999
      vertex -0.27049853754273784 -1.0095142854825756 -0.17999999999999997
    endloop
  endfacet
  facet normal -7.5331343312051501e-16 -3.2861949621908927e-16 -1
    outer loop
      vertex -0.15695801482760233 -0.89015313593506784 -0.17999999999999999
      vertex -0.078778784472685104 -0.90044562687075314 -0.18000000000000005
      vertex -0.091088740947769739 -1.0411490732256861 -0.17999999999999999
    endloop
  endfacet
  facet normal 0 -0 -1
    outer loop
      vertex -0.15695801482760233 -0.89015313593506784 -0.17999999999999999
      vertex -0.091088740947769739 -1.0411490732256861 -0.17999999999999999
      vertex -0.18148424157604123 -1.029248279797311 -0.17999999999999999
    endloop
  endfacet
  facet normal 3.3516314951702004e-16 -3.9302459160844364e-16 -1
    outer loop
      vertex -0.078778784472685104 -0.90044562687075314 -0.18000000000000005
      vertex -1.6604101440197731e-16 -0.90388518288201691 -0.18000000000000002
      vertex -1.9198654877457153e-16 -1.0451260935438149 -0.17999999999999997
    endloop
  endfacet
  facet normal 2.8638984591280336e-16 -4.1958174656523517e-16 -1
    outer loop
      vertex -0.078778784472685104 -0.90044562687075314 -0.18000000000000005
      vertex -1.9198654877457153e-16 -1.0451260935438149 -0.17999999999999997
      vertex -0.091088740947769739 -1.0411490732256861 -0.17999999999999999
    endloop
  endfacet
  facet normal -3.3382245423260022e-16 -4.2373156207468278e-16 -1
    outer loop
      vertex -1.6604101440197731e-16 -0.90388518288201691 -0.18000000000000002
      vertex 0.078778784472684785 -0.90044562687075314 -0.18000000000000005
      vertex 0.091088740947769378 -1.0411490732256861 -0.17999999999999999
    endloop
  endfacet
  facet normal -2.8754935633918425e-16 -3.9302459160844354e-16 -1
    outer loop
      vertex -1.6604101440197731e-16 -0.90388518288201691 -0.18000000000000002
      vertex 0.091088740947769378 -1.0411490732256861 -0.17999999999999999
      vertex -1.9198654877457153e-16 -1.0451260935438149 -0.17999999999999997
    endloop
  endfacet
  facet normal 6.9394079227169236e-16 1.2236048469170718e-16 -1
    outer loop
      vertex 0.078778784472684785 -0.90044562687075314 -0.18000000000000005
      vertex 0.15695801482760199 -0.89015313593506795 -0.17999999999999999
      vertex 0.18148424157604084 -1.0292482797973113 -0.17999999999999999
    endloop
  endfacet
  facet normal 5.1348876143599739e-17 -3.9003343715156696e-16 -1
    outer loop
      vertex 0.078778784472684785 -0.90044562687075314 -0.18000000000000005
      vertex 0.18148424157604084 -1.0292482797973113 -0.17999999999999999
      vertex 0.091088740947769378 -1.0411490732256861 -0.17999999999999999
    endloop
  endfacet
  facet normal -2.9774429352289276e-16 -2.8322484200424516e-16 -1
    outer loop
      vertex 0.15695801482760199 -0.89015313593506795 -0.17999999999999999
      vertex 0.23394269991584057 -0.87308604214575802 -0.18000000000000002
      vertex 0.27049853754273756 -1.0095142854825758 -0.17999999999999999
    endloop
  endfacet
  facet normal 0 0 -1
    outer loop
      vertex 0.15695801482760199 -0.89015313593506795 -0.17999999999999999
      vertex 0.27049853754273756 -1.0095142854825758 -0.17999999999999999
      vertex 0.18148424157604084 -1.0292482797973113 -0.17999999999999999
    endloop
  endfacet
  facet normal -1.5362924819988628e-16 -6.8328852509664549e-16 -1
    outer loop
      vertex 0.23394269991584057 -0.87308604214575802 -0.18000000000000002
      vertex 0.30914693979925595 -0.84937423639195253 -0.18000000000000005
      vertex 0.35745417630725218 -0.98209727789392598 -0.17999999999999997
    endloop
  endfacet
  facet normal 3.5347515050673798e-16 -1.087311178810611e-16 -1
    outer loop
      vertex 0.23394269991584057 -0.87308604214575802 -0.18000000000000002
      vertex 0.35745417630725218 -0.98209727789392598 -0.17999999999999997
      vertex 0.27049853754273756 -1.0095142854825758 -0.17999999999999999
    endloop
  endfacet
  facet normal 6.8649303370774909e-16 -3.7750902133846653e-16 -1
    outer loop
      vertex 0.30914693979925595 -0.84937423639195253 -0.18000000000000005
      vertex 0.4118409975650848 -0.88319586942788619 -0.17999999999999997
      vertex 0.35745417630725218 -0.98209727789392598 -0.17999999999999997
    endloop
  endfacet
  facet normal 5.4380380723196345e-18 2.6109163912706296e-16 -1
    outer loop
      vertex 0.55894956065949053 -0.79826270092523188 -0.18000000000000002
      vertex 0.58100619613581206 -0.69241622156435034 -0.17999999999999999
      vertex 0.67179410349005919 -0.80061303631788494 -0.18000000000000002
    endloop
  endfacet
  facet normal -7.7313178228969476e-18 2.5004123745254444e-16 -1
    outer loop
      vertex 0.58100619613581206 -0.69241622156435034 -0.17999999999999999
      vertex 0.68907472419538207 -0.68907472419538229 -0.17999999999999999
      vertex 0.67179410349005919 -0.80061303631788494 -0.18000000000000002
    endloop
  endfacet
  facet normal -2.5004123745254518e-16 7.7313178228972357e-18 -1
    outer loop
      vertex 0.68907472419538207 -0.68907472419538229 -0.17999999999999999
      vertex 0.69241622156435023 -0.58100619613581239 -0.17999999999999999
      vertex 0.80061303631788439 -0.67179410349005964 -0.18000000000000002
    endloop
  endfacet
  facet normal 0 0 -1
    outer loop
      vertex 0.69241622156435023 -0.58100619613581239 -0.17999999999999999
      vertex 0.74041939536033341 -0.51844724206798121 -0.17999999999999999
      vertex 0.85611717606618398 -0.59945970027235196 -0.17999999999999999
    endloop
  endfacet
  facet normal 3.9811072430822653e-17 3.5316384944813017e-16 -1
    outer loop
      vertex 0.69241622156435023 -0.58100619613581239 -0.17999999999999999
      vertex 0.85611717606618398 -0.59945970027235196 -0.17999999999999999
      vertex 0.80061303631788439 -0.67179410349005964 -0.18000000000000002
    endloop
  endfacet
  facet normal 1.6589468425849408e-16 -1.0568656976713516e-16 -1
    outer loop
      vertex 0.74041939536033341 -0.51844724206798121 -0.17999999999999999
      vertex 0.78278753048017014 -0.45194259144100823 -0.17999999999999999
      vertex 0.90510574716693559 -0.52256304677190712 -0.17999999999999997
    endloop
  endfacet
  facet normal 1.7477400592914995e-16 2.4960314819804919e-16 -1
    outer loop
      vertex 0.74041939536033341 -0.51844724206798121 -0.17999999999999999
      vertex 0.90510574716693559 -0.52256304677190712 -0.17999999999999997
      vertex 0.85611717606618398 -0.59945970027235196 -0.17999999999999999
    endloop
  endfacet
  facet normal -2.5576473639213694e-17 4.1013878071935715e-16 -1
    outer loop
      vertex 0.78278753048017014 -0.45194259144100823 -0.17999999999999999
      vertex 0.81919817983301824 -0.38199838480277271 -0.17999999999999997
      vertex 0.94720591701395362 -0.44168937295333527 -0.17999999999999999
    endloop
  endfacet
  facet normal 2.2120006088900303e-17 -3.5471161719873585e-16 -1
    outer loop
      vertex 0.78278753048017014 -0.45194259144100823 -0.17999999999999999
      vertex 0.94720591701395362 -0.44168937295333527 -0.17999999999999999
      vertex 0.90510574716693559 -0.52256304677190712 -0.17999999999999997
    endloop
  endfacet
  facet normal -1.2050155398672397e-16 -3.3107529858771667e-16 -1
    outer loop
      vertex 0.81919817983301824 -0.38199838480277271 -0.17999999999999997
      vertex 0.84937423639195264 -0.30914693979925562 -0.17999999999999999
      vertex 0.98209727789392598 -0.35745417630725168 -0.17999999999999999
    endloop
  endfacet
  facet normal -1.8172665148520899e-16 7.5273643689822077e-17 -1
    outer loop
      vertex 0.81919817983301824 -0.38199838480277271 -0.17999999999999997
      vertex 0.98209727789392598 -0.35745417630725168 -0.17999999999999999
      vertex 0.94720591701395362 -0.44168937295333527 -0.17999999999999999
    endloop
  endfacet
  facet normal 0 0 -1
    outer loop
      vertex 0.84937423639195264 -0.30914693979925562 -0.17999999999999999
      vertex 0.87308604214575791 -0.23394269991584096 -0.17999999999999999
      vertex 1.0095142854825756 -0.27049853754273789 -0.17999999999999999
    endloop
  endfacet
  facet normal 0 0 -1
    outer loop
      vertex 0.84937423639195264 -0.30914693979925562 -0.17999999999999999
      vertex 1.0095142854825756 -0.27049853754273789 -0.17999999999999999
      vertex 0.98209727789392598 -0.35745417630725168 -0.17999999999999999
    endloop
  endfacet
  facet normal 3.2289365038348362e-16 -4.3211752821443682e-16 -1
    outer loop
      vertex 0.87308604214575791 -0.23394269991584096 -0.17999999999999999
      vertex 0.89015313593506784 -0.15695801482760235 -0.18000000000000002
      vertex 1.0292482797973113 -0.18148424157604132 -0.17999999999999997
    endloop
  endfacet
  facet normal 7.886453915558021e-17 2.9432646704413103e-16 -1
    outer loop
      vertex 0.87308604214575791 -0.23394269991584096 -0.17999999999999999
      vertex 1.0292482797973113 -0.18148424157604132 -0.17999999999999997
      vertex 1.0095142854825756 -0.27049853754273789 -0.17999999999999999
    endloop
  endfacet
  facet normal 3.9003891556499857e-16 -5.1317806517101426e-17 -1
    outer loop
      vertex 0.89015313593506784 -0.15695801482760235 -0.18000000000000002
      vertex 0.97079055822457594 -0.084933168502654005 -0.17999999999999999
      vertex 1.0292482797973113 -0.18148424157604132 -0.17999999999999997
    endloop
  endfacet
  facet normal 2.9335830149476378e-16 -3.1398482570606157e-16 -1
    outer loop
      vertex 0.97449882044560943 0 -0.17999999999999999
      vertex 0.97079055822457594 0.084933168502653866 -0.18000000000000002
      vertex 1.075178706297591 0.094065948065508193 -0.17999999999999999
    endloop
  endfacet
  facet normal 0 0 -1
    outer loop
      vertex 0.97449882044560943 0 -0.17999999999999999
      vertex 1.075178706297591 0.094065948065508193 -0.17999999999999999
      vertex 1.0792857142857142 0 -0.17999999999999999
    endloop
  endfacet
  facet normal 2.8076028674593639e-16 -1.6998885821600542e-16 -1
    outer loop
      vertex 0.97079055822457594 0.084933168502653866 -0.18000000000000002
      vertex 1.029248279797311 0.18148424157604121 -0.18000000000000002
      vertex 1.075178706297591 0.094065948065508193 -0.17999999999999999
    endloop
  endfacet
  facet normal 4.9237177019369999e-16 -2.1408042054514732e-17 -1
    outer loop
      vertex 0.67179410349005941 0.80061303631788461 -0.17999999999999997
      vertex 0.55894956065949064 0.79826270092523199 -0.18000000000000002
      vertex 0.61905285380459329 0.88409909922904739 -0.17999999999999999
    endloop
  endfacet
  facet normal 1.4245357230847443e-16 2.2360731786147647e-16 -1
    outer loop
      vertex 0.55894956065949064 0.79826270092523199 -0.18000000000000002
      vertex 0.48724941022280471 0.84394073446386786 -0.18000000000000002
      vertex 0.5396428571428572 0.93468884651306183 -0.17999999999999999
    endloop
  endfacet
  facet normal 1.4245357230847507e-16 2.2360731786147657e-16 -1
    outer loop
      vertex 0.55894956065949064 0.79826270092523199 -0.18000000000000002
      vertex 0.5396428571428572 0.93468884651306183 -0.17999999999999999
      vertex 0.61905285380459329 0.88409909922904739 -0.17999999999999999
    endloop
  endfacet
  facet normal -2.9617515462575733e-16 1.3810874275723156e-16 -1
    outer loop
      vertex 0.48724941022280471 0.84394073446386786 -0.18000000000000002
      vertex 0.41184099756508541 0.88319586942788597 -0.17999999999999999
      vertex 0.4561258524929977 0.97816504729455567 -0.17999999999999999
    endloop
  endfacet
  facet normal 1.2242283158590295e-16 2.3517207140972072e-16 -1
    outer loop
      vertex 0.48724941022280471 0.84394073446386786 -0.18000000000000002
      vertex 0.4561258524929977 0.97816504729455567 -0.17999999999999999
      vertex 0.5396428571428572 0.93468884651306183 -0.17999999999999999
    endloop
  endfacet
  facet normal 0 0 -1
    outer loop
      vertex 0.41184099756508541 0.88319586942788597 -0.17999999999999999
      vertex 0.3574541763072519 0.98209727789392576 -0.17999999999999999
      vertex 0.4561258524929977 0.97816504729455567 -0.17999999999999999
    endloop
  endfacet
  facet normal 2.8759481294834015e-16 -1.5815111158778185e-16 -1
    outer loop
      vertex -0.35745417630725163 0.98209727789392598 -0.17999999999999997
      vertex -0.4118409975650853 0.88319586942788597 -0.17999999999999997
      vertex -0.45612585249299759 0.97816504729455578 -0.17999999999999999
    endloop
  endfacet
  facet normal -3.8165485517925227e-17 -6.3374070569912452e-16 -1
    outer loop
      vertex -0.4118409975650853 0.88319586942788597 -0.17999999999999997
      vertex -0.48724941022280444 0.84394073446386819 -0.17999999999999994
      vertex -0.53964285714285687 0.93468884651306194 -0.17999999999999999
    endloop
  endfacet
  facet normal 1.2242283158590332e-16 -2.3517207140972077e-16 -1
    outer loop
      vertex -0.4118409975650853 0.88319586942788597 -0.17999999999999997
      vertex -0.53964285714285687 0.93468884651306194 -0.17999999999999999
      vertex -0.45612585249299759 0.97816504729455578 -0.17999999999999999
    endloop
  endfacet
  facet normal 5.3538651405074064e-16 3.748816729941466e-16 -1
    outer loop
      vertex -0.48724941022280444 0.84394073446386819 -0.17999999999999994
      vertex -0.55894956065949064 0.79826270092523188 -0.17999999999999999
      vertex -0.61905285380459329 0.88409909922904739 -0.17999999999999999
    endloop
  endfacet
  facet normal 2.8490714461694995e-16 -4.4721463572295362e-16 -1
    outer loop
      vertex -0.48724941022280444 0.84394073446386819 -0.17999999999999994
      vertex -0.61905285380459329 0.88409909922904739 -0.17999999999999999
      vertex -0.53964285714285687 0.93468884651306194 -0.17999999999999999
    endloop
  endfacet
  facet normal 0 0 -1
    outer loop
      vertex -0.55894956065949064 0.79826270092523188 -0.17999999999999999
      vertex -0.67179410349005941 0.80061303631788461 -0.17999999999999999
      vertex -0.61905285380459329 0.88409909922904739 -0.17999999999999999
    endloop
  endfacet
  facet normal -2.542031317891455e-16 1.3356081195265554e-16 -1
    outer loop
      vertex -1.029248279797311 0.18148424157604118 -0.17999999999999999
      vertex -0.97079055822457605 0.08493316850265388 -0.18000000000000002
      vertex -1.075178706297591 0.09406594806550822 -0.17999999999999999
    endloop
  endfacet
  facet normal -4.3279893984271705e-32 -3.2679312575936324e-16 -1
    outer loop
      vertex -0.97079055822457605 0.08493316850265388 -0.18000000000000002
      vertex -0.97449882044560943 1.1934168612315868e-16 -0.17999999999999999
      vertex -1.0792857142857142 1.3217437953654647e-16 -0.17999999999999999
    endloop
  endfacet
  facet normal -2.6487640389437805e-16 1.1564753548244213e-17 -1
    outer loop
      vertex -0.97079055822457605 0.08493316850265388 -0.18000000000000002
      vertex -1.0792857142857142 1.3217437953654647e-16 -0.17999999999999999
      vertex -1.075178706297591 0.09406594806550822 -0.17999999999999999
    endloop
  endfacet
  facet normal 0 -0 -1
    outer loop
      vertex -0.97449882044560943 1.1934168612315868e-16 -0.17999999999999999
      vertex -0.97079055822457583 -0.084933168502653644 -0.17999999999999999
      vertex -1.075178706297591 -0.094065948065507957 -0.17999999999999999
    endloop
  endfacet
  facet normal -0 0 -1
    outer loop
      vertex -0.97449882044560943 1.1934168612315868e-16 -0.17999999999999999
      vertex -1.075178706297591 -0.094065948065507957 -0.17999999999999999
      vertex -1.0792857142857142 1.3217437953654647e-16 -0.17999999999999999
    endloop
  endfacet
  facet normal 0 0 -1
    outer loop
      vertex -0.97079055822457583 -0.084933168502653644 -0.17999999999999999
      vertex -1.0292482797973113 -0.1814842415760409 -0.17999999999999999
      vertex -1.075178706297591 -0.094065948065507957 -0.17999999999999999
    endloop
  endfacet
  facet normal -2.8058213159335637e-16 -6.1085105642787116e-17 -1
    outer loop
      vertex -0.90510574716693548 -0.52256304677190757 -0.17999999999999999
      vertex -0.79826270092523222 -0.55894956065949031 -0.18000000000000002
      vertex -0.88409909922904772 -0.61905285380459296 -0.17999999999999999
    endloop
  endfacet
  facet normal -3.2813996980378741e-16 6.8345262024041489e-18 -1
    outer loop
      vertex -0.79826270092523222 -0.55894956065949031 -0.18000000000000002
      vertex -0.80061303631788494 -0.67179410349005886 -0.18000000000000002
      vertex -0.88409909922904772 -0.61905285380459296 -0.17999999999999999
    endloop
  endfacet
  facet normal -4.9237177019369743e-16 2.1408042054512935e-17 -1
    outer loop
      vertex -0.67179410349005941 -0.8006130363178845 -0.17999999999999997
      vertex -0.55894956065949009 -0.79826270092523244 -0.18000000000000002
      vertex -0.61905285380459274 -0.88409909922904784 -0.17999999999999999
    endloop
  endfacet
  facet normal 2.8301114868973416e-16 -1.6339656287968352e-16 -1
    outer loop
      vertex -0.55894956065949009 -0.79826270092523244 -0.18000000000000002
      vertex -0.48724941022280505 -0.84394073446386786 -0.17999999999999999
      vertex -0.53964285714285753 -0.93468884651306172 -0.17999999999999999
    endloop
  endfacet
  facet normal -1.4245357230847512e-16 -2.2360731786147657e-16 -1
    outer loop
      vertex -0.55894956065949009 -0.79826270092523244 -0.18000000000000002
      vertex -0.53964285714285753 -0.93468884651306172 -0.17999999999999999
      vertex -0.61905285380459274 -0.88409909922904784 -0.17999999999999999
    endloop
  endfacet
  facet normal -4.1859798621166132e-16 -9.7063328652488889e-17 -1
    outer loop
      vertex -0.48724941022280505 -0.84394073446386786 -0.17999999999999999
      vertex -0.41184099756508591 -0.88319586942788564 -0.18000000000000002
      vertex -0.45612585249299825 -0.97816504729455545 -0.17999999999999999
    endloop
  endfacet
  facet normal 0 -0 -1
    outer loop
      vertex -0.48724941022280505 -0.84394073446386786 -0.17999999999999999
      vertex -0.45612585249299825 -0.97816504729455545 -0.17999999999999999
      vertex -0.53964285714285753 -0.93468884651306172 -0.17999999999999999
    endloop
  endfacet
  facet normal -1.1434509793498189e-17 -2.8692677582729061e-16 -1
    outer loop
      vertex -0.41184099756508591 -0.88319586942788564 -0.18000000000000002
      vertex -0.35745417630725163 -0.98209727789392598 -0.17999999999999999
      vertex -0.45612585249299825 -0.97816504729455545 -0.17999999999999999
    endloop
  endfacet
  facet normal -2.8759481294834301e-16 1.5815111158778069e-16 -1
    outer loop
      vertex 0.35745417630725218 -0.98209727789392598 -0.17999999999999997
      vertex 0.4118409975650848 -0.88319586942788619 -0.17999999999999997
      vertex 0.45612585249299703 -0.978165047294556 -0.17999999999999999
    endloop
  endfacet
  facet normal -1.224228315859029e-16 2.3517207140972117e-16 -1
    outer loop
      vertex 0.4118409975650848 -0.88319586942788619 -0.17999999999999997
      vertex 0.48724941022280405 -0.84394073446386841 -0.17999999999999997
      vertex 0.53964285714285642 -0.93468884651306228 -0.17999999999999999
    endloop
  endfacet
  facet normal -1.2242283158590295e-16 2.3517207140972102e-16 -1
    outer loop
      vertex 0.4118409975650848 -0.88319586942788619 -0.17999999999999997
      vertex 0.53964285714285642 -0.93468884651306228 -0.17999999999999999
      vertex 0.45612585249299703 -0.978165047294556 -0.17999999999999999
    endloop
  endfacet
  facet normal -3.9293294174226347e-16 -5.984889908556207e-16 -1
    outer loop
      vertex 0.48724941022280405 -0.84394073446386841 -0.17999999999999997
      vertex 0.55894956065949053 -0.79826270092523188 -0.18000000000000002
      vertex 0.61905285380459318 -0.8840990992290475 -0.17999999999999999
    endloop
  endfacet
  facet normal -1.424535723084749e-16 2.2360731786147666e-16 -1
    outer loop
      vertex 0.48724941022280405 -0.84394073446386841 -0.17999999999999997
      vertex 0.61905285380459318 -0.8840990992290475 -0.17999999999999999
      vertex 0.53964285714285642 -0.93468884651306228 -0.17999999999999999
    endloop
  endfacet
  facet normal -6.8345262024051173e-18 -3.2813996980378776e-16 -1
    outer loop
      vertex 0.55894956065949053 -0.79826270092523188 -0.18000000000000002
      vertex 0.67179410349005919 -0.80061303631788494 -0.18000000000000002
      vertex 0.61905285380459318 -0.8840990992290475 -0.17999999999999999
    endloop
  endfacet
  facet normal 2.1546192788855058e-16 2.1546192788854994e-16 -1
    outer loop
      vertex 0.67179410349005919 -0.80061303631788494 -0.18000000000000002
      vertex 0.68907472419538207 -0.68907472419538229 -0.17999999999999999
      vertex 0.76317024740919492 -0.76317024740919537 -0.17999999999999999
    endloop
  endfacet
  facet normal -2.1546192788855105e-16 -2.1546192788855041e-16 -1
    outer loop
      vertex 0.68907472419538207 -0.68907472419538229 -0.17999999999999999
      vertex 0.80061303631788439 -0.67179410349005964 -0.18000000000000002
      vertex 0.76317024740919492 -0.76317024740919537 -0.17999999999999999
    endloop
  endfacet
  facet normal -2.6557154956791199e-17 -3.0354967016866096e-16 -1
    outer loop
      vertex 1.0292482797973113 -0.18148424157604132 -0.17999999999999997
      vertex 0.97079055822457594 -0.084933168502654005 -0.17999999999999999
      vertex 1.075178706297591 -0.094065948065508359 -0.17999999999999999
    endloop
  endfacet
  facet normal 0 0 -1
    outer loop
      vertex 0.97079055822457594 -0.084933168502654005 -0.17999999999999999
      vertex 0.97449882044560943 0 -0.17999999999999999
      vertex 1.0792857142857142 0 -0.17999999999999999
    endloop
  endfacet
  facet normal 0 0 -1
    outer loop
      vertex 0.97079055822457594 -0.084933168502654005 -0.17999999999999999
      vertex 1.0792857142857142 0 -0.17999999999999999
      vertex 1.075178706297591 -0.094065948065508359 -0.17999999999999999
    endloop
  endfacet
  facet normal 0 0 -1
    outer loop
      vertex 1.0792857142857142 0 -0.17999999999999999
      vertex 1.075178706297591 0.094065948065508193 -0.17999999999999999
      vertex 1.1456239028055073 0.10022910415980689 -0.17999999999999999
    endloop
  endfacet
  facet normal 0 0 -1
    outer loop
      vertex 1.0792857142857142 0 -0.17999999999999999
      vertex 1.1456239028055073 0.10022910415980689 -0.17999999999999999
      vertex 1.1499999999999999 0 -0.17999999999999999
    endloop
  endfacet
  facet normal 2.9719082686199445e-16 -1.6135609172223281e-16 -1
    outer loop
      vertex 1.075178706297591 0.094065948065508193 -0.17999999999999999
      vertex 1.029248279797311 0.18148424157604121 -0.18000000000000002
      vertex 1.132528915964039 0.19969540431696986 -0.17999999999999999
    endloop
  endfacet
  facet normal 0 0 -1
    outer loop
      vertex 1.075178706297591 0.094065948065508193 -0.17999999999999999
      vertex 1.132528915964039 0.19969540431696986 -0.17999999999999999
      vertex 1.1456239028055073 0.10022910415980689 -0.17999999999999999
    endloop
  endfacet
  facet normal -4.1635845621641164e-16 5.3131618140400283e-16 -1
    outer loop
      vertex 1.029248279797311 0.18148424157604121 -0.18000000000000002
      vertex 1.0095142854825754 0.27049853754273795 -0.17999999999999997
      vertex 1.1108147002324285 0.29764190186789885 -0.17999999999999999
    endloop
  endfacet
  facet normal 2.5862937790525184e-16 5.7336752684257808e-17 -1
    outer loop
      vertex 1.029248279797311 0.18148424157604121 -0.18000000000000002
      vertex 1.1108147002324285 0.29764190186789885 -0.17999999999999999
      vertex 1.132528915964039 0.19969540431696986 -0.17999999999999999
    endloop
  endfacet
  facet normal -2.5264798777304275e-16 -7.9659604557552293e-17 -1
    outer loop
      vertex 1.0095142854825754 0.27049853754273795 -0.17999999999999997
      vertex 0.98209727789392587 0.35745417630725185 -0.17999999999999997
      vertex 1.0806465139037946 0.39332316482451901 -0.17999999999999999
    endloop
  endfacet
  facet normal -2.5264798777304255e-16 -7.9659604557552404e-17 -1
    outer loop
      vertex 1.0095142854825754 0.27049853754273795 -0.17999999999999997
      vertex 1.0806465139037946 0.39332316482451901 -0.17999999999999999
      vertex 1.1108147002324285 0.29764190186789885 -0.17999999999999999
    endloop
  endfacet
  facet normal -2.4474379390085517e-16 -1.0137619874038e-16 -1
    outer loop
      vertex 0.98209727789392587 0.35745417630725185 -0.17999999999999997
      vertex 0.94720591701395362 0.44168937295333471 -0.17999999999999997
      vertex 1.0422539550921472 0.48601100100180433 -0.17999999999999999
    endloop
  endfacet
  facet normal -2.4474379390085487e-16 -1.0137619874038019e-16 -1
    outer loop
      vertex 0.98209727789392587 0.35745417630725185 -0.17999999999999997
      vertex 1.0422539550921472 0.48601100100180433 -0.17999999999999999
      vertex 1.0806465139037946 0.39332316482451901 -0.17999999999999999
    endloop
  endfacet
  facet normal 5.3968613257178023e-16 -4.0545052348512355e-16 -1
    outer loop
      vertex 0.94720591701395362 0.44168937295333471 -0.17999999999999997
      vertex 0.90510574716693526 0.52256304677190735 -0.18000000000000002
      vertex 0.99592921435210446 0.57499999999999984 -0.17999999999999999
    endloop
  endfacet
  facet normal -2.3497695197673908e-16 -1.2232125883816995e-16 -1
    outer loop
      vertex 0.94720591701395362 0.44168937295333471 -0.17999999999999997
      vertex 0.99592921435210446 0.57499999999999984 -0.17999999999999999
      vertex 1.0422539550921472 0.48601100100180433 -0.17999999999999999
    endloop
  endfacet
  facet normal -5.7296980542342046e-16 3.5687091609949737e-16 -1
    outer loop
      vertex 0.90510574716693526 0.52256304677190735 -0.18000000000000002
      vertex 0.8561171760661842 0.5994597002723514 -0.17999999999999997
      vertex 0.94202485093234045 0.65961290180370291 -0.17999999999999999
    endloop
  endfacet
  facet normal 2.2342179356511631e-16 1.4233538029660678e-16 -1
    outer loop
      vertex 0.90510574716693526 0.52256304677190735 -0.18000000000000002
      vertex 0.94202485093234045 0.65961290180370291 -0.17999999999999999
      vertex 0.99592921435210446 0.57499999999999984 -0.17999999999999999
    endloop
  endfacet
  facet normal 1.9586328584423067e-16 -2.3342077456216875e-16 -1
    outer loop
      vertex 0.8561171760661842 0.5994597002723514 -0.17999999999999997
      vertex 0.80061303631788461 0.67179410349005919 -0.17999999999999999
      vertex 0.88095110958682465 0.73920575113952003 -0.17999999999999999
    endloop
  endfacet
  facet normal -2.1016626039869681e-16 -1.6126624356653402e-16 -1
    outer loop
      vertex 0.8561171760661842 0.5994597002723514 -0.17999999999999997
      vertex 0.88095110958682465 0.73920575113952003 -0.17999999999999999
      vertex 0.94202485093234045 0.65961290180370291 -0.17999999999999999
    endloop
  endfacet
  facet normal 0 0 -1
    outer loop
      vertex 0.80061303631788461 0.67179410349005919 -0.17999999999999999
      vertex 0.7390157479398376 0.7390157479398376 -0.17999999999999999
      vertex 0.8131727983645296 0.8131727983645296 -0.17999999999999999
    endloop
  endfacet
  facet normal 0 0 -1
    outer loop
      vertex 0.80061303631788461 0.67179410349005919 -0.17999999999999999
      vertex 0.8131727983645296 0.8131727983645296 -0.17999999999999999
      vertex 0.88095110958682465 0.73920575113952003 -0.17999999999999999
    endloop
  endfacet
  facet normal -4.1239054790986815e-16 5.520507554462616e-19 -1
    outer loop
      vertex 0.7390157479398376 0.7390157479398376 -0.17999999999999999
      vertex 0.67179410349005941 0.80061303631788461 -0.17999999999999997
      vertex 0.73920575113952025 0.88095110958682465 -0.17999999999999999
    endloop
  endfacet
  facet normal 0 0 -1
    outer loop
      vertex 0.7390157479398376 0.7390157479398376 -0.17999999999999999
      vertex 0.73920575113952025 0.88095110958682465 -0.17999999999999999
      vertex 0.8131727983645296 0.8131727983645296 -0.17999999999999999
    endloop
  endfacet
  facet normal 2.496031481980516e-16 -1.7477400592915138e-16 -1
    outer loop
      vertex 0.67179410349005941 0.80061303631788461 -0.17999999999999997
      vertex 0.61905285380459329 0.88409909922904739 -0.17999999999999999
      vertex 0.65961290180370302 0.94202485093234034 -0.17999999999999999
    endloop
  endfacet
  facet normal -1.6126624356653343e-16 -2.1016626039869672e-16 -1
    outer loop
      vertex 0.67179410349005941 0.80061303631788461 -0.17999999999999997
      vertex 0.65961290180370302 0.94202485093234034 -0.17999999999999999
      vertex 0.73920575113952025 0.88095110958682465 -0.17999999999999999
    endloop
  endfacet
  facet normal 0 0 -1
    outer loop
      vertex 0.61905285380459329 0.88409909922904739 -0.17999999999999999
      vertex 0.5396428571428572 0.93468884651306183 -0.17999999999999999
      vertex 0.57500000000000007 0.99592921435210435 -0.17999999999999999
    endloop
  endfacet
  facet normal 0 0 -1
    outer loop
      vertex 0.61905285380459329 0.88409909922904739 -0.17999999999999999
      vertex 0.57500000000000007 0.99592921435210435 -0.17999999999999999
      vertex 0.65961290180370302 0.94202485093234034 -0.17999999999999999
    endloop
  endfacet
  facet normal 0 0 -1
    outer loop
      vertex 0.5396428571428572 0.93468884651306183 -0.17999999999999999
      vertex 0.4561258524929977 0.97816504729455567 -0.17999999999999999
      vertex 0.48601100100180433 1.0422539550921472 -0.17999999999999999
    endloop
  endfacet
  facet normal 0 0 -1
    outer loop
      vertex 0.5396428571428572 0.93468884651306183 -0.17999999999999999
      vertex 0.48601100100180433 1.0422539550921472 -0.17999999999999999
      vertex 0.57500000000000007 0.99592921435210435 -0.17999999999999999
    endloop
  endfacet
  facet normal 0 0 -1
    outer loop
      vertex 0.4561258524929977 0.97816504729455567 -0.17999999999999999
      vertex 0.3574541763072519 0.98209727789392576 -0.17999999999999999
      vertex 0.39332316482451912 1.0806465139037944 -0.17999999999999999
    endloop
  endfacet
  facet normal 0 0 -1
    outer loop
      vertex 0.4561258524929977 0.97816504729455567 -0.17999999999999999
      vertex 0.39332316482451912 1.0806465139037944 -0.17999999999999999
      vertex 0.48601100100180433 1.0422539550921472 -0.17999999999999999
    endloop
  endfacet
  facet normal 0 0 -1
    outer loop
      vertex 0.3574541763072519 0.98209727789392576 -0.17999999999999999
      vertex 0.27049853754273823 1.0095142854825754 -0.17999999999999999
      vertex 0.29764190186789907 1.1108147002324285 -0.17999999999999999
    endloop
  endfacet
  facet normal 0 0 -1
    outer loop
      vertex 0.3574541763072519 0.98209727789392576 -0.17999999999999999
      vertex 0.29764190186789907 1.1108147002324285 -0.17999999999999999
      vertex 0.39332316482451912 1.0806465139037944 -0.17999999999999999
    endloop
  endfacet
  facet normal 0 0 -1
    outer loop
      vertex 0.27049853754273823 1.0095142854825754 -0.17999999999999999
      vertex 0.18148424157604132 1.0292482797973108 -0.17999999999999999
      vertex 0.19969540431696997 1.132528915964039 -0.17999999999999999
    endloop
  endfacet
  facet normal 0 0 -1
    outer loop
      vertex 0.27049853754273823 1.0095142854825754 -0.17999999999999999
      vertex 0.19969540431696997 1.132528915964039 -0.17999999999999999
      vertex 0.29764190186789907 1.1108147002324285 -0.17999999999999999
    endloop
  endfacet
  facet normal -3.3812720367081971e-16 -2.3608528735012216e-16 -1
    outer loop
      vertex 0.18148424157604132 1.0292482797973108 -0.17999999999999999
      vertex 0.091088740947769628 1.0411490732256861 -0.17999999999999997
      vertex 0.10022910415980685 1.1456239028055073 -0.17999999999999999
    endloop
  endfacet
  facet normal 0 0 -1
    outer loop
      vertex 0.18148424157604132 1.0292482797973108 -0.17999999999999999
      vertex 0.10022910415980685 1.1456239028055073 -0.17999999999999999
      vertex 0.19969540431696997 1.132528915964039 -0.17999999999999999
    endloop
  endfacet
  facet normal -1.1555158411622301e-17 -2.6465663913477697e-16 -1
    outer loop
      vertex 0.091088740947769628 1.0411490732256861 -0.17999999999999997
      vertex 6.3995516258190519e-17 1.0451260935438149 -0.17999999999999997
      vertex 7.0417190950972801e-17 1.1499999999999999 -0.17999999999999999
    endloop
  endfacet
  facet normal -1.1555158411622117e-17 -2.6465663913477687e-16 -1
    outer loop
      vertex 0.091088740947769628 1.0411490732256861 -0.17999999999999997
      vertex 7.0417190950972801e-17 1.1499999999999999 -0.17999999999999999
      vertex 0.10022910415980685 1.1456239028055073 -0.17999999999999999
    endloop
  endfacet
  facet normal 3.0354967016866096e-16 2.6557154956791113e-17 -1
    outer loop
      vertex 6.3995516258190519e-17 1.0451260935438149 -0.17999999999999997
      vertex -0.091088740947769503 1.0411490732256861 -0.17999999999999999
      vertex -0.10022910415980671 1.1456239028055073 -0.17999999999999999
    endloop
  endfacet
  facet normal 1.1555158411622125e-17 -2.6465663913477702e-16 -1
    outer loop
      vertex 6.3995516258190519e-17 1.0451260935438149 -0.17999999999999997
      vertex -0.10022910415980671 1.1456239028055073 -0.17999999999999999
      vertex 7.0417190950972801e-17 1.1499999999999999 -0.17999999999999999
    endloop
  endfacet
  facet normal -0 0 -1
    outer loop
      vertex -0.091088740947769503 1.0411490732256861 -0.17999999999999999
      vertex -0.18148424157604121 1.0292482797973113 -0.17999999999999999
      vertex -0.19969540431696983 1.132528915964039 -0.17999999999999999
    endloop
  endfacet
  facet normal 0 0 -1
    outer loop
      vertex -0.091088740947769503 1.0411490732256861 -0.17999999999999999
      vertex -0.19969540431696983 1.132528915964039 -0.17999999999999999
      vertex -0.10022910415980671 1.1456239028055073 -0.17999999999999999
    endloop
  endfacet
  facet normal -0 0 -1
    outer loop
      vertex -0.18148424157604121 1.0292482797973113 -0.17999999999999999
      vertex -0.27049853754273812 1.0095142854825756 -0.17999999999999999
      vertex -0.29764190186789896 1.1108147002324285 -0.17999999999999999
    endloop
  endfacet
  facet normal 0 0 -1
    outer loop
      vertex -0.18148424157604121 1.0292482797973113 -0.17999999999999999
      vertex -0.29764190186789896 1.1108147002324285 -0.17999999999999999
      vertex -0.19969540431696983 1.132528915964039 -0.17999999999999999
    endloop
  endfacet
  facet normal -2.066733639333295e-16 -3.5686466539280638e-16 -1
    outer loop
      vertex -0.27049853754273812 1.0095142854825756 -0.17999999999999999
      vertex -0.35745417630725163 0.98209727789392598 -0.17999999999999997
      vertex -0.39332316482451873 1.0806465139037946 -0.17999999999999999
    endloop
  endfacet
  facet normal 0 0 -1
    outer loop
      vertex -0.27049853754273812 1.0095142854825756 -0.17999999999999999
      vertex -0.39332316482451873 1.0806465139037946 -0.17999999999999999
      vertex -0.29764190186789896 1.1108147002324285 -0.17999999999999999
    endloop
  endfacet
  facet normal 2.7616030315484283e-16 1.2877566423950911e-16 -1
    outer loop
      vertex -0.35745417630725163 0.98209727789392598 -0.17999999999999997
      vertex -0.45612585249299759 0.97816504729455578 -0.17999999999999999
      vertex -0.48601100100180417 1.0422539550921475 -0.17999999999999999
    endloop
  endfacet
  facet normal 1.0137619874037968e-16 -2.4474379390085537e-16 -1
    outer loop
      vertex -0.35745417630725163 0.98209727789392598 -0.17999999999999997
      vertex -0.48601100100180417 1.0422539550921475 -0.17999999999999999
      vertex -0.39332316482451873 1.0806465139037946 -0.17999999999999999
    endloop
  endfacet
  facet normal -0 0 -1
    outer loop
      vertex -0.45612585249299759 0.97816504729455578 -0.17999999999999999
      vertex -0.53964285714285687 0.93468884651306194 -0.17999999999999999
      vertex -0.57499999999999973 0.99592921435210446 -0.17999999999999999
    endloop
  endfacet
  facet normal 0 0 -1
    outer loop
      vertex -0.45612585249299759 0.97816504729455578 -0.17999999999999999
      vertex -0.57499999999999973 0.99592921435210446 -0.17999999999999999
      vertex -0.48601100100180417 1.0422539550921475 -0.17999999999999999
    endloop
  endfacet
  facet normal -0 0 -1
    outer loop
      vertex -0.53964285714285687 0.93468884651306194 -0.17999999999999999
      vertex -0.61905285380459329 0.88409909922904739 -0.17999999999999999
      vertex -0.65961290180370302 0.94202485093234034 -0.17999999999999999
    endloop
  endfacet
  facet normal 0 0 -1
    outer loop
      vertex -0.53964285714285687 0.93468884651306194 -0.17999999999999999
      vertex -0.65961290180370302 0.94202485093234034 -0.17999999999999999
      vertex -0.57499999999999973 0.99592921435210446 -0.17999999999999999
    endloop
  endfacet
  facet normal 0 0 -1
    outer loop
      vertex -0.61905285380459329 0.88409909922904739 -0.17999999999999999
      vertex -0.67179410349005941 0.80061303631788461 -0.17999999999999999
      vertex -0.73920575113952025 0.88095110958682465 -0.17999999999999999
    endloop
  endfacet
  facet normal -0 0 -1
    outer loop
      vertex -0.61905285380459329 0.88409909922904739 -0.17999999999999999
      vertex -0.73920575113952025 0.88095110958682465 -0.17999999999999999
      vertex -0.65961290180370302 0.94202485093234034 -0.17999999999999999
    endloop
  endfacet
  facet normal -3.6492154540851543e-17 -4.1077316297733553e-16 -1
    outer loop
      vertex -0.67179410349005941 0.80061303631788461 -0.17999999999999999
      vertex -0.73901574793983749 0.7390157479398376 -0.17999999999999997
      vertex -0.81317279836452949 0.8131727983645296 -0.17999999999999999
    endloop
  endfacet
  facet normal 0 0 -1
    outer loop
      vertex -0.67179410349005941 0.80061303631788461 -0.17999999999999999
      vertex -0.81317279836452949 0.8131727983645296 -0.17999999999999999
      vertex -0.73920575113952025 0.88095110958682465 -0.17999999999999999
    endloop
  endfacet
  facet normal 1.9641533659967778e-16 6.4581132247203764e-16 -1
    outer loop
      vertex -0.73901574793983749 0.7390157479398376 -0.17999999999999997
      vertex -0.80061303631788461 0.67179410349005952 -0.18000000000000002
      vertex -0.88095110958682454 0.73920575113952036 -0.17999999999999999
    endloop
  endfacet
  facet normal 1.9531123508878461e-16 -1.7896977334769932e-16 -1
    outer loop
      vertex -0.73901574793983749 0.7390157479398376 -0.17999999999999997
      vertex -0.88095110958682454 0.73920575113952036 -0.17999999999999999
      vertex -0.81317279836452949 0.8131727983645296 -0.17999999999999999
    endloop
  endfacet
  facet normal -2.1016626039869659e-16 1.6126624356653316e-16 -1
    outer loop
      vertex -0.80061303631788461 0.67179410349005952 -0.18000000000000002
      vertex -0.85611717606618409 0.59945970027235129 -0.18000000000000002
      vertex -0.94202485093234067 0.6596129018037028 -0.17999999999999999
    endloop
  endfacet
  facet normal -2.1016626039869662e-16 1.6126624356653385e-16 -1
    outer loop
      vertex -0.80061303631788461 0.67179410349005952 -0.18000000000000002
      vertex -0.94202485093234067 0.6596129018037028 -0.17999999999999999
      vertex -0.88095110958682454 0.73920575113952036 -0.17999999999999999
    endloop
  endfacet
  facet normal -1.5235459029752176e-16 -2.6388589116164747e-16 -1
    outer loop
      vertex -0.85611717606618409 0.59945970027235129 -0.18000000000000002
      vertex -0.90510574716693526 0.52256304677190779 -0.17999999999999999
      vertex -0.99592921435210413 0.57500000000000029 -0.17999999999999999
    endloop
  endfacet
  facet normal -2.2342179356511656e-16 1.4233538029660641e-16 -1
    outer loop
      vertex -0.85611717606618409 0.59945970027235129 -0.18000000000000002
      vertex -0.99592921435210413 0.57500000000000029 -0.17999999999999999
      vertex -0.94202485093234067 0.6596129018037028 -0.17999999999999999
    endloop
  endfacet
  facet normal 1.0620128773723015e-16 -3.9848156199301298e-16 -1
    outer loop
      vertex -0.90510574716693526 0.52256304677190779 -0.17999999999999999
      vertex -0.94720591701395385 0.44168937295333482 -0.17999999999999997
      vertex -1.0422539550921472 0.48601100100180439 -0.17999999999999999
    endloop
  endfacet
  facet normal -0 0 -1
    outer loop
      vertex -0.90510574716693526 0.52256304677190779 -0.17999999999999999
      vertex -1.0422539550921472 0.48601100100180439 -0.17999999999999999
      vertex -0.99592921435210413 0.57500000000000029 -0.17999999999999999
    endloop
  endfacet
  facet normal -3.6310438661328509e-17 6.7404213572214222e-16 -1
    outer loop
      vertex -0.94720591701395385 0.44168937295333482 -0.17999999999999997
      vertex -0.98209727789392576 0.35745417630725196 -0.18000000000000002
      vertex -1.0806465139037944 0.39332316482451918 -0.17999999999999999
    endloop
  endfacet
  facet normal 2.4474379390085581e-16 -1.013761987403801e-16 -1
    outer loop
      vertex -0.94720591701395385 0.44168937295333482 -0.17999999999999997
      vertex -1.0806465139037944 0.39332316482451918 -0.17999999999999999
      vertex -1.0422539550921472 0.48601100100180439 -0.17999999999999999
    endloop
  endfacet
  facet normal 9.4918909461883214e-17 -6.6831253864581203e-16 -1
    outer loop
      vertex -0.98209727789392576 0.35745417630725196 -0.18000000000000002
      vertex -1.0095142854825756 0.27049853754273778 -0.17999999999999997
      vertex -1.1108147002324285 0.29764190186789863 -0.17999999999999999
    endloop
  endfacet
  facet normal -2.5264798777304284e-16 7.9659604557552749e-17 -1
    outer loop
      vertex -0.98209727789392576 0.35745417630725196 -0.18000000000000002
      vertex -1.1108147002324285 0.29764190186789863 -0.17999999999999999
      vertex -1.0806465139037944 0.39332316482451918 -0.17999999999999999
    endloop
  endfacet
  facet normal 5.2912193928712616e-17 3.0007996346399463e-16 -1
    outer loop
      vertex -1.0095142854825756 0.27049853754273778 -0.17999999999999997
      vertex -1.029248279797311 0.18148424157604118 -0.17999999999999999
      vertex -1.132528915964039 0.1996954043169698 -0.17999999999999999
    endloop
  endfacet
  facet normal 2.5862937790525198e-16 -5.7336752684257943e-17 -1
    outer loop
      vertex -1.0095142854825756 0.27049853754273778 -0.17999999999999997
      vertex -1.132528915964039 0.1996954043169698 -0.17999999999999999
      vertex -1.1108147002324285 0.29764190186789863 -0.17999999999999999
    endloop
  endfacet
  facet normal 0 0 -1
    outer loop
      vertex -1.029248279797311 0.18148424157604118 -0.17999999999999999
      vertex -1.075178706297591 0.09406594806550822 -0.17999999999999999
      vertex -1.1456239028055073 0.10022910415980692 -0.17999999999999999
    endloop
  endfacet
  facet normal -0 0 -1
    outer loop
      vertex -1.029248279797311 0.18148424157604118 -0.17999999999999999
      vertex -1.1456239028055073 0.10022910415980692 -0.17999999999999999
      vertex -1.132528915964039 0.1996954043169698 -0.17999999999999999
    endloop
  endfacet
  facet normal 0 0 -1
    outer loop
      vertex -1.075178706297591 0.09406594806550822 -0.17999999999999999
      vertex -1.0792857142857142 1.3217437953654647e-16 -0.17999999999999999
      vertex -1.1499999999999999 1.408343819019456e-16 -0.17999999999999999
    endloop
  endfacet
  facet normal -0 0 -1
    outer loop
      vertex -1.075178706297591 0.09406594806550822 -0.17999999999999999
      vertex -1.1499999999999999 1.408343819019456e-16 -0.17999999999999999
      vertex -1.1456239028055073 0.10022910415980692 -0.17999999999999999
    endloop
  endfacet
  facet normal 0 -0 -1
    outer loop
      vertex -1.0792857142857142 1.3217437953654647e-16 -0.17999999999999999
      vertex -1.075178706297591 -0.094065948065507957 -0.17999999999999999
      vertex -1.1456239028055073 -0.10022910415980663 -0.17999999999999999
    endloop
  endfacet
  facet normal -0 0 -1
    outer loop
      vertex -1.0792857142857142 1.3217437953654647e-16 -0.17999999999999999
      vertex -1.1456239028055073 -0.10022910415980663 -0.17999999999999999
      vertex -1.1499999999999999 1.408343819019456e-16 -0.17999999999999999
    endloop
  endfacet
  facet normal 0 -0 -1
    outer loop
      vertex -1.075178706297591 -0.094065948065507957 -0.17999999999999999
      vertex -1.0292482797973113 -0.1814842415760409 -0.17999999999999999
      vertex -1.1325289159640393 -0.19969540431696953 -0.17999999999999999
    endloop
  endfacet
  facet normal 0 0 -1
    outer loop
      vertex -1.075178706297591 -0.094065948065507957 -0.17999999999999999
      vertex -1.1325289159640393 -0.19969540431696953 -0.17999999999999999
      vertex -1.1456239028055073 -0.10022910415980663 -0.17999999999999999
    endloop
  endfacet
  facet normal 0 -0 -1
    outer loop
      vertex -1.0292482797973113 -0.1814842415760409 -0.17999999999999999
      vertex -1.0095142854825758 -0.27049853754273756 -0.17999999999999999
      vertex -1.1108147002324287 -0.29764190186789841 -0.17999999999999999
    endloop
  endfacet
  facet normal 0 0 -1
    outer loop
      vertex -1.0292482797973113 -0.1814842415760409 -0.17999999999999999
      vertex -1.1108147002324287 -0.29764190186789841 -0.17999999999999999
      vertex -1.1325289159640393 -0.19969540431696953 -0.17999999999999999
    endloop
  endfacet
  facet normal 3.5686466539280549e-16 -2.0667336393332713e-16 -1
    outer loop
      vertex -1.0095142854825758 -0.27049853754273756 -0.17999999999999999
      vertex -0.98209727789392598 -0.35745417630725179 -0.17999999999999997
      vertex -1.0806465139037946 -0.3933231648245189 -0.17999999999999999
    endloop
  endfacet
  facet normal 0 0 -1
    outer loop
      vertex -1.0095142854825758 -0.27049853754273756 -0.17999999999999999
      vertex -1.0806465139037946 -0.3933231648245189 -0.17999999999999999
      vertex -1.1108147002324287 -0.29764190186789841 -0.17999999999999999
    endloop
  endfacet
  facet normal -1.2877566423951009e-16 2.7616030315484495e-16 -1
    outer loop
      vertex -0.98209727789392598 -0.35745417630725179 -0.17999999999999997
      vertex -0.94720591701395418 -0.44168937295333416 -0.17999999999999999
      vertex -1.0422539550921477 -0.48601100100180367 -0.17999999999999999
    endloop
  endfacet
  facet normal 2.4474379390085537e-16 1.0137619874037982e-16 -1
    outer loop
      vertex -0.98209727789392598 -0.35745417630725179 -0.17999999999999997
      vertex -1.0422539550921477 -0.48601100100180367 -0.17999999999999999
      vertex -1.0806465139037946 -0.3933231648245189 -0.17999999999999999
    endloop
  endfacet
  facet normal 0 -0 -1
    outer loop
      vertex -0.94720591701395418 -0.44168937295333416 -0.17999999999999999
      vertex -0.90510574716693548 -0.52256304677190757 -0.17999999999999999
      vertex -0.99592921435210435 -0.57500000000000007 -0.17999999999999999
    endloop
  endfacet
  facet normal 0 0 -1
    outer loop
      vertex -0.94720591701395418 -0.44168937295333416 -0.17999999999999999
      vertex -0.99592921435210435 -0.57500000000000007 -0.17999999999999999
      vertex -1.0422539550921477 -0.48601100100180367 -0.17999999999999999
    endloop
  endfacet
  facet normal 0 -0 -1
    outer loop
      vertex -0.90510574716693548 -0.52256304677190757 -0.17999999999999999
      vertex -0.88409909922904772 -0.61905285380459296 -0.17999999999999999
      vertex -0.94202485093234078 -0.65961290180370269 -0.17999999999999999
    endloop
  endfacet
  facet normal 0 0 -1
    outer loop
      vertex -0.90510574716693548 -0.52256304677190757 -0.17999999999999999
      vertex -0.94202485093234078 -0.65961290180370269 -0.17999999999999999
      vertex -0.99592921435210435 -0.57500000000000007 -0.17999999999999999
    endloop
  endfacet
  facet normal -3.3805285169530677e-16 -8.8569389441709352e-18 -1
    outer loop
      vertex -0.88409909922904772 -0.61905285380459296 -0.17999999999999999
      vertex -0.80061303631788494 -0.67179410349005886 -0.18000000000000002
      vertex -0.88095110958682499 -0.7392057511395197 -0.17999999999999999
    endloop
  endfacet
  facet normal 0 -0 -1
    outer loop
      vertex -0.88409909922904772 -0.61905285380459296 -0.17999999999999999
      vertex -0.88095110958682499 -0.7392057511395197 -0.17999999999999999
      vertex -0.94202485093234078 -0.65961290180370269 -0.17999999999999999
    endloop
  endfacet
  facet normal -1.9531123508878559e-16 -1.7896977334769861e-16 -1
    outer loop
      vertex -0.80061303631788494 -0.67179410349005886 -0.18000000000000002
      vertex -0.73901574793983782 -0.7390157479398376 -0.18000000000000002
      vertex -0.81317279836452983 -0.81317279836452949 -0.17999999999999999
    endloop
  endfacet
  facet normal -1.95311235088785e-16 -1.7896977334769866e-16 -1
    outer loop
      vertex -0.80061303631788494 -0.67179410349005886 -0.18000000000000002
      vertex -0.81317279836452983 -0.81317279836452949 -0.17999999999999999
      vertex -0.88095110958682499 -0.7392057511395197 -0.17999999999999999
    endloop
  endfacet
  facet normal 6.4581132247203586e-16 -1.9641533659967694e-16 -1
    outer loop
      vertex -0.73901574793983782 -0.7390157479398376 -0.18000000000000002
      vertex -0.67179410349005941 -0.8006130363178845 -0.17999999999999997
      vertex -0.73920575113952036 -0.88095110958682454 -0.17999999999999999
    endloop
  endfacet
  facet normal -1.7896977334769917e-16 -1.9531123508878502e-16 -1
    outer loop
      vertex -0.73901574793983782 -0.7390157479398376 -0.18000000000000002
      vertex -0.73920575113952036 -0.88095110958682454 -0.17999999999999999
      vertex -0.81317279836452983 -0.81317279836452949 -0.17999999999999999
    endloop
  endfacet
  facet normal -2.4960314819805013e-16 1.7477400592914951e-16 -1
    outer loop
      vertex -0.67179410349005941 -0.8006130363178845 -0.17999999999999997
      vertex -0.61905285380459274 -0.88409909922904784 -0.17999999999999999
      vertex -0.65961290180370236 -0.9420248509323409 -0.17999999999999999
    endloop
  endfacet
  facet normal 1.6126624356653343e-16 2.1016626039869647e-16 -1
    outer loop
      vertex -0.67179410349005941 -0.8006130363178845 -0.17999999999999997
      vertex -0.65961290180370236 -0.9420248509323409 -0.17999999999999999
      vertex -0.73920575113952036 -0.88095110958682454 -0.17999999999999999
    endloop
  endfacet
  facet normal 0 0 -1
    outer loop
      vertex -0.61905285380459274 -0.88409909922904784 -0.17999999999999999
      vertex -0.53964285714285753 -0.93468884651306172 -0.17999999999999999
      vertex -0.57500000000000051 -0.99592921435210413 -0.17999999999999999
    endloop
  endfacet
  facet normal 0 -0 -1
    outer loop
      vertex -0.61905285380459274 -0.88409909922904784 -0.17999999999999999
      vertex -0.57500000000000051 -0.99592921435210413 -0.17999999999999999
      vertex -0.65961290180370236 -0.9420248509323409 -0.17999999999999999
    endloop
  endfacet
  facet normal 0 0 -1
    outer loop
      vertex -0.53964285714285753 -0.93468884651306172 -0.17999999999999999
      vertex -0.45612585249299825 -0.97816504729455545 -0.17999999999999999
      vertex -0.48601100100180489 -1.042253955092147 -0.17999999999999999
    endloop
  endfacet
  facet normal 0 -0 -1
    outer loop
      vertex -0.53964285714285753 -0.93468884651306172 -0.17999999999999999
      vertex -0.48601100100180489 -1.042253955092147 -0.17999999999999999
      vertex -0.57500000000000051 -0.99592921435210413 -0.17999999999999999
    endloop
  endfacet
  facet normal 0 0 -1
    outer loop
      vertex -0.45612585249299825 -0.97816504729455545 -0.17999999999999999
      vertex -0.35745417630725163 -0.98209727789392598 -0.17999999999999999
      vertex -0.39332316482451879 -1.0806465139037946 -0.17999999999999999
    endloop
  endfacet
  facet normal 0 -0 -1
    outer loop
      vertex -0.45612585249299825 -0.97816504729455545 -0.17999999999999999
      vertex -0.39332316482451879 -1.0806465139037946 -0.17999999999999999
      vertex -0.48601100100180489 -1.042253955092147 -0.17999999999999999
    endloop
  endfacet
  facet normal 3.7398607160168366e-16 1.7378344861746279e-16 -1
    outer loop
      vertex -0.35745417630725163 -0.98209727789392598 -0.17999999999999999
      vertex -0.27049853754273784 -1.0095142854825756 -0.17999999999999997
      vertex -0.29764190186789868 -1.1108147002324285 -0.17999999999999999
    endloop
  endfacet
  facet normal 0 -0 -1
    outer loop
      vertex -0.35745417630725163 -0.98209727789392598 -0.17999999999999999
      vertex -0.29764190186789868 -1.1108147002324285 -0.17999999999999999
      vertex -0.39332316482451879 -1.0806465139037946 -0.17999999999999999
    endloop
  endfacet
  facet normal -3.0007996346399463e-16 5.2912193928712616e-17 -1
    outer loop
      vertex -0.27049853754273784 -1.0095142854825756 -0.17999999999999997
      vertex -0.18148424157604123 -1.029248279797311 -0.17999999999999999
      vertex -0.19969540431696986 -1.132528915964039 -0.17999999999999999
    endloop
  endfacet
  facet normal 5.7336752684257943e-17 2.5862937790525198e-16 -1
    outer loop
      vertex -0.27049853754273784 -1.0095142854825756 -0.17999999999999997
      vertex -0.19969540431696986 -1.132528915964039 -0.17999999999999999
      vertex -0.29764190186789868 -1.1108147002324285 -0.17999999999999999
    endloop
  endfacet
  facet normal 0 0 -1
    outer loop
      vertex -0.18148424157604123 -1.029248279797311 -0.17999999999999999
      vertex -0.091088740947769739 -1.0411490732256861 -0.17999999999999999
      vertex -0.10022910415980697 -1.1456239028055073 -0.17999999999999999
    endloop
  endfacet
  facet normal 0 -0 -1
    outer loop
      vertex -0.18148424157604123 -1.029248279797311 -0.17999999999999999
      vertex -0.10022910415980697 -1.1456239028055073 -0.17999999999999999
      vertex -0.19969540431696986 -1.132528915964039 -0.17999999999999999
    endloop
  endfacet
  facet normal 3.1626433900666437e-16 2.6465663913477697e-16 -1
    outer loop
      vertex -0.091088740947769739 -1.0411490732256861 -0.17999999999999999
      vertex -1.9198654877457153e-16 -1.0451260935438149 -0.17999999999999997
      vertex -2.1125157285291839e-16 -1.1499999999999999 -0.17999999999999999
    endloop
  endfacet
  facet normal 0 -0 -1
    outer loop
      vertex -0.091088740947769739 -1.0411490732256861 -0.17999999999999999
      vertex -2.1125157285291839e-16 -1.1499999999999999 -0.17999999999999999
      vertex -0.10022910415980697 -1.1456239028055073 -0.17999999999999999
    endloop
  endfacet
  facet normal -3.0354967016866096e-16 -2.6557154956791073e-17 -1
    outer loop
      vertex -1.9198654877457153e-16 -1.0451260935438149 -0.17999999999999997
      vertex 0.091088740947769378 -1.0411490732256861 -0.17999999999999999
      vertex 0.10022910415980657 -1.1456239028055073 -0.17999999999999999
    endloop
  endfacet
  facet normal -1.1555158411622122e-17 2.6465663913477697e-16 -1
    outer loop
      vertex -1.9198654877457153e-16 -1.0451260935438149 -0.17999999999999997
      vertex 0.10022910415980657 -1.1456239028055073 -0.17999999999999999
      vertex -2.1125157285291839e-16 -1.1499999999999999 -0.17999999999999999
    endloop
  endfacet
  facet normal 0 0 -1
    outer loop
      vertex 0.091088740947769378 -1.0411490732256861 -0.17999999999999999
      vertex 0.18148424157604084 -1.0292482797973113 -0.17999999999999999
      vertex 0.19969540431696944 -1.1325289159640393 -0.17999999999999999
    endloop
  endfacet
  facet normal 0 0 -1
    outer loop
      vertex 0.091088740947769378 -1.0411490732256861 -0.17999999999999999
      vertex 0.19969540431696944 -1.1325289159640393 -0.17999999999999999
      vertex 0.10022910415980657 -1.1456239028055073 -0.17999999999999999
    endloop
  endfacet
  facet normal 0 0 -1
    outer loop
      vertex 0.18148424157604084 -1.0292482797973113 -0.17999999999999999
      vertex 0.27049853754273756 -1.0095142854825758 -0.17999999999999999
      vertex 0.2976419018678983 -1.1108147002324287 -0.17999999999999999
    endloop
  endfacet
  facet normal 0 0 -1
    outer loop
      vertex 0.18148424157604084 -1.0292482797973113 -0.17999999999999999
      vertex 0.2976419018678983 -1.1108147002324287 -0.17999999999999999
      vertex 0.19969540431696944 -1.1325289159640393 -0.17999999999999999
    endloop
  endfacet
  facet normal 2.0667336393332607e-16 3.5686466539280589e-16 -1
    outer loop
      vertex 0.27049853754273756 -1.0095142854825758 -0.17999999999999999
      vertex 0.35745417630725218 -0.98209727789392598 -0.17999999999999997
      vertex 0.39332316482451929 -1.0806465139037944 -0.17999999999999999
    endloop
  endfacet
  facet normal 0 0 -1
    outer loop
      vertex 0.27049853754273756 -1.0095142854825758 -0.17999999999999999
      vertex 0.39332316482451929 -1.0806465139037944 -0.17999999999999999
      vertex 0.2976419018678983 -1.1108147002324287 -0.17999999999999999
    endloop
  endfacet
  facet normal -2.7616030315484619e-16 -1.2877566423951068e-16 -1
    outer loop
      vertex 0.35745417630725218 -0.98209727789392598 -0.17999999999999997
      vertex 0.45612585249299703 -0.978165047294556 -0.17999999999999999
      vertex 0.48601100100180361 -1.0422539550921477 -0.17999999999999999
    endloop
  endfacet
  facet normal -1.0137619874037989e-16 2.4474379390085581e-16 -1
    outer loop
      vertex 0.35745417630725218 -0.98209727789392598 -0.17999999999999997
      vertex 0.48601100100180361 -1.0422539550921477 -0.17999999999999999
      vertex 0.39332316482451929 -1.0806465139037944 -0.17999999999999999
    endloop
  endfacet
  facet normal 0 0 -1
    outer loop
      vertex 0.45612585249299703 -0.978165047294556 -0.17999999999999999
      vertex 0.53964285714285642 -0.93468884651306228 -0.17999999999999999
      vertex 0.57499999999999918 -0.9959292143521048 -0.17999999999999999
    endloop
  endfacet
  facet normal 0 0 -1
    outer loop
      vertex 0.45612585249299703 -0.978165047294556 -0.17999999999999999
      vertex 0.57499999999999918 -0.9959292143521048 -0.17999999999999999
      vertex 0.48601100100180361 -1.0422539550921477 -0.17999999999999999
    endloop
  endfacet
  facet normal 0 0 -1
    outer loop
      vertex 0.53964285714285642 -0.93468884651306228 -0.17999999999999999
      vertex 0.61905285380459318 -0.8840990992290475 -0.17999999999999999
      vertex 0.65961290180370291 -0.94202485093234045 -0.17999999999999999
    endloop
  endfacet
  facet normal 0 0 -1
    outer loop
      vertex 0.53964285714285642 -0.93468884651306228 -0.17999999999999999
      vertex 0.65961290180370291 -0.94202485093234045 -0.17999999999999999
      vertex 0.57499999999999918 -0.9959292143521048 -0.17999999999999999
    endloop
  endfacet
  facet normal 8.8569389441709506e-18 -3.3805285169530766e-16 -1
    outer loop
      vertex 0.61905285380459318 -0.8840990992290475 -0.17999999999999999
      vertex 0.67179410349005919 -0.80061303631788494 -0.18000000000000002
      vertex 0.73920575113952003 -0.88095110958682477 -0.17999999999999999
    endloop
  endfacet
  facet normal 0 0 -1
    outer loop
      vertex 0.61905285380459318 -0.8840990992290475 -0.17999999999999999
      vertex 0.73920575113952003 -0.88095110958682477 -0.17999999999999999
      vertex 0.65961290180370291 -0.94202485093234045 -0.17999999999999999
    endloop
  endfacet
  facet normal 2.1546192788855038e-16 2.1546192788855038e-16 -1
    outer loop
      vertex 0.67179410349005919 -0.80061303631788494 -0.18000000000000002
      vertex 0.76317024740919492 -0.76317024740919537 -0.17999999999999999
      vertex 0.81317279836452938 -0.81317279836452983 -0.17999999999999999
    endloop
  endfacet
  facet normal 1.7896977334769922e-16 -1.953112350887851e-16 -1
    outer loop
      vertex 0.67179410349005919 -0.80061303631788494 -0.18000000000000002
      vertex 0.81317279836452938 -0.81317279836452983 -0.17999999999999999
      vertex 0.73920575113952003 -0.88095110958682477 -0.17999999999999999
    endloop
  endfacet
  facet normal 6.7424643792174386e-17 -3.3137907797006184e-16 -1
    outer loop
      vertex 0.76317024740919492 -0.76317024740919537 -0.17999999999999999
      vertex 0.80061303631788439 -0.67179410349005964 -0.18000000000000002
      vertex 0.88095110958682443 -0.73920575113952047 -0.17999999999999999
    endloop
  endfacet
  facet normal 0 0 -1
    outer loop
      vertex 0.76317024740919492 -0.76317024740919537 -0.17999999999999999
      vertex 0.88095110958682443 -0.73920575113952047 -0.17999999999999999
      vertex 0.81317279836452938 -0.81317279836452983 -0.17999999999999999
    endloop
  endfacet
  facet normal 1.747740059291516e-16 2.49603148198052e-16 -1
    outer loop
      vertex 0.80061303631788439 -0.67179410349005964 -0.18000000000000002
      vertex 0.85611717606618398 -0.59945970027235196 -0.17999999999999999
      vertex 0.94202485093234023 -0.65961290180370347 -0.17999999999999999
    endloop
  endfacet
  facet normal 2.1016626039869635e-16 -1.6126624356653387e-16 -1
    outer loop
      vertex 0.80061303631788439 -0.67179410349005964 -0.18000000000000002
      vertex 0.94202485093234023 -0.65961290180370347 -0.17999999999999999
      vertex 0.88095110958682443 -0.73920575113952047 -0.17999999999999999
    endloop
  endfacet
  facet normal -7.1067203267597689e-17 4.0622127145824995e-16 -1
    outer loop
      vertex 0.85611717606618398 -0.59945970027235196 -0.17999999999999999
      vertex 0.90510574716693559 -0.52256304677190712 -0.17999999999999997
      vertex 0.99592921435210457 -0.57499999999999962 -0.17999999999999999
    endloop
  endfacet
  facet normal 0 0 -1
    outer loop
      vertex 0.85611717606618398 -0.59945970027235196 -0.17999999999999999
      vertex 0.99592921435210457 -0.57499999999999962 -0.17999999999999999
      vertex 0.94202485093234023 -0.65961290180370347 -0.17999999999999999
    endloop
  endfacet
  facet normal -1.2877566423951118e-16 -2.7616030315484594e-16 -1
    outer loop
      vertex 0.90510574716693559 -0.52256304677190712 -0.17999999999999997
      vertex 0.94720591701395362 -0.44168937295333527 -0.17999999999999999
      vertex 1.042253955092147 -0.48601100100180494 -0.17999999999999999
    endloop
  endfacet
  facet normal -2.3497695197673903e-16 1.223212588381702e-16 -1
    outer loop
      vertex 0.90510574716693559 -0.52256304677190712 -0.17999999999999997
      vertex 1.042253955092147 -0.48601100100180494 -0.17999999999999999
      vertex 0.99592921435210457 -0.57499999999999962 -0.17999999999999999
    endloop
  endfacet
  facet normal 0 0 -1
    outer loop
      vertex 0.94720591701395362 -0.44168937295333527 -0.17999999999999999
      vertex 0.98209727789392598 -0.35745417630725168 -0.17999999999999999
      vertex 1.0806465139037946 -0.39332316482451884 -0.17999999999999999
    endloop
  endfacet
  facet normal 0 0 -1
    outer loop
      vertex 0.94720591701395362 -0.44168937295333527 -0.17999999999999999
      vertex 1.0806465139037946 -0.39332316482451884 -0.17999999999999999
      vertex 1.042253955092147 -0.48601100100180494 -0.17999999999999999
    endloop
  endfacet
  facet normal 0 0 -1
    outer loop
      vertex 0.98209727789392598 -0.35745417630725168 -0.17999999999999999
      vertex 1.0095142854825756 -0.27049853754273789 -0.17999999999999999
      vertex 1.1108147002324285 -0.29764190186789874 -0.17999999999999999
    endloop
  endfacet
  facet normal 0 0 -1
    outer loop
      vertex 0.98209727789392598 -0.35745417630725168 -0.17999999999999999
      vertex 1.1108147002324285 -0.29764190186789874 -0.17999999999999999
      vertex 1.0806465139037946 -0.39332316482451884 -0.17999999999999999
    endloop
  endfacet
  facet normal -2.0571718397653966e-16 3.5741671614825306e-16 -1
    outer loop
      vertex 1.0095142854825756 -0.27049853754273789 -0.17999999999999999
      vertex 1.0292482797973113 -0.18148424157604132 -0.17999999999999997
      vertex 1.132528915964039 -0.19969540431696992 -0.17999999999999999
    endloop
  endfacet
  facet normal 0 0 -1
    outer loop
      vertex 1.0095142854825756 -0.27049853754273789 -0.17999999999999999
      vertex 1.132528915964039 -0.19969540431696992 -0.17999999999999999
      vertex 1.1108147002324285 -0.29764190186789874 -0.17999999999999999
    endloop
  endfacet
  facet normal -2.6557154956791251e-17 -3.0354967016866091e-16 -1
    outer loop
      vertex 1.0292482797973113 -0.18148424157604132 -0.17999999999999997
      vertex 1.075178706297591 -0.094065948065508359 -0.17999999999999999
      vertex 1.1456239028055073 -0.10022910415980706 -0.17999999999999999
    endloop
  endfacet
  facet normal -2.6264244230691408e-16 3.4577533502159243e-17 -1
    outer loop
      vertex 1.0292482797973113 -0.18148424157604132 -0.17999999999999997
      vertex 1.1456239028055073 -0.10022910415980706 -0.17999999999999999
      vertex 1.132528915964039 -0.19969540431696992 -0.17999999999999999
    endloop
  endfacet
  facet normal 0 0 -1
    outer loop
      vertex 1.075178706297591 -0.094065948065508359 -0.17999999999999999
      vertex 1.0792857142857142 0 -0.17999999999999999
      vertex 1.1499999999999999 0 -0.17999999999999999
    endloop
  endfacet
  facet normal 0 0 -1
    outer loop
      vertex 1.075178706297591 -0.094065948065508359 -0.17999999999999999
      vertex 1.1499999999999999 0 -0.17999999999999999
      vertex 1.1456239028055073 -0.10022910415980706 -0.17999999999999999
    endloop
  endfacet
  facet normal 4.1088457332780819e-06 1.7654229950278255e-07 0.9999999999915431
    outer loop
      vertex 0.15998191499752715 -0.0070960828252765243 0.58000024980400711
      vertex 0.22047366000312832 -4.6383326207678613e-18 0.57999999999999996
      vertex 0.15878365208248763 0.020792290616637312 0.580000249804007
    endloop
  endfacet
  facet normal 9.7230445333110699e-06 1.6833676180175159e-05 0.99999999981104493
    outer loop
      vertex 0.15878365208248763 0.020792290616637312 0.580000249804007
      vertex 0.22047366000312832 -4.6383326207678613e-18 0.57999999999999996
      vertex 0.15453714223606227 0.04152525773141047 0.57999994208095662
    endloop
  endfacet
  facet normal 1.9181447963378534e-05 -9.2686691456369545e-06 0.99999999977308185
    outer loop
      vertex 0.14799178953608053 0.061180043704198404 0.58000024980400722
      vertex 0.15453714223606227 0.04152525773141047 0.57999994208095662
      vertex 0.19558169723670177 0.13271559218840476 0.58000000000000007
    endloop
  endfacet
  facet normal 2.9469853019424498e-06 1.531507774133318e-06 0.99999999999448497
    outer loop
      vertex 0.14799178953608053 0.061180043704198404 0.58000024980400722
      vertex 0.19558169723670177 0.13271559218840476 0.58000000000000007
      vertex 0.13511965861846606 0.085949085932128327 0.58000024980400711
    endloop
  endfacet
  facet normal -2.8262231237391272e-06 8.9953954732087643e-06 0.99999999995554767
    outer loop
      vertex 0.13511965861846606 0.085949085932128327 0.58000024980400711
      vertex 0.19558169723670177 0.13271559218840476 0.58000000000000007
      vertex 0.1130704621389737 0.11323049921212888 0.57999994208095662
    endloop
  endfacet
  facet normal -5.3646484793189209e-05 -5.4637379593353731e-05 -0.9999999970684057
    outer loop
      vertex 0.13511965861846606 0.085949085932128327 0.58000024980400711
      vertex 0.1130704621389737 0.11323049921212888 0.57999994208095662
      vertex 0.12256711089903649 0.10284601754984628 0.57999999999999996
    endloop
  endfacet
  facet normal 7.7695327229652142e-05 0.00010994920007732056 -0.99999999093730485
    outer loop
      vertex 0.097574627437666789 0.12697936682051814 0.58000024980400711
      vertex 0.1130704621389737 0.11323049921212888 0.57999994208095662
      vertex 0.067690168316165117 0.14501298646560784 0.57999991070322798
    endloop
  endfacet
  facet normal -1.9696763518396415e-05 -5.1444353438642466e-05 -0.999999998482758
    outer loop
      vertex 0.097574627437666789 0.12697936682051814 0.58000024980400711
      vertex 0.067690168316165117 0.14501298646560784 0.57999991070322798
      vertex 0.080000000000000016 0.13856406460551018 0.57999999999999996
    endloop
  endfacet
  facet normal 2.0258394518515911e-05 7.0966550577838037e-06 0.99999999976961751
    outer loop
      vertex 0.048260656139753513 0.15269406205448741 0.58000024980400711
      vertex 0.067690168316165117 0.14501298646560784 0.57999991070322798
      vertex 0.034642428520637522 0.22676944412666827 0.57999999999999996
    endloop
  endfacet
  facet normal 7.8205144911102035e-07 3.5160690974877344e-06 0.99999999999351274
    outer loop
      vertex 0.048260656139753513 0.15269406205448741 0.58000024980400711
      vertex 0.034642428520637522 0.22676944412666827 0.57999999999999996
      vertex 0.021012422715562501 0.15875467114186498 0.58000024980400722
    endloop
  endfacet
  facet normal 1.6147327141166554e-07 3.6404315527795714e-06 0.99999999999336064
    outer loop
      vertex 0.021012422715562501 0.15875467114186498 0.58000024980400722
      vertex 0.034642428520637522 0.22676944412666827 0.57999999999999996
      vertex -0.0068742625400418931 0.15999159988033668 0.58000024980400711
    endloop
  endfacet
  facet normal -4.8822405781054305e-07 4.0443571901564399e-06 0.99999999999170242
    outer loop
      vertex -0.0068742625400418931 0.15999159988033668 0.58000024980400711
      vertex 0.034642428520637522 0.22676944412666827 0.57999999999999996
      vertex -0.060041092611778472 0.21533950097116572 0.57999999999999985
    endloop
  endfacet
  facet normal -5.2497488062117171e-07 4.0090545912714008e-06 0.99999999999182598
    outer loop
      vertex -0.0068742625400418931 0.15999159988033668 0.58000024980400711
      vertex -0.060041092611778472 0.21533950097116572 0.57999999999999985
      vertex -0.034552076806911927 0.1563672648161003 0.580000249804007
    endloop
  endfacet
  facet normal -1.455252636478341e-05 -2.0539422496176854e-06 0.99999999989200261
    outer loop
      vertex -0.034552076806911927 0.1563672648161003 0.580000249804007
      vertex -0.060041092611778472 0.21533950097116572 0.57999999999999985
      vertex -0.054732310686235616 0.15036167941557874 0.5799999437954958
    endloop
  endfacet
  facet normal -6.6770623278521648e-05 0.00011738270486239172 -0.99999999088149216
    outer loop
      vertex -0.073845569504715866 0.14209644394657936 0.58000024980400711
      vertex -0.054732310686235616 0.15036167941557874 0.5799999437954958
      vertex -0.1027637489552594 0.1226917618790682 0.57999990291480186
    endloop
  endfacet
  facet normal 3.5392293934286906e-05 -3.4867435600484655e-05 -0.99999999876582379
    outer loop
      vertex -0.073845569504715866 0.14209644394657936 0.58000024980400711
      vertex -0.1027637489552594 0.1226917618790682 0.57999990291480186
      vertex -0.091772229816167381 0.13106432708623866 0.57999999999999996
    endloop
  endfacet
  facet normal -9.4010703468938648e-05 9.1904669393688028e-05 -0.99999999135775963
    outer loop
      vertex -0.1027637489552594 0.1226917618790682 0.57999990291480186
      vertex -0.12265436308794722 0.10277150663310823 0.57999994208095662
      vertex -0.11313708498984759 0.11313708498984762 0.57999999999999996
    endloop
  endfacet
  facet normal -0.00011519295076803947 6.6993573814844124e-05 -0.99999999112122251
    outer loop
      vertex -0.13500036112130298 0.086136345492811406 0.58000024980400722
      vertex -0.12265436308794722 0.10277150663310823 0.57999994208095662
      vertex -0.1504563001335438 0.05455395369964653 0.57999991440193011
    endloop
  endfacet
  facet normal 5.6140667646778928e-05 -1.6854475816954825e-05 -0.99999999828207597
    outer loop
      vertex -0.13500036112130298 0.086136345492811406 0.58000024980400722
      vertex -0.1504563001335438 0.05455395369964653 0.57999991440193011
      vertex -0.14500924592586401 0.067618921878511914 0.57999999999999996
    endloop
  endfacet
  facet normal -8.3528023062838505e-06 1.9427429168714647e-05 0.99999999977640286
    outer loop
      vertex -0.15631920838012187 0.034768845381335622 0.58000024980400711
      vertex -0.1504563001335438 0.05455395369964653 0.57999991440193011
      vertex -0.2425429921605928 0.010555337318516904 0.57999999999999985
    endloop
  endfacet
  facet normal -3.009000328237895e-06 3.9826473785215305e-07 0.9999999999953938
    outer loop
      vertex -0.15631920838012187 0.034768845381335622 0.58000024980400711
      vertex -0.2425429921605928 0.010555337318516904 0.57999999999999985
      vertex -0.15998191499752709 0.0070960828252765651 0.58000024980400722
    endloop
  endfacet
  facet normal -3.0596397076088918e-06 -8.1033142528326493e-07 0.9999999999949909
    outer loop
      vertex -0.15998191499752709 0.0070960828252765651 0.58000024980400722
      vertex -0.2425429921605928 0.010555337318516904 0.57999999999999985
      vertex -0.22833540450068096 -0.043089502170933186 0.57999999999999996
    endloop
  endfacet
  facet normal -3.5428276095646219e-06 -1.5222254427299794e-07 0.9999999999937127
    outer loop
      vertex -0.15998191499752709 0.0070960828252765651 0.58000024980400722
      vertex -0.22833540450068096 -0.043089502170933186 0.57999999999999996
      vertex -0.15878365208248768 -0.020792290616637187 0.580000249804007
    endloop
  endfacet
  facet normal 2.7430930529293024e-07 -1.2059028065018253e-05 0.99999999992725241
    outer loop
      vertex -0.15878365208248768 -0.020792290616637187 0.580000249804007
      vertex -0.22833540450068096 -0.043089502170933186 0.57999999999999996
      vertex -0.15454813220625094 -0.041411047216403256 0.57999999999999996
    endloop
  endfacet
  facet normal 0 0 1
    outer loop
      vertex -0.15454813220625094 -0.041411047216403256 0.57999999999999996
      vertex -0.22833540450068096 -0.043089502170933186 0.57999999999999996
      vertex -0.18270050911493291 -0.11120598474721755 0.57999999999999996
    endloop
  endfacet
  facet normal -1.7191896881349497e-05 6.934496654077004e-06 0.99999999982817578
    outer loop
      vertex -0.15454813220625094 -0.041411047216403256 0.57999999999999996
      vertex -0.18270050911493291 -0.11120598474721755 0.57999999999999996
      vertex -0.14799178953608053 -0.061180043704198397 0.58000024980400711
    endloop
  endfacet
  facet normal -4.1149456885641645e-06 -2.1384807347271335e-06 0.99999999998924693
    outer loop
      vertex -0.14799178953608053 -0.061180043704198397 0.58000024980400711
      vertex -0.18270050911493291 -0.11120598474721755 0.57999999999999996
      vertex -0.13511965861846614 -0.08594908593212823 0.58000024980400711
    endloop
  endfacet
  facet normal -3.7321308282075576e-06 -2.8596562350025869e-06 0.99999999998894684
    outer loop
      vertex -0.13511965861846614 -0.08594908593212823 0.58000024980400711
      vertex -0.18270050911493291 -0.11120598474721755 0.57999999999999996
      vertex -0.11814198524757569 -0.10810660867634687 0.58000024980400722
    endloop
  endfacet
  facet normal -2.7161353462194978e-06 -2.4022357050586256e-05 0.99999999970777442
    outer loop
      vertex -0.11814198524757569 -0.10810660867634687 0.58000024980400722
      vertex -0.18270050911493291 -0.11120598474721755 0.57999999999999996
      vertex -0.10277150663310823 -0.12265436308794726 0.57999994208095662
    endloop
  endfacet
  facet normal -0.00011776140556627768 -0.00018359819876402383 -0.99999997621197612
    outer loop
      vertex -0.086136345492811364 -0.13500036112130304 0.58000024980400711
      vertex -0.10277150663310823 -0.12265436308794726 0.57999994208095662
      vertex -0.067546254705600772 -0.14508226571269497 0.57999991162830145
    endloop
  endfacet
  facet normal -1.8253293086517986e-05 -1.8195412417087191e-06 0.99999999983175325
    outer loop
      vertex -0.048260656139753506 -0.15269406205448741 0.58000024980400711
      vertex -0.067546254705600772 -0.14508226571269497 0.57999991162830145
      vertex -0.054259361517931669 -0.22980574074003798 0.58000000000000007
    endloop
  endfacet
  facet normal -7.0828320402881343e-07 -3.1844103118291946e-06 0.99999999999467903
    outer loop
      vertex -0.048260656139753506 -0.15269406205448741 0.58000024980400711
      vertex -0.054259361517931669 -0.22980574074003798 0.58000000000000007
      vertex -0.021012422715562334 -0.15875467114186506 0.58000024980400711
    endloop
  endfacet
  facet normal 8.6350314399120611e-06 -7.5564290853686098e-06 0.99999999993416822
    outer loop
      vertex -0.021012422715562334 -0.15875467114186506 0.58000024980400711
      vertex -0.054259361517931669 -0.22980574074003798 0.58000000000000007
      vertex 0.014059302628575661 -0.15940016113463348 0.57999994208095673
    endloop
  endfacet
  facet normal -7.3713652911803382e-06 7.6215822274508928e-05 -0.9999999970684057
    outer loop
      vertex -0.021012422715562334 -0.15875467114186506 0.58000024980400711
      vertex 0.014059302628575661 -0.15940016113463348 0.57999994208095673
      vertex -2.9391523179536474e-17 -0.16 0.57999999999999996
    endloop
  endfacet
  facet normal -6.1917996276823869e-06 7.8046972463012925e-05 -0.99999999693516595
    outer loop
      vertex 0.027783708426708797 -0.15756924048195331 0.57999999999999996
      vertex 0.014059302628575661 -0.15940016113463348 0.57999994208095673
      vertex 0.048048900829571403 -0.15276082824732654 0.58000024980400722
    endloop
  endfacet
  facet normal -5.86394411891089e-06 -1.6328439589407227e-05 0.99999999984949806
    outer loop
      vertex 0.048048900829571403 -0.15276082824732654 0.58000024980400722
      vertex 0.014059302628575661 -0.15940016113463348 0.57999994208095673
      vertex 0.10262028980427346 -0.18765746240142173 0.57999999999999996
    endloop
  endfacet
  facet normal 9.6331369666716952e-06 7.9059102376056037e-06 0.99999999992234967
    outer loop
      vertex 0.048048900829571403 -0.15276082824732654 0.58000024980400722
      vertex 0.10262028980427346 -0.18765746240142173 0.57999999999999996
      vertex 0.067618921878511817 -0.14500924592586403 0.57999999999999996
    endloop
  endfacet
  facet normal -9.445620463634664e-06 -7.7520155461660929e-06 0.99999999992534327
    outer loop
      vertex 0.067618921878511817 -0.14500924592586403 0.57999999999999996
      vertex 0.10262028980427346 -0.18765746240142173 0.57999999999999996
      vertex 0.085949085932127994 -0.13511965861846625 0.58000024980400722
    endloop
  endfacet
  facet normal 1.4822172404276925e-05 -5.1402020177852129e-08 0.9999999998901502
    outer loop
      vertex 0.085949085932127994 -0.13511965861846625 0.58000024980400722
      vertex 0.10262028980427346 -0.18765746240142173 0.57999999999999996
      vertex 0.10284601754984628 -0.1225671108990365 0.57999999999999996
    endloop
  endfacet
  facet normal 8.5369389178008442e-06 -2.9605370558452817e-08 0.99999999996355993
    outer loop
      vertex 0.10284601754984628 -0.1225671108990365 0.57999999999999996
      vertex 0.10262028980427346 -0.18765746240142173 0.57999999999999996
      vertex 0.11323055478159827 -0.11309377442164711 0.57999991162830156
    endloop
  endfacet
  facet normal 1.2441384680039137e-05 -3.28130125539126e-05 0.9999999993842591
    outer loop
      vertex 0.12697936682051825 -0.097574627437666678 0.58000024980400711
      vertex 0.11323055478159827 -0.11309377442164711 0.57999991162830156
      vertex 0.1992355944526743 -0.077790905493788767 0.57999999999999996
    endloop
  endfacet
  facet normal -5.3026530921940247e-07 1.4563436487105734e-05 0.99999999989381261
    outer loop
      vertex 0.12697936682051825 -0.097574627437666678 0.58000024980400711
      vertex 0.1992355944526743 -0.077790905493788767 0.57999999999999996
      vertex 0.13856406460551021 -0.079999999999999946 0.57999999999999996
    endloop
  endfacet
  facet normal 4.9771382024144882e-07 -1.3669428272634722e-05 0.99999999990644961
    outer loop
      vertex 0.13856406460551021 -0.079999999999999946 0.57999999999999996
      vertex 0.1992355944526743 -0.077790905493788767 0.57999999999999996
      vertex 0.14790682171742281 -0.061385174164367146 0.58000024980400722
    endloop
  endfacet
  facet normal 4.4202156437224833e-06 -1.3970582948752142e-06 0.99999999998925493
    outer loop
      vertex 0.14790682171742281 -0.061385174164367146 0.58000024980400722
      vertex 0.1992355944526743 -0.077790905493788767 0.57999999999999996
      vertex 0.156319208380122 -0.034768845381335164 0.580000249804007
    endloop
  endfacet
  facet normal 4.5699719712625509e-06 -1.2476698101574506e-06 0.99999999998877931
    outer loop
      vertex 0.156319208380122 -0.034768845381335164 0.580000249804007
      vertex 0.1992355944526743 -0.077790905493788767 0.57999999999999996
      vertex 0.22047366000312832 -4.6383326207678613e-18 0.57999999999999996
    endloop
  endfacet
  facet normal 4.1946838670750995e-06 -5.5519923020902408e-07 0.99999999999104816
    outer loop
      vertex 0.156319208380122 -0.034768845381335164 0.580000249804007
      vertex 0.22047366000312832 -4.6383326207678613e-18 0.57999999999999996
      vertex 0.15998191499752715 -0.0070960828252765243 0.58000024980400711
    endloop
  endfacet
  facet normal -7.1672327145997233e-07 2.5673065500113629e-07 0.99999999999971023
    outer loop
      vertex 0.15453714223606227 0.04152525773141047 0.57999994208095662
      vertex 0.22047366000312832 -4.6383326207678613e-18 0.57999999999999996
      vertex 0.25672111261730707 0.10119318602849292 0.57999999999999985
    endloop
  endfacet
  facet normal -2.6578956982818368e-07 -5.1551328452420952e-07 0.9999999999998318
    outer loop
      vertex 0.15453714223606227 0.04152525773141047 0.57999994208095662
      vertex 0.25672111261730707 0.10119318602849292 0.57999999999999985
      vertex 0.19558169723670177 0.13271559218840476 0.58000000000000007
    endloop
  endfacet
  facet normal -6.3840920177175482e-07 -2.6908322791340796e-07 0.99999999999975997
    outer loop
      vertex 0.1130704621389737 0.11323049921212888 0.57999994208095662
      vertex 0.19558169723670177 0.13271559218840476 0.58000000000000007
      vertex 0.16059530916712411 0.21572199932330544 0.57999999999999996
    endloop
  endfacet
  facet normal -8.206960750366348e-07 -1.8455762571456633e-07 0.99999999999964628
    outer loop
      vertex 0.1130704621389737 0.11323049921212888 0.57999994208095662
      vertex 0.16059530916712411 0.21572199932330544 0.57999999999999996
      vertex 0.067690168316165117 0.14501298646560784 0.57999991070322798
    endloop
  endfacet
  facet normal -3.3696684473239235e-07 -8.9251049292327732e-07 0.99999999999954492
    outer loop
      vertex -0.054732310686235616 0.15036167941557874 0.5799999437954958
      vertex -0.060041092611778472 0.21533950097116572 0.57999999999999985
      vertex -0.1027637489552594 0.1226917618790682 0.57999990291480186
    endloop
  endfacet
  facet normal 8.8944548567035399e-07 1.0780252336693653e-06 0.99999999999902345
    outer loop
      vertex -0.12265436308794722 0.10277150663310823 0.57999994208095662
      vertex -0.1027637489552594 0.1226917618790682 0.57999990291480186
      vertex -0.227548658478054 0.13558958264115573 0.58000000000000007
    endloop
  endfacet
  facet normal 3.156271473986496e-07 -7.560332364313778e-07 0.99999999999966427
    outer loop
      vertex -0.12265436308794722 0.10277150663310823 0.57999994208095662
      vertex -0.227548658478054 0.13558958264115573 0.58000000000000007
      vertex -0.1504563001335438 0.05455395369964653 0.57999991440193011
    endloop
  endfacet
  facet normal 7.4319475813590239e-07 1.296054588865537e-07 0.99999999999971556
    outer loop
      vertex -0.18270050911493291 -0.11120598474721755 0.57999999999999996
      vertex -0.16429221353958365 -0.21676441488858303 0.57999999999999996
      vertex -0.10277150663310823 -0.12265436308794726 0.57999994208095662
    endloop
  endfacet
  facet normal 8.8712541082631992e-07 3.5516513767394823e-08 0.99999999999960598
    outer loop
      vertex -0.10277150663310823 -0.12265436308794726 0.57999994208095662
      vertex -0.16429221353958365 -0.21676441488858303 0.57999999999999996
      vertex -0.067546254705600772 -0.14508226571269497 0.57999991162830145
    endloop
  endfacet
  facet normal 1.2341212179172366e-07 7.028944625728612e-07 0.99999999999974531
    outer loop
      vertex -0.054259361517931669 -0.22980574074003798 0.58000000000000007
      vertex 0.032254275796352427 -0.24499554803311563 0.57999999999999996
      vertex 0.014059302628575661 -0.15940016113463348 0.57999994208095673
    endloop
  endfacet
  facet normal -4.6997447486521022e-07 5.7675853871638476e-07 0.99999999999972322
    outer loop
      vertex 0.014059302628575661 -0.15940016113463348 0.57999994208095673
      vertex 0.032254275796352427 -0.24499554803311563 0.57999999999999996
      vertex 0.10262028980427346 -0.18765746240142173 0.57999999999999996
    endloop
  endfacet
  facet normal -8.9536169199670789e-07 -3.2195911857831533e-07 0.99999999999954736
    outer loop
      vertex 0.11323055478159827 -0.11309377442164711 0.57999991162830156
      vertex 0.22375936387857198 -0.14599100426492442 0.57999999999999996
      vertex 0.1992355944526743 -0.077790905493788767 0.57999999999999996
    endloop
  endfacet
  facet normal 1.0093865986289191e-16 1.0609759153345213e-15 1
    outer loop
      vertex 0.22047366000312832 -4.6383326207678613e-18 0.57999999999999996
      vertex 0.2873272491419458 -0.0063602873516398111 0.57999999999999996
      vertex 0.25672111261730707 0.10119318602849292 0.57999999999999985
    endloop
  endfacet
  facet normal -5.2960224707918591e-07 -5.6702814813103427e-07 0.99999999999969902
    outer loop
      vertex 0.067690168316165117 0.14501298646560784 0.57999991070322798
      vertex 0.16059530916712411 0.21572199932330544 0.57999999999999996
      vertex 0.099339953959859964 0.272934280354377 0.57999999999999996
    endloop
  endfacet
  facet normal 6.0488922178691096e-07 -8.4771958512832131e-07 0.99999999999945766
    outer loop
      vertex 0.067690168316165117 0.14501298646560784 0.57999991070322798
      vertex 0.099339953959859964 0.272934280354377 0.57999999999999996
      vertex 0.034642428520637522 0.22676944412666827 0.57999999999999996
    endloop
  endfacet
  facet normal -1.2350255676182718e-15 5.1743625385361626e-16 1
    outer loop
      vertex 0.034642428520637522 0.22676944412666827 0.57999999999999996
      vertex -0.030771441741987 0.28520079675443222 0.57999999999999985
      vertex -0.060041092611778472 0.21533950097116572 0.57999999999999985
    endloop
  endfacet
  facet normal 1.3606716934024141e-15 -5.7007796617245118e-16 1
    outer loop
      vertex -0.060041092611778472 0.21533950097116572 0.57999999999999985
      vertex -0.030771441741987 0.28520079675443222 0.57999999999999985
      vertex -0.12212676728560436 0.2619016976234389 0.57999999999999996
    endloop
  endfacet
  facet normal -5.8394147430679155e-07 -7.786230702158694e-07 0.99999999999952638
    outer loop
      vertex -0.060041092611778472 0.21533950097116572 0.57999999999999985
      vertex -0.12212676728560436 0.2619016976234389 0.57999999999999996
      vertex -0.1027637489552594 0.1226917618790682 0.57999990291480186
    endloop
  endfacet
  facet normal 3.0159389043537469e-07 -6.5545199476090573e-07 0.99999999999973965
    outer loop
      vertex -0.1027637489552594 0.1226917618790682 0.57999990291480186
      vertex -0.12212676728560436 0.2619016976234389 0.57999999999999996
      vertex -0.22304420224742449 0.21546644063105358 0.57999999999999996
    endloop
  endfacet
  facet normal 7.7351173499141563e-07 -4.3620264126632108e-08 0.9999999999996998
    outer loop
      vertex -0.1027637489552594 0.1226917618790682 0.57999990291480186
      vertex -0.22304420224742449 0.21546644063105358 0.57999999999999996
      vertex -0.227548658478054 0.13558958264115573 0.58000000000000007
    endloop
  endfacet
  facet normal 5.77528457679913e-07 -5.0687629242012278e-07 0.9999999999997049
    outer loop
      vertex -0.227548658478054 0.13558958264115573 0.58000000000000007
      vertex -0.27589064704386984 0.080509330070421076 0.57999999999999996
      vertex -0.1504563001335438 0.05455395369964653 0.57999991440193011
    endloop
  endfacet
  facet normal 7.5709499613841458e-07 3.6091353103458517e-07 0.99999999999964817
    outer loop
      vertex -0.1504563001335438 0.05455395369964653 0.57999991440193011
      vertex -0.27589064704386984 0.080509330070421076 0.57999999999999996
      vertex -0.2425429921605928 0.010555337318516904 0.57999999999999985
    endloop
  endfacet
  facet normal 0 0 1
    outer loop
      vertex -0.22833540450068096 -0.043089502170933186 0.57999999999999996
      vertex -0.26761031276512126 -0.13930911121336942 0.57999999999999996
      vertex -0.18270050911493291 -0.11120598474721755 0.57999999999999996
    endloop
  endfacet
  facet normal 0 0 1
    outer loop
      vertex -0.18270050911493291 -0.11120598474721755 0.57999999999999996
      vertex -0.26761031276512126 -0.13930911121336942 0.57999999999999996
      vertex -0.16429221353958365 -0.21676441488858303 0.57999999999999996
    endloop
  endfacet
  facet normal 1.2596711810379188e-07 1.0628153559543524e-06 0.99999999999942724
    outer loop
      vertex -0.067546254705600772 -0.14508226571269497 0.57999991162830145
      vertex -0.16429221353958365 -0.21676441488858303 0.57999999999999996
      vertex -0.054259361517931669 -0.22980574074003798 0.58000000000000007
    endloop
  endfacet
  facet normal 1.3230525278769889e-15 2.2645343786214596e-16 1
    outer loop
      vertex -0.054259361517931669 -0.22980574074003798 0.58000000000000007
      vertex -0.042884620824871836 -0.29626257871067374 0.58000000000000007
      vertex 0.032254275796352427 -0.24499554803311563 0.57999999999999996
    endloop
  endfacet
  facet normal -0 0 1
    outer loop
      vertex 0.032254275796352427 -0.24499554803311563 0.57999999999999996
      vertex 0.12662669823992015 -0.25738878780168828 0.57999999999999996
      vertex 0.10262028980427346 -0.18765746240142173 0.57999999999999996
    endloop
  endfacet
  facet normal 0 0 1
    outer loop
      vertex 0.10262028980427346 -0.18765746240142173 0.57999999999999996
      vertex 0.12662669823992015 -0.25738878780168828 0.57999999999999996
      vertex 0.18879094605555446 -0.21597304179848978 0.57999999999999996
    endloop
  endfacet
  facet normal 3.7205331962451058e-07 1.1322416632531051e-06 0.99999999999928979
    outer loop
      vertex 0.10262028980427346 -0.18765746240142173 0.57999999999999996
      vertex 0.18879094605555446 -0.21597304179848978 0.57999999999999996
      vertex 0.11323055478159827 -0.11309377442164711 0.57999991162830156
    endloop
  endfacet
  facet normal -6.9602209855017024e-07 3.4778626650420481e-07 0.99999999999969724
    outer loop
      vertex 0.11323055478159827 -0.11309377442164711 0.57999991162830156
      vertex 0.18879094605555446 -0.21597304179848978 0.57999999999999996
      vertex 0.22375936387857198 -0.14599100426492442 0.57999999999999996
    endloop
  endfacet
  facet normal 0 0 1
    outer loop
      vertex 0.1992355944526743 -0.077790905493788767 0.57999999999999996
      vertex 0.22375936387857198 -0.14599100426492442 0.57999999999999996
      vertex 0.29269379524336692 -0.10112660253709695 0.57999999999999996
    endloop
  endfacet
  facet normal -0 0 1
    outer loop
      vertex 0.1992355944526743 -0.077790905493788767 0.57999999999999996
      vertex 0.29269379524336692 -0.10112660253709695 0.57999999999999996
      vertex 0.2873272491419458 -0.0063602873516398111 0.57999999999999996
    endloop
  endfacet
  facet normal 0 0 1
    outer loop
      vertex 0.1992355944526743 -0.077790905493788767 0.57999999999999996
      vertex 0.2873272491419458 -0.0063602873516398111 0.57999999999999996
      vertex 0.22047366000312832 -4.6383326207678613e-18 0.57999999999999996
    endloop
  endfacet
  facet normal -1.203507460100021e-15 6.8977399333322835e-16 1
    outer loop
      vertex 0.2873272491419458 -0.0063602873516398111 0.57999999999999996
      vertex 0.33766051143322751 0.081460444140427704 0.57999999999999996
      vertex 0.25672111261730707 0.10119318602849292 0.57999999999999985
    endloop
  endfacet
  facet normal 2.4655273408592732e-15 -2.2620006968464362e-15 1
    outer loop
      vertex 0.25672111261730707 0.10119318602849292 0.57999999999999985
      vertex 0.23437326315453039 0.22407894548700763 0.58000000000000018
      vertex 0.19558169723670177 0.13271559218840476 0.58000000000000007
    endloop
  endfacet
  facet normal -3.0170913844933928e-15 6.5840368615986235e-17 1
    outer loop
      vertex 0.19558169723670177 0.13271559218840476 0.58000000000000007
      vertex 0.23437326315453039 0.22407894548700763 0.58000000000000018
      vertex 0.16059530916712411 0.21572199932330544 0.57999999999999996
    endloop
  endfacet
  facet normal 0 0 1
    outer loop
      vertex 0.099339953959859964 0.272934280354377 0.57999999999999996
      vertex 0.044291190542115895 0.32404404033681744 0.57999999999999996
      vertex 0.034642428520637522 0.22676944412666827 0.57999999999999996
    endloop
  endfacet
  facet normal -1.559088872362221e-15 1.546475450513214e-16 1
    outer loop
      vertex 0.034642428520637522 0.22676944412666827 0.57999999999999996
      vertex 0.044291190542115895 0.32404404033681744 0.57999999999999996
      vertex -0.030771441741987 0.28520079675443222 0.57999999999999985
    endloop
  endfacet
  facet normal 6.413654207530579e-16 -1.2813317186206648e-15 1
    outer loop
      vertex -0.27589064704386984 0.080509330070421076 0.57999999999999996
      vertex -0.33221469134275616 0.052316557000574353 0.57999999999999996
      vertex -0.2425429921605928 0.010555337318516904 0.57999999999999985
    endloop
  endfacet
  facet normal 1.2831544334246642e-15 9.6748512772389767e-17 1
    outer loop
      vertex -0.2425429921605928 0.010555337318516904 0.57999999999999985
      vertex -0.33221469134275616 0.052316557000574353 0.57999999999999996
      vertex -0.32611881670322113 -0.028531699424020524 0.57999999999999996
    endloop
  endfacet
  facet normal 3.2076261815129903e-16 2.1545327859663592e-15 1
    outer loop
      vertex -0.2425429921605928 0.010555337318516904 0.57999999999999985
      vertex -0.32611881670322113 -0.028531699424020524 0.57999999999999996
      vertex -0.22833540450068096 -0.043089502170933186 0.57999999999999996
    endloop
  endfacet
  facet normal 0 0 1
    outer loop
      vertex -0.22833540450068096 -0.043089502170933186 0.57999999999999996
      vertex -0.32611881670322113 -0.028531699424020524 0.57999999999999996
      vertex -0.31270925296511093 -0.098596848731151043 0.57999999999999996
    endloop
  endfacet
  facet normal 0 0 1
    outer loop
      vertex -0.22833540450068096 -0.043089502170933186 0.57999999999999996
      vertex -0.31270925296511093 -0.098596848731151043 0.57999999999999996
      vertex -0.26761031276512126 -0.13930911121336942 0.57999999999999996
    endloop
  endfacet
  facet normal -1.2395239729533096e-15 -1.6534085434230204e-15 1
    outer loop
      vertex -0.26761031276512126 -0.13930911121336942 0.57999999999999996
      vertex -0.24022089336741531 -0.22698988738204187 0.57999999999999985
      vertex -0.16429221353958365 -0.21676441488858303 0.57999999999999996
    endloop
  endfacet
  facet normal -1.0562517662700124e-15 -3.9873950642073744e-16 1
    outer loop
      vertex -0.16429221353958365 -0.21676441488858303 0.57999999999999996
      vertex -0.12400339832359325 -0.32348855821415851 0.57999999999999996
      vertex -0.054259361517931669 -0.22980574074003798 0.58000000000000007
    endloop
  endfacet
  facet normal -1.2942864615872481e-15 -2.2152984301777869e-16 1
    outer loop
      vertex -0.054259361517931669 -0.22980574074003798 0.58000000000000007
      vertex -0.12400339832359325 -0.32348855821415851 0.57999999999999996
      vertex -0.042884620824871836 -0.29626257871067374 0.58000000000000007
    endloop
  endfacet
  facet normal -4.9908349687214482e-18 2.1728839533522585e-15 1
    outer loop
      vertex -0.042884620824871836 -0.29626257871067374 0.58000000000000007
      vertex 0.0087082243217595327 -0.34723852287738244 0.58000000000000018
      vertex 0.032254275796352427 -0.24499554803311563 0.57999999999999996
    endloop
  endfacet
  facet normal 6.3356498988999884e-16 2.0258277047989861e-15 1
    outer loop
      vertex 0.032254275796352427 -0.24499554803311563 0.57999999999999996
      vertex 0.0087082243217595327 -0.34723852287738244 0.58000000000000018
      vertex 0.084728177022799375 -0.31620986148177754 0.58000000000000007
    endloop
  endfacet
  facet normal 2.2666353733235194e-16 1.7260044586505819e-15 1
    outer loop
      vertex 0.032254275796352427 -0.24499554803311563 0.57999999999999996
      vertex 0.084728177022799375 -0.31620986148177754 0.58000000000000007
      vertex 0.12662669823992015 -0.25738878780168828 0.57999999999999996
    endloop
  endfacet
  facet normal -1.881144395276777e-15 9.3996467547712806e-16 1
    outer loop
      vertex 0.18879094605555446 -0.21597304179848978 0.57999999999999996
      vertex 0.2498948153723253 -0.21179958833284632 0.58000000000000007
      vertex 0.22375936387857198 -0.14599100426492442 0.57999999999999996
    endloop
  endfacet
  facet normal -0 0 1
    outer loop
      vertex 0.2873272491419458 -0.0063602873516398111 0.57999999999999996
      vertex 0.35721135904694307 -0.031251944399296017 0.57999999999999996
      vertex 0.33766051143322751 0.081460444140427704 0.57999999999999996
    endloop
  endfacet
  facet normal -1.4852787654599822e-15 -4.6599037984829153e-16 1
    outer loop
      vertex 0.25672111261730707 0.10119318602849292 0.57999999999999985
      vertex 0.33766051143322751 0.081460444140427704 0.57999999999999996
      vertex 0.30751530599367677 0.1775440446953794 0.57999999999999996
    endloop
  endfacet
  facet normal 1.4829701011424026e-15 -2.4406873191085291e-15 1
    outer loop
      vertex 0.25672111261730707 0.10119318602849292 0.57999999999999985
      vertex 0.30751530599367677 0.1775440446953794 0.57999999999999996
      vertex 0.23437326315453039 0.22407894548700763 0.58000000000000018
    endloop
  endfacet
  facet normal -9.8023532483967866e-08 8.6538495110237436e-07 0.99999999999962064
    outer loop
      vertex 0.23437326315453039 0.22407894548700763 0.58000000000000018
      vertex 0.24091017520809602 0.34400764103644538 0.57999989685628306
      vertex 0.16059530916712411 0.21572199932330544 0.57999999999999996
    endloop
  endfacet
  facet normal 3.1868115779907824e-07 6.0450165245894961e-07 0.99999999999976663
    outer loop
      vertex 0.16059530916712411 0.21572199932330544 0.57999999999999996
      vertex 0.24091017520809602 0.34400764103644538 0.57999989685628306
      vertex 0.14381842341406165 0.39457995743568175 0.5799998972265461
    endloop
  endfacet
  facet normal 5.8821602076283387e-07 6.2978403659281612e-07 0.99999999999962863
    outer loop
      vertex 0.16059530916712411 0.21572199932330544 0.57999999999999996
      vertex 0.14381842341406165 0.39457995743568175 0.5799998972265461
      vertex 0.099339953959859964 0.272934280354377 0.57999999999999996
    endloop
  endfacet
  facet normal 5.8560600290637429e-07 6.3073836232217151e-07 0.99999999999962963
    outer loop
      vertex 0.099339953959859964 0.272934280354377 0.57999999999999996
      vertex 0.14381842341406165 0.39457995743568175 0.5799998972265461
      vertex 0.044291190542115895 0.32404404033681744 0.57999999999999996
    endloop
  endfacet
  facet normal -7.3369894587473213e-16 -1.4403773506303851e-15 1
    outer loop
      vertex 0.044291190542115895 0.32404404033681744 0.57999999999999996
      vertex -0.030044331978496895 0.36190904459459161 0.57999999999999996
      vertex -0.030771441741987 0.28520079675443222 0.57999999999999985
    endloop
  endfacet
  facet normal 1.5882445503042265e-15 -1.462386819414786e-15 1
    outer loop
      vertex -0.030771441741987 0.28520079675443222 0.57999999999999985
      vertex -0.030044331978496895 0.36190904459459161 0.57999999999999996
      vertex -0.12212676728560436 0.2619016976234389 0.57999999999999996
    endloop
  endfacet
  facet normal -1.0944128981335995e-15 1.0076880143687868e-15 1
    outer loop
      vertex -0.12212676728560436 0.2619016976234389 0.57999999999999996
      vertex -0.030044331978496895 0.36190904459459161 0.57999999999999996
      vertex -0.16784394729883317 0.32242522288134889 0.57999999999999985
    endloop
  endfacet
  facet normal -6.2635093014519413e-16 1.3612443076726939e-15 1
    outer loop
      vertex -0.12212676728560436 0.2619016976234389 0.57999999999999996
      vertex -0.16784394729883317 0.32242522288134889 0.57999999999999985
      vertex -0.22304420224742449 0.21546644063105358 0.57999999999999996
    endloop
  endfacet
  facet normal -8.4268930409608832e-07 4.7521363419462957e-08 0.99999999999964384
    outer loop
      vertex -0.22304420224742449 0.21546644063105358 0.57999999999999996
      vertex -0.34400764103644604 0.24091017520809518 0.57999989685628295
      vertex -0.227548658478054 0.13558958264115573 0.58000000000000007
    endloop
  endfacet
  facet normal -6.0269228901736857e-07 3.1289974301191937e-07 0.99999999999976952
    outer loop
      vertex -0.227548658478054 0.13558958264115573 0.58000000000000007
      vertex -0.34400764103644604 0.24091017520809518 0.57999989685628295
      vertex -0.39465114981157046 0.14363103576345285 0.57999989677244845
    endloop
  endfacet
  facet normal -5.9271611686200687e-07 5.2020595940984497e-07 0.99999999999968892
    outer loop
      vertex -0.227548658478054 0.13558958264115573 0.58000000000000007
      vertex -0.39465114981157046 0.14363103576345285 0.57999989677244845
      vertex -0.27589064704386984 0.080509330070421076 0.57999999999999996
    endloop
  endfacet
  facet normal -4.2156714518218488e-07 8.4221465200923971e-07 0.99999999999955647
    outer loop
      vertex -0.27589064704386984 0.080509330070421076 0.57999999999999996
      vertex -0.39465114981157046 0.14363103576345285 0.57999989677244845
      vertex -0.33221469134275616 0.052316557000574353 0.57999999999999996
    endloop
  endfacet
  facet normal -1.3914515359648004e-15 -5.2527883633110036e-16 1
    outer loop
      vertex -0.16429221353958365 -0.21676441488858303 0.57999999999999996
      vertex -0.24022089336741531 -0.22698988738204187 0.57999999999999985
      vertex -0.12400339832359325 -0.32348855821415851 0.57999999999999996
    endloop
  endfacet
  facet normal -1.7544170570036504e-16 2.0124258719751852e-15 1
    outer loop
      vertex 0.084728177022799375 -0.31620986148177754 0.58000000000000007
      vertex 0.19530646018669112 -0.30656973367292062 0.58000000000000007
      vertex 0.12662669823992015 -0.25738878780168828 0.57999999999999996
    endloop
  endfacet
  facet normal -7.7910700856406972e-16 1.169424816144419e-15 1
    outer loop
      vertex 0.12662669823992015 -0.25738878780168828 0.57999999999999996
      vertex 0.19530646018669112 -0.30656973367292062 0.58000000000000007
      vertex 0.18879094605555446 -0.21597304179848978 0.57999999999999996
    endloop
  endfacet
  facet normal -1.8913533301379087e-15 1.0894345154437771e-15 1
    outer loop
      vertex 0.18879094605555446 -0.21597304179848978 0.57999999999999996
      vertex 0.19530646018669112 -0.30656973367292062 0.58000000000000007
      vertex 0.2498948153723253 -0.21179958833284632 0.58000000000000007
    endloop
  endfacet
  facet normal 9.0121772348725323e-07 3.5791276384588503e-07 0.99999999999952993
    outer loop
      vertex 0.2498948153723253 -0.21179958833284632 0.58000000000000007
      vertex 0.3637142444528802 -0.20997941057195918 0.57999989677244845
      vertex 0.22375936387857198 -0.14599100426492442 0.57999999999999996
    endloop
  endfacet
  facet normal 4.3323142233492222e-07 -6.6566276597633683e-07 0.9999999999996847
    outer loop
      vertex 0.22375936387857198 -0.14599100426492442 0.57999999999999996
      vertex 0.3637142444528802 -0.20997941057195918 0.57999989677244845
      vertex 0.29269379524336692 -0.10112660253709695 0.57999999999999996
    endloop
  endfacet
  facet normal 0 -0 1
    outer loop
      vertex 0.29269379524336692 -0.10112660253709695 0.57999999999999996
      vertex 0.35721135904694307 -0.031251944399296017 0.57999999999999996
      vertex 0.2873272491419458 -0.0063602873516398111 0.57999999999999996
    endloop
  endfacet
  facet normal 6.2742573053976028e-07 1.0883191285032351e-07 0.99999999999979727
    outer loop
      vertex 0.35721135904694307 -0.031251944399296017 0.57999999999999996
      vertex 0.41839756554465313 0.03660346084836693 0.5799999542253661
      vertex 0.33766051143322751 0.081460444140427704 0.57999999999999996
    endloop
  endfacet
  facet normal 8.2277203718647428e-07 2.5813595605962885e-07 0.99999999999962819
    outer loop
      vertex 0.33766051143322751 0.081460444140427704 0.57999999999999996
      vertex 0.38068387039959406 0.17740108550691902 0.57999993983585407
      vertex 0.30751530599367677 0.1775440446953794 0.57999999999999996
    endloop
  endfacet
  facet normal 3.773938244639638e-07 5.9317532829239118e-07 0.99999999999975286
    outer loop
      vertex 0.30751530599367677 0.1775440446953794 0.57999999999999996
      vertex 0.32179760251959699 0.26988452592560319 0.57999993983585418
      vertex 0.23437326315453039 0.22407894548700763 0.58000000000000018
    endloop
  endfacet
  facet normal 6.5306696923654208e-07 6.7026716449365415e-08 0.99999999999978451
    outer loop
      vertex 0.23437326315453039 0.22407894548700763 0.58000000000000018
      vertex 0.32179760251959699 0.26988452592560319 0.57999993983585418
      vertex 0.29698287899501241 0.29698064883693037 0.57999995422536632
    endloop
  endfacet
  facet normal -2.8862639990786248e-07 8.7577407587184278e-07 0.99999999999957478
    outer loop
      vertex 0.23437326315453039 0.22407894548700763 0.58000000000000018
      vertex 0.29698287899501241 0.29698064883693037 0.57999995422536632
      vertex 0.24091017520809602 0.34400764103644538 0.57999989685628306
    endloop
  endfacet
  facet normal -8.2388795734040012e-06 -1.5824814258584264e-05 0.9999999998408482
    outer loop
      vertex 0.24091017520809602 0.34400764103644538 0.57999989685628306
      vertex 0.20999918484106322 0.36372610377296172 0.57999995422536621
      vertex 0.14381842341406165 0.39457995743568175 0.5799998972265461
    endloop
  endfacet
  facet normal 7.2030326258540277e-07 4.4067851646383986e-07 0.99999999999964351
    outer loop
      vertex 0.14381842341406165 0.39457995743568175 0.5799998972265461
      vertex 0.073032835908042992 0.41359105309553906 0.57999993983585429
      vertex 0.044291190542115895 0.32404404033681744 0.57999999999999996
    endloop
  endfacet
  facet normal 2.9414676100385117e-07 5.7746073466973958e-07 0.99999999999979006
    outer loop
      vertex 0.044291190542115895 0.32404404033681744 0.57999999999999996
      vertex 0.073032835908042992 0.41359105309553906 0.57999993983585429
      vertex -0.030044331978496895 0.36190904459459161 0.57999999999999996
    endloop
  endfacet
  facet normal -1.9778490288752801e-07 6.9027470595400878e-07 0.99999999999974221
    outer loop
      vertex -0.030044331978496895 0.36190904459459161 0.57999999999999996
      vertex -0.10870134682765992 0.40568504211718609 0.5799999542253661
      vertex -0.16784394729883317 0.32242522288134889 0.57999999999999985
    endloop
  endfacet
  facet normal -5.1881395815366071e-07 2.6775419717265054e-07 0.99999999999982947
    outer loop
      vertex -0.16784394729883317 0.32242522288134889 0.57999999999999985
      vertex -0.29690404288610223 0.2970510791755111 0.57999993983585429
      vertex -0.22304420224742449 0.21546644063105358 0.57999999999999996
    endloop
  endfacet
  facet normal -8.6164997082637767e-07 -4.2620570834934514e-08 0.99999999999962785
    outer loop
      vertex -0.22304420224742449 0.21546644063105358 0.57999999999999996
      vertex -0.29690404288610223 0.2970510791755111 0.57999993983585429
      vertex -0.34400764103644604 0.24091017520809518 0.57999989685628295
    endloop
  endfacet
  facet normal 1.1875954393251492e-05 -6.1834822805438835e-06 0.99999999991036304
    outer loop
      vertex -0.34400764103644604 0.24091017520809518 0.57999989685628295
      vertex -0.38059599085622609 0.17758954379584299 0.57999993983585441
      vertex -0.39465114981157046 0.14363103576345285 0.57999989677244845
    endloop
  endfacet
  facet normal -3.3383870512760905e-07 9.0219914930044195e-07 0.99999999999953737
    outer loop
      vertex -0.33221469134275616 0.052316557000574353 0.57999999999999996
      vertex -0.39465114981157046 0.14363103576345285 0.57999989677244845
      vertex -0.41361468700027543 0.072933030222488149 0.57999995422536621
    endloop
  endfacet
  facet normal -5.9910149764275606e-07 -1.4513760545889284e-07 0.99999999999981004
    outer loop
      vertex -0.33221469134275616 0.052316557000574353 0.57999999999999996
      vertex -0.41361468700027543 0.072933030222488149 0.57999995422536621
      vertex -0.4199896945302502 0.00010397035732234608 0.57999993983585429
    endloop
  endfacet
  facet normal -6.5601329459584469e-07 -4.9462721678535877e-08 0.99999999999978362
    outer loop
      vertex -0.33221469134275616 0.052316557000574353 0.57999999999999996
      vertex -0.4199896945302502 0.00010397035732234608 0.57999993983585429
      vertex -0.32611881670322113 -0.028531699424020524 0.57999999999999996
    endloop
  endfacet
  facet normal -6.584475410699376e-07 -5.7442449588356358e-08 0.99999999999978162
    outer loop
      vertex -0.32611881670322113 -0.028531699424020524 0.57999999999999996
      vertex -0.4199896945302502 0.00010397035732234608 0.57999993983585429
      vertex -0.41362716162169982 -0.072828054280094076 0.57999993983585429
    endloop
  endfacet
  facet normal -8.0082308285736813e-07 2.2382331277920152e-07 0.99999999999965428
    outer loop
      vertex -0.32611881670322113 -0.028531699424020524 0.57999999999999996
      vertex -0.41362716162169982 -0.072828054280094076 0.57999993983585429
      vertex -0.40568504211718626 -0.10870134682765945 0.5799999542253661
    endloop
  endfacet
  facet normal -4.8229689291568579e-07 -9.2305389914971779e-08 0.99999999999987932
    outer loop
      vertex -0.32611881670322113 -0.028531699424020524 0.57999999999999996
      vertex -0.40568504211718626 -0.10870134682765945 0.5799999542253661
      vertex -0.31270925296511093 -0.098596848731151043 0.57999999999999996
    endloop
  endfacet
  facet normal -4.5170030236722524e-07 -3.7383764658259403e-07 0.99999999999982814
    outer loop
      vertex -0.31270925296511093 -0.098596848731151043 0.57999999999999996
      vertex -0.40568504211718626 -0.10870134682765945 0.5799999542253661
      vertex -0.38068387039959489 -0.1774010855069178 0.57999993983585429
    endloop
  endfacet
  facet normal -3.8748111635005209e-07 -4.2923155406872001e-07 0.99999999999983291
    outer loop
      vertex -0.31270925296511093 -0.098596848731151043 0.57999999999999996
      vertex -0.38068387039959489 -0.1774010855069178 0.57999993983585429
      vertex -0.26761031276512126 -0.13930911121336942 0.57999999999999996
    endloop
  endfacet
  facet normal -4.4548413139724209e-07 -2.5705336203364807e-07 0.99999999999986777
    outer loop
      vertex -0.26761031276512126 -0.13930911121336942 0.57999999999999996
      vertex -0.38068387039959489 -0.1774010855069178 0.57999993983585429
      vertex -0.34409505180180228 -0.24081102476208022 0.57999993983585429
    endloop
  endfacet
  facet normal -5.5608909562758503e-07 -1.73709201026657e-07 0.99999999999983025
    outer loop
      vertex -0.26761031276512126 -0.13930911121336942 0.57999999999999996
      vertex -0.34409505180180228 -0.24081102476208022 0.57999993983585429
      vertex -0.24022089336741531 -0.22698988738204187 0.57999999999999985
    endloop
  endfacet
  facet normal -5.8516250600213089e-07 4.4794960565383758e-08 0.99999999999982769
    outer loop
      vertex -0.24022089336741531 -0.22698988738204187 0.57999999999999985
      vertex -0.34409505180180228 -0.24081102476208022 0.57999993983585429
      vertex -0.32173633850991878 -0.26996678440504707 0.5799999542253661
    endloop
  endfacet
  facet normal -2.7161017376640359e-07 -5.4992824441572534e-07 0.99999999999981204
    outer loop
      vertex -0.24022089336741531 -0.22698988738204187 0.57999999999999985
      vertex -0.32173633850991878 -0.26996678440504707 0.5799999542253661
      vertex -0.27004381775455522 -0.32166394080467398 0.57999993983585418
    endloop
  endfacet
  facet normal -3.6471900656488923e-07 -5.2059837440446476e-07 0.99999999999979794
    outer loop
      vertex -0.24022089336741531 -0.22698988738204187 0.57999999999999985
      vertex -0.27004381775455522 -0.32166394080467398 0.57999993983585418
      vertex -0.21008488823580596 -0.36366975961220249 0.57999993983585441
    endloop
  endfacet
  facet normal -4.4740542769227848e-07 -5.388295767808521e-07 0.99999999999975486
    outer loop
      vertex -0.24022089336741531 -0.22698988738204187 0.57999999999999985
      vertex -0.21008488823580596 -0.36366975961220249 0.57999993983585441
      vertex -0.12400339832359325 -0.32348855821415851 0.57999999999999996
    endloop
  endfacet
  facet normal -5.7730974516504167e-07 -2.6053134763367179e-07 0.99999999999979949
    outer loop
      vertex -0.12400339832359325 -0.32348855821415851 0.57999999999999996
      vertex -0.21008488823580596 -0.36366975961220249 0.57999993983585441
      vertex -0.17749925581121143 -0.38064465106741796 0.57999995422536621
    endloop
  endfacet
  facet normal 1.6259346674254911e-07 -4.8444109644498703e-07 0.99999999999986944
    outer loop
      vertex -0.12400339832359325 -0.32348855821415851 0.57999999999999996
      vertex -0.036708088491869371 -0.4183824453304909 0.57999993983585418
      vertex -0.042884620824871836 -0.29626257871067374 0.58000000000000007
    endloop
  endfacet
  facet normal -5.1237888462026085e-07 -5.1857959223163755e-07 0.99999999999973421
    outer loop
      vertex -0.042884620824871836 -0.29626257871067374 0.58000000000000007
      vertex -0.036708088491869371 -0.4183824453304909 0.57999993983585418
      vertex 0.0087082243217595327 -0.34723852287738244 0.58000000000000018
    endloop
  endfacet
  facet normal 2.4744956105315487e-07 -6.0624928598421996e-07 0.99999999999978562
    outer loop
      vertex 0.0087082243217595327 -0.34723852287738244 0.58000000000000018
      vertex 0.10860090403791334 -0.4057058022306263 0.57999993983585407
      vertex 0.084728177022799375 -0.31620986148177754 0.58000000000000007
    endloop
  endfacet
  facet normal -1.8344350367045372e-07 -7.2118849351449125e-07 0.99999999999972311
    outer loop
      vertex 0.084728177022799375 -0.31620986148177754 0.58000000000000007
      vertex 0.10860090403791334 -0.4057058022306263 0.57999993983585407
      vertex 0.14364548655248568 -0.39466734143183158 0.57999995422536599
    endloop
  endfacet
  facet normal 4.7737924178525894e-08 -5.4758378749081749e-07 0.9999999999998489
    outer loop
      vertex 0.084728177022799375 -0.31620986148177754 0.58000000000000007
      vertex 0.14364548655248568 -0.39466734143183158 0.57999995422536599
      vertex 0.19530646018669112 -0.30656973367292062 0.58000000000000007
    endloop
  endfacet
  facet normal 4.7606491388448903e-07 -2.742171653033835e-07 0.99999999999984901
    outer loop
      vertex 0.19530646018669112 -0.30656973367292062 0.58000000000000007
      vertex 0.29698064883692821 -0.29698287899501435 0.57999995422536632
      vertex 0.2498948153723253 -0.21179958833284632 0.58000000000000007
    endloop
  endfacet
  facet normal 5.7065517324620115e-07 -2.2193154490695385e-07 0.99999999999981259
    outer loop
      vertex 0.2498948153723253 -0.21179958833284632 0.58000000000000007
      vertex 0.29698064883692821 -0.29698287899501435 0.57999995422536632
      vertex 0.34397578190772476 -0.24098135982357108 0.57999993983585418
    endloop
  endfacet
  facet normal 8.9382862950423057e-07 8.1996788649109791e-07 0.99999999999926426
    outer loop
      vertex 0.2498948153723253 -0.21179958833284632 0.58000000000000007
      vertex 0.34397578190772476 -0.24098135982357108 0.57999993983585418
      vertex 0.3637142444528802 -0.20997941057195918 0.57999989677244845
    endloop
  endfacet
  facet normal 4.8990590888362308e-07 -6.2868579160082612e-07 0.99999999999968248
    outer loop
      vertex 0.29269379524336692 -0.10112660253709695 0.57999999999999996
      vertex 0.3637142444528802 -0.20997941057195918 0.57999989677244845
      vertex 0.40565198321342422 -0.10880175934452518 0.57999993983585418
    endloop
  endfacet
  facet normal 5.0118030638088127e-07 -4.62756215998311e-07 0.9999999999997673
    outer loop
      vertex 0.29269379524336692 -0.10112660253709695 0.57999999999999996
      vertex 0.40565198321342422 -0.10880175934452518 0.57999993983585418
      vertex 0.35721135904694307 -0.031251944399296017 0.57999999999999996
    endloop
  endfacet
  facet normal -6.0916803786830324e-07 1.2238865115430291e-06 0.99999999999906553
    outer loop
      vertex 0.35721135904694307 -0.031251944399296017 0.57999999999999996
      vertex 0.42000000000000004 0 0.57999999999999996
      vertex 0.41839756554465313 0.03660346084836693 0.5799999542253661
    endloop
  endfacet
  facet normal -1.4358710577984869e-07 -1.2788963853548942e-06 0.999999999999172
    outer loop
      vertex 0.41839756554465313 0.03660346084836693 0.5799999542253661
      vertex 0.41361925626512741 0.072932234620110753 0.57999999999999996
      vertex 0.33766051143322751 0.081460444140427704 0.57999999999999996
    endloop
  endfacet
  facet normal -0 0 1
    outer loop
      vertex 0.33766051143322751 0.081460444140427704 0.57999999999999996
      vertex 0.41361925626512741 0.072932234620110753 0.57999999999999996
      vertex 0.40568884704140873 0.10870399894305872 0.57999999999999996
    endloop
  endfacet
  facet normal 0 0 1
    outer loop
      vertex 0.33766051143322751 0.081460444140427704 0.57999999999999996
      vertex 0.40568884704140873 0.10870399894305872 0.57999999999999996
      vertex 0.3946709007300816 0.14364846019678087 0.57999999999999996
    endloop
  endfacet
  facet normal -1.3390791457628977e-06 1.2275905912493332e-06 0.99999999999834988
    outer loop
      vertex 0.33766051143322751 0.081460444140427704 0.57999999999999996
      vertex 0.3946709007300816 0.14364846019678087 0.57999999999999996
      vertex 0.38068387039959406 0.17740108550691902 0.57999993983585407
    endloop
  endfacet
  facet normal 8.1949439972531607e-07 -1.4194059368424078e-06 0.99999999999865685
    outer loop
      vertex 0.38068387039959406 0.17740108550691902 0.57999993983585407
      vertex 0.36373066958946432 0.20999999999999999 0.57999999999999996
      vertex 0.30751530599367677 0.1775440446953794 0.57999999999999996
    endloop
  endfacet
  facet normal 0 0 1
    outer loop
      vertex 0.30751530599367677 0.1775440446953794 0.57999999999999996
      vertex 0.36373066958946432 0.20999999999999999 0.57999999999999996
      vertex 0.3440438586013766 0.24090210326743935 0.57999999999999996
    endloop
  endfacet
  facet normal -1.5444196914911005e-06 8.9042210605043141e-07 0.99999999999841083
    outer loop
      vertex 0.30751530599367677 0.1775440446953794 0.57999999999999996
      vertex 0.3440438586013766 0.24090210326743935 0.57999999999999996
      vertex 0.32179760251959699 0.26988452592560319 0.57999993983585418
    endloop
  endfacet
  facet normal -3.0291893549634104e-05 -3.4898665940406752e-05 0.99999999893224212
    outer loop
      vertex 0.29698287899501241 0.29698064883693037 0.57999995422536632
      vertex 0.26997079606834656 0.32173866610997082 0.57999999999999996
      vertex 0.24091017520809602 0.34400764103644538 0.57999989685628306
    endloop
  endfacet
  facet normal -2.0271794498282803e-05 -4.1635122451270793e-05 0.99999999892778546
    outer loop
      vertex 0.20999918484106322 0.36372610377296172 0.57999995422536621
      vertex 0.17749966993109378 0.38064927055539299 0.57999999999999996
      vertex 0.14381842341406165 0.39457995743568175 0.5799998972265461
    endloop
  endfacet
  facet normal -1.2463580828553557e-05 -4.86479693787419e-05 0.99999999873901713
    outer loop
      vertex 0.14381842341406165 0.39457995743568175 0.5799998972265461
      vertex 0.10870399894305881 0.40568884704140867 0.57999999999999996
      vertex 0.073032835908042992 0.41359105309553906 0.57999993983585429
    endloop
  endfacet
  facet normal 1.4289725719995524e-06 -1.6858922973621436e-06 0.99999999999755784
    outer loop
      vertex 0.073032835908042992 0.41359105309553906 0.57999993983585429
      vertex 0.036605411954016419 0.41840177319853317 0.57999999999999996
      vertex -0.030044331978496895 0.36190904459459161 0.57999999999999996
    endloop
  endfacet
  facet normal 0 0 1
    outer loop
      vertex -0.030044331978496895 0.36190904459459161 0.57999999999999996
      vertex 0.036605411954016419 0.41840177319853317 0.57999999999999996
      vertex 2.5717582782094419e-17 0.42000000000000004 0.57999999999999996
    endloop
  endfacet
  facet normal 0 -0 1
    outer loop
      vertex -0.030044331978496895 0.36190904459459161 0.57999999999999996
      vertex 2.5717582782094419e-17 0.42000000000000004 0.57999999999999996
      vertex -0.03660541195401637 0.41840177319853317 0.57999999999999996
    endloop
  endfacet
  facet normal 0 0 1
    outer loop
      vertex -0.030044331978496895 0.36190904459459161 0.57999999999999996
      vertex -0.03660541195401637 0.41840177319853317 0.57999999999999996
      vertex -0.072932234620110739 0.41361925626512741 0.57999999999999996
    endloop
  endfacet
  facet normal -1.0808735633531852e-06 -8.9646510148399319e-07 0.99999999999901401
    outer loop
      vertex -0.030044331978496895 0.36190904459459161 0.57999999999999996
      vertex -0.072932234620110739 0.41361925626512741 0.57999999999999996
      vertex -0.10870134682765992 0.40568504211718609 0.5799999542253661
    endloop
  endfacet
  facet normal 1.4643939532696602e-06 -4.9043383873937033e-07 0.9999999999988074
    outer loop
      vertex -0.10870134682765992 0.40568504211718609 0.5799999542253661
      vertex -0.14364846019678079 0.3946709007300816 0.57999999999999996
      vertex -0.16784394729883317 0.32242522288134889 0.57999999999999985
    endloop
  endfacet
  facet normal 7.3905976138252988e-16 -1.7842480993339278e-15 1
    outer loop
      vertex -0.16784394729883317 0.32242522288134889 0.57999999999999985
      vertex -0.14364846019678079 0.3946709007300816 0.57999999999999996
      vertex -0.17749966993109373 0.38064927055539305 0.57999999999999996
    endloop
  endfacet
  facet normal 9.1374066138270259e-16 -1.7552794792029847e-15 1
    outer loop
      vertex -0.16784394729883317 0.32242522288134889 0.57999999999999985
      vertex -0.17749966993109373 0.38064927055539305 0.57999999999999996
      vertex -0.20999999999999994 0.36373066958946432 0.57999999999999996
    endloop
  endfacet
  facet normal 1.0376632139038896e-15 -1.6288049807703148e-15 1
    outer loop
      vertex -0.16784394729883317 0.32242522288134889 0.57999999999999985
      vertex -0.20999999999999994 0.36373066958946432 0.57999999999999996
      vertex -0.24090210326743941 0.34404385860137654 0.57999999999999996
    endloop
  endfacet
  facet normal 1.0967103406488469e-15 -1.4292607425909028e-15 1
    outer loop
      vertex -0.16784394729883317 0.32242522288134889 0.57999999999999985
      vertex -0.24090210326743941 0.34404385860137654 0.57999999999999996
      vertex -0.26997079606834656 0.32173866610997082 0.57999999999999996
    endloop
  endfacet
  facet normal 1.6504127078003007e-08 -2.4550254973999112e-06 0.9999999999969863
    outer loop
      vertex -0.16784394729883317 0.32242522288134889 0.57999999999999985
      vertex -0.26997079606834656 0.32173866610997082 0.57999999999999996
      vertex -0.29690404288610223 0.2970510791755111 0.57999993983585429
    endloop
  endfacet
  facet normal 3.8273980417311658e-05 -3.2878376264730892e-05 0.99999999872705736
    outer loop
      vertex -0.29690404288610223 0.2970510791755111 0.57999993983585429
      vertex -0.32173866610997076 0.26997079606834662 0.57999999999999996
      vertex -0.34400764103644604 0.24091017520809518 0.57999989685628295
    endloop
  endfacet
  facet normal 4.411903778819792e-05 -2.481439590636065e-05 0.99999999871887812
    outer loop
      vertex -0.34400764103644604 0.24091017520809518 0.57999989685628295
      vertex -0.36373066958946421 0.21000000000000016 0.57999999999999996
      vertex -0.38059599085622609 0.17758954379584299 0.57999993983585441
    endloop
  endfacet
  facet normal 4.4840563453044297e-05 -1.1215065670411809e-05 0.99999999893177316
    outer loop
      vertex -0.39465114981157046 0.14363103576345285 0.57999989677244845
      vertex -0.40568884704140873 0.10870399894305866 0.57999999999999996
      vertex -0.41361468700027543 0.072933030222488149 0.57999995422536621
    endloop
  endfacet
  facet normal 3.2947077165656563e-05 -3.0815635591711518e-06 0.99999999945249696
    outer loop
      vertex -0.41361468700027543 0.072933030222488149 0.57999995422536621
      vertex -0.41840177319853317 0.036605411954016447 0.57999999999999996
      vertex -0.4199896945302502 0.00010397035732234608 0.57999993983585429
    endloop
  endfacet
  facet normal 3.7263111705540467e-05 3.250804782675079e-06 0.99999999930044636
    outer loop
      vertex -0.4199896945302502 0.00010397035732234608 0.57999993983585429
      vertex -0.41840177319853317 -0.036605411954016343 0.57999999999999996
      vertex -0.41362716162169982 -0.072828054280094076 0.57999993983585429
    endloop
  endfacet
  facet normal 3.1162517662172199e-05 1.1131191444529816e-05 0.99999999945249707
    outer loop
      vertex -0.40568504211718626 -0.10870134682765945 0.5799999542253661
      vertex -0.3946709007300816 -0.14364846019678085 0.57999999999999996
      vertex -0.38068387039959489 -0.1774010855069178 0.57999993983585429
    endloop
  endfacet
  facet normal 3.2397998841435921e-05 1.8694301184719814e-05 0.99999999930044636
    outer loop
      vertex -0.38068387039959489 -0.1774010855069178 0.57999993983585429
      vertex -0.36373066958946426 -0.21000000000000008 0.57999999999999996
      vertex -0.34409505180180228 -0.24081102476208022 0.57999993983585429
    endloop
  endfacet
  facet normal 2.353858766712715e-05 2.3258134554497932e-05 0.99999999945249696
    outer loop
      vertex -0.32173633850991878 -0.26996678440504707 0.5799999542253661
      vertex -0.29698484809835007 -0.29698484809834996 0.57999999999999996
      vertex -0.27004381775455522 -0.32166394080467398 0.57999993983585418
    endloop
  endfacet
  facet normal 2.1462005560658964e-05 3.0634776692746331e-05 0.99999999930044636
    outer loop
      vertex -0.27004381775455522 -0.32166394080467398 0.57999993983585418
      vertex -0.24090210326743919 -0.34404385860137671 0.57999999999999996
      vertex -0.21008488823580596 -0.36366975961220249 0.57999993983585441
    endloop
  endfacet
  facet normal -1.2134798519237379e-06 3.3489887983913518e-07 0.99999999999920763
    outer loop
      vertex -0.17749925581121143 -0.38064465106741796 0.57999995422536621
      vertex -0.14364846019678079 -0.3946709007300816 0.57999999999999996
      vertex -0.12400339832359325 -0.32348855821415851 0.57999999999999996
    endloop
  endfacet
  facet normal 0 0 1
    outer loop
      vertex -0.12400339832359325 -0.32348855821415851 0.57999999999999996
      vertex -0.14364846019678079 -0.3946709007300816 0.57999999999999996
      vertex -0.10870399894305867 -0.40568884704140873 0.57999999999999996
    endloop
  endfacet
  facet normal 0 0 1
    outer loop
      vertex -0.12400339832359325 -0.32348855821415851 0.57999999999999996
      vertex -0.10870399894305867 -0.40568884704140873 0.57999999999999996
      vertex -0.072932234620110753 -0.41361925626512741 0.57999999999999996
    endloop
  endfacet
  facet normal 1.7945968896739629e-06 1.0168805247960045e-06 0.9999999999978727
    outer loop
      vertex -0.12400339832359325 -0.32348855821415851 0.57999999999999996
      vertex -0.072932234620110753 -0.41361925626512741 0.57999999999999996
      vertex -0.036708088491869371 -0.4183824453304909 0.57999993983585418
    endloop
  endfacet
  facet normal -1.6303904110889562e-06 1.9512805087557192e-07 0.99999999999865186
    outer loop
      vertex -0.036708088491869371 -0.4183824453304909 0.57999993983585418
      vertex -7.7152748346283254e-17 -0.42000000000000004 0.57999999999999996
      vertex 0.0087082243217595327 -0.34723852287738244 0.58000000000000018
    endloop
  endfacet
  facet normal 1.3393903019932071e-16 -3.06770814546949e-15 1
    outer loop
      vertex 0.0087082243217595327 -0.34723852287738244 0.58000000000000018
      vertex -7.7152748346283254e-17 -0.42000000000000004 0.57999999999999996
      vertex 0.036605411954016315 -0.41840177319853317 0.57999999999999996
    endloop
  endfacet
  facet normal 3.9062393462702484e-16 -2.9670833579721256e-15 1
    outer loop
      vertex 0.0087082243217595327 -0.34723852287738244 0.58000000000000018
      vertex 0.036605411954016315 -0.41840177319853317 0.57999999999999996
      vertex 0.0729322346201106 -0.41361925626512747 0.57999999999999996
    endloop
  endfacet
  facet normal 1.3886699777694955e-06 1.3435518136004749e-06 0.99999999999813316
    outer loop
      vertex 0.0087082243217595327 -0.34723852287738244 0.58000000000000018
      vertex 0.0729322346201106 -0.41361925626512747 0.57999999999999996
      vertex 0.10860090403791334 -0.4057058022306263 0.57999993983585407
    endloop
  endfacet
  facet normal -1.5015656199123899e-06 3.6093724479128469e-07 0.9999999999988074
    outer loop
      vertex 0.14364548655248568 -0.39466734143183158 0.57999995422536599
      vertex 0.17749966993109353 -0.38064927055539316 0.57999999999999996
      vertex 0.19530646018669112 -0.30656973367292062 0.58000000000000007
    endloop
  endfacet
  facet normal 8.9175488420577371e-16 -1.7130451941985335e-15 1
    outer loop
      vertex 0.19530646018669112 -0.30656973367292062 0.58000000000000007
      vertex 0.17749966993109353 -0.38064927055539316 0.57999999999999996
      vertex 0.20999999999999974 -0.36373066958946443 0.57999999999999996
    endloop
  endfacet
  facet normal 1.0632462890399533e-15 -1.6689623648297098e-15 1
    outer loop
      vertex 0.19530646018669112 -0.30656973367292062 0.58000000000000007
      vertex 0.20999999999999974 -0.36373066958946443 0.57999999999999996
      vertex 0.24090210326743935 -0.3440438586013766 0.57999999999999996
    endloop
  endfacet
  facet normal 1.1756742999860183e-15 -1.5321685779391021e-15 1
    outer loop
      vertex 0.19530646018669112 -0.30656973367292062 0.58000000000000007
      vertex 0.24090210326743935 -0.3440438586013766 0.57999999999999996
      vertex 0.26997079606834651 -0.32173866610997082 0.57999999999999996
    endloop
  endfacet
  facet normal 3.0749609367937795e-07 1.513553548018599e-06 0.99999999999880729
    outer loop
      vertex 0.19530646018669112 -0.30656973367292062 0.58000000000000007
      vertex 0.26997079606834651 -0.32173866610997082 0.57999999999999996
      vertex 0.29698064883692821 -0.29698287899501435 0.57999995422536632
    endloop
  endfacet
  facet normal -2.5221153367059447e-05 2.1421936200351889e-05 0.99999999945249696
    outer loop
      vertex 0.29698064883692821 -0.29698287899501435 0.57999995422536632
      vertex 0.32173866610997071 -0.26997079606834667 0.57999999999999996
      vertex 0.34397578190772476 -0.24098135982357108 0.57999993983585418
    endloop
  endfacet
  facet normal -2.9650504846566867e-05 1.2281641238657184e-05 0.9999999994850044
    outer loop
      vertex 0.3637142444528802 -0.20997941057195918 0.57999989677244845
      vertex 0.38064927055539294 -0.17749966993109401 0.57999999999999996
      vertex 0.3946709007300816 -0.14364846019678082 0.57999999999999996
    endloop
  endfacet
  facet normal -2.1657906894792119e-05 8.5514955648704811e-06 0.99999999972890363
    outer loop
      vertex 0.3637142444528802 -0.20997941057195918 0.57999989677244845
      vertex 0.3946709007300816 -0.14364846019678082 0.57999999999999996
      vertex 0.40565198321342422 -0.10880175934452518 0.57999993983585418
    endloop
  endfacet
  facet normal -1.0646413196205069e-06 -1.4408291740107702e-06 0.99999999999839539
    outer loop
      vertex 0.40565198321342422 -0.10880175934452518 0.57999993983585418
      vertex 0.41361925626512741 -0.072932234620110767 0.57999999999999996
      vertex 0.35721135904694307 -0.031251944399296017 0.57999999999999996
    endloop
  endfacet
  facet normal 0 0 1
    outer loop
      vertex 0.35721135904694307 -0.031251944399296017 0.57999999999999996
      vertex 0.41361925626512741 -0.072932234620110767 0.57999999999999996
      vertex 0.41840177319853317 -0.036605411954016495 0.57999999999999996
    endloop
  endfacet
  facet normal -0 0 1
    outer loop
      vertex 0.35721135904694307 -0.031251944399296017 0.57999999999999996
      vertex 0.41840177319853317 -0.036605411954016495 0.57999999999999996
      vertex 0.42000000000000004 0 0.57999999999999996
    endloop
  endfacet
  facet normal 0.9990482215818578 0.04361938736533575 0
    outer loop
      vertex 1.1499999999999999 0 -0.17999999999999999
      vertex 1.1456239028055073 0.10022910415980689 -0.17999999999999999
      vertex 1.1456239028055073 0.10022910415980689 0
    endloop
  endfacet
  facet normal 0.9990482215818578 0.04361938736533575 -0
    outer loop
      vertex 1.1499999999999999 0 -0.17999999999999999
      vertex 1.1456239028055073 0.10022910415980689 0
      vertex 1.1499999999999999 0 0
    endloop
  endfacet
  facet normal 0.99144486137381027 0.13052619222005327 0
    outer loop
      vertex 1.1456239028055073 0.10022910415980689 -0.17999999999999999
      vertex 1.132528915964039 0.19969540431696986 -0.17999999999999999
      vertex 1.132528915964039 0.19969540431696986 0
    endloop
  endfacet
  facet normal 0.99144486137381027 0.13052619222005327 -0
    outer loop
      vertex 1.1456239028055073 0.10022910415980689 -0.17999999999999999
      vertex 1.132528915964039 0.19969540431696986 0
      vertex 1.1456239028055073 0.10022910415980689 0
    endloop
  endfacet
  facet normal 0.9762960071199337 0.21643961393810143 0
    outer loop
      vertex 1.132528915964039 0.19969540431696986 -0.17999999999999999
      vertex 1.1108147002324285 0.29764190186789885 -0.17999999999999999
      vertex 1.1108147002324285 0.29764190186789885 0
    endloop
  endfacet
  facet normal 0.9762960071199337 0.21643961393810143 -0
    outer loop
      vertex 1.132528915964039 0.19969540431696986 -0.17999999999999999
      vertex 1.1108147002324285 0.29764190186789885 0
      vertex 1.132528915964039 0.19969540431696986 0
    endloop
  endfacet
  facet normal 0.95371695074822715 0.30070579950427256 0
    outer loop
      vertex 1.1108147002324285 0.29764190186789885 -0.17999999999999999
      vertex 1.0806465139037946 0.39332316482451901 -0.17999999999999999
      vertex 1.0806465139037946 0.39332316482451901 0
    endloop
  endfacet
  facet normal 0.95371695074822715 0.30070579950427256 -0
    outer loop
      vertex 1.1108147002324285 0.29764190186789885 -0.17999999999999999
      vertex 1.0806465139037946 0.39332316482451901 0
      vertex 1.1108147002324285 0.29764190186789885 0
    endloop
  endfacet
  facet normal 0.92387952094944747 0.38268342757602108 0.00015820520786666967
    outer loop
      vertex 1.0806465139037946 0.39332316482451901 -0.17999999999999999
      vertex 1.0422539550921472 0.48601100100180433 -0.17999999999999999
      vertex 1.0422314104430297 0.48599101493340024 -3.8322795858566905e-07
    endloop
  endfacet
  facet normal 0.92377086092994054 0.3829456834810343 -0
    outer loop
      vertex 1.0806465139037946 0.39332316482451901 -0.17999999999999999
      vertex 1.0422314104430297 0.48599101493340024 -3.8322795858566905e-07
      vertex 1.0806465139037946 0.39332316482451901 0
    endloop
  endfacet
  facet normal 0.88701083317822238 0.46174861323503269 0
    outer loop
      vertex 1.0422539550921472 0.48601100100180433 -0.17999999999999999
      vertex 0.99592921435210446 0.57499999999999984 -0.17999999999999999
      vertex 0.99592921435210446 0.57499999999999984 0
    endloop
  endfacet
  facet normal 0.8871452878346231 0.4614902078200887 0.00016235453505903351
    outer loop
      vertex 1.0422539550921472 0.48601100100180433 -0.17999999999999999
      vertex 0.99592921435210446 0.57499999999999984 0
      vertex 1.0422314104430297 0.48599101493340024 -3.8322795858566905e-07
    endloop
  endfacet
  facet normal 0.84339144581288539 0.53729960834682455 0
    outer loop
      vertex 0.99592921435210446 0.57499999999999984 -0.17999999999999999
      vertex 0.94202485093234045 0.65961290180370291 -0.17999999999999999
      vertex 0.94202485093234045 0.65961290180370291 0
    endloop
  endfacet
  facet normal 0.84339144581288539 0.53729960834682455 -0
    outer loop
      vertex 0.99592921435210446 0.57499999999999984 -0.17999999999999999
      vertex 0.94202485093234045 0.65961290180370291 0
      vertex 0.99592921435210446 0.57499999999999984 0
    endloop
  endfacet
  facet normal 0.79335333036285904 0.60876142139041023 0.00015820520786679002
    outer loop
      vertex 0.94202485093234045 0.65961290180370291 -0.17999999999999999
      vertex 0.88095110958682465 0.73920575113952003 -0.17999999999999999
      vertex 0.88093450590313538 0.73918061109532796 -3.8322795858566905e-07
    endloop
  endfacet
  facet normal 0.79318049602082408 0.60898661785966979 -0
    outer loop
      vertex 0.94202485093234045 0.65961290180370291 -0.17999999999999999
      vertex 0.88093450590313538 0.73918061109532796 -3.8322795858566905e-07
      vertex 0.94202485093234045 0.65961290180370291 0
    endloop
  endfacet
  facet normal 0.73727733681012486 0.67559020761565924 0
    outer loop
      vertex 0.88095110958682465 0.73920575113952003 -0.17999999999999999
      vertex 0.8131727983645296 0.8131727983645296 -0.17999999999999999
      vertex 0.8131727983645296 0.8131727983645296 0
    endloop
  endfacet
  facet normal 0.73747409027795074 0.67537540657749284 0.00016235453505781289
    outer loop
      vertex 0.88095110958682465 0.73920575113952003 -0.17999999999999999
      vertex 0.8131727983645296 0.8131727983645296 0
      vertex 0.88093450590313538 0.73918061109532796 -3.8322795858566905e-07
    endloop
  endfacet
  facet normal 0.67559020761566035 0.73727733681012397 0
    outer loop
      vertex 0.8131727983645296 0.8131727983645296 -0.17999999999999999
      vertex 0.73920575113952025 0.88095110958682465 -0.17999999999999999
      vertex 0.73920575113952025 0.88095110958682465 0
    endloop
  endfacet
  facet normal 0.67559020761566035 0.73727733681012397 -0
    outer loop
      vertex 0.8131727983645296 0.8131727983645296 -0.17999999999999999
      vertex 0.73920575113952025 0.88095110958682465 0
      vertex 0.8131727983645296 0.8131727983645296 0
    endloop
  endfacet
  facet normal 0.60876142900871977 0.79335334029123583 0
    outer loop
      vertex 0.73920575113952025 0.88095110958682465 -0.17999999999999999
      vertex 0.65961290180370302 0.94202485093234034 -0.17999999999999999
      vertex 0.65961290180370302 0.94202485093234034 0
    endloop
  endfacet
  facet normal 0.60876142900871977 0.79335334029123583 -0
    outer loop
      vertex 0.73920575113952025 0.88095110958682465 -0.17999999999999999
      vertex 0.65961290180370302 0.94202485093234034 0
      vertex 0.73920575113952025 0.88095110958682465 0
    endloop
  endfacet
  facet normal 0.53729960834682511 0.84339144581288494 0
    outer loop
      vertex 0.65961290180370302 0.94202485093234034 -0.17999999999999999
      vertex 0.57500000000000007 0.99592921435210435 -0.17999999999999999
      vertex 0.57500000000000007 0.99592921435210435 0
    endloop
  endfacet
  facet normal 0.53729960834682511 0.84339144581288494 -0
    outer loop
      vertex 0.65961290180370302 0.94202485093234034 -0.17999999999999999
      vertex 0.57500000000000007 0.99592921435210435 0
      vertex 0.65961290180370302 0.94202485093234034 0
    endloop
  endfacet
  facet normal 0.46174861323503269 0.88701083317822249 0
    outer loop
      vertex 0.57500000000000007 0.99592921435210435 -0.17999999999999999
      vertex 0.48601100100180433 1.0422539550921472 -0.17999999999999999
      vertex 0.48601100100180433 1.0422539550921472 0
    endloop
  endfacet
  facet normal 0.46174861323503269 0.88701083317822249 -0
    outer loop
      vertex 0.57500000000000007 0.99592921435210435 -0.17999999999999999
      vertex 0.48601100100180433 1.0422539550921472 0
      vertex 0.57500000000000007 0.99592921435210435 0
    endloop
  endfacet
  facet normal 0.38268342757601953 0.92387952094944814 0.00015820520786885534
    outer loop
      vertex 0.48601100100180433 1.0422539550921472 -0.17999999999999999
      vertex 0.39332316482451912 1.0806465139037944 -0.17999999999999999
      vertex 0.39332135563474568 1.080616440145026 -3.8322795858911139e-07
    endloop
  endfacet
  facet normal 0.3824211504105377 0.92398812964165344 -0
    outer loop
      vertex 0.48601100100180433 1.0422539550921472 -0.17999999999999999
      vertex 0.39332135563474568 1.080616440145026 -3.8322795858911139e-07
      vertex 0.48601100100180433 1.0422539550921472 0
    endloop
  endfacet
  facet normal 0.3007057995042749 0.95371695074822638 0
    outer loop
      vertex 0.39332316482451912 1.0806465139037944 -0.17999999999999999
      vertex 0.29764190186789907 1.1108147002324285 -0.17999999999999999
      vertex 0.29764190186789907 1.1108147002324285 0
    endloop
  endfacet
  facet normal 0.30098359352478332 0.95362930432632609 0.00016235453506090354
    outer loop
      vertex 0.39332316482451912 1.0806465139037944 -0.17999999999999999
      vertex 0.29764190186789907 1.1108147002324285 0
      vertex 0.39332135563474568 1.080616440145026 -3.8322795858911139e-07
    endloop
  endfacet
  facet normal 0.21643961393810118 0.9762960071199337 0
    outer loop
      vertex 0.29764190186789907 1.1108147002324285 -0.17999999999999999
      vertex 0.19969540431696997 1.132528915964039 -0.17999999999999999
      vertex 0.19969540431696997 1.132528915964039 0
    endloop
  endfacet
  facet normal 0.21643961393810118 0.9762960071199337 -0
    outer loop
      vertex 0.29764190186789907 1.1108147002324285 -0.17999999999999999
      vertex 0.19969540431696997 1.132528915964039 0
      vertex 0.29764190186789907 1.1108147002324285 0
    endloop
  endfacet
  facet normal 0.13052619058659035 0.99144484896642904 0.00015820520786788235
    outer loop
      vertex 0.19969540431696997 1.132528915964039 -0.17999999999999999
      vertex 0.10022910415980685 1.1456239028055073 -0.17999999999999999
      vertex 0.10023514027820506 1.1455943855324502 -3.832279585888954e-07
    endloop
  endfacet
  facet normal 0.1302447403008008 0.99148187458166726 -0
    outer loop
      vertex 0.19969540431696997 1.132528915964039 -0.17999999999999999
      vertex 0.10023514027820506 1.1455943855324502 -3.832279585888954e-07
      vertex 0.19969540431696997 1.132528915964039 0
    endloop
  endfacet
  facet normal 0.043619387365335785 0.99904822158185769 0
    outer loop
      vertex 0.10022910415980685 1.1456239028055073 -0.17999999999999999
      vertex 7.0417190950972801e-17 1.1499999999999999 -0.17999999999999999
      vertex 7.0417190950972801e-17 1.1499999999999999 0
    endloop
  endfacet
  facet normal 0.043910400347352857 0.999035460022486 0.00016235453505893479
    outer loop
      vertex 0.10022910415980685 1.1456239028055073 -0.17999999999999999
      vertex 7.0417190950972801e-17 1.1499999999999999 0
      vertex 0.10023514027820506 1.1455943855324502 -3.832279585888954e-07
    endloop
  endfacet
  facet normal -0.043619387365335785 0.99904822158185769 0
    outer loop
      vertex 7.0417190950972801e-17 1.1499999999999999 -0.17999999999999999
      vertex -0.10022910415980671 1.1456239028055073 -0.17999999999999999
      vertex -0.10022910415980671 1.1456239028055073 0
    endloop
  endfacet
  facet normal -0.043619387365335785 0.99904822158185769 0
    outer loop
      vertex 7.0417190950972801e-17 1.1499999999999999 -0.17999999999999999
      vertex -0.10022910415980671 1.1456239028055073 0
      vertex 7.0417190950972801e-17 1.1499999999999999 0
    endloop
  endfacet
  facet normal -0.13052619058659035 0.99144484896642904 0.00015820520786908313
    outer loop
      vertex -0.10022910415980671 1.1456239028055073 -0.17999999999999999
      vertex -0.19969540431696983 1.132528915964039 -0.17999999999999999
      vertex -0.1996819342418916 1.1325019667300713 -3.8322795858716999e-07
    endloop
  endfacet
  facet normal -0.13080763362083331 0.99140776827020971 0
    outer loop
      vertex -0.10022910415980671 1.1456239028055073 -0.17999999999999999
      vertex -0.1996819342418916 1.1325019667300713 -3.8322795858716999e-07
      vertex -0.10022910415980671 1.1456239028055073 0
    endloop
  endfacet
  facet normal -0.21643961393810113 0.97629600711993392 0
    outer loop
      vertex -0.19969540431696983 1.132528915964039 -0.17999999999999999
      vertex -0.29764190186789896 1.1108147002324285 -0.17999999999999999
      vertex -0.29764190186789896 1.1108147002324285 0
    endloop
  endfacet
  facet normal -0.21615521404837254 0.97635900010227139 0.00016235453506021304
    outer loop
      vertex -0.19969540431696983 1.132528915964039 -0.17999999999999999
      vertex -0.29764190186789896 1.1108147002324285 0
      vertex -0.1996819342418916 1.1325019667300713 -3.8322795858716999e-07
    endloop
  endfacet
  facet normal -0.30070579950427367 0.95371695074822682 0
    outer loop
      vertex -0.29764190186789896 1.1108147002324285 -0.17999999999999999
      vertex -0.39332316482451873 1.0806465139037946 -0.17999999999999999
      vertex -0.39332316482451873 1.0806465139037946 0
    endloop
  endfacet
  facet normal -0.30070579950427367 0.95371695074822682 0
    outer loop
      vertex -0.29764190186789896 1.1108147002324285 -0.17999999999999999
      vertex -0.39332316482451873 1.0806465139037946 0
      vertex -0.29764190186789896 1.1108147002324285 0
    endloop
  endfacet
  facet normal -0.38268343236508906 0.92387953251128707 0
    outer loop
      vertex -0.39332316482451873 1.0806465139037946 -0.17999999999999999
      vertex -0.48601100100180417 1.0422539550921475 -0.17999999999999999
      vertex -0.48601100100180417 1.0422539550921475 0
    endloop
  endfacet
  facet normal -0.38268343236508906 0.92387953251128707 0
    outer loop
      vertex -0.39332316482451873 1.0806465139037946 -0.17999999999999999
      vertex -0.48601100100180417 1.0422539550921475 0
      vertex -0.39332316482451873 1.0806465139037946 0
    endloop
  endfacet
  facet normal -0.46174861323503419 0.8870108331782216 0
    outer loop
      vertex -0.48601100100180417 1.0422539550921475 -0.17999999999999999
      vertex -0.57499999999999973 0.99592921435210446 -0.17999999999999999
      vertex -0.57499999999999973 0.99592921435210446 0
    endloop
  endfacet
  facet normal -0.46174861323503419 0.8870108331782216 0
    outer loop
      vertex -0.48601100100180417 1.0422539550921475 -0.17999999999999999
      vertex -0.57499999999999973 0.99592921435210446 0
      vertex -0.48601100100180417 1.0422539550921475 0
    endloop
  endfacet
  facet normal -0.53729960834682422 0.84339144581288539 0
    outer loop
      vertex -0.57499999999999973 0.99592921435210446 -0.17999999999999999
      vertex -0.65961290180370302 0.94202485093234034 -0.17999999999999999
      vertex -0.65961290180370302 0.94202485093234034 0
    endloop
  endfacet
  facet normal -0.53729960834682422 0.84339144581288539 0
    outer loop
      vertex -0.57499999999999973 0.99592921435210446 -0.17999999999999999
      vertex -0.65961290180370302 0.94202485093234034 0
      vertex -0.57499999999999973 0.99592921435210446 0
    endloop
  endfacet
  facet normal -0.60876142900871977 0.79335334029123583 0
    outer loop
      vertex -0.65961290180370302 0.94202485093234034 -0.17999999999999999
      vertex -0.73920575113952025 0.88095110958682465 -0.17999999999999999
      vertex -0.73920575113952025 0.88095110958682465 0
    endloop
  endfacet
  facet normal -0.60876142900871977 0.79335334029123583 0
    outer loop
      vertex -0.65961290180370302 0.94202485093234034 -0.17999999999999999
      vertex -0.73920575113952025 0.88095110958682465 0
      vertex -0.65961290180370302 0.94202485093234034 0
    endloop
  endfacet
  facet normal -0.67559020761566091 0.73727733681012331 0
    outer loop
      vertex -0.73920575113952025 0.88095110958682465 -0.17999999999999999
      vertex -0.81317279836452949 0.8131727983645296 -0.17999999999999999
      vertex -0.81317279836452949 0.8131727983645296 0
    endloop
  endfacet
  facet normal -0.67559020761566091 0.73727733681012331 0
    outer loop
      vertex -0.73920575113952025 0.88095110958682465 -0.17999999999999999
      vertex -0.81317279836452949 0.8131727983645296 0
      vertex -0.73920575113952025 0.88095110958682465 0
    endloop
  endfacet
  facet normal -0.73727733681012331 0.67559020761566091 0
    outer loop
      vertex -0.81317279836452949 0.8131727983645296 -0.17999999999999999
      vertex -0.88095110958682454 0.73920575113952036 -0.17999999999999999
      vertex -0.88095110958682454 0.73920575113952036 0
    endloop
  endfacet
  facet normal -0.73727733681012331 0.67559020761566091 0
    outer loop
      vertex -0.81317279836452949 0.8131727983645296 -0.17999999999999999
      vertex -0.88095110958682454 0.73920575113952036 0
      vertex -0.81317279836452949 0.8131727983645296 0
    endloop
  endfacet
  facet normal -0.79335334029123494 0.60876142900872099 0
    outer loop
      vertex -0.88095110958682454 0.73920575113952036 -0.17999999999999999
      vertex -0.94202485093234067 0.6596129018037028 -0.17999999999999999
      vertex -0.94202485093234067 0.6596129018037028 0
    endloop
  endfacet
  facet normal -0.79335334029123494 0.60876142900872099 0
    outer loop
      vertex -0.88095110958682454 0.73920575113952036 -0.17999999999999999
      vertex -0.94202485093234067 0.6596129018037028 0
      vertex -0.88095110958682454 0.73920575113952036 0
    endloop
  endfacet
  facet normal -0.84339143525831117 0.5372996016228172 0.00015820520786645467
    outer loop
      vertex -0.94202485093234067 0.6596129018037028 -0.17999999999999999
      vertex -0.99592921435210413 0.57500000000000029 -0.17999999999999999
      vertex -0.99589991164381431 0.57499299604247933 -3.8322795858393432e-07
    endloop
  endfacet
  facet normal -0.84354393789226689 0.53706016873829654 0
    outer loop
      vertex -0.94202485093234067 0.6596129018037028 -0.17999999999999999
      vertex -0.99589991164381431 0.57499299604247933 -3.8322795858393432e-07
      vertex -0.94202485093234067 0.6596129018037028 0
    endloop
  endfacet
  facet normal -0.88701083317822182 0.46174861323503363 0
    outer loop
      vertex -0.99592921435210413 0.57500000000000029 -0.17999999999999999
      vertex -1.0422539550921472 0.48601100100180439 -0.17999999999999999
      vertex -1.0422539550921472 0.48601100100180439 0
    endloop
  endfacet
  facet normal -0.8868762798769847 0.46200696729872509 0.0001623545350585747
    outer loop
      vertex -0.99592921435210413 0.57500000000000029 -0.17999999999999999
      vertex -1.0422539550921472 0.48601100100180439 0
      vertex -0.99589991164381431 0.57499299604247933 -3.8322795858393432e-07
    endloop
  endfacet
  facet normal -0.92387953251128663 0.38268343236508989 0
    outer loop
      vertex -1.0422539550921472 0.48601100100180439 -0.17999999999999999
      vertex -1.0806465139037944 0.39332316482451918 -0.17999999999999999
      vertex -1.0806465139037944 0.39332316482451918 0
    endloop
  endfacet
  facet normal -0.92387953251128663 0.38268343236508989 0
    outer loop
      vertex -1.0422539550921472 0.48601100100180439 -0.17999999999999999
      vertex -1.0806465139037944 0.39332316482451918 0
      vertex -1.0422539550921472 0.48601100100180439 0
    endloop
  endfacet
  facet normal -0.95371693881298947 0.30070579574110762 0.0001582052078671014
    outer loop
      vertex -1.0806465139037944 0.39332316482451918 -0.17999999999999999
      vertex -1.1108147002324285 0.29764190186789863 -0.17999999999999999
      vertex -1.1107845832321139 0.2976427206634199 -3.832279585875664e-07
    endloop
  endfacet
  facet normal -0.95380227525516681 0.30043505074818899 0
    outer loop
      vertex -1.0806465139037944 0.39332316482451918 -0.17999999999999999
      vertex -1.1107845832321139 0.2976427206634199 -3.832279585875664e-07
      vertex -1.0806465139037944 0.39332316482451918 0
    endloop
  endfacet
  facet normal -0.97629600711993358 0.21643961393810177 0
    outer loop
      vertex -1.1108147002324285 0.29764190186789863 -0.17999999999999999
      vertex -1.132528915964039 0.1996954043169698 -0.17999999999999999
      vertex -1.132528915964039 0.1996954043169698 0
    endloop
  endfacet
  facet normal -0.9762329055633191 0.21672398975748947 0.00016235453505849244
    outer loop
      vertex -1.1108147002324285 0.29764190186789863 -0.17999999999999999
      vertex -1.132528915964039 0.1996954043169698 0
      vertex -1.1107845832321139 0.2976427206634199 -3.832279585875664e-07
    endloop
  endfacet
  facet normal -0.99144486137381005 0.13052619222005335 0
    outer loop
      vertex -1.132528915964039 0.1996954043169698 -0.17999999999999999
      vertex -1.1456239028055073 0.10022910415980692 -0.17999999999999999
      vertex -1.1456239028055073 0.10022910415980692 0
    endloop
  endfacet
  facet normal -0.99144486137381005 0.13052619222005335 0
    outer loop
      vertex -1.132528915964039 0.1996954043169698 -0.17999999999999999
      vertex -1.1456239028055073 0.10022910415980692 0
      vertex -1.132528915964039 0.1996954043169698 0
    endloop
  endfacet
  facet normal -0.99904822158185769 0.043619387365335785 0
    outer loop
      vertex -1.1456239028055073 0.10022910415980692 -0.17999999999999999
      vertex -1.1499999999999999 1.408343819019456e-16 -0.17999999999999999
      vertex -1.1499999999999999 1.408343819019456e-16 0
    endloop
  endfacet
  facet normal -0.99904822158185769 0.043619387365335785 0
    outer loop
      vertex -1.1456239028055073 0.10022910415980692 -0.17999999999999999
      vertex -1.1499999999999999 1.408343819019456e-16 0
      vertex -1.1456239028055073 0.10022910415980692 0
    endloop
  endfacet
  facet normal -0.9990482215818578 -0.043619387365335799 0
    outer loop
      vertex -1.1499999999999999 1.408343819019456e-16 -0.17999999999999999
      vertex -1.1456239028055073 -0.10022910415980663 -0.17999999999999999
      vertex -1.1456239028055073 -0.10022910415980663 0
    endloop
  endfacet
  facet normal -0.9990482215818578 -0.043619387365335799 0
    outer loop
      vertex -1.1499999999999999 1.408343819019456e-16 -0.17999999999999999
      vertex -1.1456239028055073 -0.10022910415980663 0
      vertex -1.1499999999999999 1.408343819019456e-16 0
    endloop
  endfacet
  facet normal -0.99144486137381038 -0.13052619222005116 0
    outer loop
      vertex -1.1456239028055073 -0.10022910415980663 -0.17999999999999999
      vertex -1.1325289159640393 -0.19969540431696953 -0.17999999999999999
      vertex -1.1325289159640393 -0.19969540431696953 0
    endloop
  endfacet
  facet normal -0.99144486137381038 -0.13052619222005116 0
    outer loop
      vertex -1.1456239028055073 -0.10022910415980663 -0.17999999999999999
      vertex -1.1325289159640393 -0.19969540431696953 0
      vertex -1.1456239028055073 -0.10022910415980663 0
    endloop
  endfacet
  facet normal -0.97629600711993358 -0.21643961393810163 0
    outer loop
      vertex -1.1325289159640393 -0.19969540431696953 -0.17999999999999999
      vertex -1.1108147002324287 -0.29764190186789841 -0.17999999999999999
      vertex -1.1108147002324287 -0.29764190186789841 0
    endloop
  endfacet
  facet normal -0.97629600711993358 -0.21643961393810163 0
    outer loop
      vertex -1.1325289159640393 -0.19969540431696953 -0.17999999999999999
      vertex -1.1108147002324287 -0.29764190186789841 0
      vertex -1.1325289159640393 -0.19969540431696953 0
    endloop
  endfacet
  facet normal -0.95371695074822671 -0.30070579950427362 0
    outer loop
      vertex -1.1108147002324287 -0.29764190186789841 -0.17999999999999999
      vertex -1.0806465139037946 -0.3933231648245189 -0.17999999999999999
      vertex -1.0806465139037946 -0.3933231648245189 0
    endloop
  endfacet
  facet normal -0.95371695074822671 -0.30070579950427362 0
    outer loop
      vertex -1.1108147002324287 -0.29764190186789841 -0.17999999999999999
      vertex -1.0806465139037946 -0.3933231648245189 0
      vertex -1.1108147002324287 -0.29764190186789841 0
    endloop
  endfacet
  facet normal -0.92387953251128685 -0.38268343236508962 0
    outer loop
      vertex -1.0806465139037946 -0.3933231648245189 -0.17999999999999999
      vertex -1.0422539550921477 -0.48601100100180367 -0.17999999999999999
      vertex -1.0422539550921477 -0.48601100100180367 0
    endloop
  endfacet
  facet normal -0.92387953251128685 -0.38268343236508962 0
    outer loop
      vertex -1.0806465139037946 -0.3933231648245189 -0.17999999999999999
      vertex -1.0422539550921477 -0.48601100100180367 0
      vertex -1.0806465139037946 -0.3933231648245189 0
    endloop
  endfacet
  facet normal -0.88701083317822194 -0.46174861323503347 0
    outer loop
      vertex -1.0422539550921477 -0.48601100100180367 -0.17999999999999999
      vertex -0.99592921435210435 -0.57500000000000007 -0.17999999999999999
      vertex -0.99592921435210435 -0.57500000000000007 0
    endloop
  endfacet
  facet normal -0.88701083317822194 -0.46174861323503347 0
    outer loop
      vertex -1.0422539550921477 -0.48601100100180367 -0.17999999999999999
      vertex -0.99592921435210435 -0.57500000000000007 0
      vertex -1.0422539550921477 -0.48601100100180367 0
    endloop
  endfacet
  facet normal -0.84339144581288605 -0.53729960834682333 0
    outer loop
      vertex -0.99592921435210435 -0.57500000000000007 -0.17999999999999999
      vertex -0.94202485093234078 -0.65961290180370269 -0.17999999999999999
      vertex -0.94202485093234078 -0.65961290180370269 0
    endloop
  endfacet
  facet normal -0.84339144581288605 -0.53729960834682333 0
    outer loop
      vertex -0.99592921435210435 -0.57500000000000007 -0.17999999999999999
      vertex -0.94202485093234078 -0.65961290180370269 0
      vertex -0.99592921435210435 -0.57500000000000007 0
    endloop
  endfacet
  facet normal -0.7933533402912345 -0.60876142900872154 0
    outer loop
      vertex -0.94202485093234078 -0.65961290180370269 -0.17999999999999999
      vertex -0.88095110958682499 -0.7392057511395197 -0.17999999999999999
      vertex -0.88095110958682499 -0.7392057511395197 0
    endloop
  endfacet
  facet normal -0.7933533402912345 -0.60876142900872154 0
    outer loop
      vertex -0.94202485093234078 -0.65961290180370269 -0.17999999999999999
      vertex -0.88095110958682499 -0.7392057511395197 0
      vertex -0.94202485093234078 -0.65961290180370269 0
    endloop
  endfacet
  facet normal -0.73727733681012542 -0.6755902076156588 0
    outer loop
      vertex -0.88095110958682499 -0.7392057511395197 -0.17999999999999999
      vertex -0.81317279836452983 -0.81317279836452949 -0.17999999999999999
      vertex -0.81317279836452983 -0.81317279836452949 0
    endloop
  endfacet
  facet normal -0.73727733681012542 -0.6755902076156588 0
    outer loop
      vertex -0.88095110958682499 -0.7392057511395197 -0.17999999999999999
      vertex -0.81317279836452983 -0.81317279836452949 0
      vertex -0.88095110958682499 -0.7392057511395197 0
    endloop
  endfacet
  facet normal -0.67559020761565991 -0.73727733681012442 0
    outer loop
      vertex -0.81317279836452983 -0.81317279836452949 -0.17999999999999999
      vertex -0.73920575113952036 -0.88095110958682454 -0.17999999999999999
      vertex -0.73920575113952036 -0.88095110958682454 0
    endloop
  endfacet
  facet normal -0.67559020761565991 -0.73727733681012442 0
    outer loop
      vertex -0.81317279836452983 -0.81317279836452949 -0.17999999999999999
      vertex -0.73920575113952036 -0.88095110958682454 0
      vertex -0.81317279836452983 -0.81317279836452949 0
    endloop
  endfacet
  facet normal -0.60876142900872021 -0.7933533402912355 0
    outer loop
      vertex -0.73920575113952036 -0.88095110958682454 -0.17999999999999999
      vertex -0.65961290180370236 -0.9420248509323409 -0.17999999999999999
      vertex -0.65961290180370236 -0.9420248509323409 0
    endloop
  endfacet
  facet normal -0.60876142900872021 -0.7933533402912355 0
    outer loop
      vertex -0.73920575113952036 -0.88095110958682454 -0.17999999999999999
      vertex -0.65961290180370236 -0.9420248509323409 0
      vertex -0.73920575113952036 -0.88095110958682454 0
    endloop
  endfacet
  facet normal -0.53729960834682455 -0.84339144581288528 0
    outer loop
      vertex -0.65961290180370236 -0.9420248509323409 -0.17999999999999999
      vertex -0.57500000000000051 -0.99592921435210413 -0.17999999999999999
      vertex -0.57500000000000051 -0.99592921435210413 0
    endloop
  endfacet
  facet normal -0.53729960834682455 -0.84339144581288528 0
    outer loop
      vertex -0.65961290180370236 -0.9420248509323409 -0.17999999999999999
      vertex -0.57500000000000051 -0.99592921435210413 0
      vertex -0.65961290180370236 -0.9420248509323409 0
    endloop
  endfacet
  facet normal -0.46174861323503313 -0.88701083317822216 0
    outer loop
      vertex -0.57500000000000051 -0.99592921435210413 -0.17999999999999999
      vertex -0.48601100100180489 -1.042253955092147 -0.17999999999999999
      vertex -0.48601100100180489 -1.042253955092147 0
    endloop
  endfacet
  facet normal -0.46174861323503313 -0.88701083317822216 0
    outer loop
      vertex -0.57500000000000051 -0.99592921435210413 -0.17999999999999999
      vertex -0.48601100100180489 -1.042253955092147 0
      vertex -0.57500000000000051 -0.99592921435210413 0
    endloop
  endfacet
  facet normal -0.38268343236509061 -0.92387953251128641 0
    outer loop
      vertex -0.48601100100180489 -1.042253955092147 -0.17999999999999999
      vertex -0.39332316482451879 -1.0806465139037946 -0.17999999999999999
      vertex -0.39332316482451879 -1.0806465139037946 0
    endloop
  endfacet
  facet normal -0.38268343236509061 -0.92387953251128641 0
    outer loop
      vertex -0.48601100100180489 -1.042253955092147 -0.17999999999999999
      vertex -0.39332316482451879 -1.0806465139037946 0
      vertex -0.48601100100180489 -1.042253955092147 0
    endloop
  endfacet
  facet normal -0.30070579950427279 -0.95371695074822715 0
    outer loop
      vertex -0.39332316482451879 -1.0806465139037946 -0.17999999999999999
      vertex -0.29764190186789868 -1.1108147002324285 -0.17999999999999999
      vertex -0.29764190186789868 -1.1108147002324285 0
    endloop
  endfacet
  facet normal -0.30070579950427279 -0.95371695074822715 0
    outer loop
      vertex -0.39332316482451879 -1.0806465139037946 -0.17999999999999999
      vertex -0.29764190186789868 -1.1108147002324285 0
      vertex -0.39332316482451879 -1.0806465139037946 0
    endloop
  endfacet
  facet normal -0.21643961122948033 -0.97629599490213193 0.00015820520786633384
    outer loop
      vertex -0.29764190186789868 -1.1108147002324285 -0.17999999999999999
      vertex -0.19969540431696986 -1.132528915964039 -0.17999999999999999
      vertex -0.19969884486625794 -1.1324989849307354 -3.8322795858376153e-07
    endloop
  endfacet
  facet normal -0.21616245894199987 -0.97635740963242967 0
    outer loop
      vertex -0.29764190186789868 -1.1108147002324285 -0.17999999999999999
      vertex -0.19969884486625794 -1.1324989849307354 -3.8322795858376153e-07
      vertex -0.29764190186789868 -1.1108147002324285 0
    endloop
  endfacet
  facet normal -0.13052619222005335 -0.99144486137381005 0
    outer loop
      vertex -0.19969540431696986 -1.132528915964039 -0.17999999999999999
      vertex -0.10022910415980697 -1.1456239028055073 -0.17999999999999999
      vertex -0.10022910415980697 -1.1456239028055073 0
    endloop
  endfacet
  facet normal -0.13081498556662602 -0.99140678492342804 0.00016235453505730071
    outer loop
      vertex -0.19969540431696986 -1.132528915964039 -0.17999999999999999
      vertex -0.10022910415980697 -1.1456239028055073 0
      vertex -0.19969884486625794 -1.1324989849307354 -3.8322795858376153e-07
    endloop
  endfacet
  facet normal -0.043619387365335799 -0.9990482215818578 0
    outer loop
      vertex -0.10022910415980697 -1.1456239028055073 -0.17999999999999999
      vertex -2.1125157285291839e-16 -1.1499999999999999 -0.17999999999999999
      vertex -2.1125157285291839e-16 -1.1499999999999999 0
    endloop
  endfacet
  facet normal -0.043619387365335799 -0.9990482215818578 0
    outer loop
      vertex -0.10022910415980697 -1.1456239028055073 -0.17999999999999999
      vertex -2.1125157285291839e-16 -1.1499999999999999 0
      vertex -0.10022910415980697 -1.1456239028055073 0
    endloop
  endfacet
  facet normal 0.043619387365335785 -0.99904822158185769 0
    outer loop
      vertex -2.1125157285291839e-16 -1.1499999999999999 -0.17999999999999999
      vertex 0.10022910415980657 -1.1456239028055073 -0.17999999999999999
      vertex 0.10022910415980657 -1.1456239028055073 0
    endloop
  endfacet
  facet normal 0.043619387365335785 -0.99904822158185769 0
    outer loop
      vertex -2.1125157285291839e-16 -1.1499999999999999 -0.17999999999999999
      vertex 0.10022910415980657 -1.1456239028055073 0
      vertex -2.1125157285291839e-16 -1.1499999999999999 0
    endloop
  endfacet
  facet normal 0.13052619222005121 -0.99144486137381038 0
    outer loop
      vertex 0.10022910415980657 -1.1456239028055073 -0.17999999999999999
      vertex 0.19969540431696944 -1.1325289159640393 -0.17999999999999999
      vertex 0.19969540431696944 -1.1325289159640393 0
    endloop
  endfacet
  facet normal 0.13052619222005121 -0.99144486137381038 0
    outer loop
      vertex 0.10022910415980657 -1.1456239028055073 -0.17999999999999999
      vertex 0.19969540431696944 -1.1325289159640393 0
      vertex 0.10022910415980657 -1.1456239028055073 0
    endloop
  endfacet
  facet normal 0.21643961393810171 -0.97629600711993358 0
    outer loop
      vertex 0.19969540431696944 -1.1325289159640393 -0.17999999999999999
      vertex 0.2976419018678983 -1.1108147002324287 -0.17999999999999999
      vertex 0.2976419018678983 -1.1108147002324287 0
    endloop
  endfacet
  facet normal 0.21643961393810171 -0.97629600711993358 0
    outer loop
      vertex 0.19969540431696944 -1.1325289159640393 -0.17999999999999999
      vertex 0.2976419018678983 -1.1108147002324287 0
      vertex 0.19969540431696944 -1.1325289159640393 0
    endloop
  endfacet
  facet normal 0.30070579950427423 -0.9537169507482266 0
    outer loop
      vertex 0.2976419018678983 -1.1108147002324287 -0.17999999999999999
      vertex 0.39332316482451929 -1.0806465139037944 -0.17999999999999999
      vertex 0.39332316482451929 -1.0806465139037944 0
    endloop
  endfacet
  facet normal 0.30070579950427423 -0.9537169507482266 0
    outer loop
      vertex 0.2976419018678983 -1.1108147002324287 -0.17999999999999999
      vertex 0.39332316482451929 -1.0806465139037944 0
      vertex 0.2976419018678983 -1.1108147002324287 0
    endloop
  endfacet
  facet normal 0.38268343236508923 -0.92387953251128685 0
    outer loop
      vertex 0.39332316482451929 -1.0806465139037944 -0.17999999999999999
      vertex 0.48601100100180361 -1.0422539550921477 -0.17999999999999999
      vertex 0.48601100100180361 -1.0422539550921477 0
    endloop
  endfacet
  facet normal 0.38268343236508923 -0.92387953251128685 0
    outer loop
      vertex 0.39332316482451929 -1.0806465139037944 -0.17999999999999999
      vertex 0.48601100100180361 -1.0422539550921477 0
      vertex 0.39332316482451929 -1.0806465139037944 0
    endloop
  endfacet
  facet normal 0.46174861323503341 -0.88701083317822205 0
    outer loop
      vertex 0.48601100100180361 -1.0422539550921477 -0.17999999999999999
      vertex 0.57499999999999918 -0.9959292143521048 -0.17999999999999999
      vertex 0.57499999999999918 -0.9959292143521048 0
    endloop
  endfacet
  facet normal 0.46174861323503341 -0.88701083317822205 0
    outer loop
      vertex 0.48601100100180361 -1.0422539550921477 -0.17999999999999999
      vertex 0.57499999999999918 -0.9959292143521048 0
      vertex 0.48601100100180361 -1.0422539550921477 0
    endloop
  endfacet
  facet normal 0.53729960834682389 -0.84339144581288583 0
    outer loop
      vertex 0.57499999999999918 -0.9959292143521048 -0.17999999999999999
      vertex 0.65961290180370291 -0.94202485093234045 -0.17999999999999999
      vertex 0.65961290180370291 -0.94202485093234045 0
    endloop
  endfacet
  facet normal 0.53729960834682389 -0.84339144581288583 0
    outer loop
      vertex 0.57499999999999918 -0.9959292143521048 -0.17999999999999999
      vertex 0.65961290180370291 -0.94202485093234045 0
      vertex 0.57499999999999918 -0.9959292143521048 0
    endloop
  endfacet
  facet normal 0.60876142900872032 -0.79335334029123539 0
    outer loop
      vertex 0.65961290180370291 -0.94202485093234045 -0.17999999999999999
      vertex 0.73920575113952003 -0.88095110958682477 -0.17999999999999999
      vertex 0.73920575113952003 -0.88095110958682477 0
    endloop
  endfacet
  facet normal 0.60876142900872032 -0.79335334029123539 0
    outer loop
      vertex 0.65961290180370291 -0.94202485093234045 -0.17999999999999999
      vertex 0.73920575113952003 -0.88095110958682477 0
      vertex 0.65961290180370291 -0.94202485093234045 0
    endloop
  endfacet
  facet normal 0.6755902076156598 -0.73727733681012453 0
    outer loop
      vertex 0.73920575113952003 -0.88095110958682477 -0.17999999999999999
      vertex 0.81317279836452938 -0.81317279836452983 -0.17999999999999999
      vertex 0.81317279836452938 -0.81317279836452983 0
    endloop
  endfacet
  facet normal 0.6755902076156598 -0.73727733681012453 0
    outer loop
      vertex 0.73920575113952003 -0.88095110958682477 -0.17999999999999999
      vertex 0.81317279836452938 -0.81317279836452983 0
      vertex 0.73920575113952003 -0.88095110958682477 0
    endloop
  endfacet
  facet normal 0.73727733681012397 -0.67559020761566035 0
    outer loop
      vertex 0.81317279836452938 -0.81317279836452983 -0.17999999999999999
      vertex 0.88095110958682443 -0.73920575113952047 -0.17999999999999999
      vertex 0.88095110958682443 -0.73920575113952047 0
    endloop
  endfacet
  facet normal 0.73727733681012397 -0.67559020761566035 0
    outer loop
      vertex 0.81317279836452938 -0.81317279836452983 -0.17999999999999999
      vertex 0.88095110958682443 -0.73920575113952047 0
      vertex 0.81317279836452938 -0.81317279836452983 0
    endloop
  endfacet
  facet normal 0.7933533402912345 -0.60876142900872154 0
    outer loop
      vertex 0.88095110958682443 -0.73920575113952047 -0.17999999999999999
      vertex 0.94202485093234023 -0.65961290180370347 -0.17999999999999999
      vertex 0.94202485093234023 -0.65961290180370347 0
    endloop
  endfacet
  facet normal 0.7933533402912345 -0.60876142900872154 0
    outer loop
      vertex 0.88095110958682443 -0.73920575113952047 -0.17999999999999999
      vertex 0.94202485093234023 -0.65961290180370347 0
      vertex 0.88095110958682443 -0.73920575113952047 0
    endloop
  endfacet
  facet normal 0.84339144581288594 -0.53729960834682322 0
    outer loop
      vertex 0.94202485093234023 -0.65961290180370347 -0.17999999999999999
      vertex 0.99592921435210457 -0.57499999999999962 -0.17999999999999999
      vertex 0.99592921435210457 -0.57499999999999962 0
    endloop
  endfacet
  facet normal 0.84339144581288594 -0.53729960834682322 0
    outer loop
      vertex 0.94202485093234023 -0.65961290180370347 -0.17999999999999999
      vertex 0.99592921435210457 -0.57499999999999962 0
      vertex 0.94202485093234023 -0.65961290180370347 0
    endloop
  endfacet
  facet normal 0.88701083317822205 -0.46174861323503347 0
    outer loop
      vertex 0.99592921435210457 -0.57499999999999962 -0.17999999999999999
      vertex 1.042253955092147 -0.48601100100180494 -0.17999999999999999
      vertex 1.042253955092147 -0.48601100100180494 0
    endloop
  endfacet
  facet normal 0.88701083317822205 -0.46174861323503347 0
    outer loop
      vertex 0.99592921435210457 -0.57499999999999962 -0.17999999999999999
      vertex 1.042253955092147 -0.48601100100180494 0
      vertex 0.99592921435210457 -0.57499999999999962 0
    endloop
  endfacet
  facet normal 0.92387953251128641 -0.38268343236509061 0
    outer loop
      vertex 1.042253955092147 -0.48601100100180494 -0.17999999999999999
      vertex 1.0806465139037946 -0.39332316482451884 -0.17999999999999999
      vertex 1.0806465139037946 -0.39332316482451884 0
    endloop
  endfacet
  facet normal 0.92387953251128641 -0.38268343236509061 0
    outer loop
      vertex 1.042253955092147 -0.48601100100180494 -0.17999999999999999
      vertex 1.0806465139037946 -0.39332316482451884 0
      vertex 1.042253955092147 -0.48601100100180494 0
    endloop
  endfacet
  facet normal 0.95371695074822715 -0.30070579950427279 0
    outer loop
      vertex 1.0806465139037946 -0.39332316482451884 -0.17999999999999999
      vertex 1.1108147002324285 -0.29764190186789874 -0.17999999999999999
      vertex 1.1108147002324285 -0.29764190186789874 0
    endloop
  endfacet
  facet normal 0.95371695074822715 -0.30070579950427279 0
    outer loop
      vertex 1.0806465139037946 -0.39332316482451884 -0.17999999999999999
      vertex 1.1108147002324285 -0.29764190186789874 0
      vertex 1.0806465139037946 -0.39332316482451884 0
    endloop
  endfacet
  facet normal 0.97629600711993358 -0.21643961393810177 0
    outer loop
      vertex 1.1108147002324285 -0.29764190186789874 -0.17999999999999999
      vertex 1.132528915964039 -0.19969540431696992 -0.17999999999999999
      vertex 1.132528915964039 -0.19969540431696992 0
    endloop
  endfacet
  facet normal 0.97629600711993358 -0.21643961393810177 0
    outer loop
      vertex 1.1108147002324285 -0.29764190186789874 -0.17999999999999999
      vertex 1.132528915964039 -0.19969540431696992 0
      vertex 1.1108147002324285 -0.29764190186789874 0
    endloop
  endfacet
  facet normal 0.99144486137381005 -0.13052619222005338 0
    outer loop
      vertex 1.132528915964039 -0.19969540431696992 -0.17999999999999999
      vertex 1.1456239028055073 -0.10022910415980706 -0.17999999999999999
      vertex 1.1456239028055073 -0.10022910415980706 0
    endloop
  endfacet
  facet normal 0.99144486137381005 -0.13052619222005338 0
    outer loop
      vertex 1.132528915964039 -0.19969540431696992 -0.17999999999999999
      vertex 1.1456239028055073 -0.10022910415980706 0
      vertex 1.132528915964039 -0.19969540431696992 0
    endloop
  endfacet
  facet normal 0.9990482215818578 -0.043619387365335674 0
    outer loop
      vertex 1.1456239028055073 -0.10022910415980706 -0.17999999999999999
      vertex 1.1499999999999999 0 -0.17999999999999999
      vertex 1.1499999999999999 0 0
    endloop
  endfacet
  facet normal 0.9990482215818578 -0.043619387365335674 0
    outer loop
      vertex 1.1456239028055073 -0.10022910415980706 -0.17999999999999999
      vertex 1.1499999999999999 0 0
      vertex 1.1456239028055073 -0.10022910415980706 0
    endloop
  endfacet
  facet normal 0.9990482215545452 0.043619387364143433 7.3944060298362498e-06
    outer loop
      vertex 0.41999999999999998 0 0
      vertex 0.41840177319853311 0.036605411954016426 0
      vertex 0.41839756554465313 0.03660346084836693 0.5799999542253661
    endloop
  endfacet
  facet normal 0.99904310883041114 0.043736331561614369 -9.5617298449708492e-17
    outer loop
      vertex 0.41999999999999998 0 0
      vertex 0.41839756554465313 0.03660346084836693 0.5799999542253661
      vertex 0.42000000000000004 0 0.57999999999999996
    endloop
  endfacet
  facet normal 0.99144486137381038 0.13052619222005207 -9.8209650558176886e-17
    outer loop
      vertex 0.41840177319853311 0.036605411954016426 0
      vertex 0.41361925626512736 0.072932234620110739 0
      vertex 0.41361925626512741 0.072932234620110753 0.57999999999999996
    endloop
  endfacet
  facet normal 0.99146062172388505 0.13040642435344302 7.6313106766463915e-06
    outer loop
      vertex 0.41840177319853311 0.036605411954016426 0
      vertex 0.41361925626512741 0.072932234620110753 0.57999999999999996
      vertex 0.41839756554465313 0.03660346084836693 0.5799999542253661
    endloop
  endfacet
  facet normal 0.97629600711993347 0.21643961393810227 -9.9485100565425949e-17
    outer loop
      vertex 0.41361925626512736 0.072932234620110739 0
      vertex 0.40568884704140867 0.10870399894305871 0
      vertex 0.40568884704140873 0.10870399894305872 0.57999999999999996
    endloop
  endfacet
  facet normal 0.97629600711993347 0.21643961393810227 -9.8618997126113897e-17
    outer loop
      vertex 0.41361925626512736 0.072932234620110739 0
      vertex 0.40568884704140873 0.10870399894305872 0.57999999999999996
      vertex 0.41361925626512741 0.072932234620110753 0.57999999999999996
    endloop
  endfacet
  facet normal 0.95371695074822715 0.30070579950427256 -1.045869005944222e-16
    outer loop
      vertex 0.40568884704140867 0.10870399894305871 0
      vertex 0.39467090073008154 0.14364846019678085 0
      vertex 0.3946709007300816 0.14364846019678087 0.57999999999999996
    endloop
  endfacet
  facet normal 0.95371695074822715 0.3007057995042724 -9.8474236487755863e-17
    outer loop
      vertex 0.40568884704140867 0.10870399894305871 0
      vertex 0.3946709007300816 0.14364846019678087 0.57999999999999996
      vertex 0.40568884704140873 0.10870399894305872 0.57999999999999996
    endloop
  endfacet
  facet normal 0.92387953246571874 0.38268343234621655 9.9319629874001744e-06
    outer loop
      vertex 0.39467090073008154 0.14364846019678085 0
      vertex 0.38064927055539294 0.17749966993109376 0
      vertex 0.38068387039959406 0.17740108550691902 0.57999993983585407
    endloop
  endfacet
  facet normal 0.9238191842492105 0.38282909347791638 -1.0673777292945542e-16
    outer loop
      vertex 0.39467090073008154 0.14364846019678085 0
      vertex 0.38068387039959406 0.17740108550691902 0.57999993983585407
      vertex 0.3946709007300816 0.14364846019678087 0.57999999999999996
    endloop
  endfacet
  facet normal 0.88701083317822238 0.46174861323503258 -1.071378006089204e-16
    outer loop
      vertex 0.38064927055539294 0.17749966993109376 0
      vertex 0.36373066958946426 0.20999999999999996 0
      vertex 0.36373066958946432 0.20999999999999999 0.57999999999999996
    endloop
  endfacet
  facet normal 0.88719713525195654 0.46139055316570571 2.5498346348604719e-05
    outer loop
      vertex 0.38064927055539294 0.17749966993109376 0
      vertex 0.36373066958946432 0.20999999999999999 0.57999999999999996
      vertex 0.38068387039959406 0.17740108550691902 0.57999993983585407
    endloop
  endfacet
  facet normal 0.84354903559805106 0.53705216152449342 1.8532875122468786e-05
    outer loop
      vertex 0.36373066958946426 0.20999999999999996 0
      vertex 0.34405466927472744 0.2409051378561651 1.1100584894896971e-07
      vertex 0.3440438586013766 0.24090210326743935 0.57999999999999996
    endloop
  endfacet
  facet normal 0.84339144581288528 0.53729960834682478 -1.064322241437696e-16
    outer loop
      vertex 0.36373066958946426 0.20999999999999996 0
      vertex 0.3440438586013766 0.24090210326743935 0.57999999999999996
      vertex 0.36373066958946432 0.20999999999999999 0.57999999999999996
    endloop
  endfacet
  facet normal 0.79318013751333649 0.60898708471909491 9.9831273039123348e-06
    outer loop
      vertex 0.34405466927472744 0.2409051378561651 1.1100584894896971e-07
      vertex 0.32173866610997076 0.26997079606834645 0
      vertex 0.32179760251959699 0.26988452592560319 0.57999993983585418
    endloop
  endfacet
  facet normal 0.79325734833007655 0.60888650748507067 1.7971324485779241e-05
    outer loop
      vertex 0.34405466927472744 0.2409051378561651 1.1100584894896971e-07
      vertex 0.32179760251959699 0.26988452592560319 0.57999993983585418
      vertex 0.3440438586013766 0.24090210326743935 0.57999999999999996
    endloop
  endfacet
  facet normal 0.73727733678996898 0.67559020759718946 7.3944060297699145e-06
    outer loop
      vertex 0.32173866610997076 0.26997079606834645 0
      vertex 0.29698484809834996 0.29698484809834996 0
      vertex 0.29698287899501241 0.29698064883693037 0.57999995422536632
    endloop
  endfacet
  facet normal 0.73747114714243756 0.6753786393432869 2.5519157830551306e-05
    outer loop
      vertex 0.32173866610997076 0.26997079606834645 0
      vertex 0.29698287899501241 0.29698064883693037 0.57999995422536632
      vertex 0.32179760251959699 0.26988452592560319 0.57999993983585418
    endloop
  endfacet
  facet normal 0.67559020761565991 0.73727733681012442 -1.3774860078289746e-16
    outer loop
      vertex 0.29698484809834996 0.29698484809834996 0
      vertex 0.26997079606834651 0.32173866610997076 0
      vertex 0.26997079606834656 0.32173866610997082 0.57999999999999996
    endloop
  endfacet
  facet normal 0.67567926604494832 0.73719571985919929 7.6313106763722391e-06
    outer loop
      vertex 0.29698484809834996 0.29698484809834996 0
      vertex 0.26997079606834656 0.32173866610997082 0.57999999999999996
      vertex 0.29698287899501241 0.29698064883693037 0.57999995422536632
    endloop
  endfacet
  facet normal 0.6087614284953573 0.79335333962220811 4.1068007245037544e-05
    outer loop
      vertex 0.26997079606834651 0.32173866610997076 0
      vertex 0.24090210326743938 0.34404385860137648 0
      vertex 0.24091017520809602 0.34400764103644538 0.57999989685628306
    endloop
  endfacet
  facet normal 0.60824514934378437 0.79374922884986632 -1.341833137125535e-16
    outer loop
      vertex 0.26997079606834651 0.32173866610997076 0
      vertex 0.24091017520809602 0.34400764103644538 0.57999989685628306
      vertex 0.26997079606834656 0.32173866610997082 0.57999999999999996
    endloop
  endfacet
  facet normal 0.53729960833213597 0.84339144578982783 7.3944060296627868e-06
    outer loop
      vertex 0.24090210326743938 0.34404385860137648 0
      vertex 0.21000000000000005 0.36373066958946421 0
      vertex 0.20999918484106322 0.36372610377296172 0.57999995422536621
    endloop
  endfacet
  facet normal 0.53780372724519143 0.84307007355364572 4.5160051753686109e-05
    outer loop
      vertex 0.24090210326743938 0.34404385860137648 0
      vertex 0.20999918484106322 0.36372610377296172 0.57999995422536621
      vertex 0.24091017520809602 0.34400764103644538 0.57999989685628306
    endloop
  endfacet
  facet normal 0.46174861323503291 0.88701083317822227 -1.0713780060892013e-16
    outer loop
      vertex 0.21000000000000005 0.36373066958946421 0
      vertex 0.17749966993109376 0.38064927055539294 0
      vertex 0.17749966993109378 0.38064927055539299 0.57999999999999996
    endloop
  endfacet
  facet normal 0.46185576109323406 0.88695504727508745 7.6313106764019293e-06
    outer loop
      vertex 0.21000000000000005 0.36373066958946421 0
      vertex 0.17749966993109378 0.38064927055539299 0.57999999999999996
      vertex 0.20999918484106322 0.36372610377296172 0.57999995422536621
    endloop
  endfacet
  facet normal 0.38268343216021999 0.92387953201668538 3.272162810863873e-05
    outer loop
      vertex 0.17749966993109376 0.38064927055539294 0
      vertex 0.1436484601967809 0.39467090073008149 0
      vertex 0.14381842341406165 0.39457995743568175 0.5799998972265461
    endloop
  endfacet
  facet normal 0.38220232080972899 0.924078668711521 -1.067326140415999e-16
    outer loop
      vertex 0.17749966993109376 0.38064927055539294 0
      vertex 0.14381842341406165 0.39457995743568175 0.5799998972265461
      vertex 0.17749966993109378 0.38064927055539299 0.57999999999999996
    endloop
  endfacet
  facet normal 0.30070579950427268 0.95371695074822693 -9.6934200550927945e-17
    outer loop
      vertex 0.1436484601967809 0.39467090073008149 0
      vertex 0.10870399894305879 0.40568884704140862 0
      vertex 0.10870399894305881 0.40568884704140867 0.57999999999999996
    endloop
  endfacet
  facet normal 0.30162818423210658 0.95342563146938442 6.1106857856034778e-05
    outer loop
      vertex 0.1436484601967809 0.39467090073008149 0
      vertex 0.10870399894305881 0.40568884704140867 0.57999999999999996
      vertex 0.14381842341406165 0.39457995743568175 0.5799998972265461
    endloop
  endfacet
  facet normal 0.21643961392742825 0.97629600707178055 9.9319629874384298e-06
    outer loop
      vertex 0.10870399894305879 0.40568884704140862 0
      vertex 0.072932234620110767 0.41361925626512736 0
      vertex 0.073032835908042992 0.41359105309553906 0.57999993983585429
    endloop
  endfacet
  facet normal 0.2162856809986575 0.97633012049969392 -9.8618578892170186e-17
    outer loop
      vertex 0.10870399894305879 0.40568884704140862 0
      vertex 0.073032835908042992 0.41359105309553906 0.57999993983585429
      vertex 0.10870399894305881 0.40568884704140867 0.57999999999999996
    endloop
  endfacet
  facet normal 0.13052619222005193 0.99144486137381038 -9.5658750543678685e-17
    outer loop
      vertex 0.072932234620110767 0.41361925626512736 0
      vertex 0.036605411954016419 0.41840177319853311 0
      vertex 0.036605411954016419 0.41840177319853317 0.57999999999999996
    endloop
  endfacet
  facet normal 0.13092635633735519 0.99139209627980107 2.5498346348528659e-05
    outer loop
      vertex 0.072932234620110767 0.41361925626512736 0
      vertex 0.036605411954016419 0.41840177319853317 0.57999999999999996
      vertex 0.073032835908042992 0.41359105309553906 0.57999993983585429
    endloop
  endfacet
  facet normal 0.043619387365335958 0.99904822158185769 -9.5658750543678894e-17
    outer loop
      vertex 0.036605411954016419 0.41840177319853311 0
      vertex 2.5717582782094416e-17 0.41999999999999998 0
      vertex 2.5717582782094419e-17 0.42000000000000004 0.57999999999999996
    endloop
  endfacet
  facet normal 0.043619387365335958 0.99904822158185769 -9.5617787785430502e-17
    outer loop
      vertex 0.036605411954016419 0.41840177319853311 0
      vertex 2.5717582782094419e-17 0.42000000000000004 0.57999999999999996
      vertex 0.036605411954016419 0.41840177319853317 0.57999999999999996
    endloop
  endfacet
  facet normal -0.043619387365335958 0.99904822158185769 -9.5977613045491148e-17
    outer loop
      vertex 2.5717582782094416e-17 0.41999999999999998 0
      vertex -0.036605411954016363 0.41840177319853311 0
      vertex -0.03660541195401637 0.41840177319853317 0.57999999999999996
    endloop
  endfacet
  facet normal -0.043619387365335945 0.99904822158185769 -9.561778778543049e-17
    outer loop
      vertex 2.5717582782094416e-17 0.41999999999999998 0
      vertex -0.03660541195401637 0.41840177319853317 0.57999999999999996
      vertex 2.5717582782094419e-17 0.42000000000000004 0.57999999999999996
    endloop
  endfacet
  facet normal -0.13052619222005191 0.99144486137381038 -9.820965055817675e-17
    outer loop
      vertex -0.036605411954016363 0.41840177319853311 0
      vertex -0.072932234620110725 0.41361925626512736 0
      vertex -0.072932234620110739 0.41361925626512741 0.57999999999999996
    endloop
  endfacet
  facet normal -0.13052619222005185 0.99144486137381038 -9.6451643166674123e-17
    outer loop
      vertex -0.036605411954016363 0.41840177319853311 0
      vertex -0.072932234620110739 0.41361925626512741 0.57999999999999996
      vertex -0.03660541195401637 0.41840177319853317 0.57999999999999996
    endloop
  endfacet
  facet normal -0.21643961393218483 0.97629600709324305 7.3944060298336884e-06
    outer loop
      vertex -0.072932234620110725 0.41361925626512736 0
      vertex -0.10870399894305875 0.40568884704140867 0
      vertex -0.10870134682765992 0.40568504211718609 0.5799999542253661
    endloop
  endfacet
  facet normal -0.21655389366929517 0.97627066489609704 -9.8619306046528222e-17
    outer loop
      vertex -0.072932234620110725 0.41361925626512736 0
      vertex -0.10870134682765992 0.40568504211718609 0.5799999542253661
      vertex -0.072932234620110739 0.41361925626512741 0.57999999999999996
    endloop
  endfacet
  facet normal -0.30070579950427345 0.95371695074822682 -1.0713780060892064e-16
    outer loop
      vertex -0.10870399894305875 0.40568884704140867 0
      vertex -0.14364846019678076 0.39467090073008154 0
      vertex -0.14364846019678079 0.3946709007300816 0.57999999999999996
    endloop
  endfacet
  facet normal -0.30059058793674553 0.95375326913495018 7.6313106766071925e-06
    outer loop
      vertex -0.10870399894305875 0.40568884704140867 0
      vertex -0.14364846019678079 0.3946709007300816 0.57999999999999996
      vertex -0.10870134682765992 0.40568504211718609 0.5799999542253661
    endloop
  endfacet
  facet normal -0.38241237963698516 0.92399175946374701 1.8532875122571293e-05
    outer loop
      vertex -0.14364846019678076 0.39467090073008154 0
      vertex -0.17750078116387047 0.38066044394112686 1.1100584895006044e-07
      vertex -0.17749966993109373 0.38064927055539305 0.57999999999999996
    endloop
  endfacet
  facet normal -0.38268343236508973 0.92387953251128685 -1.0673657826302671e-16
    outer loop
      vertex -0.14364846019678076 0.39467090073008154 0
      vertex -0.17749966993109373 0.38064927055539305 0.57999999999999996
      vertex -0.14364846019678079 0.3946709007300816 0.57999999999999996
    endloop
  endfacet
  facet normal -0.46200091707107138 0.88687944650075701 -1.0712559381717999e-16
    outer loop
      vertex -0.17750078116387047 0.38066044394112686 1.1100584895006044e-07
      vertex -0.20999999999999991 0.36373066958946426 0
      vertex -0.20999999999999994 0.36373066958946432 0.57999999999999996
    endloop
  endfacet
  facet normal -0.46174861316045929 0.88701083303496542 1.7972459269264729e-05
    outer loop
      vertex -0.17750078116387047 0.38066044394112686 1.1100584895006044e-07
      vertex -0.20999999999999994 0.36373066958946432 0.57999999999999996
      vertex -0.17749966993109373 0.38064927055539305 0.57999999999999996
    endloop
  endfacet
  facet normal -0.53729960834682433 0.84339144581288539 -1.0713780060891981e-16
    outer loop
      vertex -0.20999999999999991 0.36373066958946426 0
      vertex -0.24090210326743938 0.34404385860137648 0
      vertex -0.24090210326743941 0.34404385860137654 0.57999999999999996
    endloop
  endfacet
  facet normal -0.53729960834682433 0.84339144581288528 -1.0643222414376958e-16
    outer loop
      vertex -0.20999999999999991 0.36373066958946426 0
      vertex -0.24090210326743941 0.34404385860137654 0.57999999999999996
      vertex -0.20999999999999994 0.36373066958946432 0.57999999999999996
    endloop
  endfacet
  facet normal -0.60876142900872021 0.79335334029123561 -1.3264680075390145e-16
    outer loop
      vertex -0.24090210326743938 0.34404385860137648 0
      vertex -0.26997079606834651 0.32173866610997076 0
      vertex -0.26997079606834656 0.32173866610997082 0.57999999999999996
    endloop
  endfacet
  facet normal -0.60876142900871988 0.79335334029123583 -1.0506289849562102e-16
    outer loop
      vertex -0.24090210326743938 0.34404385860137648 0
      vertex -0.26997079606834656 0.32173866610997082 0.57999999999999996
      vertex -0.24090210326743941 0.34404385860137654 0.57999999999999996
    endloop
  endfacet
  facet normal -0.67559020758233912 0.73727733677375973 9.9319629873670317e-06
    outer loop
      vertex -0.26997079606834651 0.32173866610997076 0
      vertex -0.29698484809834991 0.29698484809834996 0
      vertex -0.29690404288610223 0.2970510791755111 0.57999993983585429
    endloop
  endfacet
  facet normal -0.67570644396727331 0.73717080895888865 -1.3522490147997981e-16
    outer loop
      vertex -0.26997079606834651 0.32173866610997076 0
      vertex -0.29690404288610223 0.2970510791755111 0.57999993983585429
      vertex -0.26997079606834656 0.32173866610997082 0.57999999999999996
    endloop
  endfacet
  facet normal -0.73727733681012364 0.67559020761566058 -1.3264680075390138e-16
    outer loop
      vertex -0.29698484809834991 0.29698484809834996 0
      vertex -0.32173866610997071 0.26997079606834656 0
      vertex -0.32173866610997076 0.26997079606834662 0.57999999999999996
    endloop
  endfacet
  facet normal -0.73700458946714187 0.67588773805581359 2.5498346348364921e-05
    outer loop
      vertex -0.29698484809834991 0.29698484809834996 0
      vertex -0.32173866610997076 0.26997079606834662 0.57999999999999996
      vertex -0.29690404288610223 0.2970510791755111 0.57999993983585429
    endloop
  endfacet
  facet normal -0.79335333962220767 0.60876142849535797 4.1068007245037287e-05
    outer loop
      vertex -0.32173866610997071 0.26997079606834656 0
      vertex -0.3440438586013766 0.24090210326743927 0
      vertex -0.34400764103644604 0.24091017520809518 0.57999989685628295
    endloop
  endfacet
  facet normal -0.79374922884986587 0.60824514934378515 -1.3418331371255353e-16
    outer loop
      vertex -0.32173866610997071 0.26997079606834656 0
      vertex -0.34400764103644604 0.24091017520809518 0.57999989685628295
      vertex -0.32173866610997076 0.26997079606834662 0.57999999999999996
    endloop
  endfacet
  facet normal -0.8433914458128855 0.53729960834682411 -1.0713780060892097e-16
    outer loop
      vertex -0.3440438586013766 0.24090210326743927 0
      vertex -0.36373066958946415 0.21000000000000013 0
      vertex -0.36373066958946421 0.21000000000000016 0.57999999999999996
    endloop
  endfacet
  facet normal -0.84300717829705207 0.53790231018344814 4.5154752323870093e-05
    outer loop
      vertex -0.3440438586013766 0.24090210326743927 0
      vertex -0.36373066958946421 0.21000000000000016 0.57999999999999996
      vertex -0.34400764103644604 0.24091017520809518 0.57999989685628295
    endloop
  endfacet
  facet normal -0.88701083313447282 0.46174861321225907 9.9319629874486162e-06
    outer loop
      vertex -0.36373066958946415 0.21000000000000013 0
      vertex -0.38064927055539294 0.17749966993109378 0
      vertex -0.38059599085622609 0.17758954379584299 0.57999993983585441
    endloop
  endfacet
  facet normal -0.88708362494915216 0.46160875462568063 -1.0699181026409337e-16
    outer loop
      vertex -0.36373066958946415 0.21000000000000013 0
      vertex -0.38059599085622609 0.17758954379584299 0.57999993983585441
      vertex -0.36373066958946421 0.21000000000000016 0.57999999999999996
    endloop
  endfacet
  facet normal -0.92387953165883618 0.3826834320119939 4.2957785732905798e-05
    outer loop
      vertex -0.38064927055539294 0.17749966993109378 0
      vertex -0.39467090073008149 0.14364846019678093 0
      vertex -0.39465114981157046 0.14363103576345285 0.57999989677244845
    endloop
  endfacet
  facet normal -0.92398450483330374 0.38242990752765205 2.5619248635379409e-05
    outer loop
      vertex -0.38064927055539294 0.17749966993109378 0
      vertex -0.39465114981157046 0.14363103576345285 0.57999989677244845
      vertex -0.38059599085622609 0.17758954379584299 0.57999993983585441
    endloop
  endfacet
  facet normal -0.95371695074822704 0.30070579950427268 -9.9485100565425542e-17
    outer loop
      vertex -0.39467090073008149 0.14364846019678093 0
      vertex -0.40568884704140867 0.10870399894305864 0
      vertex -0.40568884704140873 0.10870399894305866 0.57999999999999996
    endloop
  endfacet
  facet normal -0.95351909185151662 0.30133260651726085 4.1523158758693802e-05
    outer loop
      vertex -0.39467090073008149 0.14364846019678093 0
      vertex -0.40568884704140873 0.10870399894305866 0.57999999999999996
      vertex -0.39465114981157046 0.14363103576345285 0.57999989677244845
    endloop
  endfacet
  facet normal -0.97629600709324282 0.21643961393218536 7.3944060299102322e-06
    outer loop
      vertex -0.40568884704140867 0.10870399894305864 0
      vertex -0.41361925626512736 0.072932234620110711 0
      vertex -0.41361468700027543 0.072933030222488149 0.57999995422536621
    endloop
  endfacet
  facet normal -0.97632133596647896 0.21632533124123413 -9.8618686854413679e-17
    outer loop
      vertex -0.40568884704140867 0.10870399894305864 0
      vertex -0.41361468700027543 0.072933030222488149 0.57999995422536621
      vertex -0.40568884704140873 0.10870399894305866 0.57999999999999996
    endloop
  endfacet
  facet normal -0.99144486137381038 0.13052619222005221 -9.5658750543678894e-17
    outer loop
      vertex -0.41361925626512736 0.072932234620110711 0
      vertex -0.41840177319853311 0.03660541195401644 0
      vertex -0.41840177319853317 0.036605411954016447 0.57999999999999996
    endloop
  endfacet
  facet normal -0.99142908649810901 0.1306459581743277 7.631310676740075e-06
    outer loop
      vertex -0.41361925626512736 0.072932234620110711 0
      vertex -0.41840177319853317 0.036605411954016447 0.57999999999999996
      vertex -0.41361468700027543 0.072933030222488149 0.57999995422536621
    endloop
  endfacet
  facet normal -0.99904822153258277 0.043619387363184568 9.9319629875800317e-06
    outer loop
      vertex -0.41840177319853311 0.03660541195401644 0
      vertex -0.41999999999999998 5.1435165564188832e-17 0
      vertex -0.4199896945302502 0.00010397035732234608 0.57999993983585429
    endloop
  endfacet
  facet normal -0.99905508652830999 0.043461869286893919 -9.6138405683582129e-17
    outer loop
      vertex -0.41840177319853311 0.03660541195401644 0
      vertex -0.4199896945302502 0.00010397035732234608 0.57999993983585429
      vertex -0.41840177319853317 0.036605411954016447 0.57999999999999996
    endloop
  endfacet
  facet normal -0.99904822158185769 -0.043619387365335965 -9.5977613045491172e-17
    outer loop
      vertex -0.41999999999999998 5.1435165564188832e-17 0
      vertex -0.41840177319853311 -0.036605411954016336 0
      vertex -0.41840177319853317 -0.036605411954016343 0.57999999999999996
    endloop
  endfacet
  facet normal -0.9990657458779264 -0.043216140077716569 2.5498346348699956e-05
    outer loop
      vertex -0.41999999999999998 5.1435165564188832e-17 0
      vertex -0.41840177319853317 -0.036605411954016343 0.57999999999999996
      vertex -0.4199896945302502 0.00010397035732234608 0.57999993983585429
    endloop
  endfacet
  facet normal -0.99144486132491061 -0.13052619221361292 9.9319629875277376e-06
    outer loop
      vertex -0.41840177319853311 -0.036605411954016336 0
      vertex -0.41361925626512741 -0.072932234620110614 0
      vertex -0.41362716162169982 -0.072828054280094076 0.57999993983585429
    endloop
  endfacet
  facet normal -0.99142426929902971 -0.13068250933038039 -9.6451542439202761e-17
    outer loop
      vertex -0.41840177319853311 -0.036605411954016336 0
      vertex -0.41362716162169982 -0.072828054280094076 0.57999993983585429
      vertex -0.41840177319853317 -0.036605411954016343 0.57999999999999996
    endloop
  endfacet
  facet normal -0.97629600709324282 -0.21643961393218539 7.3944060297469768e-06
    outer loop
      vertex -0.41361925626512741 -0.072932234620110614 0
      vertex -0.40568884704140873 -0.10870399894305854 0
      vertex -0.40568504211718626 -0.10870134682765945 0.5799999542253661
    endloop
  endfacet
  facet normal -0.97635806765504618 -0.21615948527343581 2.551915783061978e-05
    outer loop
      vertex -0.41361925626512741 -0.072932234620110614 0
      vertex -0.40568504211718626 -0.10870134682765945 0.5799999542253661
      vertex -0.41362716162169982 -0.072828054280094076 0.57999993983585429
    endloop
  endfacet
  facet normal -0.95371695074822704 -0.30070579950427279 -1.0713780060891985e-16
    outer loop
      vertex -0.40568884704140873 -0.10870399894305854 0
      vertex -0.39467090073008154 -0.14364846019678082 0
      vertex -0.3946709007300816 -0.14364846019678085 0.57999999999999996
    endloop
  endfacet
  facet normal -0.95375326913495029 -0.30059058793674559 7.6313106765612799e-06
    outer loop
      vertex -0.40568884704140873 -0.10870399894305854 0
      vertex -0.3946709007300816 -0.14364846019678085 0.57999999999999996
      vertex -0.40568504211718626 -0.10870134682765945 0.5799999542253661
    endloop
  endfacet
  facet normal -0.92387953246571952 -0.38268343234621455 9.9319629869971968e-06
    outer loop
      vertex -0.39467090073008154 -0.14364846019678082 0
      vertex -0.3806492705553931 -0.17749966993109353 0
      vertex -0.38068387039959489 -0.1774010855069178 0.57999993983585429
    endloop
  endfacet
  facet normal -0.92381918424921372 -0.38282909347790856 -1.0673777292945536e-16
    outer loop
      vertex -0.39467090073008154 -0.14364846019678082 0
      vertex -0.38068387039959489 -0.1774010855069178 0.57999993983585429
      vertex -0.3946709007300816 -0.14364846019678085 0.57999999999999996
    endloop
  endfacet
  facet normal -0.88701083317822182 -0.46174861323503402 -1.0713780060891932e-16
    outer loop
      vertex -0.3806492705553931 -0.17749966993109353 0
      vertex -0.36373066958946421 -0.21000000000000005 0
      vertex -0.36373066958946426 -0.21000000000000008 0.57999999999999996
    endloop
  endfacet
  facet normal -0.88719713525195409 -0.46139055316571015 2.5498346348381526e-05
    outer loop
      vertex -0.3806492705553931 -0.17749966993109353 0
      vertex -0.36373066958946426 -0.21000000000000008 0.57999999999999996
      vertex -0.38068387039959489 -0.1774010855069178 0.57999993983585429
    endloop
  endfacet
  facet normal -0.84339144577128822 -0.53729960832032275 9.9319629874589077e-06
    outer loop
      vertex -0.36373066958946421 -0.21000000000000005 0
      vertex -0.34404385860137665 -0.24090210326743924 0
      vertex -0.34409505180180228 -0.24081102476208022 0.57999993983585429
    endloop
  endfacet
  facet normal -0.84330672058971345 -0.53743257717431214 -1.064304783363028e-16
    outer loop
      vertex -0.36373066958946421 -0.21000000000000005 0
      vertex -0.34409505180180228 -0.24081102476208022 0.57999993983585429
      vertex -0.36373066958946426 -0.21000000000000008 0.57999999999999996
    endloop
  endfacet
  facet normal -0.79353189669449209 -0.60852865853323979 2.5926390598236134e-05
    outer loop
      vertex -0.34404385860137665 -0.24090210326743924 0
      vertex -0.32174917116361207 -0.26997476132181064 1.1100584894801171e-07
      vertex -0.32173633850991878 -0.26996678440504707 0.5799999542253661
    endloop
  endfacet
  facet normal -0.79352797372679673 -0.60853377413403831 2.5519157830375506e-05
    outer loop
      vertex -0.34404385860137665 -0.24090210326743924 0
      vertex -0.32173633850991878 -0.26996678440504707 0.5799999542253661
      vertex -0.34409505180180228 -0.24081102476208022 0.57999993983585429
    endloop
  endfacet
  facet normal -0.73708512598721354 -0.67579990903255804 -1.3773290633637385e-16
    outer loop
      vertex -0.32174917116361207 -0.26997476132181064 1.1100584894801171e-07
      vertex -0.29698484809835002 -0.29698484809834991 0
      vertex -0.29698484809835007 -0.29698484809834996 0.57999999999999996
    endloop
  endfacet
  facet normal -0.73735894275415936 -0.6755011390700022 2.5604641955827185e-05
    outer loop
      vertex -0.32174917116361207 -0.26997476132181064 1.1100584894801171e-07
      vertex -0.29698484809835007 -0.29698484809834996 0.57999999999999996
      vertex -0.32173633850991878 -0.26996678440504707 0.5799999542253661
    endloop
  endfacet
  facet normal -0.67559020758233845 -0.73727733677376051 9.9319629872649863e-06
    outer loop
      vertex -0.29698484809835002 -0.29698484809834991 0
      vertex -0.26997079606834656 -0.32173866610997071 0
      vertex -0.27004381775455522 -0.32166394080467398 0.57999993983585418
    endloop
  endfacet
  facet normal -0.67547395446950242 -0.73738384633332754 -1.3522303973901425e-16
    outer loop
      vertex -0.29698484809835002 -0.29698484809834991 0
      vertex -0.27004381775455522 -0.32166394080467398 0.57999993983585418
      vertex -0.29698484809835007 -0.29698484809834996 0.57999999999999996
    endloop
  endfacet
  facet normal -0.60899414676459029 -0.79317471521916361 1.8532875122417662e-05
    outer loop
      vertex -0.26997079606834656 -0.32173866610997071 0
      vertex -0.24091122408694185 -0.34405040765005823 1.110058489499279e-07
      vertex -0.24090210326743919 -0.34404385860137671 0.57999999999999996
    endloop
  endfacet
  facet normal -0.60908159875298107 -0.79310756232074031 2.549834634835291e-05
    outer loop
      vertex -0.26997079606834656 -0.32173866610997071 0
      vertex -0.24090210326743919 -0.34404385860137671 0.57999999999999996
      vertex -0.27004381775455522 -0.32166394080467398 0.57999993983585418
    endloop
  endfacet
  facet normal -0.53705967217613093 -0.84354425397983956 9.9831273039379236e-06
    outer loop
      vertex -0.24091122408694185 -0.34405040765005823 1.110058489499279e-07
      vertex -0.21000000000000019 -0.36373066958946415 0
      vertex -0.21008488823580596 -0.36366975961220249 0.57999993983585441
    endloop
  endfacet
  facet normal -0.53716662605086152 -0.84347614994981657 1.7971324485711844e-05
    outer loop
      vertex -0.24091122408694185 -0.34405040765005823 1.110058489499279e-07
      vertex -0.21008488823580596 -0.36366975961220249 0.57999993983585441
      vertex -0.24090210326743919 -0.34404385860137671 0.57999999999999996
    endloop
  endfacet
  facet normal -0.46174861322241018 -0.88701083315397211 7.3944060298872717e-06
    outer loop
      vertex -0.21000000000000019 -0.36373066958946415 0
      vertex -0.17749966993109398 -0.38064927055539288 0
      vertex -0.17749925581121143 -0.38064465106741796 0.57999995422536621
    endloop
  endfacet
  facet normal -0.46200309598497524 -0.88687831107151915 2.5519157830335594e-05
    outer loop
      vertex -0.21000000000000019 -0.36373066958946415 0
      vertex -0.17749925581121143 -0.38064465106741796 0.57999995422536621
      vertex -0.21008488823580596 -0.36366975961220249 0.57999993983585441
    endloop
  endfacet
  facet normal -0.38268343236508978 -0.92387953251128674 -8.928150050743275e-17
    outer loop
      vertex -0.17749966993109398 -0.38064927055539288 0
      vertex -0.14364846019678079 -0.39467090073008154 0
      vertex -0.14364846019678079 -0.3946709007300816 0.57999999999999996
    endloop
  endfacet
  facet normal -0.382795034555167 -0.92383329744151965 7.6313106766129269e-06
    outer loop
      vertex -0.17749966993109398 -0.38064927055539288 0
      vertex -0.14364846019678079 -0.3946709007300816 0.57999999999999996
      vertex -0.17749925581121143 -0.38064465106741796 0.57999995422536621
    endloop
  endfacet
  facet normal -0.30070579950427256 -0.95371695074822715 -9.9485100565425999e-17
    outer loop
      vertex -0.14364846019678079 -0.39467090073008154 0
      vertex -0.10870399894305866 -0.40568884704140867 0
      vertex -0.10870399894305867 -0.40568884704140873 0.57999999999999996
    endloop
  endfacet
  facet normal -0.30070579950427262 -0.95371695074822715 -9.1279182559998123e-17
    outer loop
      vertex -0.14364846019678079 -0.39467090073008154 0
      vertex -0.10870399894305867 -0.40568884704140873 0.57999999999999996
      vertex -0.14364846019678079 -0.3946709007300816 0.57999999999999996
    endloop
  endfacet
  facet normal -0.21643961393810263 -0.97629600711993347 -9.6934200550928007e-17
    outer loop
      vertex -0.10870399894305866 -0.40568884704140867 0
      vertex -0.072932234620110739 -0.41361925626512736 0
      vertex -0.072932234620110753 -0.41361925626512741 0.57999999999999996
    endloop
  endfacet
  facet normal -0.21643961393810268 -0.97629600711993347 -9.861899712611391e-17
    outer loop
      vertex -0.10870399894305866 -0.40568884704140867 0
      vertex -0.072932234620110753 -0.41361925626512741 0.57999999999999996
      vertex -0.10870399894305867 -0.40568884704140873 0.57999999999999996
    endloop
  endfacet
  facet normal -0.13052619221361439 -0.99144486132491039 9.9319629874881998e-06
    outer loop
      vertex -0.072932234620110739 -0.41361925626512736 0
      vertex -0.03660541195401646 -0.41840177319853311 0
      vertex -0.036708088491869371 -0.4183824453304909 0.57999993983585418
    endloop
  endfacet
  facet normal -0.13036987186496302 -0.99146542880219135 -9.8011435822545268e-17
    outer loop
      vertex -0.072932234620110739 -0.41361925626512736 0
      vertex -0.036708088491869371 -0.4183824453304909 0.57999993983585418
      vertex -0.072932234620110753 -0.41361925626512741 0.57999999999999996
    endloop
  endfacet
  facet normal -0.043912473723076419 -0.99903538190999652 1.853287512211479e-05
    outer loop
      vertex -0.03660541195401646 -0.41840177319853311 0
      vertex -3.7149579374489692e-06 -0.42001059615376241 1.1100584894701151e-07
      vertex -7.7152748346283254e-17 -0.42000000000000004 0.57999999999999996
    endloop
  endfacet
  facet normal -0.044022627518321152 -0.99903053387582585 2.5498346348628263e-05
    outer loop
      vertex -0.03660541195401646 -0.41840177319853311 0
      vertex -7.7152748346283254e-17 -0.42000000000000004 0.57999999999999996
      vertex -0.036708088491869371 -0.4183824453304909 0.57999993983585418
    endloop
  endfacet
  facet normal 0.04390357870587569 -0.99903577302157553 -9.5647851622483323e-17
    outer loop
      vertex -3.7149579374489692e-06 -0.42001059615376241 1.1100584894701151e-07
      vertex 0.036605411954016315 -0.41840177319853311 0
      vertex 0.036605411954016315 -0.41840177319853317 0.57999999999999996
    endloop
  endfacet
  facet normal 0.043619387358291233 -0.99904822142050687 1.7972459268875246e-05
    outer loop
      vertex -3.7149579374489692e-06 -0.42001059615376241 1.1100584894701151e-07
      vertex 0.036605411954016315 -0.41840177319853317 0.57999999999999996
      vertex -7.7152748346283254e-17 -0.42000000000000004 0.57999999999999996
    endloop
  endfacet
  facet normal 0.13052619222005071 -0.9914448613738106 -9.8209650558177009e-17
    outer loop
      vertex 0.036605411954016315 -0.41840177319853311 0
      vertex 0.072932234620110586 -0.41361925626512741 0
      vertex 0.0729322346201106 -0.41361925626512747 0.57999999999999996
    endloop
  endfacet
  facet normal 0.13052619222005066 -0.9914448613738106 -9.4890078684784583e-17
    outer loop
      vertex 0.036605411954016315 -0.41840177319853311 0
      vertex 0.0729322346201106 -0.41361925626512747 0.57999999999999996
      vertex 0.036605411954016315 -0.41840177319853317 0.57999999999999996
    endloop
  endfacet
  facet normal 0.21643961392742733 -0.97629600707178055 9.9319629875736586e-06
    outer loop
      vertex 0.072932234620110586 -0.41361925626512741 0
      vertex 0.10870399894305852 -0.40568884704140873 0
      vertex 0.10860090403791334 -0.4057058022306263 0.57999993983585407
    endloop
  endfacet
  facet normal 0.21659354149706253 -0.97626186947035898 -9.8619412908480813e-17
    outer loop
      vertex 0.072932234620110586 -0.41361925626512741 0
      vertex 0.10860090403791334 -0.4057058022306263 0.57999993983585407
      vertex 0.0729322346201106 -0.41361925626512747 0.57999999999999996
    endloop
  endfacet
  facet normal 0.30070579949605203 -0.95371695072215379 7.3944060298591468e-06
    outer loop
      vertex 0.10870399894305852 -0.40568884704140873 0
      vertex 0.14364846019678096 -0.39467090073008149 0
      vertex 0.14364548655248568 -0.39466734143183158 0.57999995422536599
    endloop
  endfacet
  facet normal 0.30043214574578464 -0.95380318994610003 2.5519157830523208e-05
    outer loop
      vertex 0.10870399894305852 -0.40568884704140873 0
      vertex 0.14364548655248568 -0.39466734143183158 0.57999995422536599
      vertex 0.10860090403791334 -0.4057058022306263 0.57999993983585407
    endloop
  endfacet
  facet normal 0.38268343236508956 -0.92387953251128696 -1.0713780060892135e-16
    outer loop
      vertex 0.14364846019678096 -0.39467090073008149 0
      vertex 0.17749966993109351 -0.3806492705553931 0
      vertex 0.17749966993109353 -0.38064927055539316 0.57999999999999996
    endloop
  endfacet
  facet normal 0.38257182456833039 -0.92392575404532473 7.6313106765545612e-06
    outer loop
      vertex 0.14364846019678096 -0.39467090073008149 0
      vertex 0.17749966993109353 -0.38064927055539316 0.57999999999999996
      vertex 0.14364548655248568 -0.39466734143183158 0.57999995422536599
    endloop
  endfacet
  facet normal 0.4617486132350338 -0.88701083317822182 -1.0713780060892034e-16
    outer loop
      vertex 0.17749966993109351 -0.3806492705553931 0
      vertex 0.20999999999999971 -0.36373066958946437 0
      vertex 0.20999999999999974 -0.36373066958946443 0.57999999999999996
    endloop
  endfacet
  facet normal 0.46174861323503386 -0.88701083317822182 -1.069915363006501e-16
    outer loop
      vertex 0.17749966993109351 -0.3806492705553931 0
      vertex 0.20999999999999974 -0.36373066958946443 0.57999999999999996
      vertex 0.17749966993109353 -0.38064927055539316 0.57999999999999996
    endloop
  endfacet
  facet normal 0.53729960834682366 -0.84339144581288572 -1.0713780060891938e-16
    outer loop
      vertex 0.20999999999999971 -0.36373066958946437 0
      vertex 0.24090210326743933 -0.34404385860137654 0
      vertex 0.24090210326743935 -0.3440438586013766 0.57999999999999996
    endloop
  endfacet
  facet normal 0.53729960834682366 -0.84339144581288572 -1.0643222414376959e-16
    outer loop
      vertex 0.20999999999999971 -0.36373066958946437 0
      vertex 0.24090210326743935 -0.3440438586013766 0.57999999999999996
      vertex 0.20999999999999974 -0.36373066958946443 0.57999999999999996
    endloop
  endfacet
  facet normal 0.60876142900872021 -0.79335334029123561 -5.6119800318958305e-17
    outer loop
      vertex 0.24090210326743933 -0.34404385860137654 0
      vertex 0.26997079606834645 -0.32173866610997082 0
      vertex 0.26997079606834651 -0.32173866610997082 0.57999999999999996
    endloop
  endfacet
  facet normal 0.60876142900872088 -0.79335334029123505 -1.05062898495621e-16
    outer loop
      vertex 0.24090210326743933 -0.34404385860137654 0
      vertex 0.26997079606834651 -0.32173866610997082 0.57999999999999996
      vertex 0.24090210326743935 -0.3440438586013766 0.57999999999999996
    endloop
  endfacet
  facet normal 0.67559020759719102 -0.73727733678996765 7.3944060297648297e-06
    outer loop
      vertex 0.26997079606834645 -0.32173866610997082 0
      vertex 0.29698484809834985 -0.29698484809835002 0
      vertex 0.29698064883692821 -0.29698287899501435 0.57999995422536632
    endloop
  endfacet
  facet normal 0.6756765056540921 -0.73719824993489746 -6.4668242566848524e-17
    outer loop
      vertex 0.26997079606834645 -0.32173866610997082 0
      vertex 0.29698064883692821 -0.29698287899501435 0.57999995422536632
      vertex 0.26997079606834651 -0.32173866610997082 0.57999999999999996
    endloop
  endfacet
  facet normal 0.73727733681012364 -0.67559020761566058 -1.3264680075390138e-16
    outer loop
      vertex 0.29698484809834985 -0.29698484809835002 0
      vertex 0.32173866610997065 -0.26997079606834662 0
      vertex 0.32173866610997071 -0.26997079606834667 0.57999999999999996
    endloop
  endfacet
  facet normal 0.73719571985919408 -0.67567926604495387 7.6313106767840699e-06
    outer loop
      vertex 0.29698484809834985 -0.29698484809835002 0
      vertex 0.32173866610997071 -0.26997079606834667 0.57999999999999996
      vertex 0.29698064883692821 -0.29698287899501435 0.57999995422536632
    endloop
  endfacet
  facet normal 0.79317471501700454 -0.60899414664711471 2.8412075333893392e-05
    outer loop
      vertex 0.32173866610997065 -0.26997079606834662 0
      vertex 0.34405040765005768 -0.24091122408694268 1.1100584894801133e-07
      vertex 0.34397578190772476 -0.24098135982357108 0.57999993983585418
    endloop
  endfacet
  facet normal 0.79344931238424943 -0.60863633532427353 -1.341920490157309e-16
    outer loop
      vertex 0.32173866610997065 -0.26997079606834662 0
      vertex 0.34397578190772476 -0.24098135982357108 0.57999993983585418
      vertex 0.32173866610997071 -0.26997079606834667 0.57999999999999996
    endloop
  endfacet
  facet normal 0.84354425329733995 -0.53705967162320223 4.2953595640667696e-05
    outer loop
      vertex 0.34405040765005768 -0.24091122408694268 1.1100584894801133e-07
      vertex 0.36373066958946432 -0.20999999999999985 0
      vertex 0.3637142444528802 -0.20997941057195918 0.57999989677244845
    endloop
  endfacet
  facet normal 0.84353884698221848 -0.5370681630220171 4.3589739432316645e-05
    outer loop
      vertex 0.34405040765005768 -0.24091122408694268 1.1100584894801133e-07
      vertex 0.3637142444528802 -0.20997941057195918 0.57999989677244845
      vertex 0.34397578190772476 -0.24098135982357108 0.57999993983585418
    endloop
  endfacet
  facet normal 0.88701083317822171 -0.46174861323503391 -1.0713780060892143e-16
    outer loop
      vertex 0.36373066958946432 -0.20999999999999985 0
      vertex 0.38064927055539288 -0.17749966993109398 0
      vertex 0.38064927055539294 -0.17749966993109401 0.57999999999999996
    endloop
  endfacet
  facet normal 0.88670713630718467 -0.46233153980421776 4.1523158758665192e-05
    outer loop
      vertex 0.36373066958946432 -0.20999999999999985 0
      vertex 0.38064927055539294 -0.17749966993109401 0.57999999999999996
      vertex 0.3637142444528802 -0.20997941057195918 0.57999989677244845
    endloop
  endfacet
  facet normal 0.92387953251128652 -0.38268343236509 -8.9281500507432812e-17
    outer loop
      vertex 0.38064927055539288 -0.17749966993109398 0
      vertex 0.39467090073008154 -0.14364846019678082 0
      vertex 0.3946709007300816 -0.14364846019678082 0.57999999999999996
    endloop
  endfacet
  facet normal 0.92387953251128674 -0.38268343236508978 -1.0673657826302669e-16
    outer loop
      vertex 0.38064927055539288 -0.17749966993109398 0
      vertex 0.3946709007300816 -0.14364846019678082 0.57999999999999996
      vertex 0.38064927055539294 -0.17749966993109401 0.57999999999999996
    endloop
  endfacet
  facet normal 0.953716950701188 -0.30070579948944115 9.9319629873542737e-06
    outer loop
      vertex 0.39467090073008154 -0.14364846019678082 0
      vertex 0.40568884704140867 -0.10870399894305868 0
      vertex 0.40565198321342422 -0.10880175934452518 0.57999993983585418
    endloop
  endfacet
  facet normal 0.95376435045594898 -0.30055542550308689 -9.1283719133004441e-17
    outer loop
      vertex 0.39467090073008154 -0.14364846019678082 0
      vertex 0.40565198321342422 -0.10880175934452518 0.57999993983585418
      vertex 0.3946709007300816 -0.14364846019678082 0.57999999999999996
    endloop
  endfacet
  facet normal 0.9762324685996171 -0.21672601806988986 1.8532875122303553e-05
    outer loop
      vertex 0.40568884704140867 -0.10870399894305868 0
      vertex 0.41362904634382874 -0.072937733142281316 1.1100584894686966e-07
      vertex 0.41361925626512741 -0.072932234620110767 0.57999999999999996
    endloop
  endfacet
  facet normal 0.97620856621217245 -0.21683365652916706 2.5498346348524512e-05
    outer loop
      vertex 0.40568884704140867 -0.10870399894305868 0
      vertex 0.41361925626512741 -0.072932234620110767 0.57999999999999996
      vertex 0.40565198321342422 -0.10880175934452518 0.57999993983585418
    endloop
  endfacet
  facet normal 0.99144948877301275 -0.13049103786938168 1.5732244235938102e-05
    outer loop
      vertex 0.41362904634382874 -0.072937733142281316 1.1100584894686966e-07
      vertex 0.41843713670454002 -0.036406651710658405 1.3654071977118993e-07
      vertex 0.41840177319853317 -0.036605411954016495 0.57999999999999996
    endloop
  endfacet
  facet normal 0.99144486121368747 -0.13052619219897163 1.7972459268974949e-05
    outer loop
      vertex 0.41362904634382874 -0.072937733142281316 1.1100584894686966e-07
      vertex 0.41840177319853317 -0.036605411954016495 0.57999999999999996
      vertex 0.41361925626512741 -0.072932234620110767 0.57999999999999996
    endloop
  endfacet
  facet normal 0.99907986664469273 -0.042888460746718413 -9.5542814186889874e-17
    outer loop
      vertex 0.41843713670454002 -0.036406651710658405 1.3654071977118993e-07
      vertex 0.41999999999999998 0 0
      vertex 0.42000000000000004 0 0.57999999999999996
    endloop
  endfacet
  facet normal 0.9990482205264446 -0.043619387319255506 4.5965610319309025e-05
    outer loop
      vertex 0.41843713670454002 -0.036406651710658405 1.3654071977118993e-07
      vertex 0.42000000000000004 0 0.57999999999999996
      vertex 0.41840177319853317 -0.036605411954016495 0.57999999999999996
    endloop
  endfacet
  facet normal -0.99907813041354687 -0.042926787228915464 -0.00042457929210118928
    outer loop
      vertex 0.16 0 -0.17999999999999999
      vertex 0.15998191499752715 -0.0070960828252765243 0.58000024980400711
      vertex 0.15878365208248763 0.020792290616637312 0.580000249804007
    endloop
  endfacet
  facet normal -0.99904813941133164 -0.04361938377769288 -0.00040558305069327959
    outer loop
      vertex 0.16 0 -0.17999999999999999
      vertex 0.15878365208248763 0.020792290616637312 0.580000249804007
      vertex 0.1593911516946793 0.013944918839625307 -0.17999999999999999
    endloop
  endfacet
  facet normal -0.99144478846735529 -0.13052618262173596 0.00038349852466098802
    outer loop
      vertex 0.1593911516946793 0.013944918839625307 -0.17999999999999999
      vertex 0.15878365208248763 0.020792290616637312 0.580000249804007
      vertex 0.15756924048195328 0.027783708426708853 -0.17999999999999999
    endloop
  endfacet
  facet normal -0.9796622063951903 -0.20065363866630934 -0.00028044763805126571
    outer loop
      vertex 0.15756924048195328 0.027783708426708853 -0.17999999999999999
      vertex 0.15878365208248763 0.020792290616637312 0.580000249804007
      vertex 0.15453714223606227 0.04152525773141047 0.57999994208095662
    endloop
  endfacet
  facet normal -0.97629600695451912 -0.21643961390143004 1.8408180034301693e-05
    outer loop
      vertex 0.15756924048195328 0.027783708426708853 -0.17999999999999999
      vertex 0.15453714223606227 0.04152525773141047 0.57999994208095662
      vertex 0.15454813220625094 0.041411047216403318 -0.17999999999999999
    endloop
  endfacet
  facet normal -0.94877366156620813 -0.31595654444626858 3.3761272842240131e-05
    outer loop
      vertex 0.15454813220625094 0.041411047216403318 -0.17999999999999999
      vertex 0.15453714223606227 0.04152525773141047 0.57999994208095662
      vertex 0.14799178953608053 0.061180043704198404 0.58000024980400722
    endloop
  endfacet
  facet normal -0.95371687230614355 -0.30070577477157984 -0.0004055830506932919
    outer loop
      vertex 0.15454813220625094 0.041411047216403318 -0.17999999999999999
      vertex 0.14799178953608053 0.061180043704198404 0.58000024980400722
      vertex 0.15035081932574534 0.054723222932106998 -0.17999999999999999
    endloop
  endfacet
  facet normal -0.92387946457328651 -0.38268340422424796 0.00038349852466097755
    outer loop
      vertex 0.15035081932574534 0.054723222932106998 -0.17999999999999999
      vertex 0.14799178953608053 0.061180043704198404 0.58000024980400722
      vertex 0.14500924592586401 0.067618921878511914 -0.17999999999999999
    endloop
  endfacet
  facet normal -0.88733064525101857 -0.46113354435655185 -0.0004245792921011799
    outer loop
      vertex 0.14500924592586401 0.067618921878511914 -0.17999999999999999
      vertex 0.14799178953608053 0.061180043704198404 0.58000024980400722
      vertex 0.13511965861846606 0.085949085932128327 0.58000024980400711
    endloop
  endfacet
  facet normal -0.8870107602226367 -0.46174857525676161 -0.00040558305069320305
    outer loop
      vertex 0.14500924592586401 0.067618921878511914 -0.17999999999999999
      vertex 0.13511965861846606 0.085949085932128327 0.58000024980400711
      vertex 0.13856406460551018 0.079999999999999988 -0.17999999999999999
    endloop
  endfacet
  facet normal -0.84339138379362211 -0.53729956883619501 0.00038349852466102748
    outer loop
      vertex 0.13856406460551018 0.079999999999999988 -0.17999999999999999
      vertex 0.13511965861846606 0.085949085932128327 0.58000024980400711
      vertex 0.13106432708623869 0.091772229816167367 -0.17999999999999999
    endloop
  endfacet
  facet normal -0.80273150121734627 -0.59634055308342526 -0.00028583474248766483
    outer loop
      vertex 0.13106432708623869 0.091772229816167367 -0.17999999999999999
      vertex 0.13511965861846606 0.085949085932128327 0.58000024980400711
      vertex 0.12256711089903649 0.10284601754984628 0.57999999999999996
    endloop
  endfacet
  facet normal -0.79335334029123505 -0.60876142900872077 0
    outer loop
      vertex 0.13106432708623869 0.091772229816167367 -0.17999999999999999
      vertex 0.12256711089903649 0.10284601754984628 0.57999999999999996
      vertex 0.12256711089903649 0.10284601754984628 -0.17999999999999999
    endloop
  endfacet
  facet normal -0.73794863180131431 -0.67485688617852024 0
    outer loop
      vertex 0.12256711089903649 0.10284601754984628 -0.17999999999999999
      vertex 0.12256711089903649 0.10284601754984628 0.57999999999999996
      vertex 0.1130704621389737 0.11323049921212888 0.57999994208095662
    endloop
  endfacet
  facet normal -0.73727733668520812 -0.67559020750119314 1.8408180034274202e-05
    outer loop
      vertex 0.12256711089903649 0.10284601754984628 -0.17999999999999999
      vertex 0.1130704621389737 0.11323049921212888 0.57999994208095662
      vertex 0.11313708498984762 0.11313708498984762 -0.17999999999999999
    endloop
  endfacet
  facet normal -0.66368382113478164 -0.74801322476551957 3.3761272842234568e-05
    outer loop
      vertex 0.11313708498984762 0.11313708498984762 -0.17999999999999999
      vertex 0.1130704621389737 0.11323049921212888 0.57999994208095662
      vertex 0.097574627437666789 0.12697936682051814 0.58000024980400711
    endloop
  endfacet
  facet normal -0.67559015204916995 -0.73727727616994176 -0.00040558305069328339
    outer loop
      vertex 0.11313708498984762 0.11313708498984762 -0.17999999999999999
      vertex 0.097574627437666789 0.12697936682051814 0.58000024980400711
      vertex 0.10284601754984631 0.12256711089903649 -0.17999999999999999
    endloop
  endfacet
  facet normal -0.60876138424310544 -0.79335328195155275 0.00038349852466098178
    outer loop
      vertex 0.10284601754984631 0.12256711089903649 -0.17999999999999999
      vertex 0.097574627437666789 0.12697936682051814 0.58000024980400711
      vertex 0.091772229816167381 0.13106432708623866 -0.17999999999999999
    endloop
  endfacet
  facet normal -0.55036038672983467 -0.83492716030626701 -0.0002858347424876618
    outer loop
      vertex 0.091772229816167381 0.13106432708623866 -0.17999999999999999
      vertex 0.097574627437666789 0.12697936682051814 0.58000024980400711
      vertex 0.080000000000000016 0.13856406460551018 0.57999999999999996
    endloop
  endfacet
  facet normal -0.53729960834682544 -0.84339144581288472 0
    outer loop
      vertex 0.091772229816167381 0.13106432708623866 -0.17999999999999999
      vertex 0.080000000000000016 0.13856406460551018 0.57999999999999996
      vertex 0.080000000000000016 0.13856406460551018 -0.17999999999999999
    endloop
  endfacet
  facet normal -0.46405864839869032 -0.88580447664616191 0
    outer loop
      vertex 0.080000000000000016 0.13856406460551018 -0.17999999999999999
      vertex 0.080000000000000016 0.13856406460551018 0.57999999999999996
      vertex 0.067690168316165117 0.14501298646560784 0.57999991070322798
    endloop
  endfacet
  facet normal -0.46174861271077544 -0.88701083217112986 4.7652430622509775e-05
    outer loop
      vertex 0.080000000000000016 0.13856406460551018 -0.17999999999999999
      vertex 0.067690168316165117 0.14501298646560784 0.57999991070322798
      vertex 0.067618921878511914 0.14500924592586401 -0.17999999999999999
    endloop
  endfacet
  facet normal -0.36764400915979906 -0.9299666020909747 3.9041982235605908e-05
    outer loop
      vertex 0.067618921878511914 0.14500924592586401 -0.17999999999999999
      vertex 0.067690168316165117 0.14501298646560784 0.57999991070322798
      vertex 0.048260656139753513 0.15269406205448741 0.58000024980400711
    endloop
  endfacet
  facet normal -0.38268340088983305 -0.92387945652329595 -0.00040558305069326832
    outer loop
      vertex 0.067618921878511914 0.14500924592586401 -0.17999999999999999
      vertex 0.048260656139753513 0.15269406205448741 0.58000024980400711
      vertex 0.054723222932107012 0.15035081932574534 -0.17999999999999999
    endloop
  endfacet
  facet normal -0.30070577739170234 -0.95371688061611526 0.00038349852466098238
    outer loop
      vertex 0.054723222932107012 0.15035081932574534 -0.17999999999999999
      vertex 0.048260656139753513 0.15269406205448741 0.58000024980400711
      vertex 0.041411047216403353 0.15454813220625091 -0.17999999999999999
    endloop
  endfacet
  facet normal -0.21711635527242182 -0.97614563872694948 -0.00042457929210119085
    outer loop
      vertex 0.041411047216403353 0.15454813220625091 -0.17999999999999999
      vertex 0.048260656139753513 0.15269406205448741 0.58000024980400711
      vertex 0.021012422715562501 0.15875467114186498 0.58000024980400722
    endloop
  endfacet
  facet normal -0.21643959613620273 -0.97629592682074973 -0.0004055830506932455
    outer loop
      vertex 0.041411047216403353 0.15454813220625091 -0.17999999999999999
      vertex 0.021012422715562501 0.15875467114186498 0.58000024980400722
      vertex 0.027783708426708867 0.15756924048195328 -0.17999999999999999
    endloop
  endfacet
  facet normal -0.13052618262173576 -0.99144478846735529 0.00038349852466100016
    outer loop
      vertex 0.027783708426708867 0.15756924048195328 -0.17999999999999999
      vertex 0.021012422715562501 0.15875467114186498 0.58000024980400722
      vertex 0.013944918839625302 0.1593911516946793 -0.17999999999999999
    endloop
  endfacet
  facet normal -0.044311958675575178 -0.99901765252209573 -0.00042457929210120993
    outer loop
      vertex 0.013944918839625302 0.1593911516946793 -0.17999999999999999
      vertex 0.021012422715562501 0.15875467114186498 0.58000024980400722
      vertex -0.0068742625400418931 0.15999159988033668 0.58000024980400711
    endloop
  endfacet
  facet normal -0.043619383777692929 -0.99904813941133164 -0.00040558305069330751
    outer loop
      vertex 0.013944918839625302 0.1593911516946793 -0.17999999999999999
      vertex -0.0068742625400418931 0.15999159988033668 0.58000024980400711
      vertex 9.7971743931788255e-18 0.16 -0.17999999999999999
    endloop
  endfacet
  facet normal 0.043619384157759421 -0.99904814811628551 0.0003834985246609382
    outer loop
      vertex 9.7971743931788255e-18 0.16 -0.17999999999999999
      vertex -0.0068742625400418931 0.15999159988033668 0.58000024980400711
      vertex -0.013944918839625283 0.1593911516946793 -0.17999999999999999
    endloop
  endfacet
  facet normal 0.12983883436269128 -0.99153502047268227 -0.00042457929210123942
    outer loop
      vertex -0.013944918839625283 0.1593911516946793 -0.17999999999999999
      vertex -0.0068742625400418931 0.15999159988033668 0.58000024980400711
      vertex -0.034552076806911927 0.1563672648161003 0.580000249804007
    endloop
  endfacet
  facet normal 0.13052618148442879 -0.99144477982865142 -0.0004055830506932565
    outer loop
      vertex -0.013944918839625283 0.1593911516946793 -0.17999999999999999
      vertex -0.034552076806911927 0.1563672648161003 0.580000249804007
      vertex -0.02778370842670885 0.15756924048195328 -0.17999999999999999
    endloop
  endfacet
  facet normal 0.21643959802209259 -0.97629593532745829 0.00038349852466098731
    outer loop
      vertex -0.02778370842670885 0.15756924048195328 -0.17999999999999999
      vertex -0.034552076806911927 0.1563672648161003 0.580000249804007
      vertex -0.041411047216403339 0.15454813220625094 -0.17999999999999999
    endloop
  endfacet
  facet normal 0.28523453902138218 -0.9584577086704551 -0.00028007042098150247
    outer loop
      vertex -0.041411047216403339 0.15454813220625094 -0.17999999999999999
      vertex -0.034552076806911927 0.1563672648161003 0.580000249804007
      vertex -0.054732310686235616 0.15036167941557874 0.5799999437954958
    endloop
  endfacet
  facet normal 0.30070579945967052 -0.95371695060675965 1.7223938286619395e-05
    outer loop
      vertex -0.041411047216403339 0.15454813220625094 -0.17999999999999999
      vertex -0.054732310686235616 0.15036167941557874 0.5799999437954958
      vertex -0.054723222932106963 0.15035081932574534 -0.17999999999999999
    endloop
  endfacet
  facet normal 0.3969128689116464 -0.91785629276770675 1.7861907053537678e-05
    outer loop
      vertex -0.054723222932106963 0.15035081932574534 -0.17999999999999999
      vertex -0.054732310686235616 0.15036167941557874 0.5799999437954958
      vertex -0.073845569504715866 0.14209644394657936 0.58000024980400711
    endloop
  endfacet
  facet normal 0.38268340088983205 -0.92387945652329606 -0.00040558305069325704
    outer loop
      vertex -0.054723222932106963 0.15035081932574534 -0.17999999999999999
      vertex -0.073845569504715866 0.14209644394657936 0.58000024980400711
      vertex -0.067618921878511901 0.14500924592586401 -0.17999999999999999
    endloop
  endfacet
  facet normal 0.46174857928009166 -0.8870107679513809 0.00038349852466104212
    outer loop
      vertex -0.067618921878511901 0.14500924592586401 -0.17999999999999999
      vertex -0.073845569504715866 0.14209644394657936 0.58000024980400711
      vertex -0.07999999999999996 0.13856406460551018 -0.17999999999999999
    endloop
  endfacet
  facet normal 0.52410863702326838 -0.85165136933848229 -0.00028583474248762271
    outer loop
      vertex -0.07999999999999996 0.13856406460551018 -0.17999999999999999
      vertex -0.073845569504715866 0.14209644394657936 0.58000024980400711
      vertex -0.091772229816167381 0.13106432708623866 0.57999999999999996
    endloop
  endfacet
  facet normal 0.53729960834682355 -0.84339144581288583 0
    outer loop
      vertex -0.07999999999999996 0.13856406460551018 -0.17999999999999999
      vertex -0.091772229816167381 0.13106432708623866 0.57999999999999996
      vertex -0.091772229816167381 0.13106432708623866 -0.17999999999999999
    endloop
  endfacet
  facet normal 0.60595503643907467 -0.79549889617404235 0
    outer loop
      vertex -0.091772229816167381 0.13106432708623866 -0.17999999999999999
      vertex -0.091772229816167381 0.13106432708623866 0.57999999999999996
      vertex -0.1027637489552594 0.1226917618790682 0.57999990291480186
    endloop
  endfacet
  facet normal 0.60876142775322861 -0.79335333865504931 6.4224118828972853e-05
    outer loop
      vertex -0.091772229816167381 0.13106432708623866 -0.17999999999999999
      vertex -0.1027637489552594 0.1226917618790682 0.57999990291480186
      vertex -0.10284601754984631 0.12256711089903649 -0.17999999999999999
    endloop
  endfacet
  facet normal 0.67748681920712106 -0.73553491253860293 4.7301662921639946e-05
    outer loop
      vertex -0.10284601754984631 0.12256711089903649 -0.17999999999999999
      vertex -0.1027637489552594 0.1226917618790682 0.57999990291480186
      vertex -0.11313708498984759 0.11313708498984762 0.57999999999999996
    endloop
  endfacet
  facet normal 0.67559020761566069 -0.73727733681012353 0
    outer loop
      vertex -0.10284601754984631 0.12256711089903649 -0.17999999999999999
      vertex -0.11313708498984759 0.11313708498984762 0.57999999999999996
      vertex -0.11313708498984759 0.11313708498984762 -0.17999999999999999
    endloop
  endfacet
  facet normal 0.7366053130960083 -0.67632286130126607 0
    outer loop
      vertex -0.11313708498984759 0.11313708498984762 -0.17999999999999999
      vertex -0.11313708498984759 0.11313708498984762 0.57999999999999996
      vertex -0.12265436308794722 0.10277150663310823 0.57999994208095662
    endloop
  endfacet
  facet normal 0.73727733668520667 -0.6755902075011947 1.840818003430746e-05
    outer loop
      vertex -0.11313708498984759 0.11313708498984762 -0.17999999999999999
      vertex -0.12265436308794722 0.10277150663310823 0.57999994208095662
      vertex -0.12256711089903646 0.10284601754984632 -0.17999999999999999
    endloop
  endfacet
  facet normal 0.80301066499452356 -0.59596465563423262 3.3761272842198139e-05
    outer loop
      vertex -0.12256711089903646 0.10284601754984632 -0.17999999999999999
      vertex -0.12265436308794722 0.10277150663310823 0.57999994208095662
      vertex -0.13500036112130298 0.086136345492811406 0.58000024980400722
    endloop
  endfacet
  facet normal 0.79335327503886732 -0.60876137893881899 -0.00040558305069327336
    outer loop
      vertex -0.12256711089903646 0.10284601754984632 -0.17999999999999999
      vertex -0.13500036112130298 0.086136345492811406 0.58000024980400722
      vertex -0.13106432708623872 0.091772229816167353 -0.17999999999999999
    endloop
  endfacet
  facet normal 0.84339138379362211 -0.53729956883619479 0.00038349852466099241
    outer loop
      vertex -0.13106432708623872 0.091772229816167353 -0.17999999999999999
      vertex -0.13500036112130298 0.086136345492811406 0.58000024980400722
      vertex -0.13856406460551016 0.080000000000000057 -0.17999999999999999
    endloop
  endfacet
  facet normal 0.87971707867422766 -0.47549740250329736 -0.00028583474248766651
    outer loop
      vertex -0.13856406460551016 0.080000000000000057 -0.17999999999999999
      vertex -0.13500036112130298 0.086136345492811406 0.58000024980400722
      vertex -0.14500924592586401 0.067618921878511914 0.57999999999999996
    endloop
  endfacet
  facet normal 0.88701083317822138 -0.46174861323503452 0
    outer loop
      vertex -0.13856406460551016 0.080000000000000057 -0.17999999999999999
      vertex -0.14500924592586401 0.067618921878511914 0.57999999999999996
      vertex -0.14500924592586401 0.067618921878511914 -0.17999999999999999
    endloop
  endfacet
  facet normal 0.92299369416849164 -0.38481507315228841 0
    outer loop
      vertex -0.14500924592586401 0.067618921878511914 -0.17999999999999999
      vertex -0.14500924592586401 0.067618921878511914 0.57999999999999996
      vertex -0.1504563001335438 0.05455395369964653 0.57999991440193011
    endloop
  endfacet
  facet normal 0.92387953165741976 -0.38268343201140637 4.2993463389377617e-05
    outer loop
      vertex -0.14500924592586401 0.067618921878511914 -0.17999999999999999
      vertex -0.1504563001335438 0.05455395369964653 0.57999991440193011
      vertex -0.15035081932574534 0.054723222932107018 -0.17999999999999999
    endloop
  endfacet
  facet normal 0.95878947854621743 -0.28411745979122255 6.9791513595069112e-05
    outer loop
      vertex -0.15035081932574534 0.054723222932107018 -0.17999999999999999
      vertex -0.1504563001335438 0.05455395369964653 0.57999991440193011
      vertex -0.15631920838012187 0.034768845381335622 0.58000024980400711
    endloop
  endfacet
  facet normal 0.95371687230614388 -0.30070577477157884 -0.0004055830506932127
    outer loop
      vertex -0.15035081932574534 0.054723222932107018 -0.17999999999999999
      vertex -0.15631920838012187 0.034768845381335622 0.58000024980400711
      vertex -0.15454813220625094 0.041411047216403291 -0.17999999999999999
    endloop
  endfacet
  facet normal 0.97629593532745818 -0.21643959802209328 0.00038349852466101187
    outer loop
      vertex -0.15454813220625094 0.041411047216403291 -0.17999999999999999
      vertex -0.15631920838012187 0.034768845381335622 0.58000024980400711
      vertex -0.15756924048195328 0.027783708426708846 -0.17999999999999999
    endloop
  endfacet
  facet normal 0.99135404707160002 -0.13121346381825447 -0.00042457929210120023
    outer loop
      vertex -0.15756924048195328 0.027783708426708846 -0.17999999999999999
      vertex -0.15631920838012187 0.034768845381335622 0.58000024980400711
      vertex -0.15998191499752709 0.0070960828252765651 0.58000024980400722
    endloop
  endfacet
  facet normal 0.99144477982865142 -0.1305261814844291 -0.00040558305069332437
    outer loop
      vertex -0.15756924048195328 0.027783708426708846 -0.17999999999999999
      vertex -0.15998191499752709 0.0070960828252765651 0.58000024980400722
      vertex -0.1593911516946793 0.013944918839625311 -0.17999999999999999
    endloop
  endfacet
  facet normal 0.99904814811628551 -0.043619384157759428 0.00038349852466093061
    outer loop
      vertex -0.1593911516946793 0.013944918839625311 -0.17999999999999999
      vertex -0.15998191499752709 0.0070960828252765651 0.58000024980400722
      vertex -0.16 1.9594348786357651e-17 -0.17999999999999999
    endloop
  endfacet
  facet normal 0.99907813041354709 0.042926787228911634 -0.0004245792921012275
    outer loop
      vertex -0.16 1.9594348786357651e-17 -0.17999999999999999
      vertex -0.15998191499752709 0.0070960828252765651 0.58000024980400722
      vertex -0.15878365208248768 -0.020792290616637187 0.580000249804007
    endloop
  endfacet
  facet normal 0.99904813941133164 0.043619383777692936 -0.00040558305069321096
    outer loop
      vertex -0.16 1.9594348786357651e-17 -0.17999999999999999
      vertex -0.15878365208248768 -0.020792290616637187 0.580000249804007
      vertex -0.1593911516946793 -0.013944918839625271 -0.17999999999999999
    endloop
  endfacet
  facet normal 0.99144478846735562 0.1305261826217341 0.00038349852466102856
    outer loop
      vertex -0.1593911516946793 -0.013944918839625271 -0.17999999999999999
      vertex -0.15878365208248768 -0.020792290616637187 0.580000249804007
      vertex -0.15756924048195331 -0.027783708426708804 -0.17999999999999999
    endloop
  endfacet
  facet normal 0.97954621840250544 0.20121909529627435 -0.00028583474248767009
    outer loop
      vertex -0.15756924048195331 -0.027783708426708804 -0.17999999999999999
      vertex -0.15878365208248768 -0.020792290616637187 0.580000249804007
      vertex -0.15454813220625094 -0.041411047216403256 0.57999999999999996
    endloop
  endfacet
  facet normal 0.97629600711993325 0.21643961393810371 0
    outer loop
      vertex -0.15756924048195331 -0.027783708426708804 -0.17999999999999999
      vertex -0.15454813220625094 -0.041411047216403256 0.57999999999999996
      vertex -0.15454813220625094 -0.041411047216403256 -0.17999999999999999
    endloop
  endfacet
  facet normal 0.94916218056755386 0.31478747589484291 -0
    outer loop
      vertex -0.15454813220625094 -0.041411047216403256 -0.17999999999999999
      vertex -0.15454813220625094 -0.041411047216403256 0.57999999999999996
      vertex -0.14799178953608053 -0.061180043704198397 0.58000024980400711
    endloop
  endfacet
  facet normal 0.95371687230614388 0.30070577477157884 -0.00040558305069329954
    outer loop
      vertex -0.15454813220625094 -0.041411047216403256 -0.17999999999999999
      vertex -0.14799178953608053 -0.061180043704198397 0.58000024980400711
      vertex -0.15035081932574534 -0.054723222932106984 -0.17999999999999999
    endloop
  endfacet
  facet normal 0.9238794645732864 0.38268340422424835 0.00038349852466098514
    outer loop
      vertex -0.15035081932574534 -0.054723222932106984 -0.17999999999999999
      vertex -0.14799178953608053 -0.061180043704198397 0.58000024980400711
      vertex -0.14500924592586403 -0.067618921878511817 -0.17999999999999999
    endloop
  endfacet
  facet normal 0.88733064525101901 0.46113354435655085 -0.000424579292101147
    outer loop
      vertex -0.14500924592586403 -0.067618921878511817 -0.17999999999999999
      vertex -0.14799178953608053 -0.061180043704198397 0.58000024980400711
      vertex -0.13511965861846614 -0.08594908593212823 0.58000024980400711
    endloop
  endfacet
  facet normal 0.88701076022263781 0.46174857525675955 -0.00040558305069320337
    outer loop
      vertex -0.14500924592586403 -0.067618921878511817 -0.17999999999999999
      vertex -0.13511965861846614 -0.08594908593212823 0.58000024980400711
      vertex -0.13856406460551018 -0.080000000000000016 -0.17999999999999999
    endloop
  endfacet
  facet normal 0.84339138379362177 0.53729956883619534 0.00038349852466103485
    outer loop
      vertex -0.13856406460551018 -0.080000000000000016 -0.17999999999999999
      vertex -0.13511965861846614 -0.08594908593212823 0.58000024980400711
      vertex -0.13106432708623872 -0.091772229816167339 -0.17999999999999999
    endloop
  endfacet
  facet normal 0.79377509928992018 0.60821123919219222 -0.00042457929210116516
    outer loop
      vertex -0.13106432708623872 -0.091772229816167339 -0.17999999999999999
      vertex -0.13511965861846614 -0.08594908593212823 0.58000024980400711
      vertex -0.11814198524757569 -0.10810660867634687 0.58000024980400722
    endloop
  endfacet
  facet normal 0.79335327503886788 0.60876137893881821 -0.00040558305069323015
    outer loop
      vertex -0.13106432708623872 -0.091772229816167339 -0.17999999999999999
      vertex -0.11814198524757569 -0.10810660867634687 0.58000024980400722
      vertex -0.12256711089903653 -0.10284601754984624 -0.17999999999999999
    endloop
  endfacet
  facet normal 0.73727728259402159 0.67559015793575383 0.00038349852466101469
    outer loop
      vertex -0.12256711089903653 -0.10284601754984624 -0.17999999999999999
      vertex -0.11814198524757569 -0.10810660867634687 0.58000024980400722
      vertex -0.11313708498984763 -0.11313708498984759 -0.17999999999999999
    endloop
  endfacet
  facet normal 0.68740210007419267 0.72627699547948799 -0.00028044763805125877
    outer loop
      vertex -0.11313708498984763 -0.11313708498984759 -0.17999999999999999
      vertex -0.11814198524757569 -0.10810660867634687 0.58000024980400722
      vertex -0.10277150663310823 -0.12265436308794726 0.57999994208095662
    endloop
  endfacet
  facet normal 0.67559020750119403 0.73727733668520712 1.8408180034347043e-05
    outer loop
      vertex -0.11313708498984763 -0.11313708498984759 -0.17999999999999999
      vertex -0.10277150663310823 -0.12265436308794726 0.57999994208095662
      vertex -0.10284601754984632 -0.12256711089903646 -0.17999999999999999
    endloop
  endfacet
  facet normal 0.59596465563423218 0.803010664994524 3.3761272842242225e-05
    outer loop
      vertex -0.10284601754984632 -0.12256711089903646 -0.17999999999999999
      vertex -0.10277150663310823 -0.12265436308794726 0.57999994208095662
      vertex -0.086136345492811364 -0.13500036112130304 0.58000024980400711
    endloop
  endfacet
  facet normal 0.60876137893881832 0.79335327503886788 -0.00040558305069322571
    outer loop
      vertex -0.10284601754984632 -0.12256711089903646 -0.17999999999999999
      vertex -0.086136345492811364 -0.13500036112130304 0.58000024980400711
      vertex -0.091772229816167297 -0.13106432708623875 -0.17999999999999999
    endloop
  endfacet
  facet normal 0.53729956883619556 0.84339138379362166 0.0003834985246610245
    outer loop
      vertex -0.091772229816167297 -0.13106432708623875 -0.17999999999999999
      vertex -0.086136345492811364 -0.13500036112130304 0.58000024980400711
      vertex -0.080000000000000071 -0.13856406460551016 -0.17999999999999999
    endloop
  endfacet
  facet normal 0.47673172351185561 0.87904879808404923 -0.00027273504412863913
    outer loop
      vertex -0.080000000000000071 -0.13856406460551016 -0.17999999999999999
      vertex -0.086136345492811364 -0.13500036112130304 0.58000024980400711
      vertex -0.067546254705600772 -0.14508226571269497 0.57999991162830145
    endloop
  endfacet
  facet normal 0.46174861284555302 0.88701083243003698 4.1072867420215438e-05
    outer loop
      vertex -0.080000000000000071 -0.13856406460551016 -0.17999999999999999
      vertex -0.067546254705600772 -0.14508226571269497 0.57999991162830145
      vertex -0.067618921878511998 -0.14500924592586395 -0.17999999999999999
    endloop
  endfacet
  facet normal 0.36712731031352758 0.93017070211712705 5.4266799265421038e-05
    outer loop
      vertex -0.067618921878511998 -0.14500924592586395 -0.17999999999999999
      vertex -0.067546254705600772 -0.14508226571269497 0.57999991162830145
      vertex -0.048260656139753506 -0.15269406205448741 0.58000024980400711
    endloop
  endfacet
  facet normal 0.38268340088983321 0.92387945652329573 -0.00040558305069325281
    outer loop
      vertex -0.067618921878511998 -0.14500924592586395 -0.17999999999999999
      vertex -0.048260656139753506 -0.15269406205448741 0.58000024980400711
      vertex -0.05472322293210697 -0.15035081932574534 -0.17999999999999999
    endloop
  endfacet
  facet normal 0.30070577739170407 0.95371688061611481 0.00038349852466098037
    outer loop
      vertex -0.05472322293210697 -0.15035081932574534 -0.17999999999999999
      vertex -0.048260656139753506 -0.15269406205448741 0.58000024980400711
      vertex -0.041411047216403304 -0.15454813220625094 -0.17999999999999999
    endloop
  endfacet
  facet normal 0.21711635527242343 0.97614563872694915 -0.00042457929210119915
    outer loop
      vertex -0.041411047216403304 -0.15454813220625094 -0.17999999999999999
      vertex -0.048260656139753506 -0.15269406205448741 0.58000024980400711
      vertex -0.021012422715562334 -0.15875467114186506 0.58000024980400711
    endloop
  endfacet
  facet normal 0.21643959613620137 0.97629592682074995 -0.00040558305069316884
    outer loop
      vertex -0.041411047216403304 -0.15454813220625094 -0.17999999999999999
      vertex -0.021012422715562334 -0.15875467114186506 0.58000024980400711
      vertex -0.027783708426708853 -0.15756924048195328 -0.17999999999999999
    endloop
  endfacet
  facet normal 0.13052618262173604 0.99144478846735529 0.00038349852466108001
    outer loop
      vertex -0.027783708426708853 -0.15756924048195328 -0.17999999999999999
      vertex -0.021012422715562334 -0.15875467114186506 0.58000024980400711
      vertex -0.01394491883962532 -0.1593911516946793 -0.17999999999999999
    endloop
  endfacet
  facet normal 0.059162495991526974 0.99824832449974721 -0.00028583474248762184
    outer loop
      vertex -0.01394491883962532 -0.1593911516946793 -0.17999999999999999
      vertex -0.021012422715562334 -0.15875467114186506 0.58000024980400711
      vertex -2.9391523179536474e-17 -0.16 0.57999999999999996
    endloop
  endfacet
  facet normal 0.043619387365335598 0.99904822158185791 0
    outer loop
      vertex -0.01394491883962532 -0.1593911516946793 -0.17999999999999999
      vertex -2.9391523179536474e-17 -0.16 0.57999999999999996
      vertex -2.9391523179536474e-17 -0.16 -0.17999999999999999
    endloop
  endfacet
  facet normal -0.042626130450615529 0.99909109344584157 0
    outer loop
      vertex -2.9391523179536474e-17 -0.16 -0.17999999999999999
      vertex -2.9391523179536474e-17 -0.16 0.57999999999999996
      vertex 0.014059302628575661 -0.15940016113463348 0.57999994208095673
    endloop
  endfacet
  facet normal -0.043619387357945134 0.99904822141258853 1.8408180034258593e-05
    outer loop
      vertex -2.9391523179536474e-17 -0.16 -0.17999999999999999
      vertex 0.014059302628575661 -0.15940016113463348 0.57999994208095673
      vertex 0.013944918839625262 -0.1593911516946793 -0.17999999999999999
    endloop
  endfacet
  facet normal -0.13223467278476503 0.99121843723350467 3.1652404906255817e-05
    outer loop
      vertex 0.013944918839625262 -0.1593911516946793 -0.17999999999999999
      vertex 0.014059302628575661 -0.15940016113463348 0.57999994208095673
      vertex 0.027783708426708797 -0.15756924048195331 0.57999999999999996
    endloop
  endfacet
  facet normal -0.13052619222005096 0.99144486137381038 0
    outer loop
      vertex 0.013944918839625262 -0.1593911516946793 -0.17999999999999999
      vertex 0.027783708426708797 -0.15756924048195331 0.57999999999999996
      vertex 0.027783708426708797 -0.15756924048195331 -0.17999999999999999
    endloop
  endfacet
  facet normal -0.23086467967677324 0.97298586817987276 0
    outer loop
      vertex 0.027783708426708797 -0.15756924048195331 -0.17999999999999999
      vertex 0.027783708426708797 -0.15756924048195331 0.57999999999999996
      vertex 0.048048900829571403 -0.15276082824732654 0.58000024980400722
    endloop
  endfacet
  facet normal -0.21643959613620323 0.9762959268207495 -0.00040558305069325027
    outer loop
      vertex 0.027783708426708797 -0.15756924048195331 -0.17999999999999999
      vertex 0.048048900829571403 -0.15276082824732654 0.58000024980400722
      vertex 0.041411047216403249 -0.15454813220625094 -0.17999999999999999
    endloop
  endfacet
  facet normal -0.3007057773917014 0.95371688061611559 0.00038349852466100092
    outer loop
      vertex 0.041411047216403249 -0.15454813220625094 -0.17999999999999999
      vertex 0.048048900829571403 -0.15276082824732654 0.58000024980400722
      vertex 0.054723222932107039 -0.15035081932574534 -0.17999999999999999
    endloop
  endfacet
  facet normal -0.36825854086800069 0.92972338110659081 -0.00028583474248768689
    outer loop
      vertex 0.054723222932107039 -0.15035081932574534 -0.17999999999999999
      vertex 0.048048900829571403 -0.15276082824732654 0.58000024980400722
      vertex 0.067618921878511817 -0.14500924592586403 0.57999999999999996
    endloop
  endfacet
  facet normal -0.38268343236509095 0.92387953251128618 0
    outer loop
      vertex 0.054723222932107039 -0.15035081932574534 -0.17999999999999999
      vertex 0.067618921878511817 -0.14500924592586403 0.57999999999999996
      vertex 0.067618921878511817 -0.14500924592586403 -0.17999999999999999
    endloop
  endfacet
  facet normal -0.47482542977830761 0.88008000274738962 0
    outer loop
      vertex 0.067618921878511817 -0.14500924592586403 -0.17999999999999999
      vertex 0.067618921878511817 -0.14500924592586403 0.57999999999999996
      vertex 0.085949085932127994 -0.13511965861846625 0.58000024980400722
    endloop
  endfacet
  facet normal -0.46174857525676 0.88701076022263747 -0.00040558305069320077
    outer loop
      vertex 0.067618921878511817 -0.14500924592586403 -0.17999999999999999
      vertex 0.085949085932127994 -0.13511965861846625 0.58000024980400722
      vertex 0.079999999999999891 -0.13856406460551024 -0.17999999999999999
    endloop
  endfacet
  facet normal -0.53729956883619456 0.84339138379362222 0.00038349852466101078
    outer loop
      vertex 0.079999999999999891 -0.13856406460551024 -0.17999999999999999
      vertex 0.085949085932127994 -0.13511965861846625 0.58000024980400722
      vertex 0.091772229816167367 -0.13106432708623869 -0.17999999999999999
    endloop
  endfacet
  facet normal -0.59634055308342315 0.80273150121734782 -0.00028583474248769654
    outer loop
      vertex 0.091772229816167367 -0.13106432708623869 -0.17999999999999999
      vertex 0.085949085932127994 -0.13511965861846625 0.58000024980400722
      vertex 0.10284601754984628 -0.1225671108990365 0.57999999999999996
    endloop
  endfacet
  facet normal -0.60876142900872021 0.79335334029123561 0
    outer loop
      vertex 0.091772229816167367 -0.13106432708623869 -0.17999999999999999
      vertex 0.10284601754984628 -0.1225671108990365 0.57999999999999996
      vertex 0.10284601754984628 -0.1225671108990365 -0.17999999999999999
    endloop
  endfacet
  facet normal -0.67395125414242851 0.73877581649634949 0
    outer loop
      vertex 0.10284601754984628 -0.1225671108990365 -0.17999999999999999
      vertex 0.10284601754984628 -0.1225671108990365 0.57999999999999996
      vertex 0.11323055478159827 -0.11309377442164711 0.57999991162830156
    endloop
  endfacet
  facet normal -0.67559020704580652 0.73727733618823788 4.1072867420235848e-05
    outer loop
      vertex 0.10284601754984628 -0.1225671108990365 -0.17999999999999999
      vertex 0.11323055478159827 -0.11309377442164711 0.57999991162830156
      vertex 0.11313708498984758 -0.11313708498984763 -0.17999999999999999
    endloop
  endfacet
  facet normal -0.74850960955851253 0.66312394124603702 5.4266799265449091e-05
    outer loop
      vertex 0.11313708498984758 -0.11313708498984763 -0.17999999999999999
      vertex 0.11323055478159827 -0.11309377442164711 0.57999991162830156
      vertex 0.12697936682051825 -0.097574627437666678 0.58000024980400711
    endloop
  endfacet
  facet normal -0.73727727616994121 0.67559015204917039 -0.00040558305069326577
    outer loop
      vertex 0.11313708498984758 -0.11313708498984763 -0.17999999999999999
      vertex 0.12697936682051825 -0.097574627437666678 0.58000024980400711
      vertex 0.12256711089903645 -0.10284601754984633 -0.17999999999999999
    endloop
  endfacet
  facet normal -0.79335328195155053 0.60876138424310822 0.00038349852466099826
    outer loop
      vertex 0.12256711089903645 -0.10284601754984633 -0.17999999999999999
      vertex 0.12697936682051825 -0.097574627437666678 0.58000024980400711
      vertex 0.13106432708623866 -0.091772229816167436 -0.17999999999999999
    endloop
  endfacet
  facet normal -0.83492716030626812 0.55036038672983278 -0.00028583474248768061
    outer loop
      vertex 0.13106432708623866 -0.091772229816167436 -0.17999999999999999
      vertex 0.12697936682051825 -0.097574627437666678 0.58000024980400711
      vertex 0.13856406460551021 -0.079999999999999946 0.57999999999999996
    endloop
  endfacet
  facet normal -0.84339144581288639 0.53729960834682278 0
    outer loop
      vertex 0.13106432708623866 -0.091772229816167436 -0.17999999999999999
      vertex 0.13856406460551021 -0.079999999999999946 0.57999999999999996
      vertex 0.13856406460551021 -0.079999999999999946 -0.17999999999999999
    endloop
  endfacet
  facet normal -0.89374737316296748 0.44857065548728842 0
    outer loop
      vertex 0.13856406460551021 -0.079999999999999946 -0.17999999999999999
      vertex 0.13856406460551021 -0.079999999999999946 0.57999999999999996
      vertex 0.14790682171742281 -0.061385174164367146 0.58000024980400722
    endloop
  endfacet
  facet normal -0.88701076022263714 0.46174857525676055 -0.0004055830506932481
    outer loop
      vertex 0.13856406460551021 -0.079999999999999946 -0.17999999999999999
      vertex 0.14790682171742281 -0.061385174164367146 0.58000024980400722
      vertex 0.14500924592586395 -0.067618921878511998 -0.17999999999999999
    endloop
  endfacet
  facet normal -0.92387946457328618 0.38268340422424862 0.00038349852466100813
    outer loop
      vertex 0.14500924592586395 -0.067618921878511998 -0.17999999999999999
      vertex 0.14790682171742281 -0.061385174164367146 0.58000024980400722
      vertex 0.15035081932574534 -0.054723222932106977 -0.17999999999999999
    endloop
  endfacet
  facet normal -0.95350817265873522 0.30136686016452519 -0.00042457929210117676
    outer loop
      vertex 0.15035081932574534 -0.054723222932106977 -0.17999999999999999
      vertex 0.14790682171742281 -0.061385174164367146 0.58000024980400722
      vertex 0.156319208380122 -0.034768845381335164 0.580000249804007
    endloop
  endfacet
  facet normal -0.95371687230614344 0.30070577477158017 -0.00040558305069324002
    outer loop
      vertex 0.15035081932574534 -0.054723222932106977 -0.17999999999999999
      vertex 0.156319208380122 -0.034768845381335164 0.580000249804007
      vertex 0.15454813220625094 -0.041411047216403311 -0.17999999999999999
    endloop
  endfacet
  facet normal -0.97629593532745818 0.21643959802209323 0.00038349852466105426
    outer loop
      vertex 0.15454813220625094 -0.041411047216403311 -0.17999999999999999
      vertex 0.156319208380122 -0.034768845381335164 0.580000249804007
      vertex 0.15756924048195328 -0.027783708426708863 -0.17999999999999999
    endloop
  endfacet
  facet normal -0.99135404707160024 0.13121346381825344 -0.00042457929210111062
    outer loop
      vertex 0.15756924048195328 -0.027783708426708863 -0.17999999999999999
      vertex 0.156319208380122 -0.034768845381335164 0.580000249804007
      vertex 0.15998191499752715 -0.0070960828252765243 0.58000024980400711
    endloop
  endfacet
  facet normal -0.99144477982865131 0.13052618148442913 -0.00040558305069326257
    outer loop
      vertex 0.15756924048195328 -0.027783708426708863 -0.17999999999999999
      vertex 0.15998191499752715 -0.0070960828252765243 0.58000024980400711
      vertex 0.1593911516946793 -0.013944918839625332 -0.17999999999999999
    endloop
  endfacet
  facet normal -0.99904814811628551 0.043619384157759296 0.0003834985246610013
    outer loop
      vertex 0.1593911516946793 -0.013944918839625332 -0.17999999999999999
      vertex 0.15998191499752715 -0.0070960828252765243 0.58000024980400711
      vertex 0.16 0 -0.17999999999999999
    endloop
  endfacet
  facet normal -0.99144486137381049 -0.13052619222005152 0
    outer loop
      vertex 0.88500000000000001 0 -0.17999999999999999
      vertex 0.88500000000000001 0 0
      vertex 0.88142221176035218 0.027175999735764678 0
    endloop
  endfacet
  facet normal -0.99144486137381049 -0.13052619222005152 0
    outer loop
      vertex 0.88500000000000001 0 -0.17999999999999999
      vertex 0.88142221176035218 0.027175999735764678 0
      vertex 0.88142221176035218 0.027175999735764678 -0.17999999999999999
    endloop
  endfacet
  facet normal -0.92387953251128674 -0.3826834323650895 0
    outer loop
      vertex 0.88142221176035218 0.027175999735764678 -0.17999999999999999
      vertex 0.88142221176035218 0.027175999735764678 0
      vertex 0.87093266739736608 0.052499999999999991 0
    endloop
  endfacet
  facet normal -0.92387953251128674 -0.3826834323650895 0
    outer loop
      vertex 0.88142221176035218 0.027175999735764678 -0.17999999999999999
      vertex 0.87093266739736608 0.052499999999999991 0
      vertex 0.87093266739736608 0.052499999999999991 -0.17999999999999999
    endloop
  endfacet
  facet normal -0.79335334029123517 -0.60876142900872066 0
    outer loop
      vertex 0.87093266739736608 0.052499999999999991 -0.17999999999999999
      vertex 0.87093266739736608 0.052499999999999991 0
      vertex 0.8542462120245875 0.074246212024587491 0
    endloop
  endfacet
  facet normal -0.79335334029123517 -0.60876142900872066 0
    outer loop
      vertex 0.87093266739736608 0.052499999999999991 -0.17999999999999999
      vertex 0.8542462120245875 0.074246212024587491 0
      vertex 0.8542462120245875 0.074246212024587491 -0.17999999999999999
    endloop
  endfacet
  facet normal -0.60876142900872054 -0.79335334029123517 0
    outer loop
      vertex 0.8542462120245875 0.074246212024587491 -0.17999999999999999
      vertex 0.8542462120245875 0.074246212024587491 0
      vertex 0.83250000000000002 0.090932667397366052 0
    endloop
  endfacet
  facet normal -0.60876142900872054 -0.79335334029123517 0
    outer loop
      vertex 0.8542462120245875 0.074246212024587491 -0.17999999999999999
      vertex 0.83250000000000002 0.090932667397366052 0
      vertex 0.83250000000000002 0.090932667397366052 -0.17999999999999999
    endloop
  endfacet
  facet normal -0.38268343236509 -0.92387953251128674 0
    outer loop
      vertex 0.83250000000000002 0.090932667397366052 -0.17999999999999999
      vertex 0.83250000000000002 0.090932667397366052 0
      vertex 0.8071759997357647 0.10142221176035217 0
    endloop
  endfacet
  facet normal -0.38268343236509 -0.92387953251128674 0
    outer loop
      vertex 0.83250000000000002 0.090932667397366052 -0.17999999999999999
      vertex 0.8071759997357647 0.10142221176035217 0
      vertex 0.8071759997357647 0.10142221176035217 -0.17999999999999999
    endloop
  endfacet
  facet normal -0.13052619222005152 -0.99144486137381049 0
    outer loop
      vertex 0.8071759997357647 0.10142221176035217 -0.17999999999999999
      vertex 0.8071759997357647 0.10142221176035217 0
      vertex 0.78000000000000003 0.105 0
    endloop
  endfacet
  facet normal -0.13052619222005152 -0.99144486137381049 0
    outer loop
      vertex 0.8071759997357647 0.10142221176035217 -0.17999999999999999
      vertex 0.78000000000000003 0.105 0
      vertex 0.78000000000000003 0.105 -0.17999999999999999
    endloop
  endfacet
  facet normal 0.13052619222005152 -0.99144486137381049 0
    outer loop
      vertex 0.78000000000000003 0.105 -0.17999999999999999
      vertex 0.78000000000000003 0.105 0
      vertex 0.75282400026423535 0.10142221176035217 0
    endloop
  endfacet
  facet normal 0.13052619222005152 -0.99144486137381049 0
    outer loop
      vertex 0.78000000000000003 0.105 -0.17999999999999999
      vertex 0.75282400026423535 0.10142221176035217 0
      vertex 0.75282400026423535 0.10142221176035217 -0.17999999999999999
    endloop
  endfacet
  facet normal 0.3826834323650895 -0.92387953251128674 0
    outer loop
      vertex 0.75282400026423535 0.10142221176035217 -0.17999999999999999
      vertex 0.75282400026423535 0.10142221176035217 0
      vertex 0.72750000000000004 0.090932667397366065 0
    endloop
  endfacet
  facet normal 0.3826834323650895 -0.92387953251128674 0
    outer loop
      vertex 0.75282400026423535 0.10142221176035217 -0.17999999999999999
      vertex 0.72750000000000004 0.090932667397366065 0
      vertex 0.72750000000000004 0.090932667397366065 -0.17999999999999999
    endloop
  endfacet
  facet normal 0.60876142900872088 -0.79335334029123494 0
    outer loop
      vertex 0.72750000000000004 0.090932667397366065 -0.17999999999999999
      vertex 0.72750000000000004 0.090932667397366065 0
      vertex 0.70575378797541255 0.074246212024587491 0
    endloop
  endfacet
  facet normal 0.60876142900872088 -0.79335334029123494 0
    outer loop
      vertex 0.72750000000000004 0.090932667397366065 -0.17999999999999999
      vertex 0.70575378797541255 0.074246212024587491 0
      vertex 0.70575378797541255 0.074246212024587491 -0.17999999999999999
    endloop
  endfacet
  facet normal 0.79335334029123517 -0.60876142900872066 0
    outer loop
      vertex 0.70575378797541255 0.074246212024587491 -0.17999999999999999
      vertex 0.70575378797541255 0.074246212024587491 0
      vertex 0.68906733260263398 0.052499999999999991 0
    endloop
  endfacet
  facet normal 0.79335334029123517 -0.60876142900872066 0
    outer loop
      vertex 0.70575378797541255 0.074246212024587491 -0.17999999999999999
      vertex 0.68906733260263398 0.052499999999999991 0
      vertex 0.68906733260263398 0.052499999999999991 -0.17999999999999999
    endloop
  endfacet
  facet normal 0.92387953251128663 -0.38268343236508989 0
    outer loop
      vertex 0.68906733260263398 0.052499999999999991 -0.17999999999999999
      vertex 0.68906733260263398 0.052499999999999991 0
      vertex 0.67857778823964787 0.027175999735764705 0
    endloop
  endfacet
  facet normal 0.92387953251128663 -0.38268343236508989 0
    outer loop
      vertex 0.68906733260263398 0.052499999999999991 -0.17999999999999999
      vertex 0.67857778823964787 0.027175999735764705 0
      vertex 0.67857778823964787 0.027175999735764705 -0.17999999999999999
    endloop
  endfacet
  facet normal 0.99144486137381049 -0.13052619222005143 0
    outer loop
      vertex 0.67857778823964787 0.027175999735764705 -0.17999999999999999
      vertex 0.67857778823964787 0.027175999735764705 0
      vertex 0.67500000000000004 1.2858791391047208e-17 0
    endloop
  endfacet
  facet normal 0.99144486137381049 -0.13052619222005143 0
    outer loop
      vertex 0.67857778823964787 0.027175999735764705 -0.17999999999999999
      vertex 0.67500000000000004 1.2858791391047208e-17 0
      vertex 0.67500000000000004 1.2858791391047208e-17 -0.17999999999999999
    endloop
  endfacet
  facet normal 0.99144486137381049 0.13052619222005143 -0
    outer loop
      vertex 0.67500000000000004 1.2858791391047208e-17 -0.17999999999999999
      vertex 0.67500000000000004 1.2858791391047208e-17 0
      vertex 0.67857778823964787 -0.027175999735764681 0
    endloop
  endfacet
  facet normal 0.99144486137381049 0.13052619222005143 0
    outer loop
      vertex 0.67500000000000004 1.2858791391047208e-17 -0.17999999999999999
      vertex 0.67857778823964787 -0.027175999735764681 0
      vertex 0.67857778823964787 -0.027175999735764681 -0.17999999999999999
    endloop
  endfacet
  facet normal 0.92387953251128663 0.38268343236508984 -0
    outer loop
      vertex 0.67857778823964787 -0.027175999735764681 -0.17999999999999999
      vertex 0.67857778823964787 -0.027175999735764681 0
      vertex 0.68906733260263398 -0.05249999999999997 0
    endloop
  endfacet
  facet normal 0.92387953251128663 0.38268343236508984 0
    outer loop
      vertex 0.67857778823964787 -0.027175999735764681 -0.17999999999999999
      vertex 0.68906733260263398 -0.05249999999999997 0
      vertex 0.68906733260263398 -0.05249999999999997 -0.17999999999999999
    endloop
  endfacet
  facet normal 0.79335334029123483 0.60876142900872099 -0
    outer loop
      vertex 0.68906733260263398 -0.05249999999999997 -0.17999999999999999
      vertex 0.68906733260263398 -0.05249999999999997 0
      vertex 0.70575378797541255 -0.074246212024587449 0
    endloop
  endfacet
  facet normal 0.79335334029123483 0.60876142900872099 0
    outer loop
      vertex 0.68906733260263398 -0.05249999999999997 -0.17999999999999999
      vertex 0.70575378797541255 -0.074246212024587449 0
      vertex 0.70575378797541255 -0.074246212024587449 -0.17999999999999999
    endloop
  endfacet
  facet normal 0.60876142900872121 0.79335334029123472 -0
    outer loop
      vertex 0.70575378797541255 -0.074246212024587449 -0.17999999999999999
      vertex 0.70575378797541255 -0.074246212024587449 0
      vertex 0.72750000000000004 -0.090932667397366038 0
    endloop
  endfacet
  facet normal 0.60876142900872121 0.79335334029123472 0
    outer loop
      vertex 0.70575378797541255 -0.074246212024587449 -0.17999999999999999
      vertex 0.72750000000000004 -0.090932667397366038 0
      vertex 0.72750000000000004 -0.090932667397366038 -0.17999999999999999
    endloop
  endfacet
  facet normal 0.38268343236509039 0.92387953251128641 -0
    outer loop
      vertex 0.72750000000000004 -0.090932667397366038 -0.17999999999999999
      vertex 0.72750000000000004 -0.090932667397366038 0
      vertex 0.75282400026423535 -0.10142221176035217 0
    endloop
  endfacet
  facet normal 0.38268343236509039 0.92387953251128641 0
    outer loop
      vertex 0.72750000000000004 -0.090932667397366038 -0.17999999999999999
      vertex 0.75282400026423535 -0.10142221176035217 0
      vertex 0.75282400026423535 -0.10142221176035217 -0.17999999999999999
    endloop
  endfacet
  facet normal 0.13052619222005152 0.99144486137381049 -0
    outer loop
      vertex 0.75282400026423535 -0.10142221176035217 -0.17999999999999999
      vertex 0.75282400026423535 -0.10142221176035217 0
      vertex 0.78000000000000003 -0.105 0
    endloop
  endfacet
  facet normal 0.13052619222005152 0.99144486137381049 0
    outer loop
      vertex 0.75282400026423535 -0.10142221176035217 -0.17999999999999999
      vertex 0.78000000000000003 -0.105 0
      vertex 0.78000000000000003 -0.105 -0.17999999999999999
    endloop
  endfacet
  facet normal -0.13052619222005102 0.99144486137381049 0
    outer loop
      vertex 0.78000000000000003 -0.105 -0.17999999999999999
      vertex 0.78000000000000003 -0.105 0
      vertex 0.8071759997357647 -0.10142221176035218 0
    endloop
  endfacet
  facet normal -0.13052619222005102 0.99144486137381049 0
    outer loop
      vertex 0.78000000000000003 -0.105 -0.17999999999999999
      vertex 0.8071759997357647 -0.10142221176035218 0
      vertex 0.8071759997357647 -0.10142221176035218 -0.17999999999999999
    endloop
  endfacet
  facet normal -0.38268343236509039 0.92387953251128641 0
    outer loop
      vertex 0.8071759997357647 -0.10142221176035218 -0.17999999999999999
      vertex 0.8071759997357647 -0.10142221176035218 0
      vertex 0.83250000000000002 -0.090932667397366052 0
    endloop
  endfacet
  facet normal -0.38268343236509039 0.92387953251128641 0
    outer loop
      vertex 0.8071759997357647 -0.10142221176035218 -0.17999999999999999
      vertex 0.83250000000000002 -0.090932667397366052 0
      vertex 0.83250000000000002 -0.090932667397366052 -0.17999999999999999
    endloop
  endfacet
  facet normal -0.60876142900872021 0.7933533402912355 0
    outer loop
      vertex 0.83250000000000002 -0.090932667397366052 -0.17999999999999999
      vertex 0.83250000000000002 -0.090932667397366052 0
      vertex 0.8542462120245875 -0.074246212024587505 0
    endloop
  endfacet
  facet normal -0.60876142900872021 0.7933533402912355 0
    outer loop
      vertex 0.83250000000000002 -0.090932667397366052 -0.17999999999999999
      vertex 0.8542462120245875 -0.074246212024587505 0
      vertex 0.8542462120245875 -0.074246212024587505 -0.17999999999999999
    endloop
  endfacet
  facet normal -0.7933533402912345 0.60876142900872143 0
    outer loop
      vertex 0.8542462120245875 -0.074246212024587505 -0.17999999999999999
      vertex 0.8542462120245875 -0.074246212024587505 0
      vertex 0.87093266739736608 -0.052500000000000047 0
    endloop
  endfacet
  facet normal -0.7933533402912345 0.60876142900872143 0
    outer loop
      vertex 0.8542462120245875 -0.074246212024587505 -0.17999999999999999
      vertex 0.87093266739736608 -0.052500000000000047 0
      vertex 0.87093266739736608 -0.052500000000000047 -0.17999999999999999
    endloop
  endfacet
  facet normal -0.92387953251128663 0.38268343236508989 0
    outer loop
      vertex 0.87093266739736608 -0.052500000000000047 -0.17999999999999999
      vertex 0.87093266739736608 -0.052500000000000047 0
      vertex 0.88142221176035218 -0.027175999735764764 0
    endloop
  endfacet
  facet normal -0.92387953251128663 0.38268343236508989 0
    outer loop
      vertex 0.87093266739736608 -0.052500000000000047 -0.17999999999999999
      vertex 0.88142221176035218 -0.027175999735764764 0
      vertex 0.88142221176035218 -0.027175999735764764 -0.17999999999999999
    endloop
  endfacet
  facet normal -0.99144486137381049 0.1305261922200511 0
    outer loop
      vertex 0.88142221176035218 -0.027175999735764764 -0.17999999999999999
      vertex 0.88142221176035218 -0.027175999735764764 0
      vertex 0.88500000000000001 0 0
    endloop
  endfacet
  facet normal -0.99144486137381049 0.1305261922200511 0
    outer loop
      vertex 0.88142221176035218 -0.027175999735764764 -0.17999999999999999
      vertex 0.88500000000000001 0 0
      vertex 0.88500000000000001 0 -0.17999999999999999
    endloop
  endfacet
  facet normal -0.99144486137381049 -0.13052619222005152 0
    outer loop
      vertex 0.49500000000000011 0.67549981495186218 -0.17999999999999999
      vertex 0.49500000000000011 0.67549981495186218 0
      vertex 0.49142221176035228 0.70267581468762685 0
    endloop
  endfacet
  facet normal -0.99144486137381049 -0.13052619222005152 0
    outer loop
      vertex 0.49500000000000011 0.67549981495186218 -0.17999999999999999
      vertex 0.49142221176035228 0.70267581468762685 0
      vertex 0.49142221176035228 0.70267581468762685 -0.17999999999999999
    endloop
  endfacet
  facet normal -0.92387953251128674 -0.3826834323650895 0
    outer loop
      vertex 0.49142221176035228 0.70267581468762685 -0.17999999999999999
      vertex 0.49142221176035228 0.70267581468762685 0
      vertex 0.48093266739736618 0.72799981495186217 0
    endloop
  endfacet
  facet normal -0.92387953251128674 -0.3826834323650895 0
    outer loop
      vertex 0.49142221176035228 0.70267581468762685 -0.17999999999999999
      vertex 0.48093266739736618 0.72799981495186217 0
      vertex 0.48093266739736618 0.72799981495186217 -0.17999999999999999
    endloop
  endfacet
  facet normal -0.79335334029123494 -0.60876142900872088 0
    outer loop
      vertex 0.48093266739736618 0.72799981495186217 -0.17999999999999999
      vertex 0.48093266739736618 0.72799981495186217 0
      vertex 0.4642462120245876 0.74974602697644965 0
    endloop
  endfacet
  facet normal -0.79335334029123494 -0.60876142900872088 0
    outer loop
      vertex 0.48093266739736618 0.72799981495186217 -0.17999999999999999
      vertex 0.4642462120245876 0.74974602697644965 0
      vertex 0.4642462120245876 0.74974602697644965 -0.17999999999999999
    endloop
  endfacet
  facet normal -0.60876142900872088 -0.79335334029123494 0
    outer loop
      vertex 0.4642462120245876 0.74974602697644965 -0.17999999999999999
      vertex 0.4642462120245876 0.74974602697644965 0
      vertex 0.44250000000000012 0.76643248234922823 0
    endloop
  endfacet
  facet normal -0.60876142900872088 -0.79335334029123494 0
    outer loop
      vertex 0.4642462120245876 0.74974602697644965 -0.17999999999999999
      vertex 0.44250000000000012 0.76643248234922823 0
      vertex 0.44250000000000012 0.76643248234922823 -0.17999999999999999
    endloop
  endfacet
  facet normal -0.3826834323650895 -0.92387953251128674 0
    outer loop
      vertex 0.44250000000000012 0.76643248234922823 -0.17999999999999999
      vertex 0.44250000000000012 0.76643248234922823 0
      vertex 0.4171759997357648 0.77692202671221433 0
    endloop
  endfacet
  facet normal -0.3826834323650895 -0.92387953251128674 0
    outer loop
      vertex 0.44250000000000012 0.76643248234922823 -0.17999999999999999
      vertex 0.4171759997357648 0.77692202671221433 0
      vertex 0.4171759997357648 0.77692202671221433 -0.17999999999999999
    endloop
  endfacet
  facet normal -0.13052619222005152 -0.99144486137381049 0
    outer loop
      vertex 0.4171759997357648 0.77692202671221433 -0.17999999999999999
      vertex 0.4171759997357648 0.77692202671221433 0
      vertex 0.39000000000000012 0.78049981495186216 0
    endloop
  endfacet
  facet normal -0.13052619222005152 -0.99144486137381049 0
    outer loop
      vertex 0.4171759997357648 0.77692202671221433 -0.17999999999999999
      vertex 0.39000000000000012 0.78049981495186216 0
      vertex 0.39000000000000012 0.78049981495186216 -0.17999999999999999
    endloop
  endfacet
  facet normal 0.13052619222005152 -0.99144486137381049 0
    outer loop
      vertex 0.39000000000000012 0.78049981495186216 -0.17999999999999999
      vertex 0.39000000000000012 0.78049981495186216 0
      vertex 0.36282400026423545 0.77692202671221433 0
    endloop
  endfacet
  facet normal 0.13052619222005152 -0.99144486137381049 0
    outer loop
      vertex 0.39000000000000012 0.78049981495186216 -0.17999999999999999
      vertex 0.36282400026423545 0.77692202671221433 0
      vertex 0.36282400026423545 0.77692202671221433 -0.17999999999999999
    endloop
  endfacet
  facet normal 0.3826834323650895 -0.92387953251128674 0
    outer loop
      vertex 0.36282400026423545 0.77692202671221433 -0.17999999999999999
      vertex 0.36282400026423545 0.77692202671221433 0
      vertex 0.33750000000000013 0.76643248234922823 0
    endloop
  endfacet
  facet normal 0.3826834323650895 -0.92387953251128674 0
    outer loop
      vertex 0.36282400026423545 0.77692202671221433 -0.17999999999999999
      vertex 0.33750000000000013 0.76643248234922823 0
      vertex 0.33750000000000013 0.76643248234922823 -0.17999999999999999
    endloop
  endfacet
  facet normal 0.60876142900872088 -0.79335334029123494 0
    outer loop
      vertex 0.33750000000000013 0.76643248234922823 -0.17999999999999999
      vertex 0.33750000000000013 0.76643248234922823 0
      vertex 0.31575378797541265 0.74974602697644965 0
    endloop
  endfacet
  facet normal 0.60876142900872088 -0.79335334029123494 0
    outer loop
      vertex 0.33750000000000013 0.76643248234922823 -0.17999999999999999
      vertex 0.31575378797541265 0.74974602697644965 0
      vertex 0.31575378797541265 0.74974602697644965 -0.17999999999999999
    endloop
  endfacet
  facet normal 0.79335334029123494 -0.60876142900872088 0
    outer loop
      vertex 0.31575378797541265 0.74974602697644965 -0.17999999999999999
      vertex 0.31575378797541265 0.74974602697644965 0
      vertex 0.29906733260263407 0.72799981495186217 0
    endloop
  endfacet
  facet normal 0.79335334029123494 -0.60876142900872088 0
    outer loop
      vertex 0.31575378797541265 0.74974602697644965 -0.17999999999999999
      vertex 0.29906733260263407 0.72799981495186217 0
      vertex 0.29906733260263407 0.72799981495186217 -0.17999999999999999
    endloop
  endfacet
  facet normal 0.92387953251128674 -0.3826834323650895 0
    outer loop
      vertex 0.29906733260263407 0.72799981495186217 -0.17999999999999999
      vertex 0.29906733260263407 0.72799981495186217 0
      vertex 0.28857778823964797 0.70267581468762685 0
    endloop
  endfacet
  facet normal 0.92387953251128674 -0.3826834323650895 0
    outer loop
      vertex 0.29906733260263407 0.72799981495186217 -0.17999999999999999
      vertex 0.28857778823964797 0.70267581468762685 0
      vertex 0.28857778823964797 0.70267581468762685 -0.17999999999999999
    endloop
  endfacet
  facet normal 0.99144486137381049 -0.13052619222005152 0
    outer loop
      vertex 0.28857778823964797 0.70267581468762685 -0.17999999999999999
      vertex 0.28857778823964797 0.70267581468762685 0
      vertex 0.28500000000000014 0.67549981495186218 0
    endloop
  endfacet
  facet normal 0.99144486137381049 -0.13052619222005152 0
    outer loop
      vertex 0.28857778823964797 0.70267581468762685 -0.17999999999999999
      vertex 0.28500000000000014 0.67549981495186218 0
      vertex 0.28500000000000014 0.67549981495186218 -0.17999999999999999
    endloop
  endfacet
  facet normal 0.99144486137381049 0.13052619222005152 -0
    outer loop
      vertex 0.28500000000000014 0.67549981495186218 -0.17999999999999999
      vertex 0.28500000000000014 0.67549981495186218 0
      vertex 0.28857778823964797 0.6483238152160975 0
    endloop
  endfacet
  facet normal 0.99144486137381049 0.13052619222005152 0
    outer loop
      vertex 0.28500000000000014 0.67549981495186218 -0.17999999999999999
      vertex 0.28857778823964797 0.6483238152160975 0
      vertex 0.28857778823964797 0.6483238152160975 -0.17999999999999999
    endloop
  endfacet
  facet normal 0.92387953251128674 0.3826834323650895 -0
    outer loop
      vertex 0.28857778823964797 0.6483238152160975 -0.17999999999999999
      vertex 0.28857778823964797 0.6483238152160975 0
      vertex 0.29906733260263407 0.62299981495186219 0
    endloop
  endfacet
  facet normal 0.92387953251128674 0.3826834323650895 0
    outer loop
      vertex 0.28857778823964797 0.6483238152160975 -0.17999999999999999
      vertex 0.29906733260263407 0.62299981495186219 0
      vertex 0.29906733260263407 0.62299981495186219 -0.17999999999999999
    endloop
  endfacet
  facet normal 0.79335334029123583 0.60876142900871955 -0
    outer loop
      vertex 0.29906733260263407 0.62299981495186219 -0.17999999999999999
      vertex 0.29906733260263407 0.62299981495186219 0
      vertex 0.31575378797541259 0.6012536029272747 0
    endloop
  endfacet
  facet normal 0.79335334029123583 0.60876142900871955 0
    outer loop
      vertex 0.29906733260263407 0.62299981495186219 -0.17999999999999999
      vertex 0.31575378797541259 0.6012536029272747 0
      vertex 0.31575378797541259 0.6012536029272747 -0.17999999999999999
    endloop
  endfacet
  facet normal 0.60876142900872088 0.79335334029123494 -0
    outer loop
      vertex 0.31575378797541259 0.6012536029272747 -0.17999999999999999
      vertex 0.31575378797541259 0.6012536029272747 0
      vertex 0.33750000000000008 0.58456714755449612 0
    endloop
  endfacet
  facet normal 0.60876142900872088 0.79335334029123494 0
    outer loop
      vertex 0.31575378797541259 0.6012536029272747 -0.17999999999999999
      vertex 0.33750000000000008 0.58456714755449612 0
      vertex 0.33750000000000008 0.58456714755449612 -0.17999999999999999
    endloop
  endfacet
  facet normal 0.38268343236508878 0.92387953251128707 -0
    outer loop
      vertex 0.33750000000000008 0.58456714755449612 -0.17999999999999999
      vertex 0.33750000000000008 0.58456714755449612 0
      vertex 0.36282400026423545 0.57407760319151002 0
    endloop
  endfacet
  facet normal 0.38268343236508878 0.92387953251128707 0
    outer loop
      vertex 0.33750000000000008 0.58456714755449612 -0.17999999999999999
      vertex 0.36282400026423545 0.57407760319151002 0
      vertex 0.36282400026423545 0.57407760319151002 -0.17999999999999999
    endloop
  endfacet
  facet normal 0.13052619222005152 0.99144486137381049 -0
    outer loop
      vertex 0.36282400026423545 0.57407760319151002 -0.17999999999999999
      vertex 0.36282400026423545 0.57407760319151002 0
      vertex 0.39000000000000012 0.57049981495186219 0
    endloop
  endfacet
  facet normal 0.13052619222005152 0.99144486137381049 0
    outer loop
      vertex 0.36282400026423545 0.57407760319151002 -0.17999999999999999
      vertex 0.39000000000000012 0.57049981495186219 0
      vertex 0.39000000000000012 0.57049981495186219 -0.17999999999999999
    endloop
  endfacet
  facet normal -0.1305261922200518 0.99144486137381038 0
    outer loop
      vertex 0.39000000000000012 0.57049981495186219 -0.17999999999999999
      vertex 0.39000000000000012 0.57049981495186219 0
      vertex 0.41717599973576475 0.57407760319151002 0
    endloop
  endfacet
  facet normal -0.1305261922200518 0.99144486137381038 0
    outer loop
      vertex 0.39000000000000012 0.57049981495186219 -0.17999999999999999
      vertex 0.41717599973576475 0.57407760319151002 0
      vertex 0.41717599973576475 0.57407760319151002 -0.17999999999999999
    endloop
  endfacet
  facet normal -0.38268343236508878 0.92387953251128707 0
    outer loop
      vertex 0.41717599973576475 0.57407760319151002 -0.17999999999999999
      vertex 0.41717599973576475 0.57407760319151002 0
      vertex 0.44250000000000012 0.58456714755449612 0
    endloop
  endfacet
  facet normal -0.38268343236508878 0.92387953251128707 0
    outer loop
      vertex 0.41717599973576475 0.57407760319151002 -0.17999999999999999
      vertex 0.44250000000000012 0.58456714755449612 0
      vertex 0.44250000000000012 0.58456714755449612 -0.17999999999999999
    endloop
  endfacet
  facet normal -0.60876142900872088 0.79335334029123494 0
    outer loop
      vertex 0.44250000000000012 0.58456714755449612 -0.17999999999999999
      vertex 0.44250000000000012 0.58456714755449612 0
      vertex 0.4642462120245876 0.6012536029272747 0
    endloop
  endfacet
  facet normal -0.60876142900872088 0.79335334029123494 0
    outer loop
      vertex 0.44250000000000012 0.58456714755449612 -0.17999999999999999
      vertex 0.4642462120245876 0.6012536029272747 0
      vertex 0.4642462120245876 0.6012536029272747 -0.17999999999999999
    endloop
  endfacet
  facet normal -0.7933533402912335 0.60876142900872288 0
    outer loop
      vertex 0.4642462120245876 0.6012536029272747 -0.17999999999999999
      vertex 0.4642462120245876 0.6012536029272747 0
      vertex 0.48093266739736618 0.62299981495186207 0
    endloop
  endfacet
  facet normal -0.7933533402912335 0.60876142900872288 0
    outer loop
      vertex 0.4642462120245876 0.6012536029272747 -0.17999999999999999
      vertex 0.48093266739736618 0.62299981495186207 0
      vertex 0.48093266739736618 0.62299981495186207 -0.17999999999999999
    endloop
  endfacet
  facet normal -0.92387953251128674 0.3826834323650895 0
    outer loop
      vertex 0.48093266739736618 0.62299981495186207 -0.17999999999999999
      vertex 0.48093266739736618 0.62299981495186207 0
      vertex 0.49142221176035228 0.64832381521609739 0
    endloop
  endfacet
  facet normal -0.92387953251128674 0.3826834323650895 0
    outer loop
      vertex 0.48093266739736618 0.62299981495186207 -0.17999999999999999
      vertex 0.49142221176035228 0.64832381521609739 0
      vertex 0.49142221176035228 0.64832381521609739 -0.17999999999999999
    endloop
  endfacet
  facet normal -0.99144486137381049 0.13052619222005099 0
    outer loop
      vertex 0.49142221176035228 0.64832381521609739 -0.17999999999999999
      vertex 0.49142221176035228 0.64832381521609739 0
      vertex 0.49500000000000011 0.67549981495186218 0
    endloop
  endfacet
  facet normal -0.99144486137381049 0.13052619222005099 0
    outer loop
      vertex 0.49142221176035228 0.64832381521609739 -0.17999999999999999
      vertex 0.49500000000000011 0.67549981495186218 0
      vertex 0.49500000000000011 0.67549981495186218 -0.17999999999999999
    endloop
  endfacet
  facet normal -0.99144486137381049 -0.13052619222005152 0
    outer loop
      vertex -0.28499999999999986 0.67549981495186218 -0.17999999999999999
      vertex -0.28499999999999986 0.67549981495186218 0
      vertex -0.28857778823964769 0.70267581468762685 0
    endloop
  endfacet
  facet normal -0.99144486137381049 -0.13052619222005152 0
    outer loop
      vertex -0.28499999999999986 0.67549981495186218 -0.17999999999999999
      vertex -0.28857778823964769 0.70267581468762685 0
      vertex -0.28857778823964769 0.70267581468762685 -0.17999999999999999
    endloop
  endfacet
  facet normal -0.92387953251128674 -0.3826834323650895 0
    outer loop
      vertex -0.28857778823964769 0.70267581468762685 -0.17999999999999999
      vertex -0.28857778823964769 0.70267581468762685 0
      vertex -0.2990673326026338 0.72799981495186217 0
    endloop
  endfacet
  facet normal -0.92387953251128674 -0.3826834323650895 0
    outer loop
      vertex -0.28857778823964769 0.70267581468762685 -0.17999999999999999
      vertex -0.2990673326026338 0.72799981495186217 0
      vertex -0.2990673326026338 0.72799981495186217 -0.17999999999999999
    endloop
  endfacet
  facet normal -0.79335334029123494 -0.60876142900872088 0
    outer loop
      vertex -0.2990673326026338 0.72799981495186217 -0.17999999999999999
      vertex -0.2990673326026338 0.72799981495186217 0
      vertex -0.31575378797541237 0.74974602697644965 0
    endloop
  endfacet
  facet normal -0.79335334029123494 -0.60876142900872088 0
    outer loop
      vertex -0.2990673326026338 0.72799981495186217 -0.17999999999999999
      vertex -0.31575378797541237 0.74974602697644965 0
      vertex -0.31575378797541237 0.74974602697644965 -0.17999999999999999
    endloop
  endfacet
  facet normal -0.60876142900872088 -0.79335334029123494 0
    outer loop
      vertex -0.31575378797541237 0.74974602697644965 -0.17999999999999999
      vertex -0.31575378797541237 0.74974602697644965 0
      vertex -0.33749999999999986 0.76643248234922823 0
    endloop
  endfacet
  facet normal -0.60876142900872088 -0.79335334029123494 0
    outer loop
      vertex -0.31575378797541237 0.74974602697644965 -0.17999999999999999
      vertex -0.33749999999999986 0.76643248234922823 0
      vertex -0.33749999999999986 0.76643248234922823 -0.17999999999999999
    endloop
  endfacet
  facet normal -0.3826834323650895 -0.92387953251128674 0
    outer loop
      vertex -0.33749999999999986 0.76643248234922823 -0.17999999999999999
      vertex -0.33749999999999986 0.76643248234922823 0
      vertex -0.36282400026423517 0.77692202671221433 0
    endloop
  endfacet
  facet normal -0.3826834323650895 -0.92387953251128674 0
    outer loop
      vertex -0.33749999999999986 0.76643248234922823 -0.17999999999999999
      vertex -0.36282400026423517 0.77692202671221433 0
      vertex -0.36282400026423517 0.77692202671221433 -0.17999999999999999
    endloop
  endfacet
  facet normal -0.13052619222005152 -0.99144486137381049 0
    outer loop
      vertex -0.36282400026423517 0.77692202671221433 -0.17999999999999999
      vertex -0.36282400026423517 0.77692202671221433 0
      vertex -0.38999999999999985 0.78049981495186216 0
    endloop
  endfacet
  facet normal -0.13052619222005152 -0.99144486137381049 0
    outer loop
      vertex -0.36282400026423517 0.77692202671221433 -0.17999999999999999
      vertex -0.38999999999999985 0.78049981495186216 0
      vertex -0.38999999999999985 0.78049981495186216 -0.17999999999999999
    endloop
  endfacet
  facet normal 0.13052619222005152 -0.99144486137381049 0
    outer loop
      vertex -0.38999999999999985 0.78049981495186216 -0.17999999999999999
      vertex -0.38999999999999985 0.78049981495186216 0
      vertex -0.41717599973576452 0.77692202671221433 0
    endloop
  endfacet
  facet normal 0.13052619222005152 -0.99144486137381049 0
    outer loop
      vertex -0.38999999999999985 0.78049981495186216 -0.17999999999999999
      vertex -0.41717599973576452 0.77692202671221433 0
      vertex -0.41717599973576452 0.77692202671221433 -0.17999999999999999
    endloop
  endfacet
  facet normal 0.3826834323650895 -0.92387953251128674 0
    outer loop
      vertex -0.41717599973576452 0.77692202671221433 -0.17999999999999999
      vertex -0.41717599973576452 0.77692202671221433 0
      vertex -0.44249999999999984 0.76643248234922823 0
    endloop
  endfacet
  facet normal 0.3826834323650895 -0.92387953251128674 0
    outer loop
      vertex -0.41717599973576452 0.77692202671221433 -0.17999999999999999
      vertex -0.44249999999999984 0.76643248234922823 0
      vertex -0.44249999999999984 0.76643248234922823 -0.17999999999999999
    endloop
  endfacet
  facet normal 0.60876142900872088 -0.79335334029123494 0
    outer loop
      vertex -0.44249999999999984 0.76643248234922823 -0.17999999999999999
      vertex -0.44249999999999984 0.76643248234922823 0
      vertex -0.46424621202458732 0.74974602697644965 0
    endloop
  endfacet
  facet normal 0.60876142900872088 -0.79335334029123494 0
    outer loop
      vertex -0.44249999999999984 0.76643248234922823 -0.17999999999999999
      vertex -0.46424621202458732 0.74974602697644965 0
      vertex -0.46424621202458732 0.74974602697644965 -0.17999999999999999
    endloop
  endfacet
  facet normal 0.79335334029123494 -0.60876142900872088 0
    outer loop
      vertex -0.46424621202458732 0.74974602697644965 -0.17999999999999999
      vertex -0.46424621202458732 0.74974602697644965 0
      vertex -0.4809326673973659 0.72799981495186217 0
    endloop
  endfacet
  facet normal 0.79335334029123494 -0.60876142900872088 0
    outer loop
      vertex -0.46424621202458732 0.74974602697644965 -0.17999999999999999
      vertex -0.4809326673973659 0.72799981495186217 0
      vertex -0.4809326673973659 0.72799981495186217 -0.17999999999999999
    endloop
  endfacet
  facet normal 0.92387953251128674 -0.3826834323650895 0
    outer loop
      vertex -0.4809326673973659 0.72799981495186217 -0.17999999999999999
      vertex -0.4809326673973659 0.72799981495186217 0
      vertex -0.491422211760352 0.70267581468762685 0
    endloop
  endfacet
  facet normal 0.92387953251128674 -0.3826834323650895 0
    outer loop
      vertex -0.4809326673973659 0.72799981495186217 -0.17999999999999999
      vertex -0.491422211760352 0.70267581468762685 0
      vertex -0.491422211760352 0.70267581468762685 -0.17999999999999999
    endloop
  endfacet
  facet normal 0.99144486137381049 -0.13052619222005152 0
    outer loop
      vertex -0.491422211760352 0.70267581468762685 -0.17999999999999999
      vertex -0.491422211760352 0.70267581468762685 0
      vertex -0.49499999999999983 0.67549981495186218 0
    endloop
  endfacet
  facet normal 0.99144486137381049 -0.13052619222005152 0
    outer loop
      vertex -0.491422211760352 0.70267581468762685 -0.17999999999999999
      vertex -0.49499999999999983 0.67549981495186218 0
      vertex -0.49499999999999983 0.67549981495186218 -0.17999999999999999
    endloop
  endfacet
  facet normal 0.99144486137381049 0.13052619222005152 -0
    outer loop
      vertex -0.49499999999999983 0.67549981495186218 -0.17999999999999999
      vertex -0.49499999999999983 0.67549981495186218 0
      vertex -0.491422211760352 0.6483238152160975 0
    endloop
  endfacet
  facet normal 0.99144486137381049 0.13052619222005152 0
    outer loop
      vertex -0.49499999999999983 0.67549981495186218 -0.17999999999999999
      vertex -0.491422211760352 0.6483238152160975 0
      vertex -0.491422211760352 0.6483238152160975 -0.17999999999999999
    endloop
  endfacet
  facet normal 0.92387953251128752 0.38268343236508784 -0
    outer loop
      vertex -0.491422211760352 0.6483238152160975 -0.17999999999999999
      vertex -0.491422211760352 0.6483238152160975 0
      vertex -0.48093266739736595 0.62299981495186219 0
    endloop
  endfacet
  facet normal 0.92387953251128752 0.38268343236508784 0
    outer loop
      vertex -0.491422211760352 0.6483238152160975 -0.17999999999999999
      vertex -0.48093266739736595 0.62299981495186219 0
      vertex -0.48093266739736595 0.62299981495186219 -0.17999999999999999
    endloop
  endfacet
  facet normal 0.79335334029123494 0.60876142900872088 -0
    outer loop
      vertex -0.48093266739736595 0.62299981495186219 -0.17999999999999999
      vertex -0.48093266739736595 0.62299981495186219 0
      vertex -0.46424621202458738 0.6012536029272747 0
    endloop
  endfacet
  facet normal 0.79335334029123494 0.60876142900872088 0
    outer loop
      vertex -0.48093266739736595 0.62299981495186219 -0.17999999999999999
      vertex -0.46424621202458738 0.6012536029272747 0
      vertex -0.46424621202458738 0.6012536029272747 -0.17999999999999999
    endloop
  endfacet
  facet normal 0.60876142900872088 0.79335334029123494 -0
    outer loop
      vertex -0.46424621202458738 0.6012536029272747 -0.17999999999999999
      vertex -0.46424621202458738 0.6012536029272747 0
      vertex -0.44249999999999989 0.58456714755449612 0
    endloop
  endfacet
  facet normal 0.60876142900872088 0.79335334029123494 0
    outer loop
      vertex -0.46424621202458738 0.6012536029272747 -0.17999999999999999
      vertex -0.44249999999999989 0.58456714755449612 0
      vertex -0.44249999999999989 0.58456714755449612 -0.17999999999999999
    endloop
  endfacet
  facet normal 0.38268343236508878 0.92387953251128707 -0
    outer loop
      vertex -0.44249999999999989 0.58456714755449612 -0.17999999999999999
      vertex -0.44249999999999989 0.58456714755449612 0
      vertex -0.41717599973576452 0.57407760319151002 0
    endloop
  endfacet
  facet normal 0.38268343236508878 0.92387953251128707 0
    outer loop
      vertex -0.44249999999999989 0.58456714755449612 -0.17999999999999999
      vertex -0.41717599973576452 0.57407760319151002 0
      vertex -0.41717599973576452 0.57407760319151002 -0.17999999999999999
    endloop
  endfacet
  facet normal 0.13052619222005152 0.99144486137381049 -0
    outer loop
      vertex -0.41717599973576452 0.57407760319151002 -0.17999999999999999
      vertex -0.41717599973576452 0.57407760319151002 0
      vertex -0.38999999999999985 0.57049981495186219 0
    endloop
  endfacet
  facet normal 0.13052619222005152 0.99144486137381049 0
    outer loop
      vertex -0.41717599973576452 0.57407760319151002 -0.17999999999999999
      vertex -0.38999999999999985 0.57049981495186219 0
      vertex -0.38999999999999985 0.57049981495186219 -0.17999999999999999
    endloop
  endfacet
  facet normal -0.1305261922200518 0.99144486137381038 0
    outer loop
      vertex -0.38999999999999985 0.57049981495186219 -0.17999999999999999
      vertex -0.38999999999999985 0.57049981495186219 0
      vertex -0.36282400026423522 0.57407760319151002 0
    endloop
  endfacet
  facet normal -0.1305261922200518 0.99144486137381038 0
    outer loop
      vertex -0.38999999999999985 0.57049981495186219 -0.17999999999999999
      vertex -0.36282400026423522 0.57407760319151002 0
      vertex -0.36282400026423522 0.57407760319151002 -0.17999999999999999
    endloop
  endfacet
  facet normal -0.38268343236508878 0.92387953251128707 0
    outer loop
      vertex -0.36282400026423522 0.57407760319151002 -0.17999999999999999
      vertex -0.36282400026423522 0.57407760319151002 0
      vertex -0.33749999999999986 0.58456714755449612 0
    endloop
  endfacet
  facet normal -0.38268343236508878 0.92387953251128707 0
    outer loop
      vertex -0.36282400026423522 0.57407760319151002 -0.17999999999999999
      vertex -0.33749999999999986 0.58456714755449612 0
      vertex -0.33749999999999986 0.58456714755449612 -0.17999999999999999
    endloop
  endfacet
  facet normal -0.60876142900872088 0.79335334029123494 0
    outer loop
      vertex -0.33749999999999986 0.58456714755449612 -0.17999999999999999
      vertex -0.33749999999999986 0.58456714755449612 0
      vertex -0.31575378797541237 0.6012536029272747 0
    endloop
  endfacet
  facet normal -0.60876142900872088 0.79335334029123494 0
    outer loop
      vertex -0.33749999999999986 0.58456714755449612 -0.17999999999999999
      vertex -0.31575378797541237 0.6012536029272747 0
      vertex -0.31575378797541237 0.6012536029272747 -0.17999999999999999
    endloop
  endfacet
  facet normal -0.79335334029123439 0.60876142900872154 0
    outer loop
      vertex -0.31575378797541237 0.6012536029272747 -0.17999999999999999
      vertex -0.31575378797541237 0.6012536029272747 0
      vertex -0.29906733260263385 0.62299981495186207 0
    endloop
  endfacet
  facet normal -0.79335334029123439 0.60876142900872154 0
    outer loop
      vertex -0.31575378797541237 0.6012536029272747 -0.17999999999999999
      vertex -0.29906733260263385 0.62299981495186207 0
      vertex -0.29906733260263385 0.62299981495186207 -0.17999999999999999
    endloop
  endfacet
  facet normal -0.92387953251128607 0.38268343236509128 0
    outer loop
      vertex -0.29906733260263385 0.62299981495186207 -0.17999999999999999
      vertex -0.29906733260263385 0.62299981495186207 0
      vertex -0.28857778823964769 0.64832381521609739 0
    endloop
  endfacet
  facet normal -0.92387953251128607 0.38268343236509128 0
    outer loop
      vertex -0.29906733260263385 0.62299981495186207 -0.17999999999999999
      vertex -0.28857778823964769 0.64832381521609739 0
      vertex -0.28857778823964769 0.64832381521609739 -0.17999999999999999
    endloop
  endfacet
  facet normal -0.99144486137381049 0.13052619222005099 0
    outer loop
      vertex -0.28857778823964769 0.64832381521609739 -0.17999999999999999
      vertex -0.28857778823964769 0.64832381521609739 0
      vertex -0.28499999999999986 0.67549981495186218 0
    endloop
  endfacet
  facet normal -0.99144486137381049 0.13052619222005099 0
    outer loop
      vertex -0.28857778823964769 0.64832381521609739 -0.17999999999999999
      vertex -0.28499999999999986 0.67549981495186218 0
      vertex -0.28499999999999986 0.67549981495186218 -0.17999999999999999
    endloop
  endfacet
  facet normal -0.99144486137381049 -0.13052619222005152 0
    outer loop
      vertex -0.67500000000000004 9.5522450333493548e-17 -0.17999999999999999
      vertex -0.67500000000000004 9.5522450333493548e-17 0
      vertex -0.67857778823964787 0.027175999735764775 0
    endloop
  endfacet
  facet normal -0.99144486137381049 -0.13052619222005152 0
    outer loop
      vertex -0.67500000000000004 9.5522450333493548e-17 -0.17999999999999999
      vertex -0.67857778823964787 0.027175999735764775 0
      vertex -0.67857778823964787 0.027175999735764775 -0.17999999999999999
    endloop
  endfacet
  facet normal -0.92387953251128674 -0.3826834323650895 0
    outer loop
      vertex -0.67857778823964787 0.027175999735764775 -0.17999999999999999
      vertex -0.67857778823964787 0.027175999735764775 0
      vertex -0.68906733260263398 0.052500000000000088 0
    endloop
  endfacet
  facet normal -0.92387953251128674 -0.3826834323650895 0
    outer loop
      vertex -0.67857778823964787 0.027175999735764775 -0.17999999999999999
      vertex -0.68906733260263398 0.052500000000000088 0
      vertex -0.68906733260263398 0.052500000000000088 -0.17999999999999999
    endloop
  endfacet
  facet normal -0.79335334029123517 -0.60876142900872066 0
    outer loop
      vertex -0.68906733260263398 0.052500000000000088 -0.17999999999999999
      vertex -0.68906733260263398 0.052500000000000088 0
      vertex -0.70575378797541255 0.074246212024587588 0
    endloop
  endfacet
  facet normal -0.79335334029123517 -0.60876142900872066 0
    outer loop
      vertex -0.68906733260263398 0.052500000000000088 -0.17999999999999999
      vertex -0.70575378797541255 0.074246212024587588 0
      vertex -0.70575378797541255 0.074246212024587588 -0.17999999999999999
    endloop
  endfacet
  facet normal -0.60876142900872054 -0.79335334029123517 0
    outer loop
      vertex -0.70575378797541255 0.074246212024587588 -0.17999999999999999
      vertex -0.70575378797541255 0.074246212024587588 0
      vertex -0.72750000000000004 0.090932667397366149 0
    endloop
  endfacet
  facet normal -0.60876142900872054 -0.79335334029123517 0
    outer loop
      vertex -0.70575378797541255 0.074246212024587588 -0.17999999999999999
      vertex -0.72750000000000004 0.090932667397366149 0
      vertex -0.72750000000000004 0.090932667397366149 -0.17999999999999999
    endloop
  endfacet
  facet normal -0.38268343236509 -0.92387953251128674 0
    outer loop
      vertex -0.72750000000000004 0.090932667397366149 -0.17999999999999999
      vertex -0.72750000000000004 0.090932667397366149 0
      vertex -0.75282400026423535 0.10142221176035227 0
    endloop
  endfacet
  facet normal -0.38268343236509 -0.92387953251128674 0
    outer loop
      vertex -0.72750000000000004 0.090932667397366149 -0.17999999999999999
      vertex -0.75282400026423535 0.10142221176035227 0
      vertex -0.75282400026423535 0.10142221176035227 -0.17999999999999999
    endloop
  endfacet
  facet normal -0.13052619222005152 -0.99144486137381049 0
    outer loop
      vertex -0.75282400026423535 0.10142221176035227 -0.17999999999999999
      vertex -0.75282400026423535 0.10142221176035227 0
      vertex -0.78000000000000003 0.10500000000000009 0
    endloop
  endfacet
  facet normal -0.13052619222005152 -0.99144486137381049 0
    outer loop
      vertex -0.75282400026423535 0.10142221176035227 -0.17999999999999999
      vertex -0.78000000000000003 0.10500000000000009 0
      vertex -0.78000000000000003 0.10500000000000009 -0.17999999999999999
    endloop
  endfacet
  facet normal 0.13052619222005152 -0.99144486137381049 0
    outer loop
      vertex -0.78000000000000003 0.10500000000000009 -0.17999999999999999
      vertex -0.78000000000000003 0.10500000000000009 0
      vertex -0.8071759997357647 0.10142221176035227 0
    endloop
  endfacet
  facet normal 0.13052619222005152 -0.99144486137381049 0
    outer loop
      vertex -0.78000000000000003 0.10500000000000009 -0.17999999999999999
      vertex -0.8071759997357647 0.10142221176035227 0
      vertex -0.8071759997357647 0.10142221176035227 -0.17999999999999999
    endloop
  endfacet
  facet normal 0.3826834323650895 -0.92387953251128674 0
    outer loop
      vertex -0.8071759997357647 0.10142221176035227 -0.17999999999999999
      vertex -0.8071759997357647 0.10142221176035227 0
      vertex -0.83250000000000002 0.090932667397366163 0
    endloop
  endfacet
  facet normal 0.3826834323650895 -0.92387953251128674 0
    outer loop
      vertex -0.8071759997357647 0.10142221176035227 -0.17999999999999999
      vertex -0.83250000000000002 0.090932667397366163 0
      vertex -0.83250000000000002 0.090932667397366163 -0.17999999999999999
    endloop
  endfacet
  facet normal 0.60876142900872088 -0.79335334029123494 0
    outer loop
      vertex -0.83250000000000002 0.090932667397366163 -0.17999999999999999
      vertex -0.83250000000000002 0.090932667397366163 0
      vertex -0.8542462120245875 0.074246212024587588 0
    endloop
  endfacet
  facet normal 0.60876142900872088 -0.79335334029123494 0
    outer loop
      vertex -0.83250000000000002 0.090932667397366163 -0.17999999999999999
      vertex -0.8542462120245875 0.074246212024587588 0
      vertex -0.8542462120245875 0.074246212024587588 -0.17999999999999999
    endloop
  endfacet
  facet normal 0.79335334029123517 -0.60876142900872066 0
    outer loop
      vertex -0.8542462120245875 0.074246212024587588 -0.17999999999999999
      vertex -0.8542462120245875 0.074246212024587588 0
      vertex -0.87093266739736608 0.052500000000000088 0
    endloop
  endfacet
  facet normal 0.79335334029123517 -0.60876142900872066 0
    outer loop
      vertex -0.8542462120245875 0.074246212024587588 -0.17999999999999999
      vertex -0.87093266739736608 0.052500000000000088 0
      vertex -0.87093266739736608 0.052500000000000088 -0.17999999999999999
    endloop
  endfacet
  facet normal 0.92387953251128663 -0.38268343236508989 0
    outer loop
      vertex -0.87093266739736608 0.052500000000000088 -0.17999999999999999
      vertex -0.87093266739736608 0.052500000000000088 0
      vertex -0.88142221176035218 0.027175999735764803 0
    endloop
  endfacet
  facet normal 0.92387953251128663 -0.38268343236508989 0
    outer loop
      vertex -0.87093266739736608 0.052500000000000088 -0.17999999999999999
      vertex -0.88142221176035218 0.027175999735764803 0
      vertex -0.88142221176035218 0.027175999735764803 -0.17999999999999999
    endloop
  endfacet
  facet normal 0.99144486137381049 -0.13052619222005143 0
    outer loop
      vertex -0.88142221176035218 0.027175999735764803 -0.17999999999999999
      vertex -0.88142221176035218 0.027175999735764803 0
      vertex -0.88500000000000001 1.0838124172454075e-16 0
    endloop
  endfacet
  facet normal 0.99144486137381049 -0.13052619222005143 0
    outer loop
      vertex -0.88142221176035218 0.027175999735764803 -0.17999999999999999
      vertex -0.88500000000000001 1.0838124172454075e-16 0
      vertex -0.88500000000000001 1.0838124172454075e-16 -0.17999999999999999
    endloop
  endfacet
  facet normal 0.99144486137381049 0.13052619222005143 -0
    outer loop
      vertex -0.88500000000000001 1.0838124172454075e-16 -0.17999999999999999
      vertex -0.88500000000000001 1.0838124172454075e-16 0
      vertex -0.88142221176035218 -0.027175999735764584 0
    endloop
  endfacet
  facet normal 0.99144486137381049 0.13052619222005143 0
    outer loop
      vertex -0.88500000000000001 1.0838124172454075e-16 -0.17999999999999999
      vertex -0.88142221176035218 -0.027175999735764584 0
      vertex -0.88142221176035218 -0.027175999735764584 -0.17999999999999999
    endloop
  endfacet
  facet normal 0.92387953251128663 0.38268343236508984 -0
    outer loop
      vertex -0.88142221176035218 -0.027175999735764584 -0.17999999999999999
      vertex -0.88142221176035218 -0.027175999735764584 0
      vertex -0.87093266739736608 -0.052499999999999873 0
    endloop
  endfacet
  facet normal 0.92387953251128663 0.38268343236508984 0
    outer loop
      vertex -0.88142221176035218 -0.027175999735764584 -0.17999999999999999
      vertex -0.87093266739736608 -0.052499999999999873 0
      vertex -0.87093266739736608 -0.052499999999999873 -0.17999999999999999
    endloop
  endfacet
  facet normal 0.79335334029123483 0.60876142900872099 -0
    outer loop
      vertex -0.87093266739736608 -0.052499999999999873 -0.17999999999999999
      vertex -0.87093266739736608 -0.052499999999999873 0
      vertex -0.8542462120245875 -0.074246212024587352 0
    endloop
  endfacet
  facet normal 0.79335334029123483 0.60876142900872099 0
    outer loop
      vertex -0.87093266739736608 -0.052499999999999873 -0.17999999999999999
      vertex -0.8542462120245875 -0.074246212024587352 0
      vertex -0.8542462120245875 -0.074246212024587352 -0.17999999999999999
    endloop
  endfacet
  facet normal 0.60876142900872121 0.79335334029123472 -0
    outer loop
      vertex -0.8542462120245875 -0.074246212024587352 -0.17999999999999999
      vertex -0.8542462120245875 -0.074246212024587352 0
      vertex -0.83250000000000002 -0.090932667397365941 0
    endloop
  endfacet
  facet normal 0.60876142900872121 0.79335334029123472 0
    outer loop
      vertex -0.8542462120245875 -0.074246212024587352 -0.17999999999999999
      vertex -0.83250000000000002 -0.090932667397365941 0
      vertex -0.83250000000000002 -0.090932667397365941 -0.17999999999999999
    endloop
  endfacet
  facet normal 0.38268343236509039 0.92387953251128641 -0
    outer loop
      vertex -0.83250000000000002 -0.090932667397365941 -0.17999999999999999
      vertex -0.83250000000000002 -0.090932667397365941 0
      vertex -0.8071759997357647 -0.10142221176035207 0
    endloop
  endfacet
  facet normal 0.38268343236509039 0.92387953251128641 0
    outer loop
      vertex -0.83250000000000002 -0.090932667397365941 -0.17999999999999999
      vertex -0.8071759997357647 -0.10142221176035207 0
      vertex -0.8071759997357647 -0.10142221176035207 -0.17999999999999999
    endloop
  endfacet
  facet normal 0.13052619222005152 0.99144486137381049 -0
    outer loop
      vertex -0.8071759997357647 -0.10142221176035207 -0.17999999999999999
      vertex -0.8071759997357647 -0.10142221176035207 0
      vertex -0.78000000000000003 -0.1049999999999999 0
    endloop
  endfacet
  facet normal 0.13052619222005152 0.99144486137381049 0
    outer loop
      vertex -0.8071759997357647 -0.10142221176035207 -0.17999999999999999
      vertex -0.78000000000000003 -0.1049999999999999 0
      vertex -0.78000000000000003 -0.1049999999999999 -0.17999999999999999
    endloop
  endfacet
  facet normal -0.13052619222005102 0.99144486137381049 0
    outer loop
      vertex -0.78000000000000003 -0.1049999999999999 -0.17999999999999999
      vertex -0.78000000000000003 -0.1049999999999999 0
      vertex -0.75282400026423535 -0.10142221176035209 0
    endloop
  endfacet
  facet normal -0.13052619222005102 0.99144486137381049 0
    outer loop
      vertex -0.78000000000000003 -0.1049999999999999 -0.17999999999999999
      vertex -0.75282400026423535 -0.10142221176035209 0
      vertex -0.75282400026423535 -0.10142221176035209 -0.17999999999999999
    endloop
  endfacet
  facet normal -0.38268343236509039 0.92387953251128641 0
    outer loop
      vertex -0.75282400026423535 -0.10142221176035209 -0.17999999999999999
      vertex -0.75282400026423535 -0.10142221176035209 0
      vertex -0.72750000000000004 -0.090932667397365954 0
    endloop
  endfacet
  facet normal -0.38268343236509039 0.92387953251128641 0
    outer loop
      vertex -0.75282400026423535 -0.10142221176035209 -0.17999999999999999
      vertex -0.72750000000000004 -0.090932667397365954 0
      vertex -0.72750000000000004 -0.090932667397365954 -0.17999999999999999
    endloop
  endfacet
  facet normal -0.60876142900872021 0.7933533402912355 0
    outer loop
      vertex -0.72750000000000004 -0.090932667397365954 -0.17999999999999999
      vertex -0.72750000000000004 -0.090932667397365954 0
      vertex -0.70575378797541255 -0.074246212024587407 0
    endloop
  endfacet
  facet normal -0.60876142900872021 0.7933533402912355 0
    outer loop
      vertex -0.72750000000000004 -0.090932667397365954 -0.17999999999999999
      vertex -0.70575378797541255 -0.074246212024587407 0
      vertex -0.70575378797541255 -0.074246212024587407 -0.17999999999999999
    endloop
  endfacet
  facet normal -0.7933533402912345 0.60876142900872143 0
    outer loop
      vertex -0.70575378797541255 -0.074246212024587407 -0.17999999999999999
      vertex -0.70575378797541255 -0.074246212024587407 0
      vertex -0.68906733260263398 -0.052499999999999949 0
    endloop
  endfacet
  facet normal -0.7933533402912345 0.60876142900872143 0
    outer loop
      vertex -0.70575378797541255 -0.074246212024587407 -0.17999999999999999
      vertex -0.68906733260263398 -0.052499999999999949 0
      vertex -0.68906733260263398 -0.052499999999999949 -0.17999999999999999
    endloop
  endfacet
  facet normal -0.92387953251128663 0.38268343236508989 0
    outer loop
      vertex -0.68906733260263398 -0.052499999999999949 -0.17999999999999999
      vertex -0.68906733260263398 -0.052499999999999949 0
      vertex -0.67857778823964787 -0.027175999735764667 0
    endloop
  endfacet
  facet normal -0.92387953251128663 0.38268343236508989 0
    outer loop
      vertex -0.68906733260263398 -0.052499999999999949 -0.17999999999999999
      vertex -0.67857778823964787 -0.027175999735764667 0
      vertex -0.67857778823964787 -0.027175999735764667 -0.17999999999999999
    endloop
  endfacet
  facet normal -0.99144486137381049 0.1305261922200511 0
    outer loop
      vertex -0.67857778823964787 -0.027175999735764667 -0.17999999999999999
      vertex -0.67857778823964787 -0.027175999735764667 0
      vertex -0.67500000000000004 9.5522450333493548e-17 0
    endloop
  endfacet
  facet normal -0.99144486137381049 0.1305261922200511 0
    outer loop
      vertex -0.67857778823964787 -0.027175999735764667 -0.17999999999999999
      vertex -0.67500000000000004 9.5522450333493548e-17 0
      vertex -0.67500000000000004 9.5522450333493548e-17 -0.17999999999999999
    endloop
  endfacet
  facet normal -0.99144486137381049 -0.13052619222005152 0
    outer loop
      vertex -0.28500000000000036 -0.67549981495186207 -0.17999999999999999
      vertex -0.28500000000000036 -0.67549981495186207 0
      vertex -0.28857778823964819 -0.64832381521609739 0
    endloop
  endfacet
  facet normal -0.99144486137381049 -0.13052619222005152 0
    outer loop
      vertex -0.28500000000000036 -0.67549981495186207 -0.17999999999999999
      vertex -0.28857778823964819 -0.64832381521609739 0
      vertex -0.28857778823964819 -0.64832381521609739 -0.17999999999999999
    endloop
  endfacet
  facet normal -0.92387953251128674 -0.3826834323650895 0
    outer loop
      vertex -0.28857778823964819 -0.64832381521609739 -0.17999999999999999
      vertex -0.28857778823964819 -0.64832381521609739 0
      vertex -0.29906733260263429 -0.62299981495186207 0
    endloop
  endfacet
  facet normal -0.92387953251128674 -0.3826834323650895 0
    outer loop
      vertex -0.28857778823964819 -0.64832381521609739 -0.17999999999999999
      vertex -0.29906733260263429 -0.62299981495186207 0
      vertex -0.29906733260263429 -0.62299981495186207 -0.17999999999999999
    endloop
  endfacet
  facet normal -0.79335334029123494 -0.60876142900872088 0
    outer loop
      vertex -0.29906733260263429 -0.62299981495186207 -0.17999999999999999
      vertex -0.29906733260263429 -0.62299981495186207 0
      vertex -0.31575378797541287 -0.60125360292727459 0
    endloop
  endfacet
  facet normal -0.79335334029123494 -0.60876142900872088 0
    outer loop
      vertex -0.29906733260263429 -0.62299981495186207 -0.17999999999999999
      vertex -0.31575378797541287 -0.60125360292727459 0
      vertex -0.31575378797541287 -0.60125360292727459 -0.17999999999999999
    endloop
  endfacet
  facet normal -0.60876142900872088 -0.79335334029123494 0
    outer loop
      vertex -0.31575378797541287 -0.60125360292727459 -0.17999999999999999
      vertex -0.31575378797541287 -0.60125360292727459 0
      vertex -0.33750000000000036 -0.58456714755449601 0
    endloop
  endfacet
  facet normal -0.60876142900872088 -0.79335334029123494 0
    outer loop
      vertex -0.31575378797541287 -0.60125360292727459 -0.17999999999999999
      vertex -0.33750000000000036 -0.58456714755449601 0
      vertex -0.33750000000000036 -0.58456714755449601 -0.17999999999999999
    endloop
  endfacet
  facet normal -0.3826834323650895 -0.92387953251128674 0
    outer loop
      vertex -0.33750000000000036 -0.58456714755449601 -0.17999999999999999
      vertex -0.33750000000000036 -0.58456714755449601 0
      vertex -0.36282400026423567 -0.57407760319150991 0
    endloop
  endfacet
  facet normal -0.3826834323650895 -0.92387953251128674 0
    outer loop
      vertex -0.33750000000000036 -0.58456714755449601 -0.17999999999999999
      vertex -0.36282400026423567 -0.57407760319150991 0
      vertex -0.36282400026423567 -0.57407760319150991 -0.17999999999999999
    endloop
  endfacet
  facet normal -0.13052619222005152 -0.99144486137381049 0
    outer loop
      vertex -0.36282400026423567 -0.57407760319150991 -0.17999999999999999
      vertex -0.36282400026423567 -0.57407760319150991 0
      vertex -0.39000000000000035 -0.57049981495186208 0
    endloop
  endfacet
  facet normal -0.13052619222005152 -0.99144486137381049 0
    outer loop
      vertex -0.36282400026423567 -0.57407760319150991 -0.17999999999999999
      vertex -0.39000000000000035 -0.57049981495186208 0
      vertex -0.39000000000000035 -0.57049981495186208 -0.17999999999999999
    endloop
  endfacet
  facet normal 0.13052619222005152 -0.99144486137381049 0
    outer loop
      vertex -0.39000000000000035 -0.57049981495186208 -0.17999999999999999
      vertex -0.39000000000000035 -0.57049981495186208 0
      vertex -0.41717599973576502 -0.57407760319150991 0
    endloop
  endfacet
  facet normal 0.13052619222005152 -0.99144486137381049 0
    outer loop
      vertex -0.39000000000000035 -0.57049981495186208 -0.17999999999999999
      vertex -0.41717599973576502 -0.57407760319150991 0
      vertex -0.41717599973576502 -0.57407760319150991 -0.17999999999999999
    endloop
  endfacet
  facet normal 0.3826834323650895 -0.92387953251128674 0
    outer loop
      vertex -0.41717599973576502 -0.57407760319150991 -0.17999999999999999
      vertex -0.41717599973576502 -0.57407760319150991 0
      vertex -0.44250000000000034 -0.58456714755449601 0
    endloop
  endfacet
  facet normal 0.3826834323650895 -0.92387953251128674 0
    outer loop
      vertex -0.41717599973576502 -0.57407760319150991 -0.17999999999999999
      vertex -0.44250000000000034 -0.58456714755449601 0
      vertex -0.44250000000000034 -0.58456714755449601 -0.17999999999999999
    endloop
  endfacet
  facet normal 0.60876142900872088 -0.79335334029123494 0
    outer loop
      vertex -0.44250000000000034 -0.58456714755449601 -0.17999999999999999
      vertex -0.44250000000000034 -0.58456714755449601 0
      vertex -0.46424621202458782 -0.60125360292727459 0
    endloop
  endfacet
  facet normal 0.60876142900872088 -0.79335334029123494 0
    outer loop
      vertex -0.44250000000000034 -0.58456714755449601 -0.17999999999999999
      vertex -0.46424621202458782 -0.60125360292727459 0
      vertex -0.46424621202458782 -0.60125360292727459 -0.17999999999999999
    endloop
  endfacet
  facet normal 0.79335334029123494 -0.60876142900872088 0
    outer loop
      vertex -0.46424621202458782 -0.60125360292727459 -0.17999999999999999
      vertex -0.46424621202458782 -0.60125360292727459 0
      vertex -0.4809326673973664 -0.62299981495186207 0
    endloop
  endfacet
  facet normal 0.79335334029123494 -0.60876142900872088 0
    outer loop
      vertex -0.46424621202458782 -0.60125360292727459 -0.17999999999999999
      vertex -0.4809326673973664 -0.62299981495186207 0
      vertex -0.4809326673973664 -0.62299981495186207 -0.17999999999999999
    endloop
  endfacet
  facet normal 0.92387953251128674 -0.3826834323650895 0
    outer loop
      vertex -0.4809326673973664 -0.62299981495186207 -0.17999999999999999
      vertex -0.4809326673973664 -0.62299981495186207 0
      vertex -0.4914222117603525 -0.64832381521609739 0
    endloop
  endfacet
  facet normal 0.92387953251128674 -0.3826834323650895 0
    outer loop
      vertex -0.4809326673973664 -0.62299981495186207 -0.17999999999999999
      vertex -0.4914222117603525 -0.64832381521609739 0
      vertex -0.4914222117603525 -0.64832381521609739 -0.17999999999999999
    endloop
  endfacet
  facet normal 0.99144486137381049 -0.13052619222005152 0
    outer loop
      vertex -0.4914222117603525 -0.64832381521609739 -0.17999999999999999
      vertex -0.4914222117603525 -0.64832381521609739 0
      vertex -0.49500000000000033 -0.67549981495186207 0
    endloop
  endfacet
  facet normal 0.99144486137381049 -0.13052619222005152 0
    outer loop
      vertex -0.4914222117603525 -0.64832381521609739 -0.17999999999999999
      vertex -0.49500000000000033 -0.67549981495186207 0
      vertex -0.49500000000000033 -0.67549981495186207 -0.17999999999999999
    endloop
  endfacet
  facet normal 0.99144486137381049 0.13052619222005152 -0
    outer loop
      vertex -0.49500000000000033 -0.67549981495186207 -0.17999999999999999
      vertex -0.49500000000000033 -0.67549981495186207 0
      vertex -0.4914222117603525 -0.70267581468762674 0
    endloop
  endfacet
  facet normal 0.99144486137381049 0.13052619222005152 0
    outer loop
      vertex -0.49500000000000033 -0.67549981495186207 -0.17999999999999999
      vertex -0.4914222117603525 -0.70267581468762674 0
      vertex -0.4914222117603525 -0.70267581468762674 -0.17999999999999999
    endloop
  endfacet
  facet normal 0.92387953251128674 0.3826834323650895 -0
    outer loop
      vertex -0.4914222117603525 -0.70267581468762674 -0.17999999999999999
      vertex -0.4914222117603525 -0.70267581468762674 0
      vertex -0.4809326673973664 -0.72799981495186206 0
    endloop
  endfacet
  facet normal 0.92387953251128674 0.3826834323650895 0
    outer loop
      vertex -0.4914222117603525 -0.70267581468762674 -0.17999999999999999
      vertex -0.4809326673973664 -0.72799981495186206 0
      vertex -0.4809326673973664 -0.72799981495186206 -0.17999999999999999
    endloop
  endfacet
  facet normal 0.79335334029123583 0.60876142900871955 -0
    outer loop
      vertex -0.4809326673973664 -0.72799981495186206 -0.17999999999999999
      vertex -0.4809326673973664 -0.72799981495186206 0
      vertex -0.46424621202458788 -0.74974602697644954 0
    endloop
  endfacet
  facet normal 0.79335334029123583 0.60876142900871955 0
    outer loop
      vertex -0.4809326673973664 -0.72799981495186206 -0.17999999999999999
      vertex -0.46424621202458788 -0.74974602697644954 0
      vertex -0.46424621202458788 -0.74974602697644954 -0.17999999999999999
    endloop
  endfacet
  facet normal 0.60876142900872088 0.79335334029123494 -0
    outer loop
      vertex -0.46424621202458788 -0.74974602697644954 -0.17999999999999999
      vertex -0.46424621202458788 -0.74974602697644954 0
      vertex -0.44250000000000039 -0.76643248234922812 0
    endloop
  endfacet
  facet normal 0.60876142900872088 0.79335334029123494 0
    outer loop
      vertex -0.46424621202458788 -0.74974602697644954 -0.17999999999999999
      vertex -0.44250000000000039 -0.76643248234922812 0
      vertex -0.44250000000000039 -0.76643248234922812 -0.17999999999999999
    endloop
  endfacet
  facet normal 0.38268343236508878 0.92387953251128707 -0
    outer loop
      vertex -0.44250000000000039 -0.76643248234922812 -0.17999999999999999
      vertex -0.44250000000000039 -0.76643248234922812 0
      vertex -0.41717599973576502 -0.77692202671221422 0
    endloop
  endfacet
  facet normal 0.38268343236508878 0.92387953251128707 0
    outer loop
      vertex -0.44250000000000039 -0.76643248234922812 -0.17999999999999999
      vertex -0.41717599973576502 -0.77692202671221422 0
      vertex -0.41717599973576502 -0.77692202671221422 -0.17999999999999999
    endloop
  endfacet
  facet normal 0.13052619222005152 0.99144486137381049 -0
    outer loop
      vertex -0.41717599973576502 -0.77692202671221422 -0.17999999999999999
      vertex -0.41717599973576502 -0.77692202671221422 0
      vertex -0.39000000000000035 -0.78049981495186205 0
    endloop
  endfacet
  facet normal 0.13052619222005152 0.99144486137381049 0
    outer loop
      vertex -0.41717599973576502 -0.77692202671221422 -0.17999999999999999
      vertex -0.39000000000000035 -0.78049981495186205 0
      vertex -0.39000000000000035 -0.78049981495186205 -0.17999999999999999
    endloop
  endfacet
  facet normal -0.1305261922200518 0.99144486137381038 0
    outer loop
      vertex -0.39000000000000035 -0.78049981495186205 -0.17999999999999999
      vertex -0.39000000000000035 -0.78049981495186205 0
      vertex -0.36282400026423572 -0.77692202671221422 0
    endloop
  endfacet
  facet normal -0.1305261922200518 0.99144486137381038 0
    outer loop
      vertex -0.39000000000000035 -0.78049981495186205 -0.17999999999999999
      vertex -0.36282400026423572 -0.77692202671221422 0
      vertex -0.36282400026423572 -0.77692202671221422 -0.17999999999999999
    endloop
  endfacet
  facet normal -0.38268343236508878 0.92387953251128707 0
    outer loop
      vertex -0.36282400026423572 -0.77692202671221422 -0.17999999999999999
      vertex -0.36282400026423572 -0.77692202671221422 0
      vertex -0.33750000000000036 -0.76643248234922812 0
    endloop
  endfacet
  facet normal -0.38268343236508878 0.92387953251128707 0
    outer loop
      vertex -0.36282400026423572 -0.77692202671221422 -0.17999999999999999
      vertex -0.33750000000000036 -0.76643248234922812 0
      vertex -0.33750000000000036 -0.76643248234922812 -0.17999999999999999
    endloop
  endfacet
  facet normal -0.60876142900872088 0.79335334029123494 0
    outer loop
      vertex -0.33750000000000036 -0.76643248234922812 -0.17999999999999999
      vertex -0.33750000000000036 -0.76643248234922812 0
      vertex -0.31575378797541287 -0.74974602697644954 0
    endloop
  endfacet
  facet normal -0.60876142900872088 0.79335334029123494 0
    outer loop
      vertex -0.33750000000000036 -0.76643248234922812 -0.17999999999999999
      vertex -0.31575378797541287 -0.74974602697644954 0
      vertex -0.31575378797541287 -0.74974602697644954 -0.17999999999999999
    endloop
  endfacet
  facet normal -0.79335334029123494 0.60876142900872088 0
    outer loop
      vertex -0.31575378797541287 -0.74974602697644954 -0.17999999999999999
      vertex -0.31575378797541287 -0.74974602697644954 0
      vertex -0.29906733260263429 -0.72799981495186206 0
    endloop
  endfacet
  facet normal -0.79335334029123494 0.60876142900872088 0
    outer loop
      vertex -0.31575378797541287 -0.74974602697644954 -0.17999999999999999
      vertex -0.29906733260263429 -0.72799981495186206 0
      vertex -0.29906733260263429 -0.72799981495186206 -0.17999999999999999
    endloop
  endfacet
  facet normal -0.92387953251128629 0.382683432365091 0
    outer loop
      vertex -0.29906733260263429 -0.72799981495186206 -0.17999999999999999
      vertex -0.29906733260263429 -0.72799981495186206 0
      vertex -0.28857778823964819 -0.70267581468762685 0
    endloop
  endfacet
  facet normal -0.92387953251128629 0.382683432365091 0
    outer loop
      vertex -0.29906733260263429 -0.72799981495186206 -0.17999999999999999
      vertex -0.28857778823964819 -0.70267581468762685 0
      vertex -0.28857778823964819 -0.70267581468762685 -0.17999999999999999
    endloop
  endfacet
  facet normal -0.99144486137381049 0.13052619222005099 0
    outer loop
      vertex -0.28857778823964819 -0.70267581468762685 -0.17999999999999999
      vertex -0.28857778823964819 -0.70267581468762685 0
      vertex -0.28500000000000036 -0.67549981495186207 0
    endloop
  endfacet
  facet normal -0.99144486137381049 0.13052619222005099 0
    outer loop
      vertex -0.28857778823964819 -0.70267581468762685 -0.17999999999999999
      vertex -0.28500000000000036 -0.67549981495186207 0
      vertex -0.28500000000000036 -0.67549981495186207 -0.17999999999999999
    endloop
  endfacet
  facet normal -0.99144486137381049 -0.13052619222005152 0
    outer loop
      vertex 0.49500000000000011 -0.67549981495186218 -0.17999999999999999
      vertex 0.49500000000000011 -0.67549981495186218 0
      vertex 0.49142221176035228 -0.6483238152160975 0
    endloop
  endfacet
  facet normal -0.99144486137381049 -0.13052619222005152 0
    outer loop
      vertex 0.49500000000000011 -0.67549981495186218 -0.17999999999999999
      vertex 0.49142221176035228 -0.6483238152160975 0
      vertex 0.49142221176035228 -0.6483238152160975 -0.17999999999999999
    endloop
  endfacet
  facet normal -0.92387953251128674 -0.3826834323650895 0
    outer loop
      vertex 0.49142221176035228 -0.6483238152160975 -0.17999999999999999
      vertex 0.49142221176035228 -0.6483238152160975 0
      vertex 0.48093266739736618 -0.62299981495186219 0
    endloop
  endfacet
  facet normal -0.92387953251128674 -0.3826834323650895 0
    outer loop
      vertex 0.49142221176035228 -0.6483238152160975 -0.17999999999999999
      vertex 0.48093266739736618 -0.62299981495186219 0
      vertex 0.48093266739736618 -0.62299981495186219 -0.17999999999999999
    endloop
  endfacet
  facet normal -0.79335334029123494 -0.60876142900872088 0
    outer loop
      vertex 0.48093266739736618 -0.62299981495186219 -0.17999999999999999
      vertex 0.48093266739736618 -0.62299981495186219 0
      vertex 0.4642462120245876 -0.6012536029272747 0
    endloop
  endfacet
  facet normal -0.79335334029123494 -0.60876142900872088 0
    outer loop
      vertex 0.48093266739736618 -0.62299981495186219 -0.17999999999999999
      vertex 0.4642462120245876 -0.6012536029272747 0
      vertex 0.4642462120245876 -0.6012536029272747 -0.17999999999999999
    endloop
  endfacet
  facet normal -0.60876142900872088 -0.79335334029123494 0
    outer loop
      vertex 0.4642462120245876 -0.6012536029272747 -0.17999999999999999
      vertex 0.4642462120245876 -0.6012536029272747 0
      vertex 0.44250000000000012 -0.58456714755449612 0
    endloop
  endfacet
  facet normal -0.60876142900872088 -0.79335334029123494 0
    outer loop
      vertex 0.4642462120245876 -0.6012536029272747 -0.17999999999999999
      vertex 0.44250000000000012 -0.58456714755449612 0
      vertex 0.44250000000000012 -0.58456714755449612 -0.17999999999999999
    endloop
  endfacet
  facet normal -0.3826834323650895 -0.92387953251128674 0
    outer loop
      vertex 0.44250000000000012 -0.58456714755449612 -0.17999999999999999
      vertex 0.44250000000000012 -0.58456714755449612 0
      vertex 0.4171759997357648 -0.57407760319151002 0
    endloop
  endfacet
  facet normal -0.3826834323650895 -0.92387953251128674 0
    outer loop
      vertex 0.44250000000000012 -0.58456714755449612 -0.17999999999999999
      vertex 0.4171759997357648 -0.57407760319151002 0
      vertex 0.4171759997357648 -0.57407760319151002 -0.17999999999999999
    endloop
  endfacet
  facet normal -0.13052619222005152 -0.99144486137381049 0
    outer loop
      vertex 0.4171759997357648 -0.57407760319151002 -0.17999999999999999
      vertex 0.4171759997357648 -0.57407760319151002 0
      vertex 0.39000000000000012 -0.57049981495186219 0
    endloop
  endfacet
  facet normal -0.13052619222005152 -0.99144486137381049 0
    outer loop
      vertex 0.4171759997357648 -0.57407760319151002 -0.17999999999999999
      vertex 0.39000000000000012 -0.57049981495186219 0
      vertex 0.39000000000000012 -0.57049981495186219 -0.17999999999999999
    endloop
  endfacet
  facet normal 0.13052619222005152 -0.99144486137381049 0
    outer loop
      vertex 0.39000000000000012 -0.57049981495186219 -0.17999999999999999
      vertex 0.39000000000000012 -0.57049981495186219 0
      vertex 0.36282400026423545 -0.57407760319151002 0
    endloop
  endfacet
  facet normal 0.13052619222005152 -0.99144486137381049 0
    outer loop
      vertex 0.39000000000000012 -0.57049981495186219 -0.17999999999999999
      vertex 0.36282400026423545 -0.57407760319151002 0
      vertex 0.36282400026423545 -0.57407760319151002 -0.17999999999999999
    endloop
  endfacet
  facet normal 0.3826834323650895 -0.92387953251128674 0
    outer loop
      vertex 0.36282400026423545 -0.57407760319151002 -0.17999999999999999
      vertex 0.36282400026423545 -0.57407760319151002 0
      vertex 0.33750000000000013 -0.58456714755449612 0
    endloop
  endfacet
  facet normal 0.3826834323650895 -0.92387953251128674 0
    outer loop
      vertex 0.36282400026423545 -0.57407760319151002 -0.17999999999999999
      vertex 0.33750000000000013 -0.58456714755449612 0
      vertex 0.33750000000000013 -0.58456714755449612 -0.17999999999999999
    endloop
  endfacet
  facet normal 0.60876142900872088 -0.79335334029123494 0
    outer loop
      vertex 0.33750000000000013 -0.58456714755449612 -0.17999999999999999
      vertex 0.33750000000000013 -0.58456714755449612 0
      vertex 0.31575378797541265 -0.6012536029272747 0
    endloop
  endfacet
  facet normal 0.60876142900872088 -0.79335334029123494 0
    outer loop
      vertex 0.33750000000000013 -0.58456714755449612 -0.17999999999999999
      vertex 0.31575378797541265 -0.6012536029272747 0
      vertex 0.31575378797541265 -0.6012536029272747 -0.17999999999999999
    endloop
  endfacet
  facet normal 0.79335334029123494 -0.60876142900872088 0
    outer loop
      vertex 0.31575378797541265 -0.6012536029272747 -0.17999999999999999
      vertex 0.31575378797541265 -0.6012536029272747 0
      vertex 0.29906733260263407 -0.62299981495186219 0
    endloop
  endfacet
  facet normal 0.79335334029123494 -0.60876142900872088 0
    outer loop
      vertex 0.31575378797541265 -0.6012536029272747 -0.17999999999999999
      vertex 0.29906733260263407 -0.62299981495186219 0
      vertex 0.29906733260263407 -0.62299981495186219 -0.17999999999999999
    endloop
  endfacet
  facet normal 0.92387953251128674 -0.3826834323650895 0
    outer loop
      vertex 0.29906733260263407 -0.62299981495186219 -0.17999999999999999
      vertex 0.29906733260263407 -0.62299981495186219 0
      vertex 0.28857778823964797 -0.6483238152160975 0
    endloop
  endfacet
  facet normal 0.92387953251128674 -0.3826834323650895 0
    outer loop
      vertex 0.29906733260263407 -0.62299981495186219 -0.17999999999999999
      vertex 0.28857778823964797 -0.6483238152160975 0
      vertex 0.28857778823964797 -0.6483238152160975 -0.17999999999999999
    endloop
  endfacet
  facet normal 0.99144486137381049 -0.13052619222005152 0
    outer loop
      vertex 0.28857778823964797 -0.6483238152160975 -0.17999999999999999
      vertex 0.28857778823964797 -0.6483238152160975 0
      vertex 0.28500000000000014 -0.67549981495186218 0
    endloop
  endfacet
  facet normal 0.99144486137381049 -0.13052619222005152 0
    outer loop
      vertex 0.28857778823964797 -0.6483238152160975 -0.17999999999999999
      vertex 0.28500000000000014 -0.67549981495186218 0
      vertex 0.28500000000000014 -0.67549981495186218 -0.17999999999999999
    endloop
  endfacet
  facet normal 0.99144486137381049 0.13052619222005152 -0
    outer loop
      vertex 0.28500000000000014 -0.67549981495186218 -0.17999999999999999
      vertex 0.28500000000000014 -0.67549981495186218 0
      vertex 0.28857778823964797 -0.70267581468762685 0
    endloop
  endfacet
  facet normal 0.99144486137381049 0.13052619222005152 0
    outer loop
      vertex 0.28500000000000014 -0.67549981495186218 -0.17999999999999999
      vertex 0.28857778823964797 -0.70267581468762685 0
      vertex 0.28857778823964797 -0.70267581468762685 -0.17999999999999999
    endloop
  endfacet
  facet normal 0.92387953251128674 0.3826834323650895 -0
    outer loop
      vertex 0.28857778823964797 -0.70267581468762685 -0.17999999999999999
      vertex 0.28857778823964797 -0.70267581468762685 0
      vertex 0.29906733260263407 -0.72799981495186217 0
    endloop
  endfacet
  facet normal 0.92387953251128674 0.3826834323650895 0
    outer loop
      vertex 0.28857778823964797 -0.70267581468762685 -0.17999999999999999
      vertex 0.29906733260263407 -0.72799981495186217 0
      vertex 0.29906733260263407 -0.72799981495186217 -0.17999999999999999
    endloop
  endfacet
  facet normal 0.79335334029123583 0.60876142900871955 -0
    outer loop
      vertex 0.29906733260263407 -0.72799981495186217 -0.17999999999999999
      vertex 0.29906733260263407 -0.72799981495186217 0
      vertex 0.31575378797541259 -0.74974602697644965 0
    endloop
  endfacet
  facet normal 0.79335334029123583 0.60876142900871955 0
    outer loop
      vertex 0.29906733260263407 -0.72799981495186217 -0.17999999999999999
      vertex 0.31575378797541259 -0.74974602697644965 0
      vertex 0.31575378797541259 -0.74974602697644965 -0.17999999999999999
    endloop
  endfacet
  facet normal 0.60876142900872088 0.79335334029123494 -0
    outer loop
      vertex 0.31575378797541259 -0.74974602697644965 -0.17999999999999999
      vertex 0.31575378797541259 -0.74974602697644965 0
      vertex 0.33750000000000008 -0.76643248234922823 0
    endloop
  endfacet
  facet normal 0.60876142900872088 0.79335334029123494 0
    outer loop
      vertex 0.31575378797541259 -0.74974602697644965 -0.17999999999999999
      vertex 0.33750000000000008 -0.76643248234922823 0
      vertex 0.33750000000000008 -0.76643248234922823 -0.17999999999999999
    endloop
  endfacet
  facet normal 0.38268343236508878 0.92387953251128707 -0
    outer loop
      vertex 0.33750000000000008 -0.76643248234922823 -0.17999999999999999
      vertex 0.33750000000000008 -0.76643248234922823 0
      vertex 0.36282400026423545 -0.77692202671221433 0
    endloop
  endfacet
  facet normal 0.38268343236508878 0.92387953251128707 0
    outer loop
      vertex 0.33750000000000008 -0.76643248234922823 -0.17999999999999999
      vertex 0.36282400026423545 -0.77692202671221433 0
      vertex 0.36282400026423545 -0.77692202671221433 -0.17999999999999999
    endloop
  endfacet
  facet normal 0.13052619222005152 0.99144486137381049 -0
    outer loop
      vertex 0.36282400026423545 -0.77692202671221433 -0.17999999999999999
      vertex 0.36282400026423545 -0.77692202671221433 0
      vertex 0.39000000000000012 -0.78049981495186216 0
    endloop
  endfacet
  facet normal 0.13052619222005152 0.99144486137381049 0
    outer loop
      vertex 0.36282400026423545 -0.77692202671221433 -0.17999999999999999
      vertex 0.39000000000000012 -0.78049981495186216 0
      vertex 0.39000000000000012 -0.78049981495186216 -0.17999999999999999
    endloop
  endfacet
  facet normal -0.1305261922200518 0.99144486137381038 0
    outer loop
      vertex 0.39000000000000012 -0.78049981495186216 -0.17999999999999999
      vertex 0.39000000000000012 -0.78049981495186216 0
      vertex 0.41717599973576475 -0.77692202671221433 0
    endloop
  endfacet
  facet normal -0.1305261922200518 0.99144486137381038 0
    outer loop
      vertex 0.39000000000000012 -0.78049981495186216 -0.17999999999999999
      vertex 0.41717599973576475 -0.77692202671221433 0
      vertex 0.41717599973576475 -0.77692202671221433 -0.17999999999999999
    endloop
  endfacet
  facet normal -0.38268343236508878 0.92387953251128707 0
    outer loop
      vertex 0.41717599973576475 -0.77692202671221433 -0.17999999999999999
      vertex 0.41717599973576475 -0.77692202671221433 0
      vertex 0.44250000000000012 -0.76643248234922823 0
    endloop
  endfacet
  facet normal -0.38268343236508878 0.92387953251128707 0
    outer loop
      vertex 0.41717599973576475 -0.77692202671221433 -0.17999999999999999
      vertex 0.44250000000000012 -0.76643248234922823 0
      vertex 0.44250000000000012 -0.76643248234922823 -0.17999999999999999
    endloop
  endfacet
  facet normal -0.60876142900872088 0.79335334029123494 0
    outer loop
      vertex 0.44250000000000012 -0.76643248234922823 -0.17999999999999999
      vertex 0.44250000000000012 -0.76643248234922823 0
      vertex 0.4642462120245876 -0.74974602697644965 0
    endloop
  endfacet
  facet normal -0.60876142900872088 0.79335334029123494 0
    outer loop
      vertex 0.44250000000000012 -0.76643248234922823 -0.17999999999999999
      vertex 0.4642462120245876 -0.74974602697644965 0
      vertex 0.4642462120245876 -0.74974602697644965 -0.17999999999999999
    endloop
  endfacet
  facet normal -0.7933533402912335 0.60876142900872288 0
    outer loop
      vertex 0.4642462120245876 -0.74974602697644965 -0.17999999999999999
      vertex 0.4642462120245876 -0.74974602697644965 0
      vertex 0.48093266739736618 -0.72799981495186228 0
    endloop
  endfacet
  facet normal -0.7933533402912335 0.60876142900872288 0
    outer loop
      vertex 0.4642462120245876 -0.74974602697644965 -0.17999999999999999
      vertex 0.48093266739736618 -0.72799981495186228 0
      vertex 0.48093266739736618 -0.72799981495186228 -0.17999999999999999
    endloop
  endfacet
  facet normal -0.92387953251128674 0.3826834323650895 0
    outer loop
      vertex 0.48093266739736618 -0.72799981495186228 -0.17999999999999999
      vertex 0.48093266739736618 -0.72799981495186228 0
      vertex 0.49142221176035228 -0.70267581468762697 0
    endloop
  endfacet
  facet normal -0.92387953251128674 0.3826834323650895 0
    outer loop
      vertex 0.48093266739736618 -0.72799981495186228 -0.17999999999999999
      vertex 0.49142221176035228 -0.70267581468762697 0
      vertex 0.49142221176035228 -0.70267581468762697 -0.17999999999999999
    endloop
  endfacet
  facet normal -0.99144486137381049 0.13052619222005099 0
    outer loop
      vertex 0.49142221176035228 -0.70267581468762697 -0.17999999999999999
      vertex 0.49142221176035228 -0.70267581468762697 0
      vertex 0.49500000000000011 -0.67549981495186218 0
    endloop
  endfacet
  facet normal -0.99144486137381049 0.13052619222005099 0
    outer loop
      vertex 0.49142221176035228 -0.70267581468762697 -0.17999999999999999
      vertex 0.49500000000000011 -0.67549981495186218 0
      vertex 0.49500000000000011 -0.67549981495186218 -0.17999999999999999
    endloop
  endfacet
endsolid line_r_0_5_w_1e_03
